year,strategy,benchmark
2023,0.121355,0.139682
2024,0.047231,0.094339
2025,0.357158,0.470402
