{
  "total_return": 0.8338835422324731,
  "ann_return": 0.23393575057070093,
  "sharpe": 0.9489314927178113,
  "max_drawdown": -0.30713927553596665,
  "monthly_win_rate": 0.6111111111111112,
  "n_days": 727
}