factor,direction,weight,mean_ic,IR,ic_pos_rate
ret_1m_cs,1,0.138590,0.053284,0.635893,0.705882
low_vol_cs,1,0.193181,0.090015,0.886377,0.823529
ivol_cs,1,0.217100,0.094351,0.996122,0.852941
turn_20d_cs,1,0.234284,0.098692,1.074971,0.852941
oi_spread_cs,1,0.216845,0.058346,0.994954,0.852941
