{
  "level2": {
    "n_predictions": 954,
    "n_days": 18,
    "monotonic": true,
    "mae": 1.4046269563282572,
    "rmse": 1.9443886271609168,
    "r2": -0.2686947858161688,
    "vol_only_mae": 1.0918731380919573,
    "improvement_pct": -28.643787206161658,
    "quintile_means": [
      0.3581739967935981,
      0.4423560459223875,
      0.792570376248131,
      1.1905637595765015,
      2.561890753798782
    ]
  }
}