{
  "level1": {
    "n_days": 18,
    "M0_r2_mean": -0.5984762329293912,
    "M1_r2_mean": -0.6304819144838683,
    "r2_improvement": -0.03200568155447703,
    "dos_coef_mean": 0.5991314154467874,
    "dos_t_mean": 2.676381879415885,
    "dos_nw_t": 19.929941485363745,
    "pass": false
  }
}