{
  "baseline": {
    "model": "baseline",
    "auc": 0.5325614945431896,
    "win_rate": 0.4864444444444445,
    "avg_ret": -0.00034619161242236616,
    "avg_gap": -0.4046629452104199,
    "sharpe": -0.018554346274806753,
    "n_days": 225
  },
  "enhanced": {
    "model": "enhanced",
    "auc": 0.5315641777464298,
    "win_rate": 0.49,
    "avg_ret": -0.00013222289996762571,
    "avg_gap": -0.38902854107807416,
    "sharpe": -0.007170960240670507,
    "n_days": 225
  },
  "improvement": {
    "auc": -0.0009973167967597396,
    "win_rate": 0.0035555555555554785,
    "avg_ret": 0.00021396871245474045,
    "sharpe": 0.011383386034136246
  },
  "new_features": [
    "dos_x_mf",
    "total_sentiment",
    "dos_x_mom",
    "dos",
    "pred_gap"
  ]
}