{
  "baseline": {
    "name": "无风控（基线）",
    "n_days": 79,
    "avg_return": 0.0007056099630444443,
    "avg_open": -0.2666120783812719,
    "win_rate": 0.43670886075949367,
    "gap_down_rate": 0.24556962025316453,
    "big_gap_down_rate": 0.05189873417721518,
    "sharpe": 0.02428368055888005,
    "max_drawdown": -0.28390356432426395,
    "total_return": 0.022935427167277478,
    "daily_returns": [
      0.02446402482256218,
      0.020066136021030054,
      0.022056567553923972,
      0.01202846858593696,
      -0.0044750611728947304,
      0.04061237537107339,
      -0.01684027120953486,
      -0.001744514403781669,
      -0.06452803373080304,
      0.036250037638573734,
      -0.0448793604544737,
      -0.01356231541215481,
      0.03446311809111602,
      0.0023282504652743044,
      -0.025870355796866244,
      0.014869737892687997,
      -0.026962553443234717,
      0.04240828491880346,
      -0.01478467774546891,
      0.01693188130930403,
      0.008753388711395405,
      -0.00048399419518466,
      -0.009560069016315096,
      0.03937427111799279,
      -0.00902242734163591,
      0.0039159359271299385,
      0.017707300072327476,
      0.035466729926973285,
      -0.01544043220109333,
      -0.02275391900165615,
      -0.020909166636293736,
      -0.06833865675974801,
      0.011507019024814779,
      0.007948045964498088,
      0.006662486438255564,
      -0.04686930243920891,
      0.003743360305812026,
      -0.014421390393944768,
      0.054655965703411934,
      -0.039409988523025775,
      0.01344000523447059,
      -0.03028238709855117,
      -0.018026415078595766,
      -0.06697733099171874,
      -0.04420529413473251,
      0.002528459403814388,
      0.0010423898116245852,
      0.005084029241822082,
      -0.020804087439509934,
      -0.020902987868653692,
      0.03727554016637742,
      -0.005072187885931016,
      -0.00937526723224238,
      -0.021869952516656004,
      0.00913873739148773,
      0.017216740956573003,
      0.0044887924966961,
      -0.012392143246886885,
      0.039684475155967375,
      -0.027265072137501754,
      0.03347534028891152,
      0.015617664181395064,
      0.03044466313869295,
      0.031560891583120865,
      -0.022747450222532037,
      0.01011423105546105,
      -0.006589838488597054,
      0.05853002765309491,
      0.0077955387673708494,
      -0.037684301241356036,
      0.07121551491874048,
      0.007665704532457233,
      0.028935152403460153,
      -0.020198308475510608,
      0.0028051929279836745,
      0.028868558527946137,
      0.004682925458199859,
      -0.05497988514087585,
      0.018148624999116132
    ]
  },
  "hist_vol": {
    "name": "历史波动风控（剔高hist_vol5）",
    "n_days": 79,
    "avg_return": -0.002215354140237127,
    "avg_open": -0.0736341951007721,
    "win_rate": 0.43924050632911393,
    "gap_down_rate": 0.07974683544303798,
    "big_gap_down_rate": 0.00569620253164557,
    "sharpe": -0.10704699682067284,
    "max_drawdown": -0.2747342385326093,
    "total_return": -0.17476861944999078,
    "daily_returns": [
      0.010959612558260856,
      0.021640372821112305,
      0.01177343847661665,
      0.03182883907199511,
      -0.021007087921572985,
      0.03995148034012664,
      -0.033063600969913634,
      -0.009093117421090506,
      -0.03740949873626195,
      -0.020826376306155456,
      -0.05520950405608603,
      0.01450806049441337,
      0.022903975883659465,
      0.007314551342801361,
      -0.024683771864292107,
      0.0012383906761816894,
      -0.021414834281575514,
      0.00684567955146856,
      0.007174336176348379,
      0.015150604941219687,
      0.021144427037702872,
      0.0008730675756034104,
      -0.021616033808094633,
      -0.0011560088519038294,
      -0.005024120907657435,
      -0.008405551203969542,
      -0.0010524853413742049,
      0.007289112994951999,
      -0.0002314663870175362,
      -0.021072554063759213,
      0.0002940949529091394,
      -0.06334244838247315,
      -0.00785406993213152,
      -0.005273206182661047,
      0.0015568863065785292,
      -0.0363435339421876,
      0.007934200699767743,
      0.004914388097808949,
      0.03876507179843751,
      -0.011166470771397537,
      0.014800826564912477,
      -0.022023156533966474,
      -0.03616780517739403,
      -0.040416632587785536,
      0.011783415681166358,
      0.017716360795068962,
      0.003306670640081955,
      -0.006527039714117401,
      -0.024724904477239615,
      0.0019831659016785607,
      0.03750241636502033,
      0.000250790839119195,
      -0.01642834891105931,
      0.00442468116560048,
      -0.001797383090404935,
      0.0027866339425066757,
      -0.011572799992685795,
      -0.00480666791263269,
      0.00782634403200062,
      -0.00821936269190244,
      -0.0067706020055305766,
      0.016850859329254377,
      0.0009609081134763903,
      0.024808636469102138,
      -0.01256051904585607,
      0.024546599921425286,
      -0.021657640573637643,
      -0.000887824270641205,
      0.0022029993034853052,
      -0.038202997819606156,
      0.03310576287357121,
      -0.005503623994973171,
      0.02112685978087154,
      -0.015558522672951578,
      0.008562622498476249,
      0.0174400690902689,
      0.00600871391487161,
      -0.021158567262999643,
      -0.006838766031696189
    ]
  },
  "dos_only": {
    "name": "DOS风控（剔高DOS）",
    "n_days": 79,
    "avg_return": 0.0007056099630444443,
    "avg_open": -0.2666120783812719,
    "win_rate": 0.43670886075949367,
    "gap_down_rate": 0.24556962025316453,
    "big_gap_down_rate": 0.05189873417721518,
    "sharpe": 0.02428368055888005,
    "max_drawdown": -0.28390356432426395,
    "total_return": 0.022935427167277478,
    "daily_returns": [
      0.02446402482256218,
      0.020066136021030054,
      0.022056567553923972,
      0.01202846858593696,
      -0.0044750611728947304,
      0.04061237537107339,
      -0.01684027120953486,
      -0.001744514403781669,
      -0.06452803373080304,
      0.036250037638573734,
      -0.0448793604544737,
      -0.01356231541215481,
      0.03446311809111602,
      0.0023282504652743044,
      -0.025870355796866244,
      0.014869737892687997,
      -0.026962553443234717,
      0.04240828491880346,
      -0.01478467774546891,
      0.01693188130930403,
      0.008753388711395405,
      -0.00048399419518466,
      -0.009560069016315096,
      0.03937427111799279,
      -0.00902242734163591,
      0.0039159359271299385,
      0.017707300072327476,
      0.035466729926973285,
      -0.01544043220109333,
      -0.02275391900165615,
      -0.020909166636293736,
      -0.06833865675974801,
      0.011507019024814779,
      0.007948045964498088,
      0.006662486438255564,
      -0.04686930243920891,
      0.003743360305812026,
      -0.014421390393944768,
      0.054655965703411934,
      -0.039409988523025775,
      0.01344000523447059,
      -0.03028238709855117,
      -0.018026415078595766,
      -0.06697733099171874,
      -0.04420529413473251,
      0.002528459403814388,
      0.0010423898116245852,
      0.005084029241822082,
      -0.020804087439509934,
      -0.020902987868653692,
      0.03727554016637742,
      -0.005072187885931016,
      -0.00937526723224238,
      -0.021869952516656004,
      0.00913873739148773,
      0.017216740956573003,
      0.0044887924966961,
      -0.012392143246886885,
      0.039684475155967375,
      -0.027265072137501754,
      0.03347534028891152,
      0.015617664181395064,
      0.03044466313869295,
      0.031560891583120865,
      -0.022747450222532037,
      0.01011423105546105,
      -0.006589838488597054,
      0.05853002765309491,
      0.0077955387673708494,
      -0.037684301241356036,
      0.07121551491874048,
      0.007665704532457233,
      0.028935152403460153,
      -0.020198308475510608,
      0.0028051929279836745,
      0.028868558527946137,
      0.004682925458199859,
      -0.05497988514087585,
      0.018148624999116132
    ]
  },
  "combo": {
    "name": "组合风控（hist_vol5 + DOS）",
    "n_days": 79,