trade_date,nav_b0,nav_b1,nav_bh,equity_b0,equity_b1,cash_b0,cash_b1,etf_val_b0,etf_val_b1
20221230,1.0,1.0,1.0,2200000.0,2200000.0,2200000.0,2200000.0,0.0,0.0
20230103,1.012218400410441,1.012218400410441,1.023041192959435,2226880.4809029703,2226880.4809029703,1037184.4809029704,1037184.4809029704,1189696.0,1189696.0
20230104,1.0121330080988138,1.012196917423924,1.0230411933886052,2226692.6178173902,2226833.218332633,567528.21781739,808941.2183326328,1659164.4000000001,1417892.0
20230105,1.018764117934382,1.0190141240812618,1.033814193817811,2241281.0594556406,2241831.072978776,893701.9594556405,809008.072978776,1347579.1,1432823.0
20230106,1.0192073782813773,1.0197337627083711,1.035410194247052,2242256.23221903,2243414.2779584164,1395767.2322190301,1105247.2779584166,846489.0000000001,1138167.0
20230109,1.0198402878590718,1.0205557757462278,1.0401981946763286,2243648.633289958,2245222.706641701,2243648.633289958,2245222.706641701,0.0,0.0
20230110,1.0199245721803825,1.0206401191987688,1.0417941951056406,2243834.058796841,2245408.2622372913,2243834.058796841,2245408.2622372913,0.0,0.0
20230111,1.0200088634673394,1.0207244696218432,1.0342131955349882,2244019.4996281466,2245593.833168055,2244019.4996281466,2245593.833168055,0.0,0.0
20230112,1.0201113394796142,1.0208179270475741,1.0342131959643712,2244244.946855151,2245799.439504663,2032996.946855151,2140045.839504663,211248.0,105753.6
20230113,1.0209827718832252,1.0214206798997874,1.04059719639379,2246162.0981430956,2247125.495779532,1947546.0981430956,2044744.695779532,298616.0,202380.80000000002
20230116,1.022179515329416,1.0224851286111238,1.0517691968232439,2248794.933724715,2249467.2829444725,2018408.5337247148,2044913.6829444724,230386.40000000002,204553.6
20230117,1.0219637840246591,1.022360870640028,1.0505721972527333,2248320.32485425,2249193.915408062,1798077.3248542498,1923228.515408062,450243.0,325965.4
20230118,1.0226558370881274,1.022883299960667,1.0537641976822583,2249842.84159388,2250343.2599134673,1764427.0415938804,1923387.4599134675,485415.8,326955.8
20230119,1.0264160630503893,1.025681054503479,1.066133198111819,2258115.3387108566,2256498.3199076536,1560723.3387108564,1742405.5199076536,697392.0,514092.80000000005
20230120,1.0270683248623202,1.027126892350607,1.076108198541415,2259550.3146971045,2259679.163171335,2116069.9146971046,1931184.5631713353,143480.4,328494.60000000003
20230130,1.027672116987488,1.0282077696022693,1.0804971989710466,2260878.6573724737,2262057.0931249927,2208072.6573724737,2073309.4931249926,52806.0,188747.6
20230131,1.0285895123201416,1.028864294727675,1.0840881994007134,2262896.9271043115,2263501.448400885,1602122.5271043114,1837747.5484008847,660774.4,425753.9
20230201,1.0372509493325557,1.034706339863667,1.1016441998304163,2281952.0885316227,2276353.947700067,1034532.2885316228,1437009.947700067,1247419.8,839344.0
20230202,1.0380266557793325,1.0352509513935866,1.1032402002601542,2283658.6427145316,2277552.0930658905,191659.6427145317,818461.5930658905,2091999.0,1459090.5
20230203,1.036360827026594,1.0345621065999377,1.1020432006899277,2279993.819458507,2276036.634519863,946776.4194585071,818529.2345198629,1333217.4,1457507.4
20230206,1.0347865592319214,1.032934369745952,1.0996492011197367,2276530.430310227,2272455.6134410948,1195076.0303102268,1004144.413441095,1081454.4,1268311.2
20230207,1.0359001348744568,1.03440131694763,1.1028412015495812,2278980.296723805,2275682.897284786,1718993.896723805,1361351.6972847865,559986.3999999999,914331.2
20230208,1.0322940012905395,1.031595548040691,1.0952602019794613,2271046.802839187,2269510.2056895206,1201869.3028391872,1361464.2056895208,1069177.5,908046.0
20230209,1.041927587321986,1.039916692451123,1.1172052024093773,2292240.692108369,2287816.7233924703,1215920.692108369,1361576.7233924703,1076320.0,926239.9999999999
20230210,1.0395905481334293,1.0378627501792745,1.1116192028393281,2287099.2058935445,2283298.0503944037,1255722.0058935443,1361689.2503944035,1031377.2000000001,921608.8
20230213,1.0394616194242976,1.0398886116264991,1.1219932032693147,2286815.5627334546,2287754.945578298,1964841.5627334549,1663209.745578298,321974.0,624545.2
20230214,1.0400535725780258,1.0406009105511844,1.1243872036993372,2288117.8596716565,2289322.0032126056,1424682.6596716566,1547624.4032126055,863435.2000000001,741697.6
20230215,1.040040663892867,1.0405677861220994,1.1239882041293952,2288089.4605643074,2289249.129468619,1973148.8605643075,1761343.3294686186,314940.60000000003,527905.8
20230216,1.0337357842502155,1.0353579102107693,1.1040382045594885,2274218.725350474,2277787.4024636922,1521041.325350474,1641654.1024636924,753177.4,636133.2999999999
20230217,1.033526371037109,1.0351944502440067,1.0940632049896173,2273758.0162816397,2277427.790536815,2273758.0162816397,2277427.790536815,0.0,0.0
20230220,1.033611786439674,1.0352800035043574,1.1068312054197817,2273945.930167283,2277616.0077095865,2273945.930167283,2277616.0077095865,0.0,0.0
20230221,1.0336972089013634,1.0353655638352257,1.1120182058499817,2274133.8595829993,2277804.2404374965,2274133.8595829993,2277804.2404374965,0.0,0.0
20230222,1.03378263842276,1.0354511312371957,1.1152102062802174,2274321.804530072,2277992.4887218303,2274321.804530072,2277992.4887218303,0.0,0.0
20230223,1.0337094924043104,1.0355367057108515,1.1100232067104885,2274160.883289483,2278180.7525638733,2202941.6832894827,2278180.7525638733,71219.2,0.0
20230224,1.033612479134619,1.035622287256778,1.1060332071407948,2273947.4540961618,2278369.0319649116,2162790.2540961616,2278369.0319649116,111157.2,0.0
20230227,1.033210009111232,1.0355605499944462,1.0988512075711372,2273062.0200447105,2278233.209987782,2038696.6200447106,2160912.809987782,234365.4,117320.4
20230228,1.033242135494804,1.03561947078,1.1076292080015149,2273132.698088569,2278362.835716,2273132.698088569,2278362.835716,0.0,0.0
20230301,1.0333275274068285,1.0357050591660146,1.1156092084319282,2273320.5602950226,2278551.1301652323,2273320.5602950226,2278551.1301652323,0.0,0.0
20230302,1.0334129263760357,1.0357906546254498,1.1104222088623772,2273508.4380272785,2278739.4401759896,2273508.4380272785,2278739.4401759896,0.0,0.0
20230303,1.0331676694075553,1.0357106701256182,1.1088262092928616,2272968.872696622,2278563.47427636,1913366.272696622,2098484.27427636,359602.6,180079.19999999998
20230306,1.032994949451008,1.0356670137281363,1.1124172097233818,2272588.8887922177,2278467.4302018997,2272588.8887922177,2278467.4302018997,0.0,0.0
20230307,1.0330803209344337,1.0357526060433204,1.0924672101539374,2272776.7060557543,2278655.7332953047,2272776.7060557543,2278655.7332953047,0.0,0.0
20230308,1.033165699473354,1.0358382054322495,1.0956592105845286,2272964.538841379,2278844.051950949,2272964.538841379,2278844.051950949,0.0,0.0
20230309,1.0336121339684077,1.0361047045123277,1.0984522110151556,2273946.694730497,2279430.349927121,1868980.3947304972,2076534.249927121,404966.3,202896.1
20230310,1.0291944646164877,1.033486337578439,1.0824922114458178,2264227.822156273,2273669.942672566,1458195.522156273,1769323.2426725659,806032.3,504346.7
20230313,1.0305217201894712,1.034651303515429,1.0876792118765157,2267147.7844168367,2276232.8677339437,1601185.9844168369,1769469.4677339438,665961.8,506763.4
20230314,1.0281967438034505,1.0326052749454717,1.0777042123072498,2262032.8363675913,2271731.6048800377,1695633.136367591,1769615.7048800376,566399.7000000001,502115.9
20230315,1.029432412495904,1.0337702518690208,1.0828912127380188,2264751.3074909886,2274294.554111846,1883705.7074909888,1769761.954111846,381045.6,504532.6
20230316,1.0235995909155053,1.0290820257859585,1.0665322131688235,2251919.100014112,2263980.456729109,1348177.8000141117,1559644.956729109,903741.3,704335.5
20230317,1.0267102608286915,1.0316454701092874,1.0745122135996639,2258762.5738231214,2269620.034240432,1356338.273823121,1459296.3342404321,902424.3,810323.7000000001
20230320,1.0242777122057596,1.0296739008253197,1.07012321403054,2253410.966852671,2265282.5818157033,1027468.766852671,1246927.1818157034,1225942.2,1018355.4
20230321,1.0297388153001827,1.0355888334767778,1.0836892144614518,2265425.393660402,2278295.4336489113,1295541.7936604016,1247030.2336489114,969883.6000000001,1031265.2000000001
20230322,1.0319788569782975,1.0377106566143632,1.0880782148923986,2270353.4853522545,2282963.444551599,846859.4853522545,1051995.6445515992,1423494.0,1230967.8
20230323,1.0331227693312384,1.03935292677139,1.0920682153233816,2272870.0925287246,2286576.438897058,1525669.0925287246,1293866.538897058,747201.0,992709.9
20230324,1.033372457279717,1.039659966694989,1.0928662157543998,2273419.406015377,2287251.926728976,1682617.106015377,1494311.4267289757,590802.2999999999,792940.5
20230327,1.0333235917292953,1.0395656819900247,1.094462216185454,2273311.90180445,2287044.5003780546,2273311.90180445,2287044.5003780546,0.0,0.0
20230328,1.0324679148382028,1.039178549206919,1.0884772166165442,2271429.412644046,2286192.8082552217,2066829.412644046,2183347.2082552216,204600.00000000003,102845.6
20230329,1.032745281274461,1.0393609630890446,1.0844872170476691,2272039.6188038145,2286594.1187958983,2272039.6188038145,2286594.1187958983,0.0,0.0
20230330,1.0328306321241534,1.0394468606893001,1.08528521747883,2272227.3906731373,2286783.09351646,2272227.3906731373,2286783.09351646,0.0,0.0
20230331,1.0329159900276346,1.0395327653885307,1.0940632179100267,2272415.178060796,2286972.0838547675,2272415.178060796,2286972.0838547675,0.0,0.0
20230403,1.0330013549854882,1.039618677187323,1.1088262183412587,2272602.980968074,2287161.0898121106,2272602.980968074,2287161.0898121106,0.0,0.0
20230404,1.0328298589054992,1.039704596086264,1.107230218772527,2272225.6895920984,2287350.111389781,2124595.6895920984,2287350.111389781,147630.0,0.0
20230406,1.03367128093969,1.0402267962638654,1.1108212192038303,2274076.818067318,2288498.9517805036,1877078.418067318,2088886.1517805038,396998.39999999997,199612.8
20230407,1.0363705404704762,1.0419906913685313,1.1203972196351695,2280015.189035048,2292379.5210107686,1583350.3890350477,1841695.5210107688,696664.7999999999,450684.0
20230410,1.0339279380998732,1.0397612509747205,1.1104222200665443,2274641.463819721,2287474.752144385,1649301.3638197207,1751747.2521443854,625340.1,535727.5
20230411,1.0334776283181006,1.0396633281592935,1.1108212204979546,2273650.7822998213,2287259.321950446,2173705.182299821,1966264.121950446,99945.59999999999,320995.19999999995
20230412,1.0336055711185688,1.0398858488944696,1.1168062209294007,2273932.256460851,2287748.867567833,2273932.256460851,2287748.867567833,0.0,0.0
20230413,1.033690993066595,1.039971789873717,1.1100232213608827,2274120.184746509,2287937.9377221777,2274120.184746509,2287937.9377221777,0.0,0.0
20230414,1.0337764220742864,1.040057737955525,1.1168062217924,2274308.12856343,2288127.0235021547,2274308.12856343,2288127.0235021547,0.0,0.0
20230417,1.0338618581422263,1.04014369314048,1.1176042222239533,2274496.087912898,2288316.124909056,2274496.087912898,2288316.124909056,0.0,0.0
20230418,1.0339473012709983,1.0402296554291692,1.1132152226555418,2274684.0627961964,2288505.2419441724,2274684.0627961964,2288505.2419441724,0.0,0.0
20230419,1.034032751461186,1.04031562482218,1.1084272230871663,2274872.053214609,2288694.374608796,2274872.053214609,2288694.374608796,0.0,0.0
20230420,1.034118208713373,1.0404016013200992,1.1084272235188264,2275060.0591694205,2288883.522904218,2275060.0591694205,2288883.522904218,0.0,0.0
20230421,1.0342036730281428,1.040487584923514,1.0804972239505224,2275248.080661914,2289072.686831731,2275248.080661914,2289072.686831731,0.0,0.0
20230424,1.0342891444060789,1.040573575633012,1.0717192243822538,2275436.1176933735,2289261.866392626,2275436.1176933735,2289261.866392626,0.0,0.0
20230425,1.0343746228477653,1.04065957344918,1.0525672248140208,2275624.1702650837,2289451.0615881956,2275624.1702650837,2289451.0615881956,0.0,0.0
20230426,1.0344601083537859,1.0407455783726054,1.0557592252458237,2275812.2383783287,2289640.272419732,2275812.2383783287,2289640.272419732,0.0,0.0
20230427,1.034545600924724,1.0408315904038759,1.0581532256776622,2276000.322034393,2289829.498888527,2276000.322034393,2289829.498888527,0.0,0.0
20230428,1.0346311005611641,1.0409176095435788,1.0741132261095363,2276188.421234561,2290018.740995873,2276188.421234561,2290018.740995873,0.0,0.0
20230504,1.0347166072636897,1.0410036357923014,1.0713202265414463,2276376.5359801175,2290207.998743063,2276376.5359801175,2290207.998743063,0.0,0.0
20230505,1.0347627118199323,1.041089669150631,1.059749226973392,2276477.966003851,2290397.2721313885,2267713.166003851,2290397.2721313885,8764.800000000001,0.0
20230508,1.035679288472824,1.0415966481130114,1.066133227405373,2278494.434640213,2291512.6258486253,2025723.234640213,2164325.425848625,252771.2,127187.20000000001
20230509,1.0320120885145263,1.0393612982165534,1.05336522783739,2270426.5947319577,2286594.8560764175,1681706.5947319574,1928346.8560764177,588720.0,358248.0
20230510,1.031456977101255,1.039057498506307,1.0553602282694428,2269205.349622761,2285926.4967138753,2269205.349622761,2285926.4967138753,0.0,0.0
20230511,1.0315422214795278,1.0391433710268447,1.054562228701531,2269392.8872549613,2286115.4162590583,2269392.8872549613,2286115.4162590583,0.0,0.0
20230512,1.0316274729027906,1.039229250644285,1.0413952291336552,2269580.4403861393,2286304.351417427,2269580.4403861393,2286304.351417427,0.0,0.0
20230515,1.0317127313716254,1.0393151373592142,1.048577229565815,2269768.009017576,2286493.302190271,2269768.009017576,2286493.302190271,0.0,0.0
20230516,1.0317979968866149,1.039401031172219,1.0390012299980107,2269955.593150553,2286682.268578882,2269955.593150553,2286682.268578882,0.0,0.0
20230517,1.031883269448341,1.0394869320838862,1.0441882304302417,2270143.1927863504,2286871.2505845497,2270143.1927863504,2286871.2505845497,0.0,0.0
20230518,1.0319685490573864,1.0395728400948023,1.0489762308625088,2270330.80792625,2287060.248208565,2270330.80792625,2287060.248208565,0.0,0.0
20230519,1.0320538357143332,1.039658755205554,1.0533652312948114,2270518.438571533,2287249.261452219,2270518.438571533,2287249.261452219,0.0,0.0
20230522,1.032094862626949,1.0397446774167283,1.0513702317271498,2270608.697779288,2287438.290316802,2169424.697779288,2287438.290316802,101183.99999999999,0.0
20230523,1.0321920587407278,1.0398306067289114,1.041395232159524,2270822.5292296014,2287627.334803605,2270822.5292296014,2287627.334803605,0.0,0.0
20230524,1.0322773638695495,1.0399165431426907,1.039001232591934,2271010.200513009,2287816.3949139193,2271010.200513009,2287816.3949139193,0.0,0.0
20230525,1.0318993997418113,1.0397691705470309,1.0370062330243797,2270178.679431985,2287492.1752034677,1516728.5794319853,1908038.1752034675,753450.1000000001,379454.0
20230526,1.0375447458996243,1.0436392896114903,1.0461832334568608,2282598.4409791734,2296006.437145279,1022203.0409791734,1468765.4371452786,1260395.4,827241.0
20230529,1.036520789943035,1.0424890358239693,1.044188233889378,2280345.7378746774,2293475.8788127326,1038317.5378746775,1260022.5788127326,1242028.2,1033453.3
20230530,1.0381352615262018,1.044510869504616,1.0485772343219306,2283897.575357644,2297923.912910155,1417971.5753576437,1260126.712910155,865926.0,1037797.2000000001
20230531,1.0382830231652824,1.0446797602526747,1.0489762347545193,2284222.650963621,2298295.472555884,1570449.1509636212,1419946.572555884,713773.5,878348.9
20230601,1.0391198213409019,1.0456442834146789,1.0513702351871435,2286063.606949984,2300417.4235122935,1541676.1069499843,1420063.9235122935,744387.4999999999,880353.4999999999
20230602,1.0413519274294984,1.0481997774142255,1.0585522356198038,2290974.2403448964,2306039.510311296,1598275.9403448964,1515445.5103112964,692698.3,790594.0
20230605,1.041373663695549,1.048295804546227,1.0589512360524995,2291022.060130208,2306250.770001699,2033053.260130208,1782351.1700016991,257968.8,523899.6
20230606,1.040470155551075,1.0453075696975744,1.036607236485231,2289034.342212365,2299676.6533346637,2194986.742212365,1995710.6533346637,94047.59999999999,303966.0
20230607,1.0406334572344602,1.0456438358931637,1.0366072369179984,2289393.6059158123,2300416.43896496,2289393.6059158123,2300416.43896496,0.0,0.0
20230608,1.040027810737918,1.0453827217367704,1.0318192373508015,2288061.1836234196,2299841.987820895,1973603.5836234197,2141837.387820895,314457.6,158004.59999999998
20230609,1.04083400976171,1.0459630905342092,1.0390012377836406,2289834.821475762,2301118.79917526,2048183.6214757618,2142014.39917526,241651.2,159104.4
20230612,1.042270015179859,1.0468888720332508,1.0437892382165155,2292994.03339569,2303155.5184731516,1622774.83339569,1886688.3184731514,670219.2000000001,416467.2
20230613,1.043638815704494,1.0479344522940197,1.0481782386494256,2296005.3945498867,2305455.7950468436,1602214.6945498865,1749057.1950468435,693790.7,556398.6
20230614,1.0451416658053139,1.0491382160628506,1.0517692390823723,2299311.6647716905,2308104.0753382714,1321882.8647716905,1538919.2753382714,977428.8,769184.8
20230615,1.047268659296808,1.0511855721588437,1.057754239515354,2303991.0504529774,2312608.258749456,1645482.6504529775,1539046.4587494563,658508.3999999999,773561.7999999999
20230616,1.0470185113006225,1.0525629932092953,1.0669312399483717,2303440.7248613695,2315638.5850604493,2270550.5248613693,1911062.3850604494,32890.2,404576.2
20230619,1.047091978414155,1.0524892921598719,1.0705222403814254,2303602.352511141,2315476.442751718,2303602.352511141,2315476.442751718,0.0,0.0
20230620,1.047126932653288,1.052550376880021,1.0717192408145146,2303679.2518372335,2315610.8291360466,2108944.2518372335,2217840.4291360467,194735.0,97770.4
20230621,1.045763765583967,1.0517567826061347,1.05057224124764,2300680.2842847276,2313864.9217334962,2143753.484284728,2218023.721733496,156926.8,95841.2
20230626,1.0455166528586086,1.0516399993325463,1.031819241680801,2300136.636288939,2313607.998531602,2300136.636288939,2313607.998531602,0.0,0.0
20230627,1.0456030591935557,1.0517269117291854,1.0417942421139978,2300326.7302258224,2313799.205804208,2300326.7302258224,2313799.205804208,0.0,0.0
20230628,1.045689472669522,1.0518138313086671,1.0401982425472303,2300516.8398729484,2313990.428879068,2300516.8398729484,2313990.428879068,0.0,0.0
20230629,1.0463807947333956,1.0522047409665838,1.0445872429804985,2302037.7484134706,2314850.4301264845,2043641.1484134707,2184997.6301264847,258396.59999999998,129852.79999999999
20230630,1.0505744187816475,1.0548801845534344,1.0609462434138028,2311263.721319624,2320736.4060175554,1762180.221319624,1978789.0060175555,549083.5,341947.39999999997
20230703,1.0504219928053569,1.0546037919541111,1.0585522438471429,2310928.3841717853,2320128.3422990446,2104524.9841717854,1978952.5422990446,206403.4,341175.8
20230704,1.0509254144801945,1.0553795873163312,1.0633402442805184,2312035.911856428,2321835.0920959287,2104698.911856428,1979116.0920959287,207337.0,342719.0
20230705,1.0506768843037377,1.0546287800552978,1.0553602447139303,2311489.145468223,2320183.316121655,2277104.145468223,2135297.816121655,34385.0,184885.5
20230706,1.0507145562495668,1.0544516053254227,1.0517692451473777,2311572.023749047,2319793.53171593,2311572.023749047,2319793.53171593,0.0,0.0
20230707,1.0506100071409779,1.0545387500861936,1.0473802455808607,2311342.0157101513,2319985.2501896257,2215529.5157101513,2319985.2501896257,95812.5,0.0
20230710,1.0507911475554346,1.0546259020490105,1.04777924601438,2311740.524621956,2320176.9845078234,2311740.524621956,2320176.9845078234,0.0,0.0
20230711,1.0517628288535568,1.0551571597532192,1.0561582464479347,2313878.223477825,2321345.751457082,2034884.4234778252,2181319.4514570823,278993.8,140026.3
20230712,1.0510858074081324,1.0543253753599606,1.0409962468815257,2312388.776297891,2319515.8257919136,2208028.776297891,2181499.7257919135,104360.0,138016.1
20230713,1.0522800738968507,1.0552907921611565,1.050971247315152,2315016.1625730717,2321639.742754544,1978654.3625730718,2082999.342754544,336361.8,238640.4
20230714,1.05219957318221,1.0552454961184348,1.0497742477488146,2314839.061000862,2321540.0914605567,1997803.5610008624,2083171.4914605569,317035.5,238368.59999999998
20230717,1.0517718982366946,1.0549531156335161,1.0461832481825128,2313898.1761207283,2320896.8543937355,1975660.1761207285,2083343.6543937353,338238.0,237553.19999999998
20230718,1.0517234084880485,1.0549471119614666,1.045385248616247,2313791.498673707,2320883.6463152263,2309599.498673707,2200363.6463152263,4192.0,120520.0
20230719,1.0518054921784028,1.0549442066932424,1.0429912490500166,2313972.082792486,2320877.254725133,2313972.082792486,2320877.254725133,0.0,0.0
20230720,1.0518924182521365,1.0550313921648697,1.0298242494838226,2314163.3201547004,2321069.0627627135,2314163.3201547004,2321069.0627627135,0.0,0.0
20230721,1.0519793515098435,1.0551185848419082,1.028627249917664,2314354.5733216554,2321260.886652198,2314354.5733216554,2321260.886652198,0.0,0.0
20230724,1.0520365198850723,1.0552057847249532,1.026233250351542,2314480.343747159,2321452.726394897,2202083.943747159,2321452.726394897,112396.40000000001,0.0
20230725,1.0524354622612937,1.0552929918146,1.042592250785455,2315358.0169748464,2321644.5819921196,2315358.0169748464,2321644.5819921196,0.0,0.0
20230726,1.052402775914646,1.055380206111444,1.0378042512194041,2315286.107012221,2321836.4534451766,2234915.207012221,2321836.4534451766,80370.9,0.0
20230727,1.0510133824583112,1.0546973561572976,1.0298242516533893,2312229.4414082845,2320334.1835460546,1956309.5414082846,2141987.0835460545,355919.9,178347.1
20230728,1.0534911307427461,1.0564854880079504,1.0386022520874103,2317680.4876340413,2324268.073617491,1772351.9876340413,1959587.773617491,545328.5,364680.30000000005
20230731,1.0534542624609877,1.0564899220687411,1.045385252521467,2317599.377414173,2324277.8285512305,2317599.377414173,2324277.8285512305,0.0,0.0
20230801,1.0533808106586544,1.056577235285441,1.04378925295556,2317437.78344904,2324469.91762797,2175912.1834490397,2324469.91762797,141525.6,0.0
20230802,1.0534001736965681,1.0566645557181094,1.0417942533896885,2317480.38213245,2324662.0225798404,2265260.38213245,2324662.0225798404,52220.00000000001,0.0
20230803,1.053466276708682,1.0567518833673422,1.0425922538238526,2317625.8087591003,2324854.1434081527,2317625.8087591003,2324854.1434081527,0.0,0.0
20230804,1.0535533400373356,1.056839218233736,1.0485772542580531,2317817.348082138,2325046.2801142195,2317817.348082138,2325046.2801142195,0.0,0.0
20230807,1.0536404105613058,1.0569265603178877,1.0437892546922896,2318008.9032348725,2325238.432699353,2318008.9032348725,2325238.432699353,0.0,0.0
20230808,1.053727488281187,1.0570139096203934,1.0394002551265613,2318200.474218611,2325430.6011648653,2318200.474218611,2325430.6011648653,0.0,0.0
20230809,1.0538145731975737,1.0571012661418497,1.0314202555608694,2318392.061034662,2325622.7855120692,2318392.061034662,2325622.7855120692,0.0,0.0
20230810,1.053901665311061,1.0571886298828532,1.0306222559952134,2318583.6636843346,2325814.985742277,2318583.6636843346,2325814.985742277,0.0,0.0
20230811,1.053988764622244,1.0572760008440005,1.0118692564295928,2318775.2821689365,2326007.2018568013,2318775.2821689365,2326007.2018568013,0.0,0.0
20230814,1.0540758711317166,1.0573633790258885,1.0142632568640086,2318966.9164897767,2326199.433856955,2318966.9164897767,2326199.433856955,0.0,0.0
20230815,1.0541629848400746,1.0574507644291138,1.0066822572984602,2319158.5666481643,2326391.6817440502,2319158.5666481643,2326391.6817440502,0.0,0.0
20230816,1.0542501057479126,1.057538157054273,0.993914257732948,2319350.232645408,2326583.9455194008,2319350.232645408,2326583.9455194008,0.0,0.0
20230817,1.0543372338558257,1.0576255569019635,1.0022932581674713,2319541.9144828166,2326776.2251843195,2319541.9144828166,2326776.2251843195,0.0,0.0
20230818,1.0526764478785477,1.0577129639727818,0.9827422586020305,2315888.185332805,2326968.5207401197,2148157.885332805,2326968.5207401197,167730.30000000002,0.0
20230821,1.0524946879034514,1.057800378267325,0.9719692590366256,2315488.313387593,2327160.832188115,2289423.1133875926,2327160.832188115,26065.2,0.0
20230822,1.0531334169780247,1.0581400589128602,0.9779542594712568,2316893.5173516544,2327908.1296082926,1725222.1173516542,2030601.8296082928,591671.4,297306.3
20230823,1.0512895466314858,1.0562922396660306,0.9596002599059238,2312837.0025892686,2323842.9272652674,2207017.0025892686,2124708.9272652674,105819.99999999999,199133.99999999997
20230824,1.0513692880418066,1.0564473286565366,0.9603982603406269,2313012.4336919747,2324184.1230443805,2139949.133691975,2124884.5230443804,173063.3,199299.6
20230825,1.0511228333573628,1.0561507587725492,0.9448372607753657,2312470.233386198,2323531.669299608,2312470.233386198,2323531.669299608,0.0,0.0
20230828,1.051209703013012,1.0562380439592245,0.9508222612101405,2312661.346628627,2323723.696710294,2312661.346628627,2323723.696710294,0.0,0.0
20230829,1.0512965798479719,1.0563253363595517,0.9795502616449513,2312852.475665538,2323915.739991014,2312852.475665538,2323915.739991014,0.0,0.0
20230830,1.0515852425285361,1.0564126359741268,0.9843382620797979,2313487.5335627794,2324107.799143079,2209873.5335627794,2324107.799143079,103614.0,0.0
20230831,1.0510296514671276,1.0561845558333265,0.9815452625146807,2312265.2332276804,2323606.0228333184,1784349.2332276804,2058418.0228333187,527916.0,265188.0
20230901,1.0509429329012077,1.0561638818296766,0.9807472629495994,2312074.4523826567,2323560.5400252882,1897901.4523826565,2058588.1400252883,414173.00000000006,264972.4
20230904,1.051241896758559,1.056386867553086,0.9955102633845537,2312732.17286883,2324051.1086167893,2312732.17286883,2324051.1086167893,0.0,0.0
20230905,1.05097223637294,1.0562950431800304,0.9899242638195439,2312138.9200204676,2323849.0949960668,2106215.9200204676,2220391.3949960666,205923.0,103457.7
20230906,1.0505974678441863,1.0561504150706746,0.9935152642545705,2311314.42925721,2323530.913155484,2311314.42925721,2323530.913155484,0.0,0.0
20230907,1.0436471664344433,1.0527008055274087,0.976757264689633,2296023.766155775,2315941.772160299,1403238.166155775,1867223.3721602992,892785.6,448718.39999999997
20230908,1.0430057081789597,1.0528459501483312,0.9787522651247312,2294612.5579937114,2316261.0903263288,2220286.6579937115,2050601.1903263289,74325.9,265659.89999999997
20230911,1.045475501506613,1.054695164317765,0.9931162655598653,2300046.1033145487,2320329.361499083,1949097.1033145487,2050770.661499083,350949.0,269558.7
20230912,1.0449696329917315,1.0543274143285495,0.9923182659950357,2298933.192581809,2319520.311522809,2298933.192581809,2319520.311522809,0.0,0.0
20230913,1.045055994118425,1.0544145488256016,0.9795502664302419,2299123.187060535,2319712.0074163233,2299123.187060535,2319712.0074163233,0.0,0.0
20230914,1.0451423623824019,1.0545016905238516,0.9759592668654842,2299313.197241284,2319903.7191524734,2299313.197241284,2319903.7191524734,0.0,0.0
20230915,1.0452287377842515,1.0545888394238947,0.9763582673007623,2299503.2231253535,2320095.4467325686,2299503.2231253535,2320095.4467325686,0.0,0.0
20230918,1.0457330243247813,1.0548866306840885,0.9771562677360762,2300612.653514519,2320750.5875049946,2087794.553514519,2213484.3875049944,212818.09999999998,107266.2
20230919,1.044816885662778,1.0542953743285575,0.9699742681714264,2298597.1484581116,2319449.8235228267,2000313.4484581116,2115975.1235228265,298283.7,203474.7
20230920,1.0445232691972275,1.0538227314157718,0.9611962686068124,2297951.1922339005,2318410.009114698,2286869.7922339006,2211209.509114698,11081.4,107200.49999999999
20230921,1.0445874970629012,1.0537034918835526,0.9540142690422345,2298092.4935383825,2318147.682143816,2298092.4935383825,2318147.682143816,0.0,0.0
20230922,1.044673826608113,1.0537905748167662,0.9731662694776926,2298282.4185378486,2318339.2645968855,2298282.4185378486,2318339.2645968855,0.0,0.0
20230925,1.044760163287998,1.0538776649469161,0.9679792699131867,2298472.3592335954,2318530.862883216,2298472.3592335954,2318530.862883216,0.0,0.0
20230926,1.0439230492351728,1.0534990100746566,0.9639892703487165,2296630.70831738,2317697.8221642445,1825269.1083173798,2079963.4221642446,471361.6,237734.4
20230927,1.046397721744364,1.0551189715200515,0.9699742707842826,2302074.987837601,2321261.737344113,1433478.687837601,1762861.0373441135,868596.3,558400.7
20230928,1.0507897958767176,1.05826534324133,0.9771562712198845,2311737.550928779,2328183.755130926,977032.550928779,1375522.7551309261,1334705.0,952660.9999999999
20231009,1.0483486146630636,1.0565018270735762,0.9731662716555227,2306366.95225874,2324304.0195618677,1156378.45225874,1271387.7195618676,1149988.5,1052916.3
20231010,1.0459641234448005,1.054507813287998,0.9699742720911965,2301121.071578561,2319917.1892335955,820885.1715785606,1049476.5892335956,1480235.9000000001,1270440.6
20231011,1.0475670778395008,1.0557349649254597,0.9719692725269067,2304647.5712469015,2322616.9228360113,1159727.5712469018,1049563.3228360116,1144920.0,1273053.5999999999
20231012,1.0509594769469197,1.059720831971034,0.9791512729626528,2312110.8492832235,2331385.830336275,1540573.2492832234,1302178.230336275,771537.6000000001,1029207.6000000001
20231013,1.0490819376129452,1.0579695655858128,0.9771562733984347,2307980.2627484794,2327533.044288788,2194591.562748479,1755936.444288788,113388.7,571596.6
20231016,1.0469214465716643,1.05517107409236,0.9663832738342528,2303227.1824576613,2321376.363003192,1887854.1824576613,1756081.563003192,415373.0,565294.8
20231017,1.045955663968197,1.054520216808265,0.9647872742701068,2301102.4607300335,2319944.4769781833,1173830.8607300334,1468083.0769781831,1127271.6,851861.4
20231018,1.0379610451626635,1.0475306725994622,0.948827274705997,2283514.29935786,2304567.479718817,1251224.4993578598,1363592.8797188168,1032289.8,940974.6000000001
20231019,1.0334292246983017,1.0430853060660181,0.9388522751419232,2273544.2943362636,2294787.67334524,1374227.6943362635,1363705.57334524,899316.6000000001,931082.1000000001
20231020,1.031178875381149,1.0395929412023412,0.9284782755778852,2268593.525838528,2287104.4706451506,2008434.9258385277,1688134.6706451506,260158.6,598969.8
20231023,1.0263747835984156,1.0327533572305396,0.9049372760138833,2258024.523916514,2272057.385907187,1818032.5239165144,1688274.1859071874,439991.99999999994,583783.2
20231024,1.0270211712458106,1.0348594131540714,0.9165082764499176,2259446.576740783,2276690.708938957,2171701.1767407833,1929614.008938957,87745.40000000001,347076.7
20231025,1.028209905990302,1.0369004940132984,0.9268822768859878,2262061.7931786645,2281181.0868292567,1580261.2931786643,1764778.1868292566,681800.5,516402.89999999997
20231026,1.03276764083899,1.0401384060019214,0.9332662773220941,2272088.809845778,2288304.493204227,1023764.5098457782,1398782.7932042272,1248324.3,889521.7
20231027,1.04748071556471,1.051571927492295,0.9508222777582365,2304457.574242362,2313458.240483049,610144.574242362,1008527.4404830489,1694313.0,1304930.8
20231030,1.0582409819591678,1.0612651549800367,0.963191278194415,2328130.160310169,2334783.3409560807,522216.7603101691,771235.5409560809,1805913.4000000001,1563547.8
20231031,1.0542948233995821,1.0575821587892997,0.9580042786306291,2319448.6114790807,2326680.749336459,1004180.8114790808,893523.8493364593,1315267.7999999998,1433156.9
20231101,1.054355655384814,1.0572738663237233,0.9568072790668797,2319582.4418465905,2326002.5059121912,1514094.2418465905,1206136.5059121912,805488.2000000001,1119866.0
20231102,1.052156598939809,1.053364425253831,0.9464332795031661,2314744.5176675795,2317401.7355584283,1890630.9176675794,1549822.5355584284,424113.6,767579.2
20231103,1.0545022161349484,1.056974902125083,0.9584032799394888,2319904.8754968867,2325344.7846751823,1926457.2754968868,1737575.3846751822,393447.60000000003,587769.4
20231106,1.0597150595837754,1.0624903117939286,0.9779542803758476,2331373.131084306,2337478.685946643,1697299.4310843062,1737718.985946643,634073.7000000001,599759.7000000001
20231107,1.0618127647419853,1.0640288356721095,0.9811462808122422,2335988.0824323674,2340863.4384786407,1320175.1824323672,1536524.5384786406,1015812.9,804338.9
20231108,1.0649684545161142,1.0664338042703774,0.9851362812486727,2342930.599935451,2346154.3693948304,792151.699935451,1166713.0693948304,1550778.9,1179441.3
20231109,1.0595632083771083,1.0621775101227604,0.9787522816851396,2331039.0584296384,2336790.5222700727,381149.3584296384,775210.7222700729,1949889.7,1561579.7999999998
20231110,1.0576185085898764,1.0609027849604789,0.9771562821216424,2326760.7188977282,2333986.1269130534,1296221.5188977283,1036016.1269130536,1030539.2,1297970.0
20231113,1.0608660627674822,1.0657247752857373,0.9871312825581816,2333905.3380884607,2344594.505628622,1770822.9380884606,1407690.7056286223,563082.4,936903.8
20231114,1.0614890281274538,1.0670673750997175,0.9923182829947567,2335275.8618803984,2347548.2252193787,2038328.0618803983,1729280.0252193785,296947.8,618268.2000000001
20231115,1.0607882575951033,1.0678796457395099,0.9963082834313679,2333734.1667092275,2349335.220626922,1269013.3667092272,1506348.020626922,1064720.8,842987.2
20231116,1.0543507447397504,1.062847902566327,0.9859342838680152,2319571.638427451,2338265.3856459195,815473.9384274507,1161822.2856459196,1504097.7,1176443.1
20231117,1.059331963789392,1.0687345927348337,0.9967072843046983,2330530.3203366627,2351216.104016634,1271128.5203366627,1161918.3040166341,1059401.8,1189297.8
20231120,1.0628613892156322,1.0724571956012505,1.0034902847414178,2338295.056274391,2359405.8303227513,1216605.0562743905,1162014.3303227513,1121690.0,1197391.5
20231121,1.058999626401193,1.0686054838931485,0.9963082851781732,2329799.1780826245,2350932.0645649265,1152963.0780826246,1162110.3645649268,1176836.0999999999,1188821.7
20231122,1.0506579147460942,1.0615000929218066,0.9855352856149647,2311447.4124414073,2335300.2044279743,569356.4124414072,869108.2044279743,1742091.0000000002,1466192.0
20231123,1.0589026338876661,1.068896445921346,0.9951112860517926,2329585.7945528654,2351572.181026961,441877.1945528652,655153.3810269613,1887708.6,1696418.8
20231124,1.053232848640856,1.0606930132586703,0.9811462864886563,2317112.267009883,2333524.629169075,1499002.9670098834,1086565.729169075,818109.3,1246958.9000000001
20231127,1.0534395701805843,1.0609628804347,0.9815452869255561,2317567.0543972855,2334118.33695634,1662469.0543972855,1376686.33695634,655098.0,957432.0
20231128,1.0534010761145416,1.0615960352609057,0.9851362873624919,2317482.3674519914,2335511.2775739925,2090334.3674519914,1739988.4775739927,227148.0,595522.7999999999
20231129,1.0527184989943876,1.0608939446702812,0.9823432877994642,2315980.6977876527,2333966.6782746185,1846477.2977876526,1740132.2782746186,469503.4,593834.4
20231130,1.052525507906766,1.0606274833183438,0.9759592882364726,2315556.117394885,2333380.463300356,2315556.117394885,2333380.463300356,0.0,0.0
20231201,1.0526124934859318,1.0607151384822544,0.9851362886735167,2315747.48566905,2333573.3046609596,2315747.48566905,2333573.3046609596,0.0,0.0
20231204,1.0526994862539885,1.0608028008903934,0.9807472891105974,2315938.8697587745,2333766.1619588654,2315938.8697587745,2333766.1619588654,0.0,0.0
20231205,1.0476061484609136,1.0582807371740832,0.9631912895477139,2304733.52661401,2328217.621782983,1569670.5266140099,1957910.0217829833,735063.0,370307.60000000003
20231206,1.0499974055045935,1.0599068186110852,0.9671812899848664,2309994.292110106,2331795.000944387,1094600.692110106,1529451.0009443874,1215393.5999999999,802344.0
20231207,1.0492265546068091,1.0596633644788893,0.9663832904220554,2308298.42013498,2331259.4018535563,1409736.4201349805,1529577.4018535563,898562.0,801682.0
20231208,1.04873189481588,1.0590789800594924,0.96438829085928,2307210.168594936,2329973.7561308835,1804474.168594936,1677142.0561308835,502735.99999999994,652831.7
20231211,1.047570240993673,1.0575454840744272,0.9743632912965415,2304654.5301860804,2326600.06496374,2304654.5301860804,2326600.06496374,0.0,0.0
20231212,1.0476568170466476,1.0576328845276566,0.9767572917338386,2304844.9975026245,2326792.3459608443,2304844.9975026245,2326792.3459608443,0.0,0.0
20231213,1.0477434002546677,1.0577202922040636,0.9675802921711721,2305035.480560269,2326984.64284894,2305035.480560269,2326984.64284894,0.0,0.0
20231214,1.0454981149917655,1.0566305723933855,0.9643882926085413,2300095.852981884,2324587.259265448,1721224.3529818843,2032371.9592654482,578871.5,292215.3
20231215,1.0417827791671785,1.0541509204085933,0.9576052930459473,2291922.1141677927,2319132.0248989053,1282002.1141677925,1663212.024898905,1009920.0,655920.0
20231218,1.0349138745635806,1.0486127383294328,0.9424432934833891,2276810.5240398776,2306948.024324752,1348072.1240398774,1510954.024324752,928738.4,795994.0
20231219,1.0350803803536088,1.048882331681249,0.943241293920867,2277176.8367779395,2307541.129698748,1980258.4367779393,1755783.529698748,296918.39999999997,551757.6
20231220,1.0350413781706547,1.04873757476905,0.9264832943583812,2277091.03197544,2307222.66449191,2277091.03197544,2307222.66449191,0.0,0.0
20231221,1.0351269187804208,1.0488242472958904,0.9312712947959314,2277279.2213169257,2307413.3440509588,2277279.2213169257,2307413.3440509588,0.0,0.0
20231222,1.035212466459659,1.0489109269857495,0.9232912952335178,2277467.4262112495,2307604.039368649,2277467.4262112495,2307604.039368649,0.0,0.0
20231225,1.035298021208953,1.0489976138392194,0.9216952956711405,2277655.646659697,2307794.750446283,2277655.646659697,2307794.750446283,0.0,0.0
20231226,1.0353835830288878,1.049084307856892,0.9097252961087992,2277843.882663553,2307985.4772851625,2277843.882663553,2307985.4772851625,0.0,0.0
20231227,1.035741836845501,1.0491710090393596,0.9149122965464942,2278632.041060102,2308176.219886591,2160771.841060102,2308176.219886591,117860.20000000001,0.0
20231228,1.039231280517911,1.0510629280628532,0.9336652969842252,2286308.817139404,2312338.441738277,1944434.8171394037,2139178.441738277,341874.0,173160.0
20231229,1.0448197369312253,1.0545021523713134,0.9472312974219927,2298603.421248696,2319904.7352168895,1460581.421248696,1810206.9352168895,838022.0,509697.80000000005
20240102,1.0401356558623562,1.051263939563553,0.9392512978597961,2288298.442897184,2312780.6670398167,1026319.0428971836,1425793.4670398165,1261979.4000000001,886987.2000000001
20240103,1.0366992121044056,1.0487515451035978,0.9348622982976357,2280738.266629692,2307253.3992279153,468896.3666296921,947376.1992279155,1811841.9,1359877.2
20240104,1.0327753243873945,1.0450936794461687,0.9292762987355117,2272105.713652268,2299206.094781571,1027255.2136522678,947454.4947815707,1244850.5,1351751.6
20240105,1.0282827640242658,1.037875547541868,0.9145132991734235,2262222.080853385,2283326.2045921097,1785715.280853385,1374089.8045921095,476506.8,909236.3999999999
20240108,1.0275982291856482,1.0364929849665048,0.8909722996113718,2260716.104208426,2280284.5669263103,2260716.104208426,2280284.5669263103,0.0,0.0
20240109,1.0276831546591347,1.0365786455437747,0.8909723000493562,2260902.9402500964,2280473.020196304,2260902.9402500964,2280473.020196304,0.0,0.0
20240110,1.0277680871512553,1.0366643132004312,0.8849873004873768,2261089.7917327615,2280661.4890409485,2261089.7917327615,2280661.4890409485,0.0,0.0
20240111,1.02785302666259,1.0367499879370592,0.9025433009254337,2261276.658657698,2280849.97346153,2261276.658657698,2280849.97346153,0.0,0.0
20240112,1.0274101656415149,1.0365694380378556,0.8949623013635265,2260302.3644113326,2280452.7636832823,1980600.2644113328,2139368.063683282,279702.1,141084.69999999998
20240115,1.026957148889062,1.0364496686187603,0.892169301801656,2259305.7275559367,2280189.2709612725,2143928.1275559366,2139544.8709612726,115377.6,140644.40000000002
20240116,1.026786343899454,1.0363584967506523,0.8897753022398213,2258929.9565787986,2279988.692851435,2041504.9565787984,2139721.692851435,217425.0,140267.0
20240117,1.024841963645337,1.0346662406158984,0.8650373026780229,2254652.3200197415,2276265.7293549767,2109829.9200197416,2139898.5293549765,144822.40000000002,136367.2
20240118,1.0241794277164264,1.0342812447616017,0.8626433031162607,2253194.740976138,2275418.738475524,1742314.1409761382,1947010.938475524,510880.6,328407.8
20240119,1.020584640944961,1.0317816795434687,0.8518703035545347,2245286.210078914,2269919.694995631,1521094.2100789144,1740866.694995631,724191.9999999999,529053.0
20240122,1.0103395898711376,1.0186686219437315,0.8051873039928451,2222747.097716503,2241070.968276209,1834080.297716503,1741010.568276209,388666.8,500060.39999999997
20240123,1.0102801527577585,1.020113698786581,0.8155613044311916,2222616.336067069,2244250.1373304785,2122460.336067069,1926816.9373304786,100156.0,317433.2
20240124,1.0121728982902678,1.0224449901816726,0.8283293048695743,2226780.376238589,2249378.9783996795,1937593.5762385894,1926976.1783996795,289186.8,322402.8
20240125,1.0302325577612403,1.0340234763960194,0.8566583053079934,2266511.6270747287,2274851.648071243,1126669.3270747291,1536713.048071243,1139842.2999999998,738138.6
20240126,1.0187207629702988,1.0263735475088174,0.8458853057464485,2241185.678534657,2258021.804519398,104861.6785346573,829353.8045193983,2136324.0,1428668.0
20240129,0.9978333999682603,1.007052672417835,0.8227433061849398,2195233.4799301727,2215515.879319237,576151.079930173,702420.2793192373,1619082.4,1513095.5999999999
20240130,0.9886416488935297,0.9930171676415681,0.8000003066234677,2175011.6275657653,2184637.76881145,1712859.1275657653,1208002.2688114499,462152.5,976635.5
20240131,0.9881994080734069,0.9919920141010564,0.7704743070620317,2174038.697761495,2182382.431022324,2174038.697761495,2182382.431022324,0.0,0.0
20240201,0.9882810774459749,0.9920739969121392,0.7636913075006317,2174218.370381145,2182562.793206706,2174218.370381145,2182562.793206706,0.0,0.0
20240202,0.9883627535680779,0.9921559864986608,0.7377563079392682,2174398.0578497713,2182743.1702970536,2174398.0578497713,2182743.1702970536,0.0,0.0
20240205,0.9884444364402736,0.9922379828611813,0.693068308377941,2174577.7601686018,2182923.5622945987,2174577.7601686018,2182923.5622945987,0.0,0.0
20240206,0.9885261260631197,0.9923199860002606,0.7401503088166498,2174757.4773388635,2183103.9692005734,2174757.4773388635,2183103.9692005734,0.0,0.0
20240207,0.9886078224371746,0.9924019959164591,0.7732673092553949,2174937.209361784,2183284.39101621,2174937.209361784,2183284.39101621,0.0,0.0
20240208,0.9948643534357055,0.9955815825135871,0.8047883096941763,2188701.577558552,2190279.4815298915,1698167.177558552,1944205.4815298917,490534.39999999997,246074.0
20240219,0.9939176897597233,0.9949310873976036,0.805985310132994,2186618.917471391,2188848.392274728,966336.9174713911,1459022.3922747278,1220282.0,729826.0
20240220,0.9960534003203091,0.9973998746020908,0.807980310571848,2191317.48070468,2194279.7241245997,819784.9807046799,1137634.7241245997,1371532.5,1056645.0
20240221,1.0009834457078712,1.0014991161789477,0.8119703110107384,2202163.5805573165,2203298.055593685,450435.5805573163,795892.0555936847,1751728.0000000002,1407406.0
20240222,1.0159321671483097,1.0145113497896863,0.8259353114496647,2235050.767726281,2231924.96953731,295874.76772628154,548600.9695373102,1939175.9999999998,1683323.9999999998
20240223,1.030704291567215,1.028284587655649,0.8399003118886276,2267549.441447873,2262226.092842428,314530.4414478732,435296.59284242784,1953019.0,1826929.5
20240226,1.0326558067035485,1.0300776547341786,0.8414963123276266,2271842.7747478066,2266170.840415193,112015.87474780667,276118.44041519304,2159826.9,1990052.4
20240227,1.064190957046969,1.0596849710385905,0.867032312766662,2341220.105503332,2331306.9362848992,29.90550333161144,137880.73628489918,2341190.2,2193426.2
20240228,1.0127695945340276,1.011514241539578,0.8251373132057337,2228093.107974861,2225331.3313870714,29.9079748608124,137892.13138707148,2228063.2,2087439.2
20240229,1.0357819089384301,1.0422627351235487,0.8582543136448414,2278720.199664546,2292978.0172718074,840991.7996645462,487858.8172718078,1437728.4,1805119.1999999997
20240301,1.0433696426514587,1.0504735438392723,0.8678303140839856,2295413.213833209,2311041.796446399,792488.2138332095,650864.2964463993,1502924.9999999998,1660177.4999999998
20240304,1.0441174077679294,1.051520365781924,0.8694263145231662,2297058.2970894445,2313344.804720233,1228258.7970894447,946676.0047202336,1068799.5,1366668.7999999998
20240305,1.0401218120488984,1.0468842371128206,0.8630423149623829,2288267.9865075764,2303145.3216482056,697597.7865075765,823437.0216482059,1590670.2,1479708.2999999998
20240306,1.0384974275224907,1.045875985842303,0.8622443154016362,2284694.3405494797,2300927.1688530664,1486853.1405494798,1158838.6688530664,797841.2000000001,1142088.5
20240307,1.0315386253986074,1.0382322457472184,0.8494763158409254,2269384.975876936,2284110.9406438805,1258535.7758769363,1158934.4406438807,1010849.2,1125176.5
20240308,1.0362887670411889,1.0440682404778001,0.8606483162802512,2279835.2874906156,2296950.12905116,1521865.4874906158,1342477.62905116,757969.8,954472.5
20240311,1.0434402190359298,1.052767535279793,0.8778053167196133,2295568.4818790453,2316088.5776155447,1500048.481879045,1342588.5776155444,795520.0000000001,973500.0000000001
20240312,1.0450831337316921,1.0548293342496509,0.8817953171590115,2299182.8942097225,2320624.5353492317,1525461.8942097225,1342699.5353492317,773721.0,977925.0
20240313,1.0470071410416526,1.0564959873139332,0.8845883175984462,2303415.7102916357,2324291.1720906533,1051254.1102916356,1211578.8720906535,1252161.6,1112712.3
20240314,1.0430579383974243,1.0530743409456296,0.8794013180379172,2294727.4644743335,2316763.550080385,770220.6644743333,995245.1500803849,1524506.8,1321518.4000000001
20240315,1.0464653752751703,1.0596725850757802,0.8929673184774243,2302223.8256053748,2331279.6871667164,1593001.6256053746,1299785.4871667165,709222.2,1031494.2
20240318,1.0547710180969554,1.0674729124795055,0.9077303189169679,2320496.2398133017,2348440.407454912,1166388.7398133017,1299892.907454912,1154107.5,1048547.5
20240319,1.048392452474047,1.062084758510828,0.8989523193565478,2306463.3954429035,2336586.4687238215,696469.5954429036,1011597.1687238216,1609993.8,1324989.3
20240320,1.0563092235160483,1.0687899862896508,0.9069323197961641,2323880.2917353064,2351337.969837232,345461.091735306,679091.869837232,1978419.2000000002,1672246.1
20240321,1.0558273103996465,1.0681939831993534,0.9065333202358166,2322820.0828792225,2350026.7630385775,277565.6828792224,482669.96303857764,2045254.4,1867356.7999999998
20240322,1.0464008912070055,1.058498751417349,0.8961593206755056,2302081.960655412,2328697.2531181676,537848.960655412,482709.8531181676,1764233.0,1845987.4
20240325,1.0298690818318597,1.0407544299632552,0.8762093211152309,2265711.9800300915,2289659.7459191615,677125.5800300913,580952.1459191612,1588586.4000000001,1708707.6
20240326,1.0282241477025655,1.0381256251247282,0.8722193215549925,2262093.1249456443,2283876.375274402,1778987.124945644,1184536.975274402,483106.0,1099339.4
20240327,1.024176770008356,1.0275160165108763,0.8438903219947904,2253188.894018383,2260535.236323928,2004887.8940183832,1601712.7363239278,248301.00000000003,658822.5000000001
20240328,1.023991617316725,1.0268850811263184,0.8634413224346247,2252781.558096795,2259147.1784779006,2252781.558096795,2259147.1784779006,0.0,0.0
20240329,1.0282060843639196,1.0290405420711706,0.8726183228744951,2262053.385600623,2263889.1925565754,1545810.8856006232,1904783.7925565753,716242.5,359105.39999999997
20240401,1.0344031399686933,1.0336666306638582,0.8909723233144023,2275686.9079311253,2274066.587460488,1627447.0079311254,1768738.6874604882,648239.9,505327.9
20240402,1.0307675467203448,1.0313006891603924,0.8861843237543456,2267688.6027847584,2268861.5161528634,620372.9027847585,1197895.3161528632,1647315.7,1070966.2
20240403,1.0286257880884733,1.0294525001941643,0.8833913241943252,2262976.733794641,2264795.5004271613,777161.3337946412,986431.9004271613,1485815.4,1278363.6
20240408,1.016656884426848,1.017416647147599,0.8650373246343414,2236645.1457390655,2238316.6237247176,1066358.7457390653,986513.4237247172,1170286.4000000001,1251803.2000000002
20240409,1.018017405899544,1.0218212990133757,0.8762093250743938,2239638.292978997,2248006.8578294264,1981827.8929789967,1478308.8578294264,257810.40000000002,769698.0000000001
20240410,1.017829583023039,1.0210938154573583,0.8606483255144826,2239225.082650686,2246406.3940061885,2239225.082650686,2246406.3940061885,0.0,0.0
20240411,1.0179137011703965,1.0211782033759913,0.8626433259546076,2239410.1425748724,2246592.0474271807,2239410.1425748724,2246592.0474271807,0.0,0.0
20240412,1.0179978262696667,1.0212625982688324,0.8554613263947694,2239595.2177932668,2246777.716191431,2239595.2177932668,2246777.716191431,0.0,0.0
20240415,1.0177847368177275,1.0213470001364577,0.8478803268349672,2239126.4209990003,2246963.400300207,2141588.9209990003,2246963.400300207,97537.5,0.0
20240416,1.0170789015755168,1.0214314089794443,0.8115713272752014,2237573.583466137,2247149.0997547773,2204826.183466137,2247149.0997547773,32747.399999999998,0.0
20240417,1.0172798725407015,1.0215158247983682,0.848279327715472,2238015.7195895435,2247334.81455641,2238015.7195895435,2247334.81455641,0.0,0.0
20240418,1.0173999360119685,1.0216002475938062,0.8470823281557792,2238279.8592263306,2247520.5447063735,2213440.7592263306,2247520.5447063735,24839.100000000002,0.0
20240419,1.0174965634323183,1.021720194213495,0.8430923285961226,2238492.4395511,2247784.4272696893,1811243.8395511003,2033314.9272696893,427248.6,214469.5
20240422,1.017383284448058,1.0217698588455035,0.8414963290365024,2238243.2257857276,2247893.6894601076,1500093.2257857276,1769783.3894601075,738150.0,478110.3
20240423,1.0166635125575807,1.0213336354642517,0.8359103294769189,2236659.7276266776,2246933.998021354,2236659.7276266776,2246933.998021354,0.0,0.0
20240424,1.0167475343354782,1.02141804320272,0.8514713299173714,2236844.575538052,2247119.695045984,2236844.575538052,2247119.695045984,0.0,0.0
20240425,1.016831563057324,1.0215024579170342,0.8510723303578603,2237029.4387261127,2247305.4074174752,2237029.4387261127,2247305.4074174752,0.0,0.0
20240426,1.020531325103238,1.02340328388348,0.8686283307983859,2245168.9152271235,2251487.2245436558,1830450.4152271235,2043148.3245436558,414718.5,208338.9
20240429,1.0255690327693705,1.0269025546918216,0.8897753312389477,2256251.8720926153,2259185.6203220077,1788843.8720926153,1920448.6203220075,467408.0,338737.0
20240430,1.0214835124110737,1.0241476009689618,0.8805983316795459,2247263.727304362,2253124.722131716,1315468.3273043623,1621481.3221317164,931795.3999999999,631643.3999999999
20240506,1.0283477918349473,1.0295422403875245,0.8969573321201807,2262365.142036884,2264992.928852554,1749821.1420368839,1621615.3288525539,512544.00000000006,643377.6000000001
20240507,1.0304748312029495,1.0312069940669806,0.9005483325608518,2267044.6286464888,2268655.386947357,1174205.2286464886,1400838.886947357,1092839.4000000001,867816.5
20240508,1.0245050913502562,1.0249677994346345,0.8861843330015592,2253911.2009705636,2254929.1587561956,1510986.7009705636,1400954.6587561958,742924.5,853974.5
20240509,1.0330487946297355,1.0326821688580803,0.9017453334423031,2272707.348185418,2271900.7714877767,1204405.3481854182,1299648.7714877767,1068302.0,972251.9999999999
20240510,1.0300473533715038,1.0288200820350708,0.8937653338830837,2266104.177417308,2263404.180477156,1443800.1774173079,1299756.1804771558,822304.0000000001,963648.0000000001
20240513,1.027604049503489,1.0253685962919616,0.8853863343239003,2260728.908907676,2255810.9118423155,2141124.808907676,1719700.5118423156,119604.09999999999,536110.4
20240514,1.027686283498936,1.0254412711289105,0.8893763347647536,2260909.823697659,2255970.796483603,2260909.823697659,2255970.796483603,0.0,0.0
20240515,1.0277712162496384,1.0255260183414003,0.8813963352056432,2261096.6757492046,2256157.240351081,2261096.6757492046,2256157.240351081,0.0,0.0
20240516,1.0278561560195765,1.0256107725577923,0.8794013356465694,2261283.5432430683,2256343.699627143,2261283.5432430683,2256343.699627143,0.0,0.0
20240517,1.0290414392834626,1.0256955337786646,0.893765336087532,2263891.166423618,2256530.1743130623,2103059.166423618,2256530.1743130623,160832.00000000003,0.0
20240520,1.0302329708060347,1.026313439511554,0.8969573365285308,2266512.5357732764,2257889.566925419,1476115.7357732763,1864039.9669254192,790396.8,393849.60000000003
20240521,1.0262073734421968,1.0235429046277138,0.8877803369695662,2257656.221572833,2251794.3901809705,1377668.7215728334,1618781.8901809703,879987.5,633012.5
20240522,1.0260672974067677,1.023803372702396,0.888977337410638,2257348.054294889,2252367.419945271,1893515.6542948887,1751735.8199452711,363832.4,500631.60000000003
20240523,1.0255500362001124,1.0230595527250164,0.8698253378517464,2256210.0796402474,2250731.015995036,2256210.0796402474,2250731.015995036,0.0,0.0
20240524,1.0252821598314001,1.0231441031012745,0.859451338292891,2255620.75162908,2250917.026822804,2152874.9516290803,2250917.026822804,102745.8,0.0
20240527,1.0266147142760371,1.0237858045955972,0.8694263387340723,2258552.3714072816,2252328.770110314,1973103.3714072816,2109822.1701103137,285449.0,142506.59999999998
20240528,1.026039480078211,1.0235408796747598,0.8594513391752899,2257286.8561720643,2251789.9352844716,2257286.8561720643,2251789.9352844716,0.0,0.0
20240529,1.0261242767294572,1.0236254698301048,0.8590523396165441,2257473.408804806,2251976.0336262304,2257473.408804806,2251976.0336262304,0.0,0.0
20240530,1.0262090803886912,1.0237100669763717,0.8586533400578349,2257659.9768551206,2252162.147348018,2257659.9768551206,2252162.147348018,0.0,0.0
20240531,1.026293891056492,1.0237946711141384,0.8610473404991619,2257846.5603242824,2252348.2764511043,2257846.5603242824,2252348.2764511043,0.0,0.0
20240603,1.0263787087334388,1.0238792822439824,0.8494763409405255,2258033.1592135653,2252534.4209367614,2258033.1592135653,2252534.4209367614,0.0,0.0
20240604,1.026463533420111,1.023963900366482,0.8550623413819255,2258219.7735242443,2252720.5808062605,2258219.7735242443,2252720.5808062605,0.0,0.0
20240605,1.026548365117088,1.024048525482215,0.844688341823362,2258406.4032575935,2252906.7560608727,2258406.4032575935,2252906.7560608727,0.0,0.0
20240606,1.0266332038249488,1.0241331575917587,0.827132342264835,2258593.0484148874,2253092.9467018694,2258593.0484148874,2253092.9467018694,0.0,0.0
20240607,1.0267180495442731,1.024217796695692,0.8303243427063446,2258779.708997401,2253279.152730522,2258779.708997401,2253279.152730522,0.0,0.0
20240611,1.0268029022756404,1.0243024427945924,0.8379053431478906,2258966.385006409,2253465.3741481034,2258966.385006409,2253465.3741481034,0.0,0.0
20240612,1.0268877620196302,1.0243870958890382,0.840299343589473,2259153.0764431865,2253651.610955884,2259153.0764431865,2253651.610955884,0.0,0.0
20240613,1.0238923041071697,1.0229359641394886,0.8351123440310919,2252563.069035773,2250459.121106875,1514989.8690357734,1882719.0211068753,737573.2,367740.1
20240614,1.0241436428123116,1.0234858716909956,0.8375063444727475,2253116.0141870854,2251668.9177201902,1768666.8141870853,1882874.61772019,484449.20000000007,368794.30000000005
20240617,1.023783720149203,1.0233170123603315,0.8363093449144394,2252324.184328247,2251297.427192729,1833962.5843282468,1883030.2271927288,418361.60000000003,368267.2
20240618,1.0237732517449638,1.0233178900507023,0.8438903453561679,2252301.1538389204,2251299.358111545,2252301.1538389204,2251299.358111545,0.0,0.0
20240619,1.021184542622244,1.0220665123921775,0.8327183457979329,2246605.9937689365,2248546.3272627904,1853623.8937689364,2052159.6272627902,392982.10000000003,196386.7
20240620,1.0153350712633733,1.0184166124713445,0.8175563462397343,2233737.156779421,2240516.5474369577,1506547.056779421,1778671.9474369579,727190.1,461844.6
20240621,1.014699728271526,1.0181760659629837,0.8163593466815722,2232339.4021973573,2239987.345118564,1699151.8021973572,1778818.9451185642,533187.6,461168.39999999997
20240624,1.0128815738044539,1.013971744177902,0.7900253471234469,2228339.4623697987,2230737.8371913843,2198837.4623697987,1988583.837191384,29502.0,242154.0
20240625,1.0129585782759636,1.0140005105520011,0.7836413475653577,2228508.87220712,2230801.1232144027,2228508.87220712,2230801.1232144027,0.0,0.0
20240626,1.0130422938609451,1.0140843122470882,0.8067833480073053,2228693.0464940793,2230985.486943594,2228693.0464940793,2230985.486943594,0.0,0.0
20240627,1.0131260163645701,1.0141681208679352,0.7872323484492896,2228877.236002054,2231169.865909457,2228877.236002054,2231169.865909457,0.0,0.0
20240628,1.0133481556253503,1.0142519364151144,0.7912223488913102,2229365.942375771,2231354.2601132514,2188714.442375771,2231354.2601132514,40651.5,0.0
20240701,1.0133854076027553,1.0143357588891981,0.7984043493333671,2229447.8967260616,2231538.669556236,2229447.8967260616,2231538.669556236,0.0,0.0
20240702,1.0134691584628877,1.0144195882907592,0.792818349775461,2229632.148618353,2231723.0942396703,2229632.148618353,2231723.0942396703,0.0,0.0
20240703,1.0135169583064143,1.0145034246203701,0.7864343502175911,2229737.3082741112,2231907.5341648143,2218108.4082741113,2231907.5341648143,11628.9,0.0
20240704,1.0097689529858498,1.012664695856564,0.7708733506597577,2221491.6965688695,2227862.330884441,1851320.4965688693,2042776.730884441,370171.2,185085.6
20240705,1.0098582815475534,1.01356879791257,0.7784543511019612,2221688.2194046173,2229851.3554076543,2142672.7194046173,2042945.5554076545,79015.5,186905.80000000002
20240708,1.009758170839411,1.0132183413923759,0.7601003515442009,2221467.975846704,2229080.351063227,2221467.975846704,2229080.351063227,0.0,0.0
20240709,1.00984162192791,1.0133020784453834,0.7764593519864773,2221651.568241402,2229264.5725798435,2221651.568241402,2229264.5725798435,0.0,0.0
20240710,1.0097898990245358,1.0133858224188086,0.7728683524287903,2221537.777853979,2229448.809321379,2082073.777853979,2229448.809321379,139464.0,0.0
20240711,1.0106267843023615,1.0134695733132233,0.7924193528711397,2223378.9254651954,2229633.061289091,2223378.9254651954,2229633.061289091,0.0,0.0
20240712,1.0095054687143201,1.0129492854959983,0.7892273533135258,2220912.0311715044,2228488.4280911963,1488260.8311715045,1861173.8280911965,732651.2,367314.6
20240715,1.0074556849581986,1.0112466109591123,0.7808483537559484,2216402.506908037,2224742.544110047,1925788.006908037,1861327.644110047,290614.5,363414.9
20240716,1.0075268337099024,1.0114849260700662,0.7828433541984076,2216559.034161785,2225266.837354146,2060383.834161785,1962162.637354146,156175.2,263104.2
20240717,1.0074299404802682,1.011265009263283,0.7776563546409032,2216345.8690565904,2224783.020379223,2216345.8690565904,2224783.020379223,0.0,0.0
20240718,1.0075131991530353,1.0113485848838835,0.7796513550834355,2216529.038136678,2224966.8867445434,2216529.038136678,2224966.8867445434,0.0,0.0
20240719,1.0075964647066844,1.0114321674115598,0.7800503555260045,2216712.2223547054,2225150.7683054316,2216712.2223547054,2225150.7683054316,0.0,0.0
20240722,1.007679737141784,1.011515756846883,0.78124735596861,2216895.421711925,2225334.665063143,2216895.421711925,2225334.665063143,0.0,0.0
20240723,1.0077630164589033,1.0115993531904242,0.7597013564112519,2217078.636209587,2225518.577018933,2217078.636209587,2225518.577018933,0.0,0.0
20240724,1.0078463026586104,1.0116829564427539,0.7493273568539306,2217261.865848943,2225702.5041740583,2217261.865848943,2225702.5041740583,0.0,0.0
20240725,1.007929595741475,1.0117665666044433,0.7501253572966458,2217445.1106312447,2225886.4465297754,2217445.1106312447,2225886.4465297754,0.0,0.0
20240726,1.008012895708065,1.0118501836760636,0.7620953577393976,2217628.370557743,2226070.40408734,2217628.370557743,2226070.40408734,0.0,0.0
20240729,1.007254521423378,1.0115113581969128,0.758504358182186,2215959.947131431,2225324.988033208,1867886.8471314313,2050623.088033208,348073.1,174701.9
20240730,1.0108650761213405,1.0136377008120878,0.761696358625011,2223903.167466949,2230002.9417865933,938191.6674669491,1495992.4417865933,1285711.5,734010.5
20240731,1.0420293586655758,1.0366746080184082,0.7952123590678726,2292464.5890642665,2280684.137640498,670561.1890642665,1085681.337640498,1621903.4000000001,1195002.8
20240801,1.0367927496858471,1.0324448943129914,0.7900253595107707,2280944.0493088635,2271378.767488581,492806.04930886324,800238.767488581,1788138.0,1471140.0
20240802,1.0262460347112141,1.0233563195108686,0.7792523599537055,2257741.276364671,2251383.902923911,712722.9763646711,800304.9029239106,1545018.3,1451079.0
20240805,1.0108757060137645,1.0070336805158868,0.7585043603966768,2223926.553230282,2215474.097134951,1101576.1532302822,942754.597134951,1122350.4,1272719.5
20240806,1.0171547022123728,1.0144913366767636,0.7688783608396849,2237740.34486722,2231880.94068888,1561170.6448672202,1247183.9406888802,676569.7000000001,984697.0
20240807,1.0168983366153648,1.0139023090886794,0.7680803612827294,2237176.3405538024,2230585.079995095,1553416.3405538024,1398022.579995095,683760.0,832562.5
20240808,1.017280788057563,1.0143480086596786,0.7688783617258107,2238017.7337266384,2231565.619051293,1551813.0337266384,1398138.119051293,686204.7000000001,833427.5
20240809,1.0165898290658222,1.01231660167656,0.7612973621689284,2236497.6239448087,2227096.523688432,1916144.4239448088,1656795.3236884319,320353.2,570301.2
20240812,1.016295894603432,1.0117274273976606,0.758504362612083,2235850.96812755,2225800.3402748536,2235850.96812755,2225800.3402748536,0.0,0.0
20240813,1.0163798859996802,1.0118110412346357,0.760499363055274,2236035.7491992963,2225984.2907161987,2236035.7491992963,2225984.2907161987,0.0,0.0
20240814,1.0164638843373661,1.0118946619818452,0.7529183634985017,2236220.545542205,2226168.2563600596,2236220.545542205,2226168.2563600596,0.0,0.0
20240815,1.0165478896170632,1.0119782896398604,0.759701363941766,2236405.357157539,2226352.2372076926,2236405.357157539,2226352.2372076926,0.0,0.0
20240816,1.014002384205627,1.0107533895360536,0.753716364385067,2230805.245252379,2223657.456979318,1552465.3452523793,1886093.156979318,678339.9,337564.3
20240819,1.0147196635167124,1.0113127644263926,0.7553123648284046,2232383.259736767,2224888.0817380636,1544845.659736767,1711885.0817380636,687537.6,513003.0
20240820,1.0129208583096665,1.008420064483812,0.7421453652717789,2228425.888281266,2218524.1418643864,1995367.888281266,1850988.1418643866,233058.0,367536.0
20240821,1.0125530895955452,1.007791412315306,0.7381553657151897,2227616.7971101995,2217141.107093673,2227616.7971101995,2217141.107093673,0.0,0.0
20240822,1.0126367716690654,1.0078747008617783,0.7289783661586372,2227800.897671944,2217324.3418959123,2227800.897671944,2217324.3418959123,0.0,0.0
20240823,1.0127204606584594,1.0079579962916017,0.7293773666021215,2227985.013448611,2217507.5918415235,2227985.013448611,2217507.5918415235,0.0,0.0
20240826,1.0128041565642991,1.0080412986053449,0.7321703670456423,2228169.144441458,2217690.8569317586,2228169.144441458,2217690.8569317586,0.0,0.0
20240827,1.0128878593871555,1.0081246078035766,0.7241903674891998,2228353.2906517424,2217874.1371678687,2228353.2906517424,2217874.1371678687,0.0,0.0
20240828,1.0130732184218947,1.0082079238868662,0.7249883679327939,2228761.0805281685,2218057.4325511055,2125737.1805281686,2218057.4325511055,103023.9,0.0
20240829,1.0151353219516488,1.009353265009578,0.7369583683764248,2233297.7082936275,2220577.183021072,1991894.8082936276,2100522.183021072,241402.9,120055.0
20240830,1.0171606324725067,1.0104662635889552,0.7509233688200921,2237753.3914395147,2223025.7798957014,2005138.1914395145,2100695.7798957014,232615.19999999998,122330.0
20240902,1.0102620352184757,1.0065595264897902,0.7349633692637965,2222576.4774806467,2214430.9582775384,1464225.0774806465,1779903.1582775384,758351.4,434527.80000000005
20240903,1.0117357566803142,1.0083420262327758,0.7413473697075372,2225818.6646966916,2218352.457712107,1770980.2646966917,1780050.2577121067,454838.4,438302.2
20240904,1.011072125790879,1.0076583042289333,0.7385543701513146,2224358.676739934,2216848.2693036534,1737730.7767399338,1780197.3693036532,486627.9,436650.9
20240905,1.0128056782109394,1.0093335877514464,0.7445393705951289,2228172.4920640667,2220533.8930531824,1772122.0920640666,1780344.4930531825,456050.4,440189.4
20240906,1.0017789959294112,1.0021974759767944,0.7321703710389796,2203913.7910447046,2204834.447148948,875373.7910447045,1325685.9471489477,1328540.0,879148.5
20240909,0.997142340418725,0.9988233097599464,0.7261853714828671,2193713.148921195,2197411.281471882,1128103.148921195,1221527.2814718818,1065610.0,975884.0
20240910,0.998615313082408,1.0003315609726238,0.7285793719267913,2196953.6887812978,2200729.4341397723,1226617.2887812976,1221628.2341397721,970336.4,979101.2000000001
20240911,0.9969450753960191,0.9993899082272885,0.7281803723707523,2193279.165871242,2198657.7981000347,1830286.6658712423,1526145.2981000347,362992.5,672512.5
20240912,0.9970558372154136,0.9990551547624167,0.7257863728147499,2193522.84187391,2197921.3404773166,2115669.6418739096,1825390.1404773165,77853.2,372531.2
20240913,0.9971205452763215,0.9990530582858905,0.7170083732587841,2193665.1996079073,2197916.7282289593,2193665.1996079073,2197916.7282289593,0.0,0.0
20240918,0.9968375192476165,0.9989527481746517,0.7138163737028551,2193042.5423447564,2197696.0459842337,1988917.6423447563,2095544.1459842338,204124.9,102151.9
20240919,0.9974719613346061,0.9999398779322018,0.7277813741469628,2194438.3149361336,2199867.731450844,2145007.9149361337,2095717.3314508442,49430.4,104150.40000000001
20240920,0.9969453835003931,0.9995585282482298,0.7237913745911071,2193279.843700865,2199028.7621461055,1825400.6437008646,1963390.1621461054,367879.2,235638.6
20240923,0.9974760586773115,0.9999558556139292,0.7245893750352882,2194447.3290900853,2199902.882350644,1544864.1290900852,1755890.882350644,649583.2000000001,444012.0
20240924,1.0221541161312866,1.0160756827376234,0.754913375479506,2248739.0554888304,2235366.5020227716,690866.2554888307,1226173.7020227716,1557872.7999999998,1009192.7999999999
20240925,1.0267542791063478,1.018690983187785,0.7601003759237606,2258859.414033965,2241120.163013127,518641.9140339654,881712.1630131272,1740217.5,1359408.0
20240926,1.0668542794860099,1.0534028057995093,0.7956113763680518,2347079.414869222,2317486.1727589206,382590.614869222,628767.5727589204,1964488.8,1688718.6
20240927,1.1590942902248385,1.1317381554893067,0.8666333768123798,2550007.4384946446,2489823.942076475,79.43849464439724,329552.7420764749,2549928.0,2160271.2
20240930,1.274893384118095,1.2333310880338944,0.9532163772567442,2804765.445059809,2713328.393674568,79.44505980924389,181943.99367456773,2804685.9999999995,2531384.4
20241008,1.3496024780115985,1.3007670138037544,1.0090763777011458,2969125.4516255166,2861687.4303682595,79.45162551666614,181959.03036825985,2969046.0,2679728.4
20241009,1.2402070264508032,1.2020383946839335,0.9272813781455839,2728455.458191767,2644484.4683046537,79.45819176670884,181974.06830465392,2728376.0,2462510.4
20241010,1.2327675236765518,1.191281603571331,0.9157103785900588,2712088.552088414,2620819.5278569283,1031460.0520884139,593187.0278569281,1680628.5,2027632.5
20241011,1.2210560879848547,1.1664750811874198,0.8790023790345702,2686323.39356668,2566245.1786123235,2260263.1935666804,1382132.6786123237,426060.19999999995,1184112.5
20241014,1.2216752802881894,1.168011891197173,0.9109223794791186,2687685.616634017,2569626.160633781,2687685.616634017,2569626.160633781,0.0,0.0
20241015,1.2208762948468612,1.1681084211055366,0.8921693799237038,2685927.8486630945,2569838.5264321803,2539917.0486630946,2569838.5264321803,146010.80000000002,0.0
20241016,1.2213760327605108,1.1682049589915784,0.8953613803683255,2687027.2720731236,2570050.9097814723,2520746.8720731237,2570050.9097814723,166280.40000000002,0.0
20241017,1.2150979315854413,1.1649771885249327,0.891770380812984,2673215.4494879707,2562949.814754852,1373562.9494879707,1941843.314754852,1299652.5,621106.5
20241018,1.2263668140332311,1.1779345898515576,0.9324683812576793,2698006.9908731086,2591456.097673427,2095995.7908731084,1942003.7976734268,602011.2000000001,649452.3
20241021,1.237120003448577,1.1858208266917973,0.9492263817024112,2721664.0075868694,2608805.8187219542,1092049.0075868694,1504711.9187219543,1629615.0,1104093.9
20241022,1.2416483821673714,1.1895911066489202,0.9544133821471802,2731626.440768217,2617100.434627624,961785.6407682173,1216823.6346276242,1769840.7999999998,1400276.8
20241023,1.2437584321181039,1.1912767499852757,0.9568073825919857,2736268.5506598284,2620808.8499676064,472556.5506598283,837895.8499676061,2263712.0,1782913.0
20241024,1.2369110427481376,1.1859009534356875,0.9504233830368279,2721204.294045903,2608982.0975585124,771775.494045903,837965.0975585126,1949428.8,1771017.0
20241025,1.2542653478058818,1.204519932214709,0.9723683834817068,2759383.76517294,2649943.85087236,1070542.7651729402,838034.3508723604,1688841.0,1811909.4999999998
20241028,1.2673928976762876,1.2157039135952832,0.9855353839266229,2788264.374887833,2674548.609909623,687282.3748878328,838103.6099096226,2100982.0,1836445.0000000002
20241029,1.2495678619450197,1.2008242332823296,0.9707723843715754,2749049.2962790434,2641813.313221125,287826.4962790436,566950.9132211251,2461222.8,2074862.4
20241030,1.2559066354461859,1.2069470792937285,0.9763583848165649,2762994.597981609,2655283.5744462027,308653.5979816089,426555.97444620274,2454341.0,2228727.6
20241031,1.2723309575197388,1.2218671031845794,0.990722385261591,2799128.1065434255,2688107.6270060744,308679.1065434255,426591.22700607433,2490449.0,2261516.4
20241101,1.2423971129136604,1.1920751283997184,0.9619943857066539,2733273.648410053,2622565.2824793803,578562.9484100526,426626.4824793806,2154710.7,2195938.8
20241104,1.2600072784147696,1.2117851720240396,0.9839393861517539,2772016.012512493,2665927.378452887,953094.4125124929,668960.5784528867,1818921.6,1996966.8
20241105,1.283229099702892,1.238060431597659,1.01705638659689,2823104.019346362,2723732.94951485,1245527.9193463621,939942.74951485,1577576.0999999999,1783790.2
20241106,1.2857309535271138,1.2406404685153718,1.0202483870420636,2828608.09775965,2729409.030733818,1037429.5977596499,940020.4307338181,1791178.5,1789388.5999999999
20241107,1.3095785540188918,1.2595539152437696,1.0394003874872737,2881072.818841562,2771018.613536293,382617.318841562,662792.1135362932,2498455.5,2108226.5
20241108,1.3099009326661635,1.2596938504864248,1.0401983879325205,2881782.0518655595,2771326.4710701345,158770.55186555945,416423.37107013445,2723011.5,2354903.1
20241111,1.328900503973191,1.2816911973874017,1.0645373883778042,2923581.10874102,2819720.6342522837,926583.10874102,652504.2342522839,1996998.0,2167216.4
20241112,1.3200432428879842,1.2724944168969994,1.0537643888231247,2904095.1343535655,2799487.7171733985,988577.8343535656,810022.4171733983,1915517.3,1989465.3
20241113,1.3146904439029732,1.2671388513314918,1.047779389268482,2892318.976586541,2787705.472929282,1817759.7765865412,1275917.2729292824,1074559.2,1511788.2
20241114,1.3046073008367263,1.2519652602654392,1.017056389713876,2870136.061840798,2754323.5725839664,2156925.861840798,1676606.3725839665,713210.2,1077717.2
20241115,1.30379026000805,1.2506711922116402,0.9931163901593069,2868338.5720177097,2751476.6228656084,2868338.5720177097,2751476.6228656084,0.0,0.0
20241118,1.298448787274198,1.2481617049330025,0.9695753906047746,2856587.332003236,2745955.7508526053,2418215.332003236,2535760.7508526053,438372.0,210195.0
20241119,1.3116744698744514,1.255896403164356,0.9939143910502792,2885683.833723793,2762972.0869615832,1756762.6337237929,2109582.786961583,1128921.2,653389.3
20241120,1.3274728396437503,1.2665311672891733,1.0122683914958206,2920440.2472162507,2786368.5680361814,1130586.747216251,1602096.9680361815,1789853.5,1184271.5999999999
20241121,1.3302495602579192,1.2686401174655415,1.0146623919413986,2926549.0325674224,2791008.2584241913,600721.232567422,1094827.2584241913,2325827.8000000003,1696181.0
20241122,1.2882773273146526,1.2342708586592606,0.9763583923870137,2834210.120092236,2715395.8890503733,474812.720092236,774435.4890503731,2359397.4,1940960.4000000001
20241125,1.2929748762515427,1.238060368149156,0.9807473928326657,2844544.727753394,2723732.8099281434,302235.32775339327,523331.20992814313,2542309.4000000004,2200401.6
20241126,1.2789467250983977,1.2250589365642548,0.9679793932783542,2813682.795216475,2695129.6604413604,528148.195216475,523374.4604413603,2285534.6,2171755.2
20241127,1.2966209760860654,1.2457863121740573,0.9919193937240797,2852566.147389344,2740729.886782926,1197387.347389344,831979.0867829261,1655178.8,1908750.8
20241128,1.2921741557107334,1.2409315660841542,0.9863333941698419,2842783.1425636136,2730049.4453851394,1093843.1425636136,832047.8453851396,1748940.0,1898001.6
20241129,1.3033700121446277,1.253345749375723,1.002692394615641,2867414.0267181806,2757360.6486265906,1338756.1267181807,1064352.5486265908,1528657.9,1693008.0999999999
20241202,1.3255124255770951,1.2718139398521213,1.0230413950614772,2916127.336269609,2797990.6676746667,427765.33626960916,743970.2676746666,2488362.0,2054020.4000000001
20241203,1.321737929343274,1.2686844063658207,1.02024839550735,2907823.444555203,2791105.6940048058,9975.344555202808,382155.9940048058,2897848.1,2408949.6999999997
20241204,1.3051048559571865,1.2541390350658213,1.0066823959532596,2871230.68310581,2759105.8771448066,180955.78310580977,382187.5771448062,2690274.9000000004,2376918.3000000003
20241205,1.314167362843861,1.264906448292817,1.0182533963992062,2891168.1982564945,2782794.186244197,907753.7982564941,624312.5862441973,1983414.4000000001,2158481.6
20241206,1.3239537091124702,1.2749416461086045,1.0294253968451896,2912698.1600474347,2804871.62143893,933838.1600474349,764865.6214389297,1978860.0,2040006.0
20241209,1.3152840522112372,1.2667039697607996,1.02024839729121,2893624.9148647217,2786748.733473759,752904.5148647219,764928.8334737594,2140720.4,2021819.9
20241210,1.3236397522769492,1.2753934466857806,1.031021397737267,2912007.455009288,2805865.5827087173,571678.6550092879,667863.9827087172,2340328.8000000003,2138001.6
20241211,1.3341739087820401,1.2867957894364874,1.044188398183361,2935182.599320488,2830950.736760272,1017706.6993204879,817954.3367602724,1917475.9,2012996.4
20241212,1.3413517180367047,1.2938192437691982,1.0521683986294919,2950973.7796807503,2846402.336292236,868534.8796807504,818021.9362922361,2082438.9,2028380.4
20241213,1.3200422909841352,1.274470139479562,1.0314203990756596,2904093.0401650975,2803834.306855036,446016.5401650972,628815.306855036,2458076.5,2175019.0
20241216,1.3078921873724119,1.2618727613919154,1.0182533995218643,2877362.812219306,2776120.075062214,819430.0122193057,628867.275062214,2057932.8,2147252.8
20241217,1.291349896216119,1.243181856971944,0.9963083999681056,2840969.771675462,2735000.085338277,1265862.1716754623,917683.485338277,1575107.5999999999,1817316.5999999999
20241218,1.2927728873900075,1.2472574171125315,1.0042884004143842,2844100.3522580164,2743966.3176475693,2594162.2522580163,1702431.7176475695,249938.09999999998,1041534.6
20241219,1.2961544455455603,1.2478734056429577,1.0070814008606994,2851539.7802002328,2745321.492414507,2043102.580200233,1833400.2924145071,808437.2,911921.2
20241220,1.297284715209015,1.2503764141072422,1.017056401307051,2854026.373459833,2750828.111035933,2463519.5734598334,2105166.4110359326,390506.8,645661.7
20241223,1.280271907311903,1.237991000916177,0.9883284017534404,2816598.196086187,2723580.2020155895,1460688.3960861869,1759036.4020155894,1355909.7999999998,964543.7999999999
20241224,1.281251544630168,1.2408674194507674,0.9991014021998663,2818753.39818637,2729908.322791688,2722850.1981863696,2188042.722791688,95903.2,541865.6
20241225,1.2776665275293237,1.2384905239858082,0.9891264026463292,2810866.360564512,2724679.152768778,2045599.060564512,2188223.552768778,765267.3,536455.6
20241226,1.2770371634291264,1.238077671060498,0.9987024030928289,2809481.7595440783,2723770.8763330956,2809481.7595440783,2723770.8763330956,0.0,0.0
20241227,1.2777185588526312,1.2384590820149475,1.0002984035393654,2810980.8294757884,2724609.9804328843,1561241.3294757886,2118918.780432884,1249739.5,605691.2000000001
20241230,1.2763396587987392,1.237789460985119,0.9975054039859389,2807947.2493572263,2723136.8141672616,2416697.2493572263,2231386.8141672616,391250.0,491750.0
20241231,1.268501387243413,1.2307205574093927,0.9655854044325494,2790703.0519355084,2707585.226300664,2263869.0519355084,2231571.226300664,526834.0,476014.0
20250102,1.2680908385503693,1.2303566017856569,0.9396504048791966,2789799.8448108123,2706784.5239284453,2789799.8448108123,2706784.5239284453,0.0,0.0
20250103,1.2681956394461171,1.230458284149441,0.9137154053258808,2790030.406781458,2707008.22512877,2790030.406781458,2707008.22512877,0.0,0.0
20250106,1.2679161577983566,1.230559974916726,0.908528405772602,2789415.5471563847,2707231.944816797,2583119.3471563845,2707231.944816797,206296.2,0.0
20250107,1.2695251667714924,1.2313879206668668,0.9216954062193601,2792955.366897283,2709053.425467107,2559876.366897283,2596094.425467107,233079.0,112959.0
20250108,1.2686765647610363,1.2309796666436144,0.917306406666155,2791088.44247428,2708155.2666159514,2046212.44247428,2291346.5666159512,744876.0,416808.7
20250109,1.2721399464605938,1.2333353545473085,0.9193014071129869,2798707.882213306,2713337.7800040785,1332672.6822133062,1791276.9800040787,1466035.2,922060.7999999999
20250110,1.2491911579353534,1.2178509354348348,0.8997504075598558,2748220.5474577774,2679272.0579566364,407530.5474577773,1095585.5579566364,2340690.0,1583686.5
20250113,1.2464600897973253,1.2187343204422616,0.9017454080067614,2742212.1975541157,2681215.5049729757,1456950.197554116,1250635.5049729757,1285261.9999999998,1430579.9999999998
20250114,1.2576437724845018,1.2391406965103984,0.9432414084537043,2766816.299465904,2726109.5323228766,2226169.499465904,1717627.1323228767,540646.7999999999,1008482.3999999999
20250115,1.2514967319554222,1.2288115344644799,0.921296408900684,2753292.810301929,2703385.375821856,2014181.9103019286,1855751.4758218557,739110.9,847633.9
20250116,1.2529742173217233,1.2305279581853608,0.9252864093477005,2756543.278107791,2707161.5080077937,1240844.8781077915,1536994.1080077935,1515698.4,1170167.4
20250117,1.2619173776999182,1.237150856753278,0.932069409794754,2776218.23093982,2721731.8848572117,447693.4309398203,987251.8848572118,2328524.8,1734480.0
20250120,1.2673714288327877,1.2414568291996657,0.9372564102418446,2788217.143432133,2731205.0242392644,1628985.6434321331,1296670.7242392641,1159231.5,1434534.3
20250121,1.2707464135302788,1.2454987832003006,0.9432414106889719,2795642.1097666137,2740097.3230406614,1682198.109766614,1474411.7230406615,1113444.0,1265685.5999999999
20250122,1.267571699780814,1.2414699910201261,0.9356604111361364,2788657.7395177907,2731233.9802442775,2218119.2395177907,1823015.4802442775,570538.5,908218.5000000001
20250123,1.2659086604786,1.2401553245292798,0.9308724115833377,2784999.0530529204,2728341.7139644157,2144123.9530529203,1963351.0139644155,640875.1000000001,764990.7000000001
20250124,1.2664881468061764,1.2439481692533312,0.9496254120305759,2786273.922973588,2736685.9723573285,2673461.922973588,2287341.9723573285,112812.0,449344.0
20250127,1.2630027415649685,1.2402580949472588,0.9320694124778511,2778606.031442931,2728567.808883969,2393399.631442931,2287531.0088839694,385206.39999999997,441036.8
20250205,1.2643681970740668,1.241804446326594,0.9384534129251634,2781610.033562947,2731969.781918507,2781610.033562947,2731969.781918507,0.0,0.0
20250206,1.2695821758623358,1.2444148720869141,0.9635904133725126,2793080.7868971387,2737712.718591211,2385670.2868971387,2537750.718591211,407410.5,199962.0
20250207,1.2763923353039919,1.2484933193147598,0.9795504138198988,2808063.137668782,2746685.3024924714,1869025.6376687821,2187436.3024924714,939037.5,559249.0
20250210,1.2879428756702616,1.2555748998290424,0.9907224142673218,2833474.3264745753,2762264.779623893,524284.3264745753,1353658.8796238927,2309190.0,1408605.9000000001
20250211,1.2855181942782883,1.2539114192149539,0.9887274147147821,2828140.0274122343,2758605.1222728984,246.42741223417562,680306.5222728983,2827893.6,2078298.6
20250212,1.3021370122218614,1.2693974194738518,1.003490415162279,2864701.426888095,2792674.322842474,325557.426888095,498491.32284247386,2539144.0,2294183.0
20250213,1.2915081569478584,1.2594648729420277,0.9939144156098133,2841317.9452852886,2770822.720472461,428784.44528528885,498532.52047246083,2412533.5,2272290.2
20250214,1.2927118914401599,1.2619699496307644,0.9975054160573842,2843966.161168352,2776333.8891876815,1437466.161168352,951333.8891876814,1406500.0,1825000.0
20250217,1.295651898464033,1.2656556871923414,1.0018944165049923,2850434.1766208727,2784442.5118231513,1175597.176620873,951412.5118231514,1674837.0,1833030.0
20250218,1.2805565498094698,1.2491005186165272,0.9819444169526371,2817224.4095808333,2748021.14095636,1178444.5095808334,951491.1409563599,1638779.9,1796530.0
20250219,1.292158432661124,1.2637805621932223,1.0038894174003192,2842748.5518544726,2780317.236825089,1607392.5518544724,1255369.636825089,1235356.0,1524947.6
20250220,1.296992134843989,1.2685112210826597,1.0106724178480382,2853382.6966567757,2790724.6863818513,1343967.9966567755,1255473.3863818515,1509414.7,1535251.3
20250221,1.3094685529930274,1.2817823838695261,1.0298244182957943,2880830.81658466,2819921.2445129575,1415339.0165846602,1255577.1445129574,1465491.8,1564344.0999999999
20250224,1.3111267187557278,1.2831610491127046,1.0314204187435876,2884478.7812626013,2822954.30804795,485340.2812626012,882911.8080479498,2399138.5,1940042.5
20250225,1.3037763576160186,1.2789161571964656,1.0270314191914174,2868307.986755241,2813615.545832224,1179506.5867552413,1016706.1458322244,1688801.4,1796909.4
20250226,1.3111566619547657,1.2888905099674473,1.0429914196392844,2884544.656300484,2835559.121928384,1845479.6563004842,1416418.5219283842,1039065.0,1419140.5999999999
20250227,1.3088180243887417,1.2857930103758535,1.0374054200871885,2879399.653655232,2828744.6228268775,1946519.6536552317,1668884.6228268775,932880.0,1159860.0
20250228,1.2948867812324472,1.2695998291245962,1.00189442053513,2848750.918711384,2793119.6240741117,1985971.318711384,1806798.8240741119,862779.6000000001,986320.8
20250303,1.2949091588416493,1.2693908591276122,1.0006974209831077,2848800.1494516283,2792659.8900807467,2451031.3494516285,2095937.4900807466,397768.8,696722.4
20250304,1.2937728043388477,1.2673179069152287,1.013864421431123,2846300.1695454647,2788099.3952135034,2846300.1695454647,2788099.3952135034,0.0,0.0
20250305,1.293879727711107,1.2674226439323293,1.020647421879175,2846535.400964435,2788329.8166511245,2846535.400964435,2788329.8166511245,0.0,0.0
20250306,1.2958220996413983,1.2684257793586797,1.042991422327264,2850808.6192110763,2790536.714589095,2590192.8192110765,2662973.514589095,260615.8,127563.2
20250307,1.294522354969635,1.267770604224747,1.0386024227753905,2847949.180933197,2789095.329294443,1799200.480933197,2213051.429294443,1048748.7000000002,576043.9
20250310,1.2948874859964046,1.268155511866719,1.0397994232235537,2848752.46919209,2789942.1261067814,2152168.66919209,2213234.3261067816,696583.7999999999,576707.7999999999
20250311,1.2967926710336868,1.2700492900157088,1.0469814236717543,2852943.8762741107,2794108.438034559,2197993.476274111,2213417.238034559,654950.4,580691.2000000001
20250312,1.2971930820057018,1.270478677476316,1.0485774241199914,2853824.780412544,2795053.090447895,2572891.580412544,2368265.890447895,280933.2,426787.2
20250313,1.2900007551614119,1.2654622444762045,1.0326174245682658,2838001.661355106,2784016.9378476497,1704716.4613551064,2018745.3378476496,1133285.2,765271.6
20250314,1.2954221644115143,1.2713176710478742,1.049774425016577,2849928.7617053315,2796898.876305323,2083255.3617053316,2018912.176305323,766673.3999999999,777986.7
20250317,1.2961427304341533,1.271911136873323,1.0509714254649256,2851514.0069551375,2798204.5011213105,1508700.8069551375,1750662.7011213105,1342813.2,1047541.7999999999
20250318,1.298244209938344,1.27396540181326,1.0553604259133111,2856137.2618643567,2802723.883989172,1920865.261864357,1750807.3839891718,935272.0,1051916.5
20250319,1.294274679148893,1.2703247585902036,1.0481784263617335,2847404.294127565,2794714.4688984477,1222342.0941275652,1475697.7688984477,1625062.2,1319016.7
20250320,1.2918350052978222,1.2680731697224263,1.0437894268101937,2842037.011655209,2789760.973389338,2118713.011655209,1776060.973389338,723324.0,1013700.0
20250321,1.2824904291576658,1.2586285251308933,1.02224342725869,2821478.9441468646,2768982.7552879653,1800265.7441468646,1776207.7552879653,1021213.2,992774.9999999999
20250324,1.2798874465000065,1.2556048599233798,1.0142634277072238,2815752.382300014,2762330.6918314355,2137038.382300014,1929063.0918314357,678714.0,833267.6
20250325,1.2781756795871435,1.2534213366850024,1.0074804281557947,2811986.495091716,2757526.9407070056,2289311.495091716,2084614.4407070056,522675.0,672912.5
20250326,1.2775982187577009,1.2526454814266568,1.0106724286044027,2810716.081266942,2755820.059138645,2810716.081266942,2755820.059138645,0.0,0.0
20250327,1.2777038053873504,1.2527490058466093,1.0106724290530478,2810948.3718521707,2756047.8128625406,2810948.3718521707,2756047.8128625406,0.0,0.0
20250328,1.2778094007431673,1.2528525388222993,1.0002984295017299,2811180.681634968,2756275.5854090583,2811180.681634968,2756275.5854090583,0.0,0.0
20250331,1.2779150048258734,1.2529560803544333,0.994313429950449,2811413.0106169214,2756503.3767797532,2811413.0106169214,2756503.3767797532,0.0,0.0
20250401,1.2780206176361895,1.2530596304437187,0.998702430399205,2811645.358799617,2756731.1869761813,2811645.358799617,2756731.1869761813,0.0,0.0
20250402,1.2781262391748371,1.2531631890908628,1.0018944308479985,2811877.7261846415,2756959.0159998983,2811877.7261846415,2756959.0159998983,0.0,0.0
20250403,1.2781532656861265,1.253266756296573,0.9903234312968289,2811937.1845094785,2757186.8638524604,2774458.9845094783,2757186.8638524604,37478.200000000004,0.0
20250407,1.2738982375573815,1.2533703320615561,0.8913714317456964,2802576.1226262394,2757414.7305354234,2663844.7226262395,2757414.7305354234,138731.4,0.0
20250408,1.2729844474821714,1.2534739163865198,0.885386432194601,2800565.784460777,2757642.6160503435,2800565.784460777,2757642.6160503435,0.0,0.0
20250409,1.275974478453678,1.2535775092721715,0.9009474326435427,2807143.8525980916,2757870.5203987774,2627407.052598092,2757870.5203987774,179736.8,0.0
20250410,1.2804459304626452,1.2551459045644329,0.9228924330925216,2816981.0470178192,2761320.9900417523,1905196.447017819,2313986.790041752,911784.6000000001,447334.2
20250411,1.295641327807087,1.2646160102966606,0.9348624335415373,2850410.9211755916,2782155.222652653,801691.7211755919,1550440.1226526531,2048719.2,1231715.1
20250414,1.306765343700119,1.2720818446363544,0.9472314339905905,2874883.756140262,2798580.05819998,1512207.756140262,1550568.2581999798,1362676.0,1248011.8
20250415,1.3045540123885946,1.2699895019713732,0.9436404344396806,2870018.827254908,2793976.904337021,1581803.3272549082,1550696.404337021,1288215.5,1243280.5
20250416,1.300331717343658,1.2644200218242148,0.9316704348888077,2860729.7781560477,2781724.048013272,2538499.7781560477,2019346.5480132722,322230.0,762377.5
20250417,1.30056338856094,1.2640861452134928,0.932069435337972,2861239.454834068,2780989.5194696845,2506401.0548340683,2223619.9194696844,354838.39999999997,557369.6
20250418,1.3004194849947204,1.2637358589595284,0.9304734357871737,2860922.8669883846,2780218.889710963,2202132.8669883846,2223803.689710963,658790.0,556415.2
20250421,1.3076902233137315,1.2690252159726658,0.9496254362364123,2876918.4912902093,2791855.4751398647,2098658.4912902093,2223987.4751398647,778260.0,567868.0
20250422,1.3080146593295685,1.2692552692751433,0.949625436685688,2877632.250525051,2792361.5924053155,1303024.2505250508,1749445.5924053155,1574608.0,1042916.0
20250423,1.3120035371206422,1.2721095339480362,0.955211437135001,2886407.7816654127,2798640.9746856797,1777267.5816654125,1749590.1746856796,1109140.2,1049050.8
20250424,1.307750421574429,1.267594076779542,0.9460344375843509,2877050.9274637434,2788706.968914992,1930310.6274637433,1749734.7689149925,946740.3,1038972.2
20250425,1.3077947110451886,1.2681335399907165,0.948029438033738,2877148.364299415,2789893.7879795763,2745042.764299415,2204447.3879795764,132105.6,585446.4
20250428,1.307847508194532,1.2679933401288943,0.9380544384831623,2877264.5180279706,2789585.3482835675,2877264.5180279706,2789585.3482835675,0.0,0.0
20250429,1.307955594765457,1.2680981329669214,0.9428424389326236,2877502.3084840057,2789815.8925272273,2877502.3084840057,2789815.8925272273,0.0,0.0
20250430,1.3080636902691567,1.2682029344655137,0.9500244393821221,2877740.118592145,2790046.45582413,2877740.118592145,2790046.45582413,0.0,0.0
20250506,1.3081717947063691,1.2683077446253868,0.974363439831658,2877977.948354012,2790277.038175851,2877977.948354012,2790277.038175851,0.0,0.0
20250507,1.303414597254608,1.2660543317400181,0.9751614402812309,2867512.1139601376,2785319.52982804,1797040.1139601378,2266458.3298280397,1070472.0,518861.2
20250508,1.310363001955677,1.2707284904620089,0.983939440730841,2882798.604302489,2795602.6790164197,1272254.004302489,1749032.2790164198,1610544.6,1046570.4
20250509,1.3013240760573075,1.2635888528625188,0.9723684411804879,2862912.9673260767,2779895.4762975415,1184307.3673260766,1452217.8762975417,1678605.5999999999,1327677.5999999999
20250512,1.3075402669628426,1.2704620882508553,0.9859344416301725,2876588.5873182537,2795016.5941518815,2389060.287318254,1883464.6941518814,487528.3,911551.9
20250513,1.3074696114987647,1.2703636932650548,0.9823434420798939,2876433.1452972824,2794800.125183121,2531014.5452972823,2177330.5251831207,345418.60000000003,617469.6000000001
20250514,1.3076895464457845,1.2708247490832734,0.9847374425296526,2876917.002180726,2795814.4479832016,2729824.202180726,2412287.2479832014,147092.8,383527.2
20250515,1.2991350917671745,1.265195541492845,0.9687774429794483,2858097.2018877836,2783430.1912842593,1571742.801887784,1969807.3912842595,1286354.4,813622.7999999999
20250516,1.3002746773680989,1.266254762726138,0.9703734434292814,2860604.2902098177,2785760.4779975037,1489442.690209818,1705709.2779975038,1371161.5999999999,1080051.2
20250519,1.3050515204188455,1.269909781985846,0.9747624438791515,2871113.3449214604,2793801.520368861,943830.6449214605,1312610.620368861,1927282.7,1481190.9000000001
20250520,1.313326150202747,1.2768092094538166,0.982742444329059,2889317.5304460432,2808980.2607983965,690104.8304460428,994488.1607983964,2199212.7,1814492.1
20250521,1.3108691293973571,1.2747425231265874,0.9803484447790035,2883912.0846741856,2804433.550878492,583914.3846741858,783551.0508784922,2299997.6999999997,2020882.4999999998
20250522,1.30249977618489,1.2663628014146944,0.9707724452289852,2865499.507606758,2785998.1631123275,1197921.3076067576,973656.4631123273,1667578.2,1812341.7
20250523,1.2989461442251495,1.2592819435353941,0.9584034456790042,2857681.517295329,2770420.275777867,2492817.717295329,1695765.4757778673,364863.80000000005,1074654.8
20250526,1.2989015580143708,1.258938507056848,0.9639894461290602,2857583.4276316157,2769664.7155250655,2857583.4276316157,2769664.7155250655,0.0,0.0
20250527,1.2989913454475888,1.2590340466047958,0.9611964465791535,2857780.959984695,2769874.9025305505,2626998.759984695,2658097.3025305504,230782.19999999998,111777.59999999999
20250528,1.2976715155552008,1.2583789626502362,0.9588024470292841,2854877.3342214418,2768433.7178305197,1669237.1342214418,2138126.8178305198,1185640.2,630306.9
20250529,1.3089331112626283,1.2661871073754951,0.9759594474794518,2879652.8447777824,2785611.636226089,1450210.444777782,1771744.6362260892,1429442.4000000001,1013867.0000000001
20250530,1.301087813675965,1.2605359460926007,0.9667824479296566,2862393.190087123,2773179.0814037216,827557.7900871226,1290303.0814037216,2034835.4000000001,1482876.0
20250603,1.3007624517419905,1.2626937928938045,0.9719694483798987,2861677.393832379,2777926.34436637,2054874.1938323793,1638121.94436637,806803.2,1139804.4
20250604,1.3062653782142157,1.2674343301569289,0.9807474488301783,2873783.8320712745,2788355.5263452437,1475919.2320712744,1638257.3263452433,1397864.6,1150098.2000000002
20250605,1.30948637855408,1.2711359779767168,0.9887274492804949,2880870.032818976,2796499.1515487772,2017287.0328189759,1804060.1515487772,863583.0000000001,992439.0000000001
20250606,1.30813630548938,1.2700948853686629,0.9867324497308485,2877899.8720766357,2794208.7478110585,1552866.4720766358,1658607.1478110587,1325033.4,1135601.5999999999
20250609,1.3113808315605957,1.2742726853090602,0.9967074501812396,2885037.8294333103,2803399.9076799327,2270529.8294333103,1931348.1076799326,614508.0,872051.8
20250610,1.30803760769795,1.27085423783001,0.9879294506316676,2877682.7369354903,2795879.323226022,2061345.5369354903,1931507.723226022,816337.2,864371.6
20250611,1.3104416648459718,1.27293946132085,0.992318451082133,2882971.662661138,2800466.8149058702,1674787.0626611377,1779304.6149058703,1208184.6,1021162.2000000001
20250612,1.3117930859237015,1.2741249778041608,0.9939144515326359,2885944.789032143,2803074.9511691537,1498955.989032143,1617857.1511691534,1386988.8,1185217.8
20250613,1.3030255831695086,1.2665268997078212,0.9811464519831756,2866656.282972919,2786359.1793572064,1349207.382972919,1465384.3793572064,1517448.9000000001,1320974.8
20250616,1.3037036680893885,1.268744699289644,0.9867324524337527,2868148.069796655,2791238.338437217,2121796.669796655,1759502.7384372167,746351.3999999999,1031735.6
20250617,1.303060662425381,1.2682418872212158,0.9855354528843671,2866733.4573358386,2790132.1518866746,1810561.4573358386,1759648.1518866743,1056172.0,1030484.0000000001
20250618,1.3027340407461516,1.2679229512207943,0.9843384533350187,2866014.8896415336,2789430.4926857473,2866014.8896415336,2789430.4926857473,0.0,0.0
20250619,1.301682181747227,1.2674641980627264,0.9723684537857075,2863700.7998438994,2788421.235737998,2628530.2998438994,2674125.935737998,235170.49999999997,114295.29999999999
20250620,1.301604776951849,1.2674790440811912,0.9643884542364335,2863530.509294068,2788453.8969786204,2863530.509294068,2788453.8969786204,0.0,0.0
20250623,1.3017123475945724,1.2675837944154127,0.9767574546871969,2863767.1647080593,2788684.3477139077,2863767.1647080593,2788684.3477139077,0.0,0.0
20250624,1.3079835055475806,1.2706891386594261,0.9951114551379976,2877563.712204677,2795516.1050507375,2101430.912204677,2417675.1050507375,776132.8,377841.00000000006
20250625,1.3164434401740823,1.275987155544407,1.0098744555888357,2896175.5683829812,2807171.742197695,1586129.968382981,1982318.8421976953,1310045.6,824852.9
20250626,1.312540551764408,1.2733935176168225,1.0054854560397106,2887589.2138816975,2801465.7387570096,778853.2138816974,1372373.7387570094,2108736.0,1429092.0
20250627,1.3157348293138842,1.2757650263973919,1.0090764564906227,2894616.624490545,2806683.058074262,1248743.4244905452,1372487.158074262,1645873.2,1434195.9
20250630,1.322297570990692,1.2831822807999465,1.0222434569415724,2909054.656179522,2823001.0177598824,1850436.2561795223,1584017.8177598824,1058618.4,1238983.2
20250701,1.3236818112707887,1.2847805128742424,1.0250364573925597,2912099.984795735,2826517.1283233333,1850589.1847957354,1584148.7283233337,1061510.8,1242368.4
20250702,1.320256994446426,1.2804952780243026,1.0158594578435836,2904565.387782137,2817089.611653466,2142802.1877821367,1835861.2116534656,761763.2,981228.3999999999
20250703,1.3220490870830233,1.2824912435093385,1.0202484582946452,2908507.991582651,2821480.7357205446,2028132.8915826513,1836012.9357205445,880375.1,985467.7999999999
20250704,1.3206919092140885,1.2808942752598094,1.016258458745744,2905522.2002709946,2817967.4055715804,2409621.3002709947,2084940.8055715803,495900.9,733026.6000000001
20250707,1.3203967962689263,1.2808689165645821,1.0174554591968799,2904872.9517916376,2817911.6164420806,2861522.9517916376,2429291.6164420806,43350.0,388620.0
20250708,1.3257012427219743,1.2847405892794903,1.0318194596480532,2916542.7339883437,2826429.2964148787,2084626.5339883436,2226218.6964148786,831916.2,600210.6
20250709,1.3245213315893507,1.283736455364862,1.0286274600992638,2913946.9294965714,2824220.2018026966,2041036.1294965714,2105731.6018026965,872910.7999999999,718488.6
20250710,1.325948030556908,1.2847818393335317,1.0306224605505117,2917085.6672251974,2826520.04653377,1309168.1672251974,1686125.5465337697,1607917.5,1140394.5
20250711,1.3333506509943807,1.2908839236224692,1.040996461001797,2933371.4321876373,2839944.6319694323,1309529.8321876375,1478568.4319694324,1623841.6,1361376.2
20250714,1.3328034067669965,1.2903524136938882,1.0401984614531192,2932167.494887392,2838775.310126554,1277765.2948873919,1361388.410126554,1654402.2000000002,1477386.9000000001
20250715,1.3303405146759963,1.2880852370751852,1.036607461904479,2926749.132287192,2833787.5215654075,1360414.9322871922,1361500.9215654074,1566334.2,1472286.5999999999
20250716,1.3322205651058643,1.2904423539110585,1.040996462355876,2930885.243232901,2838973.178604329,1971816.8432329013,1633615.178604329,959068.4,1205358.0
20250717,1.3385793602905782,1.2970137218741917,1.0533654628073104,2944874.592639272,2853430.188123222,1782746.592639272,1633750.188123222,1162128.0,1219680.0
20250718,1.3400441511123051,1.2983994374492451,1.0557594632587821,2948097.1324470714,2856478.7623883393,1451519.5324470715,1525805.3623883396,1496577.5999999999,1330673.4
20250721,1.3471179288568345,1.3043542928488823,1.0645374637102911,2963659.4434850356,2869579.444267541,1063509.8434850352,1278651.0442675408,1900149.6,1590928.4000000001
20250722,1.3529376602304866,1.3092865925995099,1.0709214641618374,2976462.8525070706,2880430.5037189214,780145.6525070705,1020150.1037189213,2196317.2,1860280.4000000001
20250723,1.3485146726466255,1.3055422292526846,1.0669314646134207,2966732.279822576,2872192.904355906,435523.87982257584,722831.7043559063,2531208.4,2149361.1999999997
20250724,1.3601040053614317,1.3178370497074243,1.081295465065042,2992228.81179515,2899241.5093563334,1023955.8117951497,855901.5093563333,1968273.0,2043340.0
20250725,1.3596651101377721,1.31730734034412,1.0804974655167006,2991263.2423030986,2898076.148757064,1404375.2423030983,1112962.548757064,1586888.0,1785113.6
20250728,1.359866026455129,1.3186175702518832,1.083689465968396,2991705.258201284,2900958.654554143,2857263.258201284,1940037.854554143,134442.0,960920.8
20250729,1.361574660673243,1.3210133657913794,1.0928664664201286,2995464.253481135,2906229.404741035,2602965.5534811346,2231887.604741035,392498.7,674341.7999999999
20250730,1.3613580984192086,1.3194523687941728,1.082891466871899,2994987.816522259,2902795.2113471804,2982232.016522259,2564630.8113471805,12755.8,338164.4
20250731,1.3593789291645484,1.3178191924683331,1.0753104673237066,2990633.6441620067,2899202.2234303327,2011270.6441620067,2255366.7234303327,979363.0,643835.5
20250801,1.3591382334086324,1.3177048131708262,1.0745124677755515,2990104.1134989914,2898950.588975818,1817841.2134989914,2007567.588975818,1172262.9000000001,891383.0
20250804,1.363586702720165,1.3227452289329966,1.0876794682274338,2999890.745984363,2910039.5036525927,2098947.745984363,2007733.5036525927,900943.0,902306.0
20250805,1.36546235865484,1.3252279236551474,1.0940634686793536,3004017.189040648,2915501.432041324,2311387.9890406476,2007899.4320413242,692629.2,907602.0
20250806,1.3686566605906865,1.328921910890106,1.1056344691313102,3011044.65329951,2923628.2039582334,2354594.75329951,2152181.8039582334,656449.9,771446.4
20250807,1.3685192511332127,1.329009136976291,1.1060334695833045,3010742.3524930677,2923820.1013478404,1791616.7524930679,1949462.1013478406,1219125.5999999999,974357.9999999999
20250808,1.3668884444137936,1.3276444154173634,1.1024424700353364,3007154.577710346,2920817.7139181998,1918808.877710346,1949623.2139182,1088345.7,971194.5
20250811,1.3726611903705854,1.3341085635471126,1.1184024704874056,3019854.618815288,2935038.8398036477,2145879.218815288,1949784.3398036477,873975.4,985254.5
20250812,1.374288648929307,1.335779535911493,1.122392470939512,3023435.027644475,2938714.9790052846,2037478.5276444748,1949945.4790052844,985956.5000000001,988769.5000000001
20250813,1.380514385030517,1.3424034688746411,1.1387514713916558,3037131.6470671375,2953287.6315242103,2098165.6470671375,1950106.6315242103,938966.0,1003181.0
20250814,1.3699266838428983,1.334902400996171,1.1263824718438367,3013838.7044543764,2936785.282191576,1034915.7044543766,1488021.682191576,1978923.0,1448763.5999999999
20250815,1.3762131949297205,1.3453879715995254,1.1495244722960551,3027669.028845385,2959853.5375189558,2082412.928845385,1753578.8375189558,945256.1,1206274.7
20250818,1.3864465725442383,1.3545115716953553,1.166282472748311,3050182.4595973245,2979925.4577297815,1382610.9595973245,1562270.4577297815,1667571.5,1417655.0
20250819,1.3869651374092025,1.3550111686321595,1.1670804732006044,3051323.3023002455,2981024.570990751,1436430.8023002457,1562399.570990751,1614892.5,1418625.0
20250820,1.4012664961493144,1.365771660630868,1.1802474736529351,3082786.291528492,3004697.6533879098,553104.6915284918,1055079.8533879095,2529681.6,1949617.8
20250821,1.394340618884881,1.3577223409409127,1.169474474105303,3067549.361546738,2986989.150070008,1304845.9615467377,1055167.0500700076,1762703.4000000001,1931822.1
20250822,1.3947639009484118,1.365481873226574,1.1898234745577083,3068480.582086506,3004060.121098463,2858249.582086506,1920699.5210984629,210231.0,1083360.6
20250825,1.3968167141396495,1.3705228480445533,1.205384475010151,3072996.771107229,3015150.265698017,2669391.171107229,2276515.765698017,403605.6,738634.5
20250826,1.3973270106585367,1.370608367044016,1.2053844754626313,3074119.4234487806,3015338.407496835,2340016.4234487806,2276703.907496835,734103.0,738634.5
20250827,1.383447967650522,1.36091829176896,1.1842374759151488,3043585.5288311485,2994020.241891712,1336985.5288311483,1796432.2418917117,1706600.0,1197588.0
20250828,1.385189365636314,1.3663274427800618,1.2005964763677037,3047416.6043998906,3005920.3741161358,2325858.4043998905,2035216.9741161356,721558.2,970703.4
20250829,1.3849574107170672,1.3659639881209376,1.199399476820296,3046906.303577548,3005120.7738660625,2303522.503577548,2035385.1738660627,743383.7999999999,969735.6
20250901,1.3875648500793851,1.3697426340273589,1.212167477272926,3052642.670174647,3013433.7948601893,2597854.070174647,2306187.3948601894,454788.6,707246.3999999999
20250902,1.369134292008948,1.3563617170750044,1.1806464777255932,3012095.4424196854,2983995.77756501,1359198.0424196855,1825251.3775650095,1652897.4000000001,1158744.4000000001
20250903,1.3634529329354037,1.3495019848279899,1.162691478178298,2999596.452457888,2968904.3666215776,2169397.852457888,1979309.9666215777,830198.6000000001,989594.4
20250904,1.3570855785641711,1.3410250583523133,1.13555947863104,2985588.2728411765,2950255.1283750893,2406142.6728411764,2174720.1283750893,579445.6,775535.0
20250905,1.3569735403040768,1.340835823557393,1.168676479083819,2985341.7886689687,2949838.8118262645,2985341.7886689687,2949838.8118262645,0.0,0.0
20250908,1.35811590457797,1.341454863050122,1.178252479536636,2987854.990071534,2951200.6987102684,2700528.0900715343,2809456.6987102684,287326.89999999997,141744.0
20250909,1.3559583016530223,1.3401543371229216,1.1646864799894905,2983108.263636649,2948339.5416704277,2517527.763636649,2648558.241670428,465580.5,299781.3
20250910,1.3562817497095792,1.3404431929056035,1.1654844804423818,2983819.849361074,2948975.0243923278,2392609.4493610743,2505567.224392328,591210.3999999999,443407.8
20250911,1.3602260978400813,1.3459193163926206,1.1966064808953114,2992497.415248179,2961022.4960637656,2628418.815248179,2505774.2960637654,364078.60000000003,455248.2
20250912,1.360262091565601,1.346038105988925,1.1970054813482778,2992576.601444322,2961283.833175635,2183176.601444322,2338483.833175635,809400.0,622800.0
20250915,1.3595688127860008,1.3455637828458975,1.1958084818012817,2991051.3881292017,2960240.3222609744,1715228.4881292016,2017983.5222609746,1275822.9,942256.7999999999
20250916,1.3642156076438923,1.350212680799401,1.208576482254323,3001274.336816563,2970467.8977586823,2034417.536816563,2018150.2977586822,966856.7999999999,952317.6
20250917,1.3675089943620076,1.3541470395634039,1.219349482707402,3008519.7875964167,2979123.4870394887,2162924.5875964165,2018317.0870394886,845595.2000000001,960806.4
20250918,1.3622850959250126,1.3486494045929696,1.2037884831605186,2997027.2110350276,2967028.690104533,2101581.6110350275,2018483.8901045332,895445.6,948544.7999999999
20250919,1.36057936899814,1.3471532304340705,1.1993994836136719,2993274.611795908,2963737.106954955,1897287.011795908,2018650.7069549551,1095987.5999999999,945086.3999999999
20250922,1.3617104262703408,1.349540191194696,1.2093744840668634,2995762.9377947496,2968988.420628331,2704786.9377947496,2349148.920628331,290976.0,619839.5
20250923,1.3614240804250848,1.3476897182242462,1.195010484520092,2995132.9769351864,2964917.3800933417,2945715.4769351864,2635766.8800933417,49417.5,329150.5
20250924,1.3628346384606942,1.3503863691213196,1.2157584849733583,2998236.2046135273,2970850.012066903,2859902.4046135275,2635984.7120669032,138333.80000000002,334865.3
20250925,1.3612656719182707,1.3493931693469314,1.2113694854266615,2994784.4782201955,2968664.972563249,2034801.2782201958,2327158.172563249,959983.2,641506.8
20250926,1.3569429079519517,1.3455427271295217,1.1950104858800028,2985274.3974942937,2960193.999684948,2369202.8974942937,2327350.499684948,616071.5,632843.5
20250929,1.357007771020596,1.3474157695412994,1.2097734863333813,2985417.0962453117,2964314.6929908586,2925080.296245312,2609570.6929908586,60336.8,354744.0
20250930,1.3572056665014554,1.3480312614506667,1.2221424867867974,2985852.466303202,2965668.775191467,2985852.466303202,2965668.775191467,0.0,0.0
20251009,1.3579158233670836,1.3484392629762532,1.2325164872402508,2987414.8114075838,2966566.378547757,2679750.411407584,2813969.778547757,307664.4,152596.6
20251010,1.353515092688594,1.3459299842030201,1.2161574876937415,2977733.203914907,2961045.9652466443,2149286.803914907,2474280.3652466442,828446.4,486765.60000000003
20251013,1.345618153430109,1.3453696141942015,1.21256648814727,2960359.9375462397,2959813.1512272432,2643088.3375462396,2474484.851227243,317271.60000000003,485328.30000000005
20251014,1.3447623844393533,1.3431683458171866,1.191020488600836,2958477.2457665773,2954970.3607978104,2805048.2457665773,2638261.8607978104,153429.0,316708.5
20251015,1.3446751757011337,1.342869924930561,1.2073794890544391,2958285.386542494,2954313.834847234,2958285.386542494,2954313.834847234,0.0,0.0
20251016,1.3443864784603325,1.3429809059160924,1.1950104895080802,2957650.2526127314,2954557.9930154034,2817184.7526127314,2954557.9930154034,140465.5,0.0
20251017,1.3443591155716486,1.343091896073606,1.1606964899617584,2957590.0542576266,2954802.1713619335,2957590.0542576266,2954802.1713619335,0.0,0.0
20251020,1.3444702196307865,1.3432028954038602,1.1678784904154744,2957834.4831877304,2955046.3698884924,2957834.4831877304,2955046.3698884924,0.0,0.0
20251021,1.3457205602419604,1.3433139039076125,1.1842374908692277,2960585.232532313,2955290.5885967477,2722848.4325323133,2955290.5885967477,237736.8,0.0
20251022,1.345772808402237,1.3436413455644114,1.1802474913230188,2960700.1784849213,2956010.960241705,2100513.7784849214,2526509.360241705,860186.4,429501.60000000003
20251023,1.347079244111868,1.3446559160866958,1.181045491776847,2963574.3370461096,2958243.0153907305,1427038.3370461096,1975819.0153907307,1536536.0,982424.0
20251024,1.3553123763948014,1.3519715937356587,1.2001974922307128,2981687.228068563,2974337.506218449,1950845.628068563,1975982.306218449,1030841.6,998355.2
20251027,1.3584977147392594,1.3552108358858588,1.2089754926846161,2988694.9724263707,2981463.838948889,2593582.9724263707,2290320.838948889,395112.0,691143.0
20251028,1.358295339879503,1.3547709011694722,1.206980493138557,2988249.7477349066,2980495.9825728387,2680909.7477349066,2481975.9825728387,307340.0,498520.0
20251029,1.363387791718444,1.3589988894656009,1.2233394935925355,2999453.1417805767,2989797.556824322,2059110.9417805765,2268674.3568243217,940342.2,721123.2
20251030,1.357487800898476,1.3545095585422517,1.2109704940465513,2986473.1619766476,2979921.028792954,1657750.1619766476,1963196.028792954,1328723.0,1016725.0
20251031,1.3574394418006888,1.3548878529084725,1.2117684945006049,2986366.7719615153,2980753.276398639,2199176.3719615154,1963358.2763986394,787190.4,1017395.0
20251103,1.3576895625855914,1.3559082744248694,1.2165564949546956,2986917.037688301,2982998.2037347127,2744216.637688301,2348501.303734713,242700.4,634496.9
20251104,1.3557458257504533,1.3527622306902596,1.2001974954088241,2982640.8166509974,2976076.9075185712,2632810.4166509975,2488780.9075185712,349830.4,487296.0
20251105,1.3597173354160315,1.3550713821840368,1.20618249586299,2991378.137915269,2981157.0408048807,2166401.437915269,2320631.5408048807,824976.7000000001,660525.5
20251106,1.3680900196145453,1.3609385997307906,1.2197484963171938,3009798.043152,2994064.9194077393,1325696.743152,1824762.419407739,1684101.3,1169302.5
20251107,1.3674118474021013,1.360815313261653,1.2189504967714349,3008306.0642846227,2993793.6891756365,1489971.0642846224,1656925.6891756367,1518335.0,1336868.0
20251110,1.367982436869291,1.3613318641307441,1.2205464972257136,3009561.36111244,2994930.1010876372,1267154.96111244,1461453.4010876373,1742406.4000000001,1533476.7000000002
20251111,1.3673912292904082,1.3601563641645413,1.2177534976800297,3008260.7044388982,2992344.0011619907,1805162.3044388983,1628710.4011619908,1203098.4,1363633.6
20251112,1.363588077861243,1.3565619115124437,1.2105714981343831,2999893.7712947344,2984436.205327376,1466510.1712947346,1628845.005327376,1533383.5999999999,1355591.2
20251113,1.3727208319965063,1.365152918462306,1.2273294985887746,3019985.8303923137,3003336.420617073,1540737.4303923135,1628979.6206170726,1479248.4000000001,1374356.8
20251114,1.3616057170998894,1.3556404011891714,1.2109704990432035,2995532.5776197566,2982408.882616177,789694.5776197565,1205416.382616177,2205838.0,1776992.5
20251117,1.3637003052654073,1.3575486380931012,1.2137634994976696,3000140.671583896,2986607.003804823,989682.8715838961,1205516.003804823,2010457.7999999998,1781091.0
20251118,1.3551618205715583,1.35021106074627,1.2041874999521738,2981356.005257428,2970464.333641794,503578.0052574282,851224.7336417945,2477778.0,2119239.5999999996
20251119,1.3494344836659173,1.3434156344391257,1.1938135004067154,2968755.864065018,2955514.3957660766,1901808.664065018,1371250.3957660769,1066947.2,1584264.0
20251120,1.3461188113535612,1.3400875255051992,1.1862325008612944,2961461.3849778343,2948192.556111438,1846586.3849778343,1605288.456111438,1114875.0,1342904.0999999999
20251121,1.3410355707808794,1.3339413401119526,1.141943501315911,2950278.2557179346,2934670.948246296,2950278.2557179346,2934670.948246296,0.0,0.0
20251124,1.3411464001668942,1.3340515831979125,1.1551105017705652,2950522.0803671675,2934913.4830354075,2950522.0803671675,2934913.4830354075,0.0,0.0
20251125,1.341708003742506,1.334161835394871,1.170272502225257,2951757.6082335133,2935156.0378687163,2832091.2082335134,2935156.0378687163,119666.4,0.0
20251126,1.3413833170458564,1.3340236712778863,1.1702725026799863,2951043.297500884,2934852.07681135,2081702.0975008842,2502821.17681135,869341.2,432030.89999999997
20251127,1.3420343844336375,1.3344457583190827,1.1714695031347533,2952475.6457540025,2935780.668301982,1238145.2457540026,1866783.068301982,1714330.4,1068997.6
20251128,1.3451436189812709,1.3387115580115354,1.183838503589558,2959315.961758796,2945165.427625378,2241598.661758796,2048538.027625378,717717.3,896627.4
20251201,1.3468754710192776,1.341082275354027,1.1918185040444,2963126.0362424105,2950381.0057788594,2536582.4362424104,2291150.1057788595,426543.60000000003,659230.9
20251202,1.3447957906389743,1.3386603895578504,1.1818435044992797,2958550.7394057433,2945052.857027271,2395770.7394057433,2291339.457027271,562780.0,653713.4
20251203,1.3390343035075265,1.3345015115605712,1.171070504954197,2945875.4677165584,2935903.3254332566,1648605.4677165584,1965298.8254332566,1297270.0,970604.5
20251204,1.3396099728912623,1.3350262940108129,1.172267505409152,2947141.940360777,2937057.8468237882,1826882.540360777,1965461.2468237882,1120259.4000000001,971596.6000000001
20251205,1.3402860701127302,1.3384918919282611,1.1882275058641445,2948629.3542480064,2944682.1622421746,2729448.5542480065,2339552.5622421745,219180.80000000002,605129.6000000001
20251208,1.3413541393860144,1.3404281564170692,1.1986015063191744,2950979.1066492316,2948941.944117552,2693235.9066492314,2519069.544117552,257743.2,429872.4
20251209,1.3388509127177846,1.3386546283127256,1.1918185067742422,2945472.007979126,2945040.1822879966,1879113.0079791262,2199484.9822879964,1066359.0,745555.2000000001
20251210,1.3423755761881335,1.3412288084934851,1.1966065072293477,2953226.267613894,2950703.378685667,1231200.4676138938,1713615.8786856674,1722025.8,1237087.5
20251211,1.3347146160494918,1.334322425652407,1.1842375076844902,2936372.1553088822,2935509.3364352956,1304268.9553088823,1510869.3364352954,1632103.2,1424640.0
20251212,1.3356477313382076,1.3370197378936532,1.1922175081396709,2938425.0089440565,2941443.423366037,2631856.2089440566,2066855.8233660373,306568.8,874587.6
20251215,1.3339596940848497,1.33430342631677,1.183838508594889,2934711.3269866696,2935467.537896894,2216400.6269866694,2067026.637896894,718310.7000000001,868440.9
20251216,1.330333979347439,1.3290685079486577,1.1634895090501447,2926734.754564366,2923950.717487047,2487585.1545643657,2276890.317487047,439149.6,647060.4
20251217,1.333922834812263,1.3330877228366176,1.1790505095054382,2934630.2365869787,2932792.9902405585,2368452.2365869787,2277078.4902405585,566178.0,655714.5
20251218,1.332163313101539,1.3310324440760168,1.176656509960769,2930759.2888233857,2928271.376967237,2930759.2888233857,2928271.376967237,0.0,0.0
20251219,1.332626038583407,1.3311424467573452,1.1866315104161378,2931777.2848834954,2928513.3828661595,2743820.4848834956,2928513.3828661595,187956.80000000002,0.0
20251222,1.3354165880518847,1.332397030765087,1.197404510871544,2937916.4937141463,2931273.4676831914,1796336.0937141462,2361383.5676831915,1141580.4,569889.9
20251223,1.334663598984328,1.33195813760618,1.1962075113269883,2936259.917765522,2930307.902733596,1071503.9177655217,1716117.9027335958,1864756.0000000002,1214190.0
20251224,1.3445017969164519,1.3406748775724735,1.2149605117824698,2957903.953216194,2949484.7306594416,1503002.9532161942,1716259.7306594416,1454901.0,1233225.0
20251225,1.350331116213966,1.3459774906755866,1.225334512237989,2970728.455670725,2961150.4794862904,1469623.655670725,1596398.0794862902,1501104.8,1364752.4000000001
20251226,1.3534377860220996,1.3486666437589265,1.2297235126935457,2977563.129248619,2967066.6162696383,1103707.1292486188,1351174.0162696384,1873856.0,1615892.5999999999
20251229,1.351526872390628,1.3471171225892054,1.2277285131491402,2973359.1192593817,2963657.669696252,534221.219259382,943299.4696962519,2439137.9,2020358.2
20251230,1.3519403333956936,1.3480479219682324,1.2289255136047725,2974268.733470526,2965705.4283301113,883564.733470526,943377.4283301111,2090704.0,2022328.0
20251231,1.3523669605885231,1.3481046262012422,1.2285265140604422,2975207.3132947506,2965830.177642733,1593660.0132947506,1266837.9776427324,1381547.3,1698992.2000000002
20260105,1.3621855175255384,1.3621492098953036,1.2568555145161497,2996808.1385561842,2996728.261769668,2117328.1385561842,1689478.261769668,879480.0,1307250.0
20260106,1.3701850294444082,1.3707013127601333,1.2748105149718947,3014407.064777698,3015542.8880722933,1692955.064777698,1689617.8880722935,1321452.0,1325925.0
20260107,1.37253970179716,1.372654997280799,1.2780025154276777,3019587.343953752,3019840.994017758,791260.2439537519,1253066.1940177581,2228327.1,1766774.7999999998
20260108,1.3824269535399347,1.3813115291325482,1.289174515883498,3041339.2977878563,3038885.364091606,578347.9977878567,915795.264091606,2462991.3,2123090.1
20260109,1.4126327523271194,1.4075217276374983,1.3187005163393564,3107792.0551196625,3096547.8008024963,160062.55511966275,540791.300802496,2947729.5,2555756.5
20260112,1.449990972431827,1.443043542862923,1.3589995167952522,3189980.1393500194,3174695.7942984304,471310.9393500193,540835.9942984302,2718669.2,2633859.8000000003
20260113,1.4203893753244923,1.4163022954649633,1.3314685172511855,3124856.625713883,3115865.050022919,89.82571388257253,283085.750022919,3124766.8000000003,2832779.3000000003
20260114,1.420864259577487,1.4184811918966558,1.3346605177071569,3125901.371070471,3120658.6221726425,781056.371070471,527949.1221726426,2344845.0,2592709.5
20260115,1.4198046593414513,1.4174701431604624,1.3346605181631654,3123570.250551193,3118434.314953017,1061043.2505511926,792990.3149530172,2062527.0000000002,2325444.0
20260116,1.4246292955917885,1.4188557074757937,1.331069518619212,3134184.450301935,3121482.556446746,2889322.050301935,1843794.556446746,244862.4,1277688.0
20260119,1.4226904023344007,1.4082415002179325,1.3183015190752962,3129918.8851356814,3098131.3004794517,3129918.8851356814,3098131.3004794517,0.0,0.0
20260120,1.4228079800536018,1.408357883812992,1.3075285195314184,3130177.556117924,3098387.3443885823,3130177.556117924,3098387.3443885823,0.0,0.0
20260121,1.4229255674899697,1.4084742770265304,1.318700519987578,3130436.2484779335,3098643.4094583667,3130436.2484779335,3098643.4094583667,0.0,0.0
20260122,1.4241230729367234,1.4091252879248948,1.3286755204437752,3133070.760460791,3100075.6334347683,2527676.760460791,2800375.6334347683,605394.0,299700.0
20260123,1.4313348154449173,1.4139082431998395,1.3574035209000102,3148936.593978818,3110598.135039647,2377362.993978818,2577164.535039647,771573.6,533433.6
20260126,1.418453052942029,1.4054766434634545,1.3342615213562827,3120596.7164724637,3092048.6156196,1558279.9164724634,2062431.0156196,1562316.8,1029617.6
20260127,1.4188296149084536,1.4073735293017573,1.3394485218125936,3121425.1527985977,3096221.764463866,2211678.1527985977,2062601.464463866,909747.0,1033620.3
20260128,1.4199097331173094,1.408710603361279,1.3430395222689417,3123801.4128580806,3099163.3273948138,2278262.2128580804,2062771.9273948136,845539.2000000001,1036391.4
20260129,1.4175172499282631,1.4055895919814538,1.3326655227253275,3118537.9498421787,3092297.1023591985,2510657.9498421787,2271325.1023591985,607880.0,820972.0
20260130,1.4140146037024361,1.402013292009356,1.3210945231817508,3110832.1281453595,3084429.242420583,1777161.3281453596,2013320.742420583,1333670.8,1071108.5
20260202,1.4013186370157753,1.3863555569717148,1.2668305236382122,3082901.0014347057,3049982.2253377726,2672373.5014347057,2327987.2253377726,410527.5,721995.0
20260203,1.4036910782253722,1.3904388681267024,1.3103215240947113,3088120.3720958186,3058965.5098787453,3088120.3720958186,3058965.5098787453,0.0,0.0
20260204,1.4038070857524982,1.3905537804298536,1.312316524551248,3088375.588655496,3059218.3169456776,3088375.588655496,3059218.3169456776,0.0,0.0
20260205,1.4012985328761607,1.389368239621804,1.2895735250078226,3082856.7723275535,3056610.1271679685,2437103.1723275534,2736642.1271679685,645753.6000000001,319968.0
20260206,1.401054705425922,1.3899761111314488,1.285184525464435,3082320.351937028,3057947.4444891876,2277392.451937028,2495882.9444891876,804927.9,562064.5
20260209,1.4056428473883609,1.3932139362881781,1.3175035259210848,3092414.264254394,3065070.659833992,3092414.264254394,3065070.659833992,0.0,0.0
20260210,1.405715506449002,1.3933075118590097,1.3171045263777725,3092574.114187804,3065276.5260898215,2750260.414187804,2895605.1260898216,342313.7,169671.4
20260211,1.4064716120644012,1.3938109480341319,1.317902526834498,3094237.5465416824,3066384.08567509,2084180.1465416823,2480762.18567509,1010057.4,585621.9
20260212,1.4109351753491672,1.3974161075936011,1.331069527291261,3104057.385768168,3074315.4367059227,2124607.785768168,2293691.4367059227,979449.6,780624.0
20260213,1.4052890519324686,1.3920777263553106,1.3107205277480618,3091635.914251431,3062570.9979816834,2359409.414251431,2293880.9979816834,732226.5,768690.0
20260224,1.4088847149569004,1.3958455712453322,1.3254835282049007,3099546.372905181,3070860.256739731,3099546.372905181,3070860.256739731,0.0,0.0
20260225,1.4118343345909785,1.3973644570806478,1.345034528661777,3106035.536100153,3074201.8055774253,2594317.736100153,2820702.605577425,511717.8,253499.2
20260226,1.4138659300545886,1.3986980606747157,1.3550095291186912,3110505.046120095,3077135.7334843744,2497527.046120095,2647881.3334843745,612978.0,429254.39999999997
20260227,1.4211873189446067,1.4035073873810386,1.368974529575643,3126612.101678135,3087716.252238285,1792982.4016781352,2211438.852238285,1333629.7,876277.4
20260302,1.4143773626644627,1.398952915069943,1.353812530032633,3111630.1978618177,3077696.413153874,1547796.4978618175,1872163.5131538743,1563833.7,1205532.9
20260303,1.3920742573244886,1.3788357442777996,1.3039375304896605,3062563.366113875,3033438.6374111595,1773664.1661138749,1872318.2374111598,1288899.2,1161120.4
20260304,1.3868021791639336,1.374092344842843,1.2919675309467256,3050964.794160654,3023003.158654255,1521657.394160654,1672757.1586542549,1529307.4,1350246.0
20260305,1.3957543844074896,1.3807012972814499,1.3031395314038288,3070659.645696477,3037542.8540191897,2703561.245696477,2180544.45401919,367098.4,856998.4
20260306,1.3947138463458204,1.3781169577826293,1.3167055318609695,3068370.461960805,3031857.3071217844,3068370.461960805,3031857.3071217844,0.0,0.0
20260309,1.3948291119529566,1.3782308517460824,1.3115185323181482,3068624.0462965043,3032107.873841381,3068624.0462965043,3032107.873841381,0.0,0.0
20260310,1.3949443870861757,1.3783447551222596,1.3342615327753644,3068877.651589587,3032358.461268971,3068877.651589587,3032358.461268971,0.0,0.0
20260311,1.3949612034139487,1.3784100984734964,1.3350595332326187,3068914.647510687,3032502.216641692,2697174.047510687,2849141.416641692,371740.60000000003,183360.80000000002
20260312,1.3947002144643346,1.3783894293386219,1.3318675336899106,3068340.471821536,3032456.744544968,2622049.8718215358,2720019.944544968,446290.60000000003,312436.8
20260313,1.390571425132862,1.3755414330642963,1.3131145341472403,3059257.1352922963,3026191.1527414517,2298377.935292296,2495681.9527414516,760879.2,530509.2
20260316,1.3897999719669512,1.3751203382713186,1.3107205346046078,3057559.9383272924,3025264.744196901,2990874.4383272924,2725015.744196901,66685.5,300249.0
20260317,1.3898996762396127,1.3751657487209237,1.2815935350620133,3057779.287727148,3025364.647186032,3057779.287727148,3025364.647186032,0.0,0.0
20260318,1.3900145439814506,1.3752793987828014,1.2927655355194565,3058031.996759191,3025614.6773221632,3058031.996759191,3025614.6773221632,0.0,0.0
20260319,1.3901294212164903,1.3753930582372462,1.2648355359769374,3058284.7266762787,3025864.728121942,3058284.7266762787,3025864.728121942,0.0,0.0
20260320,1.3902443079455165,1.3755067270850345,1.243688536434456,3058537.4774801363,3026114.799587076,3058537.4774801363,3026114.799587076,0.0,0.0
20260323,1.3903592041693136,1.3756204053269423,1.1838385368920128,3058790.24917249,3026364.8917192733,3058790.24917249,3026364.8917192733,0.0,0.0
20260324,1.3904741098886664,1.3757340929637463,1.2145615373496073,3059043.0417550663,3026615.0045202416,3059043.0417550663,3026615.0045202416,0.0,0.0
20260325,1.3912605980979147,1.3758477899962225,1.2373045378072394,3060773.3158154124,3026865.1379916896,2937663.6158154123,3026865.1379916896,123109.7,0.0
20260326,1.3841442973913742,1.3725050811491872,1.2197485382649094,3045117.454261023,3019511.178528212,1519063.0542610232,2264737.878528212,1526054.4,754773.2999999999
20260327,1.3955726018285697,1.3833076309807104,1.239299538722617,3070259.724022853,3043276.7881575627,1500176.724022853,1872314.788157563,1570083.0,1170962.0
20260330,1.394171673331659,1.3838920567804158,1.2404965391803628,3067177.68132965,3044562.5249169148,1851247.7813296497,1872469.5249169148,1215929.9,1172093.0
20260331,1.3913257518924362,1.3776383334791042,1.2173545396381464,3060916.6541633597,3030804.3336540293,2809514.2541633598,2340973.233654029,251402.40000000002,689831.1000000001
20260401,1.3936533915442986,1.383350251699004,1.2396985400959675,3066037.461397457,3043370.5537378085,2606822.861397457,2463915.0537378085,459214.60000000003,579455.5
20260402,1.392522592183046,1.3818923537305112,1.2189505405538268,3063549.702802701,3040163.1782071246,3063549.702802701,3040163.1782071246,0.0,0.0
20260403,1.3926376766947965,1.3820065597101583,1.2049855410117238,3063802.8887285525,3040414.431362348,3063802.8887285525,3040414.431362348,0.0,0.0
20260407,1.392752770717664,1.3821207751283162,1.2149605414696587,3064056.0955788605,3040665.7052822956,3064056.0955788605,3040665.7052822956,0.0,0.0
20260408,1.392867874252434,1.3822349999857648,1.2724165419276314,3064309.323355355,3040916.9999686824,3064309.323355355,3040916.9999686824,0.0,0.0
20260409,1.3943235997220302,1.3830144556190345,1.2652345423856417,3067511.9193884665,3042631.802361876,2356890.8193884664,2690016.602361876,710621.1,352615.19999999995
20260410,1.3982500777582532,1.3853481854603467,1.2772045428436904,3076150.171068157,3047766.0080127628,1939795.1710681568,2308014.9080127627,1136355.0,739751.1
20260413,1.3983182503053317,1.3866954332029469,1.2819925433017765,3076300.15067173,3050729.953046483,2403497.9506717296,2308205.6530464827,672802.2000000001,742524.3
20260414,1.4032904632844267,1.3920344153837523,1.3019425437599006,3087239.019225739,3062475.713844255,2362200.419225739,2308396.4138442553,725038.6,754079.2999999999
20260415,1.39975899405725,1.3895323332598535,1.2951595442180626,3079469.7869259496,3056971.1331716776,2008938.9869259496,2159452.1331716776,1070530.8,897519.0
20260416,1.4067362967547234,1.3961489092227826,1.3159075446762625,3094819.8528603916,3071527.6002901215,2146974.6528603914,2159630.6002901215,947845.2000000001,911897.0
20260417,1.4118853339400026,1.4002518555263246,1.3286755451345,3106147.7346680057,3080554.082157914,1978276.7346680057,2159809.082157914,1127871.0,920745.0
20260420,1.4145067100241826,1.4025179520872668,1.3346605455927758,3111914.762053202,3085539.494591987,1854529.2620532017,2003766.4945919872,1257385.5,1081773.0
20260421,1.4151707133595857,1.4028816768283057,1.3342615460510892,3113375.5693910886,3086339.6890222724,742813.9693910887,1371202.0890222725,2370561.6,1715137.5999999999
20260422,1.4269622268364592,1.4162219597768038,1.3570045465094405,3139316.8990402105,3115688.3115089685,1383720.6990402106,1371315.4115089686,1755596.2,1744372.9
20260423,1.4212058604777529,1.4080720603555361,1.3386505469678298,3126652.893051056,3097758.5327821793,2220131.893051056,1794676.5327821793,906521.0,1303082.0
20260424,1.4179003167999067,1.40314771007565,1.327079547426257,3119380.6969597945,3086924.96216643,3005631.4969597943,2376823.96216643,113749.2,710101.0
20260427,1.417945030618761,1.4028112772739145,1.332266547884722,3119479.0673612743,3086184.810002612,3119479.0673612743,3086184.810002612,0.0,0.0
20260428,1.4180622161584815,1.402927212090218,1.3155085483432247,3119736.8755486594,3086439.86659848,3119736.8755486594,3086439.86659848,0.0,0.0
20260429,1.4181794113829576,1.4030431564879116,1.3350595488017656,3119994.7050425066,3086694.9442734052,3119994.7050425066,3086694.9442734052,0.0,0.0
20260430,1.4186355866312979,1.4031591104677865,1.3414435492603443,3120998.2905888553,3086950.0430291304,3016776.2905888553,3086950.0430291304,104222.0,0.0
20260506,1.4218538932423586,1.4046504376384885,1.3697725497189606,3128078.565133189,3090230.9628046746,2690714.3651331887,2873951.9628046746,437364.19999999995,216279.0
20260507,1.429851696276622,1.4092631600760444,1.3937125501776153,3145673.7318085684,3100378.9521672977,1910199.6318085683,2382218.152167298,1235474.0999999999,718160.7999999999
20260508,1.4341777413984222,1.4126693006337934,1.3988995506363073,3155191.031076529,3107872.4613943454,1393075.4310765294,1880071.2613943452,1762115.5999999999,1227801.2
20260511,1.446251288269305,1.4218431274402696,1.4184505510950378,3181752.834192471,3128054.880368593,1163579.334192471,1518350.8803685934,2018173.5,1609704.0
20260512,1.4425582520898765,1.4184947389889546,1.412465551553806,3173628.1545977285,3120688.4257757002,1241142.1545977287,1372636.4257757002,1932486.0,1748052.0
20260513,1.448912416270814,1.4285228617679695,1.435607552012612,3187607.315795791,3142750.295889533,1938741.5157957908,1635188.295889533,1248865.8,1507562.0
20260514,1.4328067328137315,1.415442925190054,1.408076552471456,3152174.8121902095,3113974.4354181187,1432846.0121902095,1635323.4354181187,1719328.8,1478651.0
20260515,1.428112866934781,1.4093262190686948,1.391717552930338,3141848.307256518,3100517.6819511284,2352513.907256518,1981567.2819511285,789334.4,1118950.4
20260518,1.427805768115385,1.4099568500565833,1.3977025533892578,3141172.689853847,3101905.070124483,2823450.589853847,2377834.970124483,317722.10000000003,724070.1
20260519,1.427727931520817,1.4096270741742853,1.4132635538482157,3141001.4493457973,3101179.563183428,3141001.4493457973,3101179.563183428,0.0,0.0
20260520,1.4300564348446565,1.4108346721109226,1.4144605543072113,3146124.1566582443,3103836.2786440295,2481791.1566582443,2775923.7786440295,664333.0,327912.5
20260521,1.4146571217546744,1.4006960324070798,1.3693735547662451,3112245.6678602835,3081531.2712955754,2114906.4678602833,2432540.0712955752,997339.2,648991.2
20260522,1.4181520414005966,1.404957643882705,1.3945105552253168,3119934.4910813123,3090906.8165419507,2852217.4910813123,2619780.8165419507,267717.0,471126.0
20260525,1.4199339339456472,1.4077520578878344,1.4120665556844263,3123854.654680424,3097054.5273532355,2809945.354680424,2619997.3273532353,313909.3,477057.2
20260526,1.4176613501475224,1.4053995709354434,1.3961065561435737,3118854.9703245494,3091879.0560579756,2482036.9703245494,2620213.8560579754,636818.0,471665.2
20260527,1.411723854902673,1.4006904735267698,1.371368556602759,3105792.4807858807,3081519.0417588935,2358588.680785881,2482106.2417588937,747203.7999999999,599412.7999999999
20260528,1.4116707135955233,1.4006700079784986,1.3853335570619825,3105675.5699101514,3081474.017552697,3105675.5699101514,3081474.017552697,0.0,0.0
20260529,1.411787380596647,1.4007857658303977,1.3498225575212437,3105932.2373126233,3081728.684826875,3105932.2373126233,3081728.684826875,0.0,0.0
20260601,1.4119040572396715,1.4009015332490615,1.3402465579805432,3106188.925927277,3081983.373147935,3106188.925927277,3081983.373147935,0.0,0.0
20260602,1.4120207435253938,1.4010173102352803,1.3438375584398803,3106445.6357558663,3082238.082517617,3106445.6357558663,3082238.082517617,0.0,0.0
20260603,1.412137439454611,1.4011330967898452,1.3522165588992552,3106702.366800144,3082492.8129376597,3106702.366800144,3082492.8129376597,0.0,0.0
20260604,1.4126041512846892,1.401248892913547,1.3506205593586686,3107729.132826316,3082747.564409803,3028858.632826316,3082747.564409803,78870.5,0.0
20260605,1.4125018276923607,1.4013646986071762,1.3398475598181199,3107504.0209231935,3083002.3369357875,3107504.0209231935,3083002.3369357875,0.0,0.0
20260608,1.4126185633805997,1.4014805138715238,1.2999475602776087,3107760.8394373194,3083257.1305173524,3107760.8394373194,3083257.1305173524,0.0,0.0
20260609,1.4127353087164163,1.4015963387073809,1.333064560737136,3108017.679176116,3083511.945156238,3108017.679176116,3083511.945156238,0.0,0.0
20260610,1.4128520637006077,1.4017121731155384,1.317902561196701,3108274.540141337,3083766.7808541846,3108274.540141337,3083766.7808541846,0.0,0.0
20260611,1.4129688283339714,1.4018280170967876,1.3111195616563038,3108531.422334737,3084021.637612933,3108531.422334737,3084021.637612933,0.0,0.0
20260612,1.4130856026173049,1.4019438706519196,1.3202965621159453,3108788.3257580707,3084276.515434223,3108788.3257580707,3084276.515434223,0.0,0.0
20260615,1.4132023865514054,1.4020597337817258,1.3721665625756243,3109045.250413092,3084531.4143197965,3109045.250413092,3084531.4143197965,0.0,0.0
20260616,1.4133191801370708,1.402175606486997,1.3929145630353412,3109302.1963015557,3084786.3342713933,3109302.1963015557,3084786.3342713933,0.0,0.0
20260617,1.4186084429482615,1.4048576850525174,1.404086563495096,3120938.574486175,3090686.907115538,2166937.674486175,2617381.407115538,954000.9,473305.5
20260618,1.4238073468480352,1.408735345556146,1.414061563954889,3132376.1630656775,3099217.7602235214,1783884.1630656777,2194080.1602235213,1348492.0,905137.6
20260622,1.4290558237533437,1.4129970405283558,1.42842556441472,3143922.812257356,3108593.4891623827,2092476.812257356,2194261.4891623827,1051446.0,914332.0
20260623,1.4207790335357435,1.4049531059486848,1.4004955648745891,3125713.8737786356,3090896.8330871067,2246107.8737786356,2194442.8330871067,879606.0,896454.0
20260624,1.4246678080446384,1.4097952690904236,1.4168545653344962,3134269.1776982048,3101549.591998932,2393175.4776982046,2194624.191998932,741093.7000000001,906925.4
20260625,1.4261840474144192,1.4115777585888551,1.424036565794441,3137604.904311722,3105471.0688954815,2495541.804311722,2336351.5688954815,642063.1,769119.5
20260626,1.4224122676709436,1.4054157101811473,1.390121566254424,3129306.988876076,3091914.562398524,2869052.188876076,2587779.762398524,260254.8,504134.8
20260629,1.4221312720459705,1.4047598356510949,1.386530566714445,3128688.798501135,3090471.6384324087,3128688.798501135,3090471.6384324087,0.0,0.0
20260630,1.4222488035560568,1.4048759315052808,1.4272285671745042,3128947.367823325,3090727.049311618,3128947.367823325,3090727.049311618,0.0,0.0
20260701,1.4228335097081888,1.4049920369541655,1.4304205676346011,3130233.721358015,3090982.4812991642,2998305.721358015,3090982.4812991642,131928.0,0.0
20260702,1.416636262025063,1.4021585674674988,1.3929145680947363,3116599.7764551383,3084748.848428497,2496947.2764551383,2778937.248428497,619652.5,305811.60000000003
20260703,1.4163782203584614,1.40214350575632,1.3917175685549092,3116032.084788615,3084715.7126639043,2564579.2847886146,2779166.9126639045,551452.8,305548.8
20260706,1.4161168444523846,1.4001375435817396,1.3705705690151206,3115457.057795246,3080302.595879827,2989392.557795246,2779396.595879827,126064.5,300906.0
20260707,1.4158050324002365,1.399229634714851,1.3438375694753695,3114771.0712805204,3078305.196372672,3114771.0712805204,3078305.196372672,0.0,0.0
20260708,1.4159220410806002,1.3993452735276373,1.312715569935657,3115028.4903773204,3078559.601760802,3115028.4903773204,3078559.601760802,0.0,0.0
20260709,1.4160390594311028,1.3994609218973502,1.3382515703959823,3115285.930748426,3078814.0281741703,3115285.930748426,3078814.0281741703,0.0,0.0
20260710,1.4161560874525432,1.3995765798247797,1.3214935708563453,3115543.392395595,3079068.475614515,3115543.392395595,3079068.475614515,0.0,0.0
20260713,1.4146899714675412,1.3996922473107156,1.260047571316747,3112317.9372285907,3079322.944083574,3035894.3372285906,3079322.944083574,76423.59999999999,0.0
20260714,1.4148225058709958,1.399807924355948,1.2791995717771862,3112609.5129161905,3079577.4335830854,3112609.5129161905,3079577.4335830854,0.0,0.0
20260715,1.4149394333508198,1.3999236109612667,1.2644365722376638,3112866.7533718036,3079831.9441147866,3112866.7533718036,3079831.9441147866,0.0,0.0
20260716,1.415056370494072,1.4000393071274617,1.2337135726981792,3113124.015086958,3080086.475680416,3113124.015086958,3080086.475680416,0.0,0.0
20260717,1.4151733173015508,1.4001550128553237,1.1602975731587328,3113381.298063412,3080341.028281712,3113381.298063412,3080341.028281712,0.0,0.0
20260720,1.415290273774055,1.4002707281456421,1.1243875736193243,3113638.602302921,3080595.601920413,3113638.602302921,3080595.601920413,0.0,0.0
20260721,1.4154072399123834,1.4003864529992078,1.170272574079954,3113895.9278072435,3080850.1965982574,3113895.9278072435,3080850.1965982574,0.0,0.0
20260722,1.4155242157173349,1.400502187416811,1.1535145745406217,3114153.274578137,3081104.8123169844,3114153.274578137,3081104.8123169844,0.0,0.0
20260723,1.4156412011897084,1.4006179313992424,1.1626915750013278,3114410.6426173584,3081359.449078333,3114410.6426173584,3081359.449078333,0.0,0.0
20260724,1.4108860384079223,1.398324181392951,1.1299735754620717,3103949.284497429,3076313.1990644922,2558789.284497429,2806706.7990644923,545160.0,269606.39999999997
20260727,1.410703818223337,1.3982919641466418,1.1690755759228535,3103548.400091341,3076242.321122612,3103548.400091341,3076242.321122612,0.0,0.0
20260728,1.403307279227467,1.394684475960768,1.1363575763836735,3087276.0143004274,3068305.8471136894,2033800.8143004274,2546267.4471136895,1053475.2,522038.39999999997
20260729,1.4046870807868566,1.3967005940763129,1.1483275768445318,3090311.5777310845,3072741.3069678885,2810282.1777310846,2666655.5069678887,280029.4,406085.8
20260730,1.3943553192173828,1.3888887846934912,1.116407577305428,3067581.702278242,3055555.3263256806,2128293.102278242,2391869.7263256805,939288.6,663685.6
20260731,1.4063067394460844,1.3973668185317776,1.142741577766362,3093874.8267813856,3074207.000769911,3093874.8267813856,3074207.000769911,0.0,0.0
20260803,1.4075978044270054,1.3980658892410298,1.1439385782273348,3096715.169739412,3075744.9563302654,2613625.669739412,2835777.0563302655,483089.5,239967.9
20260804,1.412860269937261,1.4010638718502082,1.1742625786883452,3108292.5938619743,3082340.518070458,2684206.2938619745,2836011.418070458,424086.3,246329.1
20260805,1.4395470175650318,1.416206490810623,1.2109705791493939,3167003.43864307,3115654.279783371,1400633.4386430702,2115925.279783371,1766370.0,999729.0
20260806,1.4478115174293693,1.4231782127844093,1.2165565796104807,3185185.3383446126,3130992.0681257006,770682.2383446125,1445809.7681257008,2414503.1,1685182.3
