trade_date,nav_cs_b0,nav_cs_b1,nav_etf_b0,nav_etf_b1,delta_nav_b0,delta_nav_b1,equity_cs_b1,stock_val_cs_b1,cash_cs_b1
20221230,1.0,1.0,1.0,1.0,0.0,0.0,2200000.0,0.0,2200000.0
20230103,1.0000826446280993,1.0000826446280993,1.012218400410441,1.012218400410441,-0.012135755782341828,-0.012135755782341828,2200181.8181818184,0.0,2200181.8181818184
20230104,1.000165296086333,1.000165296086333,1.0121330080988138,1.012196917423924,-0.011967712012480813,-0.012031621337591059,2200363.6513899327,0.0,2200363.6513899327
20230105,1.0002479543752658,1.0002479543752658,1.018764117934382,1.0190141240812618,-0.018516163559116228,-0.018766169705995983,2200545.4996255846,0.0,2200545.4996255846
20230106,1.000330619495462,1.000330619495462,1.0192073782813773,1.0197337627083711,-0.018876758785915326,-0.019403143212909146,2200727.3628900163,0.0,2200727.3628900163
20230109,1.0004132914474864,1.0004132914474864,1.0198402878590718,1.0205557757462278,-0.019426996411585407,-0.020142484298741437,2200909.24118447,0.0,2200909.24118447
20230110,1.0004959702319034,1.0004959702319034,1.0199245721803825,1.0206401191987688,-0.019428601948479063,-0.02014414896686545,2201091.1345101874,0.0,2201091.1345101874
20230111,1.000578655849278,1.000578655849278,1.0200088634673394,1.0207244696218432,-0.019430207618061468,-0.02014581377256519,2201273.0428684116,0.0,2201273.0428684116
20230112,1.0006613483001747,1.0006613483001747,1.0201113394796142,1.0208179270475741,-0.019449991179439463,-0.0201565787473994,2201454.9662603843,0.0,2201454.9662603843
20230113,1.0007440475851581,1.0007440475851581,1.0209827718832252,1.0214206798997874,-0.020238724298067057,-0.02067663231462924,2201636.904687348,0.0,2201636.904687348
20230116,1.0008267537047932,1.0008267537047932,1.022179515329416,1.0224851286111238,-0.02135276162462274,-0.021658374906330602,2201818.858150545,0.0,2201818.858150545
20230117,1.000909466659645,1.000909466659645,1.0219637840246591,1.022360870640028,-0.021054317365014175,-0.021451403980383033,2202000.826651219,0.0,2202000.826651219
20230118,1.000992186450278,1.000992186450278,1.0226558370881274,1.022883299960667,-0.021663650637849363,-0.02189111351038897,2202182.8101906115,0.0,2202182.8101906115
20230119,1.0010749130772574,1.0010749130772574,1.0264160630503893,1.025681054503479,-0.02534114997313197,-0.02460614142622153,2202364.808769966,0.0,2202364.808769966
20230120,1.001157646541148,1.001157646541148,1.0270683248623202,1.027126892350607,-0.02591067832117222,-0.02596924580945892,2202546.8223905256,0.0,2202546.8223905256
20230130,1.001240386842515,1.001240386842515,1.027672116987488,1.0282077696022693,-0.02643173014497302,-0.0269673827597543,2202728.851053533,0.0,2202728.851053533
20230131,1.0013231339819235,1.0013231339819235,1.0285895123201416,1.028864294727675,-0.0272663783382181,-0.027541160745751414,2202910.894760232,0.0,2202910.894760232
20230201,1.0052227029396907,1.0038109345702693,1.0372509493325557,1.034706339863667,-0.032028246392864945,-0.030895405293397626,2208384.0560545926,743022.0,1465362.0560545926
20230202,1.0172479574691975,1.0124207194332318,1.0380266557793325,1.0352509513935866,-0.020778698310135013,-0.02283023196035483,2227325.5827531097,1439179.0,788146.5827531096
20230203,1.0146787232716554,1.010757144924695,1.036360827026594,1.0345621065999377,-0.02168210375493862,-0.02380496167524271,2223665.718834329,1435454.0,788211.7188343289
20230206,1.0124653772968317,1.0083152390826902,1.0347865592319214,1.032934369745952,-0.022321181935089696,-0.024619130663261934,2218293.5259819184,1241257.0,977036.5259819186
20230207,1.0127425245801545,1.0090214302074452,1.0359001348744568,1.03440131694763,-0.0231576102943023,-0.025379886740184876,2219847.1464563794,877780.0,1342067.1464563794
20230208,1.011278135346536,1.008141845952992,1.0322940012905395,1.031595548040691,-0.021015865944003398,-0.023453702087699035,2217912.0610965826,875734.0,1342178.0610965826
20230209,1.0156115586362342,1.0115986295014932,1.041927587321986,1.039916692451123,-0.02631602868575178,-0.028318062949629796,2225516.984903285,883228.0,1342288.9849032848
20230210,1.0192116353447245,1.0151885990351108,1.0395905481334293,1.0378627501792745,-0.02037891278870485,-0.022674151144163712,2233414.917877244,891015.0,1342399.9178772438
20230213,1.0210893836171424,1.018853575613506,1.0394616194242976,1.0398886116264991,-0.01837223580715519,-0.02103503601299317,2241477.866349713,616925.0,1624552.8663497127
20230214,1.0208109472212352,1.018727671130536,1.0400535725780258,1.0406009105511844,-0.019242625356790555,-0.02187323942064845,2241200.876487179,717526.0,1523674.8764871792
20230215,1.0203919326013589,1.018492890573342,1.040040663892867,1.0405677861220994,-0.019648731291508126,-0.022074895548757523,2240684.359261352,523652.0,1717032.359261352
20230216,1.0153515564292224,1.0128180574807149,1.0337357842502155,1.0353579102107693,-0.018384227820993138,-0.022539852730054433,2228199.7264575725,616925.0,1611274.7264575725
20230217,1.0148795329305047,1.012527767364541,1.033526371037109,1.0351944502440067,-0.01864683810660428,-0.022666682879465716,2227561.0882019904,0.0,2227561.0882019904
20230220,1.014963407272069,1.012611447345315,1.033611786439674,1.0352800035043574,-0.01864837916760509,-0.022668556159042508,2227745.184159693,0.0,2227745.184159693
20230221,1.0150472885453974,1.0126951342417896,1.0336972089013634,1.0353655638352257,-0.01864992035596602,-0.022670429593436126,2227929.2953319373,0.0,2227929.2953319373
20230222,1.0151311767510622,1.012778828054537,1.03378263842276,1.0354511312371957,-0.018651461671697733,-0.022672303182658782,2228113.4217199814,0.0,2228113.4217199814
20230223,1.0151265372594713,1.0128625287841282,1.0337094924043104,1.0355367057108515,-0.018582955144839097,-0.022674176926723355,2228297.563325082,0.0,2228297.563325082
20230224,1.0146954017459835,1.012946236431135,1.033612479134619,1.035622287256778,-0.018917077388635573,-0.022676050825642946,2228481.7201484973,0.0,2228481.7201484973
20230227,1.014089711267615,1.01274443741803,1.033210009111232,1.0355605499944462,-0.019120297843616907,-0.022816112576416137,2228037.7623196663,79007.0,2149030.7623196663
20230228,1.014076220930417,1.012800848505044,1.033242135494804,1.03561947078,-0.019165914564386988,-0.022818622274956013,2228161.866711097,0.0,2228161.866711097
20230301,1.01416002888256,1.0128845510545073,1.0333275274068285,1.0357050591660146,-0.019167498524268467,-0.022820508111507376,2228346.012319916,0.0,2228346.012319916
20230302,1.0142438437609802,1.0129682605215364,1.0334129263760357,1.0357906546254498,-0.019169082615055455,-0.0228223941039134,2228530.1731473804,0.0,2228530.1731473804
20230303,1.0143214966608776,1.0130246034021582,1.0331676694075553,1.0357106701256182,-0.01884617274667777,-0.022686066723460074,2228654.127484748,140683.0,2087971.1274847484
20230306,1.0144581001540656,1.0131460971106676,1.032994949451008,1.0356670137281363,-0.018536849296942437,-0.02252091661746869,2228921.4136434686,0.0,2228921.4136434686
20230307,1.014541939666475,1.0132298281930734,1.0330803209344337,1.0357526060433204,-0.018538381267958703,-0.022522777850247033,2229105.6220247615,0.0,2229105.6220247615
20230308,1.0146257861077699,1.0133135661954036,1.033165699473354,1.0358382054322495,-0.018539913365584137,-0.02252463923684589,2229289.8456298877,0.0,2229289.8456298877
20230309,1.0129271228206715,1.0126100893326926,1.0336121339684077,1.0361047045123277,-0.020685011147736132,-0.023494615179635137,2227742.1965319235,156270.0,2071472.1965319237
20230310,1.0073314456879594,1.0092773114253495,1.0291944646164877,1.033486337578439,-0.021863018928528266,-0.02420902615308962,2220410.085135769,490226.0,1730184.0851357693
20230313,1.007294202481893,1.0094918525254675,1.0305217201894712,1.034651303515429,-0.02322751770757825,-0.02515945098996153,2220882.0755560286,490555.0,1730327.0755560284
20230314,1.0039215323462602,1.0062182171789442,1.0281967438034505,1.0326052749454717,-0.02427521145719025,-0.0263870577665275,2213680.0777936773,483210.0,1730470.0777936776
20230315,1.0046213175620062,1.006897769022588,1.029432412495904,1.0337702518690208,-0.02481109493389777,-0.026872482846432844,2215175.0918496936,484562.0,1730613.0918496936
20230316,0.9982988219231121,1.0015492984485779,1.0235995909155053,1.0290820257859585,-0.025300768992393197,-0.027532727337380658,2203408.4565868713,679448.0,1523960.456586871
20230317,0.999640281180559,1.0026922972244825,1.0267102608286915,1.0316454701092874,-0.027069979648132514,-0.028953172884804923,2205923.0538938614,784790.0,1421133.0538938616
20230320,0.9983541739142026,1.0017535485992721,1.0242777122057596,1.0296739008253197,-0.025923538291557024,-0.027920352226047607,2203857.8069183985,987586.0,1216271.8069183982
20230321,1.005065452313737,1.009026056931613,1.0297388153001827,1.0355888334767778,-0.024673362986445735,-0.026562776545164812,2219857.3252495485,1003485.0,1216372.3252495485
20230322,1.0061525800147924,1.0102613083726444,1.0319788569782975,1.0377106566143632,-0.025826276963505146,-0.02744934824171885,2222574.8784198174,1193770.0,1028804.8784198177
20230323,1.0057180349037491,1.0106821268645834,1.0331227693312384,1.03935292677139,-0.027404734427489252,-0.028670799906806543,2223500.679102083,963500.0,1260000.6791020832
20230324,1.0086837115535157,1.0146046363699965,1.033372457279717,1.039659966694989,-0.024688745726201278,-0.02505533032499252,2232130.2000139924,784053.0,1448077.2000139926
20230327,1.00813851462825,1.013999648795955,1.0333235917292953,1.0395656819900247,-0.02518507710104534,-0.025566033194069693,2230799.227351101,0.0,2230799.227351101
20230328,1.0072913504819379,1.0136761683061863,1.0324679148382028,1.039178549206919,-0.02517656435626492,-0.025502380900732646,2230087.57027361,67543.0,2162544.57027361
20230329,1.007329685807748,1.0137437714051825,1.032745281274461,1.0393609630890446,-0.025415595466713015,-0.025617191683862117,2230236.2970914016,0.0,2230236.2970914016
20230330,1.007412936195005,1.0138275518821582,1.0328306321241534,1.0394468606893001,-0.025417695929148332,-0.025619308807141916,2230420.614140748,0.0,2230420.614140748
20230331,1.007496193462459,1.0139113392831403,1.0329159900276346,1.0395327653885307,-0.025419796565175456,-0.02562142610539042,2230604.9464229085,0.0,2230604.9464229085
20230403,1.0075794576106791,1.0139951336087007,1.0330013549854882,1.039618677187323,-0.025421897374809044,-0.025623543578622288,2230789.2939391416,0.0,2230789.2939391416
20230404,1.0071077974249443,1.0140789348594124,1.0328298589054992,1.039704596086264,-0.025722061480554892,-0.025625661226851726,2230973.656690707,0.0,2230973.656690707
20230406,1.0065091705232292,1.0142005505478306,1.03367128093969,1.0402267962638654,-0.027162110416460772,-0.026026245716034735,2231241.2112052273,168196.0,2063045.2112052273
20230407,1.010959084800282,1.016854437685291,1.0363705404704762,1.0419906913685313,-0.025411455670194094,-0.02513625368324024,2237079.76290764,446571.0,1790508.7629076403
20230410,1.0064894851868544,1.0131716402236794,1.0339279380998732,1.0397612509747205,-0.027438452913018718,-0.02658961075104105,2228977.608492095,523504.0,1705473.608492095
20230411,1.0062587766848041,1.0129929400431195,1.0334776283181006,1.0396633281592935,-0.027218851633296515,-0.02667038811617406,2228584.468094863,307253.0,1921331.4680948628
20230412,1.006345546592607,1.0129769497736645,1.0336055711185688,1.0398858488944696,-0.027260024525961768,-0.026908899120805074,2228549.289502062,0.0,2228549.289502062
20230413,1.0064287156460443,1.0130606668769515,1.033690993066595,1.039971789873717,-0.02726227742055065,-0.02691112299676557,2228733.4671292934,0.0,2228733.4671292934
20230414,1.0065118915729572,1.0131443908990074,1.0337764220742864,1.040057737955525,-0.027264530501329265,-0.02691334705651749,2228917.6599778165,0.0,2228917.6599778165
20230417,1.0065950743739136,1.0132281218404042,1.0338618581422263,1.04014369314048,-0.027266783768312708,-0.026915571300075714,2229101.868048889,0.0,2229101.868048889
20230418,1.0066782640494816,1.0133118597017132,1.0339473012709983,1.0402296554291692,-0.027269037221516745,-0.026917795727456006,2229286.0913437693,0.0,2229286.0913437693
20230419,1.0067614606002295,1.0133956044835069,1.034032751461186,1.04031562482218,-0.027271290860956476,-0.026920020338673245,2229470.329863715,0.0,2229470.329863715
20230420,1.0068446640267252,1.0134793561863567,1.034118208713373,1.0404016013200992,-0.027273544686647666,-0.02692224513374253,2229654.5836099847,0.0,2229654.5836099847
20230421,1.0069278743295373,1.0135631148108348,1.0342036730281428,1.040487584923514,-0.027275798698605414,-0.026924470112679177,2229838.8525838368,0.0,2229838.8525838368
20230424,1.007011091509234,1.0136468803575136,1.0342891444060789,1.040573575633012,-0.027278052896844818,-0.02692669527549829,2230023.13678653,0.0,2230023.13678653
20230425,1.0070943155663836,1.0137306528269645,1.0343746228477653,1.04065957344918,-0.027280307281381644,-0.026928920622215413,2230207.436219322,0.0,2230207.436219322
20230426,1.0071775465015542,1.0138144322197602,1.0344601083537859,1.0407455783726054,-0.027282561852231657,-0.026931146152845198,2230391.7508834726,0.0,2230391.7508834726
20230427,1.0072607843153147,1.0138982185364727,1.034545600924724,1.0408315904038759,-0.02728481660940929,-0.02693337186740319,2230576.08078024,0.0,2230576.08078024
20230428,1.0073440290082334,1.0139820117776739,1.0346311005611641,1.0409176095435788,-0.027287071552930753,-0.02693559776590493,2230760.4259108827,0.0,2230760.4259108827
20230504,1.0074272805808786,1.0140658119439365,1.0347166072636897,1.0410036357923014,-0.027289326682811144,-0.02693782384836485,2230944.7862766604,0.0,2230944.7862766604
20230505,1.007510789829687,1.0141496190358328,1.0347627118199323,1.041089669150631,-0.027251921990245398,-0.026940050114798275,2231129.161878832,0.0,2231129.161878832
20230508,1.008280278084932,1.0140701629956703,1.035679288472824,1.0415966481130114,-0.027399010387892053,-0.027526485117341126,2230954.358590475,100601.0,2130353.358590475
20230509,1.0072832149886428,1.012664582120937,1.0320120885145263,1.0393612982165534,-0.024728873525883488,-0.026696716095616413,2227862.0806660615,357458.0,1870404.0806660613
20230510,1.0064665630788,1.0124404579715254,1.031456977101255,1.039057498506307,-0.024990414022455054,-0.026617040534781644,2227369.0075373556,0.0,2227369.0075373556
20230511,1.0065497421335998,1.012524130736647,1.0315422214795278,1.0391433710268447,-0.024992479345927965,-0.026619240290197688,2227553.0876206234,0.0,2227553.0876206234
20230512,1.0066329280627018,1.0126078104168732,1.0316274729027906,1.039229250644285,-0.024994544840088784,-0.026621440227411863,2227737.182917121,0.0,2227737.182917121
20230515,1.0067161208666737,1.0126914970127754,1.0317127313716254,1.0393151373592142,-0.024996610504951722,-0.026623640346438826,2227921.293428106,0.0,2227921.293428106
20230516,1.0067993205460843,1.0127751905249252,1.0317979968866149,1.039401031172219,-0.024998676340530546,-0.026625840647293897,2228105.4191548354,0.0,2228105.4191548354
20230517,1.0068825271015014,1.012858890953894,1.031883269448341,1.0394869320838862,-0.02500074234683969,-0.026628041129992175,2228289.560098567,0.0,2228289.560098567
20230518,1.006965740533493,1.0129425983002538,1.0319685490573864,1.0395728400948023,-0.02500280852389336,-0.026630241794548537,2228473.7162605585,0.0,2228473.7162605585
20230519,1.0070489608426283,1.013026312564576,1.0320538357143332,1.039658755205554,-0.025004874871704885,-0.026632442640978082,2228657.8876420674,0.0,2228657.8876420674
20230522,1.007277429423276,1.0131100337474328,1.032094862626949,1.0397446774167283,-0.024817433203673023,-0.026634643669295466,2228842.074244352,0.0,2228842.074244352
20230523,1.0073234960557607,1.0131937618493954,1.0321920587407278,1.0398306067289114,-0.024868562684967177,-0.02663684487951601,2229026.2760686697,0.0,2229026.2760686697
20230524,1.007406745931468,1.0132774968710359,1.0322773638695495,1.0399165431426907,-0.02487061793808154,-0.02663904627165481,2229210.4931162787,0.0,2229210.4931162787
20230525,1.006768559581132,1.0129758080207771,1.0318993997418113,1.0397691705470309,-0.025130840160679346,-0.02679336252625375,2228546.7776457095,337505.0,1891041.7776457095
20230526,1.0078389167049142,1.013785876885602,1.0375447458996243,1.0436392896114903,-0.0297058291947101,-0.029853412725888262,2230328.9291483248,800626.0,1429702.9291483245
20230529,1.0033801991999836,1.010172171237899,1.036520789943035,1.0424890358239693,-0.033140590743051535,-0.032316864586070304,2222378.776723378,999953.0,1222425.7767233779
20230530,1.0049924493530356,1.0129290016577608,1.0381352615262018,1.044510869504616,-0.03314281217316628,-0.03158186784685513,2228443.803647074,1005917.0,1222526.803647074
20230531,1.0039522307707127,1.0118310376629696,1.0382830231652824,1.0446797602526747,-0.03433079239456971,-0.03284872258970517,2226028.282858533,854692.0,1371336.2828585326
20230601,1.0044774103303555,1.0123554621651427,1.0391198213409019,1.0456442834146789,-0.034642411010546326,-0.03328882124953614,2227182.016763314,832313.0,1394869.0167633141
20230602,1.010084880470541,1.0187057574037515,1.0413519274294984,1.0481997774142255,-0.031267046958957545,-0.029494020010474076,2241152.6662882534,777966.0,1463186.6662882534
20230605,1.0099532249392873,1.019051041270066,1.041373663695549,1.048295804546227,-0.03142043875626177,-0.02924476327616099,2241912.2907941453,508208.0,1733704.2907941453
20230606,1.0094914654511535,1.0174798123992468,1.040470155551075,1.0453075696975744,-0.03097869009992138,-0.02782775729832765,2238455.587278343,303161.0,1935294.587278343
20230607,1.0094529926059994,1.0171781356701817,1.0406334572344602,1.0456438358931637,-0.031180464628460802,-0.028465700222982004,2237791.8984743995,0.0,2237791.8984743995
20230608,1.0106586754781155,1.0178183926764355,1.040027810737918,1.0453827217367704,-0.029369135259802448,-0.027564329060334902,2239200.463888158,136562.0,2102638.463888158
20230609,1.010122459513617,1.0175587434827424,1.04083400976171,1.0459630905342092,-0.030711550248093022,-0.028404347051466772,2238629.2356620333,135817.0,2102812.2356620333
20230612,1.012349065833449,1.0190144445946003,1.042270015179859,1.0468888720332508,-0.029920949346409875,-0.02787442743865043,2241831.778108121,409977.0,1831854.7781081211
20230613,1.0133554944756669,1.0199072397873918,1.043638815704494,1.0479344522940197,-0.030283321228827154,-0.028027212506627874,2243795.927532262,546081.0,1697714.9275322622
20230614,1.0126211324211536,1.0191152041843694,1.0451416658053139,1.0491382160628506,-0.03252053338416028,-0.03002301187848122,2242053.4492056128,739089.0,1502964.4492056125
20230615,1.0127201187613988,1.019508027792529,1.047268659296808,1.0511855721588437,-0.03454854053540912,-0.03167754436631465,2242917.6611435637,739829.0,1503088.6611435635
20230616,1.0127714944670818,1.0206275601854722,1.0470185113006225,1.0525629932092953,-0.0342470168335407,-0.03193543302382307,2245380.6324080387,403218.0,1842162.6324080385
20230619,1.0130504284515605,1.0202833841582146,1.047091978414155,1.0524892921598719,-0.034041549962594564,-0.032205908001657235,2244623.445148072,0.0,2244623.445148072
20230620,1.0119650592766392,1.0198207047709544,1.047126932653288,1.052550376880021,-0.03516187337664878,-0.03272967210906663,2243605.5504961,72210.0,2171395.5504961
20230621,1.0112085706139198,1.0195231839426486,1.045763765583967,1.0517567826061347,-0.03455519497004733,-0.032233598663486074,2242951.004673827,71376.0,2171575.004673827
20230626,1.0109096437277572,1.0194295753960925,1.0455166528586086,1.0516399993325463,-0.03460700913085146,-0.03221042393645379,2242745.0658714036,1939.9999999999998,2240805.0658714036
20230627,1.0109930260048496,1.0195137528966889,1.0456030591935557,1.0517269117291854,-0.034610033188706035,-0.032213158832496536,2242930.2563727153,1939.9999999999998,2240990.2563727153
20230628,1.0110764151730394,1.019597937354103,1.045689472669522,1.0518138313086671,-0.03461305749648269,-0.032215893954564034,2243115.462179027,1939.9999999999998,2241175.462179027
20230629,1.0111598112328959,1.0196821287689108,1.0463807947333956,1.0522047409665838,-0.035220983500499736,-0.03252261219767294,2243300.683291604,1939.9999999999998,2241360.683291604
20230630,1.0112432141849887,1.0197663271416866,1.0505744187816475,1.0548801845534344,-0.03933120459665873,-0.03511385741174777,2243485.9197117104,1939.9999999999998,2241545.9197117104
20230703,1.0116209166311276,1.0204100380585428,1.0504219928053569,1.0546037919541111,-0.03880107617422923,-0.034193753895568335,2244902.083728794,294499.0,1950403.0837287938
20230704,1.012066559531826,1.0211392154846781,1.0509254144801945,1.0553795873163312,-0.038858854948368604,-0.03424037183165307,2246506.2740662917,295942.0,1950564.274066292
20230705,1.012074172067888,1.0203730908590611,1.0506768843037377,1.0546287800552978,-0.03860271223584966,-0.03425568919623667,2244820.7998899347,181191.0,2063629.7998899347
20230706,1.012186945150553,1.0203709657057136,1.0507145562495668,1.0544516053254227,-0.038527611099013814,-0.034080639619709086,2244816.12455257,0.0,2244816.12455257
20230707,1.0120838181344503,1.0204552938846976,1.0506100071409779,1.0545387500861936,-0.0385261890065276,-0.034083456201496,2245001.6465463345,0.0,2245001.6465463345
20230710,1.0121523074456409,1.0205396290329525,1.0507911475554346,1.0546259020490105,-0.03863884010979368,-0.034086273016058044,2245187.1838724953,0.0,2245187.1838724953
20230711,1.0128612803061734,1.020907951657666,1.0517628288535568,1.0551571597532192,-0.03890154854738337,-0.03424920809555321,2245997.4936468652,106253.0,2139744.4936468652
20230712,1.0122963771706615,1.0203433327430773,1.0510858074081324,1.0543253753599606,-0.038789430237470945,-0.03398204261688331,2244755.33203477,104834.0,2139921.33203477
20230713,1.0128535333503672,1.0208072440170082,1.0522800738968507,1.0552907921611565,-0.039426540546483535,-0.034483548144148335,2245775.936837418,227029.0,2018746.9368374178
20230714,1.0131348661240471,1.0210721706487451,1.05219957318221,1.0552454961184348,-0.039064707058162895,-0.03417332546968965,2246358.775427239,227445.0,2018913.775427239
20230717,1.0130328462673028,1.0210284671842607,1.0517718982366946,1.0549531156335161,-0.03873905196939176,-0.03392464844925547,2246262.6278053736,227182.0,2019080.6278053734
20230718,1.0132201763244324,1.0214074598145686,1.0517234084880485,1.0549471119614666,-0.038503232163616063,-0.033539652146898025,2247096.411592051,121038.0,2126058.411592051
20230719,1.0133027879815293,1.0213782692662055,1.0518054921784028,1.0549442066932424,-0.038502704196873516,-0.03356593742703695,2247032.192385652,0.0,2247032.192385652
20230720,1.013386532013594,1.0214626806934175,1.0518924182521365,1.0550313921648697,-0.038505886238542564,-0.03356871147145224,2247217.8975255187,0.0,2247217.8975255187
20230721,1.0134702829666529,1.0215470990967808,1.0519793515098435,1.0551185848419082,-0.03850906854319058,-0.03357148574512747,2247403.6180129177,0.0,2247403.6180129177
20230724,1.0136106208483027,1.0216315244768714,1.0520365198850723,1.0552057847249532,-0.03842589903676963,-0.033574260248081744,2247589.353849117,0.0,2247589.353849117
20230725,1.0139059214379293,1.0217159568342662,1.0524354622612937,1.0552929918146,-0.03852954082336435,-0.03357703498033371,2247775.1050353856,0.0,2247775.1050353856
20230726,1.0140018135574704,1.0218003961695417,1.052402775914646,1.055380206111444,-0.038400962357175494,-0.03357980994190224,2247960.871572992,0.0,2247960.871572992
20230727,1.0137107675538575,1.0216565515055889,1.0510133824583112,1.0546973561572976,-0.037302614904453746,-0.03304080465170878,2247644.4133122955,144881.0,2102763.4133122955
20230728,1.017663652114662,1.0239282962507548,1.0534911307427461,1.0564854880079504,-0.03582747862808411,-0.032557191757195625,2252642.2517516604,347516.0,1905126.2517516604
20230731,1.0182732572476692,1.0242232417137433,1.0534542624609877,1.0564899220687411,-0.03518100521331857,-0.0322666803549978,2253291.1317702355,0.0,2253291.1317702355
20230801,1.0182970546011603,1.0243078882626455,1.0533808106586544,1.056577235285441,-0.03508375605749414,-0.03226934702279549,2253477.35417782,0.0,2253477.35417782
20230802,1.018287782664914,1.02439254180713,1.0534001736965681,1.0566645557181094,-0.0351123910316542,-0.032272013910979336,2253663.591975686,0.0,2253663.591975686
20230803,1.0183053004459006,1.0244772023477753,1.053466276708682,1.0567518833673422,-0.03516097626278136,-0.032274681019566875,2253849.8451651055,0.0,2253849.8451651055
20230804,1.0183894579087474,1.0245618698851593,1.0535533400373356,1.056839218233736,-0.03516388212858823,-0.03227734834857676,2254036.1137473504,0.0,2254036.1137473504
20230807,1.0184736223267563,1.0246465444198605,1.0536404105613058,1.0569265603178877,-0.03516678823454944,-0.0322800158980272,2254222.397723693,0.0,2254222.397723693
20230808,1.0185577937005021,1.0247312259524572,1.053727488281187,1.0570139096203934,-0.03516969458068475,-0.032282683667936185,2254408.697095406,0.0,2254408.697095406
20230809,1.0186419720305602,1.0248159144835276,1.0538145731975737,1.0571012661418497,-0.035172601167013484,-0.03228535165832214,2254595.0118637607,0.0,2254595.0118637607
20230810,1.0187261573175048,1.0249006100136502,1.053901665311061,1.0571886298828532,-0.03517550799355629,-0.032288019869203044,2254781.34203003,0.0,2254781.34203003
20230811,1.0188103495619114,1.0249853125434032,1.053988764622244,1.0572760008440005,-0.03517841506033248,-0.03229068830059734,2254967.687595487,0.0,2254967.687595487
20230814,1.0188945487643546,1.0250700220733655,1.0540758711317166,1.0573633790258885,-0.035181322367362045,-0.032293356952523,2255154.048561404,0.0,2255154.048561404
20230815,1.0189787549254095,1.0251547386041153,1.0541629848400746,1.0574507644291138,-0.03518422991466519,-0.032296025824998464,2255340.4249290535,0.0,2255340.4249290535
20230816,1.0190629680456513,1.0252394621362313,1.0542501057479126,1.057538157054273,-0.03518713770226123,-0.032298694918041715,2255526.816699709,0.0,2255526.816699709
20230817,1.019147188125655,1.025324192670292,1.0543372338558257,1.0576255569019635,-0.035190045730170594,-0.0323013642316714,2255713.2238746425,0.0,2255713.2238746425
20230818,1.0181323109135159,1.0254089302068765,1.0526764478785477,1.0577129639727818,-0.03454413696503189,-0.03230403376590529,2255899.646455128,0.0,2255899.646455128
20230821,1.0181295487869577,1.025493674746563,1.0524946879034514,1.057800378267325,-0.03436513911649364,-0.03230670352076204,2256086.0844424386,0.0,2256086.0844424386
20230822,1.0172017262621766,1.025476462599848,1.0531334169780247,1.0581400589128602,-0.03593169071584801,-0.03266359631301219,2256048.2177196657,240466.0,2015582.2177196655
20230823,1.016594559459088,1.024309799825307,1.0512895466314858,1.0562922396660306,-0.03469498717239783,-0.031982439840723575,2253481.5596156754,196095.0,2057386.5596156754
20230824,1.0179087325094192,1.0247670870739776,1.0513692880418066,1.0564473286565366,-0.03346055553238747,-0.031680241582559,2254487.5915627507,196931.0,2057556.591562751
20230825,1.0179096548678537,1.024363532312091,1.0511228333573628,1.0561507587725492,-0.03321317848950911,-0.03178722646045817,2253599.7710866,0.0,2253599.7710866
20230828,1.0179937796327188,1.0244481904552571,1.051209703013012,1.0562380439592245,-0.03321592338029333,-0.03178985350396735,2253786.019001566,0.0,2253786.019001566
20230829,1.0180779113500438,1.0245328555949642,1.0512965798479719,1.0563253363595517,-0.033218668497928094,-0.031792480764587516,2253972.282308921,0.0,2253972.282308921
20230830,1.0182112267278407,1.0246175277317902,1.0515852425285361,1.0564126359741268,-0.033374015800695433,-0.03179510824233667,2254158.5610099384,0.0,2254158.5610099384
20230831,1.0155541537254669,1.0237342877018503,1.0510296514671276,1.0561845558333265,-0.0354754977416607,-0.03245026813147622,2252215.4329440705,216465.0,2035750.4329440708
20230901,1.0153671217862932,1.0237305791251767,1.0509429329012077,1.0561638818296766,-0.03557581111491448,-0.032433302704499845,2252207.274075389,229100.0,2023107.2740753887
20230904,1.015714539563413,1.023984425307449,1.051241896758559,1.056386867553086,-0.03552735719514599,-0.03240244224563704,2252765.735676388,0.0,2252765.735676388
20230905,1.015356189935279,1.0238496168549953,1.05097223637294,1.0562950431800304,-0.03561604643766092,-0.03244542632503511,2252469.15708099,72336.0,2180133.15708099
20230906,1.015046074290082,1.0237601158644656,1.0505974678441863,1.0561504150706746,-0.035551393554104305,-0.03239029920620906,2252272.254901824,0.0,2252272.254901824
20230907,1.014381725012337,1.0234268322434628,1.0436471664344433,1.0527008055274087,-0.029265441422106298,-0.029273973283945987,2251539.030935618,419181.0,1832358.0309356183
20230908,1.013408881898739,1.0238603695598016,1.0430057081789597,1.0528459501483312,-0.029596826280220645,-0.028985580588529514,2252492.8130315635,262458.0,1990034.8130315633
20230911,1.0139606613794747,1.0246533085084504,1.045475501506613,1.054695164317765,-0.031514840127138344,-0.030041855809314733,2254237.2787185907,264038.0,1990199.2787185907
20230912,1.0136018100198216,1.0244444863455173,1.0449696329917315,1.0543274143285495,-0.031367822971909876,-0.02988292798303216,2253777.869960138,0.0,2253777.869960138
20230913,1.0136855787644514,1.0245291511790997,1.045055994118425,1.0544145488256016,-0.03137041535397356,-0.029885397646501888,2253964.132594019,0.0,2253964.132594019
20230914,1.013769354432118,1.0246138230097754,1.0451423623824019,1.0545016905238516,-0.03137300795028386,-0.029887867514076127,2254150.410621506,0.0,2254150.410621506
20230915,1.0138531370233932,1.0246985018381236,1.0452287377842515,1.0545888394238947,-0.031375600760858324,-0.029890337585771087,2254336.7040438717,0.0,2254336.7040438717
20230918,1.014208807411164,1.0249136680271178,1.0457330243247813,1.0548866306840885,-0.0315242169136174,-0.029972962656970692,2254810.069659659,78825.0,2175985.069659659
20230919,1.012491627319252,1.023778528900058,1.044816885662778,1.0542953743285575,-0.032325258343526064,-0.030516845428499417,2252312.7635801276,205720.0,2046592.7635801274
20230920,1.0123902476450635,1.0239249308348277,1.0445232691972275,1.0538227314157718,-0.03213302155216402,-0.029897800580944045,2252634.847836621,118693.0,2133941.847836621
20230921,1.0124709914734185,1.023882028100674,1.0445874970629012,1.0537034918835526,-0.03211650558948276,-0.029821463782878643,2252540.4618214825,0.0,2252540.4618214825
20230922,1.01255466676197,1.0239666464501038,1.044673826608113,1.0537905748167662,-0.032119159846143,-0.029823928366662367,2252726.622190228,0.0,2252726.622190228
20230925,1.0126383489658344,1.0240512717927854,1.044760163287998,1.0538776649469161,-0.032121814322163544,-0.029826393154130715,2252912.797944128,0.0,2252912.797944128
20230926,1.0123165342335179,1.0239984251929337,1.0439230492351728,1.0534990100746566,-0.0316065150016549,-0.029500584881722913,2252796.535424454,202603.0,2050193.535424454
20230927,1.0116880056443112,1.02367206280636,1.046397721744364,1.0551189715200515,-0.03470971610005291,-0.03144690871369149,2252078.538173992,537745.0,1714333.5381739924
20230928,1.0157038397560851,1.0266871951049015,1.0507897958767176,1.05826534324133,-0.03508595612063248,-0.03157814813642856,2258711.829230783,928303.0,1330408.829230783
20231009,1.0099741096407757,1.02181886599796,1.0483486146630636,1.0565018270735762,-0.0383745050222879,-0.0346829610756163,2248001.505195512,980640.0,1267361.505195512
20231010,1.0139827938661028,1.0254761635770056,1.0459641234448005,1.054507813287998,-0.031981329578697704,-0.02903164971099237,2256047.5598694123,1240705.0,1015342.5598694126
20231011,1.015917899663605,1.0277693056716664,1.0475670778395008,1.0557349649254597,-0.031649178175895853,-0.02796565925379335,2261092.472477666,1245666.0,1015426.4724776662
20231012,1.0167722123801435,1.0285513617224733,1.0509594769469197,1.059720831971034,-0.03418726456677623,-0.03116947024856076,2262812.9957894413,993136.0,1269676.995789441
20231013,1.0148205172951033,1.0248394570761847,1.0490819376129452,1.0579695655858128,-0.03426142031784196,-0.03313010850962805,2254646.8055676064,554580.0,1700066.8055676061
20231016,1.0134955725940906,1.02246513952568,1.0469214465716643,1.05517107409236,-0.033425873977573684,-0.03270593456668003,2249423.306956496,549216.0,1700207.306956496
20231017,1.0131642749106835,1.0221073105846192,1.045955663968197,1.054520216808265,-0.032791389057513554,-0.03241290622364579,2248636.0832861625,836518.0,1412118.0832861622
20231018,1.0086817645568822,1.0167835942094985,1.0379610451626635,1.0475306725994622,-0.029279280605781333,-0.03074707838996371,2236923.9072608966,906867.0,1330056.9072608969
20231019,1.0085377193403169,1.0168817405997037,1.0334292246983017,1.0430853060660181,-0.02489150535798479,-0.026203565466314416,2237139.829319348,906973.0,1330166.829319348
20231020,1.0040762731696387,1.0099259510408498,1.031178875381149,1.0395929412023412,-0.027102602211510396,-0.029666990161491436,2221837.0922898697,581559.0,1640278.09228987
20231023,0.9996970800185478,1.003575296573994,1.0263747835984156,1.0327533572305396,-0.026677703579867762,-0.029178060656545712,2207865.6524627865,567452.0,1640413.6524627865
20231024,1.0016338230771895,1.0080489967394506,1.0270211712458106,1.0348594131540714,-0.025387348168621093,-0.026810416414620786,2217707.7928267913,334933.0,1882774.7928267915
20231025,1.005405344217188,1.0119795326038314,1.028209905990302,1.0369004940132984,-0.022804561773114074,-0.02492096140946698,2226354.971728429,496373.0,1729981.9717284292
20231026,1.0060481826352676,1.0119550699308313,1.03276764083899,1.0401384060019214,-0.026719458203722457,-0.028183336071090137,2226301.153847829,861198.0,1365103.153847829
20231027,1.0112264179319161,1.0169439489596386,1.04748071556471,1.051571927492295,-0.03625429763279375,-0.03462797853265642,2237276.687711205,1254181.0,983095.6877112049
20231030,1.0217263851705507,1.0266489983597407,1.0582409819591678,1.0612651549800367,-0.036514596788617126,-0.034616156620296046,2258627.7963914294,1519672.0,738955.7963914293
20231031,1.0200217154952453,1.0238783436955934,1.0542948233995821,1.0575821587892997,-0.0342731079043368,-0.033703815093706346,2252532.356130305,1382280.0,870252.3561303051
20231101,1.0196896231661357,1.0238305072749372,1.054355655384814,1.0572738663237233,-0.034666032218678255,-0.03344335904878615,2252427.116004862,1075800.0,1176627.1160048621
20231102,1.0192389354328133,1.022912062842744,1.052156598939809,1.053364425253831,-0.032917663506995654,-0.030452362411087064,2250406.5382540366,747181.0,1503225.5382540368
20231103,1.0198628403654566,1.0236524907928286,1.0545022161349484,1.056974902125083,-0.03463937576949183,-0.03332241133225433,2252035.479744223,573040.0,1678995.4797442232
20231106,1.0269360076913319,1.0308228362278304,1.0597150595837754,1.0624903117939286,-0.03277905189244357,-0.03166747556609817,2267810.239701227,588676.0,1679134.2397012268
20231107,1.0296067354740108,1.0330612796473533,1.0618127647419853,1.0640288356721095,-0.032206029267974445,-0.030967556024756204,2272734.815224177,786883.0,1485851.8152241774
20231108,1.0347584636559808,1.0370045705009678,1.0649684545161142,1.0664338042703774,-0.03020999086013343,-0.029429233769409535,2281410.0551021295,1139900.0,1141510.0551021297
20231109,1.0270434691163504,1.0311862381366594,1.0595632083771083,1.0621775101227604,-0.03251973926075791,-0.030991271986100966,2268609.7239006506,1506709.0,761900.7239006506
20231110,1.0224560163142113,1.0270067528194504,1.0576185085898764,1.0609027849604789,-0.035162492275665036,-0.03389603214102843,2259414.856202791,1252608.0,1006806.8562027911
20231113,1.0256644805808863,1.032003861743951,1.0608660627674822,1.0657247752857373,-0.03520158218659586,-0.03372091354178619,2270408.4958366924,911156.0,1359252.4958366924
20231114,1.0257965240539995,1.032464309073998,1.0614890281274538,1.0670673750997175,-0.03569250407345437,-0.0346030660257195,2271421.4799627955,594778.0,1676643.4799627955
20231115,1.0236717519820207,1.0318505165085197,1.0607882575951033,1.0678796457395099,-0.03711650561308266,-0.03602912923099022,2270071.136318743,818806.0,1451265.136318743
20231116,1.0191779561163317,1.0284864801441436,1.0543507447397504,1.062847902566327,-0.03517278862341877,-0.03436142242218354,2262670.256317116,1141198.0,1121472.2563171159
20231117,1.0218089335640195,1.031751790897574,1.059331963789392,1.0687345927348337,-0.03752303022537262,-0.03698280183725977,2269853.939974663,1148289.0,1121564.9399746626
20231120,1.0248888879261095,1.0348784687690982,1.0628613892156322,1.0724571956012505,-0.037972501289522675,-0.037578726832152354,2276732.631292016,1155075.0,1121657.6312920158
20231121,1.0247545287882975,1.0348865137590038,1.058999626401193,1.0686054838931485,-0.0342450976128954,-0.03371897013414471,2276750.3302698084,1155000.0,1121750.3302698084
20231122,1.0202632151330133,1.030944212171298,1.0506579147460942,1.0615000929218066,-0.030394699613080833,-0.030555880750508635,2268077.2667768556,1420626.0,847451.2667768555
20231123,1.0279415749089822,1.0375916673511545,1.0589026338876661,1.068896445921346,-0.030961058978683953,-0.03130477857019143,2282701.6681725397,1654897.0,627804.6681725397
20231124,1.0226297144548802,1.0293999588812135,1.053232848640856,1.0606930132586703,-0.030603134185975822,-0.031293054377456775,2264679.9095386695,1204882.0,1059797.9095386695
20231127,1.0214896373303424,1.0279152309362298,1.0534395701805843,1.0609628804347,-0.03194993285024195,-0.033047649498470166,2261413.5080597056,931471.0,1329942.5080597056
20231128,1.0215752634496935,1.028654332314181,1.0534010761145416,1.0615960352609057,-0.031825812664848074,-0.032941702946724716,2263039.5310911983,579185.0,1683854.5310911986
20231129,1.0193825530396854,1.0261362239194063,1.0527184989943876,1.0608939446702812,-0.03333594595470224,-0.03475772075087491,2257499.6926226937,573506.0,1683993.6926226937
20231130,1.0190839078903497,1.025693294955267,1.052525507906766,1.0606274833183438,-0.03344160001641616,-0.03493418836307671,2256525.2489015874,0.0,2256525.2489015874
20231201,1.019168129700919,1.0257780629961724,1.0526124934859318,1.0607151384822544,-0.03344436378501281,-0.03493707548608205,2256711.7385915793,0.0,2256711.7385915793
20231204,1.0192523584719688,1.025862838042701,1.0526994862539885,1.0608028008903934,-0.03344712778201964,-0.034939962847692296,2256898.243693942,0.0,2256898.243693942
20231205,1.0141515041854787,1.023403101254936,1.0476061484609136,1.0582807371740832,-0.033454644275434875,-0.034877635919147165,2251486.8227608595,330900.0,1920586.8227608595
20231206,1.021293896832707,1.0283479053082702,1.0499974055045935,1.0599068186110852,-0.028703508671886535,-0.031558913302814906,2262365.3916781945,783721.0,1478644.3916781945
20231207,1.0229526161236548,1.030284815315471,1.0492265546068091,1.0596633644788893,-0.02627393848315429,-0.02937854916341842,2266626.593694036,787860.0,1478766.5936940357
20231208,1.0188129541228836,1.0250235213733478,1.04873189481588,1.0590789800594924,-0.029918940692996276,-0.03405545868614457,2255051.7470213654,631263.0,1623788.7470213654
20231211,1.017701490188138,1.0235260983168502,1.047570240993673,1.0575454840744272,-0.02986875080553486,-0.034019385757577014,2251757.41629707,0.0,2251757.41629707
20231212,1.0177855977493107,1.0236106872505952,1.0476568170466476,1.0576328845276566,-0.029871219297336937,-0.03402219727706135,2251943.5119513096,0.0,2251943.5119513096
20231213,1.0178697122615215,1.0236952831751613,1.0477434002546677,1.0577202922040636,-0.02987368799314627,-0.034025009028902264,2252129.622985355,0.0,2252129.622985355
20231214,1.0169035717257582,1.0232432799146791,1.0454981149917655,1.0566305723933855,-0.0285945432660073,-0.03338729247870642,2251135.2158122943,262822.0,1988313.2158122943
20231215,1.0162868119681245,1.022709466324552,1.0417827791671785,1.0541509204085933,-0.025495967199054004,-0.03144145408404131,2249960.825914014,639377.0,1610583.8259140144
20231218,1.0115454047166716,1.0186800993383727,1.0349138745635806,1.0486127383294328,-0.02336846984690899,-0.029932638991060134,2241096.21854442,769728.0,1471368.2185444199
20231219,1.011573201799143,1.0186155159219392,1.0350803803536088,1.048882331681249,-0.023507178554465824,-0.030266815759309784,2240954.1350282663,531319.0,1709635.135028266
20231220,1.0115959205862939,1.0185948630862902,1.0350413781706547,1.04873757476905,-0.023445457584360785,-0.030142711682759726,2240908.6987898387,0.0,2240908.6987898387
20231221,1.0116795235549374,1.0186790444799338,1.0351269187804208,1.0488242472958904,-0.023447395225483447,-0.030145202815956562,2241093.8978558546,0.0,2241093.8978558546
20231222,1.0117631334329171,1.0187632328307175,1.035212466459659,1.0489109269857495,-0.023449333026741792,-0.030147694155032045,2241279.112227578,0.0,2241279.112227578
20231225,1.0118467502208042,1.0188474281392157,1.035298021208953,1.0489976138392194,-0.02345127098814892,-0.030150185700003718,2241464.3419062747,0.0,2241464.3419062747
20231226,1.0119303739191696,1.0189316304060043,1.0353835830288878,1.049084307856892,-0.023453209109718154,-0.030152677450887788,2241649.5868932093,0.0,2241649.5868932093
20231227,1.0120859771153616,1.0190158396316575,1.035741836845501,1.0491710090393596,-0.023655859730139284,-0.03015516940770202,2241834.8471896467,0.0,2241834.8471896467
20231228,1.0144410148132448,1.020095822789892,1.039231280517911,1.0510629280628532,-0.024790265704666137,-0.030967105272961204,2244210.810137762,143018.0,2101192.810137762
20231229,1.020161447143996,1.0234746486180717,1.0448197369312253,1.0545021523713134,-0.024658289787229393,-0.031027503753241703,2251644.2269597575,481500.0,1770144.2269597575
20240102,1.0257071815567573,1.0274394225929762,1.0401356558623562,1.051263939563553,-0.014428474305598904,-0.02382451697057686,2260366.7297045477,856436.0,1403930.7297045477
20240103,1.0228348543180055,1.0253940826819585,1.0366992121044056,1.0487515451035978,-0.013864357786400161,-0.023357462421639275,2255866.9819003087,1332401.0,923465.9819003087
20240104,1.0214980153582196,1.0250765006377023,1.0327753243873945,1.0450936794461687,-0.011277309029174898,-0.02001717880846643,2255168.301402945,1331626.0,923542.3014029452
20240105,1.0186194303343954,1.0200074589031947,1.0282827640242658,1.037875547541868,-0.00966333368987038,-0.017868088638673285,2244016.4095870284,888920.0,1355096.4095870284
20240108,1.0179646158710496,1.0186953984664775,1.0275982291856482,1.0364929849665048,-0.009633613314598666,-0.017797586500027274,2241129.8766262503,0.0,2241129.8766262503
20240109,1.0180487451781464,1.01877958816883,1.0276831546591347,1.0365786455437747,-0.00963440948098837,-0.017799057374944693,2241315.093971426,0.0,2241315.093971426
20240110,1.0181328814380786,1.0188637848290092,1.0277680871512553,1.0366643132004312,-0.009635205713176775,-0.017800528371421986,2241500.3266238202,0.0,2241500.3266238202
20240111,1.0182170246514206,1.01894798844759,1.02785302666259,1.0367499879370592,-0.009636002011169431,-0.017801999489469145,2241685.5745846983,0.0,2241685.5745846983
20240112,1.0174143837179208,1.018639440338785,1.0274101656415149,1.0365694380378556,-0.009995781923594071,-0.017929997699070555,2241006.768745327,119397.0,2121609.768745327
20240115,1.0170798779268309,1.0185782310889258,1.026957148889062,1.0364496686187603,-0.009877270962231233,-0.017871437529834555,2240872.1083956365,119087.0,2121785.1083956365
20240116,1.0163678890852246,1.0182656647894666,1.026786343899454,1.0363584967506523,-0.010418454814229428,-0.018092831961185718,2240184.4625368263,118224.0,2121960.4625368263
20240117,1.0149115912379665,1.0171140141682244,1.024841963645337,1.0346662406158984,-0.009930372407370491,-0.017552226447673958,2237650.8311700937,115515.0,2122135.8311700937
20240118,1.0135866747456572,1.0163580158959917,1.0241794277164264,1.0342812447616017,-0.010592752970769226,-0.01792322886560993,2235987.634971182,325944.0,1910043.634971182
20240119,1.0093258374438705,1.013310668424278,1.020584640944961,1.0317816795434687,-0.011258803501090542,-0.018471011119190583,2229283.470533412,523435.0,1705848.470533412
20240122,0.9979862119913682,0.9991979317026602,1.0103395898711376,1.0186686219437315,-0.012353377879769423,-0.019470690241071287,2198235.4497458525,492246.0,1705989.4497458527
20240123,0.9972828423435609,0.9983791709172641,1.0102801527577585,1.020113698786581,-0.012997310414197605,-0.021734527869316955,2196434.176017981,301620.0,1894814.1760179808
20240124,1.0002228089434548,1.001971260104943,1.0121728982902678,1.0224449901816726,-0.011950089346812964,-0.02047373007672948,2204336.7722308747,309366.0,1894970.7722308747
20240125,1.0181146394655307,1.01383845413106,1.0302325577612403,1.0340234763960194,-0.012117918295709629,-0.02018502226495933,2230444.599088332,730842.0,1499602.5990883322
20240126,1.023213399100385,1.0172605835223854,1.0187207629702988,1.0263735475088174,0.004492636130086103,-0.009112963986432021,2237973.283749248,1430998.0,806975.283749248
20240129,1.0014124617408067,0.9970324231225638,0.9978333999682603,1.007052672417835,0.0035790617725464102,-0.010020249295271233,2193471.33086964,1497977.0,695494.3308696403
20240130,0.9930629384673969,0.9836978573255644,0.9886416488935297,0.9930171676415681,0.004421289573867226,-0.009319310316003748,2164135.2861162415,964899.0,1199236.2861162412
20240131,0.9906351896513421,0.9786116885502115,0.9881994080734069,0.9919920141010564,0.0024357815779352254,-0.013380325550844896,2152945.7148104655,0.0,2152945.7148104655
20240201,0.9907170603281727,0.9786925655492653,0.9882810774459749,0.9920739969121392,0.002435982882197818,-0.013381431362873841,2153123.6442083837,0.0,2153123.6442083837
20240202,0.9907989377711751,0.9787734492323685,0.9883627535680779,0.9921559864986608,0.0024361842030972136,-0.013382537266292238,2153301.5883112107,0.0,2153301.5883112107
20240205,0.9908808219809083,0.9788543396000737,0.9884444364402736,0.9922379828611813,0.0024363855406347446,-0.013383643261107525,2153479.5471201623,0.0,2153479.5471201623
20240206,0.9909627129579315,0.9789352366529334,0.9885261260631197,0.9923199860002606,0.002436586894811743,-0.013384749347327252,2153657.5206364533,0.0,2153657.5206364533
20240207,0.9910446107028039,0.9790161403914996,0.9886078224371746,0.9924019959164591,0.0024367882656293194,-0.013385855524959411,2153835.508861299,0.0,2153835.508861299
20240208,1.0114907699012092,0.9888425795068211,0.9948643534357055,0.9955815825135871,0.01662641646550378,-0.006739003006765998,2175453.6749150064,245041.0,1930412.6749150066
20240219,1.0428469976486465,1.007036045085894,0.9939176897597233,0.9949310873976036,0.048929307888923246,0.012104957688290341,2215479.299188967,768390.0,1447089.2991889666
20240220,1.0601218758873703,1.019592789506412,0.9960534003203091,0.9973998746020908,0.06406847556706119,0.022192914904321293,2243104.1369141066,1091540.0,1151564.1369141066
20240221,1.087027561743041,1.0402813893625322,1.0009834457078712,1.0014991161789477,0.0860441160351697,0.038782273183584515,2288619.056597571,1475593.0,813026.0565975707
20240222,1.1236677436982563,1.0709320462950491,1.0159321671483097,1.0145113497896863,0.10773557654994659,0.056420696505362855,2356050.501849108,1791439.0,564611.5018491079
20240223,1.1722578923282014,1.113881727892301,1.030704291567215,1.028284587655649,0.14155360076098633,0.08559714023665199,2450539.801363062,1986073.0,464466.80136306206
20240226,1.1958909289637432,1.1347904647037343,1.0326558067035485,1.0300776547341786,0.16323512226019465,0.10471280996955579,2496539.022348216,2193990.0,302549.022348216
20240227,1.2335161833979926,1.1682968722804192,1.064190957046969,1.0596849710385905,0.16932522635102365,0.10861190124182873,2570253.1190169225,2421076.0,149177.1190169224
20240228,1.1246580760202118,1.0711942944111112,1.0127695945340276,1.011514241539578,0.11188848148618424,0.05968005287153333,2356627.4477044446,2207438.0,149189.44770444446
20240229,1.1418831109123697,1.0991769394104989,1.0357819089384301,1.0422627351235487,0.10610120197393957,0.056914204286950154,2418189.2667030976,1910153.0,508036.2667030978
20240301,1.1423951489373516,1.099889029698655,1.0433696426514587,1.0504735438392723,0.0990255062858929,0.04941548585938271,2419755.8653370407,1720383.0,699372.8653370407
20240304,1.14230428240939,1.0996903596240992,1.0441174077679294,1.051520365781924,0.0981868746414607,0.04816999384217513,2419318.7911730185,1424909.0,994409.7911730187
20240305,1.1323316159193184,1.090967588165466,1.0401218120488984,1.0468842371128206,0.09220980387041999,0.04408335105264527,2400128.693964025,1529791.0,870337.6939640248
20240306,1.139331926681002,1.1015298336999875,1.0384974275224907,1.045875985842303,0.10083449915851128,0.05565384785768446,2423365.6341399723,1213203.0,1210162.6341399723
20240307,1.141236891511832,1.1035357489003683,1.0315386253986074,1.0382322457472184,0.10969826611322464,0.06530350315314992,2427778.6475808104,1217516.0,1210262.6475808104
20240308,1.1433706902959542,1.106121822739233,1.0362887670411889,1.0440682404778001,0.10708192325476529,0.06205358226143298,2433468.010026313,1008945.0,1424523.010026313
20240311,1.1489506751685556,1.1127248814548616,1.0434402190359298,1.052767535279793,0.10551045613262588,0.05995734617506865,2447994.7392006954,1023354.0,1424640.7392006952
20240312,1.1572223043724386,1.1226170355021643,1.0450831337316921,1.0548293342496509,0.11213917064074641,0.06778770125251343,2469757.4781047613,1044999.0,1424758.4781047613
20240313,1.15607483802419,1.1217430585298542,1.0470071410416526,1.0564959873139332,0.10906769698253749,0.065247071215921,2467834.7287656795,1177485.0,1290349.7287656793
20240314,1.1555832905632077,1.1212614236909273,1.0430579383974243,1.0530743409456296,0.11252535216578341,0.06818708274529772,2466775.1321200402,1408611.0,1058164.1321200402
20240315,1.1620807845589345,1.1309629786462665,1.0464653752751703,1.0596725850757802,0.11561540928376424,0.07129039357048628,2488118.5530217863,1102047.0,1386071.5530217863
20240318,1.1734614581291836,1.142009138359002,1.0547710180969554,1.0674729124795055,0.11869044003222817,0.0745362258794966,2512420.1043898044,1126234.0,1386186.1043898046
20240319,1.1722164258525452,1.1411285624084155,1.048392452474047,1.062084758510828,0.12382397337849804,0.07904380389758758,2510482.8372985143,1424516.0,1085966.8372985146
20240320,1.1908341503862367,1.1560813597612818,1.0563092235160483,1.0687899862896508,0.13452492687018847,0.08729137347163096,2543378.99147482,1816615.0,726763.9914748198
20240321,1.201387704723684,1.1653723994124265,1.0558273103996465,1.0681939831993534,0.14556039432403756,0.0971784162130731,2563819.2787073385,2043897.0,519922.2787073384
20240322,1.184515840471633,1.1484778397685012,1.0464008912070055,1.058498751417349,0.13811494926462742,0.0899790883511522,2526651.2474907027,2006686.0,519965.2474907026
20240325,1.1700699119877498,1.13425398658024,1.0298690818318597,1.0407544299632552,0.14020083015589013,0.09349955661698472,2495358.770476528,1869229.0,626129.7704765281
20240326,1.1657769128129332,1.132151383389762,1.0282241477025655,1.0381256251247282,0.13755276511036763,0.0940257582650339,2490733.0434574764,1209552.0,1281181.0434574764
20240327,1.1603712358635787,1.118937060975016,1.024176770008356,1.0275160165108763,0.13619446585522277,0.09142104446413968,2461661.5341450353,733461.0,1728200.5341450353
20240328,1.1595067076725531,1.1165707951092438,1.023991617316725,1.0268850811263184,0.1355150903558282,0.08968571398292546,2456455.7492403365,0.0,2456455.7492403365
20240329,1.1642342969884765,1.1188098953658643,1.0282060843639196,1.0290405420711706,0.1360282126245569,0.08976935329469371,2461381.7698049014,366232.0,2095149.7698049014
20240401,1.1692941103115941,1.1226504406180353,1.0344031399686933,1.0336666306638582,0.13489097034290087,0.0889838099541771,2469830.9693596778,537827.0,1932003.9693596778
20240402,1.1768228113399066,1.1274821785884845,1.0307675467203448,1.0313006891603924,0.14605526461956186,0.09618148942809213,2480460.792894666,1180577.0,1299883.7928946663
20240403,1.1682477038109793,1.1211634021272865,1.0286257880884733,1.0294525001941643,0.13962191572250604,0.09171090193312215,2466559.4846800305,1391001.0,1075558.4846800303
20240408,1.1521050598116325,1.1049238062777251,1.016656884426848,1.017416647147599,0.13544817538478449,0.08750715913012619,2430832.3738109954,1355185.0,1075647.3738109956
20240409,1.1532876232175897,1.1109412129731349,1.018017405899544,1.0218212990133757,0.13527021731804578,0.08911991395975916,2444070.668540897,843874.0,1600196.668540897
20240410,1.1527185704334826,1.1091144613869046,1.017829583023039,1.0210938154573583,0.13488898741044353,0.08802064592954628,2440051.81505119,0.0,2440051.81505119
20240411,1.1528138364310392,1.1092061237390853,1.0179137011703965,1.0211782033759913,0.1349001352606427,0.08802792036309404,2440253.472225988,0.0,2440253.472225988
20240412,1.1529091103018185,1.109297793666667,1.0179978262696667,1.0212625982688324,0.1349112840321518,0.08803519539783466,2440455.1460666675,0.0,2440455.1460666675
20240415,1.1509146512634139,1.1093894711702759,1.0177847368177275,1.0213470001364577,0.13312991444568634,0.08804247103381813,2440656.836574607,0.0,2440656.836574607
20240416,1.1488966099785454,1.109481156250538,1.0170789015755168,1.0214314089794443,0.13181770840302853,0.08804974727109371,2440858.5437511834,0.0,2440858.5437511834
20240417,1.1487374909340657,1.1095728489080794,1.0172798725407015,1.0215158247983682,0.13145761839336423,0.08805702410971117,2441060.2675977745,0.0,2441060.2675977745
20240418,1.1488056054428213,1.1096645491435262,1.0173999360119685,1.0216002475938062,0.13140566943085275,0.08806430154972,2441262.0081157577,0.0,2441262.0081157577
20240419,1.1474838953814757,1.1090307426926291,1.0174965634323183,1.021720194213495,0.12998733194915735,0.08731054847913411,2439867.633923784,222277.0,2217590.633923784
20240422,1.1434075910663308,1.1068834350878927,1.017383284448058,1.0217698588455035,0.1260243066182729,0.08511357624238913,2435143.557193364,513562.0,1921581.5571933642
20240423,1.1433271653790036,1.1068531720882384,1.0166635125575807,1.0213336354642517,0.1266636528214229,0.0855195366239867,2435076.9785941243,0.0,2435076.9785941243
20240424,1.143421655227382,1.106944647557006,1.0167475343354782,1.02141804320272,0.12667412089190377,0.08552660435428594,2435278.2246254133,0.0,2435278.2246254133
20240425,1.1435161528848388,1.1070361305857297,1.016831563057324,1.0215024579170342,0.12668458982751485,0.08553367266869549,2435479.4872886054,0.0,2435479.4872886054
20240426,1.1457787785127633,1.108134067462224,1.020531325103238,1.02340328388348,0.12524745340952537,0.08473078357874408,2437894.948416893,213778.0,2224116.948416893
20240429,1.1533315594296203,1.1135106906121652,1.0255690327693705,1.0269025546918216,0.1277625266602498,0.08660813592034367,2449723.5193467634,373580.0,2076143.5193467634
20240430,1.1495660417133824,1.1111653482592478,1.0214835124110737,1.0241476009689618,0.12808252930230868,0.087017747290286,2444563.7661703452,668127.0,1776436.7661703452
20240506,1.1568646061975962,1.1177994259327702,1.0283477918349473,1.0295422403875245,0.12851681436264895,0.08825718554524564,2459158.737052094,687961.0,1771197.7370520942
20240507,1.1589332868558846,1.1197515227803305,1.0304748312029495,1.0312069940669806,0.12845845565293512,0.08854452871334995,2463453.350116727,941534.0,1521919.3501167267
20240508,1.152701457046309,1.113139149352461,1.0245050913502562,1.0249677994346345,0.12819636569605275,0.08817134991782649,2448906.128575414,926861.0,1522045.128575414
20240509,1.157597561021459,1.1173375029313708,1.0330487946297355,1.0326821688580803,0.12454876639172352,0.08465533407329051,2458142.506449016,1049152.0,1408990.5064490156
20240510,1.1577081620714684,1.1169117963388258,1.0300473533715038,1.0288200820350708,0.12766080869996466,0.08809171430375495,2457205.9519454166,1048099.0,1409106.9519454164
20240513,1.154796090328552,1.1107281181366824,1.027604049503489,1.0253685962919616,0.12719204082506286,0.08535952184472073,2443601.8599007013,576406.0,1867195.8599007013
20240514,1.154787598524372,1.1103803252495632,1.027686283498936,1.0254412711289105,0.1271013150254361,0.08493905412065272,2442836.715549039,0.0,2442836.715549039
20240515,1.1548830355159856,1.110472092218592,1.0277712162496384,1.0255260183414003,0.12711181926634718,0.08494607387719166,2443038.6028809026,0.0,2443038.6028809026
20240516,1.1549784803949539,1.110563866771668,1.0278561560195765,1.0256107725577923,0.1271223243753774,0.08495309421387565,2443240.5068976698,0.0,2443240.5068976698
20240517,1.1556865440144077,1.1106556489094177,1.0290414392834626,1.0256955337786646,0.12664510473094515,0.08496011513075308,2443442.427600719,0.0,2443442.427600719
20240520,1.154789098424995,1.1100964911250302,1.0302329708060347,1.026313439511554,0.1245561276189604,0.0837830516134761,2442212.2804750665,412864.0,2029348.2804750665
20240521,1.1487830253025508,1.1059174463809462,1.0262073734421968,1.0235429046277138,0.12257565186035402,0.08237454175323244,2433018.3820380815,682372.0,1750646.3820380815
20240522,1.1484373472569338,1.1059980901639677,1.0260672974067677,1.023803372702396,0.12237004985016608,0.08219471746157159,2433195.7983607287,539458.0,1893737.798360729
20240523,1.1473495485159484,1.1045527252422682,1.0255500362001124,1.0230595527250164,0.12179951231583597,0.08149317251725186,2430015.99553299,0.0,2430015.99553299
20240524,1.1473050233129332,1.1046440105914617,1.0252821598314001,1.0231441031012745,0.12202286348153302,0.0814999074901872,2430216.8233012157,0.0,2430216.8233012157
20240527,1.1471357605374741,1.1045122384191965,1.0266147142760371,1.0237858045955972,0.120521046261437,0.08072643382359934,2429926.9245222323,139810.0,2290116.9245222323
20240528,1.146917240547624,1.104446602797165,1.026039480078211,1.0235408796747598,0.1208777604694129,0.08090572312240507,2429782.526153763,3718.0,2426064.526153763
20240529,1.1474247684771957,1.1047060332717762,1.0261242767294572,1.0236254698301048,0.12130049174773849,0.08108056344167136,2430353.2731979075,0.0,2430353.2731979075
20240530,1.1475195969704584,1.1047973312910548,1.0262090803886912,1.0237100669763717,0.12131051658176717,0.08108726431468316,2430554.1288403207,0.0,2430554.1288403207
20240531,1.1476144333007865,1.1048886368556246,1.026293891056492,1.0237946711141384,0.12132054224429445,0.0810939657414862,2430755.001082374,0.0,2430755.001082374
20240603,1.1477092774688278,1.1049799499661084,1.0263787087334388,1.0238792822439824,0.12133056873538894,0.08110066772212599,2430955.8899254384,0.0,2430955.8899254384
20240604,1.1478041294752301,1.1050712706231305,1.026463533420111,1.023963900366482,0.12134059605511904,0.08110737025664849,2431156.795370887,0.0,2431156.795370887
20240605,1.1478989893206413,1.1051625988273142,1.026548365117088,1.024048525482215,0.12135062420355336,0.08111407334509924,2431357.7174200914,0.0,2431357.7174200914
20240606,1.147993857005709,1.1052539345792836,1.0266332038249488,1.0241331575917587,0.12136065318076028,0.08112077698752485,2431558.656074424,0.0,2431558.656074424
20240607,1.1480887325310816,1.1053452778796622,1.0267180495442731,1.024217796695692,0.12137068298680842,0.08112748118397017,2431759.6113352566,0.0,2431759.6113352566
20240611,1.1481836158974064,1.1054366287290738,1.0268029022756404,1.0243024427945924,0.12138071362176595,0.0811341859344814,2431960.583203962,0.0,2431960.583203962
20240612,1.1482785071053319,1.1055279871281423,1.0268877620196302,1.0243870958890382,0.12139074508570169,0.08114089123910406,2432161.571681913,0.0,2432161.571681913
20240613,1.1421876517278193,1.1027170757254254,1.0238923041071697,1.0229359641394886,0.11829534762064964,0.07978111158593681,2425977.566595936,369934.0,2056043.566595936
20240614,1.142179366751816,1.1029011307053878,1.0241436428123116,1.0234858716909956,0.11803572393950446,0.07941525901439217,2426382.487551853,370169.0,2056213.487551853
20240617,1.1388432067615022,1.1004220102503748,1.023783720149203,1.0233170123603315,0.11505948661229914,0.07710499789004333,2420928.4225508245,364545.0,2056383.4225508242
20240618,1.1388402916524443,1.100436701553175,1.0237732517449638,1.0233178900507023,0.11506703990748046,0.0771188115024728,2420960.743416985,0.0,2420960.743416985
20240619,1.1374126130815065,1.09982805600413,1.021184542622244,1.0220665123921775,0.11622807045926264,0.07776154361195253,2419621.723209086,201039.0,2218582.723209086
20240620,1.1257224934012207,1.0927100350018464,1.0153350712633733,1.0184166124713445,0.11038742213784736,0.07429342253050186,2403962.077004062,494935.0,1909027.0770040622
20240621,1.125185985632343,1.0926212944713056,1.014699728271526,1.0181760659629837,0.11048625736081696,0.07444522850832191,2403766.8478368726,494582.0,1909184.8478368726
20240624,1.1230488115879553,1.0886124136354243,1.0128815738044539,1.013971744177902,0.11016723778350146,0.07464066945752235,2394947.3099979335,262011.0,2132936.3099979335
20240625,1.1230161982650206,1.087780762532569,1.0129585782759636,1.0140005105520011,0.11005761998905705,0.07378025198056792,2393117.677571652,6370.0,2386747.677571652
20240626,1.123087705942413,1.0877215367185034,1.0130422938609451,1.0140843122470882,0.11004541208146779,0.07363722447141519,2392987.3807807076,0.0,2392987.3807807076
20240627,1.123180523108193,1.087811431060381,1.0131260163645701,1.0141681208679352,0.11005450674362294,0.07364331019244585,2393185.1483328384,0.0,2393185.1483328384
20240628,1.1232639503171273,1.0879013328315432,1.0133481556253503,1.0142519364151144,0.10991579469177704,0.07364939641642887,2393382.932229395,0.0,2393382.932229395
20240701,1.123342251302315,1.0879912420326037,1.0133854076027553,1.0143357588891981,0.10995684369955971,0.07365548314340553,2393580.732471728,0.0,2393580.732471728
20240702,1.123435089504902,1.0880811586641765,1.0134691584628877,1.0144195882907592,0.10996593104201424,0.07366157037341736,2393778.5490611885,0.0,2393778.5490611885
20240703,1.1235332641197373,1.0881710827268762,1.0135169583064143,1.0145034246203701,0.110016305813323,0.0736676581065061,2393976.3819991276,0.0,2393976.3819991276
20240704,1.1174181584479888,1.0855872599746217,1.0097689529858498,1.012664695856564,0.10764920546213896,0.07292256411805775,2388291.9719441677,186673.0,2201618.9719441677
20240705,1.117510503806839,1.0863922381478728,1.0098582815475534,1.01356879791257,0.1076522222592855,0.07282344023530274,2390062.92392532,188262.0,2201800.92392532
20240708,1.1174829074069283,1.085941859356096,1.009758170839411,1.0132183413923759,0.10772473656751735,0.07272351796372023,2389072.0905834115,0.0,2389072.0905834115
20240709,1.1175752613662184,1.0860316066172,1.00984162192791,1.0133020784453834,0.10773363943830838,0.07272952817181655,2389269.53455784,0.0,2389269.53455784
20240710,1.1168664626766618,1.0861213612954328,1.0097898990245358,1.0133858224188086,0.10707656365212603,0.0727355388766242,2389466.994849952,0.0,2389466.994849952
20240711,1.1177066570396557,1.0862111233914076,1.0106267843023615,1.0134695733132233,0.10707987273729414,0.07274155007818428,2389664.471461097,0.0,2389664.471461097
20240712,1.1176803733402372,1.0862338543536714,1.0095054687143201,1.0129492854959983,0.10817490462591706,0.0732845688576731,2389714.479578077,372912.0,2016802.4795780769
20240715,1.1161467023358929,1.084594162485887,1.0074556849581986,1.0112466109591123,0.10869101737769427,0.07334755152677475,2386107.1574689513,369138.0,2016969.157468951
20240716,1.1164405767346204,1.0851488873635906,1.0075268337099024,1.0114849260700662,0.10891374302471801,0.07366396129352437,2387327.552199899,281660.0,2105667.552199899
20240717,1.1164192260707897,1.085053765181667,1.0074299404802682,1.011265009263283,0.10898928559052146,0.07378875591838385,2387118.283399667,0.0,2387118.283399667
20240718,1.1165114921225312,1.085143439046558,1.0075131991530353,1.0113485848838835,0.10899829296949592,0.0737948541626745,2387315.5659024273,0.0,2387315.5659024273
20240719,1.116603765799566,1.085233120322512,1.0075964647066844,1.0114321674115598,0.10900730109288159,0.07380095291095223,2387512.8647095268,0.0,2387512.8647095268
20240722,1.1166960471025247,1.085322809010142,1.007679737141784,1.011515756846883,0.10901630996074063,0.073807052163259,2387710.1798223127,0.0,2387710.1798223127
20240723,1.1167883360320372,1.0854125051100603,1.0077630164589033,1.0115993531904242,0.10902531957313388,0.07381315191963611,2387907.5112421326,0.0,2387907.5112421326
20240724,1.1168806325887342,1.0855022086228792,1.0078463026586104,1.0116829564427539,0.10903432993012374,0.0738192521801253,2388104.8589703343,0.0,2388104.8589703343
20240725,1.1169729367732455,1.0855919195492116,1.007929595741475,1.0117665666044433,0.1090433410317706,0.07382535294476833,2388302.2230082657,0.0,2388302.2230082657
20240726,1.117065248586202,1.0856816378896703,1.008012895708065,1.0118501836760636,0.10905235287813708,0.0738314542136067,2388499.6033572746,0.0,2388499.6033572746
20240729,1.1203151985522009,1.0872507484465204,1.007254521423378,1.0115113581969128,0.11306067712882295,0.07573939024960752,2391951.646582345,182028.0,2209923.646582345
20240730,1.1274053719212018,1.0910563018356485,1.0108650761213405,1.0136377008120878,0.11654029579986136,0.07741860102356068,2400323.864038427,756458.0,1643865.864038427
20240731,1.1482532763146738,1.105830455726259,1.0420293586655758,1.0366746080184082,0.106223917649098,0.06915584770785088,2432827.0025977697,1261032.0,1171795.0025977695
20240801,1.1462769581164356,1.1039083936265068,1.0367927496858471,1.0324448943129914,0.10948420843058848,0.07146349931351548,2428598.465978315,1560214.0,868384.4659783149
20240802,1.1320729820805173,1.091891924222524,1.0262460347112141,1.0233563195108686,0.1058269473693032,0.06853560471165543,2402162.233289553,1533706.0,868456.2332895527
20240805,1.1152115616107043,1.0743779587515354,1.0108757060137645,1.0070336805158868,0.10433585559693981,0.06734427823564859,2363631.509253378,1356260.0,1007371.509253378
20240806,1.1212396404534368,1.0813300939831378,1.0171547022123728,1.0144913366767636,0.10408493824106402,0.06683875730637423,2378926.2067629034,1048524.0,1330402.2067629036
20240807,1.1206945019766146,1.0804110935458262,1.0168983366153648,1.0139023090886794,0.1037961653612498,0.06650878445714681,2376904.4058008175,885492.0,1491412.4058008175
20240808,1.1190729637387238,1.0784462104656534,1.017280788057563,1.0143480086596786,0.10179217568116083,0.06409820180597481,2372581.6630244376,881046.0,1491535.6630244374
20240809,1.1195744023902352,1.0784734992264355,1.0165898290658222,1.01231660167656,0.10298457332441302,0.06615689754987564,2372641.698298158,608482.0,1764159.6982981584
20240812,1.1193754451127467,1.078036707170286,1.016295894603432,1.0117274273976606,0.10307955050931472,0.06630927977262546,2371680.7557746293,0.0,2371680.7557746293
20240813,1.1194679554801115,1.0781258011130272,1.0163798859996802,1.0118110412346357,0.10308806948043125,0.06631475987839153,2371876.76244866,0.0,2371876.76244866
20240814,1.1195604734929612,1.0782149024189043,1.0164638843373661,1.0118946619818452,0.10309658915559505,0.06632024043705909,2372072.7853215896,0.0,2372072.7853215896
20240815,1.1196529991519275,1.0783040110885256,1.0165478896170632,1.0119782896398604,0.10310510953486429,0.06632572144866522,2372268.8243947565,0.0,2372268.8243947565
20240816,1.119594716439048,1.0782609293005994,1.014002384205627,1.0107533895360536,0.10559233223342113,0.06750753976454571,2372174.0444613188,347204.0,2024970.0444613188
20240819,1.1183325571212481,1.0774877203980624,1.0147196635167124,1.0113127644263926,0.10361289360453574,0.06617495597166978,2370472.984875737,543580.0,1826892.9848757372
20240820,1.1159398450405447,1.0745488660483955,1.0129208583096665,1.008420064483812,0.10301898673087817,0.06612880156458356,2364007.50530647,391624.0,1972383.5053064704
20240821,1.1157338059169197,1.074206242451075,1.0125530895955452,1.007791412315306,0.10318071632137449,0.06641483013576899,2363253.733392365,0.0,2363253.733392365
20240822,1.1158260153223676,1.0742950198264842,1.0126367716690654,1.0078747008617783,0.10318924365330218,0.0664203189647059,2363449.043618265,0.0,2363449.043618265
20240823,1.1159182323484274,1.0743838045388665,1.0127204606584594,1.0079579962916017,0.10319777168996791,0.06642580824726485,2363644.3699855064,0.0,2363644.3699855064
20240826,1.116010456995729,1.0744725965888284,1.0128041565642991,1.0080412986053449,0.10320630043142986,0.06643129798348357,2363839.7124954225,0.0,2363839.7124954225
20240827,1.116102689264902,1.0745613959769762,1.0128878593871555,1.0081246078035766,0.10321482987774644,0.0664367881733996,2364035.071149348,0.0,2364035.071149348
20240828,1.116539982071039,1.0746502027039164,1.0130732184218947,1.0082079238868662,0.10346676364914442,0.06644227881705023,2364230.445948616,0.0,2364230.445948616
20240829,1.1178414958811276,1.0753445263516608,1.0151353219516488,1.009353265009578,0.10270617392947878,0.06599126134208277,2365757.957973654,113096.0,2252661.957973654
20240830,1.1199458518168126,1.0763159674470018,1.0171606324725067,1.0104662635889552,0.10278521934430596,0.06584970385804656,2367895.1283834036,115047.0,2252848.1283834036
20240902,1.1153739837162866,1.073897959906257,1.0102620352184757,1.0065595264897902,0.10511194849781091,0.06733843341646684,2362575.5117937652,451266.0,1911309.511793765
20240903,1.1153000032713272,1.0738252142079772,1.0117357566803142,1.0083420262327758,0.10356424659101293,0.06548318797520136,2362415.4712575497,450948.0,1911467.4712575497
20240904,1.114283001862544,1.0728888380799253,1.011072125790879,1.0076583042289333,0.10321087607166501,0.06523053385099198,2360355.4437758354,448730.0,1911625.4437758354
20240905,1.11614068842671,1.0745556497044095,1.0128056782109394,1.0093335877514464,0.10333501021577063,0.0652220619529631,2364022.429349701,452239.0,1911783.4293497012
20240906,1.108004912444499,1.0695748503972098,1.0017789959294112,1.0021974759767944,0.10622591651508784,0.06737737442041536,2353064.6708738613,942953.0,1410111.6708738613
20240909,1.105913179621861,1.0682968354898046,0.997142340418725,0.9988233097599464,0.10877083920313613,0.06947352572985821,2350253.03807757,1040039.0,1310214.03807757
20240910,1.1063067156068414,1.0686860546497623,0.998615313082408,1.0003315609726238,0.10769140252443332,0.06835449367713853,2351109.3202294772,1040787.0,1310322.3202294772
20240911,1.1030831460487396,1.0643837314207705,0.9969450753960191,0.9993899082272885,0.10613807065272052,0.06499382319348201,2341644.209125695,708434.0,1633210.209125695
20240912,1.103329302807692,1.0649318463631867,0.9970558372154136,0.9990551547624167,0.10627346559227846,0.06587669160077003,2342850.061999011,405542.0,1937308.061999011
20240913,1.103467750498796,1.0652310506212257,0.9971205452763215,0.9990530582858905,0.10634720522247443,0.06617799233533517,2343508.3113666964,0.0,2343508.3113666964
20240918,1.103468020726523,1.0652792556146657,0.9968375192476165,0.9989527481746517,0.10663050147890651,0.066326507440014,2343614.3623522646,94801.0,2248813.3623522646
20240919,1.1042203766025784,1.0662528248619367,0.9974719613346061,0.9999398779322018,0.1067484152679723,0.06631294692973488,2345756.2146962606,96757.0,2248999.2146962606
20240920,1.1041760452744238,1.0663626531677484,0.9969453835003931,0.9995585282482298,0.10723066177403073,0.06680412491951859,2345997.8369690464,253296.0,2092701.8369690464
20240923,1.1056919764808328,1.0674403528791294,0.9974760586773115,0.9999558556139292,0.10821591780352136,0.06748449726520023,2348368.7763340846,479256.0,1869112.7763340843
20240924,1.1293089678464694,1.0819951196048743,1.0221541161312866,1.0160756827376234,0.1071548517151828,0.06591943686725088,2380389.2631307235,1069563.0,1310826.2631307233
20240925,1.139197113899785,1.08865859138666,1.0267542791063478,1.018690983187785,0.1124428347934372,0.06996760819887493,2395048.901050652,1452745.0,942303.901050652
20240926,1.1721687287297093,1.116463974254844,1.0668542794860099,1.0534028057995093,0.10531444924369948,0.0630611684553346,2456220.743360657,1781078.0,675142.7433606567
20240927,1.2068498680419257,1.144559155142461,1.1590942902248385,1.1317381554893067,0.04775557781708728,0.012820999653154308,2518030.141313414,2174205.0,343825.1413134142
20240930,1.3073953309912003,1.2288722902606546,1.274893384118095,1.2333310880338944,0.03250194687310537,-0.004458797773239764,2703519.03857344,2513627.0,189892.03857344022
20241008,1.3932118083455651,1.3024089192455373,1.3496024780115985,1.3007670138037544,0.043609330333966634,0.0016419054417828871,2865299.622340182,1607464.0,1257835.6223401818
20241009,1.3220054590365626,1.2405884434988181,1.2402070264508032,1.2020383946839335,0.08179843258575947,0.03855004881488466,2729294.5756974,1471355.0,1257939.5756974001
20241010,1.3255864027310735,1.2431142177323908,1.2327675236765518,1.191281603571331,0.09281887905452169,0.05183261416105989,2734851.27901126,2125187.0,609664.2790112596
20241011,1.3162848976508332,1.2240313945278458,1.2210560879848547,1.1664750811874198,0.09522880966597858,0.05755631334042599,2692869.0679612607,1248337.0,1444532.0679612607
20241014,1.317746856531894,1.2278307097546661,1.2216752802881894,1.168011891197173,0.09607157624370455,0.05981881855749305,2701227.5614602654,0.0,2701227.5614602654
20241015,1.3169702918340862,1.2279321833670425,1.2208762948468612,1.1681084211055366,0.09609399698722498,0.059823762261505875,2701450.8034074935,0.0,2701450.8034074935
20241016,1.3184608645102336,1.228033665365668,1.2213760327605108,1.1682049589915784,0.09708483174972282,0.05982870637408966,2701674.0638044695,0.0,2701674.0638044695
20241017,1.3054370851769472,1.2223834486888383,1.2150979315854413,1.1649771885249327,0.0903391535915059,0.0574062601639056,2689243.5871154442,626939.0,2062304.5871154442
20241018,1.3081978000647525,1.227308647959579,1.2263668140332311,1.1779345898515576,0.08183098603152139,0.04937405810802131,2700079.025511074,637604.0,2062475.0255110736
20241021,1.306824472214044,1.227376784343708,1.237120003448577,1.1858208266917973,0.0697044687654671,0.04155595765191067,2700228.9255561577,1134601.0,1565627.9255561577
20241022,1.316826208957202,1.2349102256145406,1.2416483821673714,1.1895911066489202,0.07517782678983065,0.04531911896562035,2716802.496351989,1455070.0,1261732.4963519888
20241023,1.3207745753311204,1.2381310534245462,1.2437584321181039,1.1912767499852757,0.07701614321301653,0.04685430343927055,2723888.3175340015,1857273.0,866615.3175340013
20241024,1.3179872657691645,1.2350386084702836,1.2369110427481376,1.1859009534356875,0.0810762230210269,0.049137655034596106,2717084.938634624,1850398.0,866686.938634624
20241025,1.3286719000121279,1.2455152571156116,1.2542653478058818,1.204519932214709,0.07440655220624603,0.04099532490090252,2740133.565654346,1873375.0,866758.5656543459
20241028,1.362348800240754,1.273769635724389,1.2673928976762876,1.2157039135952832,0.0949559025644664,0.05806572212910588,2802293.198593656,1935463.0,866830.1985936562
20241029,1.3330235669731179,1.250554564335681,1.2495678619450197,1.2008242332823296,0.08345570502809818,0.04973033105335145,2751220.0415384984,2160583.0,590637.0415384985
20241030,1.346553483526812,1.2615633909904347,1.2559066354461859,1.2069470792937285,0.09064684808062617,0.05461631169670622,2775439.4601789564,2331204.0,444235.4601789563
20241031,1.375533577466097,1.285415533569705,1.2723309575197388,1.2218671031845794,0.10320261994635826,0.0635484303851257,2827914.1738533513,2383642.0,444272.1738533512
20241101,1.3524663588800496,1.2632094310428026,1.2423971129136604,1.1920751283997184,0.11006924596638923,0.07113430264308418,2779060.748294166,2294846.0,484214.7482941659
20241104,1.3638176251890481,1.2758221990679075,1.2600072784147696,1.2117851720240396,0.10381034677427858,0.06403702704386793,2806808.8379493966,2104834.0,701974.8379493965
20241105,1.3854869883457877,1.2997932385155766,1.283229099702892,1.238060431597659,0.10225788864289576,0.06173280691791749,2859545.1247342685,1868137.0,991408.1247342685
20241106,1.3939728510642835,1.308595481495469,1.2857309535271138,1.2406404685153718,0.10824189753716973,0.0679550129800972,2878910.059290032,1887420.0,991490.0592900317
20241107,1.425184482905919,1.3335857174442027,1.3095785540188918,1.2595539152437696,0.11560592888702725,0.07403180220043315,2933888.578377246,2229331.0,704557.5783772457
20241108,1.429718649877196,1.3371264938912866,1.3099009326661635,1.2596938504864248,0.11981771721103263,0.07743264340486178,2941678.2865608307,2499203.0,442475.28656083054
20241111,1.442772971508065,1.3510119502858606,1.328900503973191,1.2816911973874017,0.11387246753487412,0.06932075289845896,2972226.2906288933,2273187.0,699039.2906288935
20241112,1.428561827194065,1.3366873110651856,1.3200432428879842,1.2724944168969994,0.10851858430608075,0.06419289416818619,2940712.0843434082,2085913.0,854799.0843434085
20241113,1.4295930669637058,1.340395005362193,1.3146904439029732,1.2671388513314918,0.11490262306073262,0.07325615403070107,2948869.0117968246,1605350.0,1343519.0117968249
20241114,1.423331424954664,1.3309634288429142,1.3046073008367263,1.2519652602654392,0.11872412411793776,0.07899816857747499,2928119.5434544114,1149434.0,1778685.5434544117
20241115,1.421859577481782,1.3287543805433442,1.30379026000805,1.2506711922116402,0.11806931747373195,0.07808318833170391,2923259.637195357,0.0,2923259.637195357
20241118,1.419413235303475,1.327781164519835,1.298448787274198,1.2481617049330025,0.12096444802927686,0.07961945958683248,2921118.5619436367,200720.0,2720398.5619436367
20241119,1.4279310437324253,1.332365829843048,1.3116744698744514,1.255896403164356,0.11625657385797394,0.07646942667869205,2931204.825654706,678946.0,2252258.825654706
20241120,1.436855981379203,1.3388930627262436,1.3274728396437503,1.2665311672891733,0.10938314173545272,0.07236189543707039,2945564.737997736,1240687.0,1704877.7379977359
20241121,1.4390575221396475,1.3417487827259431,1.3302495602579192,1.2686401174655415,0.10880796188172837,0.0731086652604016,2951847.321997075,1786158.0,1165689.3219970749
20241122,1.395738600230846,1.3066774638732757,1.2882773273146526,1.2342708586592606,0.10746127291619345,0.0724066052140151,2874690.4205212067,2048452.0,826238.4205212068
20241125,1.408141313558476,1.3175406643983518,1.2929748762515427,1.238060368149156,0.11516643730693321,0.07948029624919584,2898589.461676374,2339715.0,558874.4616763738
20241126,1.4061675027543372,1.3171998407492786,1.2789467250983977,1.2250589365642548,0.12722077765593953,0.09214090418502385,2897839.649648413,2338919.0,558920.6496484132
20241127,1.4291259119573447,1.3443043376631272,1.2966209760860654,1.2457863121740573,0.13250493587127932,0.09851802548906985,2957469.54285888,2069302.0,888167.5428588802
20241128,1.438925672865771,1.3567822477887044,1.2921741557107334,1.2409315660841542,0.14675151715503776,0.11585068170455015,2984920.9451351496,2096680.0,888240.9451351495
20241129,1.439145753242755,1.3560396010300695,1.3033700121446277,1.253345749375723,0.1357757410981273,0.10269385165434652,2983287.122266153,1823562.0,1159725.1222661526
20241202,1.458859440701626,1.3713671569608836,1.3255124255770951,1.2718139398521213,0.13334701512453084,0.0995532171087623,3017007.745313944,2212690.0,804317.7453139437
20241203,1.4620494140378972,1.3739576156154407,1.321737929343274,1.2686844063658207,0.14031148469462318,0.10527320924962003,3022706.7543539694,2608005.0,414701.7543539696
20241204,1.4437629974812811,1.3581450123755592,1.3051048559571865,1.2541390350658213,0.1386581415240946,0.10400597730973793,2987919.02722623,2573183.0,414736.02722623025
20241205,1.4490637184635675,1.3638277891278967,1.314167362843861,1.264906448292817,0.13489635561970648,0.09892134083507975,3000421.136081373,2335001.0,665420.136081373
20241206,1.4630158458208031,1.3773030270803792,1.3239537091124702,1.2749416461086045,0.1390621367083329,0.10236138097177472,3030066.659576834,2203998.0,826068.6595768342
20241209,1.4634078201626817,1.3769595135063588,1.3152840522112372,1.2667039697607996,0.14812376795144444,0.11025554374555924,3029310.929713989,2203174.0,826136.9297139893
20241210,1.4663157692909448,1.3808311733878658,1.3236397522769492,1.2753934466857806,0.14267601701399557,0.10543772670208518,3037828.5814533047,2322227.0,715601.5814533045
20241211,1.475664095859293,1.3912351083362298,1.3341739087820401,1.2867957894364874,0.14149018707725292,0.10443931889974234,3060717.2383397054,2173558.0,887159.2383397053
20241212,1.4853394469349093,1.400696162402283,1.3413517180367047,1.2938192437691982,0.14398772889820455,0.10687691863308468,3081531.5572850225,2194299.0,887232.5572850226
20241213,1.4631789008008846,1.3807825200031953,1.3200422909841352,1.274470139479562,0.14313660981674947,0.10631238052363345,3037721.54400703,2358762.0,678959.5440070297
20241216,1.4535667850742415,1.3717671165300176,1.3078921873724119,1.2618727613919154,0.14567459770182967,0.1098943551381022,3017887.6563660386,2338872.0,679015.6563660386
20241217,1.4315489938816857,1.3471307396013685,1.291349896216119,1.243181856971944,0.1401990976655667,0.10394888262942459,2963687.627123011,1962115.0,1001572.6271230109
20241218,1.435531189417243,1.354957490638864,1.2927728873900075,1.2472574171125315,0.14275830202723538,0.10770007352633248,2980906.4794055005,1129922.0,1850984.4794055005
20241219,1.4341416934578406,1.3499681459777217,1.2961544455455603,1.2478734056429577,0.13798724791228034,0.10209474033476407,2969929.921150988,974466.0,1995463.9211509882
20241220,1.43584561427334,1.35301689728171,1.297284715209015,1.2503764141072422,0.138560899064325,0.10264048317446783,2976637.174019762,706951.0,2269686.174019762
20241223,1.4149834447205754,1.33952780514978,1.280271907311903,1.237991000916177,0.13471153740867226,0.10153680423360312,2946961.171329516,1045612.0,1901349.171329516
20241224,1.4164962629741211,1.342339554537884,1.281251544630168,1.2408674194507674,0.13524471834395313,0.10147213508711661,2953147.0199833447,577616.0,2375531.0199833447
20241225,1.4099828259948404,1.3380810658459223,1.2776665275293237,1.2384905239858082,0.13231629846551662,0.09959054186011418,2943778.344861029,568051.0,2375727.344861029
20241226,1.4092732675079203,1.3376922825185322,1.2770371634291264,1.238077671060498,0.13223610407879383,0.0996146114580343,2942923.021540771,0.0,2942923.021540771
20241227,1.4159122539424254,1.3408447996141937,1.2777185588526312,1.2384590820149475,0.13819369508979418,0.1023857175992462,2949858.559151226,626798.0,2323060.559151226
20241230,1.4174161295880172,1.3416059959527042,1.2763396587987392,1.237789460985119,0.14107647078927799,0.10381653496758525,2951533.191095949,545129.0,2406404.191095949
20241231,1.4117107484746467,1.3365395761251722,1.268501387243413,1.2307205574093927,0.14320936123123373,0.10581901871577948,2940387.0674753785,533784.0,2406603.0674753785
20250102,1.41088402264244,1.3357974903072332,1.2680908385503693,1.2303566017856569,0.14279318409207065,0.10544088852157629,2938754.478675913,0.0,2938754.478675913
20250103,1.4110006246277822,1.3359078867940355,1.2681956394461171,1.230458284149441,0.14280498518166507,0.10544960264459458,2938997.350946878,0.0,2938997.350946878
20250106,1.4111306434889088,1.3360182924045143,1.2679161577983566,1.230559974916726,0.14321448569055217,0.10545831748778833,2939240.2432899317,0.0,2939240.2432899317
20250107,1.4133994429828107,1.336749337652234,1.2695251667714924,1.2313879206668668,0.14387427621131832,0.10536141698536716,2940848.5428349148,95316.0,2845532.5428349148
20250108,1.4116305914305405,1.336017415165301,1.2686765647610363,1.2309796666436144,0.1429540266695042,0.10503774852168668,2939238.3133636625,453505.0,2485733.3133636625
20250109,1.4186814346373449,1.3398058426152024,1.2721399464605938,1.2333353545473085,0.14654148817675106,0.10647048806789394,2947572.853753445,1006120.0,1941452.8537534452
20250110,1.3942623263013647,1.3228671476172589,1.2491911579353534,1.2178509354348348,0.1450711683660113,0.10501621218242407,2910307.7247579694,1716302.0,1194005.7247579696
20250113,1.3894414293726969,1.3229898990652216,1.2464600897973253,1.2187343204422616,0.14298133957537162,0.10425557862295998,2910577.7779434873,1552444.0,1358133.777943487
20250114,1.3987554169640426,1.3399649860143559,1.2576437724845018,1.2391406965103984,0.14111164447954083,0.1008242895039575,2947922.9692315827,1082151.0,1865771.9692315827
20250115,1.3961489452568423,1.337223205153959,1.2514967319554222,1.2288115344644799,0.14465221330142009,0.1084116706894791,2941891.05133871,917937.0,2023954.0513387097
20250116,1.39942439501355,1.3411149544138137,1.2529742173217233,1.2305279581853608,0.14645017769182678,0.11058699622845292,2950452.8997103903,1278066.0,1672386.8997103903
20250117,1.3979718856542347,1.3384527348070787,1.2619173776999182,1.237150856753278,0.1360545079543165,0.10130187805380064,2944596.016575573,1869448.0,1075148.016575573
20250120,1.3999620065956482,1.3401845875324574,1.2673714288327877,1.2414568291996657,0.13259057776286043,0.09872775833279168,2948406.092571406,1558691.0,1389715.0925714062
20250121,1.3937091102300778,1.3348470849390528,1.2707464135302788,1.2454987832003006,0.12296269669979898,0.08934830173875219,2936663.586865916,1354781.0,1581882.5868659157
20250122,1.3889417736438083,1.3288464316382584,1.267571699780814,1.2414699910201261,0.12137007386299437,0.08737644061813232,2923462.1496041687,967738.0,1955724.149604169
20250123,1.3891511348121788,1.3304169790855391,1.2659086604786,1.2401553245292798,0.12324247433357871,0.09026165455625934,2926917.353988186,833355.0,2093562.353988186
20250124,1.38910347017024,1.3312849478140136,1.2664881468061764,1.2439481692533312,0.12261532336406367,0.08733677856068245,2928826.88519083,482813.0,2446013.88519083
20250127,1.3878886103213066,1.3308704704994077,1.2630027415649685,1.2402580949472588,0.12488586875633811,0.09061237555214885,2927915.035098697,481699.0,2446216.035098697
20250205,1.3890818532603653,1.3321206940209371,1.2643681970740668,1.241804446326594,0.12471365618629848,0.0903162476943431,2930665.5268460615,0.0,2930665.5268460615
20250206,1.3926083129102211,1.3338032145349052,1.2695821758623358,1.2444148720869141,0.12302613704788534,0.0893883424479911,2934367.0719767916,193610.0,2740757.0719767916
20250207,1.3982369137627904,1.3371118451195398,1.2763923353039919,1.2484933193147598,0.12184457845879848,0.08861852580478002,2941646.0592629877,594097.0,2347549.0592629877
20250210,1.4168955035765876,1.3484420472694747,1.2879428756702616,1.2555748998290424,0.128952627906326,0.09286714744043234,2966572.5039928444,1520833.0,1445739.5039928444
20250211,1.404870451270985,1.3397025893112102,1.2855181942782883,1.2539114192149539,0.1193522569926968,0.08579117009625636,2947345.6964846626,2218315.0,729030.6964846626
20250212,1.4249855265024576,1.35697554907479,1.3021370122218614,1.2693974194738518,0.12284851428059618,0.08757812960093814,2985346.2079645377,2449254.0,536092.2079645375
20250213,1.4290552791997269,1.360517051411678,1.2915081569478584,1.2594648729420277,0.1375471222518685,0.10105217846965031,2993137.5131056914,2457001.0,536136.5131056916
20250214,1.4280703439634852,1.360202586418181,1.2927118914401599,1.2619699496307644,0.13535845252332535,0.09823263678741667,2992445.690119998,1966075.0,1026370.6901199981
20250217,1.4405778138874041,1.3738656882472613,1.295651898464033,1.2656556871923414,0.14492591542337108,0.10821000105491985,3022504.514143975,1996049.0,1026455.5141439749
20250218,1.4208231078488824,1.35282788417191,1.2805565498094698,1.2491005186165272,0.14026655803941268,0.10372736555538276,2976221.345178202,1949681.0,1026540.3451782017
20250219,1.4272608986314623,1.3606429963418265,1.292158432661124,1.2637805621932223,0.13510246597033837,0.09686243414860418,2993414.5919520184,1632914.0,1360500.5919520187
20250220,1.428962081641492,1.3620513772806677,1.296992134843989,1.2685112210826597,0.13196994679750307,0.09354015619800804,2996513.030017469,1635900.0,1360613.0300174693
20250221,1.4327134010251739,1.3654224897160554,1.3094685529930274,1.2817823838695261,0.12324484803214641,0.08364010584652926,3003929.477375322,1643204.0,1360725.477375322
20250224,1.4527926996539589,1.3811212368975123,1.3111267187557278,1.2831610491127046,0.14166598089823101,0.09796018778480775,3038466.721174527,2081873.0,956593.7211745268
20250225,1.4466519512152376,1.3773833834578868,1.3037763576160186,1.2789161571964656,0.14287559359921898,0.09846722626142124,3030243.443607351,1933815.0,1096428.443607351
20250226,1.4565929613983952,1.3898385932069703,1.3111566619547657,1.2888905099674473,0.14543629944362957,0.10094808323952309,3057644.905055335,1531897.0,1525747.9050553348
20250227,1.4554407280606445,1.3885878218761687,1.3088180243887417,1.2857930103758535,0.14662270367190278,0.10279481150031522,3054893.2081275713,1252642.0,1802251.208127571
20250228,1.4496132852062014,1.3827915643476987,1.2948867812324472,1.2695998291245962,0.1547265039737542,0.11319173522310244,3042141.441564937,1090862.0,1951279.4415649371
20250303,1.4497726101670754,1.382940282046555,1.2949091588416493,1.2693908591276122,0.15486345132542612,0.11354942291894288,3042468.620502421,747188.0,2295280.620502421
20250304,1.4490139757647984,1.3815419019006312,1.2937728043388477,1.2673179069152287,0.15524117142595073,0.11422399498540248,3039392.1841813885,0.0,3039392.1841813885
20250305,1.4491337289859358,1.3816560789173171,1.293879727711107,1.2674226439323293,0.1552540012748289,0.11423343498498784,3039643.3736180975,0.0,3039643.3736180975
20250306,1.4510110008755215,1.382594916567641,1.2958220996413983,1.2684257793586797,0.1551889012341232,0.11416913720896127,3041708.81644881,108852.0,2932856.81644881
20250307,1.449379584418945,1.3815991254105966,1.294522354969635,1.267770604224747,0.15485722944931002,0.11382852118584963,3039518.0759033123,631704.0,2407814.0759033123
20250310,1.4496849856359144,1.3815982130918851,1.2948874859964046,1.268155511866719,0.15479749963950984,0.1134427012251662,3039516.068802147,631503.0,2408013.068802147
20250311,1.4516010334567035,1.3832641264303074,1.2967926710336868,1.2700492900157088,0.15480836242301677,0.11321483641459862,3043181.078146676,634969.0,2408212.078146676
20250312,1.4535770243021433,1.3858009833312888,1.2971930820057018,1.270478677476316,0.15638394229644148,0.11532230585497283,3048762.1633288353,470533.0,2578229.1633288353
20250313,1.4473213647724084,1.3816901342963268,1.2900007551614119,1.2654622444762045,0.15732060961099648,0.11622788982012233,3039718.295451919,822741.0,2216977.295451919
20250314,1.4516791386642756,1.386241143961821,1.2954221644115143,1.2713176710478742,0.1562569742527613,0.11492347291394678,3049730.516716006,832570.0,2217160.516716006
20250317,1.4543861683453072,1.388643215917182,1.2961427304341533,1.271911136873323,0.15824343791115392,0.11673207904385907,3055015.0750178006,1141565.0,1913450.0750178008
20250318,1.458866888684502,1.3925110051761986,1.298244209938344,1.27396540181326,0.160622678746158,0.11854560336293862,3063524.211387637,1149916.0,1913608.211387637
20250319,1.4568281868248516,1.3906921021339893,1.294274679148893,1.2703247585902036,0.16255350767595855,0.12036734354378575,3059522.6246947763,1448779.0,1610743.6246947763
20250320,1.4606561911014115,1.3949091623972385,1.2918350052978222,1.2680731697224263,0.1688211858035893,0.12683599267481216,3068800.157273925,1117519.0,1951281.1572739247
20250321,1.4531218348337338,1.3881151909906748,1.2824904291576658,1.2586285251308933,0.17063140567606805,0.12948666585978152,3053853.4201794844,1102411.0,1951442.4201794844
20250324,1.4419656005180557,1.3749829273521392,1.2798874465000065,1.2556048599233798,0.16207815401804915,0.11937806742875945,3024962.4401747063,898841.0,2126121.4401747063
20250325,1.4408248897732447,1.3729539663512444,1.2781756795871435,1.2534213366850024,0.16264921018610123,0.11953262966624201,3020498.7259727377,743456.0,2277042.7259727377
20250326,1.4396592500442997,1.3712462876711538,1.2775982187577009,1.2526454814266568,0.16206103128659888,0.11860080624449698,3016741.8328765384,0.0,3016741.8328765384
20250327,1.4397782301476092,1.3713596138106308,1.2777038053873504,1.2527490058466093,0.1620744247602588,0.11861060796402145,3016991.1503833877,0.0,3016991.1503833877
20250328,1.439897220083985,1.3714729493159044,1.2778094007431673,1.2528525388222993,0.16208781934081773,0.11862041049360506,3017240.4884949895,0.0,3017240.4884949895
20250331,1.4400162198542399,1.3715862941877486,1.2779150048258734,1.2529560803544333,0.1621012150283665,0.11863021383331529,3017489.847213047,0.0,3017489.847213047
20250401,1.4401352294591865,1.3716996484269377,1.2780206176361895,1.2530596304437187,0.16211461182299702,0.11864001798321899,3017739.226539263,0.0,3017739.226539263
20250402,1.4402542488996377,1.3718130120342458,1.2781262391748371,1.2531631890908628,0.16212800972480057,0.118649822943383,3017988.6264753407,0.0,3017988.6264753407
20250403,1.4404113901702083,1.371926385010447,1.2781532656861265,1.253266756296573,0.16225812448408172,0.11865962871387414,3018238.0470229834,0.0,3018238.0470229834
20250407,1.4367037466252557,1.3720397673563156,1.2738982375573815,1.2533703320615561,0.16280550906787417,0.11866943529475948,3018487.488183894,0.0,3018487.488183894
20250408,1.4339869226931212,1.3721531590726261,1.2729844474821714,1.2534739163865198,0.1610024752109498,0.1186792426861063,3018736.9499597773,0.0,3018736.9499597773
20250409,1.4386976964673104,1.3722665601601527,1.275974478453678,1.2535775092721715,0.16272321801363243,0.1186890508879812,3018986.432352336,0.0,3018986.432352336
20250410,1.4424464024279122,1.3732276522151252,1.2804459304626452,1.2551459045644329,0.162000471965267,0.11808174765069235,3021100.8348732754,438366.0,2582734.8348732754
20250411,1.4599639875233796,1.3874340225407025,1.295641327807087,1.2646160102966606,0.16432265971629256,0.12281801224404187,3052354.8495895453,1346323.0,1706031.849589545
20250414,1.4759915070932725,1.398079929071491,1.306765343700119,1.2720818446363544,0.16922616339315355,0.1259980844351365,3075775.84395728,1369603.0,1706172.8439572798
20250415,1.4694743902453238,1.3916194772624735,1.3045540123885946,1.2699895019713732,0.1649203778567292,0.12162997529110031,3061562.8499774416,1355249.0,1706313.8499774416
20250416,1.466655816366306,1.3849784816143507,1.300331717343658,1.2644200218242148,0.166324099022648,0.12055845979013591,3046952.6595515716,826267.0,2220685.6595515716
20250417,1.468023784677388,1.3861058304463774,1.30056338856094,1.2640861452134928,0.16746039611644803,0.12201968523288453,3049432.82698203,595127.0,2454305.82698203
20250418,1.4691813756958436,1.3864621191701558,1.3004194849947204,1.2637358589595284,0.16876189070112324,0.12272626021062738,3050216.6621743427,595708.0,2454508.6621743427
20250421,1.4787245243272311,1.3928784155135883,1.3076902233137315,1.2690252159726658,0.1710343010134996,0.12385319954092244,3064332.5141298943,609621.0,2454711.5141298943
20250422,1.4700284637521572,1.3873919964438337,1.3080146593295685,1.2692552692751433,0.16201380442258873,0.11813672716869039,3052262.3921764344,1116961.0,1935301.3921764342
20250423,1.4757853406417614,1.3926410611092048,1.3120035371206422,1.2721095339480362,0.16378180352111915,0.12053152716116866,3063810.3344402504,1128349.0,1935461.3344402504
20250424,1.466140230585015,1.3834301317829254,1.307750421574429,1.267594076779542,0.1583898090105862,0.11583605500338345,3043546.289922436,1107925.0,1935621.2899224355
20250425,1.4657350925804806,1.38372349306121,1.3077947110451886,1.2681335399907165,0.157940381535292,0.11558995307049336,3044191.6847346616,632985.0,2411206.6847346616
20250428,1.4653344885651414,1.3824524695069926,1.307847508194532,1.2679933401288943,0.15748698037060938,0.11445912937809832,3041395.432915384,44629.0,2996766.432915384
20250429,1.4649464934267058,1.3815425493803177,1.307955594765457,1.2680981329669214,0.1569908986612487,0.11344441641339631,3039393.608636699,27688.0,3011705.608636699
20250430,1.4647359892123384,1.3813679548366904,1.3080636902691567,1.2682029344655137,0.1566722989431817,0.1131650203711767,3039009.5006407187,10710.0,3028299.5006407187
20250506,1.465170164049914,1.3817271696939646,1.3081717947063691,1.2683077446253868,0.15699836934354483,0.11341942506857783,3039799.773326722,11250.0,3028549.773326722
20250507,1.4634636525290994,1.3808840241409341,1.303414597254608,1.2660543317400181,0.16004905527449131,0.114829692400916,3037944.853110055,569646.0,2468298.853110055
20250508,1.445411253690465,1.373927690961111,1.310363001955677,1.2707284904620089,0.13504825173478818,0.10319920049910203,3022640.920114444,1132864.0,1889776.920114444
20250509,1.4892437736332946,1.4088624269354204,1.3013240760573075,1.2635888528625188,0.18791969757598714,0.14527357407290165,3099497.339257925,1534800.0,1564697.3392579246
20250512,1.496942407095879,1.4190265929489911,1.3075402669628426,1.2704620882508553,0.18940214013303636,0.14856450469813587,3121858.5044877804,1023264.0,2098594.5044877804
20250513,1.5022520383406426,1.4279319960194827,1.3074696114987647,1.2703636932650548,0.19478242684187785,0.1575683027544279,3141450.391242862,723008.0,2418442.391242862
20250514,1.4967042251134581,1.4183453974575086,1.3076895464457845,1.2708247490832734,0.18901467866767363,0.14752064837423529,3120359.874406519,427958.0,2692401.874406519
20250515,1.5037957156990798,1.4226688341966673,1.2991350917671745,1.265195541492845,0.20466062393190532,0.15747329270382227,3129871.435232668,931860.0,2198011.435232668
20250516,1.4873305349242691,1.4087333406782314,1.3002746773680989,1.266254762726138,0.18705585755617027,0.1424785779520934,3099213.349492109,1172610.0,1926603.349492109
20250519,1.5306768883513477,1.4413249515737043,1.3050515204188455,1.269909781985846,0.2256253679325022,0.1714151695878583,3170914.8934621494,1698756.0,1472158.8934621497
20250520,1.5890670947029018,1.487902452839274,1.313326150202747,1.2768092094538166,0.27574094450015485,0.21109324338545732,3273385.3962464025,2144280.0,1129105.3962464028
20250521,1.6494752436931102,1.5362463096711392,1.3108691293973571,1.2747425231265874,0.33860611429575305,0.26150378654455175,3379741.881276506,2438078.0,941663.8812765059
20250522,1.7148892230505903,1.5914984053841847,1.30249977618489,1.2663628014146944,0.41238944686570034,0.32513560396949037,3501296.4918452064,2283808.0,1217488.4918452066
20250523,1.7258655199031716,1.6021671345918047,1.2989461442251495,1.2592819435353941,0.4269193756780221,0.3428851910564106,3524767.6961019705,1374550.0,2150217.6961019705
20250526,1.7314551335436594,1.6176373125781347,1.2989015580143708,1.258938507056848,0.43255357552928864,0.35869880552128675,3558802.0876718964,0.0,3558802.0876718964
20250527,1.731897659390234,1.6178366460738025,1.2989913454475888,1.2590340466047958,0.4329063139426452,0.3588025994690067,3559240.6213623653,102388.0,3456852.6213623653
20250528,1.7334726751073513,1.6180864968689321,1.2976715155552008,1.2583789626502362,0.4358011595521505,0.35970753421869595,3559790.2931116507,817380.0,2742410.2931116507
20250529,1.7513609059869997,1.631323917041513,1.3089331112626283,1.2661871073754951,0.4424277947243713,0.3651368096660179,3588912.6174913286,1305171.0,2283741.6174913286
20250530,1.732027763348201,1.618986766884619,1.301087813675965,1.2605359460926007,0.43093994967223614,0.3584508207920183,3561770.887146162,1895903.0,1665867.887146162
20250603,1.7288696676157211,1.6190778312889067,1.3007624517419905,1.2626937928938045,0.4281072158737307,0.35638403839510224,3561971.228835595,1428726.0,2133245.228835595
20250604,1.7373138955328415,1.6265852409518982,1.3062653782142157,1.2674343301569289,0.4310485173186258,0.3591509107949693,3578487.530094176,1445066.0,2133421.530094176
20250605,1.7438032987950942,1.6344929673239905,1.30948637855408,1.2711359779767168,0.4343169202410142,0.3633569893472737,3595884.528112779,1272456.0,2323428.528112779
20250606,1.7424598277977368,1.633212516966669,1.30813630548938,1.2700948853686629,0.4343235223083568,0.36311763159800603,3593067.5373266716,1462696.0,2130371.5373266716
20250609,1.7465581753439858,1.6379792275024432,1.3113808315605957,1.2742726853090602,0.4351773437833901,0.36370654219338294,3603554.300505375,1118757.0,2484797.300505375
20250610,1.7401771942550959,1.6313593889337168,1.30803760769795,1.27085423783001,0.4321395865571458,0.36050515110370673,3588990.655654177,1103988.0,2485002.655654177
20250611,1.7407392470652894,1.6320845160636055,1.3104416648459718,1.27293946132085,0.4302975822193176,0.3591450547427555,3590585.9353399323,1304251.0,2286334.9353399323
20250612,1.7421160130775182,1.6330346834228975,1.3117930859237015,1.2741249778041608,0.4303229271538167,0.3589097056187367,3592676.3035303745,1510104.0,2082572.3035303743
20250613,1.7251250654974948,1.6195053307678837,1.3030255831695086,1.2665268997078212,0.4220994823279862,0.35297843106006255,3562911.727689344,1682366.0,1880545.727689344
20250616,1.7305730351008417,1.6288619624684355,1.3037036680893885,1.268744699289644,0.42686936701145317,0.36011726317879145,3583496.317430558,1338171.0,2245325.317430558
20250617,1.7301557324870633,1.6292576734119903,1.303060662425381,1.2682418872212158,0.42709507006168224,0.36101578619077457,3584366.8815063788,1338856.0,2245510.8815063788
20250618,1.727840701984339,1.6269090594132496,1.3027340407461516,1.2679229512207943,0.4251066612381873,0.35898610819245524,3579199.930709149,0.0,3579199.930709149
20250619,1.7262765716634279,1.6263730844239452,1.301682181747227,1.2674641980627264,0.4245943899162008,0.35890888636121887,3578020.7857326795,100181.0,3477839.7857326795
20250620,1.72621951855331,1.6264292575936192,1.301604776951849,1.2674790440811912,0.42461474160146095,0.35895021351242806,3578144.3667059625,0.0,3578144.3667059625
20250623,1.7263621813234384,1.6265636732347428,1.3017123475945724,1.2675837944154127,0.424649833728866,0.35897987881933013,3578440.081116434,0.0,3578440.081116434
20250624,1.7341190742070187,1.630199800266828,1.3079835055475806,1.2706891386594261,0.42613556865943814,0.35951066160740197,3586439.560587022,436955.0,3149484.560587022
20250625,1.7431249127300943,1.6354866029999837,1.3164434401740823,1.275987155544407,0.42668147255601196,0.3594994474555768,3598070.526599964,1052383.0,2545687.526599964
20250626,1.7386341496241215,1.6336898404627036,1.312540551764408,1.2733935176168225,0.42609359785971357,0.3602963228458811,3594117.6490179477,1821425.0,1772692.6490179477
20250627,1.7408123836189069,1.6355614329739363,1.3157348293138842,1.2757650263973919,0.4250775543050227,0.35979640657654444,3598235.15254266,1825396.0,1772839.15254266
20250630,1.7516736836646227,1.647602500632935,1.322297570990692,1.2831822807999465,0.42937611267393083,0.36442021983298845,3624725.5013924567,1610891.0,2013834.5013924565
20250701,1.7504707217669162,1.646135852851846,1.3236818112707887,1.2847805128742424,0.42678891049612755,0.3613553399776035,3621498.876274061,1535179.0,2086319.876274061
20250702,1.7469933528964383,1.6417369855195119,1.320256994446426,1.2804952780243026,0.42673635845001234,0.36124170749520923,3611821.368142926,1246622.0,2365199.368142926
20250703,1.7479873582615537,1.6425058359841305,1.3220490870830233,1.2824912435093385,0.42593827117853045,0.36001459247479195,3613512.839165087,1248118.0,2365394.839165087
20250704,1.743857725732409,1.637132790822529,1.3206919092140885,1.2808942752598094,0.4231658165183205,0.3562385155627197,3601692.1398095638,924447.0,2677245.1398095638
20250707,1.743761380325633,1.6383366987372843,1.3203967962689263,1.2808689165645821,0.42336458405670685,0.35746778217270214,3604340.7372220256,504713.0,3099627.7372220256
20250708,1.7470976708104453,1.6410111293342875,1.3257012427219743,1.2847405892794903,0.421396428088471,0.3562705400547972,3610224.4845354324,736330.0,2873894.4845354324
20250709,1.7506822920897758,1.6422252157764192,1.3245213315893507,1.283736455364862,0.42616096050042507,0.3584887604115572,3612895.474708122,927863.0,2685032.474708122
20250710,1.7582428742493403,1.6481810806633352,1.325948030556908,1.2847818393335317,0.4322948436924323,0.3633992413298035,3625998.3774593375,1477009.0,2148989.3774593375
20250711,1.7662535467929672,1.6530616300516319,1.3333506509943807,1.2908839236224692,0.43290289579858654,0.3621777064291627,3636735.5861135903,1703363.0,1933372.5861135903
20250714,1.7717236012740691,1.6566323554562565,1.3328034067669965,1.2903524136938882,0.43892019450707265,0.36627994176236833,3644591.1820037644,1897075.0,1747516.1820037644
20250715,1.7600434044160602,1.6471648203766927,1.3303405146759963,1.2880852370751852,0.4297028897400639,0.35907958330150747,3623762.6048287237,1876102.0,1747660.6048287235
20250716,1.765982388016951,1.6528376867086543,1.3322205651058643,1.2904423539110585,0.43376182291108667,0.3623953327975957,3636242.910759039,1562689.0,2073553.9107590395
20250717,1.7678045820916177,1.6575601267503808,1.3385793602905782,1.2970137218741917,0.4292252218010395,0.36054640487618905,3646632.2788508376,1572907.0,2073725.2788508376
20250718,1.7657877935248487,1.654863380006123,1.3400441511123051,1.2983994374492451,0.4257436424125436,0.35646394255687786,3640699.4360134704,1696454.0,1944245.4360134704
20250721,1.7733568804142459,1.6604976858086402,1.3471179288568345,1.3043542928488823,0.4262389515574114,0.35614339295975794,3653094.9087790083,2017696.0,1635398.9087790083
20250722,1.777000650747563,1.6627782134789173,1.3529376602304866,1.3092865925995099,0.4240629905170765,0.35349162087940744,3658112.069653618,2364674.0,1293438.0696536184
20250723,1.7664464996161449,1.6586627587181983,1.3485146726466255,1.3055422292526846,0.41793182696951936,0.35312052946551375,3649058.0691800364,2719707.0,929351.0691800363
20250724,1.7754736194696066,1.669446045719858,1.3601040053614317,1.3178370497074243,0.41536961410817486,0.3516089960124338,3672781.3005836876,2585913.0,1086868.3005836878
20250725,1.7791095201796303,1.671550655243847,1.3596651101377721,1.31730734034412,0.4194444100418582,0.35424331489972705,3677411.4415364633,2277169.0,1400242.4415364633
20250728,1.7807340709970003,1.6747028585689987,1.359866026455129,1.3186175702518832,0.4208680445418713,0.3560852883171155,3684346.288851797,1213645.0,2470701.288851797
20250729,1.7800349241095548,1.6733900573228246,1.361574660673243,1.3210133657913794,0.4184602634363117,0.35237669153144524,3681458.1261102143,848623.0,2832835.1261102143
20250730,1.7797658150570768,1.672360076211822,1.3613580984192086,1.3194523687941728,0.41840771663786813,0.3529077074176492,3679192.167666008,445290.0,3233902.167666008
20250731,1.7768957500230844,1.6701250229482485,1.3593789291645484,1.3178191924683331,0.41751682085853603,0.35230583047991537,3674275.0504861465,824165.0,2850110.0504861465
20250801,1.779213192995138,1.6712549185327155,1.3591382334086324,1.3177048131708262,0.42007495958650565,0.35355010536188924,3676760.820771974,1097284.0,2579476.820771974
20250804,1.787664001868413,1.6796390912156898,1.363586702720165,1.3227452289329966,0.424077299148248,0.35689386228269315,3695206.0006745174,1115516.0,2579690.0006745174
20250805,1.7922348031741273,1.6849378173614702,1.36546235865484,1.3252279236551474,0.4267724445192873,0.3597098937063228,3706863.1981952344,1126960.0,2579903.1981952344
20250806,1.7969021034139085,1.690124418002837,1.3686566605906865,1.328921910890106,0.4282454428232221,0.36120250711273094,3718273.719606241,981676.0,2736597.719606241
20250807,1.7986352571684354,1.6919708260003048,1.3685192511332127,1.329009136976291,0.4301160060352227,0.3629616890240137,3722335.8172006705,1238913.0,2483422.8172006705
20250808,1.7992361782259025,1.6930463903435504,1.3668884444137936,1.3276444154173634,0.4323477338121089,0.365401974926187,3724702.058755811,1241074.0,2483628.058755811
20250811,1.8070306155461173,1.7015587805786652,1.3726611903705854,1.3341085635471126,0.4343694251755319,0.36745021703155256,3743429.3172730636,1259596.0,2483833.3172730636
20250812,1.8082414245576572,1.7030225421608318,1.374288648929307,1.335779535911493,0.43395277562835033,0.3672430062493388,3746649.59275383,1262611.0,2484038.59275383
20250813,1.810861477265584,1.7055404023634144,1.380514385030517,1.3424034688746411,0.43034709223506695,0.3631369334887733,3752188.885199512,1267945.0,2484243.885199512
20250814,1.7910137021009327,1.6914498676279597,1.3699266838428983,1.334902400996171,0.4210870182580344,0.3565474666317887,3721189.7087815115,1832628.0,1888561.7087815113
20250815,1.7988710344929169,1.7017300074157053,1.3762131949297205,1.3453879715995254,0.42265783956319636,0.35634203581617996,3743806.0163145517,1529728.0,2214078.0163145517
20250818,1.8192458846814166,1.7190259324192856,1.3864465725442383,1.3545115716953553,0.43279931213717826,0.3645143607239303,3781857.0513224285,1817187.0,1964670.0513224285
20250819,1.8225347186535166,1.7229392821582534,1.3869651374092025,1.3550111686321595,0.4355695812443141,0.3679281135260939,3790466.4207481574,1825634.0,1964832.4207481577
20250820,1.8483292306400692,1.7432592323153437,1.4012664961493144,1.365771660630868,0.44706273449075473,0.37748757168447566,3835170.3110937565,2489184.0,1345986.3110937565
20250821,1.841702076186215,1.7362188861963015,1.394340618884881,1.3577223409409127,0.44736145730133403,0.3784965452553888,3819681.5496318634,2473584.0,1346097.5496318634
20250822,1.8406893836003253,1.7367860987441464,1.3947639009484118,1.365481873226574,0.44592548265191345,0.37130422551757225,3820929.417237122,1354823.0,2466106.417237122
20250825,1.8432201548155747,1.7432965492211274,1.3968167141396495,1.3705228480445533,0.4464034406759252,0.37277370117657416,3835252.4082864802,946610.0,2888642.4082864802
20250826,1.8474735163626288,1.7472800632109202,1.3973270106585367,1.370608367044016,0.4501465057040921,0.3766716961669043,3844016.1390640247,955135.0,2888881.1390640247
20250827,1.8262879863234482,1.731897380208068,1.383447967650522,1.36091829176896,0.4428400186729262,0.370979088439108,3810174.2364577493,1531890.0,2278284.2364577493
20250828,1.8263155788438061,1.7346228437428712,1.385189365636314,1.3663274427800618,0.44112621320749223,0.36829540096280944,3816170.2562343166,1227043.0,2589127.2562343166
20250829,1.8275711514815018,1.7366569244061407,1.3849574107170672,1.3659639881209376,0.4426137407644346,0.37069293628520317,3820645.2336935094,1231304.0,2589341.2336935094
20250901,1.8356489620823764,1.747004957556805,1.3875648500793851,1.3697426340273589,0.44808411200299125,0.3772623235294461,3843410.906624971,877021.0,2966389.906624971
20250902,1.8269682099624132,1.7419241219554382,1.369134292008948,1.3563617170750044,0.4578339179534652,0.3855624048804338,3832233.068301964,1493392.0,2338841.068301964
20250903,1.8132967454734916,1.7258954995664189,1.3634529329354037,1.3495019848279899,0.4498438125380879,0.37639351473842897,3796970.0990461214,1259454.0,2537516.0990461214
20250904,1.8141293286393465,1.7268826547990657,1.3570855785641711,1.3410250583523133,0.4570437500751754,0.3858575964467523,3799141.8405579445,1004446.0,2794695.8405579445
20250905,1.8146760231073025,1.7275587682706872,1.3569735403040768,1.340835823557393,0.4577024828032257,0.38672294471329427,3800629.290195512,0.0,3800629.290195512
20250908,1.816847838896815,1.728505431424677,1.35811590457797,1.341454863050122,0.45873193431884496,0.3870505683745551,3802711.9491342898,151962.0,3650749.9491342898
20250909,1.8173556346804582,1.728851907362285,1.3559583016530223,1.3401543371229216,0.4613973330274359,0.38869757023936335,3803474.196197027,394174.0,3409300.196197027
20250910,1.8180457949195008,1.7295111488881008,1.3562817497095792,1.3404431929056035,0.46176404520992165,0.3890679559824972,3804924.5275538214,571412.0,3233512.5275538214
20250911,1.8194123435226497,1.7317662545427797,1.3602260978400813,1.3459193163926206,0.4591862456825684,0.385846938150159,3809885.759994115,576106.0,3233779.759994115
20250912,1.8211185461357886,1.732237728550293,1.360262091565601,1.346038105988925,0.46085645457018765,0.386199622561368,3810923.0028106445,810809.0,3000114.0028106445
20250915,1.8223563605309987,1.7324141163418711,1.3595688127860008,1.3455637828458975,0.46278754774499786,0.38685033349597364,3811311.0559521164,1210272.0,2601039.0559521164
20250916,1.8308209905124853,1.7390686444807122,1.3642156076438923,1.350212680799401,0.466605382868593,0.38885596368131115,3825951.017857567,1224697.0,2601254.017857567
20250917,1.8299273810136172,1.7383895443311201,1.3675089943620076,1.3541470395634039,0.4624183866516096,0.38424250476771626,3824456.997528464,1222988.0,2601468.997528464
20250918,1.8192139806544974,1.7270659068028529,1.3622850959250126,1.3486494045929696,0.4569288847294848,0.3784165022098833,3799544.9949662765,1197861.0,2601683.9949662765
20250919,1.8151622914961365,1.7219550046238508,1.36057936899814,1.3471532304340705,0.4545829224979965,0.3748017741897802,3788301.010172472,1186402.0,2601899.010172472
20250922,1.8161154237997537,1.7192012894408373,1.3617104262703408,1.349540191194696,0.4544049975294129,0.36966109824614124,3782242.836769842,783511.0,2998731.836769842
20250923,1.8151229201383845,1.7162249791708803,1.3614240804250848,1.3476897182242462,0.4536988397132997,0.36853526094663414,3775694.954175937,411128.0,3364566.954175937
20250924,1.81643665978926,1.718688644345718,1.3628346384606942,1.3503863691213196,0.45360202132856586,0.3683022752243985,3781115.01756058,416270.0,3364845.01756058
20250925,1.8118192219549074,1.7161502528517496,1.3612656719182707,1.3493931693469314,0.45055355003663666,0.36675708350481817,3775530.556273849,817735.0,2957795.556273849
20250926,1.8107145877591262,1.716258637357996,1.3569429079519517,1.3455427271295217,0.4537716798071745,0.3707159102284743,3775769.002187591,817729.0,2958040.002187591
20250929,1.8106162292295274,1.7181232446418124,1.357007771020596,1.3474157695412994,0.45360845820893125,0.37070747510051305,3779871.1382119874,445525.0,3334346.1382119874
20250930,1.8108072385350984,1.7185518065252166,1.3572056665014554,1.3480312614506667,0.45360157203364304,0.3705205450745499,3780813.9743554764,0.0,3780813.9743554764
20251009,1.8099207908936557,1.7182750860612936,1.3579158233670836,1.3484392629762532,0.45200496752657204,0.3698358230850405,3780205.189334846,167585.0,3612620.189334846
20251010,1.816780452881483,1.722502367120059,1.353515092688594,1.3459299842030201,0.4632653601928891,0.3765723829170389,3789505.20766413,619971.0,3169534.20766413
20251013,1.8103940846994897,1.7243409784727135,1.345618153430109,1.3453696141942015,0.46477593126938066,0.37897136427851197,3793550.1526399697,623754.0,3169796.1526399697
20251014,1.8105173599273006,1.7240073421526767,1.3447623844393533,1.3431683458171866,0.4657549754879473,0.3808389963354901,3792816.152735889,419153.0,3373663.152735889
20251015,1.8106123426834178,1.7239795387576637,1.3446751757011337,1.342869924930561,0.46593716698228405,0.38110961382710284,3792754.98526686,10460.0,3782294.98526686
20251016,1.8101496281195526,1.7240718486233761,1.3443864784603325,1.3429809059160924,0.46576314965922005,0.3810909427072837,3792958.0669714278,0.0,3792958.0669714278
20251017,1.8108799693445286,1.724214333900122,1.3443591155716486,1.343091896073606,0.46652085377288,0.3811224378265159,3793271.5345802684,0.0,3793271.5345802684
20251020,1.8110296288461272,1.7243568309525104,1.3444702196307865,1.3432028954038602,0.46655940921534067,0.3811539355486502,3793585.028095523,0.0,3793585.028095523
20251021,1.813456511919999,1.7244993397815147,1.3457205602419604,1.3433139039076125,0.4677359516780386,0.3811854358739022,3793898.5475193323,0.0,3793898.5475193323
20251022,1.8134904646510737,1.7246909032608353,1.345772808402237,1.3436413455644114,0.46771765624883677,0.3810495576964239,3794319.9871738376,522601.0,3271718.9871738376
20251023,1.8137263166976263,1.7248863129913452,1.347079244111868,1.3446559160866958,0.4666470725857583,0.38023039690464944,3794749.8885809593,1256415.0,2538334.8885809593
20251024,1.8086426178839423,1.7207921219653715,1.3553123763948014,1.3519715937356587,0.4533302414891409,0.3688205282297128,3785742.668323817,1247198.0,2538544.668323817
20251027,1.8119101529204695,1.7248933538469011,1.3584977147392594,1.3552108358858588,0.45341243818121013,0.36968251796104235,3794765.3784631826,884570.0,2910195.3784631826
20251028,1.8114745656688702,1.7240238852351981,1.358295339879503,1.3547709011694722,0.4531792257893672,0.36925298406572593,3792852.5475174356,637020.0,3155832.5475174356
20251029,1.8104749775725693,1.723140609237659,1.363387791718444,1.3589988894656009,0.4470871858541252,0.3641417197720582,3790909.3403228503,908514.0,2882395.3403228503
20251030,1.8040044803987025,1.7182675060475887,1.357487800898476,1.3545095585422517,0.44651667950022644,0.36375794750533696,3780188.513304695,1294244.0,2485944.513304695
20251031,1.8106942945974207,1.727624983302033,1.3574394418006888,1.3548878529084725,0.45325485279673194,0.3727371303935605,3800774.9632644723,1314625.0,2486149.9632644723
20251103,1.813062811277215,1.7328839586599318,1.3576895625855914,1.3559082744248694,0.45537324869162354,0.37697568423506245,3812344.7090518503,774004.0,3038340.7090518503
20251104,1.8131218809914822,1.7323446566231953,1.3557458257504533,1.3527622306902596,0.45737605524102887,0.3795824259329357,3811158.2445710297,631469.0,3179689.2445710297
20251105,1.8186234475701522,1.735517553811872,1.3597173354160315,1.3550713821840368,0.4589061121541207,0.3804461716278351,3818138.618386118,850298.0,2967840.618386118
20251106,1.804562353272205,1.7260516329216158,1.3680900196145453,1.3609385997307906,0.4364723336576597,0.3651130331908252,3797313.5924275545,1461929.0,2335384.5924275545
20251107,1.796379767928711,1.7196285588002196,1.3674118474021013,1.360815313261653,0.4289679205266097,0.35881324553856664,3783182.829360483,1683164.0,2100018.829360483
20251110,1.8084230900932656,1.7299821392893393,1.367982436869291,1.3613318641307441,0.44044065322397463,0.36865027515859516,3805960.7064365465,1964357.0,1841603.7064365463
20251111,1.8083138190231003,1.7299116534195589,1.3673912292904082,1.3601563641645413,0.44092258973269205,0.36975528925501755,3805805.6375230295,1742693.0,2063112.6375230295
20251112,1.8016191581987897,1.72425279213622,1.363588077861243,1.3565619115124437,0.4380310803375467,0.3676908806237764,3793356.142699684,1730073.0,2063283.1426996842
20251113,1.8157262767191515,1.7372898463489437,1.3727208319965063,1.365152918462306,0.44300544472264525,0.37213692788663777,3822037.661967676,1758584.0,2063453.661967676
20251114,1.814800894045966,1.7358520094520602,1.3616057170998894,1.3556404011891714,0.4531951769460765,0.3802116082628888,3818874.4207945326,2270965.0,1547909.4207945324
20251117,1.8229067187257895,1.7430174305422477,1.3637003052654073,1.3575486380931012,0.45920641346038216,0.38546879244914645,3834638.347192945,2286601.0,1548037.3471929452
20251118,1.8026977036974723,1.7270800250595728,1.3551618205715583,1.35021106074627,0.44753588312591397,0.37686896431330275,3799576.05513106,2705598.0,1093978.05513106
20251119,1.7966680459161102,1.717524984032268,1.3494344836659173,1.3434156344391257,0.44723356225019284,0.37410934959314224,3778554.9648709893,2037079.0,1741475.9648709893
20251120,1.7866874496743756,1.706287023858409,1.3461188113535612,1.3400875255051992,0.4405686383208145,0.36619949835320975,3753831.4524884997,1708997.0,2044834.4524884995
20251121,1.7794904735189019,1.697737880744039,1.3410355707808794,1.3339413401119526,0.43845490273802246,0.36379654063208644,3735023.337636886,40078.0,3694945.337636886
20251124,1.7796357130020626,1.6978766841000736,1.3411464001668942,1.3340515831979125,0.43848931283516834,0.36382510090216114,3735328.705020162,40078.0,3695250.705020162
20251125,1.7797809644884865,1.6980154989274598,1.341708003742506,1.334161835394871,0.43807296074598057,0.36385366353258886,3735634.0976404115,40078.0,3695556.0976404115
20251126,1.7799262279791657,1.6981543252271458,1.3413833170458564,1.3340236712778863,0.4385429109333092,0.3641306539492595,3735939.515499721,40078.0,3695861.515499721
20251127,1.7800715034750916,1.6982931630000797,1.3420343844336375,1.3344457583190827,0.43803711904145404,0.36384740468099697,3736244.9586001756,40078.0,3696166.9586001756
20251128,1.780216790977257,1.6984320122472096,1.3451436189812709,1.3387115580115354,0.43507317199598616,0.3597204542356742,3736550.4269438614,40078.0,3696472.4269438614
20251201,1.7793363900767365,1.6968166518165912,1.3468754710192776,1.341082275354027,0.43246091905745887,0.35573437646256423,3732996.6339965006,825162.0,2907834.6339965006
20251202,1.7768648023990943,1.6939581595038187,1.3447957906389743,1.3386603895578504,0.43206901176012,0.3552977699459683,3726707.950908401,818633.0,2908074.950908401
20251203,1.77204729127803,1.6904540290298855,1.3390343035075265,1.3345015115605712,0.43301298777050357,0.35595251746931433,3718998.863865748,1221595.0,2497403.863865748
20251204,1.7631707939874888,1.6836801185814958,1.3396099728912623,1.3350262940108129,0.4235608210962265,0.34865382457068295,3704096.2608792908,1206486.0,2497610.2608792908
20251205,1.7631498583001026,1.686272056061544,1.3402860701127302,1.3384918919282611,0.42286378818737247,0.34778016413328294,3709798.523335397,774042.0,2935756.523335397
20251208,1.7643127971991734,1.6877263183697828,1.3413541393860144,1.3404281564170692,0.422958657813159,0.34729816195271357,3712997.900413522,549130.0,3163867.900413522
20251209,1.7638064426949225,1.6868020814427507,1.3388509127177846,1.3386546283127256,0.4249555299771379,0.34814745313002504,3710964.5791740515,918335.0,2792629.5791740515
20251210,1.7702464724669336,1.6916963193858454,1.3423755761881335,1.3412288084934851,0.42787089627880004,0.3504675108923603,3721731.90264886,1489612.0,2232119.90264886
20251211,1.7497342319968519,1.6759970951164862,1.3347146160494918,1.334322425652407,0.41501961594736003,0.3416746694640791,3687193.6092562694,1770884.0,1916309.6092562694
20251212,1.744945082458024,1.6716143012415148,1.3356477313382076,1.3370197378936532,0.40929735111981635,0.33459456334786153,3677551.4627313325,1096233.0,2581318.4627313325
20251215,1.7457397252226519,1.6705380885616774,1.3339596940848497,1.33430342631677,0.41178003113780215,0.3362346622449075,3675183.7948356904,1093652.0,2581531.7948356904
20251216,1.7430995563080198,1.6667472942735797,1.330333979347439,1.3290685079486577,0.4127655769605809,0.337678786324922,3666844.0474018753,827991.0,2838853.0474018753
20251217,1.7458592185693234,1.6703166651619117,1.333922834812263,1.3330877228366176,0.41193638375706043,0.3372289423252941,3674696.663356206,835609.0,2839087.663356206
20251218,1.7446143753298735,1.6687332692612116,1.332163313101539,1.3310324440760168,0.4124510622283346,0.33770082518519473,3671213.1923746653,40078.0,3631135.1923746653
20251219,1.74475673249087,1.6688696755419168,1.332626038583407,1.3311424467573452,0.41213069390746293,0.3377272287845716,3671513.286192217,40078.0,3631435.286192217
20251222,1.744899101416921,1.6690060930958683,1.3354165880518847,1.332397030765087,0.4094825133650364,0.33660906233078136,3671813.4048109106,40078.0,3631735.4048109106
20251223,1.7450414821089992,1.669142521923998,1.334663598984328,1.33195813760618,0.41037788312467116,0.33718438431781794,3672113.5482327957,40078.0,3632035.5482327957
20251224,1.7451838745680768,1.6692789620272375,1.3445017969164519,1.3406748775724735,0.4006820776516249,0.32860408445476397,3672413.7164599225,40078.0,3632335.7164599225
20251225,1.7453262787951258,1.6694154134065187,1.350331116213966,1.3459774906755866,0.39499516258115985,0.3234379227309321,3672713.909494341,40078.0,3632635.909494341
20251226,1.7454686947911195,1.669551876062773,1.3534377860220996,1.3486666437589265,0.3920309087690199,0.32088523230384647,3673014.1273381007,40078.0,3632936.1273381007
20251229,1.74561112255703,1.669688349996933,1.351526872390628,1.3471171225892054,0.39408425016640214,0.3225712274077277,3673314.3699932527,40078.0,3633236.3699932527
20251230,1.7457535620938303,1.6698248352099305,1.3519403333956936,1.3480479219682324,0.3938132286981366,0.3217769132416981,3673614.637461847,40078.0,3633536.637461847
20251231,1.7458960134024932,1.6699613317026978,1.3523669605885231,1.3481046262012422,0.3935290528139701,0.3218567055014556,3673914.929745935,40078.0,3633836.929745935
20260105,1.7497766644550656,1.675393507443936,1.3621855175255384,1.3621492098953036,0.38759114692952723,0.31324429754863226,3685865.716376659,1608310.0,2077555.716376659
20260106,1.7600850757159523,1.6857847341800882,1.3701850294444082,1.3707013127601333,0.38990004627154407,0.31508342141995493,3708726.4151961943,1630999.0,2077727.4151961943
20260107,1.7610807859410302,1.6868320175744982,1.37253970179716,1.372654997280799,0.38854108414387034,0.3141770202936991,3711030.438663896,2163561.0,1547469.4386638962
20260108,1.7804688258109427,1.7025964300591592,1.3824269535399347,1.3813115291325482,0.39804187227100796,0.321284900926611,3745712.14613015,2606954.0,1138758.1461301502
20260109,1.7969342935318584,1.7164278646152873,1.4126327523271194,1.4075217276374983,0.38430154120473903,0.308906136977789,3776141.302153632,3095847.0,680294.302153632
20260112,1.8312415984363952,1.7470506931014689,1.449990972431827,1.443043542862923,0.38125062600456827,0.30400715023854596,3843511.5248232316,3163161.0,680350.5248232315
20260113,1.8124362592636514,1.7308142843996968,1.4203893753244923,1.4163022954649633,0.3920468839391591,0.3145119889347334,3807791.425679333,3463314.0,344477.4256793329
20260114,1.8214043180968362,1.741426532197844,1.420864259577487,1.4184811918966558,0.40054005851934926,0.32294534030118816,3831138.3708352568,3188767.0,642371.3708352566
20260115,1.8123334804932605,1.7319717715817968,1.4198046593414513,1.4174701431604624,0.3925288211518092,0.31450162842133444,3810337.8974799532,2836248.0,974089.8974799535
20260116,1.8068837641815807,1.7195831611809884,1.4246292955917885,1.4188557074757937,0.3822544685897922,0.3007274537051947,3783082.9545981744,1554997.0,2228085.9545981744
20260119,1.8064524983812122,1.7169020722077577,1.4226904023344007,1.4082415002179325,0.38376209604681155,0.3086605719898252,3777184.558857067,40078.0,3737106.558857067
20260120,1.8065999661308907,1.7170424593812685,1.4228079800536018,1.408357883812992,0.3837919860772889,0.30868457556827655,3777493.4106387906,40078.0,3737415.4106387906
20260121,1.8067474460679864,1.717182858157025,1.4229255674899697,1.4084742770265304,0.38382187857801675,0.3087085811304946,3777802.287945455,40078.0,3737724.287945455
20260122,1.8068949381935067,1.7173232685359863,1.4241230729367234,1.4091252879248948,0.3827718652567833,0.3081979806110915,3778111.1907791696,40078.0,3738033.1907791696
20260123,1.8070424425084588,1.7174636905191107,1.4313348154449173,1.4139082431998395,0.37570762706354155,0.3035554473192712,3778420.119142044,40078.0,3738342.119142044
20260126,1.8071899590138503,1.717604124107358,1.418453052942029,1.4054766434634545,0.3887369060718213,0.3121274806439036,3778729.073036188,40078.0,3738651.073036188
20260127,1.8073374877106883,1.7177445693016868,1.4188296149084536,1.4073735293017573,0.38850787280223464,0.31037103999992954,3779038.0524637112,40078.0,3738960.0524637112
20260128,1.8074850285999806,1.7178850261030567,1.4199097331173094,1.408710603361279,0.3875752954826712,0.30917442274177764,3779347.0574267246,40078.0,3739269.0574267246
20260129,1.807632581682735,1.7180254945124265,1.4175172499282631,1.4055895919814538,0.3901153317544719,0.31243590253097264,3779656.087927338,40078.0,3739578.087927338
20260130,1.8077801469599588,1.7181659745307558,1.4140146037024361,1.402013292009356,0.39376554325752267,0.31615268252139983,3779965.143967663,40078.0,3739887.143967663
20260202,1.8066276012524949,1.7161734459821445,1.4013186370157753,1.3863555569717148,0.4053089642367196,0.32981788901042974,3775581.581160718,898627.0,2876954.581160718
20260203,1.8086881442998568,1.7195756058594236,1.4036910782253722,1.3904388681267024,0.4049970660744846,0.32913673773272123,3783066.3328907317,60802.0,3722264.3328907317
20260204,1.8089483033836833,1.719906609720013,1.4038070857524982,1.3905537804298536,0.40514121763118505,0.3293528292901595,3783794.5413840287,40078.0,3743716.5413840287
20260205,1.8090959773982378,1.7200472452024091,1.4012985328761607,1.389368239621804,0.4077974445220771,0.33067900558060526,3784103.9394453,40078.0,3744025.9394453
20260206,1.8092436636172564,1.7201878923075722,1.401054705425922,1.3899761111314488,0.4081889581913345,0.3302117811761234,3784413.363076659,40078.0,3744335.363076659
20260209,1.8093913620417477,1.7203285510364632,1.4056428473883609,1.3932139362881781,0.4037485146533868,0.32711461474828507,3784722.812280219,40078.0,3744644.812280219
20260210,1.8095390726727203,1.7204692213900425,1.405715506449002,1.3933075118590097,0.4038235662237184,0.32716170953103285,3785032.2870580936,40078.0,3744954.2870580936
20260211,1.809686795511183,1.7206099033692708,1.4064716120644012,1.3938109480341319,0.40321518344678187,0.3267989553351389,3785341.7874123957,40078.0,3745263.7874123957
20260212,1.809834530558145,1.720750596975109,1.4109351753491672,1.3974161075936011,0.3988993552089777,0.3233344893815078,3785651.3133452395,40078.0,3745573.3133452395
20260213,1.8099822778146148,1.7208913022085177,1.4052890519324686,1.3920777263553106,0.4046932258821463,0.32881357585320714,3785960.864858739,40078.0,3745882.864858739
20260224,1.8101300372816018,1.7210320190704584,1.4088847149569004,1.3958455712453322,0.40124532232470145,0.3251864478251263,3786270.4419550085,40078.0,3746192.4419550085
20260225,1.810277808960115,1.7211727475618919,1.4118343345909785,1.3973644570806478,0.3984434743691365,0.32380829048124404,3786580.044636162,40078.0,3746502.044636162
20260226,1.8104255928511637,1.7213134876837788,1.4138659300545886,1.3986980606747157,0.39655966279657506,0.3226154270090631,3786889.6729043135,40078.0,3746811.6729043135
20260227,1.810573388955757,1.721454239437081,1.4211873189446067,1.4035073873810386,0.3893860700111502,0.31794685205604245,3787199.326761578,40078.0,3747121.326761578
20260302,1.8015189249013503,1.7148915938227591,1.4143773626644627,1.398952915069943,0.38714156223688767,0.3159386787528162,3772761.50641007,1476480.0,2296281.50641007
20260303,1.782720813150591,1.6988669462459902,1.3920742573244886,1.3788357442777996,0.3906465558261023,0.32003120196819057,3737507.2817411786,1441036.0,2296471.2817411786
20260304,1.7746663979370647,1.691904230528437,1.3868021791639336,1.374092344842843,0.38786421877313115,0.31781188568559404,3722189.3071625615,1672178.0,2050011.3071625612
20260305,1.7885865377886603,1.7047386917090963,1.3957543844074896,1.3807012972814499,0.3928321533811707,0.32403739442764645,3750425.1217600117,1091925.0,2658500.1217600117
20260306,1.7872370981608292,1.701402220044023,1.3947138463458204,1.3781169577826293,0.3925232518150088,0.32328526226139376,3743084.8840968506,40078.0,3703006.8840968506
20260309,1.7873829778609027,1.7015413262380161,1.3948291119529566,1.3782308517460824,0.39255386590794616,0.32331047449193373,3743390.9177236357,40078.0,3703312.9177236357
20260310,1.7875288696171496,1.701680443928389,1.3949443870861757,1.3783447551222596,0.3925844825309739,0.3233356888061294,3743696.976642456,40078.0,3703618.976642456
20260311,1.7876747734305665,1.7018195731160917,1.3949612034139487,1.3784100984734964,0.3927135700166178,0.3234094746425953,3744003.0608554017,40078.0,3703925.0608554017
20260312,1.7878206893021498,1.7019587138020742,1.3947002144643346,1.3783894293386219,0.3931204748378152,0.32356928446345234,3744309.1703645634,40078.0,3704231.1703645634
20260313,1.787966617232896,1.702097865987287,1.390571425132862,1.3755414330642963,0.39739519210003404,0.32655643292299064,3744615.3051720313,40078.0,3704537.3051720313
20260316,1.7881125572238017,1.7022370296726803,1.3897999719669512,1.3751203382713186,0.39831258525685054,0.3271166914013617,3744921.4652798967,40078.0,3704843.4652798967
20260317,1.7882585092758638,1.7023762048592048,1.3898996762396127,1.3751657487209237,0.3983588330362511,0.32721045613828115,3745227.6506902506,40078.0,3705149.6506902506
20260318,1.788404473390079,1.7025153915478106,1.3900145439814506,1.3752793987828014,0.3983899294086284,0.32723599276500925,3745533.8614051836,40078.0,3705455.8614051836
20260319,1.7885504495674442,1.702654589739449,1.3901294212164903,1.3753930582372462,0.39842102835095394,0.3272615315022027,3745840.0974267875,40078.0,3705762.0974267875
20260320,1.788696437808956,1.7027937994350697,1.3902443079455165,1.3755067270850345,0.3984521298634396,0.3272870723500352,3746146.358757153,40078.0,3706068.358757153
20260323,1.788842438115612,1.702933020635624,1.3903592041693136,1.3756204053269423,0.3984832339462985,0.3273126153086816,3746452.645398373,40078.0,3706374.645398373
20260324,1.788988450488409,1.7030722533420628,1.3904741098886664,1.3757340929637463,0.39851434059974267,0.32733816037831653,3746758.957352538,40078.0,3706680.957352538
20260325,1.7891344749283442,1.7032114975553367,1.3912605980979147,1.3758477899962225,0.3978738768304295,0.32736370755911426,3747065.294621741,40078.0,3706987.294621741
20260326,1.7892805114364148,1.703350753276397,1.3841442973913742,1.3725050811491872,0.4051362140450405,0.3308456721272097,3747371.6572080734,40078.0,3707293.6572080734
20260327,1.7894265600136186,1.7034900205061945,1.3955726018285697,1.3833076309807104,0.39385395818504887,0.32018238952548406,3747678.045113628,40078.0,3707600.045113628
20260330,1.7895726206609524,1.7036292992456803,1.394171673331659,1.3838920567804158,0.39540094732929343,0.31973724246526447,3747984.4583404968,40078.0,3707906.4583404968
20260331,1.7897186933794142,1.703768589495806,1.3913257518924362,1.3776383334791042,0.398392941486978,0.32613025601670165,3748290.896890773,40078.0,3708212.896890773
20260401,1.786918883620002,1.7003212903579354,1.3936533915442986,1.383350251699004,0.3932654920757035,0.3169710386589315,3740706.838787458,713171.0,3027535.838787458
20260402,1.7864918555887839,1.6997687755267863,1.392522592183046,1.3818923537305112,0.3939692634057379,0.31787642179627507,3739491.3061589296,40078.0,3699413.3061589296
20260403,1.786637673698562,1.6999077467253647,1.3926376766947965,1.3820065597101583,0.39399999700376553,0.3179011870152064,3739797.0427958025,40078.0,3699719.0427958025
20260407,1.7867835038594237,1.7000467294091663,1.392752770717664,1.3821207751283162,0.39403073314175985,0.31792595428085013,3740102.804700166,40078.0,3700024.804700166
20260408,1.7869293460723648,1.70018572357914,1.392867874252434,1.3822349999857648,0.3940614718199307,0.3179507235933752,3740408.591874108,40078.0,3700330.591874108
20260409,1.7870752003383812,1.7003247292362353,1.3943235997220302,1.3830144556190345,0.39275160061635095,0.3173102736172009,3740714.4043197175,40078.0,3700636.4043197175
20260410,1.7872210666584694,1.7004637463814014,1.3982500777582532,1.3853481854603467,0.3889709889002162,0.31511556092105475,3741020.242039083,40078.0,3700942.242039083
20260413,1.7873669450336251,1.7006027750155877,1.3983182503053317,1.3866954332029469,0.3890486947282934,0.3139073418126408,3741326.1050342927,40078.0,3701248.1050342927
20260414,1.7875128354648453,1.7007418151397435,1.4032904632844267,1.3920344153837523,0.38422237218041855,0.30870739975599126,3741631.993307436,40078.0,3701553.993307436
20260415,1.7876587379531255,1.700880866754819,1.39975899405725,1.3895323332598535,0.38789974389587556,0.3113485334949655,3741937.9068606016,40078.0,3701859.9068606016
20260416,1.7878046524994629,1.7010199298617634,1.4067362967547234,1.3961489092227826,0.3810683557447394,0.30487102063898086,3742243.8456958793,40078.0,3702165.8456958793
20260417,1.7879505791048533,1.7011590044615266,1.4118853339400026,1.4002518555263246,0.37606524516485074,0.300907148935202,3742549.8098153584,40078.0,3702471.8098153584
20260420,1.788096517770294,1.7012980905550583,1.4145067100241826,1.4025179520872668,0.3735898077461115,0.2987801384677915,3742855.799221128,40078.0,3702777.799221128
20260421,1.7882424684967817,1.7014371881433086,1.4151707133595857,1.4028816768283057,0.37307175513719604,0.2985555113150029,3743161.8139152788,40078.0,3703083.8139152788
20260422,1.7883884312853127,1.7015762972272273,1.4269622268364592,1.4162219597768038,0.3614262044488534,0.2853543374504235,3743467.8538999,40078.0,3703389.8538999
20260423,1.788534406136884,1.7017154178077645,1.4212058604777529,1.4080720603555361,0.3673285456591311,0.29364335745222836,3743773.919177082,40078.0,3703695.919177082
20260424,1.7886803930524926,1.7018545498858704,1.4179003167999067,1.40314771007565,0.3707800762525859,0.2987068398102204,3744080.0097489147,40078.0,3704002.0097489147
20260427,1.7888263920331355,1.701993693462495,1.417945030618761,1.4028112772739145,0.37088136141437444,0.29918241618858055,3744386.125617489,40078.0,3704308.125617489
20260428,1.7889724030798098,1.702132848538589,1.4180622161584815,1.402927212090218,0.37091018692132827,0.29920563644837084,3744692.2667848957,40078.0,3704614.2667848957
20260429,1.789118426193513,1.7022720151151023,1.4181794113829576,1.4030431564879116,0.37093901481055536,0.29922885862719073,3744998.433253225,40078.0,3704920.433253225
20260430,1.789264461375242,1.7024111931929855,1.4186355866312979,1.4031591104677865,0.3706288747439441,0.299252082725199,3745304.6250245683,40078.0,3705226.6250245683
20260506,1.7915554393350854,1.703518237188066,1.4218538932423586,1.4046504376384885,0.3697015460927269,0.29886779954957743,3747740.1218137452,282343.0,3465397.1218137452
20260507,1.793967525068389,1.7047014939979763,1.429851696276622,1.4092631600760444,0.3641158287917672,0.295438333921932,3750343.2867955477,775833.0,2974510.2867955477
20260508,1.8085045601914223,1.7140168454496592,1.4341777413984222,1.4126693006337934,0.374326818793,0.3013475448158658,3770837.0599892503,1458140.0,2312697.0599892503
20260511,1.8237403608731058,1.7240234824580365,1.446251288269305,1.4218431274402696,0.3774890726038007,0.30218035501776686,3792851.6614076803,1919636.0,1873215.66140768
20260512,1.8179457880337335,1.7173431249038442,1.4425582520898765,1.4184947389889546,0.375387535943857,0.2988483859148896,3778154.874788457,2101351.0,1676803.874788457
20260513,1.8231117890445776,1.7234372373733327,1.448912416270814,1.4285228617679695,0.3741993727737636,0.29491437560536315,3791561.922221332,1815657.0,1975904.922221332
20260514,1.801691107581313,1.7069855546130857,1.4328067328137315,1.415442925190054,0.3688843747675814,0.29154262942303166,3755368.2201487883,1779300.0,1976068.2201487883
20260515,1.7975134762858842,1.7019193166624895,1.428112866934781,1.4093262190686948,0.3694006093511033,0.2925930975937947,3744222.4966574768,1357403.0,2386819.4966574768
20260518,1.7963859131301676,1.7016313502235578,1.427805768115385,1.4099568500565833,0.36858014501478253,0.2916745001669745,3743588.970491827,882007.0,2861581.970491827
20260519,1.796356584389329,1.7014054597352959,1.427727931520817,1.4096270741742853,0.3686286528685121,0.29177838556101054,3743092.011417651,40078.0,3703014.011417651
20260520,1.7965032177659501,1.701544566197032,1.4300564348446565,1.4108346721109226,0.3664467829212936,0.2907098940861095,3743398.0456334706,40078.0,3703320.0456334706
20260521,1.7966498632610322,1.7016836841551701,1.4146571217546744,1.4006960324070798,0.38199274150635776,0.3009876517480903,3743704.1051413743,40078.0,3703626.1051413743
20260522,1.7967965208755767,1.70182281361066,1.4181520414005966,1.404957643882705,0.37864447947498014,0.29686516972795496,3744010.189943452,40078.0,3703932.189943452
20260525,1.7969431906105853,1.701961954564452,1.4199339339456472,1.4077520578878344,0.3770092566649381,0.29420989667661757,3744316.3000417943,40078.0,3704238.3000417943
20260526,1.7970898724670596,1.7021011070174963,1.4176613501475224,1.4053995709354434,0.3794285223195373,0.29670153608205285,3744622.435438492,40078.0,3704544.435438492
20260527,1.7972365664460013,1.7022402709707434,1.411723854902673,1.4006904735267698,0.38551271154332833,0.3015497974439736,3744928.5961356354,40078.0,3704850.5961356354
20260528,1.7973832725484122,1.7023794464251436,1.4116707135955233,1.4006700079784986,0.3857125589528889,0.301709438446645,3745234.782135316,40078.0,3705156.782135316
20260529,1.7975299907752946,1.7025186333816478,1.411787380596647,1.4007857658303977,0.38574261017864764,0.30173286755125006,3745540.993439625,40078.0,3705462.993439625
20260601,1.7976767211276503,1.702657831841206,1.4119040572396715,1.4009015332490615,0.3857726638879788,0.3017562985921445,3745847.230050653,40078.0,3705769.230050653
20260602,1.7978234636064812,1.702797041804769,1.4120207435253938,1.4010173102352803,0.3858027200810874,0.3017797315694888,3746153.491970492,40078.0,3706075.491970492
20260603,1.7979702182127897,1.7029362632732878,1.412137439454611,1.4011330967898452,0.3858327787581788,0.30180316648344263,3746459.7792012333,40078.0,3706381.7792012333
20260604,1.7981169849475782,1.7030754962477133,1.4126041512846892,1.401248892913547,0.385512833662889,0.30182660333416633,3746766.091744969,40078.0,3706688.091744969
20260605,1.7982637638118488,1.703214740728996,1.4125018276923607,1.4013646986071762,0.38576193611948817,0.30185004212181976,3747072.429603791,40078.0,3706994.429603791
20260608,1.798410554806604,1.7033539967180868,1.4126185633805997,1.4014805138715238,0.3857919914260044,0.301873482846563,3747378.792779791,40078.0,3707300.792779791
20260609,1.7985573579328464,1.7034932642159375,1.4127353087164163,1.4015963387073809,0.38582204921643015,0.3018969255085566,3747685.1812750623,40078.0,3707607.1812750623
20260610,1.7987041731915787,1.7036325432234984,1.4128520637006077,1.4017121731155384,0.38585210949097104,0.30192037010796,3747991.5950916964,40078.0,3707913.5950916964
20260611,1.7988510005838034,1.7037718337417211,1.4129688283339714,1.4018280170967876,0.385882172249832,0.3019438166449335,3748298.0342317866,40078.0,3708220.0342317866
20260612,1.7989978401105233,1.703911135771557,1.4130856026173049,1.4019438706519196,0.38591223749321846,0.30196726511963745,3748604.4986974257,40078.0,3708526.4986974257
20260615,1.7991446917727414,1.7040504493139574,1.4132023865514054,1.4020597337817258,0.385942305221336,0.30199071553223167,3748910.9884907063,40078.0,3708832.9884907063
20260616,1.7992915555714604,1.7041897743698737,1.4133191801370708,1.402175606486997,0.38597237543438956,0.3020141678828767,3749217.503613722,40078.0,3709139.503613722
20260617,1.7994384315076835,1.7043291109402574,1.4186084429482615,1.4048576850525174,0.38082998855942196,0.29947142588774,3749524.044068566,40078.0,3709446.044068566
20260618,1.7995853195824136,1.70446845902606,1.4238073468480352,1.408735345556146,0.3757779727343784,0.29573311346991393,3749830.609857332,40078.0,3709752.609857332
20260622,1.799732219796654,1.7046078186282334,1.4290558237533437,1.4129970405283558,0.3706763960433104,0.29161077809987757,3750137.2009821134,40078.0,3710059.2009821134
20260623,1.799879132151408,1.7047471897477293,1.4207790335357435,1.4049531059486848,0.3791000986156645,0.2997940837990445,3750443.8174450044,40078.0,3710365.8174450044
20260624,1.8000260566476791,1.7048865723854996,1.4246678080446384,1.4097952690904236,0.3753582486030407,0.29509130329507594,3750750.459248099,40078.0,3710672.459248099
20260625,1.8001729932864705,1.705025966542496,1.4261840474144192,1.4115777585888551,0.37398894587205134,0.2934482079536409,3751057.1263934914,40078.0,3710979.1263934914
20260626,1.8003199420687857,1.705165372219671,1.4224122676709436,1.4054157101811473,0.377907674397842,0.2997496620385236,3751363.818883276,40078.0,3711285.818883276
20260629,1.8004669029956284,1.7053047894179763,1.4221312720459705,1.4047598356510949,0.37833563094965794,0.3005449537668814,3751670.5367195476,40078.0,3711592.5367195476
20260630,1.8006138760680022,1.7054442181383638,1.4222488035560568,1.4048759315052808,0.3783650725119454,0.300568286633083,3751977.2799044005,40078.0,3711899.2799044005
20260701,1.802362981731952,1.7055836583817863,1.4228335097081888,1.4049920369541655,0.3795294720237632,0.30059162142762075,3752284.0484399297,40078.0,3712206.0484399297
20260702,1.8017625378052733,1.7057231101491956,1.416636262025063,1.4021585674674988,0.3851262757802103,0.30356454268169686,3752590.8423282304,40078.0,3712512.8423282304
20260703,1.7992373570079472,1.7058625734415445,1.4163782203584614,1.40214350575632,0.3828591366494858,0.3037190676852244,3752897.661571398,40078.0,3712819.661571398
20260706,1.7991753315063856,1.7060020482597853,1.4161168444523846,1.4001375435817396,0.38305848705400103,0.3058645046780457,3753204.506171528,40078.0,3713126.506171528
20260707,1.79883230235343,1.7061415346048707,1.4158050324002365,1.399229634714851,0.3830272699531936,0.30691189989001977,3753511.3761307155,40078.0,3713433.3761307155
20260708,1.7989791403348416,1.706281032477753,1.4159220410806002,1.3993452735276373,0.3830570992542415,0.3069357589501158,3753818.271451057,40078.0,3713740.271451057
20260709,1.7991259904516237,1.7064205418793854,1.4160390594311028,1.3994609218973502,0.38308693102052094,0.30695961998203525,3754125.192134648,40078.0,3714047.192134648
20260710,1.799272852704779,1.7065600628107205,1.4161560874525432,1.3995765798247797,0.3831167652522358,0.3069834829859408,3754432.138183585,40078.0,3714354.138183585
20260713,1.7994197270953105,1.7066995952727109,1.4146899714675412,1.3996922473107156,0.38472975562776934,0.30700734796199525,3754739.1095999638,40078.0,3714661.1095999638
20260714,1.7995666136242214,1.7068391392663096,1.4148225058709958,1.399807924355948,0.38474410775322565,0.30703121491036156,3755046.106385881,40078.0,3714968.106385881
20260715,1.799713512292515,1.7069786947924699,1.4149394333508198,1.3999236109612667,0.38477407894169513,0.30705508383120317,3755353.1285434337,40078.0,3715275.1285434337
20260716,1.799860423101194,1.7071182618521445,1.415056370494072,1.4000393071274617,0.38480405260712214,0.30707895472468283,3755660.176074718,40078.0,3715582.176074718
20260717,1.8000073460512627,1.707257840446287,1.4151733173015508,1.4001550128553237,0.38483402874971184,0.3071028275909633,3755967.2489818316,40078.0,3715889.2489818316
20260720,1.8001542811437237,1.7073974305758506,1.415290273774055,1.4002707281456421,0.38486400736966875,0.30712670243020845,3756274.3472668715,40078.0,3716196.3472668715
20260721,1.8003012283795807,1.7075370322417884,1.4154072399123834,1.4003864529992078,0.38489398846719736,0.3071505792425806,3756581.4709319347,40078.0,3716503.4709319347
20260722,1.8004481877598375,1.707676645445054,1.4155242157173349,1.400502187416811,0.3849239720425026,0.30717445802824295,3756888.619979119,40078.0,3716810.619979119
20260723,1.8005951592854978,1.7078162701866009,1.4156412011897084,1.4006179313992424,0.3849539580957895,0.30719833878735847,3757195.794410522,40078.0,3717117.794410522
20260724,1.800742142957565,1.7079559064673826,1.4108860384079223,1.398324181392951,0.3898561045496427,0.3096317250744316,3757502.994228242,40078.0,3717424.994228242
20260727,1.8008891387770432,1.708095554288353,1.410703818223337,1.3982919641466418,0.39018532055370625,0.3098035901417111,3757810.2194343763,40078.0,3717732.2194343763
20260728,1.801036146744936,1.7082352136504655,1.403307279227467,1.394684475960768,0.39772886751746905,0.31355073768969755,3758117.470031024,40078.0,3718039.470031024
20260729,1.8011831668622478,1.708374884554674,1.4046870807868566,1.3967005940763129,0.3964960860753912,0.31167429047836115,3758424.7460202826,40078.0,3718346.7460202826
20260730,1.8013301991299826,1.7085145670019324,1.3943553192173828,1.3888887846934912,0.40697487991259984,0.3196257823084412,3758732.047404251,40078.0,3718654.047404251
20260731,1.8014772435491444,1.7086542609931947,1.4063067394460844,1.3973668185317776,0.39517050410306,0.31128744246141715,3759039.3741850285,40078.0,3718961.3741850285
20260803,1.8040971259409855,1.7101302716620592,1.4075978044270054,1.3980658892410298,0.39649932151398004,0.3120643824210294,3762286.5976565303,256718.0,3505568.5976565303
20260804,1.8112963777854652,1.7129805973043453,1.412860269937261,1.4010638718502082,0.39843610784820416,0.31191672545413707,3768557.31406956,262699.0,3505858.31406956
20260805,1.83706977499411,1.7243531194226047,1.4395470175650318,1.416206490810623,0.3975227574290783,0.3081466286119816,3793576.8627297306,1077209.0,2716367.8627297306
20260806,1.865910598034004,1.7411872934395367,1.4478115174293693,1.4231782127844093,0.41809908060463474,0.31800908065512745,3830612.0455669807,2021333.0,1809279.0455669805
