{
  "ideal_execution": {
    "Total Return": 5.125845869759499,
    "CAGR": 0.10005997881981177,
    "Volatility": 0.1016406040264722,
    "Sharpe": 1.023949298826822,
    "Max Drawdown": -0.2112410188793018,
    "Calmar": 0.4736768424554121,
    "crisis_2024_max_dd": -0.07425389273620961
  },
  "slip_1pct": {
    "Total Return": 3.6114771573936677,
    "CAGR": 0.08374629661156918,
    "Volatility": 0.10383654219557281,
    "Sharpe": 0.8552537113285007,
    "Max Drawdown": -0.2386831758258073,
    "Calmar": 0.3508680338353124,
    "crisis_2024_max_dd": -0.08220988352081808
  },
  "slip_2pct": {
    "Total Return": 2.4682532012759064,
    "CAGR": 0.06762238329764303,
    "Volatility": 0.1062355753545472,
    "Sharpe": 0.6920169681286666,
    "Max Drawdown": -0.2732216678158194,
    "Calmar": 0.24750007507906635,
    "crisis_2024_max_dd": -0.09012085386342342
  },
  "slip_5pct": {
    "Total Return": 0.46710757045220497,
    "CAGR": 0.020371491188565072,
    "Volatility": 0.11452650829628543,
    "Sharpe": 0.24026355448478046,
    "Max Drawdown": -0.37995969646169936,
    "Calmar": 0.05361487383601633,
    "crisis_2024_max_dd": -0.11358503918613076
  }
}