Sub_Period,Config,CAGR,Sharpe,MaxDD
Period 1 (2018-2020熊转牛),"Baseline (2W, No Filters)",0.4361437162594566,1.4470709646789948,-0.14567495548137133
Period 1 (2018-2020熊转牛),All Angles Combined,0.4358911502629581,1.1667758917052253,-0.12931526360768436
Period 2 (2021-2023结构牛),"Baseline (2W, No Filters)",0.5489864880281177,0.8423526396971859,-0.12854148139893273
Period 2 (2021-2023结构牛),All Angles Combined,0.5128074059897549,0.7171346298720109,-0.09997152501847735
Period 3 (2024-2026微盘/信用危机),"Baseline (2W, No Filters)",0.6531674059545924,-0.052840012425063226,-0.24415542229026627
Period 3 (2024-2026微盘/信用危机),All Angles Combined,0.6192991843883495,-0.041488181085157845,-0.14366028526211133
