symbol,fundingTime,fundingRate,markPrice,rateType
BNBUSDT,2023-09-14 16:00:00.000,0.0,,Regular
BNBUSDT,2023-09-15 00:00:00.000,0.0,,Regular
BNBUSDT,2023-09-15 08:00:00.000,-5.152e-05,,Regular
BNBUSDT,2023-09-15 16:00:00.000,0.0,,Regular
BNBUSDT,2023-09-16 00:00:00.000,0.0,,Regular
BNBUSDT,2023-09-16 08:00:00.000,0.0,,Regular
BNBUSDT,2023-09-16 16:00:00.000,0.0,,Regular
BNBUSDT,2023-09-17 00:00:00.000,0.0,,Regular
BNBUSDT,2023-09-17 08:00:00.000,0.0,,Regular
BNBUSDT,2023-09-17 16:00:00.000,0.0,,Regular
BNBUSDT,2023-09-18 00:00:00.000,0.0,,Regular
BNBUSDT,2023-09-18 08:00:00.000,0.0,,Regular
BNBUSDT,2023-09-18 16:00:00.000,0.0,,Regular
BNBUSDT,2023-09-19 00:00:00.000,0.0,,Regular
BNBUSDT,2023-09-19 08:00:00.001,0.0,,Regular
BNBUSDT,2023-09-19 16:00:00.000,2.55e-05,,Regular
BNBUSDT,2023-09-20 00:00:00.000,0.0,,Regular
BNBUSDT,2023-09-20 08:00:00.000,0.0,,Regular
BNBUSDT,2023-09-20 16:00:00.000,0.0,,Regular
BNBUSDT,2023-09-21 00:00:00.001,0.0,,Regular
BNBUSDT,2023-09-21 08:00:00.000,0.0,,Regular
BNBUSDT,2023-09-21 16:00:00.000,0.0,,Regular
BNBUSDT,2023-09-22 00:00:00.000,0.0,,Regular
BNBUSDT,2023-09-22 08:00:00.000,0.0,,Regular
BNBUSDT,2023-09-22 16:00:00.000,0.0,,Regular
BNBUSDT,2023-09-23 00:00:00.000,0.0,,Regular
BNBUSDT,2023-09-23 08:00:00.000,0.0,,Regular
BNBUSDT,2023-09-23 16:00:00.000,0.0,,Regular
BNBUSDT,2023-09-24 00:00:00.000,0.0,,Regular
BNBUSDT,2023-09-24 08:00:00.000,0.0,,Regular
BNBUSDT,2023-09-24 16:00:00.000,0.0,,Regular
BNBUSDT,2023-09-25 00:00:00.000,0.0,,Regular
BNBUSDT,2023-09-25 08:00:00.000,0.0,,Regular
BNBUSDT,2023-09-25 16:00:00.000,0.0,,Regular
BNBUSDT,2023-09-26 00:00:00.000,0.0,,Regular
BNBUSDT,2023-09-26 08:00:00.000,4.495e-05,,Regular
BNBUSDT,2023-09-26 16:00:00.000,5.343e-05,,Regular
BNBUSDT,2023-09-27 00:00:00.000,2.201e-05,,Regular
BNBUSDT,2023-09-27 08:00:00.001,5.011e-05,,Regular
BNBUSDT,2023-09-27 16:00:00.000,0.0,,Regular
BNBUSDT,2023-09-28 00:00:00.000,7.853e-05,,Regular
BNBUSDT,2023-09-28 08:00:00.000,2.381e-05,,Regular
BNBUSDT,2023-09-28 16:00:00.000,0.0,,Regular
BNBUSDT,2023-09-29 00:00:00.000,5.45e-06,,Regular
BNBUSDT,2023-09-29 08:00:00.000,0.0,,Regular
BNBUSDT,2023-09-29 16:00:00.000,0.0,,Regular
BNBUSDT,2023-09-30 00:00:00.000,0.0,,Regular
BNBUSDT,2023-09-30 08:00:00.000,0.0,,Regular
BNBUSDT,2023-09-30 16:00:00.000,0.0,,Regular
BNBUSDT,2023-10-01 00:00:00.000,0.0,,Regular
BNBUSDT,2023-10-01 08:00:00.000,7.729e-05,,Regular
BNBUSDT,2023-10-01 16:00:00.000,9.797e-05,,Regular
BNBUSDT,2023-10-02 00:00:00.000,5.97e-05,,Regular
BNBUSDT,2023-10-02 08:00:00.000,2.968e-05,,Regular
BNBUSDT,2023-10-02 16:00:00.000,3.182e-05,,Regular
BNBUSDT,2023-10-03 00:00:00.000,0.0,,Regular
BNBUSDT,2023-10-03 08:00:00.000,0.0,,Regular
BNBUSDT,2023-10-03 16:00:00.000,0.0,,Regular
BNBUSDT,2023-10-04 00:00:00.000,0.0,,Regular
BNBUSDT,2023-10-04 08:00:00.000,0.0,,Regular
BNBUSDT,2023-10-04 16:00:00.000,0.0,,Regular
BNBUSDT,2023-10-05 00:00:00.000,0.0,,Regular
BNBUSDT,2023-10-05 08:00:00.000,5.114e-05,,Regular
BNBUSDT,2023-10-05 16:00:00.001,0.0,,Regular
BNBUSDT,2023-10-06 00:00:00.000,0.0,,Regular
BNBUSDT,2023-10-06 08:00:00.000,5.307e-05,,Regular
BNBUSDT,2023-10-06 16:00:00.000,0.0,,Regular
BNBUSDT,2023-10-07 00:00:00.000,0.0,,Regular
BNBUSDT,2023-10-07 08:00:00.000,5.017e-05,,Regular
BNBUSDT,2023-10-07 16:00:00.000,0.0,,Regular
BNBUSDT,2023-10-08 00:00:00.000,5.667e-05,,Regular
BNBUSDT,2023-10-08 08:00:00.001,0.00010022,,Regular
BNBUSDT,2023-10-08 16:00:00.000,0.0,,Regular
BNBUSDT,2023-10-09 00:00:00.000,0.0,,Regular
BNBUSDT,2023-10-09 08:00:00.000,0.0,,Regular
BNBUSDT,2023-10-09 16:00:00.000,0.0,,Regular
BNBUSDT,2023-10-10 00:00:00.000,0.0,,Regular
BNBUSDT,2023-10-10 08:00:00.000,0.0,,Regular
BNBUSDT,2023-10-10 16:00:00.000,0.0,,Regular
BNBUSDT,2023-10-11 00:00:00.000,0.0,,Regular
BNBUSDT,2023-10-11 08:00:00.000,0.0,,Regular
BNBUSDT,2023-10-11 16:00:00.000,0.0,,Regular
BNBUSDT,2023-10-12 00:00:00.000,0.0,,Regular
BNBUSDT,2023-10-12 08:00:00.000,0.0,,Regular
BNBUSDT,2023-10-12 16:00:00.000,0.0,,Regular
BNBUSDT,2023-10-13 00:00:00.000,0.0,,Regular
BNBUSDT,2023-10-13 08:00:00.000,0.0,,Regular
BNBUSDT,2023-10-13 16:00:00.000,0.0,,Regular
BNBUSDT,2023-10-14 00:00:00.000,0.0,,Regular
BNBUSDT,2023-10-14 08:00:00.000,0.0,,Regular
BNBUSDT,2023-10-14 16:00:00.000,0.0,,Regular
BNBUSDT,2023-10-15 00:00:00.000,0.0,,Regular
BNBUSDT,2023-10-15 08:00:00.000,0.0,,Regular
BNBUSDT,2023-10-15 16:00:00.000,0.0,,Regular
BNBUSDT,2023-10-16 00:00:00.000,0.0,,Regular
BNBUSDT,2023-10-16 08:00:00.000,0.0,,Regular
BNBUSDT,2023-10-16 16:00:00.000,1.842e-05,,Regular
BNBUSDT,2023-10-17 00:00:00.000,7.755e-05,,Regular
BNBUSDT,2023-10-17 08:00:00.000,0.00010058,,Regular
BNBUSDT,2023-10-17 16:00:00.000,0.0,,Regular
BNBUSDT,2023-10-18 00:00:00.000,0.0,,Regular
BNBUSDT,2023-10-18 08:00:00.000,0.0,,Regular
BNBUSDT,2023-10-18 16:00:00.000,0.0,,Regular
BNBUSDT,2023-10-19 00:00:00.000,0.0,,Regular
BNBUSDT,2023-10-19 08:00:00.001,0.0,,Regular
BNBUSDT,2023-10-19 16:00:00.000,0.0,,Regular
BNBUSDT,2023-10-20 00:00:00.000,6.957e-05,,Regular
BNBUSDT,2023-10-20 08:00:00.005,0.00011408,,Regular
BNBUSDT,2023-10-20 16:00:00.000,4.644e-05,,Regular
BNBUSDT,2023-10-21 00:00:00.000,0.0,,Regular
BNBUSDT,2023-10-21 08:00:00.000,4.906e-05,,Regular
BNBUSDT,2023-10-21 16:00:00.000,0.00013226,,Regular
BNBUSDT,2023-10-22 00:00:00.000,0.00014634,,Regular
BNBUSDT,2023-10-22 08:00:00.000,5.499e-05,,Regular
BNBUSDT,2023-10-22 16:00:00.000,0.00010372,,Regular
BNBUSDT,2023-10-23 00:00:00.000,0.00016356,,Regular
BNBUSDT,2023-10-23 08:00:00.001,0.00016456,,Regular
BNBUSDT,2023-10-23 16:00:00.001,0.0,,Regular
BNBUSDT,2023-10-24 00:00:00.000,0.00018908,,Regular
BNBUSDT,2023-10-24 08:00:00.000,0.00012343,,Regular
BNBUSDT,2023-10-24 16:00:00.000,8.84e-05,,Regular
BNBUSDT,2023-10-25 00:00:00.000,9.778e-05,,Regular
BNBUSDT,2023-10-25 08:00:00.000,7.814e-05,,Regular
BNBUSDT,2023-10-25 16:00:00.001,0.00028079,,Regular
BNBUSDT,2023-10-26 00:00:00.001,0.00016568,,Regular
BNBUSDT,2023-10-26 08:00:00.000,0.0003727,,Regular
BNBUSDT,2023-10-26 16:00:00.000,8.304e-05,,Regular
BNBUSDT,2023-10-27 00:00:00.000,8.69e-05,,Regular
BNBUSDT,2023-10-27 08:00:00.000,0.00020316,,Regular
BNBUSDT,2023-10-27 16:00:00.000,0.00016698,,Regular
BNBUSDT,2023-10-28 00:00:00.000,5.912e-05,,Regular
BNBUSDT,2023-10-28 08:00:00.001,5.005e-05,,Regular
BNBUSDT,2023-10-28 16:00:00.000,0.0,,Regular
BNBUSDT,2023-10-29 00:00:00.000,1.209e-05,,Regular
BNBUSDT,2023-10-29 08:00:00.000,2.392e-05,,Regular
BNBUSDT,2023-10-29 16:00:00.000,0.00011465,,Regular
BNBUSDT,2023-10-30 00:00:00.000,0.00011571,,Regular
BNBUSDT,2023-10-30 08:00:00.000,0.0,,Regular
BNBUSDT,2023-10-30 16:00:00.000,0.00021025,,Regular
BNBUSDT,2023-10-31 00:00:00.001,0.0001924,,Regular
BNBUSDT,2023-10-31 08:00:00.000,9.373e-05,226.01739414,Regular
BNBUSDT,2023-10-31 16:00:00.000,6.436e-05,224.58000000,Regular
BNBUSDT,2023-11-01 00:00:00.000,3.32e-05,226.35000000,Regular
BNBUSDT,2023-11-01 08:00:00.000,9.291e-05,224.72000000,Regular
BNBUSDT,2023-11-01 16:00:00.000,6.57e-06,223.39780804,Regular
BNBUSDT,2023-11-02 00:00:00.001,0.00045291,228.05385363,Regular
BNBUSDT,2023-11-02 08:00:00.000,0.0002308,229.97000000,Regular
BNBUSDT,2023-11-02 16:00:00.000,0.00018876,229.57000000,Regular
BNBUSDT,2023-11-03 00:00:00.000,0.00031866,231.95332231,Regular
BNBUSDT,2023-11-03 08:00:00.000,0.00015085,229.90032027,Regular
BNBUSDT,2023-11-03 16:00:00.000,0.0,229.58998864,Regular
BNBUSDT,2023-11-04 00:00:00.000,0.00014468,230.36049053,Regular
BNBUSDT,2023-11-04 08:00:00.000,0.00011035,231.91000000,Regular
BNBUSDT,2023-11-04 16:00:00.000,0.00020234,234.92000000,Regular
BNBUSDT,2023-11-05 00:00:00.000,3.718e-05,237.29271688,Regular
BNBUSDT,2023-11-05 08:00:00.000,0.00011953,244.63633951,Regular
BNBUSDT,2023-11-05 16:00:00.000,0.0,240.83000000,Regular
BNBUSDT,2023-11-06 00:00:00.000,0.0001156,244.00000000,Regular
BNBUSDT,2023-11-06 08:00:00.001,0.00012608,244.46000000,Regular
BNBUSDT,2023-11-06 16:00:00.000,0.00028825,251.78215713,Regular
BNBUSDT,2023-11-07 00:00:00.001,0.00036433,255.20648878,Regular
BNBUSDT,2023-11-07 08:00:00.000,0.00012425,251.32464029,Regular
BNBUSDT,2023-11-07 16:00:00.000,0.00018195,244.57389161,Regular
BNBUSDT,2023-11-08 00:00:00.000,0.00024655,246.38000000,Regular
BNBUSDT,2023-11-08 08:00:00.000,0.00032454,246.05000000,Regular
BNBUSDT,2023-11-08 16:00:00.000,0.00015094,245.91000000,Regular
BNBUSDT,2023-11-09 00:00:00.000,2.084e-05,246.77000000,Regular
BNBUSDT,2023-11-09 08:00:00.000,0.00026824,248.48000000,Regular
BNBUSDT,2023-11-09 16:00:00.000,0.0002366,251.92086077,Regular
BNBUSDT,2023-11-10 00:00:00.000,0.0,251.78243156,Regular
BNBUSDT,2023-11-10 08:00:00.000,0.00034888,251.65206055,Regular
BNBUSDT,2023-11-10 16:00:00.000,1.874e-05,249.93000000,Regular
BNBUSDT,2023-11-11 00:00:00.000,0.0002068,251.12230372,Regular
BNBUSDT,2023-11-11 08:00:00.000,0.00028954,248.94828386,Regular
BNBUSDT,2023-11-11 16:00:00.000,0.00030396,253.15000000,Regular
BNBUSDT,2023-11-12 00:00:00.000,4.515e-05,251.66000000,Regular
BNBUSDT,2023-11-12 08:00:00.000,0.0,250.83000000,Regular
BNBUSDT,2023-11-12 16:00:00.001,0.00013559,248.74000000,Regular
BNBUSDT,2023-11-13 00:00:00.000,0.0002285,247.62563166,Regular
BNBUSDT,2023-11-13 08:00:00.000,0.00014417,245.93000000,Regular
BNBUSDT,2023-11-13 16:00:00.000,0.00020254,247.24578555,Regular
BNBUSDT,2023-11-14 00:00:00.000,8.527e-05,241.11508847,Regular
BNBUSDT,2023-11-14 08:00:00.000,0.0002848,244.55000000,Regular
BNBUSDT,2023-11-14 16:00:00.001,0.0001391,244.31000000,Regular
BNBUSDT,2023-11-15 00:00:00.000,0.0001202,242.31589515,Regular
BNBUSDT,2023-11-15 08:00:00.000,0.00010922,245.45000000,Regular
BNBUSDT,2023-11-15 16:00:00.000,0.00020872,252.58000000,Regular
BNBUSDT,2023-11-16 00:00:00.000,0.00021605,253.94300874,Regular
BNBUSDT,2023-11-16 08:00:00.000,0.00034375,255.15703287,Regular
BNBUSDT,2023-11-16 16:00:00.001,4.184e-05,246.50000000,Regular
BNBUSDT,2023-11-17 00:00:00.000,0.00011211,242.82000000,Regular
BNBUSDT,2023-11-17 08:00:00.001,0.0,244.57122383,Regular
BNBUSDT,2023-11-17 16:00:00.001,0.0,238.88037147,Regular
BNBUSDT,2023-11-18 00:00:00.000,9.828e-05,244.97000000,Regular
BNBUSDT,2023-11-18 08:00:00.000,7.3e-07,241.94000000,Regular
BNBUSDT,2023-11-18 16:00:00.000,0.00010103,244.55000000,Regular
BNBUSDT,2023-11-19 00:00:00.000,4.12e-05,244.85054695,Regular
BNBUSDT,2023-11-19 08:00:00.000,8.239e-05,244.42010017,Regular
BNBUSDT,2023-11-19 16:00:00.000,0.0,243.60405849,Regular
BNBUSDT,2023-11-20 00:00:00.000,0.0,246.56000000,Regular
BNBUSDT,2023-11-20 08:00:00.000,0.00015667,247.44835673,Regular
BNBUSDT,2023-11-20 16:00:00.000,0.00027553,248.28000000,Regular
BNBUSDT,2023-11-21 00:00:00.000,0.00031647,253.27000000,Regular
BNBUSDT,2023-11-21 08:00:00.000,0.00027205,257.43801877,Regular
BNBUSDT,2023-11-21 16:00:00.000,0.00016938,264.62000000,Regular
BNBUSDT,2023-11-22 00:00:00.000,0.0001286,225.67000000,Regular
BNBUSDT,2023-11-22 08:00:00.000,0.00011204,233.12557331,Regular
BNBUSDT,2023-11-22 16:00:00.000,0.0,231.78000000,Regular
BNBUSDT,2023-11-23 00:00:00.000,2.091e-05,236.32988999,Regular
BNBUSDT,2023-11-23 08:00:00.000,1.43e-05,235.29547122,Regular
BNBUSDT,2023-11-23 16:00:00.001,0.00016511,230.93000000,Regular
BNBUSDT,2023-11-24 00:00:00.000,0.0,233.83710302,Regular
BNBUSDT,2023-11-24 08:00:00.000,0.00019691,235.62000000,Regular
BNBUSDT,2023-11-24 16:00:00.000,2.427e-05,235.24000000,Regular
BNBUSDT,2023-11-25 00:00:00.000,0.0,232.86000000,Regular
BNBUSDT,2023-11-25 08:00:00.000,0.00025756,235.59000000,Regular
BNBUSDT,2023-11-25 16:00:00.000,0.00014545,233.73000000,Regular
BNBUSDT,2023-11-26 00:00:00.000,0.0001503,234.44000000,Regular
BNBUSDT,2023-11-26 08:00:00.000,7.223e-05,233.89340624,Regular
BNBUSDT,2023-11-26 16:00:00.000,0.0,231.54000000,Regular
BNBUSDT,2023-11-27 00:00:00.000,0.0,231.80773312,Regular
BNBUSDT,2023-11-27 08:00:00.001,0.00015847,229.04804460,Regular
BNBUSDT,2023-11-27 16:00:00.000,0.00020207,222.90526394,Regular
BNBUSDT,2023-11-28 00:00:00.000,0.00013513,227.40701939,Regular
BNBUSDT,2023-11-28 08:00:00.000,0.0,225.95000000,Regular
BNBUSDT,2023-11-28 16:00:00.000,0.00020157,229.88722865,Regular
BNBUSDT,2023-11-29 00:00:00.001,0.00026042,229.63400164,Regular
BNBUSDT,2023-11-29 08:00:00.000,6.64e-05,230.06291151,Regular
BNBUSDT,2023-11-29 16:00:00.000,0.00013501,227.64732840,Regular
BNBUSDT,2023-11-30 00:00:00.000,0.00018377,227.43000000,Regular
BNBUSDT,2023-11-30 08:00:00.000,0.00017534,227.90000000,Regular
BNBUSDT,2023-11-30 16:00:00.000,0.00026077,226.82230566,Regular
BNBUSDT,2023-12-01 00:00:00.000,0.00025738,227.67000000,Regular
BNBUSDT,2023-12-01 08:00:00.000,0.00010274,228.71000000,Regular
BNBUSDT,2023-12-01 16:00:00.000,8.002e-05,228.44630939,Regular
BNBUSDT,2023-12-02 00:00:00.000,0.00016693,228.64000000,Regular
BNBUSDT,2023-12-02 08:00:00.000,0.00013631,228.54000000,Regular
BNBUSDT,2023-12-02 16:00:00.000,0.00017616,227.29466236,Regular
BNBUSDT,2023-12-03 00:00:00.000,0.00019017,229.20169298,Regular
BNBUSDT,2023-12-03 08:00:00.000,0.00022044,228.27503638,Regular
BNBUSDT,2023-12-03 16:00:00.000,0.00016106,227.10000000,Regular
BNBUSDT,2023-12-04 00:00:00.000,0.00032083,228.22465800,Regular
BNBUSDT,2023-12-04 08:00:00.000,0.00035922,232.09000000,Regular
BNBUSDT,2023-12-04 16:00:00.000,5.577e-05,230.06000000,Regular
BNBUSDT,2023-12-05 00:00:00.000,0.00018187,233.64502876,Regular
BNBUSDT,2023-12-05 08:00:00.000,0.0,229.53000000,Regular
BNBUSDT,2023-12-05 16:00:00.000,9.039e-05,231.25000000,Regular
BNBUSDT,2023-12-06 00:00:00.000,0.00019828,231.37491931,Regular
BNBUSDT,2023-12-06 08:00:00.000,0.00023706,233.38000000,Regular
BNBUSDT,2023-12-06 16:00:00.000,0.00020088,230.15000000,Regular
BNBUSDT,2023-12-07 00:00:00.000,0.00019185,229.56273052,Regular
BNBUSDT,2023-12-07 08:00:00.000,0.00031347,232.69000000,Regular
BNBUSDT,2023-12-07 16:00:00.000,0.00027723,232.78380855,Regular
BNBUSDT,2023-12-08 00:00:00.000,0.00038437,232.80000000,Regular
BNBUSDT,2023-12-08 08:00:00.000,0.00044477,232.99721188,Regular
BNBUSDT,2023-12-08 16:00:00.000,0.00040557,235.10476548,Regular
BNBUSDT,2023-12-09 00:00:00.000,0.00056478,239.10000000,Regular
BNBUSDT,2023-12-09 08:00:00.000,0.00046081,244.16000000,Regular
BNBUSDT,2023-12-09 16:00:00.000,0.00034844,240.70000000,Regular
BNBUSDT,2023-12-10 00:00:00.000,0.00030973,237.70251482,Regular
BNBUSDT,2023-12-10 08:00:00.000,0.00025556,240.74000000,Regular
BNBUSDT,2023-12-10 16:00:00.000,0.00026895,240.13000000,Regular
BNBUSDT,2023-12-11 00:00:00.000,0.00033978,239.92102354,Regular
BNBUSDT,2023-12-11 08:00:00.000,9.472e-05,232.59766507,Regular
BNBUSDT,2023-12-11 16:00:00.000,8.78e-05,244.50000000,Regular
BNBUSDT,2023-12-12 00:00:00.000,0.0,246.63000000,Regular
BNBUSDT,2023-12-12 08:00:00.000,0.0,250.46000000,Regular
BNBUSDT,2023-12-12 16:00:00.000,0.0,253.94000000,Regular
BNBUSDT,2023-12-13 00:00:00.000,-0.00052326,253.64000000,Regular
BNBUSDT,2023-12-13 08:00:00.000,-0.00022655,247.57000000,Regular
BNBUSDT,2023-12-13 16:00:00.001,-0.00050377,251.31000000,Regular
BNBUSDT,2023-12-14 00:00:00.000,-0.00061075,251.83000000,Regular
BNBUSDT,2023-12-14 08:00:00.000,-0.00017671,250.62861124,Regular
BNBUSDT,2023-12-14 16:00:00.000,-0.00057153,250.97000000,Regular
BNBUSDT,2023-12-15 00:00:00.000,0.0,253.13136134,Regular
BNBUSDT,2023-12-15 08:00:00.000,-0.00012952,248.94262031,Regular
BNBUSDT,2023-12-15 16:00:00.000,-0.0003711,245.84364014,Regular
BNBUSDT,2023-12-16 00:00:00.000,-0.00062037,244.55000000,Regular
BNBUSDT,2023-12-16 08:00:00.000,-0.00029789,246.63111302,Regular
BNBUSDT,2023-12-16 16:00:00.001,-0.00017219,246.25150708,Regular
BNBUSDT,2023-12-17 00:00:00.000,-0.00038977,244.16497029,Regular
BNBUSDT,2023-12-17 08:00:00.000,0.0,240.30000000,Regular
BNBUSDT,2023-12-17 16:00:00.000,0.0,242.19000000,Regular
BNBUSDT,2023-12-18 00:00:00.000,0.0,238.97693805,Regular
BNBUSDT,2023-12-18 08:00:00.001,0.00014795,236.82417774,Regular
BNBUSDT,2023-12-18 16:00:00.000,0.00012657,237.17000000,Regular
BNBUSDT,2023-12-19 00:00:00.000,8.11e-05,241.86000000,Regular
BNBUSDT,2023-12-19 08:00:00.000,0.00013199,245.09000000,Regular
BNBUSDT,2023-12-19 16:00:00.000,0.0,251.19000000,Regular
BNBUSDT,2023-12-20 00:00:00.000,-0.00128946,252.35000000,Regular
BNBUSDT,2023-12-20 08:00:00.000,-1.369e-05,256.09000000,Regular
BNBUSDT,2023-12-20 16:00:00.000,-0.00036193,257.86000000,Regular
BNBUSDT,2023-12-21 00:00:00.000,-0.00094659,259.99000000,Regular
BNBUSDT,2023-12-21 08:00:00.000,-0.00059303,260.54000000,Regular
BNBUSDT,2023-12-21 16:00:00.000,-0.0001517,271.36001733,Regular
BNBUSDT,2023-12-22 00:00:00.000,-0.00052916,271.93396004,Regular
BNBUSDT,2023-12-22 08:00:00.000,-0.00046821,265.18887017,Regular
BNBUSDT,2023-12-22 16:00:00.000,-5.726e-05,271.55418458,Regular
BNBUSDT,2023-12-23 00:00:00.000,-0.00016143,271.07501390,Regular
BNBUSDT,2023-12-23 08:00:00.001,-0.00021826,266.04000000,Regular
BNBUSDT,2023-12-23 16:00:00.000,-0.00101472,269.51868552,Regular
BNBUSDT,2023-12-24 00:00:00.000,-0.0006357,270.76000000,Regular
BNBUSDT,2023-12-24 08:00:00.000,-4.087e-05,269.03801763,Regular
BNBUSDT,2023-12-24 16:00:00.000,-0.00011773,269.09470769,Regular
BNBUSDT,2023-12-25 00:00:00.000,-0.0005857,264.02000000,Regular
BNBUSDT,2023-12-25 08:00:00.000,-0.00016186,264.89174033,Regular
BNBUSDT,2023-12-25 16:00:00.000,0.0,267.01186136,Regular
BNBUSDT,2023-12-26 00:00:00.000,0.0,266.55000000,Regular
BNBUSDT,2023-12-26 08:00:00.000,0.0,272.87088599,Regular
BNBUSDT,2023-12-26 16:00:00.000,0.0,296.05017645,Regular
BNBUSDT,2023-12-27 00:00:00.000,0.0,297.66588695,Regular
BNBUSDT,2023-12-27 08:00:00.000,0.0,292.82000000,Regular
BNBUSDT,2023-12-27 16:00:00.000,-0.00082735,311.39116538,Regular
BNBUSDT,2023-12-28 00:00:00.000,-0.0010039,323.76000000,Regular
BNBUSDT,2023-12-28 08:00:00.000,-0.00047746,323.54000000,Regular
BNBUSDT,2023-12-28 16:00:00.000,-0.00114629,328.79243752,Regular
BNBUSDT,2023-12-29 00:00:00.001,-0.00073016,322.21000000,Regular
BNBUSDT,2023-12-29 08:00:00.000,-0.00043385,313.14000000,Regular
BNBUSDT,2023-12-29 16:00:00.000,-0.00055142,311.22000000,Regular
BNBUSDT,2023-12-30 00:00:00.001,-0.00047138,313.29000000,Regular
BNBUSDT,2023-12-30 08:00:00.000,-0.00067585,317.81000000,Regular
BNBUSDT,2023-12-30 16:00:00.000,-0.00064912,318.15721004,Regular
BNBUSDT,2023-12-31 00:00:00.000,-0.0012624,316.71000000,Regular
BNBUSDT,2023-12-31 08:00:00.001,-0.00099242,322.10000000,Regular
BNBUSDT,2023-12-31 16:00:00.000,-0.00075371,315.30530028,Regular
BNBUSDT,2024-01-01 00:00:00.000,-0.00115565,311.33000000,Regular
BNBUSDT,2024-01-01 08:00:00.000,-0.00043985,310.47544842,Regular
BNBUSDT,2024-01-01 16:00:00.000,-0.00021335,312.24045914,Regular
BNBUSDT,2024-01-02 00:00:00.000,-4.388e-05,313.48485140,Regular
BNBUSDT,2024-01-02 08:00:00.000,-1.968e-05,317.24000000,Regular
BNBUSDT,2024-01-02 16:00:00.000,0.0,308.22000000,Regular
BNBUSDT,2024-01-03 00:00:00.000,-0.00040129,311.88000000,Regular
BNBUSDT,2024-01-03 08:00:00.000,0.0,316.81252076,Regular
BNBUSDT,2024-01-03 16:00:00.000,-0.00038446,316.85289871,Regular
BNBUSDT,2024-01-04 00:00:00.000,-0.00036362,315.60000000,Regular
BNBUSDT,2024-01-04 08:00:00.000,-0.000126,318.23682433,Regular
BNBUSDT,2024-01-04 16:00:00.000,-0.00019163,319.49000000,Regular
BNBUSDT,2024-01-05 00:00:00.001,-0.00073744,323.04691698,Regular
BNBUSDT,2024-01-05 08:00:00.000,-0.00058221,317.14000000,Regular
BNBUSDT,2024-01-05 16:00:00.000,-0.00096824,313.44759894,Regular
BNBUSDT,2024-01-06 00:00:00.000,-0.00118881,317.14000000,Regular
BNBUSDT,2024-01-06 08:00:00.000,-0.00082243,303.57449363,Regular
BNBUSDT,2024-01-06 16:00:00.000,-0.00088029,306.55000000,Regular
BNBUSDT,2024-01-07 00:00:00.000,-0.0009864,307.20828170,Regular
BNBUSDT,2024-01-07 08:00:00.001,-0.00098181,308.82000000,Regular
BNBUSDT,2024-01-07 16:00:00.001,-0.00075307,305.18000000,Regular
BNBUSDT,2024-01-08 00:00:00.000,-0.00087928,302.03000000,Regular
BNBUSDT,2024-01-08 08:00:00.000,-0.00046829,298.55817996,Regular
BNBUSDT,2024-01-08 16:00:00.000,-0.00044893,300.94000000,Regular
BNBUSDT,2024-01-09 00:00:00.001,-8.596e-05,303.84000000,Regular
BNBUSDT,2024-01-09 08:00:00.000,0.0,304.50204453,Regular
BNBUSDT,2024-01-09 16:00:00.000,0.0,301.27000000,Regular
BNBUSDT,2024-01-10 00:00:00.000,0.0,301.34916774,Regular
BNBUSDT,2024-01-10 08:00:00.000,0.0,299.91019235,Regular
BNBUSDT,2024-01-10 16:00:00.000,0.0,294.87000000,Regular
BNBUSDT,2024-01-11 00:00:00.000,0.0,305.80539622,Regular
BNBUSDT,2024-01-11 08:00:00.000,0.0,307.65964125,Regular
BNBUSDT,2024-01-11 16:00:00.000,0.0,307.57000000,Regular
BNBUSDT,2024-01-12 00:00:00.001,3.989e-05,308.50000000,Regular
BNBUSDT,2024-01-12 08:00:00.000,3.803e-05,308.88226515,Regular
BNBUSDT,2024-01-12 16:00:00.000,6.54e-06,305.72855083,Regular
BNBUSDT,2024-01-13 00:00:00.000,0.0,296.81000000,Regular
BNBUSDT,2024-01-13 08:00:00.000,0.0,299.38000000,Regular
BNBUSDT,2024-01-13 16:00:00.001,8.384e-05,302.42381237,Regular
BNBUSDT,2024-01-14 00:00:00.000,0.0,302.35000000,Regular
BNBUSDT,2024-01-14 08:00:00.000,0.00012056,304.46414090,Regular
BNBUSDT,2024-01-14 16:00:00.001,0.0,305.46296751,Regular
BNBUSDT,2024-01-15 00:00:00.000,5.667e-05,299.67000000,Regular
BNBUSDT,2024-01-15 08:00:00.000,0.00016931,315.21361263,Regular
BNBUSDT,2024-01-15 16:00:00.000,0.0,313.96301985,Regular
BNBUSDT,2024-01-16 00:00:00.000,-0.00033116,317.26441111,Regular
BNBUSDT,2024-01-16 08:00:00.000,-0.00050321,316.02847267,Regular
BNBUSDT,2024-01-16 16:00:00.001,-0.0003672,316.93000000,Regular
BNBUSDT,2024-01-17 00:00:00.000,-0.00049143,315.04000000,Regular
BNBUSDT,2024-01-17 08:00:00.000,-2.361e-05,308.90000000,Regular
BNBUSDT,2024-01-17 16:00:00.000,-0.000561,311.92000000,Regular
BNBUSDT,2024-01-18 00:00:00.001,-0.00048308,309.27974245,Regular
BNBUSDT,2024-01-18 08:00:00.000,0.0,311.48753741,Regular
BNBUSDT,2024-01-18 16:00:00.000,-0.00051549,314.85000000,Regular
BNBUSDT,2024-01-19 00:00:00.000,-0.00045823,312.73000000,Regular
BNBUSDT,2024-01-19 08:00:00.000,-0.00055553,311.35178939,Regular
BNBUSDT,2024-01-19 16:00:00.002,-0.00041823,310.95000000,Regular
BNBUSDT,2024-01-20 00:00:00.000,-0.00040077,314.39000000,Regular
BNBUSDT,2024-01-20 08:00:00.003,-0.00028879,313.05000000,Regular
BNBUSDT,2024-01-20 16:00:00.000,-0.00045503,313.75466172,Regular
BNBUSDT,2024-01-21 00:00:00.000,-0.00022406,317.04461615,Regular
BNBUSDT,2024-01-21 08:00:00.000,-0.00023041,317.35000000,Regular
BNBUSDT,2024-01-21 16:00:00.000,-0.00038554,318.43000000,Regular
BNBUSDT,2024-01-22 00:00:00.000,-0.00018874,318.41000000,Regular
BNBUSDT,2024-01-22 08:00:00.000,-0.00052527,317.53000000,Regular
BNBUSDT,2024-01-22 16:00:00.000,-0.00063548,310.79000000,Regular
BNBUSDT,2024-01-23 00:00:00.000,-0.0003538,305.80000000,Regular
BNBUSDT,2024-01-23 08:00:00.000,-0.00048935,307.99000000,Regular
BNBUSDT,2024-01-23 16:00:00.000,-6.59e-05,296.64000000,Regular
BNBUSDT,2024-01-24 00:00:00.000,-0.00036932,298.52000000,Regular
BNBUSDT,2024-01-24 08:00:00.000,0.0,293.13000000,Regular
BNBUSDT,2024-01-24 16:00:00.000,-9.307e-05,294.05000000,Regular
BNBUSDT,2024-01-25 00:00:00.000,0.0,292.93715922,Regular
BNBUSDT,2024-01-25 08:00:00.001,0.0,292.18244591,Regular
BNBUSDT,2024-01-25 16:00:00.000,0.0,292.59662283,Regular
BNBUSDT,2024-01-26 00:00:00.001,0.0,292.05917366,Regular
BNBUSDT,2024-01-26 08:00:00.000,0.0,294.63606111,Regular
BNBUSDT,2024-01-26 16:00:00.000,0.0,302.70854763,Regular
BNBUSDT,2024-01-27 00:00:00.000,0.0,302.09816357,Regular
BNBUSDT,2024-01-27 08:00:00.000,0.0,303.14000000,Regular
BNBUSDT,2024-01-27 16:00:00.000,0.0,303.65223780,Regular
BNBUSDT,2024-01-28 00:00:00.000,0.0,305.63313843,Regular
BNBUSDT,2024-01-28 08:00:00.000,0.0,305.85818269,Regular
BNBUSDT,2024-01-28 16:00:00.000,0.0,304.96000000,Regular
BNBUSDT,2024-01-29 00:00:00.000,0.0,305.24000000,Regular
BNBUSDT,2024-01-29 08:00:00.001,0.0,306.03205386,Regular
BNBUSDT,2024-01-29 16:00:00.000,0.0,308.40000000,Regular
BNBUSDT,2024-01-30 00:00:00.000,0.0,310.66742166,Regular
BNBUSDT,2024-01-30 08:00:00.000,0.0,310.92371435,Regular
BNBUSDT,2024-01-30 16:00:00.001,0.0,309.12505298,Regular
BNBUSDT,2024-01-31 00:00:00.000,0.0,307.58000000,Regular
BNBUSDT,2024-01-31 08:00:00.000,0.0,306.92000000,Regular
BNBUSDT,2024-01-31 16:00:00.000,0.0,304.70000000,Regular
BNBUSDT,2024-02-01 00:00:00.000,0.0,300.50845268,Regular
BNBUSDT,2024-02-01 08:00:00.000,0.0,298.08530778,Regular
BNBUSDT,2024-02-01 16:00:00.002,0.0,299.85000000,Regular
BNBUSDT,2024-02-02 00:00:00.000,0.0,300.12293225,Regular
BNBUSDT,2024-02-02 08:00:00.000,0.0,303.24453851,Regular
BNBUSDT,2024-02-02 16:00:00.000,0.0,302.34071280,Regular
BNBUSDT,2024-02-03 00:00:00.000,0.0,301.33027727,Regular
BNBUSDT,2024-02-03 08:00:00.000,0.0,302.14358918,Regular
BNBUSDT,2024-02-03 16:00:00.001,0.0,300.37000000,Regular
BNBUSDT,2024-02-04 00:00:00.000,0.0,299.66000000,Regular
BNBUSDT,2024-02-04 08:00:00.004,0.0,299.28000000,Regular
BNBUSDT,2024-02-04 16:00:00.000,0.0,306.08000000,Regular
BNBUSDT,2024-02-05 00:00:00.000,0.0,304.65015407,Regular
BNBUSDT,2024-02-05 08:00:00.000,0.0,304.55000000,Regular
BNBUSDT,2024-02-05 16:00:00.000,-5.372e-05,300.80000000,Regular
BNBUSDT,2024-02-06 00:00:00.000,0.0,301.13000000,Regular
BNBUSDT,2024-02-06 08:00:00.001,0.0,301.51409888,Regular
BNBUSDT,2024-02-06 16:00:00.000,0.0,302.72000000,Regular
BNBUSDT,2024-02-07 00:00:00.000,0.0,302.77000000,Regular
BNBUSDT,2024-02-07 08:00:00.000,0.0,302.33000000,Regular
BNBUSDT,2024-02-07 16:00:00.000,0.0,303.32545792,Regular
BNBUSDT,2024-02-08 00:00:00.000,0.0,307.40959922,Regular
BNBUSDT,2024-02-08 08:00:00.000,-0.00032307,314.48620583,Regular
BNBUSDT,2024-02-08 16:00:00.000,-0.00078676,319.66000000,Regular
BNBUSDT,2024-02-09 00:00:00.000,-0.00127869,318.52000000,Regular
BNBUSDT,2024-02-09 08:00:00.000,-0.00061724,320.63000000,Regular
BNBUSDT,2024-02-09 16:00:00.001,-0.00053458,322.09000000,Regular
BNBUSDT,2024-02-10 00:00:00.001,-0.00052153,323.78000000,Regular
BNBUSDT,2024-02-10 08:00:00.000,-0.00071137,323.05000000,Regular
BNBUSDT,2024-02-10 16:00:00.000,-0.00063224,320.73000000,Regular
BNBUSDT,2024-02-11 00:00:00.000,-0.00061914,322.59399819,Regular
BNBUSDT,2024-02-11 08:00:00.001,-0.0005555,323.87000000,Regular
BNBUSDT,2024-02-11 16:00:00.000,-0.00056837,320.79141293,Regular
BNBUSDT,2024-02-12 00:00:00.000,-0.00066055,320.46195192,Regular
BNBUSDT,2024-02-12 08:00:00.000,-0.00057236,317.99904627,Regular
BNBUSDT,2024-02-12 16:00:00.000,-0.00035404,321.96856943,Regular
BNBUSDT,2024-02-13 00:00:00.000,-0.00126582,327.68000000,Regular
BNBUSDT,2024-02-13 08:00:00.000,-8.124e-05,325.94470317,Regular
BNBUSDT,2024-02-13 16:00:00.000,-0.00053432,321.94000000,Regular
BNBUSDT,2024-02-14 00:00:00.000,-0.00058355,324.30000000,Regular
BNBUSDT,2024-02-14 08:00:00.000,-0.00040106,327.79000000,Regular
BNBUSDT,2024-02-14 16:00:00.000,-1.939e-05,332.27000000,Regular
BNBUSDT,2024-02-15 00:00:00.000,-0.00028452,333.52329056,Regular
BNBUSDT,2024-02-15 08:00:00.000,-0.00010744,344.90456030,Regular
BNBUSDT,2024-02-15 16:00:00.000,0.0,360.37431016,Regular
BNBUSDT,2024-02-16 00:00:00.000,0.0,353.89622922,Regular
BNBUSDT,2024-02-16 08:00:00.000,0.0,356.15227961,Regular
BNBUSDT,2024-02-16 16:00:00.000,-0.00011609,358.23000000,Regular
BNBUSDT,2024-02-17 00:00:00.000,0.0,360.27808242,Regular
BNBUSDT,2024-02-17 08:00:00.000,-0.00010731,359.43140839,Regular
BNBUSDT,2024-02-17 16:00:00.000,0.0,351.42105163,Regular
BNBUSDT,2024-02-18 00:00:00.000,-0.00015626,352.41976277,Regular
BNBUSDT,2024-02-18 08:00:00.000,-0.00023614,355.15497468,Regular
BNBUSDT,2024-02-18 16:00:00.000,-7.972e-05,352.37405075,Regular
BNBUSDT,2024-02-19 00:00:00.000,0.0,349.74356336,Regular
BNBUSDT,2024-02-19 08:00:00.000,0.00035989,354.77000000,Regular
BNBUSDT,2024-02-19 16:00:00.000,0.00019102,354.42770580,Regular
BNBUSDT,2024-02-20 00:00:00.000,0.00034939,351.77619134,Regular
BNBUSDT,2024-02-20 08:00:00.000,0.00035868,357.81958881,Regular
BNBUSDT,2024-02-20 16:00:00.000,7.065e-05,351.26502104,Regular
BNBUSDT,2024-02-21 00:00:00.000,2.817e-05,354.82633152,Regular
BNBUSDT,2024-02-21 08:00:00.000,0.0001159,360.45000000,Regular
BNBUSDT,2024-02-21 16:00:00.000,-0.00048781,369.47000000,Regular
BNBUSDT,2024-02-22 00:00:00.001,-0.00052198,378.76002841,Regular
BNBUSDT,2024-02-22 08:00:00.001,-0.00107399,381.01556082,Regular
BNBUSDT,2024-02-22 16:00:00.000,-0.00089242,380.71000000,Regular
BNBUSDT,2024-02-23 00:00:00.000,-0.00034341,382.34000000,Regular
BNBUSDT,2024-02-23 08:00:00.000,-0.00084438,374.50000000,Regular
BNBUSDT,2024-02-23 16:00:00.000,-0.00045563,371.28000000,Regular
BNBUSDT,2024-02-24 00:00:00.000,-0.00071438,375.29000000,Regular
BNBUSDT,2024-02-24 08:00:00.001,-0.00055304,379.30000000,Regular
BNBUSDT,2024-02-24 16:00:00.000,-0.00081788,379.19136974,Regular
BNBUSDT,2024-02-25 00:00:00.001,-0.00096796,381.27000000,Regular
BNBUSDT,2024-02-25 08:00:00.000,-0.00076198,380.28000000,Regular
BNBUSDT,2024-02-25 16:00:00.000,-0.00028782,384.76000000,Regular
BNBUSDT,2024-02-26 00:00:00.000,-0.00017368,388.28000000,Regular
BNBUSDT,2024-02-26 08:00:00.000,-0.00031171,386.10918613,Regular
BNBUSDT,2024-02-26 16:00:00.000,-1.649e-05,396.33000000,Regular
BNBUSDT,2024-02-27 00:00:00.000,0.0,401.45000000,Regular
BNBUSDT,2024-02-27 08:00:00.000,-0.00022191,395.53000000,Regular
BNBUSDT,2024-02-27 16:00:00.000,-0.00042917,392.41000000,Regular
BNBUSDT,2024-02-28 00:00:00.000,-0.00062227,394.28000000,Regular
BNBUSDT,2024-02-28 08:00:00.000,-0.00064429,400.19000000,Regular
BNBUSDT,2024-02-28 16:00:00.000,0.0,413.10000000,Regular
BNBUSDT,2024-02-29 00:00:00.000,0.0,414.59000000,Regular
BNBUSDT,2024-02-29 08:00:00.000,0.00059364,415.36000000,Regular
BNBUSDT,2024-02-29 16:00:00.000,0.00062688,407.77000000,Regular
BNBUSDT,2024-03-01 00:00:00.000,0.0002258,399.60825395,Regular
BNBUSDT,2024-03-01 08:00:00.000,0.00056193,403.95619232,Regular
BNBUSDT,2024-03-01 16:00:00.000,0.00029595,403.15000000,Regular
BNBUSDT,2024-03-02 00:00:00.000,0.00045091,407.66000000,Regular
BNBUSDT,2024-03-02 08:00:00.001,0.00060239,409.51391489,Regular
BNBUSDT,2024-03-02 16:00:00.000,0.00060028,407.98938405,Regular
BNBUSDT,2024-03-03 00:00:00.000,0.00062465,411.14599175,Regular
BNBUSDT,2024-03-03 08:00:00.000,0.00056194,407.09000000,Regular
BNBUSDT,2024-03-03 16:00:00.000,0.00059759,413.46000000,Regular
BNBUSDT,2024-03-04 00:00:00.000,0.00052271,414.73000000,Regular
BNBUSDT,2024-03-04 08:00:00.000,0.00066328,417.16209440,Regular
BNBUSDT,2024-03-04 16:00:00.000,0.00048318,419.06000000,Regular
BNBUSDT,2024-03-05 00:00:00.000,0.00045848,418.70452003,Regular
BNBUSDT,2024-03-05 08:00:00.000,0.00100171,418.64000000,Regular
BNBUSDT,2024-03-05 16:00:00.000,0.00068298,416.36000000,Regular
BNBUSDT,2024-03-06 00:00:00.000,0.0,394.12828864,Regular
BNBUSDT,2024-03-06 08:00:00.001,0.00021672,410.83759581,Regular
BNBUSDT,2024-03-06 16:00:00.000,3.112e-05,419.95000000,Regular
BNBUSDT,2024-03-07 00:00:00.000,0.0,429.58957075,Regular
BNBUSDT,2024-03-07 08:00:00.000,0.00017842,434.40235020,Regular
BNBUSDT,2024-03-07 16:00:00.000,1.547e-05,449.27000000,Regular
BNBUSDT,2024-03-08 00:00:00.000,0.0,474.57826932,Regular
BNBUSDT,2024-03-08 08:00:00.000,0.0,468.11000000,Regular
BNBUSDT,2024-03-08 16:00:00.000,-1.113e-05,472.49363359,Regular
BNBUSDT,2024-03-09 00:00:00.000,-0.00012383,485.54298282,Regular
BNBUSDT,2024-03-09 08:00:00.001,-0.00019497,487.16000000,Regular
BNBUSDT,2024-03-09 16:00:00.000,-0.00023847,483.98000000,Regular
BNBUSDT,2024-03-10 00:00:00.000,-6.201e-05,488.05000000,Regular
BNBUSDT,2024-03-10 08:00:00.000,0.0,503.66886578,Regular
BNBUSDT,2024-03-10 16:00:00.000,0.00036256,521.36000000,Regular
BNBUSDT,2024-03-11 00:00:00.000,0.0,529.02856915,Regular
BNBUSDT,2024-03-11 08:00:00.000,2.344e-05,528.31283302,Regular
BNBUSDT,2024-03-11 16:00:00.000,7.373e-05,515.90914306,Regular
BNBUSDT,2024-03-12 00:00:00.000,0.00019661,522.96583562,Regular
BNBUSDT,2024-03-12 08:00:00.000,0.0005555,539.00875163,Regular
BNBUSDT,2024-03-12 16:00:00.000,6.989e-05,542.18821407,Regular
BNBUSDT,2024-03-13 00:00:00.000,0.00034905,537.67883873,Regular
BNBUSDT,2024-03-13 08:00:00.001,0.00064319,561.33000000,Regular
BNBUSDT,2024-03-13 16:00:00.000,0.0006775,583.00105781,Regular
BNBUSDT,2024-03-14 00:00:00.001,0.00035646,631.02000000,Regular
BNBUSDT,2024-03-14 08:00:00.000,0.00044008,607.11256856,Regular
BNBUSDT,2024-03-14 16:00:00.000,0.0006029,592.97489194,Regular
BNBUSDT,2024-03-15 00:00:00.000,0.00011662,603.68008397,Regular
BNBUSDT,2024-03-15 08:00:00.000,0.00012984,582.75830784,Regular
BNBUSDT,2024-03-15 16:00:00.000,0.0,597.12000000,Regular
BNBUSDT,2024-03-16 00:00:00.000,0.00013785,633.49000000,Regular
BNBUSDT,2024-03-16 08:00:00.000,0.00024537,615.09000000,Regular
BNBUSDT,2024-03-16 16:00:00.000,0.00016812,601.75000000,Regular
BNBUSDT,2024-03-17 00:00:00.000,9.557e-05,576.83000000,Regular
BNBUSDT,2024-03-17 08:00:00.000,0.0,559.92000000,Regular
BNBUSDT,2024-03-17 16:00:00.000,0.0,588.14392621,Regular
BNBUSDT,2024-03-18 00:00:00.000,0.0,571.55000000,Regular
BNBUSDT,2024-03-18 08:00:00.000,0.00015708,577.03861119,Regular
BNBUSDT,2024-03-18 16:00:00.001,0.0,552.79000000,Regular
BNBUSDT,2024-03-19 00:00:00.000,0.00010433,555.66000000,Regular
BNBUSDT,2024-03-19 08:00:00.000,0.00019074,529.83683313,Regular
BNBUSDT,2024-03-19 16:00:00.001,0.00023778,529.77000000,Regular
BNBUSDT,2024-03-20 00:00:00.000,0.00021487,507.96000000,Regular
BNBUSDT,2024-03-20 08:00:00.004,0.00022256,532.34000000,Regular
BNBUSDT,2024-03-20 16:00:00.000,9.585e-05,516.85735606,Regular
BNBUSDT,2024-03-21 00:00:00.000,2.546e-05,556.99000000,Regular
BNBUSDT,2024-03-21 08:00:00.000,0.00013122,550.22521906,Regular
BNBUSDT,2024-03-21 16:00:00.000,0.0,558.56000000,Regular
BNBUSDT,2024-03-22 00:00:00.000,0.00017388,554.11889953,Regular
BNBUSDT,2024-03-22 08:00:00.000,6.837e-05,584.24708379,Regular
BNBUSDT,2024-03-22 16:00:00.000,0.00014159,554.19537074,Regular
BNBUSDT,2024-03-23 00:00:00.000,0.00014453,553.99037166,Regular
BNBUSDT,2024-03-23 08:00:00.000,0.00016838,555.21304822,Regular
BNBUSDT,2024-03-23 16:00:00.000,0.0,562.59000000,Regular
BNBUSDT,2024-03-24 00:00:00.000,0.0,552.07674140,Regular
BNBUSDT,2024-03-24 08:00:00.000,0.00021139,553.00882758,Regular
BNBUSDT,2024-03-24 16:00:00.000,0.00020733,560.74728803,Regular
BNBUSDT,2024-03-25 00:00:00.000,0.00021885,568.23500417,Regular
BNBUSDT,2024-03-25 08:00:00.001,0.00024982,584.23000000,Regular
BNBUSDT,2024-03-25 16:00:00.000,0.00025865,593.40000000,Regular
BNBUSDT,2024-03-26 00:00:00.000,0.00029097,587.45665715,Regular
BNBUSDT,2024-03-26 08:00:00.000,0.00037308,591.84000000,Regular
BNBUSDT,2024-03-26 16:00:00.000,0.00039806,580.15000000,Regular
BNBUSDT,2024-03-27 00:00:00.000,0.00031573,580.52153117,Regular
BNBUSDT,2024-03-27 08:00:00.001,0.00036491,574.51649583,Regular
BNBUSDT,2024-03-27 16:00:00.000,0.00033014,570.31098664,Regular
BNBUSDT,2024-03-28 00:00:00.000,0.00042862,574.80000000,Regular
BNBUSDT,2024-03-28 08:00:00.000,0.00051984,590.89000000,Regular
BNBUSDT,2024-03-28 16:00:00.000,0.00039289,585.48000000,Regular
BNBUSDT,2024-03-29 00:00:00.000,0.00036592,583.77237792,Regular
BNBUSDT,2024-03-29 08:00:00.000,0.000413,607.04593066,Regular
BNBUSDT,2024-03-29 16:00:00.000,0.0002539,607.55000000,Regular
BNBUSDT,2024-03-30 00:00:00.000,0.0,612.29858096,Regular
BNBUSDT,2024-03-30 08:00:00.000,-7.709e-05,598.77255295,Regular
BNBUSDT,2024-03-30 16:00:00.000,-0.00037404,604.78000000,Regular
BNBUSDT,2024-03-31 00:00:00.000,-5.921e-05,600.25000000,Regular
BNBUSDT,2024-03-31 08:00:00.000,-0.0003908,606.10958254,Regular
BNBUSDT,2024-03-31 16:00:00.001,0.0,601.78000000,Regular
BNBUSDT,2024-04-01 00:00:00.000,0.0,606.09693135,Regular
BNBUSDT,2024-04-01 08:00:00.000,0.0,586.24000000,Regular
BNBUSDT,2024-04-01 16:00:00.000,-0.00013645,573.85542791,Regular
BNBUSDT,2024-04-02 00:00:00.007,0.0,576.27189028,Regular
BNBUSDT,2024-04-02 08:00:00.015,0.00025814,559.58480250,Regular
BNBUSDT,2024-04-02 16:00:00.000,0.00030588,552.72532432,Regular
BNBUSDT,2024-04-03 00:00:00.000,0.00025462,551.76692608,Regular
BNBUSDT,2024-04-03 08:00:00.000,0.00012544,559.11352320,Regular
BNBUSDT,2024-04-03 16:00:00.000,0.00020227,556.98000000,Regular
BNBUSDT,2024-04-04 00:00:00.000,0.00020277,562.07293083,Regular
BNBUSDT,2024-04-04 08:00:00.000,0.0,582.73000000,Regular
BNBUSDT,2024-04-04 16:00:00.000,0.0,590.00000000,Regular
BNBUSDT,2024-04-05 00:00:00.000,-0.00042037,584.41000000,Regular
BNBUSDT,2024-04-05 08:00:00.000,-0.00021433,574.32000000,Regular
BNBUSDT,2024-04-05 16:00:00.000,-0.00038341,583.13388631,Regular
BNBUSDT,2024-04-06 00:00:00.000,-0.00062922,577.66000000,Regular
BNBUSDT,2024-04-06 08:00:00.000,-0.00027748,582.71725339,Regular
BNBUSDT,2024-04-06 16:00:00.000,-0.00025256,583.44000000,Regular
BNBUSDT,2024-04-07 00:00:00.000,-0.00033926,585.03680374,Regular
BNBUSDT,2024-04-07 08:00:00.000,-0.00059616,586.54432494,Regular
BNBUSDT,2024-04-07 16:00:00.000,-0.00049569,583.95000000,Regular
BNBUSDT,2024-04-08 00:00:00.001,-0.00019057,583.51676694,Regular
BNBUSDT,2024-04-08 08:00:00.000,-0.00038431,588.28000000,Regular
BNBUSDT,2024-04-08 16:00:00.006,0.0,587.88000000,Regular
BNBUSDT,2024-04-09 00:00:00.000,0.00015382,586.73000000,Regular
BNBUSDT,2024-04-09 08:00:00.001,0.00016132,574.79812638,Regular
BNBUSDT,2024-04-09 16:00:00.001,0.0,579.46845134,Regular
BNBUSDT,2024-04-10 00:00:00.000,0.00024813,580.82000000,Regular
BNBUSDT,2024-04-10 08:00:00.001,0.00019449,587.87518461,Regular
BNBUSDT,2024-04-10 16:00:00.000,0.0001725,593.60761495,Regular
BNBUSDT,2024-04-11 00:00:00.000,0.00037974,610.03000000,Regular
BNBUSDT,2024-04-11 08:00:00.000,8.875e-05,605.07433727,Regular
BNBUSDT,2024-04-11 16:00:00.000,0.0002061,603.24152659,Regular
BNBUSDT,2024-04-12 00:00:00.000,0.00021027,604.85000000,Regular
BNBUSDT,2024-04-12 08:00:00.001,1.66e-06,621.22000000,Regular
BNBUSDT,2024-04-12 16:00:00.000,-0.00022562,611.85500415,Regular
BNBUSDT,2024-04-13 00:00:00.000,-0.00042828,595.19000000,Regular
BNBUSDT,2024-04-13 08:00:00.000,-0.00086248,593.12421827,Regular
BNBUSDT,2024-04-13 16:00:00.001,-0.00056549,594.31979270,Regular
BNBUSDT,2024-04-14 00:00:00.000,-0.00088593,553.28813530,Regular
BNBUSDT,2024-04-14 08:00:00.000,-0.00045375,565.16000000,Regular
BNBUSDT,2024-04-14 16:00:00.000,-0.00042313,550.12000000,Regular
BNBUSDT,2024-04-15 00:00:00.000,-0.00044113,566.00000000,Regular
BNBUSDT,2024-04-15 08:00:00.001,-0.00040679,574.97000000,Regular
BNBUSDT,2024-04-15 16:00:00.000,-0.00046815,565.05000000,Regular
BNBUSDT,2024-04-16 00:00:00.001,-0.0009491,552.18000000,Regular
BNBUSDT,2024-04-16 08:00:00.000,-0.0007775,550.16000000,Regular
BNBUSDT,2024-04-16 16:00:00.000,-0.000567,525.04000000,Regular
BNBUSDT,2024-04-17 00:00:00.000,-0.00023045,537.52202064,Regular
BNBUSDT,2024-04-17 08:00:00.000,0.0,543.86606202,Regular
BNBUSDT,2024-04-17 16:00:00.000,0.0,517.38261496,Regular
BNBUSDT,2024-04-18 00:00:00.000,0.0,534.02461275,Regular
BNBUSDT,2024-04-18 08:00:00.000,0.0,543.72733242,Regular
BNBUSDT,2024-04-18 16:00:00.000,-0.00034552,550.60509529,Regular
BNBUSDT,2024-04-19 00:00:00.001,0.0,551.95000000,Regular
BNBUSDT,2024-04-19 08:00:00.000,-0.00017776,554.93127264,Regular
BNBUSDT,2024-04-19 16:00:00.000,0.0,559.95181127,Regular
BNBUSDT,2024-04-20 00:00:00.000,0.0,553.77000000,Regular
BNBUSDT,2024-04-20 08:00:00.000,0.0,560.26000000,Regular
BNBUSDT,2024-04-20 16:00:00.000,0.0,567.84307079,Regular
BNBUSDT,2024-04-21 00:00:00.000,-7.72e-06,570.43831614,Regular
BNBUSDT,2024-04-21 08:00:00.000,-5.246e-05,579.39000000,Regular
BNBUSDT,2024-04-21 16:00:00.000,-0.0001,573.60000000,Regular
BNBUSDT,2024-04-22 00:00:00.000,0.0,579.37520835,Regular
BNBUSDT,2024-04-22 08:00:00.000,0.0,602.92794979,Regular
BNBUSDT,2024-04-22 16:00:00.000,0.0,594.72000000,Regular
BNBUSDT,2024-04-23 00:00:00.000,0.0,604.37000000,Regular
BNBUSDT,2024-04-23 08:00:00.000,0.0,600.15377146,Regular
BNBUSDT,2024-04-23 16:00:00.001,-0.00026818,603.71000000,Regular
BNBUSDT,2024-04-24 00:00:00.000,-0.00033543,605.74000000,Regular
BNBUSDT,2024-04-24 08:00:00.000,-0.00041956,607.61000000,Regular
BNBUSDT,2024-04-24 16:00:00.000,-0.00040741,596.88000000,Regular
BNBUSDT,2024-04-25 00:00:00.000,-1.528e-05,608.64131705,Regular
BNBUSDT,2024-04-25 08:00:00.000,-0.00011575,608.13000000,Regular
BNBUSDT,2024-04-25 16:00:00.010,-0.00050741,610.85612254,Regular
BNBUSDT,2024-04-26 00:00:00.001,-0.00057117,612.42000000,Regular
BNBUSDT,2024-04-26 08:00:00.000,-0.00065053,607.95000000,Regular
BNBUSDT,2024-04-26 16:00:00.000,-0.0004789,598.84416962,Regular
BNBUSDT,2024-04-27 00:00:00.000,-0.00045974,597.48000000,Regular
BNBUSDT,2024-04-27 08:00:00.001,-0.00063467,593.26000000,Regular
BNBUSDT,2024-04-27 16:00:00.000,-0.00021197,587.19000000,Regular
BNBUSDT,2024-04-28 00:00:00.000,-0.00061995,595.74000000,Regular
BNBUSDT,2024-04-28 08:00:00.000,-0.00078809,600.07328333,Regular
BNBUSDT,2024-04-28 16:00:00.000,-0.00079187,603.49000000,Regular
BNBUSDT,2024-04-29 00:00:00.000,-0.00084938,599.62000000,Regular
BNBUSDT,2024-04-29 08:00:00.000,-0.00087166,587.56066462,Regular
BNBUSDT,2024-04-29 16:00:00.000,-0.00065653,592.30000000,Regular
BNBUSDT,2024-04-30 00:00:00.000,-0.00042184,592.61000000,Regular
BNBUSDT,2024-04-30 08:00:00.000,-0.00015559,598.17000000,Regular
BNBUSDT,2024-04-30 16:00:00.000,-0.00070745,560.19297370,Regular
BNBUSDT,2024-05-01 00:00:00.000,-0.00022922,577.72000000,Regular
BNBUSDT,2024-05-01 08:00:00.000,-0.00017534,545.84000000,Regular
BNBUSDT,2024-05-01 16:00:00.000,-0.00017136,544.70043287,Regular
BNBUSDT,2024-05-02 00:00:00.000,-0.00025289,561.50257184,Regular
BNBUSDT,2024-05-02 08:00:00.000,-1.565e-05,549.16000000,Regular
BNBUSDT,2024-05-02 16:00:00.002,-0.0002526,564.32000000,Regular
BNBUSDT,2024-05-03 00:00:00.000,-0.00012686,560.20000000,Regular
BNBUSDT,2024-05-03 08:00:00.000,-1.017e-05,561.00630538,Regular
BNBUSDT,2024-05-03 16:00:00.000,-0.00032785,577.27000000,Regular
BNBUSDT,2024-05-04 00:00:00.000,-0.000114,586.65000000,Regular
BNBUSDT,2024-05-04 08:00:00.000,-0.00015609,583.46583419,Regular
BNBUSDT,2024-05-04 16:00:00.000,-0.0002685,590.65112180,Regular
BNBUSDT,2024-05-05 00:00:00.000,-0.00071748,584.79000000,Regular
BNBUSDT,2024-05-05 08:00:00.000,-0.00031949,584.60000000,Regular
BNBUSDT,2024-05-05 16:00:00.000,-0.0004005,592.78700193,Regular
BNBUSDT,2024-05-06 00:00:00.000,-8.052e-05,591.56000000,Regular
BNBUSDT,2024-05-06 08:00:00.000,-9.37e-05,595.13995444,Regular
BNBUSDT,2024-05-06 16:00:00.000,-0.00026489,588.63910877,Regular
BNBUSDT,2024-05-07 00:00:00.000,0.0,587.81000000,Regular
BNBUSDT,2024-05-07 08:00:00.000,-8.607e-05,588.25000000,Regular
BNBUSDT,2024-05-07 16:00:00.000,0.0,593.94000000,Regular
BNBUSDT,2024-05-08 00:00:00.000,0.0,575.96208454,Regular
BNBUSDT,2024-05-08 08:00:00.000,0.0,579.30000000,Regular
BNBUSDT,2024-05-08 16:00:00.000,0.0,582.16000000,Regular
BNBUSDT,2024-05-09 00:00:00.000,0.0,588.22000000,Regular
BNBUSDT,2024-05-09 08:00:00.000,0.0,600.13007717,Regular
BNBUSDT,2024-05-09 16:00:00.000,0.0,596.27574916,Regular
BNBUSDT,2024-05-10 00:00:00.000,-1.814e-05,596.54617053,Regular
BNBUSDT,2024-05-10 08:00:00.000,-0.00013856,594.94000000,Regular
BNBUSDT,2024-05-10 16:00:00.000,-0.00023606,585.75000000,Regular
BNBUSDT,2024-05-11 00:00:00.000,-7.794e-05,585.26000000,Regular
BNBUSDT,2024-05-11 08:00:00.000,0.0,586.90546608,Regular
BNBUSDT,2024-05-11 16:00:00.000,0.0,591.12570430,Regular
BNBUSDT,2024-05-12 00:00:00.000,0.0,592.07967556,Regular
BNBUSDT,2024-05-12 08:00:00.000,0.0,588.30000000,Regular
BNBUSDT,2024-05-12 16:00:00.000,-2.601e-05,594.94079574,Regular
BNBUSDT,2024-05-13 00:00:00.001,-0.00017911,594.26675004,Regular
BNBUSDT,2024-05-13 08:00:00.001,-8.47e-05,595.87000000,Regular
BNBUSDT,2024-05-13 16:00:00.000,-0.00033836,594.96713047,Regular
BNBUSDT,2024-05-14 00:00:00.000,-1.301e-05,591.35219414,Regular
BNBUSDT,2024-05-14 08:00:00.000,-0.00036204,587.92854079,Regular
BNBUSDT,2024-05-14 16:00:00.000,-0.00129616,568.51000000,Regular
BNBUSDT,2024-05-15 00:00:00.000,-0.00101022,566.59000000,Regular
BNBUSDT,2024-05-15 08:00:00.000,-0.00069557,568.79532728,Regular
BNBUSDT,2024-05-15 16:00:00.000,-0.00114578,579.72000000,Regular
BNBUSDT,2024-05-16 00:00:00.004,-0.00065658,580.82000000,Regular
BNBUSDT,2024-05-16 08:00:00.000,0.0,584.16000000,Regular
BNBUSDT,2024-05-16 16:00:00.000,-0.00017077,567.81430239,Regular
BNBUSDT,2024-05-17 00:00:00.000,-0.00053276,568.48000000,Regular
BNBUSDT,2024-05-17 08:00:00.000,-0.00017804,578.18459928,Regular
BNBUSDT,2024-05-17 16:00:00.000,0.0,582.38000000,Regular
BNBUSDT,2024-05-18 00:00:00.000,0.0,580.60736586,Regular
BNBUSDT,2024-05-18 08:00:00.000,0.0,578.68000000,Regular
BNBUSDT,2024-05-18 16:00:00.000,0.0,577.49000000,Regular
BNBUSDT,2024-05-19 00:00:00.000,0.0,580.30000000,Regular
BNBUSDT,2024-05-19 08:00:00.000,0.0,579.74000000,Regular
BNBUSDT,2024-05-19 16:00:00.000,0.0,577.56017512,Regular
BNBUSDT,2024-05-20 00:00:00.000,0.0,574.31000000,Regular
BNBUSDT,2024-05-20 08:00:00.000,-6.392e-05,575.83137476,Regular
BNBUSDT,2024-05-20 16:00:00.003,-8.546e-05,576.61000000,Regular
BNBUSDT,2024-05-21 00:00:00.000,0.0,599.76198048,Regular
BNBUSDT,2024-05-21 08:00:00.001,0.00019002,630.64662447,Regular
BNBUSDT,2024-05-21 16:00:00.000,9.749e-05,613.07541391,Regular
BNBUSDT,2024-05-22 00:00:00.000,0.00016951,618.97089817,Regular
BNBUSDT,2024-05-22 08:00:00.000,0.00015829,621.79000000,Regular
BNBUSDT,2024-05-22 16:00:00.000,0.0001546,621.44731234,Regular
BNBUSDT,2024-05-23 00:00:00.000,0.00010082,615.23752970,Regular
BNBUSDT,2024-05-23 08:00:00.000,0.00014596,614.97788075,Regular
BNBUSDT,2024-05-23 16:00:00.000,0.0,594.53000000,Regular
BNBUSDT,2024-05-24 00:00:00.000,0.0,599.66000000,Regular
BNBUSDT,2024-05-24 08:00:00.000,4.49e-06,593.34319792,Regular
BNBUSDT,2024-05-24 16:00:00.000,0.0,597.15000000,Regular
BNBUSDT,2024-05-25 00:00:00.000,0.0,600.55000000,Regular
BNBUSDT,2024-05-25 08:00:00.000,0.0,601.89389158,Regular
BNBUSDT,2024-05-25 16:00:00.000,0.0,602.02606782,Regular
BNBUSDT,2024-05-26 00:00:00.000,0.0,602.48000000,Regular
BNBUSDT,2024-05-26 08:00:00.000,8.753e-05,604.45075774,Regular
BNBUSDT,2024-05-26 16:00:00.000,0.0,602.58377071,Regular
BNBUSDT,2024-05-27 00:00:00.000,7.614e-05,600.56230237,Regular
BNBUSDT,2024-05-27 08:00:00.000,0.0001094,603.41000000,Regular
BNBUSDT,2024-05-27 16:00:00.000,0.00019809,613.36362909,Regular
BNBUSDT,2024-05-28 00:00:00.000,0.00017805,604.13000000,Regular
BNBUSDT,2024-05-28 08:00:00.000,0.0,597.93000000,Regular
BNBUSDT,2024-05-28 16:00:00.000,0.0,601.44000000,Regular
BNBUSDT,2024-05-29 00:00:00.001,7.405e-05,601.90547633,Regular
BNBUSDT,2024-05-29 08:00:00.000,5.977e-05,598.47000000,Regular
BNBUSDT,2024-05-29 16:00:00.000,8.769e-05,595.64233049,Regular
BNBUSDT,2024-05-30 00:00:00.000,0.0,595.74858573,Regular
BNBUSDT,2024-05-30 08:00:00.000,0.0,589.09000000,Regular
BNBUSDT,2024-05-30 16:00:00.000,0.0,596.85452119,Regular
BNBUSDT,2024-05-31 00:00:00.000,2.222e-05,595.25157906,Regular
BNBUSDT,2024-05-31 08:00:00.000,0.0,592.09000000,Regular
BNBUSDT,2024-05-31 16:00:00.000,7.882e-05,591.54000000,Regular
BNBUSDT,2024-06-01 00:00:00.000,0.00019589,594.03000000,Regular
BNBUSDT,2024-06-01 08:00:00.000,0.00023411,595.37002775,Regular
BNBUSDT,2024-06-01 16:00:00.001,0.00013223,596.42434074,Regular
BNBUSDT,2024-06-02 00:00:00.000,0.00036939,602.39000000,Regular
BNBUSDT,2024-06-02 08:00:00.000,0.00022554,600.43705926,Regular
BNBUSDT,2024-06-02 16:00:00.000,0.00011225,601.81000000,Regular
BNBUSDT,2024-06-03 00:00:00.000,0.0002004,603.40000000,Regular
BNBUSDT,2024-06-03 08:00:00.000,0.00028495,626.57000000,Regular
BNBUSDT,2024-06-03 16:00:00.000,0.00013785,628.10281122,Regular
BNBUSDT,2024-06-04 00:00:00.000,0.00012196,626.85000000,Regular
BNBUSDT,2024-06-04 08:00:00.000,0.00013176,628.98420644,Regular
BNBUSDT,2024-06-04 16:00:00.000,0.00019423,663.28000000,Regular
BNBUSDT,2024-06-05 00:00:00.000,0.00015839,686.04053950,Regular
BNBUSDT,2024-06-05 08:00:00.000,0.00016022,706.60815522,Regular
BNBUSDT,2024-06-05 16:00:00.000,0.00020097,705.11000000,Regular
BNBUSDT,2024-06-06 00:00:00.000,0.00020144,699.31992101,Regular
BNBUSDT,2024-06-06 08:00:00.008,0.00017035,704.87000000,Regular
BNBUSDT,2024-06-06 16:00:00.000,8.066e-05,703.92000000,Regular
BNBUSDT,2024-06-07 00:00:00.000,4.266e-05,711.29000000,Regular
BNBUSDT,2024-06-07 08:00:00.000,0.0,697.83713427,Regular
BNBUSDT,2024-06-07 16:00:00.000,0.0,701.04290993,Regular
BNBUSDT,2024-06-08 00:00:00.000,0.0,683.94843454,Regular
BNBUSDT,2024-06-08 08:00:00.000,0.0,694.67890675,Regular
BNBUSDT,2024-06-08 16:00:00.000,0.0,686.50760894,Regular
BNBUSDT,2024-06-09 00:00:00.000,0.0,682.61940311,Regular
BNBUSDT,2024-06-09 08:00:00.000,0.0,679.73000000,Regular
BNBUSDT,2024-06-09 16:00:00.001,0.0,676.73408344,Regular
BNBUSDT,2024-06-10 00:00:00.000,0.0,673.13371712,Regular
BNBUSDT,2024-06-10 08:00:00.000,0.0,640.95000000,Regular
BNBUSDT,2024-06-10 16:00:00.001,0.0,650.54000000,Regular
BNBUSDT,2024-06-11 00:00:00.001,0.0,624.99000000,Regular
BNBUSDT,2024-06-11 08:00:00.000,0.0,613.68000000,Regular
BNBUSDT,2024-06-11 16:00:00.000,0.0,597.64000000,Regular
BNBUSDT,2024-06-12 00:00:00.000,0.0,602.18000000,Regular
BNBUSDT,2024-06-12 08:00:00.000,0.0,614.59143468,Regular
BNBUSDT,2024-06-12 16:00:00.000,-8.99e-06,627.98000000,Regular
BNBUSDT,2024-06-13 00:00:00.000,0.0,619.28000000,Regular
BNBUSDT,2024-06-13 08:00:00.001,0.0,607.29000000,Regular
BNBUSDT,2024-06-13 16:00:00.000,0.0,597.19830364,Regular
BNBUSDT,2024-06-14 00:00:00.000,0.0,599.76464340,Regular
BNBUSDT,2024-06-14 08:00:00.000,0.0,608.19000000,Regular
BNBUSDT,2024-06-14 16:00:00.000,0.0,602.43225855,Regular
BNBUSDT,2024-06-15 00:00:00.000,0.0,603.11000000,Regular
BNBUSDT,2024-06-15 08:00:00.000,0.0,606.73367229,Regular
BNBUSDT,2024-06-15 16:00:00.000,0.0,607.26000000,Regular
BNBUSDT,2024-06-16 00:00:00.001,0.0,607.99000000,Regular
BNBUSDT,2024-06-16 08:00:00.000,0.0,606.10000000,Regular
BNBUSDT,2024-06-16 16:00:00.000,0.0,610.40266671,Regular
BNBUSDT,2024-06-17 00:00:00.000,0.0,610.71708403,Regular
BNBUSDT,2024-06-17 08:00:00.000,0.0,603.66000000,Regular
BNBUSDT,2024-06-17 16:00:00.000,0.0,597.32000000,Regular
BNBUSDT,2024-06-18 00:00:00.000,0.0,603.98981313,Regular
BNBUSDT,2024-06-18 08:00:00.000,0.0,593.47724288,Regular
BNBUSDT,2024-06-18 16:00:00.000,0.0,582.30716143,Regular
BNBUSDT,2024-06-19 00:00:00.001,0.0,588.50323643,Regular
BNBUSDT,2024-06-19 08:00:00.001,0.0,603.75000000,Regular
BNBUSDT,2024-06-19 16:00:00.000,0.0,592.13991853,Regular
BNBUSDT,2024-06-20 00:00:00.000,0.0,599.08518951,Regular
BNBUSDT,2024-06-20 08:00:00.000,0.0,605.20000000,Regular
BNBUSDT,2024-06-20 16:00:00.000,0.0,595.84688928,Regular
BNBUSDT,2024-06-21 00:00:00.000,0.0,587.32000000,Regular
BNBUSDT,2024-06-21 08:00:00.000,0.0,583.29451714,Regular
BNBUSDT,2024-06-21 16:00:00.000,0.0,582.95616052,Regular
BNBUSDT,2024-06-22 00:00:00.000,0.0,586.11000000,Regular
BNBUSDT,2024-06-22 08:00:00.000,0.0,586.88000000,Regular
BNBUSDT,2024-06-22 16:00:00.000,0.0,586.71112841,Regular
BNBUSDT,2024-06-23 00:00:00.000,0.0,590.98000000,Regular
BNBUSDT,2024-06-23 08:00:00.000,0.0,592.34000000,Regular
BNBUSDT,2024-06-23 16:00:00.000,0.0,585.05792617,Regular
BNBUSDT,2024-06-24 00:00:00.002,0.0,577.40000000,Regular
BNBUSDT,2024-06-24 08:00:00.000,0.0,570.71000000,Regular
BNBUSDT,2024-06-24 16:00:00.000,0.0,561.47837968,Regular
BNBUSDT,2024-06-25 00:00:00.000,0.0,568.04703428,Regular
BNBUSDT,2024-06-25 08:00:00.000,0.0,571.56000000,Regular
BNBUSDT,2024-06-25 16:00:00.000,0.0,577.40000000,Regular
BNBUSDT,2024-06-26 00:00:00.002,0.0,577.95000000,Regular
BNBUSDT,2024-06-26 08:00:00.000,0.0,578.67193883,Regular
BNBUSDT,2024-06-26 16:00:00.000,0.0,572.53952425,Regular
BNBUSDT,2024-06-27 00:00:00.000,0.0,573.08000000,Regular
BNBUSDT,2024-06-27 08:00:00.001,0.0,569.54000000,Regular
BNBUSDT,2024-06-27 16:00:00.000,0.0,579.42866843,Regular
BNBUSDT,2024-06-28 00:00:00.000,0.0,581.70880913,Regular
BNBUSDT,2024-06-28 08:00:00.000,0.0,576.58970134,Regular
BNBUSDT,2024-06-28 16:00:00.000,0.0,572.44530851,Regular
BNBUSDT,2024-06-29 00:00:00.001,0.0,567.70000000,Regular
BNBUSDT,2024-06-29 08:00:00.000,0.0,570.80951819,Regular
BNBUSDT,2024-06-29 16:00:00.000,0.0,572.80000000,Regular
BNBUSDT,2024-06-30 00:00:00.000,0.0,570.33458227,Regular
BNBUSDT,2024-06-30 08:00:00.000,0.0,576.24646009,Regular
BNBUSDT,2024-06-30 16:00:00.000,0.0,577.73337537,Regular
BNBUSDT,2024-07-01 00:00:00.000,0.0,582.63000000,Regular
BNBUSDT,2024-07-01 08:00:00.000,1.551e-05,585.06455527,Regular
BNBUSDT,2024-07-01 16:00:00.001,0.0,578.14000000,Regular
BNBUSDT,2024-07-02 00:00:00.000,0.0,577.16047959,Regular
BNBUSDT,2024-07-02 08:00:00.000,3.136e-05,578.84000000,Regular
BNBUSDT,2024-07-02 16:00:00.000,3.97e-06,575.92185374,Regular
BNBUSDT,2024-07-03 00:00:00.000,0.00012485,580.30558425,Regular
BNBUSDT,2024-07-03 08:00:00.001,1.476e-05,566.62000000,Regular
BNBUSDT,2024-07-03 16:00:00.000,0.0,558.31000000,Regular
BNBUSDT,2024-07-04 00:00:00.000,0.0,556.85656553,Regular
BNBUSDT,2024-07-04 08:00:00.000,0.0,530.11005050,Regular
BNBUSDT,2024-07-04 16:00:00.000,0.0,524.99000000,Regular
BNBUSDT,2024-07-05 00:00:00.000,0.0,513.30044701,Regular
BNBUSDT,2024-07-05 08:00:00.000,0.0,472.64472818,Regular
BNBUSDT,2024-07-05 16:00:00.000,0.0,495.19779182,Regular
BNBUSDT,2024-07-06 00:00:00.000,0.0,497.54000000,Regular
BNBUSDT,2024-07-06 08:00:00.000,0.0,507.75003618,Regular
BNBUSDT,2024-07-06 16:00:00.000,0.0,518.28000000,Regular
BNBUSDT,2024-07-07 00:00:00.001,0.0,526.08226778,Regular
BNBUSDT,2024-07-07 08:00:00.000,0.0,509.13177087,Regular
BNBUSDT,2024-07-07 16:00:00.000,0.0,498.02060565,Regular
BNBUSDT,2024-07-08 00:00:00.000,0.0,490.63000000,Regular
BNBUSDT,2024-07-08 08:00:00.000,0.0,501.52868493,Regular
BNBUSDT,2024-07-08 16:00:00.000,0.0,501.31167319,Regular
BNBUSDT,2024-07-09 00:00:00.000,0.0,510.37413829,Regular
BNBUSDT,2024-07-09 08:00:00.001,0.0,512.35838581,Regular
BNBUSDT,2024-07-09 16:00:00.000,0.0,516.97531166,Regular
BNBUSDT,2024-07-10 00:00:00.000,0.0,516.70469379,Regular
BNBUSDT,2024-07-10 08:00:00.000,0.0,522.44000000,Regular
BNBUSDT,2024-07-10 16:00:00.000,0.0,524.98799560,Regular
BNBUSDT,2024-07-11 00:00:00.002,0.0,524.69000000,Regular
BNBUSDT,2024-07-11 08:00:00.002,0.0,527.70811820,Regular
BNBUSDT,2024-07-11 16:00:00.004,0.0,524.33024255,Regular
BNBUSDT,2024-07-12 00:00:00.000,0.0,524.87000000,Regular
BNBUSDT,2024-07-12 08:00:00.000,0.0,521.32729510,Regular
BNBUSDT,2024-07-12 16:00:00.000,0.0,532.65000000,Regular
BNBUSDT,2024-07-13 00:00:00.000,0.0,534.08964936,Regular
BNBUSDT,2024-07-13 08:00:00.000,0.0,536.17000000,Regular
BNBUSDT,2024-07-13 16:00:00.000,0.0,532.07000000,Regular
BNBUSDT,2024-07-14 00:00:00.000,0.0,532.40140301,Regular
BNBUSDT,2024-07-14 08:00:00.000,0.0,537.51000000,Regular
BNBUSDT,2024-07-14 16:00:00.000,0.0,536.22000000,Regular
BNBUSDT,2024-07-15 00:00:00.000,0.0,544.78737437,Regular
BNBUSDT,2024-07-15 08:00:00.000,0.0,558.79000000,Regular
BNBUSDT,2024-07-15 16:00:00.000,0.0,573.71917840,Regular
BNBUSDT,2024-07-16 00:00:00.000,0.0,585.10000000,Regular
BNBUSDT,2024-07-16 08:00:00.000,0.0,562.44000000,Regular
BNBUSDT,2024-07-16 16:00:00.000,0.0,576.70000000,Regular
BNBUSDT,2024-07-17 00:00:00.000,0.0,576.06000000,Regular
BNBUSDT,2024-07-17 08:00:00.001,0.0,579.85623262,Regular
BNBUSDT,2024-07-17 16:00:00.000,0.0,572.75511502,Regular
BNBUSDT,2024-07-18 00:00:00.000,0.0,568.81973218,Regular
BNBUSDT,2024-07-18 08:00:00.000,0.0,572.26898797,Regular
BNBUSDT,2024-07-18 16:00:00.000,0.0,565.59000000,Regular
BNBUSDT,2024-07-19 00:00:00.000,0.0,571.97000000,Regular
BNBUSDT,2024-07-19 08:00:00.000,0.0,568.55172051,Regular
BNBUSDT,2024-07-19 16:00:00.000,0.0,591.72030863,Regular
BNBUSDT,2024-07-20 00:00:00.001,0.0,593.56000000,Regular
BNBUSDT,2024-07-20 08:00:00.000,0.0,590.03007815,Regular
BNBUSDT,2024-07-20 16:00:00.000,0.0,595.10435135,Regular
BNBUSDT,2024-07-21 00:00:00.000,0.0,593.16932499,Regular
BNBUSDT,2024-07-21 08:00:00.000,0.0,592.68865574,Regular
BNBUSDT,2024-07-21 16:00:00.000,0.0,599.27837573,Regular
BNBUSDT,2024-07-22 00:00:00.000,0.0,602.45696923,Regular
BNBUSDT,2024-07-22 08:00:00.000,0.0,594.03761979,Regular
BNBUSDT,2024-07-22 16:00:00.000,0.0,592.14528497,Regular
BNBUSDT,2024-07-23 00:00:00.000,0.0,587.33049872,Regular
BNBUSDT,2024-07-23 08:00:00.000,0.0,579.77163381,Regular
BNBUSDT,2024-07-23 16:00:00.000,0.0,585.30727580,Regular
BNBUSDT,2024-07-24 00:00:00.000,0.0,582.17947224,Regular
BNBUSDT,2024-07-24 08:00:00.000,0.0,586.19000000,Regular
BNBUSDT,2024-07-24 16:00:00.000,0.0,583.39000000,Regular
BNBUSDT,2024-07-25 00:00:00.000,0.0,574.79037247,Regular
BNBUSDT,2024-07-25 08:00:00.000,0.0,561.83853277,Regular
BNBUSDT,2024-07-25 16:00:00.000,0.0,565.16316714,Regular
BNBUSDT,2024-07-26 00:00:00.000,0.0,570.94000000,Regular
BNBUSDT,2024-07-26 08:00:00.000,0.0,579.64000000,Regular
BNBUSDT,2024-07-26 16:00:00.000,0.0,578.68000000,Regular
BNBUSDT,2024-07-27 00:00:00.000,0.0,581.00129057,Regular
BNBUSDT,2024-07-27 08:00:00.000,0.0,587.28079600,Regular
BNBUSDT,2024-07-27 16:00:00.000,0.0,585.69834609,Regular
BNBUSDT,2024-07-28 00:00:00.000,0.0,581.77432901,Regular
BNBUSDT,2024-07-28 08:00:00.000,0.0,579.09516878,Regular
BNBUSDT,2024-07-28 16:00:00.001,0.0,580.67998153,Regular
BNBUSDT,2024-07-29 00:00:00.001,0.0,584.21000000,Regular
BNBUSDT,2024-07-29 08:00:00.000,1.232e-05,594.13733440,Regular
BNBUSDT,2024-07-29 16:00:00.001,5.116e-05,583.25259771,Regular
BNBUSDT,2024-07-30 00:00:00.000,0.0,574.46000000,Regular
BNBUSDT,2024-07-30 08:00:00.001,0.0,574.73400109,Regular
BNBUSDT,2024-07-30 16:00:00.000,0.0,574.17000000,Regular
BNBUSDT,2024-07-31 00:00:00.000,0.0,588.33000000,Regular
BNBUSDT,2024-07-31 08:00:00.000,2.973e-05,586.29000000,Regular
BNBUSDT,2024-07-31 16:00:00.000,6.57e-06,586.88494136,Regular
BNBUSDT,2024-08-01 00:00:00.000,2.4e-07,576.78526988,Regular
BNBUSDT,2024-08-01 08:00:00.000,0.0,569.15000000,Regular
BNBUSDT,2024-08-01 16:00:00.000,1.797e-05,559.12000000,Regular
BNBUSDT,2024-08-02 00:00:00.000,0.0,575.31075392,Regular
BNBUSDT,2024-08-02 08:00:00.001,1.397e-05,570.98000000,Regular
BNBUSDT,2024-08-02 16:00:00.000,0.0,559.00000000,Regular
BNBUSDT,2024-08-03 00:00:00.000,0.0,543.15000000,Regular
BNBUSDT,2024-08-03 08:00:00.000,0.0,541.03900093,Regular
BNBUSDT,2024-08-03 16:00:00.001,0.0,532.17000000,Regular
BNBUSDT,2024-08-04 00:00:00.000,0.0,529.60005907,Regular
BNBUSDT,2024-08-04 08:00:00.000,0.0,523.73923267,Regular
BNBUSDT,2024-08-04 16:00:00.000,0.0,501.83309565,Regular
BNBUSDT,2024-08-05 00:00:00.000,0.0,496.94574207,Regular
BNBUSDT,2024-08-05 08:00:00.000,0.0,439.02688884,Regular
BNBUSDT,2024-08-05 16:00:00.000,0.0,462.02000000,Regular
BNBUSDT,2024-08-06 00:00:00.000,0.0,464.17000000,Regular
BNBUSDT,2024-08-06 08:00:00.000,-0.00010267,491.92000000,Regular
BNBUSDT,2024-08-06 16:00:00.000,0.0,487.79000000,Regular
BNBUSDT,2024-08-07 00:00:00.000,0.0,484.80756992,Regular
BNBUSDT,2024-08-07 08:00:00.001,0.0,491.79000000,Regular
BNBUSDT,2024-08-07 16:00:00.000,0.0,480.73000000,Regular
BNBUSDT,2024-08-08 00:00:00.001,0.0,474.86006681,Regular
BNBUSDT,2024-08-08 08:00:00.000,0.0,485.29000000,Regular
BNBUSDT,2024-08-08 16:00:00.000,0.0,498.90000000,Regular
BNBUSDT,2024-08-09 00:00:00.000,0.0,517.04000000,Regular
BNBUSDT,2024-08-09 08:00:00.000,0.0,509.54780528,Regular
BNBUSDT,2024-08-09 16:00:00.000,0.0,501.63000000,Regular
BNBUSDT,2024-08-10 00:00:00.000,0.0,508.87000000,Regular
BNBUSDT,2024-08-10 08:00:00.000,0.0,512.12551341,Regular
BNBUSDT,2024-08-10 16:00:00.000,0.0,514.64863597,Regular
BNBUSDT,2024-08-11 00:00:00.000,0.0,523.30000000,Regular
BNBUSDT,2024-08-11 08:00:00.000,0.0,533.65626010,Regular
BNBUSDT,2024-08-11 16:00:00.001,0.0,520.36932195,Regular
BNBUSDT,2024-08-12 00:00:00.000,0.0,503.54152657,Regular
BNBUSDT,2024-08-12 08:00:00.000,0.0,509.68000000,Regular
BNBUSDT,2024-08-12 16:00:00.000,0.0,519.59000000,Regular
BNBUSDT,2024-08-13 00:00:00.000,0.0,518.45657508,Regular
BNBUSDT,2024-08-13 08:00:00.000,0.0,523.48319103,Regular
BNBUSDT,2024-08-13 16:00:00.000,0.0,517.22000000,Regular
BNBUSDT,2024-08-14 00:00:00.000,0.0,524.27677889,Regular
BNBUSDT,2024-08-14 08:00:00.000,0.0,526.60641273,Regular
BNBUSDT,2024-08-14 16:00:00.000,0.0,524.85124565,Regular
BNBUSDT,2024-08-15 00:00:00.000,0.0,523.21179110,Regular
BNBUSDT,2024-08-15 08:00:00.000,0.0,517.27000000,Regular
BNBUSDT,2024-08-15 16:00:00.000,0.0,530.94524435,Regular
BNBUSDT,2024-08-16 00:00:00.000,0.0,518.87000000,Regular
BNBUSDT,2024-08-16 08:00:00.000,0.0,523.67000000,Regular
BNBUSDT,2024-08-16 16:00:00.000,-6.462e-05,514.66000000,Regular
BNBUSDT,2024-08-17 00:00:00.000,-1.124e-05,519.48448167,Regular
BNBUSDT,2024-08-17 08:00:00.000,0.0,523.27128919,Regular
BNBUSDT,2024-08-17 16:00:00.000,0.0,534.37321278,Regular
BNBUSDT,2024-08-18 00:00:00.000,0.0,541.79143229,Regular
BNBUSDT,2024-08-18 08:00:00.000,0.0,540.53352933,Regular
BNBUSDT,2024-08-18 16:00:00.000,0.0,538.94000000,Regular
BNBUSDT,2024-08-19 00:00:00.000,0.0,531.27000000,Regular
BNBUSDT,2024-08-19 08:00:00.000,0.0,533.69718295,Regular
BNBUSDT,2024-08-19 16:00:00.002,0.0,543.55917518,Regular
BNBUSDT,2024-08-20 00:00:00.000,0.0,558.75717063,Regular
BNBUSDT,2024-08-20 08:00:00.000,0.0,569.12874352,Regular
BNBUSDT,2024-08-20 16:00:00.001,0.0,561.65000000,Regular
BNBUSDT,2024-08-21 00:00:00.001,0.0,569.42129403,Regular
BNBUSDT,2024-08-21 08:00:00.000,0.0,560.78253367,Regular
BNBUSDT,2024-08-21 16:00:00.001,0.0,554.21000000,Regular
BNBUSDT,2024-08-22 00:00:00.000,-8.055e-05,569.80000000,Regular
BNBUSDT,2024-08-22 08:00:00.000,0.0,576.71000000,Regular
BNBUSDT,2024-08-22 16:00:00.008,0.0,579.55000000,Regular
BNBUSDT,2024-08-23 00:00:00.000,-0.00020609,582.80000000,Regular
BNBUSDT,2024-08-23 08:00:00.000,-0.00016127,579.29000000,Regular
BNBUSDT,2024-08-23 16:00:00.000,-0.00025172,580.37987248,Regular
BNBUSDT,2024-08-24 00:00:00.000,-0.00033776,591.29000000,Regular
BNBUSDT,2024-08-24 08:00:00.005,0.0,578.67143947,Regular
BNBUSDT,2024-08-24 16:00:00.000,-0.00025018,578.21000000,Regular
BNBUSDT,2024-08-25 00:00:00.000,-0.00017985,580.43395373,Regular
BNBUSDT,2024-08-25 08:00:00.000,-0.00018285,570.66963319,Regular
BNBUSDT,2024-08-25 16:00:00.000,0.0,574.97000000,Regular
BNBUSDT,2024-08-26 00:00:00.000,-6.6e-07,573.57293456,Regular
BNBUSDT,2024-08-26 08:00:00.001,0.0,561.74773519,Regular
BNBUSDT,2024-08-26 16:00:00.000,0.0,558.38122372,Regular
BNBUSDT,2024-08-27 00:00:00.001,0.0,548.15569420,Regular
BNBUSDT,2024-08-27 08:00:00.000,0.0,555.46193364,Regular
BNBUSDT,2024-08-27 16:00:00.000,0.0,552.06482293,Regular
BNBUSDT,2024-08-28 00:00:00.000,0.0,533.17000000,Regular
BNBUSDT,2024-08-28 08:00:00.000,0.0,532.78843596,Regular
BNBUSDT,2024-08-28 16:00:00.001,0.0,533.53000000,Regular
BNBUSDT,2024-08-29 00:00:00.000,0.0,536.84555883,Regular
BNBUSDT,2024-08-29 08:00:00.001,0.0,541.17084580,Regular
BNBUSDT,2024-08-29 16:00:00.000,0.0,541.34000000,Regular
BNBUSDT,2024-08-30 00:00:00.000,0.0,536.41522197,Regular
BNBUSDT,2024-08-30 08:00:00.000,0.0,533.09254382,Regular
BNBUSDT,2024-08-30 16:00:00.000,0.0,523.35000000,Regular
BNBUSDT,2024-08-31 00:00:00.000,0.0,535.00000000,Regular
BNBUSDT,2024-08-31 08:00:00.000,0.0,535.72469273,Regular
BNBUSDT,2024-08-31 16:00:00.000,0.0,535.78000000,Regular
BNBUSDT,2024-09-01 00:00:00.000,0.0,532.88408468,Regular
BNBUSDT,2024-09-01 08:00:00.001,0.0,521.93600986,Regular
BNBUSDT,2024-09-01 16:00:00.000,-5.365e-05,520.41595886,Regular
BNBUSDT,2024-09-02 00:00:00.001,0.0,512.22535575,Regular
BNBUSDT,2024-09-02 08:00:00.001,0.0,503.25000000,Regular
BNBUSDT,2024-09-02 16:00:00.000,0.0,522.16234752,Regular
BNBUSDT,2024-09-03 00:00:00.000,0.0,526.41000000,Regular
BNBUSDT,2024-09-03 08:00:00.001,0.0,535.07000000,Regular
BNBUSDT,2024-09-03 16:00:00.000,0.0,522.17823071,Regular
BNBUSDT,2024-09-04 00:00:00.000,0.0,518.80080162,Regular
BNBUSDT,2024-09-04 08:00:00.000,0.0,510.33000000,Regular
BNBUSDT,2024-09-04 16:00:00.000,0.0,508.89358089,Regular
BNBUSDT,2024-09-05 00:00:00.000,0.0,507.72771199,Regular
BNBUSDT,2024-09-05 08:00:00.000,0.0,506.72572027,Regular
BNBUSDT,2024-09-05 16:00:00.005,0.0,501.47000000,Regular
BNBUSDT,2024-09-06 00:00:00.000,0.0,502.48000000,Regular
BNBUSDT,2024-09-06 08:00:00.001,0.0,501.38000000,Regular
BNBUSDT,2024-09-06 16:00:00.000,0.0,492.50910173,Regular
BNBUSDT,2024-09-07 00:00:00.000,0.0,487.04000000,Regular
BNBUSDT,2024-09-07 08:00:00.000,0.0,495.12946876,Regular
BNBUSDT,2024-09-07 16:00:00.000,0.0,497.68055301,Regular
BNBUSDT,2024-09-08 00:00:00.000,0.0,493.37000000,Regular
BNBUSDT,2024-09-08 08:00:00.000,0.0,503.02000000,Regular
BNBUSDT,2024-09-08 16:00:00.000,0.0,491.61598077,Regular
BNBUSDT,2024-09-09 00:00:00.000,0.0,503.03000000,Regular
BNBUSDT,2024-09-09 08:00:00.000,0.0,506.97028064,Regular
BNBUSDT,2024-09-09 16:00:00.001,0.0,506.22222695,Regular
BNBUSDT,2024-09-10 00:00:00.000,3.94e-06,518.91000000,Regular
BNBUSDT,2024-09-10 08:00:00.000,0.0,520.23380420,Regular
BNBUSDT,2024-09-10 16:00:00.000,0.0,514.24170525,Regular
BNBUSDT,2024-09-11 00:00:00.000,0.0,517.13803771,Regular
BNBUSDT,2024-09-11 08:00:00.000,0.0,514.10000000,Regular
BNBUSDT,2024-09-11 16:00:00.000,0.0,518.10203740,Regular
BNBUSDT,2024-09-12 00:00:00.000,0.0,530.28962306,Regular
BNBUSDT,2024-09-12 08:00:00.000,0.0,542.28000000,Regular
BNBUSDT,2024-09-12 16:00:00.000,0.0,535.68073776,Regular
BNBUSDT,2024-09-13 00:00:00.000,0.0,544.55726134,Regular
BNBUSDT,2024-09-13 08:00:00.001,0.0,542.77116683,Regular
BNBUSDT,2024-09-13 16:00:00.001,0.0,553.53000000,Regular
BNBUSDT,2024-09-14 00:00:00.000,0.0,556.06144403,Regular
BNBUSDT,2024-09-14 08:00:00.000,0.0,553.67000000,Regular
BNBUSDT,2024-09-14 16:00:00.001,0.0,550.87162593,Regular
BNBUSDT,2024-09-15 00:00:00.000,0.0,553.21000000,Regular
BNBUSDT,2024-09-15 08:00:00.000,0.0,554.94575836,Regular
BNBUSDT,2024-09-15 16:00:00.000,0.0,561.32000000,Regular
BNBUSDT,2024-09-16 00:00:00.000,0.0,553.17228932,Regular
BNBUSDT,2024-09-16 08:00:00.001,-0.00014697,550.34000000,Regular
BNBUSDT,2024-09-16 16:00:00.000,-3.343e-05,534.81350481,Regular
BNBUSDT,2024-09-17 00:00:00.001,-0.00015539,533.37000000,Regular
BNBUSDT,2024-09-17 08:00:00.000,-9.55e-06,538.07574086,Regular
BNBUSDT,2024-09-17 16:00:00.000,-0.00012454,549.73000000,Regular
BNBUSDT,2024-09-18 00:00:00.000,-0.00011651,546.03123054,Regular
BNBUSDT,2024-09-18 08:00:00.000,-0.00012655,545.22052203,Regular
BNBUSDT,2024-09-18 16:00:00.004,-3.002e-05,537.92841105,Regular
BNBUSDT,2024-09-19 00:00:00.000,-2.078e-05,559.28996117,Regular
BNBUSDT,2024-09-19 08:00:00.000,0.0,556.92375324,Regular
BNBUSDT,2024-09-19 16:00:00.001,-0.00035746,564.83689031,Regular
BNBUSDT,2024-09-20 00:00:00.000,-7.39e-05,566.85000000,Regular
BNBUSDT,2024-09-20 08:00:00.001,0.0,573.54172773,Regular
BNBUSDT,2024-09-20 16:00:00.000,0.0,569.78000000,Regular
BNBUSDT,2024-09-21 00:00:00.001,0.0,568.92590048,Regular
BNBUSDT,2024-09-21 08:00:00.000,0.0,582.76142144,Regular
BNBUSDT,2024-09-21 16:00:00.000,0.0,583.78520513,Regular
BNBUSDT,2024-09-22 00:00:00.000,0.0,588.84678930,Regular
BNBUSDT,2024-09-22 08:00:00.000,0.0,584.75000000,Regular
BNBUSDT,2024-09-22 16:00:00.000,0.0,580.66000000,Regular
BNBUSDT,2024-09-23 00:00:00.000,0.0,588.57128884,Regular
BNBUSDT,2024-09-23 08:00:00.000,0.0,591.16000000,Regular
BNBUSDT,2024-09-23 16:00:00.000,0.0,600.85000000,Regular
BNBUSDT,2024-09-24 00:00:00.000,6.712e-05,604.97000000,Regular
BNBUSDT,2024-09-24 08:00:00.000,0.0,602.51767169,Regular
BNBUSDT,2024-09-24 16:00:00.001,0.0,606.56000000,Regular
BNBUSDT,2024-09-25 00:00:00.000,0.0,605.91048274,Regular
BNBUSDT,2024-09-25 08:00:00.003,0.0,596.19000000,Regular
BNBUSDT,2024-09-25 16:00:00.000,0.0,593.35323807,Regular
BNBUSDT,2024-09-26 00:00:00.005,0.0,587.58657782,Regular
BNBUSDT,2024-09-26 08:00:00.000,0.0,596.22800180,Regular
BNBUSDT,2024-09-26 16:00:00.000,0.0,601.90526170,Regular
BNBUSDT,2024-09-27 00:00:00.000,0.0,596.41198007,Regular
BNBUSDT,2024-09-27 08:00:00.000,0.0,604.32000000,Regular
BNBUSDT,2024-09-27 16:00:00.000,0.0,609.30519655,Regular
BNBUSDT,2024-09-28 00:00:00.000,0.0,607.27306482,Regular
BNBUSDT,2024-09-28 08:00:00.001,5.223e-05,602.74000000,Regular
BNBUSDT,2024-09-28 16:00:00.000,0.0,601.14535740,Regular
BNBUSDT,2024-09-29 00:00:00.001,0.0,601.12000000,Regular
BNBUSDT,2024-09-29 08:00:00.000,0.0,593.74811460,Regular
BNBUSDT,2024-09-29 16:00:00.000,0.0,597.34000000,Regular
BNBUSDT,2024-09-30 00:00:00.000,0.0,595.76000000,Regular
BNBUSDT,2024-09-30 08:00:00.001,0.0,582.43509785,Regular
BNBUSDT,2024-09-30 16:00:00.000,0.0,571.24626012,Regular
BNBUSDT,2024-10-01 00:00:00.000,0.0,567.65000000,Regular
BNBUSDT,2024-10-01 08:00:00.000,0.0,581.22000000,Regular
BNBUSDT,2024-10-01 16:00:00.001,0.0,561.50818434,Regular
BNBUSDT,2024-10-02 00:00:00.000,-2.629e-05,547.08959554,Regular
BNBUSDT,2024-10-02 08:00:00.000,0.0,556.16088113,Regular
BNBUSDT,2024-10-02 16:00:00.000,0.0,549.25000000,Regular
BNBUSDT,2024-10-03 00:00:00.000,0.0,542.38616969,Regular
BNBUSDT,2024-10-03 08:00:00.000,0.0,545.07000000,Regular
BNBUSDT,2024-10-03 16:00:00.000,-0.00013994,541.10595885,Regular
BNBUSDT,2024-10-04 00:00:00.000,0.0,544.64000000,Regular
BNBUSDT,2024-10-04 08:00:00.000,0.0,550.54000000,Regular
BNBUSDT,2024-10-04 16:00:00.001,0.0,553.36000000,Regular
BNBUSDT,2024-10-05 00:00:00.000,0.0,555.31102073,Regular
BNBUSDT,2024-10-05 08:00:00.000,0.0,561.64000000,Regular
BNBUSDT,2024-10-05 16:00:00.000,0.0,564.32693288,Regular
BNBUSDT,2024-10-06 00:00:00.000,0.0,563.02553886,Regular
BNBUSDT,2024-10-06 08:00:00.001,0.0,562.67000000,Regular
BNBUSDT,2024-10-06 16:00:00.000,0.0,567.28000000,Regular
BNBUSDT,2024-10-07 00:00:00.000,0.0,570.26000000,Regular
BNBUSDT,2024-10-07 08:00:00.000,0.0,575.79161945,Regular
BNBUSDT,2024-10-07 16:00:00.001,0.0,575.67620018,Regular
BNBUSDT,2024-10-08 00:00:00.000,0.0,564.31894162,Regular
BNBUSDT,2024-10-08 08:00:00.000,0.0,563.39712867,Regular
BNBUSDT,2024-10-08 16:00:00.000,0.0,577.64000000,Regular
BNBUSDT,2024-10-09 00:00:00.000,-0.00037285,579.97215018,Regular
BNBUSDT,2024-10-09 08:00:00.000,-0.00055575,581.64000000,Regular
BNBUSDT,2024-10-09 16:00:00.000,-0.00031397,580.78000000,Regular
BNBUSDT,2024-10-10 00:00:00.000,-7.384e-05,570.35000000,Regular
BNBUSDT,2024-10-10 08:00:00.000,-9.86e-05,569.70000000,Regular
BNBUSDT,2024-10-10 16:00:00.000,-0.0001291,565.12000000,Regular
BNBUSDT,2024-10-11 00:00:00.000,-0.00015143,563.63000000,Regular
BNBUSDT,2024-10-11 08:00:00.000,0.0,560.51000000,Regular
BNBUSDT,2024-10-11 16:00:00.001,0.0,571.93964794,Regular
BNBUSDT,2024-10-12 00:00:00.000,0.0,573.65323902,Regular
BNBUSDT,2024-10-12 08:00:00.001,0.0,575.35000000,Regular
BNBUSDT,2024-10-12 16:00:00.000,0.0,575.96572518,Regular
BNBUSDT,2024-10-13 00:00:00.000,0.0,576.52800325,Regular
BNBUSDT,2024-10-13 08:00:00.000,0.0,574.23474098,Regular
BNBUSDT,2024-10-13 16:00:00.000,0.0,566.86274181,Regular
BNBUSDT,2024-10-14 00:00:00.000,0.0,572.21000000,Regular
BNBUSDT,2024-10-14 08:00:00.000,0.0,580.57629400,Regular
BNBUSDT,2024-10-14 16:00:00.000,0.0,588.20000000,Regular
BNBUSDT,2024-10-15 00:00:00.000,0.0,589.27185869,Regular
BNBUSDT,2024-10-15 08:00:00.000,6.46e-05,585.03000000,Regular
BNBUSDT,2024-10-15 16:00:00.000,1.914e-05,589.60000000,Regular
BNBUSDT,2024-10-16 00:00:00.000,6.645e-05,594.89000000,Regular
BNBUSDT,2024-10-16 08:00:00.001,3.157e-05,591.42137403,Regular
BNBUSDT,2024-10-16 16:00:00.000,0.0,595.45408312,Regular
BNBUSDT,2024-10-17 00:00:00.000,0.0,601.13000000,Regular
BNBUSDT,2024-10-17 08:00:00.000,0.0,597.17408589,Regular
BNBUSDT,2024-10-17 16:00:00.001,0.0,594.12000000,Regular
BNBUSDT,2024-10-18 00:00:00.010,0.0,592.83000000,Regular
BNBUSDT,2024-10-18 08:00:00.001,0.0,597.89000000,Regular
BNBUSDT,2024-10-18 16:00:00.000,0.0,600.71242367,Regular
BNBUSDT,2024-10-19 00:00:00.000,0.0,599.03000000,Regular
BNBUSDT,2024-10-19 08:00:00.000,0.0,597.75097504,Regular
BNBUSDT,2024-10-19 16:00:00.000,0.0,596.84905599,Regular
BNBUSDT,2024-10-20 00:00:00.000,0.0,597.90733105,Regular
BNBUSDT,2024-10-20 08:00:00.000,0.0,597.58474943,Regular
BNBUSDT,2024-10-20 16:00:00.000,0.0,599.21000000,Regular
BNBUSDT,2024-10-21 00:00:00.000,0.0,606.28000000,Regular
BNBUSDT,2024-10-21 08:00:00.000,0.00016124,609.29000000,Regular
BNBUSDT,2024-10-21 16:00:00.000,0.0,595.97000000,Regular
BNBUSDT,2024-10-22 00:00:00.000,0.0,598.73000000,Regular
BNBUSDT,2024-10-22 08:00:00.000,0.0,595.20918031,Regular
BNBUSDT,2024-10-22 16:00:00.000,0.0,596.70756835,Regular
BNBUSDT,2024-10-23 00:00:00.000,0.0,593.79418906,Regular
BNBUSDT,2024-10-23 08:00:00.000,0.0,584.14041084,Regular
BNBUSDT,2024-10-23 16:00:00.000,0.0,579.61335426,Regular
BNBUSDT,2024-10-24 00:00:00.000,0.0,584.93149803,Regular
BNBUSDT,2024-10-24 08:00:00.000,0.0,590.73157116,Regular
BNBUSDT,2024-10-24 16:00:00.000,0.0,592.49000000,Regular
BNBUSDT,2024-10-25 00:00:00.000,0.0,594.65000000,Regular
BNBUSDT,2024-10-25 08:00:00.000,0.0,588.59000000,Regular
BNBUSDT,2024-10-25 16:00:00.000,0.0,589.78011531,Regular
BNBUSDT,2024-10-26 00:00:00.000,0.0,574.75267614,Regular
BNBUSDT,2024-10-26 08:00:00.001,0.0,579.81000000,Regular
BNBUSDT,2024-10-26 16:00:00.000,0.0,580.83148221,Regular
BNBUSDT,2024-10-27 00:00:00.000,0.0,583.35270541,Regular
BNBUSDT,2024-10-27 08:00:00.000,0.0,584.82191064,Regular
BNBUSDT,2024-10-27 16:00:00.000,0.0,587.40000000,Regular
BNBUSDT,2024-10-28 00:00:00.000,0.0,589.27130757,Regular
BNBUSDT,2024-10-28 08:00:00.001,0.0,591.60952314,Regular
BNBUSDT,2024-10-28 16:00:00.000,0.0,590.59192725,Regular
BNBUSDT,2024-10-29 00:00:00.000,0.0,601.30818749,Regular
BNBUSDT,2024-10-29 08:00:00.000,4.545e-05,604.47745307,Regular
BNBUSDT,2024-10-29 16:00:00.004,0.0,610.48188115,Regular
BNBUSDT,2024-10-30 00:00:00.000,0.0002239,606.71000000,Regular
BNBUSDT,2024-10-30 08:00:00.000,0.00014298,602.50000000,Regular
BNBUSDT,2024-10-30 16:00:00.013,0.0,597.32000000,Regular
BNBUSDT,2024-10-31 00:00:00.000,7.648e-05,595.90000000,Regular
BNBUSDT,2024-10-31 08:00:00.000,3.528e-05,588.13000000,Regular
BNBUSDT,2024-10-31 16:00:00.000,0.0,580.58055788,Regular
BNBUSDT,2024-11-01 00:00:00.000,0.0,576.64920029,Regular
BNBUSDT,2024-11-01 08:00:00.000,0.0,574.76409095,Regular
BNBUSDT,2024-11-01 16:00:00.000,0.0,571.71000000,Regular
BNBUSDT,2024-11-02 00:00:00.000,0.0,572.92000000,Regular
BNBUSDT,2024-11-02 08:00:00.000,0.0,576.22455280,Regular
BNBUSDT,2024-11-02 16:00:00.000,0.0,566.47000000,Regular
BNBUSDT,2024-11-03 00:00:00.000,0.0,568.58000000,Regular
BNBUSDT,2024-11-03 08:00:00.000,0.0,563.64206705,Regular
BNBUSDT,2024-11-03 16:00:00.000,0.0,551.79666095,Regular
BNBUSDT,2024-11-04 00:00:00.000,0.0,557.76833979,Regular
BNBUSDT,2024-11-04 08:00:00.000,0.0,558.80348077,Regular
BNBUSDT,2024-11-04 16:00:00.000,0.0,559.56602906,Regular
BNBUSDT,2024-11-05 00:00:00.000,0.0,552.51000000,Regular
BNBUSDT,2024-11-05 08:00:00.003,0.0,560.66082163,Regular
BNBUSDT,2024-11-05 16:00:00.001,0.0,564.36928256,Regular
BNBUSDT,2024-11-06 00:00:00.000,0.0,563.29000000,Regular
BNBUSDT,2024-11-06 08:00:00.000,2.834e-05,584.23523112,Regular
BNBUSDT,2024-11-06 16:00:00.000,7.705e-05,583.47000000,Regular
BNBUSDT,2024-11-07 00:00:00.000,4.19e-05,592.62000000,Regular
BNBUSDT,2024-11-07 08:00:00.000,0.00027164,596.15000000,Regular
BNBUSDT,2024-11-07 16:00:00.000,9.543e-05,598.19000000,Regular
BNBUSDT,2024-11-08 00:00:00.000,0.00013806,598.71335042,Regular
BNBUSDT,2024-11-08 08:00:00.000,0.00012525,599.45000000,Regular
BNBUSDT,2024-11-08 16:00:00.000,0.00012741,597.75610454,Regular
BNBUSDT,2024-11-09 00:00:00.000,0.00014585,598.17928844,Regular
BNBUSDT,2024-11-09 08:00:00.000,0.00018785,629.50170943,Regular
BNBUSDT,2024-11-09 16:00:00.000,0.00015914,617.34674093,Regular
BNBUSDT,2024-11-10 00:00:00.000,9.947e-05,625.04038216,Regular
BNBUSDT,2024-11-10 08:00:00.000,0.00029165,629.88000000,Regular
BNBUSDT,2024-11-10 16:00:00.000,0.00039432,640.54000000,Regular
BNBUSDT,2024-11-11 00:00:00.001,0.00025293,627.85000000,Regular
BNBUSDT,2024-11-11 08:00:00.000,0.00019878,616.38262162,Regular
BNBUSDT,2024-11-11 16:00:00.000,0.00021978,626.38071012,Regular
BNBUSDT,2024-11-12 00:00:00.002,0.0004155,660.53000000,Regular
BNBUSDT,2024-11-12 08:00:00.000,0.00042666,649.03189263,Regular
BNBUSDT,2024-11-12 16:00:00.000,0.00029213,625.90335488,Regular
BNBUSDT,2024-11-13 00:00:00.000,0.00015032,625.71406104,Regular
BNBUSDT,2024-11-13 08:00:00.010,9.601e-05,607.97501253,Regular
BNBUSDT,2024-11-13 16:00:00.000,0.0001672,629.58000000,Regular
BNBUSDT,2024-11-14 00:00:00.001,0.00010701,621.18000000,Regular
BNBUSDT,2024-11-14 08:00:00.000,0.00015621,660.15999798,Regular
BNBUSDT,2024-11-14 16:00:00.000,0.0,628.59015030,Regular
BNBUSDT,2024-11-15 00:00:00.000,2.259e-05,622.52678859,Regular
BNBUSDT,2024-11-15 08:00:00.000,0.0,615.66000000,Regular
BNBUSDT,2024-11-15 16:00:00.000,0.0,606.88361864,Regular
BNBUSDT,2024-11-16 00:00:00.001,0.0,619.61485055,Regular
BNBUSDT,2024-11-16 08:00:00.001,0.00014634,623.68000000,Regular
BNBUSDT,2024-11-16 16:00:00.000,0.00011027,623.60820572,Regular
BNBUSDT,2024-11-17 00:00:00.000,0.00010792,623.09480155,Regular
BNBUSDT,2024-11-17 08:00:00.000,0.0,639.04860683,Regular
BNBUSDT,2024-11-17 16:00:00.001,6.84e-06,625.15000000,Regular
BNBUSDT,2024-11-18 00:00:00.000,0.0,618.97428819,Regular
BNBUSDT,2024-11-18 08:00:00.000,7.4e-06,626.94151179,Regular
BNBUSDT,2024-11-18 16:00:00.000,0.0,624.69062353,Regular
BNBUSDT,2024-11-19 00:00:00.000,0.00010006,619.46000000,Regular
BNBUSDT,2024-11-19 08:00:00.000,0.00020322,618.01000000,Regular
BNBUSDT,2024-11-19 16:00:00.000,0.00021252,615.51000000,Regular
BNBUSDT,2024-11-20 00:00:00.003,0.00017739,615.93000000,Regular
BNBUSDT,2024-11-20 08:00:00.000,0.00015552,613.24495715,Regular
BNBUSDT,2024-11-20 16:00:00.000,0.00013045,615.62000000,Regular
BNBUSDT,2024-11-21 00:00:00.001,7.61e-05,605.78000000,Regular
BNBUSDT,2024-11-21 08:00:00.000,0.0001129,612.85950585,Regular
BNBUSDT,2024-11-21 16:00:00.001,0.00018601,617.04699908,Regular
BNBUSDT,2024-11-22 00:00:00.000,0.00026039,622.33000000,Regular
BNBUSDT,2024-11-22 08:00:00.000,0.00022074,627.64000000,Regular
BNBUSDT,2024-11-22 16:00:00.001,0.00025697,624.95000000,Regular
BNBUSDT,2024-11-23 00:00:00.000,0.00025849,633.51000000,Regular
BNBUSDT,2024-11-23 08:00:00.000,0.00031409,664.59000000,Regular
BNBUSDT,2024-11-23 16:00:00.000,0.00026825,670.13086133,Regular
BNBUSDT,2024-11-24 00:00:00.001,0.00027182,650.81503322,Regular
BNBUSDT,2024-11-24 08:00:00.000,0.00023194,673.32000000,Regular
BNBUSDT,2024-11-24 16:00:00.000,0.00027586,643.01056309,Regular
BNBUSDT,2024-11-25 00:00:00.000,0.00016463,660.22000000,Regular
BNBUSDT,2024-11-25 08:00:00.000,0.00023382,661.73000000,Regular
BNBUSDT,2024-11-25 16:00:00.000,0.00017218,649.08497590,Regular
BNBUSDT,2024-11-26 00:00:00.000,0.00019876,636.58882881,Regular
BNBUSDT,2024-11-26 08:00:00.000,0.00021015,641.97000000,Regular
BNBUSDT,2024-11-26 16:00:00.000,0.00013059,614.43000000,Regular
BNBUSDT,2024-11-27 00:00:00.000,0.00014198,613.94000000,Regular
BNBUSDT,2024-11-27 08:00:00.000,0.0001679,622.47000000,Regular
BNBUSDT,2024-11-27 16:00:00.001,0.00018095,636.96000000,Regular
BNBUSDT,2024-11-28 00:00:00.000,0.00025048,644.66000000,Regular
BNBUSDT,2024-11-28 08:00:00.000,0.00029079,650.38394998,Regular
BNBUSDT,2024-11-28 16:00:00.000,0.00016874,646.73698806,Regular
BNBUSDT,2024-11-29 00:00:00.000,0.00025917,654.33000000,Regular
BNBUSDT,2024-11-29 08:00:00.000,0.00017784,650.19758561,Regular
BNBUSDT,2024-11-29 16:00:00.000,0.00023522,660.09802074,Regular
BNBUSDT,2024-11-30 00:00:00.000,0.00025161,655.08695713,Regular
BNBUSDT,2024-11-30 08:00:00.000,0.00028198,673.66469574,Regular
BNBUSDT,2024-11-30 16:00:00.000,0.00017695,656.65000000,Regular
BNBUSDT,2024-12-01 00:00:00.000,0.00020315,653.88000000,Regular
BNBUSDT,2024-12-01 08:00:00.000,0.00023081,651.55979249,Regular
BNBUSDT,2024-12-01 16:00:00.000,0.00025892,662.74143169,Regular
BNBUSDT,2024-12-02 00:00:00.001,0.00034152,656.57138441,Regular
BNBUSDT,2024-12-02 08:00:00.001,0.00025785,647.27000000,Regular
BNBUSDT,2024-12-02 16:00:00.000,0.00031152,650.29000000,Regular
BNBUSDT,2024-12-03 00:00:00.000,0.00036686,648.30000000,Regular
BNBUSDT,2024-12-03 08:00:00.000,0.00043533,648.59000000,Regular
BNBUSDT,2024-12-03 16:00:00.000,0.0002647,643.12304368,Regular
BNBUSDT,2024-12-04 00:00:00.000,0.00027322,735.59442917,Regular
BNBUSDT,2024-12-04 08:00:00.000,0.00025819,765.25000000,Regular
BNBUSDT,2024-12-04 16:00:00.000,0.00030723,756.90560687,Regular
BNBUSDT,2024-12-05 00:00:00.001,0.00042947,740.43289727,Regular
BNBUSDT,2024-12-05 08:00:00.000,0.00038805,729.88000000,Regular
BNBUSDT,2024-12-05 16:00:00.000,0.00034913,724.84000000,Regular
BNBUSDT,2024-12-06 00:00:00.000,0.00028199,717.76000000,Regular
BNBUSDT,2024-12-06 08:00:00.000,0.00024535,725.94751228,Regular
BNBUSDT,2024-12-06 16:00:00.000,0.00018233,733.36000000,Regular
BNBUSDT,2024-12-07 00:00:00.000,0.00033562,730.75000000,Regular
BNBUSDT,2024-12-07 08:00:00.000,0.00024332,739.18335461,Regular
BNBUSDT,2024-12-07 16:00:00.000,0.00029675,755.80000000,Regular
BNBUSDT,2024-12-08 00:00:00.000,0.00019104,750.34000000,Regular
BNBUSDT,2024-12-08 08:00:00.000,0.00025929,747.53000000,Regular
BNBUSDT,2024-12-08 16:00:00.000,0.00012175,740.65000000,Regular
BNBUSDT,2024-12-09 00:00:00.000,0.0002588,742.45400469,Regular
BNBUSDT,2024-12-09 08:00:00.000,0.00017589,720.92641065,Regular
BNBUSDT,2024-12-09 16:00:00.001,0.00021516,715.75000000,Regular
BNBUSDT,2024-12-10 00:00:00.007,0.0,689.59000000,Regular
BNBUSDT,2024-12-10 08:00:00.000,9.225e-05,693.32000000,Regular
BNBUSDT,2024-12-10 16:00:00.000,5.529e-05,657.71148755,Regular
BNBUSDT,2024-12-11 00:00:00.000,7.477e-05,677.23000000,Regular
BNBUSDT,2024-12-11 08:00:00.000,6.03e-05,677.82682812,Regular
BNBUSDT,2024-12-11 16:00:00.001,7.029e-05,695.48000000,Regular
BNBUSDT,2024-12-12 00:00:00.001,8.003e-05,711.64952694,Regular
BNBUSDT,2024-12-12 08:00:00.000,3.327e-05,715.12098289,Regular
BNBUSDT,2024-12-12 16:00:00.001,1.34e-05,714.88965642,Regular
BNBUSDT,2024-12-13 00:00:00.000,8.474e-05,706.18000000,Regular
BNBUSDT,2024-12-13 08:00:00.000,0.00010016,701.95811765,Regular
BNBUSDT,2024-12-13 16:00:00.001,0.0,708.78349004,Regular
BNBUSDT,2024-12-14 00:00:00.000,0.0,725.73143615,Regular
BNBUSDT,2024-12-14 08:00:00.000,0.0,728.26000000,Regular
BNBUSDT,2024-12-14 16:00:00.000,0.0,715.05881389,Regular
BNBUSDT,2024-12-15 00:00:00.000,0.0,715.59292069,Regular
BNBUSDT,2024-12-15 08:00:00.000,0.0,706.53000000,Regular
BNBUSDT,2024-12-15 16:00:00.000,0.0,716.79323206,Regular
BNBUSDT,2024-12-16 00:00:00.000,0.0,719.38926714,Regular
BNBUSDT,2024-12-16 08:00:00.001,0.0001529,715.99000000,Regular
BNBUSDT,2024-12-16 16:00:00.000,0.00010698,718.95000000,Regular
BNBUSDT,2024-12-17 00:00:00.000,0.00013724,721.00086209,Regular
BNBUSDT,2024-12-17 08:00:00.000,6.707e-05,716.56425388,Regular
BNBUSDT,2024-12-17 16:00:00.000,7.89e-05,730.62373025,Regular
BNBUSDT,2024-12-18 00:00:00.000,2.2e-05,717.79069439,Regular
BNBUSDT,2024-12-18 08:00:00.000,0.0,713.48000000,Regular
BNBUSDT,2024-12-18 16:00:00.000,1.563e-05,713.26000000,Regular
BNBUSDT,2024-12-19 00:00:00.000,0.0,686.44000000,Regular
BNBUSDT,2024-12-19 08:00:00.000,0.0,701.78000000,Regular
BNBUSDT,2024-12-19 16:00:00.000,0.0,689.96781728,Regular
BNBUSDT,2024-12-20 00:00:00.000,0.0,665.41627848,Regular
BNBUSDT,2024-12-20 08:00:00.001,0.0,672.49939241,Regular
BNBUSDT,2024-12-20 16:00:00.014,-1.1e-05,665.96220226,Regular
BNBUSDT,2024-12-21 00:00:00.000,0.0,678.35140469,Regular
BNBUSDT,2024-12-21 08:00:00.000,0.0,689.19000000,Regular
BNBUSDT,2024-12-21 16:00:00.001,0.0,667.64748967,Regular
BNBUSDT,2024-12-22 00:00:00.000,0.0,663.60098435,Regular
BNBUSDT,2024-12-22 08:00:00.000,0.0,658.99000000,Regular
BNBUSDT,2024-12-22 16:00:00.000,0.0,656.95106277,Regular
BNBUSDT,2024-12-23 00:00:00.000,0.0,649.77461308,Regular
BNBUSDT,2024-12-23 08:00:00.000,0.0,662.32339471,Regular
BNBUSDT,2024-12-23 16:00:00.001,-0.00011832,671.15000000,Regular
BNBUSDT,2024-12-24 00:00:00.000,-0.00024217,693.95000000,Regular
BNBUSDT,2024-12-24 08:00:00.000,-0.00012634,692.62000000,Regular
BNBUSDT,2024-12-24 16:00:00.001,0.0,694.92541851,Regular
BNBUSDT,2024-12-25 00:00:00.001,-8.695e-05,696.63000000,Regular
BNBUSDT,2024-12-25 08:00:00.000,0.0,702.05000000,Regular
BNBUSDT,2024-12-25 16:00:00.000,0.0,703.36703746,Regular
BNBUSDT,2024-12-26 00:00:00.000,-8.85e-06,702.16000000,Regular
BNBUSDT,2024-12-26 08:00:00.000,0.0,706.30000000,Regular
BNBUSDT,2024-12-26 16:00:00.000,-0.00031562,691.17036069,Regular
BNBUSDT,2024-12-27 00:00:00.000,-0.00016697,688.83420385,Regular
BNBUSDT,2024-12-27 08:00:00.000,-0.00011848,692.13181981,Regular
BNBUSDT,2024-12-27 16:00:00.000,0.0,688.61520801,Regular
BNBUSDT,2024-12-28 00:00:00.001,0.0,691.49000000,Regular
BNBUSDT,2024-12-28 08:00:00.000,0.0,695.95214864,Regular
BNBUSDT,2024-12-28 16:00:00.000,0.0,721.02000000,Regular
BNBUSDT,2024-12-29 00:00:00.000,0.0,722.16223484,Regular
BNBUSDT,2024-12-29 08:00:00.000,0.0,715.95687793,Regular
BNBUSDT,2024-12-29 16:00:00.000,0.0,710.23866775,Regular
BNBUSDT,2024-12-30 00:00:00.000,0.0,694.49000000,Regular
BNBUSDT,2024-12-30 08:00:00.001,-7.761e-05,697.26310192,Regular
BNBUSDT,2024-12-30 16:00:00.000,0.0,694.51869230,Regular
BNBUSDT,2024-12-31 00:00:00.000,0.0,704.76000000,Regular
BNBUSDT,2024-12-31 08:00:00.000,-1.412e-05,700.97000000,Regular
BNBUSDT,2024-12-31 16:00:00.000,-3.674e-05,710.31000000,Regular
BNBUSDT,2025-01-01 00:00:00.015,0.0,702.15800790,Regular
BNBUSDT,2025-01-01 08:00:00.000,0.0,703.63000000,Regular
BNBUSDT,2025-01-01 16:00:00.001,0.0,707.81000000,Regular
BNBUSDT,2025-01-02 00:00:00.000,-0.0001709,707.42000000,Regular
BNBUSDT,2025-01-02 08:00:00.006,0.0,706.69552002,Regular
BNBUSDT,2025-01-02 16:00:00.000,0.0,704.54380344,Regular
BNBUSDT,2025-01-03 00:00:00.000,0.0,706.11000000,Regular
BNBUSDT,2025-01-03 08:00:00.000,0.0,700.62545543,Regular
BNBUSDT,2025-01-03 16:00:00.000,0.0,710.18335097,Regular
BNBUSDT,2025-01-04 00:00:00.000,0.0,715.19096039,Regular
BNBUSDT,2025-01-04 08:00:00.000,0.0,718.11000000,Regular
BNBUSDT,2025-01-04 16:00:00.000,0.0,709.41406289,Regular
BNBUSDT,2025-01-05 00:00:00.000,0.0,713.38000000,Regular
BNBUSDT,2025-01-05 08:00:00.000,0.0,712.47834271,Regular
BNBUSDT,2025-01-05 16:00:00.000,0.0,708.21000000,Regular
BNBUSDT,2025-01-06 00:00:00.000,0.0,709.24275227,Regular
BNBUSDT,2025-01-06 08:00:00.001,0.0,714.53667472,Regular
BNBUSDT,2025-01-06 16:00:00.000,0.0,725.78932210,Regular
BNBUSDT,2025-01-07 00:00:00.000,9.183e-05,729.81000000,Regular
BNBUSDT,2025-01-07 08:00:00.000,0.0,729.97000000,Regular
BNBUSDT,2025-01-07 16:00:00.008,-7.515e-05,707.81716668,Regular
BNBUSDT,2025-01-08 00:00:00.001,-0.00097361,697.24353436,Regular
BNBUSDT,2025-01-08 08:00:00.000,-0.00038843,693.54956830,Regular
BNBUSDT,2025-01-08 16:00:00.000,-5.393e-05,693.17000000,Regular
BNBUSDT,2025-01-09 00:00:00.000,-0.00020205,695.51270904,Regular
BNBUSDT,2025-01-09 08:00:00.000,-2.644e-05,690.29000000,Regular
BNBUSDT,2025-01-09 16:00:00.000,-6.041e-05,696.51000000,Regular
BNBUSDT,2025-01-10 00:00:00.000,-0.00046329,684.89000000,Regular
BNBUSDT,2025-01-10 08:00:00.000,-0.00028026,695.17000000,Regular
BNBUSDT,2025-01-10 16:00:00.000,0.0,692.89223299,Regular
BNBUSDT,2025-01-11 00:00:00.000,0.0,693.08029972,Regular
BNBUSDT,2025-01-11 08:00:00.000,0.0,695.00000000,Regular
BNBUSDT,2025-01-11 16:00:00.000,0.0,695.15000000,Regular
BNBUSDT,2025-01-12 00:00:00.000,0.0,696.50372807,Regular
BNBUSDT,2025-01-12 08:00:00.000,0.0,693.90806988,Regular
BNBUSDT,2025-01-12 16:00:00.000,-5.64e-05,694.77050197,Regular
BNBUSDT,2025-01-13 00:00:00.000,0.0,692.96000000,Regular
BNBUSDT,2025-01-13 08:00:00.000,-0.00038994,682.06000000,Regular
BNBUSDT,2025-01-13 16:00:00.000,-0.00056181,676.74518425,Regular
BNBUSDT,2025-01-14 00:00:00.000,0.0,688.43821976,Regular
BNBUSDT,2025-01-14 08:00:00.000,0.0,688.95000000,Regular
BNBUSDT,2025-01-14 16:00:00.000,0.0,694.95282914,Regular
BNBUSDT,2025-01-15 00:00:00.000,0.0,698.86372060,Regular
BNBUSDT,2025-01-15 08:00:00.000,0.0,699.72931367,Regular
BNBUSDT,2025-01-15 16:00:00.000,0.0,703.95000000,Regular
BNBUSDT,2025-01-16 00:00:00.000,0.0,714.40354418,Regular
BNBUSDT,2025-01-16 08:00:00.000,0.0,711.59281857,Regular
BNBUSDT,2025-01-16 16:00:00.000,0.0,709.68642261,Regular
BNBUSDT,2025-01-17 00:00:00.004,0.0,708.03000000,Regular
BNBUSDT,2025-01-17 08:00:00.000,3.588e-05,714.87000000,Regular
BNBUSDT,2025-01-17 16:00:00.008,0.0,720.51835748,Regular
BNBUSDT,2025-01-18 00:00:00.000,0.0,722.02631489,Regular
BNBUSDT,2025-01-18 08:00:00.007,0.0,700.18000000,Regular
BNBUSDT,2025-01-18 16:00:00.000,0.0,703.71868094,Regular
BNBUSDT,2025-01-19 00:00:00.000,0.0,709.91000000,Regular
BNBUSDT,2025-01-19 08:00:00.000,0.00014009,705.62880475,Regular
BNBUSDT,2025-01-19 16:00:00.000,7.785e-05,698.22000000,Regular
BNBUSDT,2025-01-20 00:00:00.000,3.183e-05,683.32000000,Regular
BNBUSDT,2025-01-20 08:00:00.009,0.00012056,698.93892267,Regular
BNBUSDT,2025-01-20 16:00:00.000,0.00010734,688.60970004,Regular
BNBUSDT,2025-01-21 00:00:00.000,8.84e-06,682.83000000,Regular
BNBUSDT,2025-01-21 08:00:00.000,5.365e-05,682.73000000,Regular
BNBUSDT,2025-01-21 16:00:00.000,9.555e-05,687.68000000,Regular
BNBUSDT,2025-01-22 00:00:00.000,0.00011414,692.54000000,Regular
BNBUSDT,2025-01-22 08:00:00.000,0.0,697.58151733,Regular
BNBUSDT,2025-01-22 16:00:00.000,0.0,693.29360911,Regular
BNBUSDT,2025-01-23 00:00:00.001,7.186e-05,695.94803720,Regular
BNBUSDT,2025-01-23 08:00:00.000,3.16e-06,687.81208854,Regular
BNBUSDT,2025-01-23 16:00:00.000,0.0,688.55138312,Regular
BNBUSDT,2025-01-24 00:00:00.000,0.0,690.10747734,Regular
BNBUSDT,2025-01-24 08:00:00.000,8.366e-05,686.97596071,Regular
BNBUSDT,2025-01-24 16:00:00.000,0.0,685.65000000,Regular
BNBUSDT,2025-01-25 00:00:00.000,0.0,680.49902320,Regular
BNBUSDT,2025-01-25 08:00:00.000,0.0,682.22000000,Regular
BNBUSDT,2025-01-25 16:00:00.001,8.692e-05,687.77000000,Regular
BNBUSDT,2025-01-26 00:00:00.000,7.393e-05,686.74000000,Regular
BNBUSDT,2025-01-26 08:00:00.000,0.0,689.88743338,Regular
BNBUSDT,2025-01-26 16:00:00.000,0.0,685.14000000,Regular
BNBUSDT,2025-01-27 00:00:00.000,0.0,666.77162871,Regular
BNBUSDT,2025-01-27 08:00:00.000,-0.00011806,646.83000000,Regular
BNBUSDT,2025-01-27 16:00:00.000,0.0,664.42139683,Regular
BNBUSDT,2025-01-28 00:00:00.000,0.0,680.17000000,Regular
BNBUSDT,2025-01-28 08:00:00.000,0.0,677.82000000,Regular
BNBUSDT,2025-01-28 16:00:00.000,0.0,673.10000000,Regular
BNBUSDT,2025-01-29 00:00:00.000,0.0,661.11569669,Regular
BNBUSDT,2025-01-29 08:00:00.000,0.0,674.54738853,Regular
BNBUSDT,2025-01-29 16:00:00.000,0.0,664.53000000,Regular
BNBUSDT,2025-01-30 00:00:00.000,0.0,667.88866677,Regular
BNBUSDT,2025-01-30 08:00:00.000,0.0,677.13000000,Regular
BNBUSDT,2025-01-30 16:00:00.000,0.0,680.68000000,Regular
BNBUSDT,2025-01-31 00:00:00.000,0.0,677.84001656,Regular
BNBUSDT,2025-01-31 08:00:00.000,0.0,677.78000000,Regular
BNBUSDT,2025-01-31 16:00:00.000,0.0,688.96445535,Regular
BNBUSDT,2025-02-01 00:00:00.000,0.0,677.79000000,Regular
BNBUSDT,2025-02-01 08:00:00.000,6.065e-05,674.40613726,Regular
BNBUSDT,2025-02-01 16:00:00.000,0.0,668.32838183,Regular
BNBUSDT,2025-02-02 00:00:00.001,0.0,652.83000000,Regular
BNBUSDT,2025-02-02 08:00:00.000,0.0,653.47017908,Regular
BNBUSDT,2025-02-02 16:00:00.000,0.0,645.63140393,Regular
BNBUSDT,2025-02-03 00:00:00.000,0.0,617.59000000,Regular
BNBUSDT,2025-02-03 08:00:00.000,0.0,577.65000000,Regular
BNBUSDT,2025-02-03 16:00:00.000,0.0,588.40000000,Regular
BNBUSDT,2025-02-04 00:00:00.000,0.0,616.76000000,Regular
BNBUSDT,2025-02-04 08:00:00.001,0.0,568.93796058,Regular
BNBUSDT,2025-02-04 16:00:00.000,0.0,582.28509199,Regular
BNBUSDT,2025-02-05 00:00:00.001,0.0,572.81000000,Regular
BNBUSDT,2025-02-05 08:00:00.001,0.0,573.62931154,Regular
BNBUSDT,2025-02-05 16:00:00.000,0.0,570.13124800,Regular
BNBUSDT,2025-02-06 00:00:00.001,0.0,569.42000000,Regular
BNBUSDT,2025-02-06 08:00:00.001,0.0,578.92910848,Regular
BNBUSDT,2025-02-06 16:00:00.000,-1.062e-05,571.89000000,Regular
BNBUSDT,2025-02-07 00:00:00.000,-7.517e-05,571.52665088,Regular
BNBUSDT,2025-02-07 08:00:00.000,-9.676e-05,581.27243067,Regular
BNBUSDT,2025-02-07 16:00:00.000,0.0,582.69250245,Regular
BNBUSDT,2025-02-08 00:00:00.000,0.0,577.50391424,Regular
BNBUSDT,2025-02-08 08:00:00.000,0.0,579.67000000,Regular
BNBUSDT,2025-02-08 16:00:00.000,0.0,596.36000000,Regular
BNBUSDT,2025-02-09 00:00:00.000,-4.891e-05,612.27000000,Regular
BNBUSDT,2025-02-09 08:00:00.000,-0.00035055,636.11236039,Regular
BNBUSDT,2025-02-09 16:00:00.000,-4.112e-05,623.94998212,Regular
BNBUSDT,2025-02-10 00:00:00.000,0.0,615.38261534,Regular
BNBUSDT,2025-02-10 08:00:00.000,0.0,607.91000000,Regular
BNBUSDT,2025-02-10 16:00:00.000,0.0,602.95000000,Regular
BNBUSDT,2025-02-11 00:00:00.000,0.0,618.40493056,Regular
BNBUSDT,2025-02-11 08:00:00.000,0.0,636.68000000,Regular
BNBUSDT,2025-02-11 16:00:00.000,0.0,637.54000000,Regular
BNBUSDT,2025-02-12 00:00:00.000,-0.00014838,641.69722857,Regular
BNBUSDT,2025-02-12 08:00:00.000,0.0,636.81110434,Regular
BNBUSDT,2025-02-12 16:00:00.001,0.0,658.54000000,Regular
BNBUSDT,2025-02-13 00:00:00.001,0.0,696.76000000,Regular
BNBUSDT,2025-02-13 08:00:00.000,0.0,705.66000000,Regular
BNBUSDT,2025-02-13 16:00:00.001,-0.00055066,704.77646995,Regular
BNBUSDT,2025-02-14 00:00:00.000,0.0,664.42025990,Regular
BNBUSDT,2025-02-14 08:00:00.001,0.0,668.42313717,Regular
BNBUSDT,2025-02-14 16:00:00.000,-5.277e-05,664.72000000,Regular
BNBUSDT,2025-02-15 00:00:00.000,-0.00010519,659.52946863,Regular
BNBUSDT,2025-02-15 08:00:00.000,0.0,657.31476244,Regular
BNBUSDT,2025-02-15 16:00:00.000,-8.377e-05,665.92000000,Regular
BNBUSDT,2025-02-16 00:00:00.000,0.0,661.77809272,Regular
BNBUSDT,2025-02-16 08:00:00.000,-4.157e-05,654.17176364,Regular
BNBUSDT,2025-02-16 16:00:00.000,-0.00035333,680.73000000,Regular
BNBUSDT,2025-02-17 00:00:00.000,-0.00014472,672.65000000,Regular
BNBUSDT,2025-02-17 08:00:00.000,0.0,669.89170039,Regular
BNBUSDT,2025-02-17 16:00:00.000,-0.0001797,669.78000000,Regular
BNBUSDT,2025-02-18 00:00:00.000,-4.687e-05,667.12000000,Regular
BNBUSDT,2025-02-18 08:00:00.000,-7.162e-05,651.05057618,Regular
BNBUSDT,2025-02-18 16:00:00.000,-7.734e-05,647.84632169,Regular
BNBUSDT,2025-02-19 00:00:00.000,0.0,648.04000000,Regular
BNBUSDT,2025-02-19 08:00:00.000,0.0,654.57000000,Regular
BNBUSDT,2025-02-19 16:00:00.000,-0.00018423,652.04000000,Regular
BNBUSDT,2025-02-20 00:00:00.000,0.0,653.23861582,Regular
BNBUSDT,2025-02-20 08:00:00.000,-2.058e-05,648.50429439,Regular
BNBUSDT,2025-02-20 16:00:00.000,-0.00010928,647.60000000,Regular
BNBUSDT,2025-02-21 00:00:00.001,0.0,655.95000000,Regular
BNBUSDT,2025-02-21 08:00:00.000,-0.00011679,655.27766415,Regular
BNBUSDT,2025-02-21 16:00:00.000,-0.00040529,657.25188469,Regular
BNBUSDT,2025-02-22 00:00:00.000,-0.00036429,647.11000000,Regular
BNBUSDT,2025-02-22 08:00:00.000,-9.168e-05,654.52715135,Regular
BNBUSDT,2025-02-22 16:00:00.000,-8.452e-05,657.98000000,Regular
BNBUSDT,2025-02-23 00:00:00.000,-7.381e-05,668.13000000,Regular
BNBUSDT,2025-02-23 08:00:00.000,-0.00020784,666.39000000,Regular
BNBUSDT,2025-02-23 16:00:00.000,-8.545e-05,648.28580814,Regular
BNBUSDT,2025-02-24 00:00:00.000,-0.00052382,657.66000000,Regular
BNBUSDT,2025-02-24 08:00:00.000,-0.00010661,644.16104614,Regular
BNBUSDT,2025-02-24 16:00:00.000,0.0,635.13213920,Regular
BNBUSDT,2025-02-25 00:00:00.000,-1.384e-05,614.14056852,Regular
BNBUSDT,2025-02-25 08:00:00.000,0.0,599.44343658,Regular
BNBUSDT,2025-02-25 16:00:00.000,-3.019e-05,608.59919032,Regular
BNBUSDT,2025-02-26 00:00:00.000,-0.00033883,622.85138059,Regular
BNBUSDT,2025-02-26 08:00:00.000,-0.00017781,623.13000000,Regular
BNBUSDT,2025-02-26 16:00:00.000,-3.69e-05,623.50120137,Regular
BNBUSDT,2025-02-27 00:00:00.001,0.0,611.50000000,Regular
BNBUSDT,2025-02-27 08:00:00.000,0.0,617.51780839,Regular
BNBUSDT,2025-02-27 16:00:00.000,0.0,606.20091707,Regular
BNBUSDT,2025-02-28 00:00:00.001,-4.567e-05,605.27315154,Regular
BNBUSDT,2025-02-28 08:00:00.000,-6.34e-06,566.88990913,Regular
BNBUSDT,2025-02-28 16:00:00.000,-0.00010522,588.26364945,Regular
BNBUSDT,2025-03-01 00:00:00.000,0.0,587.78953533,Regular
BNBUSDT,2025-03-01 08:00:00.000,-0.00018016,595.44000000,Regular
BNBUSDT,2025-03-01 16:00:00.001,-0.00036277,604.09388974,Regular
BNBUSDT,2025-03-02 00:00:00.000,-0.00025537,607.28000000,Regular
BNBUSDT,2025-03-02 08:00:00.000,-1.752e-05,610.21000000,Regular
BNBUSDT,2025-03-02 16:00:00.000,0.0,613.10780729,Regular
BNBUSDT,2025-03-03 00:00:00.001,0.0,623.53000000,Regular
BNBUSDT,2025-03-03 08:00:00.000,0.0,607.11000000,Regular
BNBUSDT,2025-03-03 16:00:00.000,-0.00027543,591.40000000,Regular
BNBUSDT,2025-03-04 00:00:00.001,-0.00018834,575.73000000,Regular
BNBUSDT,2025-03-04 08:00:00.005,-5.518e-05,564.77000000,Regular
BNBUSDT,2025-03-04 16:00:00.000,0.0,570.62000000,Regular
BNBUSDT,2025-03-05 00:00:00.000,0.0,583.82961754,Regular
BNBUSDT,2025-03-05 08:00:00.000,-9.954e-05,592.83790792,Regular
BNBUSDT,2025-03-05 16:00:00.000,0.0,590.91231695,Regular
BNBUSDT,2025-03-06 00:00:00.000,0.0,597.94216994,Regular
BNBUSDT,2025-03-06 08:00:00.001,0.0,604.71040808,Regular
BNBUSDT,2025-03-06 16:00:00.000,0.0,600.16676768,Regular
BNBUSDT,2025-03-07 00:00:00.000,0.0,596.27000000,Regular
BNBUSDT,2025-03-07 08:00:00.001,0.0,599.33492517,Regular
BNBUSDT,2025-03-07 16:00:00.000,0.0,604.09438325,Regular
BNBUSDT,2025-03-08 00:00:00.000,0.0,594.62564612,Regular
BNBUSDT,2025-03-08 08:00:00.001,0.0,596.86000000,Regular
BNBUSDT,2025-03-08 16:00:00.001,0.0,599.51015736,Regular
BNBUSDT,2025-03-09 00:00:00.001,0.0,592.80385911,Regular
BNBUSDT,2025-03-09 08:00:00.000,-9.932e-05,585.72000000,Regular
BNBUSDT,2025-03-09 16:00:00.000,-3.136e-05,566.48992854,Regular
BNBUSDT,2025-03-10 00:00:00.000,-0.00010786,554.38000000,Regular
BNBUSDT,2025-03-10 08:00:00.000,0.0,564.38000000,Regular
BNBUSDT,2025-03-10 16:00:00.000,0.0,550.06490290,Regular
BNBUSDT,2025-03-11 00:00:00.000,-6.362e-05,531.20000000,Regular
BNBUSDT,2025-03-11 08:00:00.000,-6.049e-05,557.49345577,Regular
BNBUSDT,2025-03-11 16:00:00.001,0.0,548.84642693,Regular
BNBUSDT,2025-03-12 00:00:00.000,0.0,551.51804982,Regular
BNBUSDT,2025-03-12 08:00:00.000,-1.423e-05,555.44000000,Regular
BNBUSDT,2025-03-12 16:00:00.001,0.0,552.33000000,Regular
BNBUSDT,2025-03-13 00:00:00.000,0.0,569.75000000,Regular
BNBUSDT,2025-03-13 08:00:00.000,0.0,578.04000000,Regular
BNBUSDT,2025-03-13 16:00:00.000,0.0,581.08000000,Regular
BNBUSDT,2025-03-14 00:00:00.000,0.0,579.45000000,Regular
BNBUSDT,2025-03-14 08:00:00.000,-4.742e-05,576.40000000,Regular
BNBUSDT,2025-03-14 16:00:00.000,-1.454e-05,584.42212390,Regular
BNBUSDT,2025-03-15 00:00:00.000,-2.856e-05,587.66000000,Regular
BNBUSDT,2025-03-15 08:00:00.000,-7.31e-06,590.56000000,Regular
BNBUSDT,2025-03-15 16:00:00.000,0.0,603.08757499,Regular
BNBUSDT,2025-03-16 00:00:00.000,0.0,619.62000000,Regular
BNBUSDT,2025-03-16 08:00:00.000,0.0,604.78000000,Regular
BNBUSDT,2025-03-16 16:00:00.000,0.0,600.47000000,Regular
BNBUSDT,2025-03-17 00:00:00.000,0.0,602.15717440,Regular
BNBUSDT,2025-03-17 08:00:00.000,0.0,629.58873939,Regular
BNBUSDT,2025-03-17 16:00:00.000,0.0,629.98172881,Regular
BNBUSDT,2025-03-18 00:00:00.000,-3.807e-05,631.44547713,Regular
BNBUSDT,2025-03-18 08:00:00.000,0.0,633.14280960,Regular
BNBUSDT,2025-03-18 16:00:00.000,0.0,627.13997989,Regular
BNBUSDT,2025-03-19 00:00:00.000,-0.00010693,627.42000000,Regular
BNBUSDT,2025-03-19 08:00:00.000,-0.00010256,615.19000000,Regular
BNBUSDT,2025-03-19 16:00:00.000,-0.00015238,609.54148030,Regular
BNBUSDT,2025-03-20 00:00:00.000,-0.00047322,618.02000000,Regular
BNBUSDT,2025-03-20 08:00:00.000,-5.86e-06,623.91411412,Regular
BNBUSDT,2025-03-20 16:00:00.000,-0.00012553,624.03000000,Regular
BNBUSDT,2025-03-21 00:00:00.000,-0.00031252,629.93090643,Regular
BNBUSDT,2025-03-21 08:00:00.000,-0.00055149,628.94125675,Regular
BNBUSDT,2025-03-21 16:00:00.000,-0.00034207,633.77645851,Regular
BNBUSDT,2025-03-22 00:00:00.000,-0.00033579,634.64000000,Regular
BNBUSDT,2025-03-22 08:00:00.004,-0.000331,630.58000000,Regular
BNBUSDT,2025-03-22 16:00:00.000,-0.00037452,625.25279934,Regular
BNBUSDT,2025-03-23 00:00:00.000,-0.00029912,626.52912265,Regular
BNBUSDT,2025-03-23 08:00:00.000,-0.0003243,622.51000000,Regular
BNBUSDT,2025-03-23 16:00:00.000,-0.00048595,621.00000000,Regular
BNBUSDT,2025-03-24 00:00:00.000,-0.00019082,623.25000000,Regular
BNBUSDT,2025-03-24 08:00:00.000,-0.00027641,622.47138396,Regular
BNBUSDT,2025-03-24 16:00:00.000,-0.00018556,630.67503751,Regular
BNBUSDT,2025-03-25 00:00:00.001,-0.0001407,636.61989339,Regular
BNBUSDT,2025-03-25 08:00:00.000,-0.00032595,640.68000000,Regular
BNBUSDT,2025-03-25 16:00:00.000,0.0,633.67496506,Regular
BNBUSDT,2025-03-26 00:00:00.000,0.0,629.53381980,Regular
BNBUSDT,2025-03-26 08:00:00.000,0.0,633.21398011,Regular
BNBUSDT,2025-03-26 16:00:00.001,0.0,624.36000000,Regular
BNBUSDT,2025-03-27 00:00:00.001,0.0,617.72000000,Regular
BNBUSDT,2025-03-27 08:00:00.001,0.0,635.12850998,Regular
BNBUSDT,2025-03-27 16:00:00.002,-2.32e-05,636.91000000,Regular
BNBUSDT,2025-03-28 00:00:00.001,-0.00023061,636.68027521,Regular
BNBUSDT,2025-03-28 08:00:00.001,-0.00019365,628.04969188,Regular
BNBUSDT,2025-03-28 16:00:00.000,-3.604e-05,625.09803384,Regular
BNBUSDT,2025-03-29 00:00:00.000,-0.00026164,619.24790939,Regular
BNBUSDT,2025-03-29 08:00:00.000,-0.0002202,607.46000000,Regular
BNBUSDT,2025-03-29 16:00:00.000,-0.00026952,604.14586492,Regular
BNBUSDT,2025-03-30 00:00:00.000,-0.00025764,602.59000000,Regular
BNBUSDT,2025-03-30 08:00:00.000,-0.00045028,606.14000000,Regular
BNBUSDT,2025-03-30 16:00:00.000,-0.00033423,601.81000000,Regular
BNBUSDT,2025-03-31 00:00:00.000,-0.00022809,601.95000000,Regular
BNBUSDT,2025-03-31 08:00:00.000,-5.04e-05,595.50000000,Regular
BNBUSDT,2025-03-31 16:00:00.000,-4.323e-05,604.03928952,Regular
BNBUSDT,2025-04-01 00:00:00.000,0.0,604.63922145,Regular
BNBUSDT,2025-04-01 08:00:00.001,0.0,610.11000000,Regular
BNBUSDT,2025-04-01 16:00:00.000,-0.00079717,614.12904646,Regular
BNBUSDT,2025-04-02 00:00:00.001,0.0,610.93000000,Regular
BNBUSDT,2025-04-02 08:00:00.000,0.0,600.85402148,Regular
BNBUSDT,2025-04-02 16:00:00.000,-8.386e-05,604.16183304,Regular
BNBUSDT,2025-04-03 00:00:00.000,-0.0002478,590.08000000,Regular
BNBUSDT,2025-04-03 08:00:00.000,-0.00045003,599.14363236,Regular
BNBUSDT,2025-04-03 16:00:00.000,0.0,586.19987264,Regular
BNBUSDT,2025-04-04 00:00:00.000,0.0,592.43000000,Regular
BNBUSDT,2025-04-04 08:00:00.000,0.0,598.14057464,Regular
BNBUSDT,2025-04-04 16:00:00.000,0.0,593.69546560,Regular
BNBUSDT,2025-04-05 00:00:00.000,0.0,597.84000000,Regular
BNBUSDT,2025-04-05 08:00:00.000,0.0,595.85000000,Regular
BNBUSDT,2025-04-05 16:00:00.000,0.0,592.00000000,Regular
BNBUSDT,2025-04-06 00:00:00.000,0.0,593.14307503,Regular
BNBUSDT,2025-04-06 08:00:00.000,0.0,590.27710495,Regular
BNBUSDT,2025-04-06 16:00:00.002,0.0,581.01546605,Regular
BNBUSDT,2025-04-07 00:00:00.000,0.0,555.35731541,Regular
BNBUSDT,2025-04-07 08:00:00.000,0.0,529.93402862,Regular
BNBUSDT,2025-04-07 16:00:00.000,0.0,552.09559972,Regular
BNBUSDT,2025-04-08 00:00:00.000,0.0,554.60888832,Regular
BNBUSDT,2025-04-08 08:00:00.000,0.0,559.95273790,Regular
BNBUSDT,2025-04-08 16:00:00.000,0.0,559.56000000,Regular
BNBUSDT,2025-04-09 00:00:00.000,0.0,553.72500032,Regular
BNBUSDT,2025-04-09 08:00:00.001,0.0,556.58000000,Regular
BNBUSDT,2025-04-09 16:00:00.000,0.0,561.15000000,Regular
BNBUSDT,2025-04-10 00:00:00.000,0.0,582.12000000,Regular
BNBUSDT,2025-04-10 08:00:00.000,0.0,579.25000000,Regular
BNBUSDT,2025-04-10 16:00:00.000,0.0,567.90000000,Regular
BNBUSDT,2025-04-11 00:00:00.001,0.0,577.79266108,Regular
BNBUSDT,2025-04-11 08:00:00.000,0.0,581.33000000,Regular
BNBUSDT,2025-04-11 16:00:00.000,0.0,584.91000000,Regular
BNBUSDT,2025-04-12 00:00:00.000,0.0,585.87816507,Regular
BNBUSDT,2025-04-12 08:00:00.001,-0.00015552,588.41000000,Regular
BNBUSDT,2025-04-12 16:00:00.000,-0.00017994,598.86640479,Regular
BNBUSDT,2025-04-13 00:00:00.000,0.0,597.14226180,Regular
BNBUSDT,2025-04-13 08:00:00.000,0.0,593.10480510,Regular
BNBUSDT,2025-04-13 16:00:00.000,-5.726e-05,583.85552823,Regular
BNBUSDT,2025-04-14 00:00:00.000,-4.86e-05,584.06000000,Regular
BNBUSDT,2025-04-14 08:00:00.000,0.0,590.51000000,Regular
BNBUSDT,2025-04-14 16:00:00.000,-0.00013678,585.38360750,Regular
BNBUSDT,2025-04-15 00:00:00.000,-9.005e-05,584.10988523,Regular
BNBUSDT,2025-04-15 08:00:00.000,0.0,589.45422998,Regular
BNBUSDT,2025-04-15 16:00:00.001,0.0,584.29000000,Regular
BNBUSDT,2025-04-16 00:00:00.000,-0.00022781,579.20700245,Regular
BNBUSDT,2025-04-16 08:00:00.000,0.0,577.96000000,Regular
BNBUSDT,2025-04-16 16:00:00.000,0.0,583.35826963,Regular
BNBUSDT,2025-04-17 00:00:00.001,0.0,582.69000000,Regular
BNBUSDT,2025-04-17 08:00:00.000,0.0,583.25000000,Regular
BNBUSDT,2025-04-17 16:00:00.001,0.0,589.78483813,Regular
BNBUSDT,2025-04-18 00:00:00.000,0.0,590.36000000,Regular
BNBUSDT,2025-04-18 08:00:00.000,-0.00022317,588.15000000,Regular
BNBUSDT,2025-04-18 16:00:00.000,-5.807e-05,593.52000000,Regular
BNBUSDT,2025-04-19 00:00:00.000,0.0,591.60251414,Regular
BNBUSDT,2025-04-19 08:00:00.000,-0.000347,592.58000000,Regular
BNBUSDT,2025-04-19 16:00:00.000,-0.00041186,588.87000000,Regular
BNBUSDT,2025-04-20 00:00:00.000,0.0,591.56000000,Regular
BNBUSDT,2025-04-20 08:00:00.000,0.0,593.72000000,Regular
BNBUSDT,2025-04-20 16:00:00.000,0.0,587.83943762,Regular
BNBUSDT,2025-04-21 00:00:00.000,-0.00021758,592.47499545,Regular
BNBUSDT,2025-04-21 08:00:00.005,0.0,604.30000000,Regular
BNBUSDT,2025-04-21 16:00:00.003,0.0,603.94000000,Regular
BNBUSDT,2025-04-22 00:00:00.008,-0.00023365,596.93871568,Regular
BNBUSDT,2025-04-22 08:00:00.000,-0.00010438,604.00162750,Regular
BNBUSDT,2025-04-22 16:00:00.000,0.0,609.65000000,Regular
BNBUSDT,2025-04-23 00:00:00.000,0.0,618.27615729,Regular
BNBUSDT,2025-04-23 08:00:00.002,0.0,617.54000000,Regular
BNBUSDT,2025-04-23 16:00:00.000,0.0,606.69000000,Regular
BNBUSDT,2025-04-24 00:00:00.000,0.0,605.45000000,Regular
BNBUSDT,2025-04-24 08:00:00.001,0.0,602.92734501,Regular
BNBUSDT,2025-04-24 16:00:00.001,0.0,598.27000000,Regular
BNBUSDT,2025-04-25 00:00:00.007,0.0,601.30158343,Regular
BNBUSDT,2025-04-25 08:00:00.002,0.0,605.97000000,Regular
BNBUSDT,2025-04-25 16:00:00.003,0.0,605.51604281,Regular
BNBUSDT,2025-04-26 00:00:00.002,0.0,599.61957916,Regular
BNBUSDT,2025-04-26 08:00:00.000,-5.172e-05,602.11000000,Regular
BNBUSDT,2025-04-26 16:00:00.002,0.0,608.17048917,Regular
BNBUSDT,2025-04-27 00:00:00.001,0.0,607.19470463,Regular
BNBUSDT,2025-04-27 08:00:00.000,-7.247e-05,599.58000000,Regular
BNBUSDT,2025-04-27 16:00:00.000,-8.618e-05,599.16383395,Regular
BNBUSDT,2025-04-28 00:00:00.001,0.0,603.63000000,Regular
BNBUSDT,2025-04-28 08:00:00.003,0.0,605.30000000,Regular
BNBUSDT,2025-04-28 16:00:00.005,0.0,600.58000000,Regular
BNBUSDT,2025-04-29 00:00:00.000,0.0,605.99000000,Regular
BNBUSDT,2025-04-29 08:00:00.000,0.0,609.61000000,Regular
BNBUSDT,2025-04-29 16:00:00.010,-4.513e-05,601.18000000,Regular
BNBUSDT,2025-04-30 00:00:00.001,-0.00022437,600.74497873,Regular
BNBUSDT,2025-04-30 08:00:00.000,0.0,602.74738176,Regular
BNBUSDT,2025-04-30 16:00:00.003,-1.462e-05,596.56710557,Regular
BNBUSDT,2025-05-01 00:00:00.000,-0.0004973,599.25852380,Regular
BNBUSDT,2025-05-01 08:00:00.000,0.0,599.65247333,Regular
BNBUSDT,2025-05-01 16:00:00.001,0.0,602.58709627,Regular
BNBUSDT,2025-05-02 00:00:00.000,-0.00020135,599.20000000,Regular
BNBUSDT,2025-05-02 08:00:00.000,0.0,595.21286076,Regular
BNBUSDT,2025-05-02 16:00:00.003,0.0,599.42087455,Regular
BNBUSDT,2025-05-03 00:00:00.000,-6.36e-06,600.57889441,Regular
BNBUSDT,2025-05-03 08:00:00.000,0.0,597.26000000,Regular
BNBUSDT,2025-05-03 16:00:00.000,-3.504e-05,598.39236676,Regular
BNBUSDT,2025-05-04 00:00:00.001,-1.702e-05,599.06761125,Regular
BNBUSDT,2025-05-04 08:00:00.001,-3.106e-05,596.65000000,Regular
BNBUSDT,2025-05-04 16:00:00.002,-0.00049565,588.82367983,Regular
BNBUSDT,2025-05-05 00:00:00.000,-0.0003023,585.65000000,Regular
BNBUSDT,2025-05-05 08:00:00.000,0.0,591.84715476,Regular
BNBUSDT,2025-05-05 16:00:00.006,0.0,597.07000000,Regular
BNBUSDT,2025-05-06 00:00:00.002,-1.939e-05,597.19000000,Regular
BNBUSDT,2025-05-06 08:00:00.005,-0.00046111,598.37000000,Regular
BNBUSDT,2025-05-06 16:00:00.000,0.0,598.35469166,Regular
BNBUSDT,2025-05-07 00:00:00.002,0.0,602.57887852,Regular
BNBUSDT,2025-05-07 08:00:00.000,0.0,606.62898126,Regular
BNBUSDT,2025-05-07 16:00:00.006,0.0,600.92933200,Regular
BNBUSDT,2025-05-08 00:00:00.000,-6.247e-05,602.51000000,Regular
BNBUSDT,2025-05-08 08:00:00.001,0.0,613.06731849,Regular
BNBUSDT,2025-05-08 16:00:00.002,0.0,621.16626602,Regular
BNBUSDT,2025-05-09 00:00:00.001,0.0,629.29000000,Regular
BNBUSDT,2025-05-09 08:00:00.006,0.0,631.78000000,Regular
BNBUSDT,2025-05-09 16:00:00.000,0.0,636.05415595,Regular
BNBUSDT,2025-05-10 00:00:00.001,0.0,667.14000000,Regular
BNBUSDT,2025-05-10 08:00:00.000,0.0,661.92947453,Regular
BNBUSDT,2025-05-10 16:00:00.001,0.0,651.88659591,Regular
BNBUSDT,2025-05-11 00:00:00.000,0.0,664.11000000,Regular
BNBUSDT,2025-05-11 08:00:00.001,2.903e-05,656.03390035,Regular
BNBUSDT,2025-05-11 16:00:00.001,6.49e-06,651.92000000,Regular
BNBUSDT,2025-05-12 00:00:00.004,0.0,651.33000000,Regular
BNBUSDT,2025-05-12 08:00:00.000,0.0,661.35739909,Regular
BNBUSDT,2025-05-12 16:00:00.000,6.043e-05,663.97539877,Regular
BNBUSDT,2025-05-13 00:00:00.000,0.0,660.49000000,Regular
BNBUSDT,2025-05-13 08:00:00.008,0.0,649.75111908,Regular
BNBUSDT,2025-05-13 16:00:00.001,0.0,656.04000000,Regular
BNBUSDT,2025-05-14 00:00:00.007,5.012e-05,664.59615458,Regular
BNBUSDT,2025-05-14 08:00:00.000,0.0,658.57000000,Regular
BNBUSDT,2025-05-14 16:00:00.002,0.0,652.41095946,Regular
BNBUSDT,2025-05-15 00:00:00.000,0.0,652.77291390,Regular
BNBUSDT,2025-05-15 08:00:00.003,0.0,644.67000000,Regular
BNBUSDT,2025-05-15 16:00:00.000,0.0,655.86000000,Regular
BNBUSDT,2025-05-16 00:00:00.001,0.0,652.13051709,Regular
BNBUSDT,2025-05-16 08:00:00.000,0.0,655.48530161,Regular
BNBUSDT,2025-05-16 16:00:00.000,0.0,652.09000000,Regular
BNBUSDT,2025-05-17 00:00:00.000,0.0,646.44286264,Regular
BNBUSDT,2025-05-17 08:00:00.001,0.0,643.00000000,Regular
BNBUSDT,2025-05-17 16:00:00.004,0.0,640.45000000,Regular
BNBUSDT,2025-05-18 00:00:00.000,0.0,639.42000000,Regular
BNBUSDT,2025-05-18 08:00:00.000,0.0,645.51124920,Regular
BNBUSDT,2025-05-18 16:00:00.000,0.0,653.97911109,Regular
BNBUSDT,2025-05-19 00:00:00.000,0.0,651.40940460,Regular
BNBUSDT,2025-05-19 08:00:00.006,0.0,638.33000000,Regular
BNBUSDT,2025-05-19 16:00:00.010,0.0,645.28000000,Regular
BNBUSDT,2025-05-20 00:00:00.000,0.0,649.95034546,Regular
BNBUSDT,2025-05-20 08:00:00.002,0.0,647.60000000,Regular
BNBUSDT,2025-05-20 16:00:00.000,0.0,644.66000000,Regular
BNBUSDT,2025-05-21 00:00:00.000,0.0,650.35527701,Regular
BNBUSDT,2025-05-21 08:00:00.001,0.0,653.16139163,Regular
BNBUSDT,2025-05-21 16:00:00.004,0.0,663.57000000,Regular
BNBUSDT,2025-05-22 00:00:00.001,0.0,673.60000000,Regular
BNBUSDT,2025-05-22 08:00:00.000,0.0,682.96351825,Regular
BNBUSDT,2025-05-22 16:00:00.002,0.0,682.12050298,Regular
BNBUSDT,2025-05-23 00:00:00.006,0.0,686.51658218,Regular
BNBUSDT,2025-05-23 08:00:00.000,0.0,682.63311981,Regular
BNBUSDT,2025-05-23 16:00:00.007,0.0,670.73097593,Regular
BNBUSDT,2025-05-24 00:00:00.010,0.0,656.85000000,Regular
BNBUSDT,2025-05-24 08:00:00.000,0.0,668.34000000,Regular
BNBUSDT,2025-05-24 16:00:00.003,0.0,674.12890031,Regular
BNBUSDT,2025-05-25 00:00:00.004,0.0,667.89000000,Regular
BNBUSDT,2025-05-25 08:00:00.000,0.0,661.68765773,Regular
BNBUSDT,2025-05-25 16:00:00.000,0.0,663.03000000,Regular
BNBUSDT,2025-05-26 00:00:00.000,0.0,669.13473103,Regular
BNBUSDT,2025-05-26 08:00:00.000,0.0,674.43000000,Regular
BNBUSDT,2025-05-26 16:00:00.002,0.0,675.08000000,Regular
BNBUSDT,2025-05-27 00:00:00.003,0.0,673.98290195,Regular
BNBUSDT,2025-05-27 08:00:00.001,0.0,680.67726798,Regular
BNBUSDT,2025-05-27 16:00:00.005,0.0,690.70000000,Regular
BNBUSDT,2025-05-28 00:00:00.002,0.0,687.14000000,Regular
BNBUSDT,2025-05-28 08:00:00.003,0.0,681.71000000,Regular
BNBUSDT,2025-05-28 16:00:00.002,0.0,681.66781065,Regular
BNBUSDT,2025-05-29 00:00:00.000,0.0,686.80000000,Regular
BNBUSDT,2025-05-29 08:00:00.006,0.0,684.95000000,Regular
BNBUSDT,2025-05-29 16:00:00.000,0.0,680.89000000,Regular
BNBUSDT,2025-05-30 00:00:00.003,0.0,674.75138045,Regular
BNBUSDT,2025-05-30 08:00:00.003,0.0,667.08733917,Regular
BNBUSDT,2025-05-30 16:00:00.000,0.0,668.53692035,Regular
BNBUSDT,2025-05-31 00:00:00.000,0.0,655.02144903,Regular
BNBUSDT,2025-05-31 08:00:00.000,-3.519e-05,653.51123513,Regular
BNBUSDT,2025-05-31 16:00:00.000,0.0,656.28487644,Regular
BNBUSDT,2025-06-01 00:00:00.001,0.0,657.92000000,Regular
BNBUSDT,2025-06-01 08:00:00.002,-2.485e-05,653.14243200,Regular
BNBUSDT,2025-06-01 16:00:00.000,-1.71e-05,654.20000000,Regular
BNBUSDT,2025-06-02 00:00:00.001,0.0,660.66000000,Regular
BNBUSDT,2025-06-02 08:00:00.000,0.0,657.99000000,Regular
BNBUSDT,2025-06-02 16:00:00.000,0.0,656.93830064,Regular
BNBUSDT,2025-06-03 00:00:00.000,0.0,665.90554848,Regular
BNBUSDT,2025-06-03 08:00:00.000,0.0,665.22666905,Regular
BNBUSDT,2025-06-03 16:00:00.001,0.0,666.85000000,Regular
BNBUSDT,2025-06-04 00:00:00.000,0.0,661.33000000,Regular
BNBUSDT,2025-06-04 08:00:00.000,0.0,670.81105757,Regular
BNBUSDT,2025-06-04 16:00:00.000,0.0,669.48230533,Regular
BNBUSDT,2025-06-05 00:00:00.016,0.0,662.97334198,Regular
BNBUSDT,2025-06-05 08:00:00.000,0.0,668.37000000,Regular
BNBUSDT,2025-06-05 16:00:00.000,0.0,659.04944122,Regular
BNBUSDT,2025-06-06 00:00:00.002,-0.00017896,632.90000000,Regular
BNBUSDT,2025-06-06 08:00:00.000,-0.00016509,640.97000000,Regular
BNBUSDT,2025-06-06 16:00:00.006,0.0,647.60655092,Regular
BNBUSDT,2025-06-07 00:00:00.000,0.0,642.25000000,Regular
BNBUSDT,2025-06-07 08:00:00.000,-2.929e-05,648.33000000,Regular
BNBUSDT,2025-06-07 16:00:00.002,-3.338e-05,650.40000000,Regular
BNBUSDT,2025-06-08 00:00:00.000,0.0,650.41921791,Regular
BNBUSDT,2025-06-08 08:00:00.000,-5.138e-05,649.00000000,Regular
BNBUSDT,2025-06-08 16:00:00.000,0.0,651.59000000,Regular
BNBUSDT,2025-06-09 00:00:00.000,0.0,651.64051897,Regular
BNBUSDT,2025-06-09 08:00:00.001,-0.00013999,648.95581549,Regular
BNBUSDT,2025-06-09 16:00:00.001,-2.759e-05,656.20443305,Regular
BNBUSDT,2025-06-10 00:00:00.000,0.0,665.62745314,Regular
BNBUSDT,2025-06-10 08:00:00.001,0.0,660.61209024,Regular
BNBUSDT,2025-06-10 16:00:00.003,-2.84e-05,660.96000000,Regular
BNBUSDT,2025-06-11 00:00:00.000,0.0,673.59452140,Regular
BNBUSDT,2025-06-11 08:00:00.000,0.0,670.08000000,Regular
BNBUSDT,2025-06-11 16:00:00.010,0.0,669.59000000,Regular
BNBUSDT,2025-06-12 00:00:00.002,0.0,667.58000000,Regular
BNBUSDT,2025-06-12 08:00:00.003,0.0,667.31000000,Regular
BNBUSDT,2025-06-12 16:00:00.001,0.0,659.85332510,Regular
BNBUSDT,2025-06-13 00:00:00.000,-8.669e-05,654.41000000,Regular
BNBUSDT,2025-06-13 08:00:00.001,0.0,654.83972907,Regular
BNBUSDT,2025-06-13 16:00:00.004,0.0,653.48000000,Regular
BNBUSDT,2025-06-14 00:00:00.000,0.0,655.05885644,Regular
BNBUSDT,2025-06-14 08:00:00.000,-9.685e-05,651.43000000,Regular
BNBUSDT,2025-06-14 16:00:00.000,-0.0001498,645.00394996,Regular
BNBUSDT,2025-06-15 00:00:00.005,-0.00015328,645.24000000,Regular
BNBUSDT,2025-06-15 08:00:00.009,0.0,648.82995239,Regular
BNBUSDT,2025-06-15 16:00:00.000,0.0,647.52000000,Regular
BNBUSDT,2025-06-16 00:00:00.000,0.0,647.92000000,Regular
BNBUSDT,2025-06-16 08:00:00.000,0.0,655.93311414,Regular
BNBUSDT,2025-06-16 16:00:00.003,0.0,657.58000000,Regular
BNBUSDT,2025-06-17 00:00:00.000,0.0,650.72321601,Regular
BNBUSDT,2025-06-17 08:00:00.006,0.0,657.88000000,Regular
BNBUSDT,2025-06-17 16:00:00.001,0.0,646.36000000,Regular
BNBUSDT,2025-06-18 00:00:00.001,0.0,648.04000000,Regular
BNBUSDT,2025-06-18 08:00:00.001,0.0,651.44000000,Regular
BNBUSDT,2025-06-18 16:00:00.001,-0.00017564,641.64000000,Regular
BNBUSDT,2025-06-19 00:00:00.005,-6.854e-05,644.33862308,Regular
BNBUSDT,2025-06-19 08:00:00.003,0.0,644.56000000,Regular
BNBUSDT,2025-06-19 16:00:00.000,0.0,639.48000000,Regular
BNBUSDT,2025-06-20 00:00:00.000,0.0,644.51000000,Regular
BNBUSDT,2025-06-20 08:00:00.002,0.0,647.46000000,Regular
BNBUSDT,2025-06-20 16:00:00.001,0.0,645.50000000,Regular
BNBUSDT,2025-06-21 00:00:00.002,0.0,641.65609789,Regular
BNBUSDT,2025-06-21 08:00:00.005,0.0,641.27000000,Regular
BNBUSDT,2025-06-21 16:00:00.000,-0.00015072,636.15900906,Regular
BNBUSDT,2025-06-22 00:00:00.005,-0.00012535,628.75000000,Regular
BNBUSDT,2025-06-22 08:00:00.000,0.0,632.66247001,Regular
BNBUSDT,2025-06-22 16:00:00.003,0.0,607.50000000,Regular
BNBUSDT,2025-06-23 00:00:00.000,0.0,615.72000000,Regular
BNBUSDT,2025-06-23 08:00:00.004,0.0,623.89587487,Regular
BNBUSDT,2025-06-23 16:00:00.013,0.0,622.38313697,Regular
BNBUSDT,2025-06-24 00:00:00.003,-7.68e-06,640.04488725,Regular
BNBUSDT,2025-06-24 08:00:00.000,-0.00016409,638.79000000,Regular
BNBUSDT,2025-06-24 16:00:00.000,-0.00012123,639.07000000,Regular
BNBUSDT,2025-06-25 00:00:00.005,0.0,643.30000000,Regular
BNBUSDT,2025-06-25 08:00:00.000,0.0,644.98000000,Regular
BNBUSDT,2025-06-25 16:00:00.005,0.0,642.37000000,Regular
BNBUSDT,2025-06-26 00:00:00.000,0.0,646.09287108,Regular
BNBUSDT,2025-06-26 08:00:00.006,0.0,647.28891958,Regular
BNBUSDT,2025-06-26 16:00:00.007,0.0,644.86649976,Regular
BNBUSDT,2025-06-27 00:00:00.000,0.0,642.05295027,Regular
BNBUSDT,2025-06-27 08:00:00.000,0.0,643.45876343,Regular
BNBUSDT,2025-06-27 16:00:00.009,0.0,646.56000000,Regular
BNBUSDT,2025-06-28 00:00:00.001,0.0,645.56000000,Regular
BNBUSDT,2025-06-28 08:00:00.002,0.0,646.90000000,Regular
BNBUSDT,2025-06-28 16:00:00.000,0.0,646.38000000,Regular
BNBUSDT,2025-06-29 00:00:00.004,0.0,648.39731775,Regular
BNBUSDT,2025-06-29 08:00:00.001,0.0,649.00190142,Regular
BNBUSDT,2025-06-29 16:00:00.001,0.0,648.84000000,Regular
BNBUSDT,2025-06-30 00:00:00.000,0.0,654.93127698,Regular
BNBUSDT,2025-06-30 08:00:00.005,0.0,654.54000000,Regular
BNBUSDT,2025-06-30 16:00:00.002,0.0,656.61000000,Regular
BNBUSDT,2025-07-01 00:00:00.007,0.0,656.99000000,Regular
BNBUSDT,2025-07-01 08:00:00.002,0.0,653.98000000,Regular
BNBUSDT,2025-07-01 16:00:00.000,0.0,645.77863705,Regular
BNBUSDT,2025-07-02 00:00:00.001,0.0,646.13719113,Regular
BNBUSDT,2025-07-02 08:00:00.000,0.0,657.65912250,Regular
BNBUSDT,2025-07-02 16:00:00.003,0.0,661.76000000,Regular
BNBUSDT,2025-07-03 00:00:00.006,0.0,659.95666759,Regular
BNBUSDT,2025-07-03 08:00:00.003,0.0,662.76000000,Regular
BNBUSDT,2025-07-03 16:00:00.003,0.0,656.99395965,Regular
BNBUSDT,2025-07-04 00:00:00.005,0.0,663.88978588,Regular
BNBUSDT,2025-07-04 08:00:00.003,0.0,656.02943859,Regular
BNBUSDT,2025-07-04 16:00:00.001,0.0,652.76000000,Regular
BNBUSDT,2025-07-05 00:00:00.004,0.0,653.39000000,Regular
BNBUSDT,2025-07-05 08:00:00.009,0.0,654.42000000,Regular
BNBUSDT,2025-07-05 16:00:00.006,0.0,654.14000000,Regular
BNBUSDT,2025-07-06 00:00:00.001,0.0,656.00731709,Regular
BNBUSDT,2025-07-06 08:00:00.002,0.0,654.55000000,Regular
BNBUSDT,2025-07-06 16:00:00.004,0.0,662.96000000,Regular
BNBUSDT,2025-07-07 00:00:00.000,0.0,663.11157200,Regular
BNBUSDT,2025-07-07 08:00:00.007,0.0,662.50411454,Regular
BNBUSDT,2025-07-07 16:00:00.000,0.0,658.83957193,Regular
BNBUSDT,2025-07-08 00:00:00.010,0.0,661.04000000,Regular
BNBUSDT,2025-07-08 08:00:00.003,0.0,659.83000000,Regular
BNBUSDT,2025-07-08 16:00:00.000,0.0,658.05000000,Regular
BNBUSDT,2025-07-09 00:00:00.002,0.0,660.52005676,Regular
BNBUSDT,2025-07-09 08:00:00.006,0.0,662.58743955,Regular
BNBUSDT,2025-07-09 16:00:00.001,0.0,662.52420277,Regular
BNBUSDT,2025-07-10 00:00:00.003,0.0,668.86313554,Regular
BNBUSDT,2025-07-10 08:00:00.000,0.0,671.48413592,Regular
BNBUSDT,2025-07-10 16:00:00.004,0.0,668.14000000,Regular
BNBUSDT,2025-07-11 00:00:00.004,0.0,686.21616901,Regular
BNBUSDT,2025-07-11 08:00:00.007,0.0,685.27036219,Regular
BNBUSDT,2025-07-11 16:00:00.001,0.0,687.65442428,Regular
BNBUSDT,2025-07-12 00:00:00.000,0.0,690.39645918,Regular
BNBUSDT,2025-07-12 08:00:00.001,2.145e-05,694.72000000,Regular
BNBUSDT,2025-07-12 16:00:00.002,0.0,681.25059147,Regular
BNBUSDT,2025-07-13 00:00:00.006,0.0,686.06709060,Regular
BNBUSDT,2025-07-13 08:00:00.001,0.0,690.43000000,Regular
BNBUSDT,2025-07-13 16:00:00.003,0.0,691.48502074,Regular
BNBUSDT,2025-07-14 00:00:00.000,0.0,692.29333170,Regular
BNBUSDT,2025-07-14 08:00:00.000,9.44e-05,706.87000000,Regular
BNBUSDT,2025-07-14 16:00:00.000,0.0,692.91000000,Regular
BNBUSDT,2025-07-15 00:00:00.002,0.0,689.14054187,Regular
BNBUSDT,2025-07-15 08:00:00.000,0.0,679.17000000,Regular
BNBUSDT,2025-07-15 16:00:00.000,0.0,683.09463703,Regular
BNBUSDT,2025-07-16 00:00:00.000,0.0,690.32541190,Regular
BNBUSDT,2025-07-16 08:00:00.000,0.0,692.17000000,Regular
BNBUSDT,2025-07-16 16:00:00.008,0.0,700.67000000,Regular
BNBUSDT,2025-07-17 00:00:00.003,0.0,708.99000000,Regular
BNBUSDT,2025-07-17 08:00:00.000,0.0,721.12174424,Regular
BNBUSDT,2025-07-17 16:00:00.000,4.682e-05,721.67973860,Regular
BNBUSDT,2025-07-18 00:00:00.004,5.506e-05,721.04420492,Regular
BNBUSDT,2025-07-18 08:00:00.000,0.00013265,740.44149039,Regular
BNBUSDT,2025-07-18 16:00:00.000,4.213e-05,737.93000000,Regular
BNBUSDT,2025-07-19 00:00:00.009,0.0,730.30969097,Regular
BNBUSDT,2025-07-19 08:00:00.000,0.0,732.64314891,Regular
BNBUSDT,2025-07-19 16:00:00.002,0.0,731.09362189,Regular
BNBUSDT,2025-07-20 00:00:00.000,0.0,733.43000000,Regular
BNBUSDT,2025-07-20 08:00:00.000,1.211e-05,745.00000000,Regular
BNBUSDT,2025-07-20 16:00:00.000,0.0,751.41000000,Regular
BNBUSDT,2025-07-21 00:00:00.001,3.139e-05,757.32000000,Regular
BNBUSDT,2025-07-21 08:00:00.000,1.13e-05,760.83000926,Regular
BNBUSDT,2025-07-21 16:00:00.001,0.00012067,774.62000000,Regular
BNBUSDT,2025-07-22 00:00:00.000,0.0,766.51000000,Regular
BNBUSDT,2025-07-22 08:00:00.010,0.0,757.76983326,Regular
BNBUSDT,2025-07-22 16:00:00.007,0.00010652,764.39296022,Regular
BNBUSDT,2025-07-23 00:00:00.000,0.00024488,787.51712743,Regular
BNBUSDT,2025-07-23 08:00:00.004,0.00023989,794.75932933,Regular
BNBUSDT,2025-07-23 16:00:00.002,3.205e-05,784.88711429,Regular
BNBUSDT,2025-07-24 00:00:00.000,0.0,776.87000000,Regular
BNBUSDT,2025-07-24 08:00:00.001,0.0,759.33000000,Regular
BNBUSDT,2025-07-24 16:00:00.000,3.908e-05,778.83000000,Regular
BNBUSDT,2025-07-25 00:00:00.000,0.0,771.08019387,Regular
BNBUSDT,2025-07-25 08:00:00.000,0.0,761.73000000,Regular
BNBUSDT,2025-07-25 16:00:00.000,1.809e-05,766.21350511,Regular
BNBUSDT,2025-07-26 00:00:00.001,0.00013733,785.98000000,Regular
BNBUSDT,2025-07-26 08:00:00.005,5.6e-06,782.95985046,Regular
BNBUSDT,2025-07-26 16:00:00.001,1.57e-06,781.70091394,Regular
BNBUSDT,2025-07-27 00:00:00.001,0.00012703,793.53540788,Regular
BNBUSDT,2025-07-27 08:00:00.000,0.0,796.84000000,Regular
BNBUSDT,2025-07-27 16:00:00.008,9.734e-05,814.59778225,Regular
BNBUSDT,2025-07-28 00:00:00.005,0.00013252,844.61672483,Regular
BNBUSDT,2025-07-28 08:00:00.000,0.00010789,856.33000000,Regular
BNBUSDT,2025-07-28 16:00:00.000,0.00011022,836.19454132,Regular
BNBUSDT,2025-07-29 00:00:00.001,5.822e-05,824.47000000,Regular
BNBUSDT,2025-07-29 08:00:00.000,7.14e-06,825.83323350,Regular
BNBUSDT,2025-07-29 16:00:00.000,7.209e-05,805.54000000,Regular
BNBUSDT,2025-07-30 00:00:00.011,0.00010428,805.78121121,Regular
BNBUSDT,2025-07-30 08:00:00.000,3.363e-05,800.94000000,Regular
BNBUSDT,2025-07-30 16:00:00.008,3.062e-05,791.12230725,Regular
BNBUSDT,2025-07-31 00:00:00.000,7.977e-05,793.98818979,Regular
BNBUSDT,2025-07-31 08:00:00.009,0.0,804.00607579,Regular
BNBUSDT,2025-07-31 16:00:00.000,0.0,800.05000000,Regular
BNBUSDT,2025-08-01 00:00:00.001,0.0,783.49576703,Regular
BNBUSDT,2025-08-01 08:00:00.003,2.565e-05,773.79000000,Regular
BNBUSDT,2025-08-01 16:00:00.000,3.09e-05,764.46000000,Regular
BNBUSDT,2025-08-02 00:00:00.004,9.79e-06,757.51454702,Regular
BNBUSDT,2025-08-02 08:00:00.000,0.0,759.34000000,Regular
BNBUSDT,2025-08-02 16:00:00.000,0.0,743.44000000,Regular
BNBUSDT,2025-08-03 00:00:00.000,3.677e-05,736.91918691,Regular
BNBUSDT,2025-08-03 08:00:00.000,0.0,748.31887311,Regular
BNBUSDT,2025-08-03 16:00:00.003,0.0,748.84000000,Regular
BNBUSDT,2025-08-04 00:00:00.004,0.0,751.36656774,Regular
BNBUSDT,2025-08-04 08:00:00.000,0.0,757.31000000,Regular
BNBUSDT,2025-08-04 16:00:00.002,0.0,760.72670637,Regular
BNBUSDT,2025-08-05 00:00:00.000,0.0,768.83716521,Regular
BNBUSDT,2025-08-05 08:00:00.000,0.0,757.73000000,Regular
BNBUSDT,2025-08-05 16:00:00.000,0.0,749.39000000,Regular
BNBUSDT,2025-08-06 00:00:00.005,0.0,755.57000000,Regular
BNBUSDT,2025-08-06 08:00:00.000,0.0,763.49000000,Regular
BNBUSDT,2025-08-06 16:00:00.000,3.269e-05,769.72000000,Regular
BNBUSDT,2025-08-07 00:00:00.003,4.17e-05,769.87215010,Regular
BNBUSDT,2025-08-07 08:00:00.002,0.0,768.58015697,Regular
BNBUSDT,2025-08-07 16:00:00.002,0.0,775.93952989,Regular
BNBUSDT,2025-08-08 00:00:00.002,0.0,788.99000000,Regular
BNBUSDT,2025-08-08 08:00:00.004,0.0,790.04212187,Regular
BNBUSDT,2025-08-08 16:00:00.000,0.0,785.16489274,Regular
BNBUSDT,2025-08-09 00:00:00.005,0.0,793.69853866,Regular
BNBUSDT,2025-08-09 08:00:00.000,0.0,810.01438095,Regular
BNBUSDT,2025-08-09 16:00:00.007,5.501e-05,806.82102276,Regular
BNBUSDT,2025-08-10 00:00:00.003,0.0,799.15558426,Regular
BNBUSDT,2025-08-10 08:00:00.005,3.278e-05,799.73709390,Regular
BNBUSDT,2025-08-10 16:00:00.002,0.0,802.33929337,Regular
BNBUSDT,2025-08-11 00:00:00.000,0.0,807.50690653,Regular
BNBUSDT,2025-08-11 08:00:00.000,0.00014301,812.12000000,Regular
BNBUSDT,2025-08-11 16:00:00.000,0.0,807.59000000,Regular
BNBUSDT,2025-08-12 00:00:00.000,0.0,805.17705848,Regular
BNBUSDT,2025-08-12 08:00:00.001,0.0,808.07215480,Regular
BNBUSDT,2025-08-12 16:00:00.005,0.0,821.08021062,Regular
BNBUSDT,2025-08-13 00:00:00.000,0.0001441,832.98712492,Regular
BNBUSDT,2025-08-13 08:00:00.002,7.511e-05,847.26929541,Regular
BNBUSDT,2025-08-13 16:00:00.006,0.00022827,842.12476216,Regular
BNBUSDT,2025-08-14 00:00:00.002,2.287e-05,848.28357089,Regular
BNBUSDT,2025-08-14 08:00:00.003,0.00019442,858.29000000,Regular
BNBUSDT,2025-08-14 16:00:00.000,8.604e-05,847.40000000,Regular
BNBUSDT,2025-08-15 00:00:00.000,0.0,840.80000000,Regular
BNBUSDT,2025-08-15 08:00:00.000,0.0,848.61000000,Regular
BNBUSDT,2025-08-15 16:00:00.000,0.0,818.89000000,Regular
BNBUSDT,2025-08-16 00:00:00.004,0.0,828.00000000,Regular
BNBUSDT,2025-08-16 08:00:00.000,0.0,835.82728292,Regular
BNBUSDT,2025-08-16 16:00:00.002,0.0,832.09300279,Regular
BNBUSDT,2025-08-17 00:00:00.000,0.0,838.97000000,Regular
BNBUSDT,2025-08-17 08:00:00.001,3.44e-06,854.67000000,Regular
BNBUSDT,2025-08-17 16:00:00.007,0.0,860.33919557,Regular
BNBUSDT,2025-08-18 00:00:00.000,3.265e-05,855.92491086,Regular
BNBUSDT,2025-08-18 08:00:00.001,0.0,830.45000000,Regular
BNBUSDT,2025-08-18 16:00:00.002,0.0,842.09930377,Regular
BNBUSDT,2025-08-19 00:00:00.000,0.0,847.43200062,Regular
BNBUSDT,2025-08-19 08:00:00.001,0.0,838.49909227,Regular
BNBUSDT,2025-08-19 16:00:00.000,0.0,832.49450348,Regular
BNBUSDT,2025-08-20 00:00:00.000,0.0,824.44000000,Regular
BNBUSDT,2025-08-20 08:00:00.000,0.0,834.65552678,Regular
BNBUSDT,2025-08-20 16:00:00.000,0.0,833.45282028,Regular
BNBUSDT,2025-08-21 00:00:00.006,9.039e-05,869.69399081,Regular
BNBUSDT,2025-08-21 08:00:00.000,3.769e-05,862.91915589,Regular
BNBUSDT,2025-08-21 16:00:00.003,0.0,842.29648390,Regular
BNBUSDT,2025-08-22 00:00:00.010,0.0,839.77116437,Regular
BNBUSDT,2025-08-22 08:00:00.007,0.0,851.49000000,Regular
BNBUSDT,2025-08-22 16:00:00.001,4.832e-05,876.99000000,Regular
BNBUSDT,2025-08-23 00:00:00.004,0.00032856,901.00000000,Regular
BNBUSDT,2025-08-23 08:00:00.006,0.00018028,887.90926078,Regular
BNBUSDT,2025-08-23 16:00:00.000,0.00012106,889.17000000,Regular
BNBUSDT,2025-08-24 00:00:00.001,0.00011059,880.86000000,Regular
BNBUSDT,2025-08-24 08:00:00.002,0.00011701,870.79646286,Regular
BNBUSDT,2025-08-24 16:00:00.001,0.0,867.72000000,Regular
BNBUSDT,2025-08-25 00:00:00.000,9e-08,876.90000000,Regular
BNBUSDT,2025-08-25 08:00:00.002,6.642e-05,858.83020066,Regular
BNBUSDT,2025-08-25 16:00:00.002,0.0,863.79000000,Regular
BNBUSDT,2025-08-26 00:00:00.000,0.0,839.63000000,Regular
BNBUSDT,2025-08-26 08:00:00.000,2.8e-06,843.03000000,Regular
BNBUSDT,2025-08-26 16:00:00.000,0.0,850.04000000,Regular
BNBUSDT,2025-08-27 00:00:00.003,4.937e-05,864.16000000,Regular
BNBUSDT,2025-08-27 08:00:00.000,0.0,857.64373464,Regular
BNBUSDT,2025-08-27 16:00:00.009,0.0,865.20000000,Regular
BNBUSDT,2025-08-28 00:00:00.000,2.791e-05,855.74000000,Regular
BNBUSDT,2025-08-28 08:00:00.005,9.121e-05,869.77883113,Regular
BNBUSDT,2025-08-28 16:00:00.004,6.997e-05,870.23000000,Regular
BNBUSDT,2025-08-29 00:00:00.000,3.288e-05,874.07507168,Regular
BNBUSDT,2025-08-29 08:00:00.000,1.013e-05,857.55967643,Regular
BNBUSDT,2025-08-29 16:00:00.005,2.538e-05,858.61000000,Regular
BNBUSDT,2025-08-30 00:00:00.000,1.126e-05,862.77550298,Regular
BNBUSDT,2025-08-30 08:00:00.002,4.455e-05,860.89876327,Regular
BNBUSDT,2025-08-30 16:00:00.003,0.0,859.45281341,Regular
BNBUSDT,2025-08-31 00:00:00.016,3.932e-05,862.54048925,Regular
BNBUSDT,2025-08-31 08:00:00.000,0.0,858.99611035,Regular
BNBUSDT,2025-08-31 16:00:00.001,0.0,862.32728980,Regular
BNBUSDT,2025-09-01 00:00:00.000,0.0,858.00663604,Regular
BNBUSDT,2025-09-01 08:00:00.000,0.0,865.85298569,Regular
BNBUSDT,2025-09-01 16:00:00.001,0.0,847.52000000,Regular
BNBUSDT,2025-09-02 00:00:00.000,0.0,846.12157605,Regular
BNBUSDT,2025-09-02 08:00:00.005,0.0,855.37000000,Regular
BNBUSDT,2025-09-02 16:00:00.007,2.168e-05,847.25000000,Regular
BNBUSDT,2025-09-03 00:00:00.006,0.0,852.22000000,Regular
BNBUSDT,2025-09-03 08:00:00.002,0.0,854.88000000,Regular
BNBUSDT,2025-09-03 16:00:00.002,0.0,860.63000000,Regular
BNBUSDT,2025-09-04 00:00:00.002,2.732e-05,855.21000000,Regular
BNBUSDT,2025-09-04 08:00:00.000,0.0,847.91139632,Regular
BNBUSDT,2025-09-04 16:00:00.000,0.0,844.52328349,Regular
BNBUSDT,2025-09-05 00:00:00.001,0.0,843.74974442,Regular
BNBUSDT,2025-09-05 08:00:00.006,0.0,850.71000000,Regular
BNBUSDT,2025-09-05 16:00:00.000,0.0,849.08000000,Regular
BNBUSDT,2025-09-06 00:00:00.000,0.0,850.28000000,Regular
BNBUSDT,2025-09-06 08:00:00.005,0.0,859.77259778,Regular
BNBUSDT,2025-09-06 16:00:00.000,1.384e-05,859.98000000,Regular
BNBUSDT,2025-09-07 00:00:00.000,0.0,861.33926659,Regular
BNBUSDT,2025-09-07 08:00:00.000,0.0,868.12026200,Regular
BNBUSDT,2025-09-07 16:00:00.000,5.222e-05,875.11000000,Regular
BNBUSDT,2025-09-08 00:00:00.007,7.418e-05,880.63607088,Regular
BNBUSDT,2025-09-08 08:00:00.000,0.0,874.51865139,Regular
BNBUSDT,2025-09-08 16:00:00.000,0.0,880.55589806,Regular
BNBUSDT,2025-09-09 00:00:00.000,0.00012454,878.46635372,Regular
BNBUSDT,2025-09-09 08:00:00.000,9.705e-05,881.69686160,Regular
BNBUSDT,2025-09-09 16:00:00.000,0.0,873.69369584,Regular
BNBUSDT,2025-09-10 00:00:00.000,0.0,880.24281266,Regular
BNBUSDT,2025-09-10 08:00:00.002,5.321e-05,883.95832959,Regular
BNBUSDT,2025-09-10 16:00:00.000,0.00010856,895.84694250,Regular
BNBUSDT,2025-09-11 00:00:00.000,0.0,894.13522896,Regular
BNBUSDT,2025-09-11 08:00:00.000,0.0,896.92000000,Regular
BNBUSDT,2025-09-11 16:00:00.001,2.308e-05,893.55387445,Regular
BNBUSDT,2025-09-12 00:00:00.002,0.0,903.13000000,Regular
BNBUSDT,2025-09-12 08:00:00.001,3.147e-05,903.89000000,Regular
BNBUSDT,2025-09-12 16:00:00.005,0.0001083,907.44000000,Regular
BNBUSDT,2025-09-13 00:00:00.005,0.00016022,925.44129039,Regular
BNBUSDT,2025-09-13 08:00:00.002,0.0001208,925.66000000,Regular
BNBUSDT,2025-09-13 16:00:00.000,0.00012118,937.03201277,Regular
BNBUSDT,2025-09-14 00:00:00.006,0.0,934.17781144,Regular
BNBUSDT,2025-09-14 08:00:00.000,0.00010453,938.13506564,Regular
BNBUSDT,2025-09-14 16:00:00.001,0.0,924.87000000,Regular
BNBUSDT,2025-09-15 00:00:00.006,0.0,926.80724271,Regular
BNBUSDT,2025-09-15 08:00:00.002,0.0,923.77627265,Regular
BNBUSDT,2025-09-15 16:00:00.001,0.0,916.95000000,Regular
BNBUSDT,2025-09-16 00:00:00.001,1.95e-06,920.10356564,Regular
BNBUSDT,2025-09-16 08:00:00.000,0.0,931.32108168,Regular
BNBUSDT,2025-09-16 16:00:00.000,0.0,938.00000000,Regular
BNBUSDT,2025-09-17 00:00:00.001,0.00015544,956.26000000,Regular
BNBUSDT,2025-09-17 08:00:00.000,5.771e-05,955.37273716,Regular
BNBUSDT,2025-09-17 16:00:00.003,6.133e-05,951.62738572,Regular
BNBUSDT,2025-09-18 00:00:00.006,0.00011161,990.81000000,Regular
BNBUSDT,2025-09-18 08:00:00.002,0.00014904,998.81000000,Regular
BNBUSDT,2025-09-18 16:00:00.000,7.826e-05,994.01000000,Regular
BNBUSDT,2025-09-19 00:00:00.000,3.442e-05,981.75122044,Regular
BNBUSDT,2025-09-19 08:00:00.005,0.0,995.17000000,Regular
BNBUSDT,2025-09-19 16:00:00.000,8.365e-05,983.17000000,Regular
BNBUSDT,2025-09-20 00:00:00.000,0.0,984.46979581,Regular
BNBUSDT,2025-09-20 08:00:00.000,0.0,999.67388551,Regular
BNBUSDT,2025-09-20 16:00:00.002,0.0,1021.60756349,Regular
BNBUSDT,2025-09-21 00:00:00.000,0.0,1044.28000000,Regular
BNBUSDT,2025-09-21 08:00:00.000,0.0,1074.57000000,Regular
BNBUSDT,2025-09-21 16:00:00.000,0.0,1056.65455423,Regular
BNBUSDT,2025-09-22 00:00:00.005,0.0,1048.25000000,Regular
BNBUSDT,2025-09-22 08:00:00.003,4.118e-05,1024.24937139,Regular
BNBUSDT,2025-09-22 16:00:00.000,7.583e-05,998.27355701,Regular
BNBUSDT,2025-09-23 00:00:00.000,4.293e-05,993.50041314,Regular
BNBUSDT,2025-09-23 08:00:00.001,0.0,1002.06802384,Regular
BNBUSDT,2025-09-23 16:00:00.000,0.0,1022.96085688,Regular
BNBUSDT,2025-09-24 00:00:00.003,6.267e-05,1016.74207583,Regular
BNBUSDT,2025-09-24 08:00:00.001,0.0,1018.40000000,Regular
BNBUSDT,2025-09-24 16:00:00.002,9.26e-06,1009.78930090,Regular
BNBUSDT,2025-09-25 00:00:00.000,0.0,1018.81000000,Regular
BNBUSDT,2025-09-25 08:00:00.001,0.00011201,992.40000000,Regular
BNBUSDT,2025-09-25 16:00:00.000,4.5e-06,995.74000000,Regular
BNBUSDT,2025-09-26 00:00:00.000,5.119e-05,946.47849021,Regular
BNBUSDT,2025-09-26 08:00:00.000,9.24e-06,949.95433881,Regular
BNBUSDT,2025-09-26 16:00:00.008,0.0,942.73000000,Regular
BNBUSDT,2025-09-27 00:00:00.000,0.0,961.19791348,Regular
BNBUSDT,2025-09-27 08:00:00.010,0.0,972.53741155,Regular
BNBUSDT,2025-09-27 16:00:00.003,0.0,976.69110890,Regular
BNBUSDT,2025-09-28 00:00:00.000,0.0,968.71000000,Regular
BNBUSDT,2025-09-28 08:00:00.000,0.0,969.80488353,Regular
BNBUSDT,2025-09-28 16:00:00.000,0.0,976.42536149,Regular
BNBUSDT,2025-09-29 00:00:00.000,0.0,993.27090571,Regular
BNBUSDT,2025-09-29 08:00:00.002,0.00016081,1010.50000000,Regular
BNBUSDT,2025-09-29 16:00:00.001,0.0,1011.16000000,Regular
BNBUSDT,2025-09-30 00:00:00.002,0.0,1030.39907167,Regular
BNBUSDT,2025-09-30 08:00:00.005,3.761e-05,1020.63000000,Regular
BNBUSDT,2025-09-30 16:00:00.000,7.373e-05,998.69768743,Regular
BNBUSDT,2025-10-01 00:00:00.000,0.0,1008.77000000,Regular
BNBUSDT,2025-10-01 08:00:00.000,0.0,1010.21544814,Regular
BNBUSDT,2025-10-01 16:00:00.000,0.0,1019.36000000,Regular
BNBUSDT,2025-10-02 00:00:00.000,0.0,1026.83796169,Regular
BNBUSDT,2025-10-02 08:00:00.013,0.0,1036.44000000,Regular
BNBUSDT,2025-10-02 16:00:00.000,0.0,1056.10814257,Regular
BNBUSDT,2025-10-03 00:00:00.006,0.00021025,1090.85054878,Regular
BNBUSDT,2025-10-03 08:00:00.006,9.993e-05,1087.02000000,Regular
BNBUSDT,2025-10-03 16:00:00.000,2.968e-05,1164.89000000,Regular
BNBUSDT,2025-10-04 00:00:00.001,9.49e-05,1190.23914049,Regular
BNBUSDT,2025-10-04 08:00:00.000,3.472e-05,1167.49000000,Regular
BNBUSDT,2025-10-04 16:00:00.000,3.987e-05,1144.92506245,Regular
BNBUSDT,2025-10-05 00:00:00.000,4.607e-05,1151.46000000,Regular
BNBUSDT,2025-10-05 08:00:00.003,0.0,1178.21186498,Regular
BNBUSDT,2025-10-05 16:00:00.009,0.0,1158.94929000,Regular
BNBUSDT,2025-10-06 00:00:00.004,0.0,1167.73608654,Regular
BNBUSDT,2025-10-06 08:00:00.002,6.884e-05,1199.09000000,Regular
BNBUSDT,2025-10-06 16:00:00.004,3.841e-05,1222.10000000,Regular
BNBUSDT,2025-10-07 00:00:00.000,0.0,1224.38000000,Regular
BNBUSDT,2025-10-07 08:00:00.003,0.0,1250.35631361,Regular
BNBUSDT,2025-10-07 16:00:00.000,6.251e-05,1281.57000000,Regular
BNBUSDT,2025-10-08 00:00:00.000,0.0,1305.24530664,Regular
BNBUSDT,2025-10-08 08:00:00.006,0.0,1312.45687897,Regular
BNBUSDT,2025-10-08 16:00:00.002,0.0,1293.63088602,Regular
BNBUSDT,2025-10-09 00:00:00.001,0.0,1306.83000000,Regular
BNBUSDT,2025-10-09 08:00:00.000,0.0,1308.84000000,Regular
BNBUSDT,2025-10-09 16:00:00.000,0.0,1240.54000000,Regular
BNBUSDT,2025-10-10 00:00:00.005,0.0,1255.78162313,Regular
BNBUSDT,2025-10-10 08:00:00.002,0.0,1264.21000000,Regular
BNBUSDT,2025-10-10 16:00:00.014,0.0,1216.25831074,Regular
BNBUSDT,2025-10-11 00:00:00.000,2.76e-06,1102.30100704,Regular
BNBUSDT,2025-10-11 08:00:00.003,0.0,1094.94000000,Regular
BNBUSDT,2025-10-11 16:00:00.000,0.0,1143.25000000,Regular
BNBUSDT,2025-10-12 00:00:00.004,0.0,1134.92596463,Regular
BNBUSDT,2025-10-12 08:00:00.002,0.0,1160.63509075,Regular
BNBUSDT,2025-10-12 16:00:00.000,-5.331e-05,1302.38021497,Regular
BNBUSDT,2025-10-13 00:00:00.003,0.0,1302.86019925,Regular
BNBUSDT,2025-10-13 08:00:00.002,-0.00030569,1342.35040839,Regular
BNBUSDT,2025-10-13 16:00:00.003,0.0,1273.20091501,Regular
BNBUSDT,2025-10-14 00:00:00.000,-0.00027668,1293.85465149,Regular
BNBUSDT,2025-10-14 08:00:00.000,0.0,1195.04687666,Regular
BNBUSDT,2025-10-14 16:00:00.000,-0.00016775,1211.82817811,Regular
BNBUSDT,2025-10-15 00:00:00.006,-0.00020435,1208.08000000,Regular
BNBUSDT,2025-10-15 08:00:00.002,0.0,1189.86468820,Regular
BNBUSDT,2025-10-15 16:00:00.000,0.0,1168.70261561,Regular
BNBUSDT,2025-10-16 00:00:00.000,0.0,1162.96923310,Regular
BNBUSDT,2025-10-16 08:00:00.003,0.0,1184.00275013,Regular
BNBUSDT,2025-10-16 16:00:00.002,0.0,1135.21189053,Regular
BNBUSDT,2025-10-17 00:00:00.001,0.0,1144.65000000,Regular
BNBUSDT,2025-10-17 08:00:00.005,0.0,1062.87507647,Regular
BNBUSDT,2025-10-17 16:00:00.003,-0.00016779,1073.93155529,Regular
BNBUSDT,2025-10-18 00:00:00.000,0.0,1070.56520073,Regular
BNBUSDT,2025-10-18 08:00:00.002,-0.00013138,1118.08281662,Regular
BNBUSDT,2025-10-18 16:00:00.001,-8.672e-05,1090.74282099,Regular
BNBUSDT,2025-10-19 00:00:00.001,-1.193e-05,1092.04717913,Regular
BNBUSDT,2025-10-19 08:00:00.001,0.0,1083.95628272,Regular
BNBUSDT,2025-10-19 16:00:00.001,-8.195e-05,1118.30841024,Regular
BNBUSDT,2025-10-20 00:00:00.004,-0.00021765,1109.16623357,Regular
BNBUSDT,2025-10-20 08:00:00.001,-3.486e-05,1124.61779456,Regular
BNBUSDT,2025-10-20 16:00:00.000,-0.00035218,1109.92462217,Regular
BNBUSDT,2025-10-21 00:00:00.009,-2.886e-05,1099.71000000,Regular
BNBUSDT,2025-10-21 08:00:00.000,0.0,1072.15406052,Regular
BNBUSDT,2025-10-21 16:00:00.000,0.0,1111.88000000,Regular
BNBUSDT,2025-10-22 00:00:00.004,0.0,1056.60019834,Regular
BNBUSDT,2025-10-22 08:00:00.000,-0.00014817,1070.73000000,Regular
BNBUSDT,2025-10-22 16:00:00.000,-7.842e-05,1080.49000000,Regular
BNBUSDT,2025-10-23 00:00:00.000,-6.94e-05,1071.27190761,Regular
BNBUSDT,2025-10-23 08:00:00.001,0.0,1108.80000000,Regular
BNBUSDT,2025-10-23 16:00:00.004,0.0,1129.95339948,Regular
BNBUSDT,2025-10-24 00:00:00.000,-0.00020182,1125.72354076,Regular
BNBUSDT,2025-10-24 08:00:00.000,-3.383e-05,1125.10623151,Regular
BNBUSDT,2025-10-24 16:00:00.009,-0.00021638,1103.57000000,Regular
BNBUSDT,2025-10-25 00:00:00.000,-0.00015562,1108.50030940,Regular
BNBUSDT,2025-10-25 08:00:00.001,-9.134e-05,1111.93972036,Regular
BNBUSDT,2025-10-25 16:00:00.001,-2.384e-05,1108.15000000,Regular
BNBUSDT,2025-10-26 00:00:00.001,0.0,1116.35000000,Regular
BNBUSDT,2025-10-26 08:00:00.001,0.0,1120.17000000,Regular
BNBUSDT,2025-10-26 16:00:00.000,0.0,1132.92982290,Regular
BNBUSDT,2025-10-27 00:00:00.000,0.0,1137.96000000,Regular
BNBUSDT,2025-10-27 08:00:00.005,0.0,1157.01000000,Regular
BNBUSDT,2025-10-27 16:00:00.000,0.0,1143.00000000,Regular
BNBUSDT,2025-10-28 00:00:00.000,0.0,1138.38000000,Regular
BNBUSDT,2025-10-28 08:00:00.000,-0.00011396,1131.63000000,Regular
BNBUSDT,2025-10-28 16:00:00.004,0.0,1135.22931176,Regular
BNBUSDT,2025-10-29 00:00:00.004,-0.00029777,1102.39901954,Regular
BNBUSDT,2025-10-29 08:00:00.005,-0.00023533,1115.75769772,Regular
BNBUSDT,2025-10-29 16:00:00.000,0.0,1099.35000000,Regular
BNBUSDT,2025-10-30 00:00:00.004,0.0,1107.54729830,Regular
BNBUSDT,2025-10-30 08:00:00.008,0.0,1117.98000000,Regular
BNBUSDT,2025-10-30 16:00:00.001,-9.47e-05,1076.44398375,Regular
BNBUSDT,2025-10-31 00:00:00.000,-0.00030437,1078.10000000,Regular
BNBUSDT,2025-10-31 08:00:00.008,-0.00010318,1097.92000000,Regular
BNBUSDT,2025-10-31 16:00:00.007,0.0,1084.25879150,Regular
BNBUSDT,2025-11-01 00:00:00.001,-9.114e-05,1088.16000000,Regular
BNBUSDT,2025-11-01 08:00:00.000,-8.92e-06,1086.03000000,Regular
BNBUSDT,2025-11-01 16:00:00.000,-0.00014754,1091.91000000,Regular
BNBUSDT,2025-11-02 00:00:00.007,0.0,1094.22000000,Regular
BNBUSDT,2025-11-02 08:00:00.000,0.0,1093.03701233,Regular
BNBUSDT,2025-11-02 16:00:00.001,0.0,1080.68000000,Regular
BNBUSDT,2025-11-03 00:00:00.000,0.0,1083.01920332,Regular
BNBUSDT,2025-11-03 08:00:00.010,0.0,1029.03000000,Regular
BNBUSDT,2025-11-03 16:00:00.000,0.0,980.44899107,Regular
BNBUSDT,2025-11-04 00:00:00.002,0.0,993.22384028,Regular
BNBUSDT,2025-11-04 08:00:00.004,0.0,945.07000000,Regular
BNBUSDT,2025-11-04 16:00:00.000,0.0,950.08685947,Regular
BNBUSDT,2025-11-05 00:00:00.000,0.0,936.76860752,Regular
BNBUSDT,2025-11-05 08:00:00.000,0.0,953.89573159,Regular
BNBUSDT,2025-11-05 16:00:00.004,0.0,965.30000000,Regular
BNBUSDT,2025-11-06 00:00:00.001,0.0,959.27038731,Regular
BNBUSDT,2025-11-06 08:00:00.000,0.0,951.49379922,Regular
BNBUSDT,2025-11-06 16:00:00.001,0.0,933.95000000,Regular
BNBUSDT,2025-11-07 00:00:00.005,0.0,950.66146685,Regular
BNBUSDT,2025-11-07 08:00:00.003,0.0,970.62000000,Regular
BNBUSDT,2025-11-07 16:00:00.005,0.0,945.08000000,Regular
BNBUSDT,2025-11-08 00:00:00.011,0.0,991.23920940,Regular
BNBUSDT,2025-11-08 08:00:00.015,0.0,995.45577751,Regular
BNBUSDT,2025-11-08 16:00:00.001,0.0,990.71902482,Regular
BNBUSDT,2025-11-09 00:00:00.004,0.0,990.82593409,Regular
BNBUSDT,2025-11-09 08:00:00.000,0.0,989.52071315,Regular
BNBUSDT,2025-11-09 16:00:00.005,0.0,993.92657392,Regular
BNBUSDT,2025-11-10 00:00:00.000,0.0,996.12000000,Regular
BNBUSDT,2025-11-10 08:00:00.000,-6e-08,1005.38000000,Regular
BNBUSDT,2025-11-10 16:00:00.003,-0.00021863,979.17000000,Regular
BNBUSDT,2025-11-11 00:00:00.007,-0.00015352,991.53000000,Regular
BNBUSDT,2025-11-11 08:00:00.000,0.0,973.74305926,Regular
BNBUSDT,2025-11-11 16:00:00.009,0.0,975.62000000,Regular
BNBUSDT,2025-11-12 00:00:00.000,0.0,957.95298598,Regular
BNBUSDT,2025-11-12 08:00:00.002,0.0,952.79549930,Regular
BNBUSDT,2025-11-12 16:00:00.000,0.0,949.08356396,Regular
BNBUSDT,2025-11-13 00:00:00.002,-2.848e-05,952.51000000,Regular
BNBUSDT,2025-11-13 08:00:00.000,0.0,964.70878831,Regular
BNBUSDT,2025-11-13 16:00:00.001,0.0,957.39201536,Regular
BNBUSDT,2025-11-14 00:00:00.000,0.0,926.69719364,Regular
BNBUSDT,2025-11-14 08:00:00.000,0.0,923.17540974,Regular
BNBUSDT,2025-11-14 16:00:00.001,0.0,925.98051394,Regular
BNBUSDT,2025-11-15 00:00:00.005,0.0,915.69000000,Regular
BNBUSDT,2025-11-15 08:00:00.000,0.0,936.80687723,Regular
BNBUSDT,2025-11-15 16:00:00.001,0.0,936.83231387,Regular
BNBUSDT,2025-11-16 00:00:00.001,0.0,932.75341883,Regular
BNBUSDT,2025-11-16 08:00:00.000,4.995e-05,943.94000000,Regular
BNBUSDT,2025-11-16 16:00:00.000,0.0,923.35905767,Regular
BNBUSDT,2025-11-17 00:00:00.003,0.0,927.05518922,Regular
BNBUSDT,2025-11-17 08:00:00.003,6.771e-05,935.83847774,Regular
BNBUSDT,2025-11-17 16:00:00.000,0.0,911.92000000,Regular
BNBUSDT,2025-11-18 00:00:00.002,0.0,907.16319781,Regular
BNBUSDT,2025-11-18 08:00:00.004,5.11e-05,911.03000000,Regular
BNBUSDT,2025-11-18 16:00:00.000,6.524e-05,926.49241637,Regular
BNBUSDT,2025-11-19 00:00:00.000,9.883e-05,933.16966753,Regular
BNBUSDT,2025-11-19 08:00:00.000,8.9e-05,931.63000000,Regular
BNBUSDT,2025-11-19 16:00:00.008,4.58e-06,894.96659967,Regular
BNBUSDT,2025-11-20 00:00:00.000,0.0,897.73981312,Regular
BNBUSDT,2025-11-20 08:00:00.000,8.774e-05,908.44000000,Regular
BNBUSDT,2025-11-20 16:00:00.000,5.937e-05,890.64000000,Regular
BNBUSDT,2025-11-21 00:00:00.001,0.0,867.00000000,Regular
BNBUSDT,2025-11-21 08:00:00.000,2.824e-05,832.22030311,Regular
BNBUSDT,2025-11-21 16:00:00.001,1.02e-05,814.02386272,Regular
BNBUSDT,2025-11-22 00:00:00.004,5.137e-05,831.01961610,Regular
BNBUSDT,2025-11-22 08:00:00.000,6.64e-05,832.33665888,Regular
BNBUSDT,2025-11-22 16:00:00.000,1.61e-05,823.73000000,Regular
BNBUSDT,2025-11-23 00:00:00.000,7.803e-05,834.29000000,Regular
BNBUSDT,2025-11-23 08:00:00.008,0.0,841.66000000,Regular
BNBUSDT,2025-11-23 16:00:00.003,0.0,850.48000000,Regular
BNBUSDT,2025-11-24 00:00:00.004,0.0,844.05000000,Regular
BNBUSDT,2025-11-24 08:00:00.000,0.00011464,854.47222874,Regular
BNBUSDT,2025-11-24 16:00:00.006,0.0,844.88000000,Regular
BNBUSDT,2025-11-25 00:00:00.000,0.00014383,865.49000000,Regular
BNBUSDT,2025-11-25 08:00:00.009,0.0,856.40542277,Regular
BNBUSDT,2025-11-25 16:00:00.007,0.0,846.35241942,Regular
BNBUSDT,2025-11-26 00:00:00.001,0.0,863.04513635,Regular
BNBUSDT,2025-11-26 08:00:00.001,8.7e-06,860.92447293,Regular
BNBUSDT,2025-11-26 16:00:00.000,0.0,865.58667935,Regular
BNBUSDT,2025-11-27 00:00:00.013,5.647e-05,892.10243511,Regular
BNBUSDT,2025-11-27 08:00:00.000,0.0,894.06000000,Regular
BNBUSDT,2025-11-27 16:00:00.004,0.0,893.56000000,Regular
BNBUSDT,2025-11-28 00:00:00.008,0.0,896.16000000,Regular
BNBUSDT,2025-11-28 08:00:00.000,0.0,882.78000000,Regular
BNBUSDT,2025-11-28 16:00:00.008,0.0,902.27000000,Regular
BNBUSDT,2025-11-29 00:00:00.000,0.0,887.54789919,Regular
BNBUSDT,2025-11-29 08:00:00.005,0.0,879.47000000,Regular
BNBUSDT,2025-11-29 16:00:00.001,0.0,881.25000000,Regular
BNBUSDT,2025-11-30 00:00:00.003,0.0,873.26000000,Regular
BNBUSDT,2025-11-30 08:00:00.000,0.0,875.00000000,Regular
BNBUSDT,2025-11-30 16:00:00.004,0.0,894.34714464,Regular
BNBUSDT,2025-12-01 00:00:00.000,0.0,875.38908959,Regular
BNBUSDT,2025-12-01 08:00:00.004,0.0,832.14704160,Regular
BNBUSDT,2025-12-01 16:00:00.000,0.0,811.82321864,Regular
BNBUSDT,2025-12-02 00:00:00.004,0.0,826.54467517,Regular
BNBUSDT,2025-12-02 08:00:00.000,0.0,830.57128230,Regular
BNBUSDT,2025-12-02 16:00:00.000,0.0,871.19000000,Regular
BNBUSDT,2025-12-03 00:00:00.000,0.0,876.93936534,Regular
BNBUSDT,2025-12-03 08:00:00.000,0.0,897.11936711,Regular
BNBUSDT,2025-12-03 16:00:00.005,0.0,897.72000000,Regular
BNBUSDT,2025-12-04 00:00:00.012,3.446e-05,921.19000000,Regular
BNBUSDT,2025-12-04 08:00:00.000,5.603e-05,911.26000000,Regular
BNBUSDT,2025-12-04 16:00:00.011,5.758e-05,911.16948386,Regular
BNBUSDT,2025-12-05 00:00:00.000,2.223e-05,900.46498998,Regular
BNBUSDT,2025-12-05 08:00:00.000,1.496e-05,902.29000000,Regular
BNBUSDT,2025-12-05 16:00:00.010,2.344e-05,889.34000000,Regular
BNBUSDT,2025-12-06 00:00:00.001,0.0,883.97000000,Regular
BNBUSDT,2025-12-06 08:00:00.001,0.0,884.99918273,Regular
BNBUSDT,2025-12-06 16:00:00.008,0.0,890.40626462,Regular
BNBUSDT,2025-12-07 00:00:00.000,0.0,890.61000000,Regular
BNBUSDT,2025-12-07 08:00:00.004,0.0,891.77000000,Regular
BNBUSDT,2025-12-07 16:00:00.000,0.0,890.88000000,Regular
BNBUSDT,2025-12-08 00:00:00.000,0.0,894.65348068,Regular
BNBUSDT,2025-12-08 08:00:00.000,2.792e-05,903.52844078,Regular
BNBUSDT,2025-12-08 16:00:00.001,3.235e-05,897.10351234,Regular
BNBUSDT,2025-12-09 00:00:00.001,0.0,897.34365284,Regular
BNBUSDT,2025-12-09 08:00:00.001,0.0,889.38828505,Regular
BNBUSDT,2025-12-09 16:00:00.007,0.0,907.60806405,Regular
BNBUSDT,2025-12-10 00:00:00.007,1.106e-05,897.62000000,Regular
BNBUSDT,2025-12-10 08:00:00.002,0.0,894.14000000,Regular
BNBUSDT,2025-12-10 16:00:00.012,0.0,891.48000000,Regular
BNBUSDT,2025-12-11 00:00:00.001,3.901e-05,893.88000000,Regular
BNBUSDT,2025-12-11 08:00:00.000,0.0,866.92545342,Regular
BNBUSDT,2025-12-11 16:00:00.000,0.0,865.74000000,Regular
BNBUSDT,2025-12-12 00:00:00.005,0.0,886.08646421,Regular
BNBUSDT,2025-12-12 08:00:00.007,0.0,889.56512061,Regular
BNBUSDT,2025-12-12 16:00:00.002,0.0,874.36000000,Regular
BNBUSDT,2025-12-13 00:00:00.001,0.0,881.84359837,Regular
BNBUSDT,2025-12-13 08:00:00.006,0.0,886.75709419,Regular
BNBUSDT,2025-12-13 16:00:00.000,6.184e-05,899.48643385,Regular
BNBUSDT,2025-12-14 00:00:00.000,3.637e-05,897.37330942,Regular
BNBUSDT,2025-12-14 08:00:00.003,0.0,896.55000000,Regular
BNBUSDT,2025-12-14 16:00:00.005,1.561e-05,887.07524034,Regular
BNBUSDT,2025-12-15 00:00:00.000,0.0,877.48846640,Regular
BNBUSDT,2025-12-15 08:00:00.000,0.0,889.87000000,Regular
BNBUSDT,2025-12-15 16:00:00.000,0.0,859.09612030,Regular
BNBUSDT,2025-12-16 00:00:00.002,0.0,858.65250971,Regular
BNBUSDT,2025-12-16 08:00:00.000,0.0,860.01000000,Regular
BNBUSDT,2025-12-16 16:00:00.002,0.0,877.01454751,Regular
BNBUSDT,2025-12-17 00:00:00.004,0.0,875.93882548,Regular
BNBUSDT,2025-12-17 08:00:00.000,0.0,868.25000000,Regular
BNBUSDT,2025-12-17 16:00:00.000,0.0,854.12183191,Regular
BNBUSDT,2025-12-18 00:00:00.005,0.0,843.07397126,Regular
BNBUSDT,2025-12-18 08:00:00.007,0.0,833.63000000,Regular
BNBUSDT,2025-12-18 16:00:00.001,0.0,848.28000000,Regular
BNBUSDT,2025-12-19 00:00:00.000,0.0,830.10881612,Regular
BNBUSDT,2025-12-19 08:00:00.001,0.0,843.29000000,Regular
BNBUSDT,2025-12-19 16:00:00.000,0.0,846.89000000,Regular
BNBUSDT,2025-12-20 00:00:00.005,6.564e-05,856.54000000,Regular
BNBUSDT,2025-12-20 08:00:00.000,4.864e-05,854.26740983,Regular
BNBUSDT,2025-12-20 16:00:00.002,5.854e-05,854.36000000,Regular
BNBUSDT,2025-12-21 00:00:00.000,1.097e-05,854.46019138,Regular
BNBUSDT,2025-12-21 08:00:00.009,0.0,850.31000000,Regular
BNBUSDT,2025-12-21 16:00:00.000,5.4e-06,848.99000000,Regular
BNBUSDT,2025-12-22 00:00:00.000,1.576e-05,859.14000000,Regular
BNBUSDT,2025-12-22 08:00:00.005,0.0,859.08000000,Regular
BNBUSDT,2025-12-22 16:00:00.009,8.095e-05,868.26309424,Regular
BNBUSDT,2025-12-23 00:00:00.000,1.888e-05,858.98374958,Regular
BNBUSDT,2025-12-23 08:00:00.000,0.0,848.99000000,Regular
BNBUSDT,2025-12-23 16:00:00.001,0.0,844.21000000,Regular
BNBUSDT,2025-12-24 00:00:00.001,0.0,844.28121659,Regular
BNBUSDT,2025-12-24 08:00:00.001,0.0,838.11000000,Regular
BNBUSDT,2025-12-24 16:00:00.000,0.0,841.20000000,Regular
BNBUSDT,2025-12-25 00:00:00.000,0.0,846.90000000,Regular
BNBUSDT,2025-12-25 08:00:00.001,0.0,843.52000000,Regular
BNBUSDT,2025-12-25 16:00:00.005,0.0,842.27413802,Regular
BNBUSDT,2025-12-26 00:00:00.004,0.0,829.57485074,Regular
BNBUSDT,2025-12-26 08:00:00.001,0.0,841.18668071,Regular
BNBUSDT,2025-12-26 16:00:00.007,0.0,828.91958529,Regular
BNBUSDT,2025-12-27 00:00:00.000,0.0,834.82865005,Regular
BNBUSDT,2025-12-27 08:00:00.000,0.0,840.77000000,Regular
BNBUSDT,2025-12-27 16:00:00.011,4.901e-05,841.48550109,Regular
BNBUSDT,2025-12-28 00:00:00.008,4.48e-05,845.56934516,Regular
BNBUSDT,2025-12-28 08:00:00.000,1.94e-05,844.33543824,Regular
BNBUSDT,2025-12-28 16:00:00.000,0.00010964,861.07994277,Regular
BNBUSDT,2025-12-29 00:00:00.016,0.00011598,859.87717849,Regular
BNBUSDT,2025-12-29 08:00:00.001,0.0,861.05000000,Regular
BNBUSDT,2025-12-29 16:00:00.000,0.0,853.88739549,Regular
BNBUSDT,2025-12-30 00:00:00.005,0.0,852.85000000,Regular
BNBUSDT,2025-12-30 08:00:00.001,0.0,854.24000000,Regular
BNBUSDT,2025-12-30 16:00:00.003,2.05e-05,863.22929653,Regular
BNBUSDT,2025-12-31 00:00:00.004,7.039e-05,862.13000000,Regular
BNBUSDT,2025-12-31 08:00:00.001,0.0,868.45000000,Regular
BNBUSDT,2025-12-31 16:00:00.001,7.346e-05,863.58535172,Regular
BNBUSDT,2026-01-01 00:00:00.008,6.523e-05,864.69303539,Regular
BNBUSDT,2026-01-01 08:00:00.002,7.071e-05,859.89710719,Regular
BNBUSDT,2026-01-01 16:00:00.001,0.0,859.71000000,Regular
BNBUSDT,2026-01-02 00:00:00.006,0.0,864.60867558,Regular
BNBUSDT,2026-01-02 08:00:00.007,0.0,865.17293196,Regular
BNBUSDT,2026-01-02 16:00:00.000,5.392e-05,878.64765987,Regular
BNBUSDT,2026-01-03 00:00:00.001,0.00010055,881.87000000,Regular
BNBUSDT,2026-01-03 08:00:00.000,3.998e-05,873.56296107,Regular
BNBUSDT,2026-01-03 16:00:00.000,0.0,873.84879713,Regular
BNBUSDT,2026-01-04 00:00:00.000,2.126e-05,879.04765679,Regular
BNBUSDT,2026-01-04 08:00:00.000,4.64e-05,885.09250129,Regular
BNBUSDT,2026-01-04 16:00:00.001,0.00010041,889.78000000,Regular
BNBUSDT,2026-01-05 00:00:00.000,0.00010532,895.99000000,Regular
BNBUSDT,2026-01-05 08:00:00.000,8.5e-06,899.67912526,Regular
BNBUSDT,2026-01-05 16:00:00.000,5.953e-05,906.82000000,Regular
BNBUSDT,2026-01-06 00:00:00.010,0.00010224,910.87582922,Regular
BNBUSDT,2026-01-06 08:00:00.000,0.0,905.24592746,Regular
BNBUSDT,2026-01-06 16:00:00.000,5.142e-05,919.79000000,Regular
BNBUSDT,2026-01-07 00:00:00.001,4.136e-05,918.30947987,Regular
BNBUSDT,2026-01-07 08:00:00.001,6.57e-05,919.20000000,Regular
BNBUSDT,2026-01-07 16:00:00.001,3.29e-06,899.89000000,Regular
BNBUSDT,2026-01-08 00:00:00.001,4.555e-05,900.47654196,Regular
BNBUSDT,2026-01-08 08:00:00.000,0.0,885.02000000,Regular
BNBUSDT,2026-01-08 16:00:00.000,0.0,889.05000000,Regular
BNBUSDT,2026-01-09 00:00:00.003,0.0,892.55901029,Regular
BNBUSDT,2026-01-09 08:00:00.000,0.0,893.98068571,Regular
BNBUSDT,2026-01-09 16:00:00.001,0.0,895.09379616,Regular
BNBUSDT,2026-01-10 00:00:00.000,1.141e-05,897.34157345,Regular
BNBUSDT,2026-01-10 08:00:00.002,0.00012634,905.97000000,Regular
BNBUSDT,2026-01-10 16:00:00.001,5.12e-06,909.28000000,Regular
BNBUSDT,2026-01-11 00:00:00.003,0.000134,908.45000000,Regular
BNBUSDT,2026-01-11 08:00:00.006,9.446e-05,914.07380427,Regular
BNBUSDT,2026-01-11 16:00:00.000,3.344e-05,909.11660603,Regular
BNBUSDT,2026-01-12 00:00:00.005,0.0,904.61061489,Regular
BNBUSDT,2026-01-12 08:00:00.000,0.0,905.11000000,Regular
BNBUSDT,2026-01-12 16:00:00.000,7.6e-07,904.68970749,Regular
BNBUSDT,2026-01-13 00:00:00.007,8.828e-05,906.31000000,Regular
BNBUSDT,2026-01-13 08:00:00.009,4.761e-05,910.11848809,Regular
BNBUSDT,2026-01-13 16:00:00.002,0.0001388,917.03862502,Regular
BNBUSDT,2026-01-14 00:00:00.000,0.00014578,944.25000000,Regular
BNBUSDT,2026-01-14 08:00:00.001,0.00011312,937.91000000,Regular
BNBUSDT,2026-01-14 16:00:00.004,5.156e-05,942.62617567,Regular
BNBUSDT,2026-01-15 00:00:00.000,0.00011014,949.05633141,Regular
BNBUSDT,2026-01-15 08:00:00.004,4.44e-06,939.58265425,Regular
BNBUSDT,2026-01-15 16:00:00.002,4.633e-05,938.20342658,Regular
BNBUSDT,2026-01-16 00:00:00.000,0.0,931.52000000,Regular
BNBUSDT,2026-01-16 08:00:00.000,0.0,934.41375799,Regular
BNBUSDT,2026-01-16 16:00:00.001,0.0,927.21497243,Regular
BNBUSDT,2026-01-17 00:00:00.000,0.0,938.49000000,Regular
BNBUSDT,2026-01-17 08:00:00.000,0.0,936.27063557,Regular
BNBUSDT,2026-01-17 16:00:00.002,0.0,956.03000000,Regular
BNBUSDT,2026-01-18 00:00:00.001,4.767e-05,947.57000000,Regular
BNBUSDT,2026-01-18 08:00:00.000,0.0,945.08861788,Regular
BNBUSDT,2026-01-18 16:00:00.000,0.0,950.47000000,Regular
BNBUSDT,2026-01-19 00:00:00.007,0.0,932.53556187,Regular
BNBUSDT,2026-01-19 08:00:00.007,0.0,927.24309174,Regular
BNBUSDT,2026-01-19 16:00:00.007,0.0,925.78000000,Regular
BNBUSDT,2026-01-20 00:00:00.005,1.336e-05,924.12000000,Regular
BNBUSDT,2026-01-20 08:00:00.001,0.0,918.10686171,Regular
BNBUSDT,2026-01-20 16:00:00.009,0.0,905.80139865,Regular
BNBUSDT,2026-01-21 00:00:00.001,0.0,884.61014811,Regular
BNBUSDT,2026-01-21 08:00:00.011,0.0,875.73000000,Regular
BNBUSDT,2026-01-21 16:00:00.011,0.0,892.69733455,Regular
BNBUSDT,2026-01-22 00:00:00.010,0.0,883.68000000,Regular
BNBUSDT,2026-01-22 08:00:00.003,0.0,888.96000000,Regular
BNBUSDT,2026-01-22 16:00:00.005,0.0,883.32000000,Regular
BNBUSDT,2026-01-23 00:00:00.005,0.0,888.40052254,Regular
BNBUSDT,2026-01-23 08:00:00.000,0.0,891.70000000,Regular
BNBUSDT,2026-01-23 16:00:00.011,1.487e-05,892.56324705,Regular
BNBUSDT,2026-01-24 00:00:00.011,4.664e-05,892.08048339,Regular
BNBUSDT,2026-01-24 08:00:00.002,0.0,892.53000000,Regular
BNBUSDT,2026-01-24 16:00:00.001,0.0,889.19313796,Regular
BNBUSDT,2026-01-25 00:00:00.002,0.0,887.63563043,Regular
BNBUSDT,2026-01-25 08:00:00.011,3.686e-05,879.99825491,Regular
BNBUSDT,2026-01-25 16:00:00.005,0.0,878.04000000,Regular
BNBUSDT,2026-01-26 00:00:00.000,0.0,866.59980365,Regular
BNBUSDT,2026-01-26 08:00:00.003,1.338e-05,875.07592700,Regular
BNBUSDT,2026-01-26 16:00:00.000,5.329e-05,872.44330970,Regular
BNBUSDT,2026-01-27 00:00:00.002,4.882e-05,879.93421092,Regular
BNBUSDT,2026-01-27 08:00:00.000,0.0,884.06689172,Regular
BNBUSDT,2026-01-27 16:00:00.000,6.294e-05,886.16027659,Regular
BNBUSDT,2026-01-28 00:00:00.000,7.193e-05,898.83587203,Regular
BNBUSDT,2026-01-28 08:00:00.000,2.537e-05,903.78000000,Regular
BNBUSDT,2026-01-28 16:00:00.000,0.0,903.25000000,Regular
BNBUSDT,2026-01-29 00:00:00.000,3.327e-05,903.45000000,Regular
BNBUSDT,2026-01-29 08:00:00.009,3.639e-05,905.13000000,Regular
BNBUSDT,2026-01-29 16:00:00.000,2.28e-05,864.30930716,Regular
BNBUSDT,2026-01-30 00:00:00.008,0.0,868.90653973,Regular
BNBUSDT,2026-01-30 08:00:00.000,0.0,847.31777330,Regular
BNBUSDT,2026-01-30 16:00:00.001,0.0,849.98736609,Regular
BNBUSDT,2026-01-31 00:00:00.000,0.0,859.08112241,Regular
BNBUSDT,2026-01-31 08:00:00.001,0.0,847.89404123,Regular
BNBUSDT,2026-01-31 16:00:00.009,0.0,803.11564297,Regular
BNBUSDT,2026-02-01 00:00:00.001,0.0,781.23403751,Regular
BNBUSDT,2026-02-01 08:00:00.004,0.0,778.26683105,Regular
BNBUSDT,2026-02-01 16:00:00.000,0.0,749.80974716,Regular
BNBUSDT,2026-02-02 00:00:00.000,0.0,758.60986982,Regular
BNBUSDT,2026-02-02 08:00:00.014,0.0,752.61455552,Regular
BNBUSDT,2026-02-02 16:00:00.000,0.0,777.76435725,Regular
BNBUSDT,2026-02-03 00:00:00.000,0.0,774.08938703,Regular
BNBUSDT,2026-02-03 08:00:00.007,0.0,782.20000000,Regular
BNBUSDT,2026-02-03 16:00:00.000,0.0,776.91667078,Regular
BNBUSDT,2026-02-04 00:00:00.002,0.0,755.16000000,Regular
BNBUSDT,2026-02-04 08:00:00.007,0.0,764.54553956,Regular
BNBUSDT,2026-02-04 16:00:00.000,0.0,733.94000000,Regular
BNBUSDT,2026-02-05 00:00:00.011,0.0,697.41130937,Regular
BNBUSDT,2026-02-05 08:00:00.000,0.0,691.56000000,Regular
BNBUSDT,2026-02-05 16:00:00.007,0.0,658.73000000,Regular
BNBUSDT,2026-02-06 00:00:00.000,1.73e-05,608.60000000,Regular
BNBUSDT,2026-02-06 08:00:00.001,0.0,622.94504805,Regular
BNBUSDT,2026-02-06 16:00:00.000,0.0,651.14393632,Regular
BNBUSDT,2026-02-07 00:00:00.003,0.0,657.10000000,Regular
BNBUSDT,2026-02-07 08:00:00.000,0.0,638.70601118,Regular
BNBUSDT,2026-02-07 16:00:00.010,0.0,642.21597449,Regular
BNBUSDT,2026-02-08 00:00:00.003,0.0,647.06194521,Regular
BNBUSDT,2026-02-08 08:00:00.000,0.0,643.12000000,Regular
BNBUSDT,2026-02-08 16:00:00.000,0.0,643.59000000,Regular
BNBUSDT,2026-02-09 00:00:00.002,0.0,639.98104011,Regular
BNBUSDT,2026-02-09 08:00:00.001,0.0,631.86000000,Regular
BNBUSDT,2026-02-09 16:00:00.007,0.0,630.92012986,Regular
BNBUSDT,2026-02-10 00:00:00.000,0.0,636.40754338,Regular
BNBUSDT,2026-02-10 08:00:00.007,0.0,631.63000000,Regular
BNBUSDT,2026-02-10 16:00:00.000,0.0,619.06000000,Regular
BNBUSDT,2026-02-11 00:00:00.000,0.0,619.47000000,Regular
BNBUSDT,2026-02-11 08:00:00.006,0.0,600.42923390,Regular
BNBUSDT,2026-02-11 16:00:00.000,0.0,593.55000000,Regular
BNBUSDT,2026-02-12 00:00:00.000,0.0,608.23674660,Regular
BNBUSDT,2026-02-12 08:00:00.001,0.0,615.38906419,Regular
BNBUSDT,2026-02-12 16:00:00.001,0.0,609.00255386,Regular
BNBUSDT,2026-02-13 00:00:00.007,0.0,614.31621065,Regular
BNBUSDT,2026-02-13 08:00:00.003,0.0,598.09000000,Regular
BNBUSDT,2026-02-13 16:00:00.005,0.0,610.22749381,Regular
BNBUSDT,2026-02-14 00:00:00.002,0.0,619.10677534,Regular
BNBUSDT,2026-02-14 08:00:00.004,0.0,622.35839194,Regular
BNBUSDT,2026-02-14 16:00:00.002,0.0,634.89917042,Regular
BNBUSDT,2026-02-15 00:00:00.000,0.0,632.86123888,Regular
BNBUSDT,2026-02-15 08:00:00.002,0.0,639.91803379,Regular
BNBUSDT,2026-02-15 16:00:00.000,0.0,621.51100390,Regular
BNBUSDT,2026-02-16 00:00:00.001,0.0,615.06657819,Regular
BNBUSDT,2026-02-16 08:00:00.003,0.0,613.16000000,Regular
BNBUSDT,2026-02-16 16:00:00.000,0.0,607.31000000,Regular
BNBUSDT,2026-02-17 00:00:00.008,0.0,627.18877169,Regular
BNBUSDT,2026-02-17 08:00:00.001,0.0,622.93212551,Regular
BNBUSDT,2026-02-17 16:00:00.002,0.0,615.20861915,Regular
BNBUSDT,2026-02-18 00:00:00.000,0.0,617.73000000,Regular
BNBUSDT,2026-02-18 08:00:00.000,0.0,620.89000000,Regular
BNBUSDT,2026-02-18 16:00:00.011,0.0,618.22674550,Regular
BNBUSDT,2026-02-19 00:00:00.013,0.0,604.44953960,Regular
BNBUSDT,2026-02-19 08:00:00.000,0.0,610.59394132,Regular
BNBUSDT,2026-02-19 16:00:00.003,-7.139e-05,600.00000000,Regular
BNBUSDT,2026-02-20 00:00:00.000,0.0,607.56000000,Regular
BNBUSDT,2026-02-20 08:00:00.000,0.0,611.99901905,Regular
BNBUSDT,2026-02-20 16:00:00.000,0.0,616.88891512,Regular
BNBUSDT,2026-02-21 00:00:00.004,0.0,626.09000000,Regular
BNBUSDT,2026-02-21 08:00:00.000,0.0,626.10429162,Regular
BNBUSDT,2026-02-21 16:00:00.005,0.0,627.92905290,Regular
BNBUSDT,2026-02-22 00:00:00.001,0.0,625.82000000,Regular
BNBUSDT,2026-02-22 08:00:00.004,0.0,622.59953712,Regular
BNBUSDT,2026-02-22 16:00:00.000,0.0,616.05000000,Regular
BNBUSDT,2026-02-23 00:00:00.001,0.0,614.89585613,Regular
BNBUSDT,2026-02-23 08:00:00.000,0.0,598.91000000,Regular
BNBUSDT,2026-02-23 16:00:00.000,0.0,604.70093974,Regular
BNBUSDT,2026-02-24 00:00:00.007,0.0,596.25680708,Regular
BNBUSDT,2026-02-24 08:00:00.000,0.0,589.48000000,Regular
BNBUSDT,2026-02-24 16:00:00.001,0.0,585.80000000,Regular
BNBUSDT,2026-02-25 00:00:00.001,0.0,583.40000000,Regular
BNBUSDT,2026-02-25 08:00:00.007,0.0,595.91644460,Regular
BNBUSDT,2026-02-25 16:00:00.000,0.0,621.54000000,Regular
BNBUSDT,2026-02-26 00:00:00.000,0.0,629.78524179,Regular
BNBUSDT,2026-02-26 08:00:00.006,0.0,625.93704475,Regular
BNBUSDT,2026-02-26 16:00:00.002,0.0,623.43957449,Regular
BNBUSDT,2026-02-27 00:00:00.007,0.0,625.99521160,Regular
BNBUSDT,2026-02-27 08:00:00.000,0.0,627.35000000,Regular
BNBUSDT,2026-02-27 16:00:00.001,0.0,614.39000000,Regular
BNBUSDT,2026-02-28 00:00:00.000,0.0,614.03000000,Regular
BNBUSDT,2026-02-28 08:00:00.000,0.0,597.32000000,Regular
BNBUSDT,2026-02-28 16:00:00.004,0.0,603.86000000,Regular
BNBUSDT,2026-03-01 00:00:00.005,0.0,617.14000000,Regular
BNBUSDT,2026-03-01 08:00:00.000,0.0,625.65874451,Regular
BNBUSDT,2026-03-01 16:00:00.002,0.0,626.67609197,Regular
BNBUSDT,2026-03-02 00:00:00.001,0.0,618.12099560,Regular
BNBUSDT,2026-03-02 08:00:00.007,0.0,616.70315107,Regular
BNBUSDT,2026-03-02 16:00:00.000,0.0,646.65000000,Regular
BNBUSDT,2026-03-03 00:00:00.000,0.0,637.78803262,Regular
BNBUSDT,2026-03-03 08:00:00.000,0.0,633.19817840,Regular
BNBUSDT,2026-03-03 16:00:00.007,0.0,630.32745941,Regular
BNBUSDT,2026-03-04 00:00:00.001,0.0,633.51177004,Regular
BNBUSDT,2026-03-04 08:00:00.005,0.0,640.14321784,Regular
BNBUSDT,2026-03-04 16:00:00.000,0.0,661.32042773,Regular
BNBUSDT,2026-03-05 00:00:00.000,0.0,658.12758159,Regular
BNBUSDT,2026-03-05 08:00:00.000,0.0,650.42000000,Regular
BNBUSDT,2026-03-05 16:00:00.004,0.0,652.95492119,Regular
BNBUSDT,2026-03-06 00:00:00.001,0.0,647.98055765,Regular
BNBUSDT,2026-03-06 08:00:00.001,0.0,646.87323180,Regular
BNBUSDT,2026-03-06 16:00:00.004,0.0,627.74865030,Regular
BNBUSDT,2026-03-07 00:00:00.001,0.0,627.24000000,Regular
BNBUSDT,2026-03-07 08:00:00.012,0.0,627.60663860,Regular
BNBUSDT,2026-03-07 16:00:00.001,0.0,625.02000000,Regular
BNBUSDT,2026-03-08 00:00:00.001,0.0,620.16976442,Regular
BNBUSDT,2026-03-08 08:00:00.000,0.0,619.83852607,Regular
BNBUSDT,2026-03-08 16:00:00.002,0.0,615.90000000,Regular
BNBUSDT,2026-03-09 00:00:00.000,0.0,611.80456947,Regular
BNBUSDT,2026-03-09 08:00:00.004,0.0,621.77000000,Regular
BNBUSDT,2026-03-09 16:00:00.003,0.0,639.34589470,Regular
BNBUSDT,2026-03-10 00:00:00.012,0.0,634.58664746,Regular
BNBUSDT,2026-03-10 08:00:00.002,0.0,644.41000000,Regular
BNBUSDT,2026-03-10 16:00:00.001,0.0,649.23050240,Regular
BNBUSDT,2026-03-11 00:00:00.000,0.0,641.89000000,Regular
BNBUSDT,2026-03-11 08:00:00.007,0.0,640.43000000,Regular
BNBUSDT,2026-03-11 16:00:00.010,0.0,645.93000000,Regular
BNBUSDT,2026-03-12 00:00:00.000,0.0,651.68070320,Regular
BNBUSDT,2026-03-12 08:00:00.000,0.0,645.70000000,Regular
BNBUSDT,2026-03-12 16:00:00.000,0.0,650.23068427,Regular
BNBUSDT,2026-03-13 00:00:00.006,0.0,651.90064840,Regular
BNBUSDT,2026-03-13 08:00:00.001,0.0,661.38751257,Regular
BNBUSDT,2026-03-13 16:00:00.000,0.0,662.39000000,Regular
BNBUSDT,2026-03-14 00:00:00.001,0.0,655.83443548,Regular
BNBUSDT,2026-03-14 08:00:00.000,0.0,652.21819488,Regular
BNBUSDT,2026-03-14 16:00:00.007,0.0,653.38993331,Regular
BNBUSDT,2026-03-15 00:00:00.000,0.0,657.61592172,Regular
BNBUSDT,2026-03-15 08:00:00.000,0.0,659.95599382,Regular
BNBUSDT,2026-03-15 16:00:00.000,0.0,659.67383812,Regular
BNBUSDT,2026-03-16 00:00:00.000,0.0,674.12000000,Regular
BNBUSDT,2026-03-16 08:00:00.010,0.0,678.43478667,Regular
BNBUSDT,2026-03-16 16:00:00.000,0.0,671.72000000,Regular
BNBUSDT,2026-03-17 00:00:00.000,0.0,679.70265647,Regular
BNBUSDT,2026-03-17 08:00:00.002,0.0,674.19000000,Regular
BNBUSDT,2026-03-17 16:00:00.011,0.0,668.34107880,Regular
BNBUSDT,2026-03-18 00:00:00.002,0.0,668.51000000,Regular
BNBUSDT,2026-03-18 08:00:00.002,0.0,673.72355753,Regular
BNBUSDT,2026-03-18 16:00:00.005,0.0,648.21000000,Regular
BNBUSDT,2026-03-19 00:00:00.000,-5.147e-05,651.90902671,Regular
BNBUSDT,2026-03-19 08:00:00.003,-5.01e-05,644.95502838,Regular
BNBUSDT,2026-03-19 16:00:00.003,0.0,637.60000000,Regular
BNBUSDT,2026-03-20 00:00:00.002,0.0,638.82104810,Regular
BNBUSDT,2026-03-20 08:00:00.000,-0.00012728,643.69000000,Regular
BNBUSDT,2026-03-20 16:00:00.000,0.0,640.20189740,Regular
BNBUSDT,2026-03-21 00:00:00.000,0.0,642.00000000,Regular
BNBUSDT,2026-03-21 08:00:00.000,0.0,642.97000000,Regular
BNBUSDT,2026-03-21 16:00:00.014,0.0,642.78620513,Regular
BNBUSDT,2026-03-22 00:00:00.012,0.0,630.28703354,Regular
BNBUSDT,2026-03-22 08:00:00.007,0.0,631.77000000,Regular
BNBUSDT,2026-03-22 16:00:00.002,-7.288e-05,629.45774017,Regular
BNBUSDT,2026-03-23 00:00:00.000,-4.454e-05,626.08000000,Regular
BNBUSDT,2026-03-23 08:00:00.003,0.0,623.90000000,Regular
BNBUSDT,2026-03-23 16:00:00.002,0.0,637.35000000,Regular
BNBUSDT,2026-03-24 00:00:00.000,0.0,639.25307763,Regular
BNBUSDT,2026-03-24 08:00:00.000,0.0,637.89067639,Regular
BNBUSDT,2026-03-24 16:00:00.003,0.0,630.89130280,Regular
BNBUSDT,2026-03-25 00:00:00.000,0.0,638.31000000,Regular
BNBUSDT,2026-03-25 08:00:00.000,0.0,643.64394901,Regular
BNBUSDT,2026-03-25 16:00:00.013,0.0,645.79000000,Regular
BNBUSDT,2026-03-26 00:00:00.001,0.0,647.78652329,Regular
BNBUSDT,2026-03-26 08:00:00.001,0.0,635.39000000,Regular
BNBUSDT,2026-03-26 16:00:00.000,0.0,626.77000000,Regular
BNBUSDT,2026-03-27 00:00:00.006,0.0,628.75000000,Regular
BNBUSDT,2026-03-27 08:00:00.000,0.0,628.33724617,Regular
BNBUSDT,2026-03-27 16:00:00.000,-2.719e-05,610.35443432,Regular
BNBUSDT,2026-03-28 00:00:00.005,0.0,613.72000000,Regular
BNBUSDT,2026-03-28 08:00:00.005,0.0,613.81344749,Regular
BNBUSDT,2026-03-28 16:00:00.000,0.0,617.05095775,Regular
BNBUSDT,2026-03-29 00:00:00.003,0.0,610.97123343,Regular
BNBUSDT,2026-03-29 08:00:00.001,0.0,613.36140639,Regular
BNBUSDT,2026-03-29 16:00:00.000,0.0,609.40000000,Regular
BNBUSDT,2026-03-30 00:00:00.000,0.0,605.80000000,Regular
BNBUSDT,2026-03-30 08:00:00.005,0.0,618.24000000,Regular
BNBUSDT,2026-03-30 16:00:00.000,0.0,618.73000000,Regular
BNBUSDT,2026-03-31 00:00:00.000,0.0,609.37549140,Regular
BNBUSDT,2026-03-31 08:00:00.000,0.0,611.07880558,Regular
BNBUSDT,2026-03-31 16:00:00.000,0.0,607.89316244,Regular
BNBUSDT,2026-04-01 00:00:00.000,0.0,617.64000000,Regular
BNBUSDT,2026-04-01 08:00:00.000,4.798e-05,616.72000000,Regular
BNBUSDT,2026-04-01 16:00:00.000,3.638e-05,615.20869785,Regular
BNBUSDT,2026-04-02 00:00:00.003,7.43e-06,611.13909761,Regular
BNBUSDT,2026-04-02 08:00:00.001,0.0,592.04140882,Regular
BNBUSDT,2026-04-02 16:00:00.001,0.0,574.29894133,Regular
BNBUSDT,2026-04-03 00:00:00.000,0.0,583.64357534,Regular
BNBUSDT,2026-04-03 08:00:00.008,0.0,586.56173608,Regular
BNBUSDT,2026-04-03 16:00:00.008,0.0,587.17000000,Regular
BNBUSDT,2026-04-04 00:00:00.000,0.0,588.45000000,Regular
BNBUSDT,2026-04-04 08:00:00.003,0.0,590.19116105,Regular
BNBUSDT,2026-04-04 16:00:00.000,0.0,591.32342069,Regular
BNBUSDT,2026-04-05 00:00:00.008,0.0,593.57931963,Regular
BNBUSDT,2026-04-05 08:00:00.000,0.0,590.61000000,Regular
BNBUSDT,2026-04-05 16:00:00.001,0.0,593.37000000,Regular
BNBUSDT,2026-04-06 00:00:00.004,0.0,601.76253437,Regular
BNBUSDT,2026-04-06 08:00:00.001,0.0,604.05000000,Regular
BNBUSDT,2026-04-06 16:00:00.003,3.249e-05,608.78770728,Regular
BNBUSDT,2026-04-07 00:00:00.000,4.57e-06,600.44996406,Regular
BNBUSDT,2026-04-07 08:00:00.000,0.0,599.39000000,Regular
BNBUSDT,2026-04-07 16:00:00.000,0.0,598.75000000,Regular
BNBUSDT,2026-04-08 00:00:00.000,0.00010441,620.57623536,Regular
BNBUSDT,2026-04-08 08:00:00.000,5.151e-05,613.67270320,Regular
BNBUSDT,2026-04-08 16:00:00.006,4.108e-05,605.63000000,Regular
BNBUSDT,2026-04-09 00:00:00.000,2.561e-05,601.41000000,Regular
BNBUSDT,2026-04-09 08:00:00.010,1.1e-07,600.31802490,Regular
BNBUSDT,2026-04-09 16:00:00.001,3.305e-05,606.38671154,Regular
BNBUSDT,2026-04-10 00:00:00.000,5.621e-05,603.38000000,Regular
BNBUSDT,2026-04-10 08:00:00.005,0.0,599.61000000,Regular
BNBUSDT,2026-04-10 16:00:00.000,0.0,603.68964586,Regular
BNBUSDT,2026-04-11 00:00:00.000,9.157e-05,605.93088194,Regular
BNBUSDT,2026-04-11 08:00:00.000,0.0,606.35184228,Regular
BNBUSDT,2026-04-11 16:00:00.003,1.54e-06,606.00000000,Regular
BNBUSDT,2026-04-12 00:00:00.000,6.577e-05,607.48194064,Regular
BNBUSDT,2026-04-12 08:00:00.000,0.0,594.32302975,Regular
BNBUSDT,2026-04-12 16:00:00.000,0.0,591.81000000,Regular
BNBUSDT,2026-04-13 00:00:00.011,0.0,592.36823608,Regular
BNBUSDT,2026-04-13 08:00:00.006,0.0,597.58911137,Regular
BNBUSDT,2026-04-13 16:00:00.000,0.0,603.78213676,Regular
BNBUSDT,2026-04-14 00:00:00.005,0.00015422,615.19000000,Regular
BNBUSDT,2026-04-14 08:00:00.003,5.862e-05,613.95179876,Regular
BNBUSDT,2026-04-14 16:00:00.001,3.028e-05,623.87410730,Regular
BNBUSDT,2026-04-15 00:00:00.000,3.773e-05,614.15597039,Regular
BNBUSDT,2026-04-15 08:00:00.000,0.0,611.92000000,Regular
BNBUSDT,2026-04-15 16:00:00.000,4.407e-05,619.44000000,Regular
BNBUSDT,2026-04-16 00:00:00.013,0.00010905,622.99369778,Regular
BNBUSDT,2026-04-16 08:00:00.000,0.0,622.98000000,Regular
BNBUSDT,2026-04-16 16:00:00.000,0.0,625.14000000,Regular
BNBUSDT,2026-04-17 00:00:00.001,9.789e-05,636.13796621,Regular
BNBUSDT,2026-04-17 08:00:00.011,2.34e-06,627.53671163,Regular
BNBUSDT,2026-04-17 16:00:00.001,0.0,643.68000000,Regular
BNBUSDT,2026-04-18 00:00:00.001,1.541e-05,643.50936116,Regular
BNBUSDT,2026-04-18 08:00:00.006,1.38e-06,643.74665297,Regular
BNBUSDT,2026-04-18 16:00:00.000,0.0,633.63000000,Regular
BNBUSDT,2026-04-19 00:00:00.002,1.261e-05,630.22000000,Regular
BNBUSDT,2026-04-19 08:00:00.010,0.0,620.61000000,Regular
BNBUSDT,2026-04-19 16:00:00.001,0.0,626.25080303,Regular
BNBUSDT,2026-04-20 00:00:00.000,0.0,616.27000000,Regular
BNBUSDT,2026-04-20 08:00:00.000,3.601e-05,625.03000000,Regular
BNBUSDT,2026-04-20 16:00:00.001,1.888e-05,628.65897450,Regular
BNBUSDT,2026-04-21 00:00:00.000,5.462e-05,629.57000000,Regular
BNBUSDT,2026-04-21 08:00:00.004,0.0,633.08000000,Regular
BNBUSDT,2026-04-21 16:00:00.004,0.0,632.11003480,Regular
BNBUSDT,2026-04-22 00:00:00.004,0.0,631.97000000,Regular
BNBUSDT,2026-04-22 08:00:00.000,5.781e-05,642.34937696,Regular
BNBUSDT,2026-04-22 16:00:00.000,7.639e-05,649.49000000,Regular
BNBUSDT,2026-04-23 00:00:00.000,1.259e-05,637.81000000,Regular
BNBUSDT,2026-04-23 08:00:00.000,0.0,635.86000000,Regular
BNBUSDT,2026-04-23 16:00:00.004,0.0,639.96000000,Regular
BNBUSDT,2026-04-24 00:00:00.006,3.278e-05,638.82061333,Regular
BNBUSDT,2026-04-24 08:00:00.000,0.0,635.38000000,Regular
BNBUSDT,2026-04-24 16:00:00.000,7.341e-05,639.93000000,Regular
BNBUSDT,2026-04-25 00:00:00.000,3.157e-05,636.48806027,Regular
BNBUSDT,2026-04-25 08:00:00.002,0.0,637.13950828,Regular
BNBUSDT,2026-04-25 16:00:00.002,0.0,630.20000000,Regular
BNBUSDT,2026-04-26 00:00:00.003,0.0,628.90000000,Regular
BNBUSDT,2026-04-26 08:00:00.007,3.265e-05,632.77316438,Regular
BNBUSDT,2026-04-26 16:00:00.004,6.26e-06,632.60000000,Regular
BNBUSDT,2026-04-27 00:00:00.004,2.096e-05,636.13699576,Regular
BNBUSDT,2026-04-27 08:00:00.000,0.0,626.11560938,Regular
BNBUSDT,2026-04-27 16:00:00.002,0.0,621.22000000,Regular
BNBUSDT,2026-04-28 00:00:00.001,0.0,627.18000000,Regular
BNBUSDT,2026-04-28 08:00:00.000,0.0,624.55001313,Regular
BNBUSDT,2026-04-28 16:00:00.004,4.102e-05,623.09641398,Regular
BNBUSDT,2026-04-29 00:00:00.006,4.604e-05,624.87680365,Regular
BNBUSDT,2026-04-29 08:00:00.011,0.0,625.29000000,Regular
BNBUSDT,2026-04-29 16:00:00.003,0.0,616.66117441,Regular
BNBUSDT,2026-04-30 00:00:00.002,0.0,617.62396930,Regular
BNBUSDT,2026-04-30 08:00:00.000,0.0,617.85279668,Regular
BNBUSDT,2026-04-30 16:00:00.000,6.97e-06,617.29000000,Regular
BNBUSDT,2026-05-01 00:00:00.000,1.441e-05,615.61000000,Regular
BNBUSDT,2026-05-01 08:00:00.005,0.0,617.70000000,Regular
BNBUSDT,2026-05-01 16:00:00.000,1.996e-05,621.20000000,Regular
BNBUSDT,2026-05-02 00:00:00.006,6.706e-05,615.71728584,Regular
BNBUSDT,2026-05-02 08:00:00.000,0.0,616.13000000,Regular
BNBUSDT,2026-05-02 16:00:00.010,4.5e-06,618.57214521,Regular
BNBUSDT,2026-05-03 00:00:00.005,2.275e-05,618.33000000,Regular
BNBUSDT,2026-05-03 08:00:00.003,0.0,617.33734407,Regular
BNBUSDT,2026-05-03 16:00:00.000,5.316e-05,620.28506204,Regular
BNBUSDT,2026-05-04 00:00:00.000,1.607e-05,617.57796001,Regular
BNBUSDT,2026-05-04 08:00:00.000,0.00011312,628.85000000,Regular
BNBUSDT,2026-05-04 16:00:00.003,2.752e-05,625.75000287,Regular
BNBUSDT,2026-05-05 00:00:00.000,5.378e-05,622.97875379,Regular
BNBUSDT,2026-05-05 08:00:00.011,3.103e-05,627.90000000,Regular
BNBUSDT,2026-05-05 16:00:00.000,0.00010704,631.38000000,Regular
BNBUSDT,2026-05-06 00:00:00.010,0.00011317,630.75000000,Regular
BNBUSDT,2026-05-06 08:00:00.000,1.521e-05,638.47213462,Regular
BNBUSDT,2026-05-06 16:00:00.002,9.46e-05,648.91000000,Regular
BNBUSDT,2026-05-07 00:00:00.000,9.945e-05,648.10808928,Regular
BNBUSDT,2026-05-07 08:00:00.000,4.52e-05,652.43000000,Regular
BNBUSDT,2026-05-07 16:00:00.004,5.902e-05,642.77603028,Regular
BNBUSDT,2026-05-08 00:00:00.003,8.91e-06,637.27880863,Regular
BNBUSDT,2026-05-08 08:00:00.002,0.0,637.03000000,Regular
BNBUSDT,2026-05-08 16:00:00.003,0.0,644.31766369,Regular
BNBUSDT,2026-05-09 00:00:00.000,2.196e-05,649.76346392,Regular
BNBUSDT,2026-05-09 08:00:00.001,0.00010676,650.18389561,Regular
BNBUSDT,2026-05-09 16:00:00.002,7.448e-05,648.04380788,Regular
BNBUSDT,2026-05-10 00:00:00.003,2.289e-05,650.07103653,Regular
BNBUSDT,2026-05-10 08:00:00.000,3.11e-06,648.69000000,Regular
BNBUSDT,2026-05-10 16:00:00.000,7.97e-05,655.92000000,Regular
BNBUSDT,2026-05-11 00:00:00.000,9.23e-05,663.99208356,Regular
BNBUSDT,2026-05-11 08:00:00.000,8.28e-06,650.96222740,Regular
BNBUSDT,2026-05-11 16:00:00.000,0.0,661.91147618,Regular
BNBUSDT,2026-05-12 00:00:00.002,6.651e-05,670.91832561,Regular
BNBUSDT,2026-05-12 08:00:00.008,0.0,658.86000000,Regular
BNBUSDT,2026-05-12 16:00:00.000,0.00015663,652.51280405,Regular
BNBUSDT,2026-05-13 00:00:00.010,0.0001297,665.23000000,Regular
BNBUSDT,2026-05-13 08:00:00.003,6.636e-05,679.34861549,Regular
BNBUSDT,2026-05-13 16:00:00.001,0.0,664.56042782,Regular
BNBUSDT,2026-05-14 00:00:00.005,0.0,671.90000000,Regular
BNBUSDT,2026-05-14 08:00:00.000,0.0,669.56631648,Regular
BNBUSDT,2026-05-14 16:00:00.000,0.0,680.19000000,Regular
BNBUSDT,2026-05-15 00:00:00.000,0.00012416,678.72326458,Regular
BNBUSDT,2026-05-15 08:00:00.016,0.0,684.88000000,Regular
BNBUSDT,2026-05-15 16:00:00.012,0.0,671.92000000,Regular
BNBUSDT,2026-05-16 00:00:00.005,0.0,672.62202712,Regular
BNBUSDT,2026-05-16 08:00:00.000,0.0,660.95000000,Regular
BNBUSDT,2026-05-16 16:00:00.005,0.0,655.47453302,Regular
BNBUSDT,2026-05-17 00:00:00.000,0.0,656.52000000,Regular
BNBUSDT,2026-05-17 08:00:00.010,3.265e-05,655.53148402,Regular
BNBUSDT,2026-05-17 16:00:00.009,0.0,652.63000000,Regular
BNBUSDT,2026-05-18 00:00:00.007,0.0,649.76000000,Regular
BNBUSDT,2026-05-18 08:00:00.002,4.297e-05,642.16000000,Regular
BNBUSDT,2026-05-18 16:00:00.007,0.0,637.15310363,Regular
BNBUSDT,2026-05-19 00:00:00.001,0.0,643.80245455,Regular
BNBUSDT,2026-05-19 08:00:00.001,0.0,646.10000000,Regular
BNBUSDT,2026-05-19 16:00:00.009,1.483e-05,639.06551983,Regular
BNBUSDT,2026-05-20 00:00:00.001,7.62e-05,640.33275083,Regular
BNBUSDT,2026-05-20 08:00:00.006,8.89e-06,643.71351110,Regular
BNBUSDT,2026-05-20 16:00:00.000,6.24e-05,649.15000000,Regular
BNBUSDT,2026-05-21 00:00:00.001,2.383e-05,649.80000000,Regular
BNBUSDT,2026-05-21 08:00:00.000,8.131e-05,653.26000000,Regular
BNBUSDT,2026-05-21 16:00:00.000,5.686e-05,652.74933912,Regular
BNBUSDT,2026-05-22 00:00:00.000,4.007e-05,658.82000000,Regular
BNBUSDT,2026-05-22 08:00:00.004,2.067e-05,659.86000000,Regular
BNBUSDT,2026-05-22 16:00:00.001,0.0,658.67000000,Regular
BNBUSDT,2026-05-23 00:00:00.009,2.14e-06,650.81745845,Regular
BNBUSDT,2026-05-23 08:00:00.001,0.0,636.90000000,Regular
BNBUSDT,2026-05-23 16:00:00.003,0.0,647.85771026,Regular
BNBUSDT,2026-05-24 00:00:00.011,4.985e-05,656.53423562,Regular
BNBUSDT,2026-05-24 08:00:00.008,4.422e-05,657.00000000,Regular
BNBUSDT,2026-05-24 16:00:00.000,9.4e-05,655.90000000,Regular
BNBUSDT,2026-05-25 00:00:00.001,0.0,656.84589639,Regular
BNBUSDT,2026-05-25 08:00:00.001,6.74e-05,662.33000000,Regular
BNBUSDT,2026-05-25 16:00:00.001,4.621e-05,668.08000000,Regular
BNBUSDT,2026-05-26 00:00:00.000,5.354e-05,663.47000000,Regular
BNBUSDT,2026-05-26 08:00:00.003,0.0,657.99000000,Regular
BNBUSDT,2026-05-26 16:00:00.000,2.838e-05,660.57000000,Regular
BNBUSDT,2026-05-27 00:00:00.000,3.134e-05,656.77016530,Regular
BNBUSDT,2026-05-27 08:00:00.004,7.44e-05,653.78000000,Regular
BNBUSDT,2026-05-27 16:00:00.009,6.759e-05,658.13451950,Regular
BNBUSDT,2026-05-28 00:00:00.001,5.788e-05,649.10000000,Regular
BNBUSDT,2026-05-28 08:00:00.000,0.0,635.12000000,Regular
BNBUSDT,2026-05-28 16:00:00.001,0.0,635.01000000,Regular
BNBUSDT,2026-05-29 00:00:00.000,7.032e-05,638.66000000,Regular
BNBUSDT,2026-05-29 08:00:00.001,0.0,637.23000000,Regular
BNBUSDT,2026-05-29 16:00:00.008,9.1e-06,640.22000000,Regular
BNBUSDT,2026-05-30 00:00:00.000,3.792e-05,643.49713666,Regular
BNBUSDT,2026-05-30 08:00:00.001,0.00010904,673.42016769,Regular
BNBUSDT,2026-05-30 16:00:00.000,0.00011873,694.91981793,Regular
BNBUSDT,2026-05-31 00:00:00.000,0.0,718.88762460,Regular
BNBUSDT,2026-05-31 08:00:00.000,0.0,720.15638733,Regular
BNBUSDT,2026-05-31 16:00:00.004,1.15e-06,721.20434227,Regular
BNBUSDT,2026-06-01 00:00:00.001,0.0,710.90006078,Regular
BNBUSDT,2026-06-01 08:00:00.001,9.172e-05,686.51463546,Regular
BNBUSDT,2026-06-01 16:00:00.000,0.0,677.87093847,Regular
BNBUSDT,2026-06-02 00:00:00.000,0.0,693.45000000,Regular
BNBUSDT,2026-06-02 08:00:00.000,3.806e-05,682.26506292,Regular
BNBUSDT,2026-06-02 16:00:00.000,0.0001285,663.67000000,Regular
BNBUSDT,2026-06-03 00:00:00.013,3.437e-05,651.02158450,Regular
BNBUSDT,2026-06-03 08:00:00.000,6.088e-05,644.33000000,Regular
BNBUSDT,2026-06-03 16:00:00.001,3.58e-05,633.32130483,Regular
BNBUSDT,2026-06-04 00:00:00.009,0.0,620.97818776,Regular
BNBUSDT,2026-06-04 08:00:00.000,5.166e-05,600.56000000,Regular
BNBUSDT,2026-06-04 16:00:00.003,0.0,606.68000000,Regular
BNBUSDT,2026-06-05 00:00:00.000,0.0,604.83782899,Regular
BNBUSDT,2026-06-05 08:00:00.004,0.0,593.40000000,Regular
BNBUSDT,2026-06-05 16:00:00.009,4.098e-05,579.18000000,Regular
BNBUSDT,2026-06-06 00:00:00.000,6.864e-05,572.45000000,Regular
BNBUSDT,2026-06-06 08:00:00.000,0.0,579.37000000,Regular
BNBUSDT,2026-06-06 16:00:00.000,0.0,576.01000000,Regular
BNBUSDT,2026-06-07 00:00:00.001,0.0,574.70017523,Regular
BNBUSDT,2026-06-07 08:00:00.000,0.0,589.93859305,Regular
BNBUSDT,2026-06-07 16:00:00.000,0.0,591.76772903,Regular
BNBUSDT,2026-06-08 00:00:00.000,0.0,604.78608021,Regular
BNBUSDT,2026-06-08 08:00:00.005,0.0,596.56529688,Regular
BNBUSDT,2026-06-08 16:00:00.004,0.0,604.39649891,Regular
BNBUSDT,2026-06-09 00:00:00.000,0.0,602.10927580,Regular
BNBUSDT,2026-06-09 08:00:00.000,0.0,604.22334886,Regular
BNBUSDT,2026-06-09 16:00:00.001,0.0,587.25000000,Regular
BNBUSDT,2026-06-10 00:00:00.001,8.6e-06,593.80497910,Regular
BNBUSDT,2026-06-10 08:00:00.011,0.0,588.92000000,Regular
BNBUSDT,2026-06-10 16:00:00.009,0.0,597.17809599,Regular
BNBUSDT,2026-06-11 00:00:00.000,0.0,586.73000000,Regular
BNBUSDT,2026-06-11 08:00:00.004,0.0,598.53341026,Regular
BNBUSDT,2026-06-11 16:00:00.000,4.668e-05,598.92794928,Regular
BNBUSDT,2026-06-12 00:00:00.000,2.744e-05,605.97000000,Regular
BNBUSDT,2026-06-12 08:00:00.000,0.0,600.12865016,Regular
BNBUSDT,2026-06-12 16:00:00.000,6.548e-05,605.52299741,Regular
BNBUSDT,2026-06-13 00:00:00.000,0.0,604.04224789,Regular
BNBUSDT,2026-06-13 08:00:00.007,0.0,603.47392063,Regular
BNBUSDT,2026-06-13 16:00:00.002,4.204e-05,610.76000000,Regular
BNBUSDT,2026-06-14 00:00:00.005,0.0,609.82983250,Regular
BNBUSDT,2026-06-14 08:00:00.009,0.0,610.45091872,Regular
BNBUSDT,2026-06-14 16:00:00.000,0.0,608.32000000,Regular
BNBUSDT,2026-06-15 00:00:00.013,0.0,617.15757323,Regular
BNBUSDT,2026-06-15 08:00:00.013,5.384e-05,615.83000000,Regular
BNBUSDT,2026-06-15 16:00:00.004,1.223e-05,629.32000000,Regular
BNBUSDT,2026-06-16 00:00:00.000,0.0,618.15000000,Regular
BNBUSDT,2026-06-16 08:00:00.000,0.0,616.15276208,Regular
BNBUSDT,2026-06-16 16:00:00.001,0.0,606.64000000,Regular
BNBUSDT,2026-06-17 00:00:00.012,3.807e-05,605.38000000,Regular
BNBUSDT,2026-06-17 08:00:00.000,5.44e-05,606.98000000,Regular
BNBUSDT,2026-06-17 16:00:00.000,5.276e-05,605.95420227,Regular
BNBUSDT,2026-06-18 00:00:00.002,5.822e-05,601.93000000,Regular
BNBUSDT,2026-06-18 08:00:00.000,0.0,589.97000000,Regular
BNBUSDT,2026-06-18 16:00:00.001,0.0,573.85000000,Regular
BNBUSDT,2026-06-19 00:00:00.005,0.0,578.59000000,Regular
BNBUSDT,2026-06-19 08:00:00.001,0.0,574.97000000,Regular
BNBUSDT,2026-06-19 16:00:00.001,0.0,578.76600413,Regular
BNBUSDT,2026-06-20 00:00:00.001,0.0,581.59000000,Regular
BNBUSDT,2026-06-20 08:00:00.000,1.83e-05,588.05368384,Regular
BNBUSDT,2026-06-20 16:00:00.001,4.245e-05,587.52000000,Regular
BNBUSDT,2026-06-21 00:00:00.000,0.0,588.30318269,Regular
BNBUSDT,2026-06-21 08:00:00.000,0.0,591.31000000,Regular
BNBUSDT,2026-06-21 16:00:00.000,5.515e-05,590.27634485,Regular
BNBUSDT,2026-06-22 00:00:00.000,0.0,584.54000000,Regular
BNBUSDT,2026-06-22 08:00:00.000,0.0,594.25000000,Regular
BNBUSDT,2026-06-22 16:00:00.002,0.0,596.49000000,Regular
BNBUSDT,2026-06-23 00:00:00.003,0.0,590.33115668,Regular
BNBUSDT,2026-06-23 08:00:00.005,0.0,581.06000000,Regular
BNBUSDT,2026-06-23 16:00:00.002,0.0,574.65000000,Regular
BNBUSDT,2026-06-24 00:00:00.005,0.0,578.17602740,Regular
BNBUSDT,2026-06-24 08:00:00.005,0.0,577.06239909,Regular
BNBUSDT,2026-06-24 16:00:00.003,0.0,561.50000000,Regular
BNBUSDT,2026-06-25 00:00:00.000,0.0,564.54000000,Regular
BNBUSDT,2026-06-25 08:00:00.000,0.0,570.48000000,Regular
BNBUSDT,2026-06-25 16:00:00.000,0.0,554.06221361,Regular
BNBUSDT,2026-06-26 00:00:00.010,0.0,560.79627710,Regular
BNBUSDT,2026-06-26 08:00:00.002,0.0,569.83000000,Regular
BNBUSDT,2026-06-26 16:00:00.000,0.0,565.68192228,Regular
BNBUSDT,2026-06-27 00:00:00.000,6.039e-05,567.98000000,Regular
BNBUSDT,2026-06-27 08:00:00.000,4.127e-05,565.86228578,Regular
BNBUSDT,2026-06-27 16:00:00.009,6.89e-05,565.87764816,Regular
BNBUSDT,2026-06-28 00:00:00.000,0.0,557.44000000,Regular
BNBUSDT,2026-06-28 08:00:00.013,0.0,556.70000000,Regular
BNBUSDT,2026-06-28 16:00:00.000,0.0,554.76891167,Regular
BNBUSDT,2026-06-29 00:00:00.006,0.0,551.43000000,Regular
BNBUSDT,2026-06-29 08:00:00.013,6.52e-06,553.88000000,Regular
BNBUSDT,2026-06-29 16:00:00.004,1.584e-05,552.23000000,Regular
BNBUSDT,2026-06-30 00:00:00.000,4.028e-05,559.83000000,Regular
BNBUSDT,2026-06-30 08:00:00.000,0.0,552.60641553,Regular
BNBUSDT,2026-06-30 16:00:00.005,0.0,545.21000000,Regular
BNBUSDT,2026-07-01 00:00:00.000,8.374e-05,546.84000000,Regular
BNBUSDT,2026-07-01 08:00:00.000,1.081e-05,547.13983877,Regular
BNBUSDT,2026-07-01 16:00:00.000,0.0,554.84000000,Regular
BNBUSDT,2026-07-02 00:00:00.000,5.254e-05,550.79339107,Regular
BNBUSDT,2026-07-02 08:00:00.000,4.503e-05,549.68002802,Regular
BNBUSDT,2026-07-02 16:00:00.000,0.00010499,562.81736515,Regular
BNBUSDT,2026-07-03 00:00:00.000,4.19e-05,559.18000000,Regular
BNBUSDT,2026-07-03 08:00:00.007,5.653e-05,562.05954983,Regular
BNBUSDT,2026-07-03 16:00:00.000,0.0001291,566.15000000,Regular
BNBUSDT,2026-07-04 00:00:00.000,0.00019594,574.23000000,Regular
BNBUSDT,2026-07-04 08:00:00.000,0.00012176,570.06055682,Regular
BNBUSDT,2026-07-04 16:00:00.007,0.00010833,577.12000000,Regular
BNBUSDT,2026-07-05 00:00:00.003,4.393e-05,575.72789954,Regular
BNBUSDT,2026-07-05 08:00:00.001,3.193e-05,576.02554226,Regular
BNBUSDT,2026-07-05 16:00:00.000,7.046e-05,587.72000000,Regular
BNBUSDT,2026-07-06 00:00:00.000,4.905e-05,590.30320334,Regular
BNBUSDT,2026-07-06 08:00:00.000,2.64e-05,582.45364554,Regular
BNBUSDT,2026-07-06 16:00:00.000,7.35e-06,585.08000000,Regular
BNBUSDT,2026-07-07 00:00:00.000,2.595e-05,586.29480913,Regular
BNBUSDT,2026-07-07 08:00:00.000,0.0,578.62000000,Regular
BNBUSDT,2026-07-07 16:00:00.000,1.872e-05,585.04507089,Regular
BNBUSDT,2026-07-08 00:00:00.000,4.957e-05,577.04612822,Regular
BNBUSDT,2026-07-08 08:00:00.000,1.075e-05,568.18000000,Regular
BNBUSDT,2026-07-08 16:00:00.000,0.0,562.68000000,Regular
BNBUSDT,2026-07-09 00:00:00.000,3.204e-05,568.97545887,Regular
BNBUSDT,2026-07-09 08:00:00.001,8.613e-05,573.18000000,Regular
BNBUSDT,2026-07-09 16:00:00.001,0.00012025,571.39271536,Regular
BNBUSDT,2026-07-10 00:00:00.000,7.403e-05,569.05000000,Regular
BNBUSDT,2026-07-10 08:00:00.005,0.00011748,574.41000000,Regular
BNBUSDT,2026-07-10 16:00:00.005,0.00011027,574.11689702,Regular
BNBUSDT,2026-07-11 00:00:00.000,9.961e-05,575.72000000,Regular
BNBUSDT,2026-07-11 08:00:00.000,5.645e-05,577.26904384,Regular
BNBUSDT,2026-07-11 16:00:00.000,7.755e-05,580.21000000,Regular
BNBUSDT,2026-07-12 00:00:00.000,8.35e-05,574.91000000,Regular
BNBUSDT,2026-07-12 08:00:00.003,0.0,572.56617808,Regular
BNBUSDT,2026-07-12 16:00:00.000,0.00011818,581.47000000,Regular
BNBUSDT,2026-07-13 00:00:00.000,4.761e-05,574.17000000,Regular
BNBUSDT,2026-07-13 08:00:00.001,1.62e-06,570.29000000,Regular
BNBUSDT,2026-07-13 16:00:00.004,3.773e-05,568.94000000,Regular
BNBUSDT,2026-07-14 00:00:00.000,0.0,567.80842922,Regular
BNBUSDT,2026-07-14 08:00:00.002,3.843e-05,570.35683167,Regular
BNBUSDT,2026-07-14 16:00:00.001,9.807e-05,583.23625260,Regular
BNBUSDT,2026-07-15 00:00:00.005,0.00012457,582.22000000,Regular
BNBUSDT,2026-07-15 08:00:00.002,0.00013454,576.84000000,Regular
BNBUSDT,2026-07-15 16:00:00.000,8.756e-05,582.01052511,Regular
BNBUSDT,2026-07-16 00:00:00.000,0.00014088,581.01799008,Regular
BNBUSDT,2026-07-16 08:00:00.003,9.816e-05,580.24000000,Regular
BNBUSDT,2026-07-16 16:00:00.002,0.0001107,579.87426559,Regular
BNBUSDT,2026-07-17 00:00:00.000,6.363e-05,572.76159828,Regular
BNBUSDT,2026-07-17 08:00:00.010,2.252e-05,566.32204135,Regular
BNBUSDT,2026-07-17 16:00:00.004,0.0,563.21605559,Regular
BNBUSDT,2026-07-18 00:00:00.000,0.0,568.38235251,Regular
BNBUSDT,2026-07-18 08:00:00.000,2.518e-05,568.20000000,Regular
BNBUSDT,2026-07-18 16:00:00.001,9.856e-05,571.04594180,Regular
BNBUSDT,2026-07-19 00:00:00.003,6.925e-05,570.99000000,Regular
BNBUSDT,2026-07-19 08:00:00.000,2.07e-05,569.32657315,Regular
BNBUSDT,2026-07-19 16:00:00.001,6.631e-05,570.48268128,Regular
BNBUSDT,2026-07-20 00:00:00.000,2.43e-06,571.38287671,Regular
BNBUSDT,2026-07-20 08:00:00.001,0.0,566.88746308,Regular
BNBUSDT,2026-07-20 16:00:00.004,8.469e-05,574.34000000,Regular
BNBUSDT,2026-07-21 00:00:00.001,6.225e-05,571.57489498,Regular
BNBUSDT,2026-07-21 08:00:00.000,9.386e-05,577.22000000,Regular
BNBUSDT,2026-07-21 16:00:00.002,0.00011917,575.52000000,Regular
BNBUSDT,2026-07-22 00:00:00.000,0.00015287,574.34293151,Regular
BNBUSDT,2026-07-22 08:00:00.000,6.61e-05,568.53000000,Regular
BNBUSDT,2026-07-22 16:00:00.001,0.00010491,572.88000000,Regular
BNBUSDT,2026-07-23 00:00:00.000,5.785e-05,571.38838937,Regular
BNBUSDT,2026-07-23 08:00:00.000,0.0,570.11371963,Regular
BNBUSDT,2026-07-23 16:00:00.000,3.257e-05,567.90000000,Regular
BNBUSDT,2026-07-24 00:00:00.000,1.896e-05,567.70513151,Regular
BNBUSDT,2026-07-24 08:00:00.000,0.0,569.73000000,Regular
BNBUSDT,2026-07-24 16:00:00.008,0.0,561.63000000,Regular
BNBUSDT,2026-07-25 00:00:00.002,9.23e-06,565.24684018,Regular
BNBUSDT,2026-07-25 08:00:00.000,5.581e-05,565.06000000,Regular
BNBUSDT,2026-07-25 16:00:00.000,3.563e-05,567.67000000,Regular
BNBUSDT,2026-07-26 00:00:00.000,6.601e-05,569.29000000,Regular
BNBUSDT,2026-07-26 08:00:00.002,0.00010218,571.93556164,Regular
BNBUSDT,2026-07-26 16:00:00.000,0.00010676,574.16032877,Regular
BNBUSDT,2026-07-27 00:00:00.010,6.721e-05,575.61000000,Regular
BNBUSDT,2026-07-27 08:00:00.000,0.0,574.98000000,Regular
BNBUSDT,2026-07-27 16:00:00.001,0.0,568.87000000,Regular
BNBUSDT,2026-07-28 00:00:00.000,2.237e-05,566.56000000,Regular
BNBUSDT,2026-07-28 08:00:00.000,0.0,566.13990959,Regular
BNBUSDT,2026-07-28 16:00:00.000,7.903e-05,573.67347879,Regular
BNBUSDT,2026-07-29 00:00:00.000,2.957e-05,571.59000000,Regular
BNBUSDT,2026-07-29 08:00:00.002,3.688e-05,572.20000000,Regular
BNBUSDT,2026-07-29 16:00:00.000,1.878e-05,568.93000000,Regular
BNBUSDT,2026-07-30 00:00:00.000,6.905e-05,572.37003836,Regular
BNBUSDT,2026-07-30 08:00:00.000,5.247e-05,575.06254026,Regular
BNBUSDT,2026-07-30 16:00:00.000,0.0001066,591.43345753,Regular
BNBUSDT,2026-07-31 00:00:00.003,5.15e-05,592.40000000,Regular
BNBUSDT,2026-07-31 08:00:00.000,2.909e-05,590.17990411,Regular
BNBUSDT,2026-07-31 16:00:00.000,5.473e-05,585.80000000,Regular
BNBUSDT,2026-08-01 00:00:00.001,1.396e-05,587.31205114,Regular
BNBUSDT,2026-08-01 08:00:00.000,5.477e-05,590.54465051,Regular
BNBUSDT,2026-08-01 16:00:00.000,9.812e-05,576.83000000,Regular
BNBUSDT,2026-08-02 00:00:00.000,6.616e-05,575.45786758,Regular
BNBUSDT,2026-08-02 08:00:00.000,6.611e-05,585.77757078,Regular
BNBUSDT,2026-08-02 16:00:00.000,8.51e-05,586.69000000,Regular
BNBUSDT,2026-08-03 00:00:00.000,0.00015493,588.85131135,Regular
BNBUSDT,2026-08-03 08:00:00.000,5.941e-05,584.01272420,Regular
BNBUSDT,2026-08-03 16:00:00.000,9.8e-05,592.94316630,Regular
BNBUSDT,2026-08-04 00:00:00.004,0.00011987,589.73000000,Regular
BNBUSDT,2026-08-04 08:00:00.002,2.499e-05,591.00000000,Regular
BNBUSDT,2026-08-04 16:00:00.000,3.091e-05,593.57736237,Regular
BNBUSDT,2026-08-05 00:00:00.003,8.17e-06,593.57626393,Regular
BNBUSDT,2026-08-05 08:00:00.004,2.061e-05,600.47000000,Regular
BNBUSDT,2026-08-05 16:00:00.000,1.565e-05,600.20554743,Regular
BNBUSDT,2026-08-06 00:00:00.002,0.0,594.11709589,Regular
BNBUSDT,2026-08-06 08:00:00.000,0.0,595.65000000,Regular
BNBUSDT,2026-08-06 16:00:00.000,0.0,592.65248314,Regular
BNBUSDT,2026-08-07 00:00:00.000,0.0,592.56715413,Regular
BNBUSDT,2026-08-07 08:00:00.000,0.0,585.80431523,Regular
BNBUSDT,2026-08-07 16:00:00.000,2.042e-05,592.70000000,Regular
BNBUSDT,2026-08-08 00:00:00.001,2.913e-05,592.81000000,Regular
BNBUSDT,2026-08-08 08:00:00.000,6.062e-05,594.88882121,Regular
BNBUSDT,2026-08-08 16:00:00.002,8.649e-05,605.51728578,Regular
BNBUSDT,2026-08-09 00:00:00.000,3.867e-05,601.00000000,Regular
BNBUSDT,2026-08-09 08:00:00.005,2.556e-05,603.46461171,Regular
BNBUSDT,2026-08-09 16:00:00.000,0.00011833,608.91028950,Regular
BNBUSDT,2026-08-10 00:00:00.001,0.00011836,602.50000000,Regular
BNBUSDT,2026-08-10 08:00:00.005,4.224e-05,604.35000000,Regular
BNBUSDT,2026-08-10 16:00:00.000,0.00010793,601.44000000,Regular
BNBUSDT,2026-08-11 00:00:00.000,7.867e-05,599.52682706,Regular
BNBUSDT,2026-08-11 08:00:00.006,6.203e-05,602.81398413,Regular
BNBUSDT,2026-08-11 16:00:00.000,8.918e-05,608.76783207,Regular
BNBUSDT,2026-08-12 00:00:00.001,1.08e-05,616.94534868,Regular
BNBUSDT,2026-08-12 08:00:00.000,7.907e-05,612.65943521,Regular
BNBUSDT,2026-08-12 16:00:00.000,0.0,611.14663319,Regular
BNBUSDT,2026-08-13 00:00:00.000,0.0,610.68004018,Regular
BNBUSDT,2026-08-13 08:00:00.000,0.0,613.87000000,Regular
BNBUSDT,2026-08-13 16:00:00.000,0.0,607.72392351,Regular
BNBUSDT,2026-08-14 00:00:00.000,0.0,610.88000000,Regular
BNBUSDT,2026-08-14 08:00:00.001,0.0,607.77000000,Regular
BNBUSDT,2026-08-14 16:00:00.001,0.0,606.91000000,Regular
BNBUSDT,2026-08-15 00:00:00.003,0.0,608.33000000,Regular
BNBUSDT,2026-08-15 08:00:00.002,4.271e-05,611.87562044,Regular
BNBUSDT,2026-08-15 16:00:00.000,0.0,611.96000000,Regular
BNBUSDT,2026-08-16 00:00:00.000,1.29e-06,608.07046119,Regular
BNBUSDT,2026-08-16 08:00:00.002,0.0,605.92000000,Regular
BNBUSDT,2026-08-16 16:00:00.000,0.0,607.73000000,Regular
BNBUSDT,2026-08-17 00:00:00.001,0.0,603.32000000,Regular
BNBUSDT,2026-08-17 08:00:00.003,0.0,605.31000000,Regular
BNBUSDT,2026-08-17 16:00:00.005,1.602e-05,607.47000000,Regular
BNBUSDT,2026-08-18 00:00:00.006,4.724e-05,606.13000000,Regular
BNBUSDT,2026-08-18 08:00:00.001,1.077e-05,603.67735051,Regular
BNBUSDT,2026-08-18 16:00:00.003,5.6e-06,603.71000000,Regular
BNBUSDT,2026-08-19 00:00:00.000,2.362e-05,604.28000000,Regular
BNBUSDT,2026-08-19 08:00:00.000,2.314e-05,602.16968950,Regular
BNBUSDT,2026-08-19 16:00:00.004,2.929e-05,616.91000000,Regular
BNBUSDT,2026-08-20 00:00:00.001,0.00021922,627.97000000,Regular
BNBUSDT,2026-08-20 08:00:00.000,6.818e-05,630.83000000,Regular
BNBUSDT,2026-08-20 16:00:00.005,0.0,653.07952832,Regular
BNBUSDT,2026-08-21 00:00:00.004,0.00015178,655.13000000,Regular
BNBUSDT,2026-08-21 08:00:00.000,2.448e-05,670.45168927,Regular
BNBUSDT,2026-08-21 16:00:00.001,0.00021317,679.46567478,Regular
BNBUSDT,2026-08-22 00:00:00.000,0.00023005,687.51000000,Regular
BNBUSDT,2026-08-22 08:00:00.000,0.00032423,706.34192982,Regular
BNBUSDT,2026-08-22 16:00:00.000,0.00018909,688.92862496,Regular
BNBUSDT,2026-08-23 00:00:00.000,0.00020804,695.70000000,Regular
BNBUSDT,2026-08-23 08:00:00.000,0.0001553,684.33335278,Regular
BNBUSDT,2026-08-23 16:00:00.006,0.0,695.37000000,Regular
BNBUSDT,2026-08-24 00:00:00.001,9.681e-05,702.84000000,Regular
BNBUSDT,2026-08-24 08:00:00.002,1.34e-06,698.94088804,Regular
BNBUSDT,2026-08-24 16:00:00.000,2.642e-05,706.26115876,Regular
BNBUSDT,2026-08-25 00:00:00.001,0.0,704.63521940,Regular
BNBUSDT,2026-08-25 08:00:00.000,7.358e-05,706.74000000,Regular
BNBUSDT,2026-08-25 16:00:00.005,0.0,700.35000000,Regular
BNBUSDT,2026-08-26 00:00:00.000,0.0,694.66231712,Regular
BNBUSDT,2026-08-26 08:00:00.005,0.0,698.93000000,Regular
BNBUSDT,2026-08-26 16:00:00.000,1.995e-05,697.37574880,Regular
BNBUSDT,2026-08-27 00:00:00.000,8.233e-05,707.90000000,Regular
BNBUSDT,2026-08-27 08:00:00.000,1.213e-05,707.79000000,Regular
BNBUSDT,2026-08-27 16:00:00.013,4.706e-05,711.80235641,Regular
BNBUSDT,2026-08-28 00:00:00.026,0.0,712.14000000,Regular
BNBUSDT,2026-08-28 08:00:00.000,2.18e-05,707.19000000,Regular
BNBUSDT,2026-08-28 16:00:00.001,0.0,696.35000000,Regular
BNBUSDT,2026-08-29 00:00:00.000,0.0,691.77000000,Regular
BNBUSDT,2026-08-29 08:00:00.000,0.0,688.39000000,Regular
BNBUSDT,2026-08-29 16:00:00.002,0.0,691.15000000,Regular
BNBUSDT,2026-08-30 00:00:00.000,0.0,692.83069863,Regular
BNBUSDT,2026-08-30 08:00:00.000,3.789e-05,693.60000000,Regular
BNBUSDT,2026-08-30 16:00:00.001,0.0,699.75000000,Regular
BNBUSDT,2026-08-31 00:00:00.002,8.8e-07,685.03000000,Regular
BNBUSDT,2026-08-31 08:00:00.002,0.0,687.11171233,Regular
BNBUSDT,2026-08-31 16:00:00.001,0.0,689.89532634,Regular
BNBUSDT,2026-09-01 00:00:00.005,0.0,691.69929694,Regular
BNBUSDT,2026-09-01 08:00:00.000,2.811e-05,690.83605023,Regular
BNBUSDT,2026-09-01 16:00:00.000,0.0,687.09000000,Regular
BNBUSDT,2026-09-02 00:00:00.000,8.422e-05,683.35000000,Regular
BNBUSDT,2026-09-02 08:00:00.001,0.0,688.03982317,Regular
BNBUSDT,2026-09-02 16:00:00.005,2.201e-05,688.01000000,Regular
BNBUSDT,2026-09-03 00:00:00.000,4.908e-05,689.07000000,Regular
BNBUSDT,2026-09-03 08:00:00.000,6.877e-05,698.40343466,Regular
BNBUSDT,2026-09-03 16:00:00.000,0.00010374,728.05664737,Regular
BNBUSDT,2026-09-04 00:00:00.000,9.884e-05,725.57537959,Regular
BNBUSDT,2026-09-04 08:00:00.000,0.00010168,714.95000000,Regular
BNBUSDT,2026-09-04 16:00:00.009,7.329e-05,717.04914639,Regular
BNBUSDT,2026-09-05 00:00:00.000,3.342e-05,721.80000000,Regular
BNBUSDT,2026-09-05 08:00:00.000,1.856e-05,738.68708120,Regular
BNBUSDT,2026-09-05 16:00:00.001,0.00013707,770.38076927,Regular
BNBUSDT,2026-09-06 00:00:00.000,5.095e-05,766.92082051,Regular
BNBUSDT,2026-09-06 08:00:00.000,1.931e-05,756.96000000,Regular
BNBUSDT,2026-09-06 16:00:00.004,3.078e-05,746.32000000,Regular
BNBUSDT,2026-09-07 00:00:00.004,1.725e-05,753.48000000,Regular
BNBUSDT,2026-09-07 08:00:00.000,8.399e-05,744.34666563,Regular
BNBUSDT,2026-09-07 16:00:00.003,5.184e-05,734.92430399,Regular
BNBUSDT,2026-09-08 00:00:00.004,4.501e-05,740.29729290,Regular
BNBUSDT,2026-09-08 08:00:00.002,0.0,755.15306816,Regular
BNBUSDT,2026-09-08 16:00:00.001,0.0,756.60282541,Regular
BNBUSDT,2026-09-09 00:00:00.005,0.0,752.46000000,Regular
BNBUSDT,2026-09-09 08:00:00.004,0.0,754.93076887,Regular
BNBUSDT,2026-09-09 16:00:00.002,0.0,739.39000000,Regular
BNBUSDT,2026-09-10 00:00:00.000,0.0,722.86656318,Regular
BNBUSDT,2026-09-10 08:00:00.007,0.0,719.23000000,Regular
BNBUSDT,2026-09-10 16:00:00.002,0.0,708.15327897,Regular
BNBUSDT,2026-09-11 00:00:00.008,0.0,709.06207771,Regular
BNBUSDT,2026-09-11 08:00:00.000,0.0,714.01673335,Regular
BNBUSDT,2026-09-11 16:00:00.000,0.0,728.94000000,Regular
BNBUSDT,2026-09-12 00:00:00.001,0.0,727.09536507,Regular
BNBUSDT,2026-09-12 08:00:00.003,2.142e-05,733.86356840,Regular
BNBUSDT,2026-09-12 16:00:00.000,4.935e-05,735.55427161,Regular
BNBUSDT,2026-09-13 00:00:00.002,3.042e-05,727.98248229,Regular
BNBUSDT,2026-09-13 08:00:00.000,0.0,722.55000000,Regular
