openTime,open,high,low,close,vol
2023-09-14 16:00:00,26680.0,26880.0,26461.0,26510.3,93328.419
2023-09-15 00:00:00,26510.3,26647.0,26428.6,26554.4,48419.061
2023-09-15 08:00:00,26554.4,26691.5,26206.6,26311.1,112810.972
2023-09-15 16:00:00,26311.1,26890.0,26301.9,26591.1,90426.737
2023-09-16 00:00:00,26591.1,26763.5,26453.3,26486.0,65155.136
2023-09-16 08:00:00,26486.0,26574.3,26430.0,26493.6,46983.219
2023-09-16 16:00:00,26493.6,26610.0,26483.5,26546.9,28344.11
2023-09-17 00:00:00,26547.0,26560.7,26400.0,26482.6,37108.621
2023-09-17 08:00:00,26482.6,26614.3,26480.3,26537.0,33764.433
2023-09-17 16:00:00,26536.9,26539.0,26377.4,26514.2,43366.34
2023-09-18 00:00:00,26514.2,26796.0,26358.6,26701.7,93901.005
2023-09-18 08:00:00,26701.8,27397.0,26666.4,27258.8,217496.241
2023-09-18 16:00:00,27258.8,27296.8,26611.2,26749.9,161141.786
2023-09-19 00:00:00,26749.9,26860.0,26653.2,26836.1,47609.834
2023-09-19 08:00:00,26836.0,27480.0,26834.3,27413.4,274653.142
2023-09-19 16:00:00,27413.3,27472.5,26970.0,27196.0,111248.771
2023-09-20 00:00:00,27195.9,27381.0,26923.3,27089.5,88542.32
2023-09-20 08:00:00,27089.5,27228.8,26930.3,27168.7,107291.703
2023-09-20 16:00:00,27168.7,27297.9,26740.0,27107.7,153087.424
2023-09-21 00:00:00,27107.7,27149.0,26917.4,26978.4,53829.387
2023-09-21 08:00:00,26978.4,27008.0,26360.1,26567.7,208481.151
2023-09-21 16:00:00,26567.6,26685.7,26484.0,26552.6,55682.331
2023-09-22 00:00:00,26552.6,26697.5,26452.9,26660.9,59857.503
2023-09-22 08:00:00,26660.9,26737.7,26540.6,26619.9,66980.348
2023-09-22 16:00:00,26619.9,26632.5,26468.5,26566.7,46696.797
2023-09-23 00:00:00,26566.7,26606.2,26492.2,26572.0,22491.22
2023-09-23 08:00:00,26571.9,26583.7,26530.1,26567.5,16020.665
2023-09-23 16:00:00,26567.4,26620.6,26542.0,26563.1,19324.599
2023-09-24 00:00:00,26563.0,26581.0,26529.6,26552.4,12923.538
2023-09-24 08:00:00,26552.4,26618.7,26547.4,26566.0,19226.579
2023-09-24 16:00:00,26566.0,26739.9,26081.0,26232.4,114482.656
2023-09-25 00:00:00,26232.4,26327.2,25965.0,26176.8,99464.016
2023-09-25 08:00:00,26176.7,26289.9,25977.0,26230.9,92035.474
2023-09-25 16:00:00,26231.0,26440.0,26205.2,26290.5,76886.346
2023-09-26 00:00:00,26290.5,26388.0,26221.0,26256.3,36166.758
2023-09-26 08:00:00,26256.3,26322.4,26073.8,26114.8,84478.431
2023-09-26 16:00:00,26114.8,26289.9,26080.0,26208.8,59845.98
2023-09-27 00:00:00,26208.7,26281.5,26189.1,26233.4,29245.164
2023-09-27 08:00:00,26233.4,26849.9,26050.0,26293.4,258773.715
2023-09-27 16:00:00,26293.4,26374.9,26100.0,26359.6,64983.961
2023-09-28 00:00:00,26359.6,26549.9,26325.2,26445.7,78617.192
2023-09-28 08:00:00,26445.7,27075.0,26373.8,27012.3,177839.389
2023-09-28 16:00:00,27012.3,27308.7,26837.3,27011.8,173131.277
2023-09-29 00:00:00,27011.7,27231.5,26850.0,27168.0,81962.398
2023-09-29 08:00:00,27167.9,27168.0,26625.0,26874.8,147975.909
2023-09-29 16:00:00,26874.9,26979.0,26731.0,26890.9,47459.336
2023-09-30 00:00:00,26890.9,26949.5,26870.4,26915.9,20004.402
2023-09-30 08:00:00,26915.9,27085.0,26890.4,26986.2,42398.914
2023-09-30 16:00:00,26986.2,27070.4,26929.8,26950.9,29913.838
2023-10-01 00:00:00,26951.0,27148.0,26939.0,27092.1,30723.98
2023-10-01 08:00:00,27092.1,27279.5,27067.4,27135.8,69103.317
2023-10-01 16:00:00,27135.8,28365.2,27015.0,27981.4,140555.649
2023-10-02 00:00:00,27981.4,28428.2,27811.6,28299.1,146334.874
2023-10-02 08:00:00,28299.2,28613.0,27971.0,28015.0,227765.674
2023-10-02 16:00:00,28015.0,28115.0,27255.0,27477.6,219177.172
2023-10-03 00:00:00,27477.7,27665.0,27366.1,27528.1,63313.442
2023-10-03 08:00:00,27528.0,27630.0,27212.3,27332.0,123514.995
2023-10-03 16:00:00,27332.1,27479.5,27123.0,27412.0,96249.462
2023-10-04 00:00:00,27412.0,27500.0,27163.9,27442.0,75293.98
2023-10-04 08:00:00,27442.0,27627.6,27317.1,27388.3,98620.093
2023-10-04 16:00:00,27388.3,27830.0,27385.8,27759.8,106870.249
2023-10-05 00:00:00,27759.7,27890.0,27533.1,27595.3,58108.14
2023-10-05 08:00:00,27595.4,28110.0,27380.0,27540.0,209068.978
2023-10-05 16:00:00,27540.0,27609.9,27333.5,27398.4,103012.969
2023-10-06 00:00:00,27398.3,27644.0,27382.6,27626.8,57709.432
2023-10-06 08:00:00,27626.8,28035.6,27156.0,27926.5,245076.233
2023-10-06 16:00:00,27926.6,28450.0,27773.0,27916.3,135660.239
2023-10-07 00:00:00,27916.3,27944.6,27822.1,27878.2,40232.12
2023-10-07 08:00:00,27878.1,28018.7,27865.4,27926.4,46690.091
2023-10-07 16:00:00,27926.5,27952.6,27831.8,27943.0,30126.934
2023-10-08 00:00:00,27943.0,28082.0,27864.6,27892.4,51377.299
2023-10-08 08:00:00,27892.4,27989.8,27671.0,27883.5,81396.078
2023-10-08 16:00:00,27883.5,27968.7,27780.4,27901.2,45606.93
2023-10-09 00:00:00,27901.2,27977.0,27780.3,27804.6,45272.525
2023-10-09 08:00:00,27804.6,27834.8,27358.2,27433.0,154235.921
2023-10-09 16:00:00,27433.1,27739.6,27250.0,27578.3,114808.135
2023-10-10 00:00:00,27578.4,27695.1,27482.0,27634.9,43229.004
2023-10-10 08:00:00,27634.9,27727.3,27318.2,27395.5,125263.305
2023-10-10 16:00:00,27395.6,27503.7,27281.0,27381.2,71287.187
2023-10-11 00:00:00,27381.3,27467.6,26951.7,27012.8,110123.08
2023-10-11 08:00:00,27012.7,27320.0,26700.0,26769.1,157192.203
2023-10-11 16:00:00,26769.2,26879.7,26525.0,26864.5,120871.288
2023-10-12 00:00:00,26864.5,26939.0,26722.4,26799.4,53202.798
2023-10-12 08:00:00,26799.3,26856.5,26606.2,26665.4,93528.474
2023-10-12 16:00:00,26665.4,26800.0,26534.8,26744.0,73547.768
2023-10-13 00:00:00,26744.0,26929.0,26733.9,26857.8,46540.037
2023-10-13 08:00:00,26857.9,26972.8,26670.1,26693.0,78871.649
2023-10-13 16:00:00,26692.9,27120.8,26675.0,26849.8,117810.468
2023-10-14 00:00:00,26849.7,26986.4,26828.4,26860.5,34405.412
2023-10-14 08:00:00,26860.4,26930.0,26835.0,26927.9,22648.109
2023-10-14 16:00:00,26927.9,26937.9,26773.1,26836.3,25111.26
2023-10-15 00:00:00,26836.4,26896.3,26801.0,26872.7,15179.17
2023-10-15 08:00:00,26872.7,26958.0,26790.4,26885.6,36409.661
2023-10-15 16:00:00,26885.7,27456.1,26880.0,27139.8,108411.631
2023-10-16 00:00:00,27139.8,28168.6,27095.4,27837.2,165752.356
2023-10-16 08:00:00,27837.2,30720.0,27627.4,28054.0,512099.838
2023-10-16 16:00:00,28054.1,28797.9,28050.0,28486.3,145151.588
2023-10-17 00:00:00,28486.3,28534.4,28055.0,28408.2,89685.139
2023-10-17 08:00:00,28408.1,28605.0,28117.0,28445.8,152576.002
2023-10-17 16:00:00,28445.7,28596.0,28290.0,28381.9,71928.617
2023-10-18 00:00:00,28382.0,29100.0,28307.6,28485.1,124782.104
2023-10-18 08:00:00,28485.1,28584.9,28126.6,28235.3,114211.563
2023-10-18 16:00:00,28235.4,28423.4,28169.4,28307.1,58182.961
2023-10-19 00:00:00,28307.2,28404.6,28076.0,28315.0,57616.636
2023-10-19 08:00:00,28314.9,28801.6,28267.4,28659.5,152153.54
2023-10-19 16:00:00,28659.5,28933.4,28436.8,28696.9,123903.031
2023-10-20 00:00:00,28697.0,29405.4,28560.0,29228.5,176178.516
2023-10-20 08:00:00,29228.6,30243.0,29214.4,29538.7,302705.177
2023-10-20 16:00:00,29538.7,29784.5,29304.0,29653.0,72121.634
2023-10-21 00:00:00,29653.0,29725.8,29443.5,29681.0,53350.564
2023-10-21 08:00:00,29681.1,29973.9,29614.1,29916.5,81457.694
2023-10-21 16:00:00,29916.4,30374.6,29827.9,29895.4,123387.698
2023-10-22 00:00:00,29895.4,30229.7,29606.6,29800.5,88706.82
2023-10-22 08:00:00,29800.4,29981.8,29760.6,29815.3,58686.74
2023-10-22 16:00:00,29815.3,30060.2,29698.0,29981.5,51209.198
2023-10-23 00:00:00,29981.4,30990.0,29869.4,30508.0,238542.086
2023-10-23 08:00:00,30508.0,30963.2,30333.0,30864.1,157199.863
2023-10-23 16:00:00,30864.1,35981.9,30356.3,33074.0,591999.587
2023-10-24 00:00:00,33074.0,35300.0,32833.5,34025.9,402188.978
2023-10-24 08:00:00,34025.8,34888.0,33244.0,33674.0,313546.232
2023-10-24 16:00:00,33673.9,34398.9,33379.2,33917.0,206257.853
2023-10-25 00:00:00,33917.0,34388.0,33660.6,33853.4,111704.532
2023-10-25 08:00:00,33853.4,35035.0,33773.3,34841.4,207038.13
2023-10-25 16:00:00,34841.5,35154.3,34203.5,34487.7,146624.482
2023-10-26 00:00:00,34487.8,34828.7,34401.7,34648.7,78343.517
2023-10-26 08:00:00,34648.6,34745.0,33830.0,34050.0,179468.2
2023-10-26 16:00:00,34050.1,34287.5,33750.0,34154.0,81741.247
2023-10-27 00:00:00,34154.0,34253.3,33774.0,33954.0,75775.115
2023-10-27 08:00:00,33954.0,34220.0,33826.5,34010.9,102427.804
2023-10-27 16:00:00,34010.8,34042.2,33350.0,33893.1,99850.059
2023-10-28 00:00:00,33893.2,34199.5,33867.4,34057.2,40948.009
2023-10-28 08:00:00,34057.2,34535.8,33930.0,34199.9,75847.116
2023-10-28 16:00:00,34200.0,34230.7,34063.0,34086.6,21519.807
2023-10-29 00:00:00,34086.7,34147.7,33933.0,34086.0,28638.823
2023-10-29 08:00:00,34086.1,34579.7,34082.0,34462.5,75667.534
2023-10-29 16:00:00,34462.6,34773.8,34382.0,34528.6,71591.193
2023-10-30 00:00:00,34528.6,34578.8,34104.0,34191.7,64394.56
2023-10-30 08:00:00,34191.8,34888.2,34161.7,34664.5,131461.907
2023-10-30 16:00:00,34664.5,34664.5,34050.0,34483.8,85984.881
2023-10-31 00:00:00,34483.8,34620.7,34080.0,34151.9,70250.347
2023-10-31 08:00:00,34151.9,34563.6,34016.8,34290.2,117932.718
2023-10-31 16:00:00,34290.3,34744.7,34240.0,34651.4,84267.502
2023-11-01 00:00:00,34651.4,34684.0,34330.4,34463.9,46989.709
2023-11-01 08:00:00,34464.0,35249.0,34076.0,34296.9,215075.368
2023-11-01 16:00:00,34296.9,35734.0,34288.8,35437.4,207149.71
2023-11-02 00:00:00,35437.5,35999.9,35050.0,35280.7,152208.564
2023-11-02 08:00:00,35280.6,35487.0,34533.1,34645.2,151068.105
2023-11-02 16:00:00,34645.1,35099.0,34300.0,34940.1,106945.058
2023-11-03 00:00:00,34940.1,34944.9,34300.1,34470.0,85874.534
2023-11-03 08:00:00,34469.9,34850.0,34123.0,34759.5,139951.491
2023-11-03 16:00:00,34759.5,34825.0,34304.1,34700.4,80222.174
2023-11-04 00:00:00,34700.5,35111.0,34571.6,34759.1,56830.657
2023-11-04 08:00:00,34759.2,34880.0,34632.5,34709.8,33241.92
2023-11-04 16:00:00,34709.9,35270.0,34685.1,35069.7,50674.297
2023-11-05 00:00:00,35069.7,35350.0,34933.3,35175.4,58658.761
2023-11-05 08:00:00,35175.5,35210.4,34758.0,34893.9,65092.507
2023-11-05 16:00:00,34893.9,35455.2,34356.0,35025.5,107612.071
2023-11-06 00:00:00,35025.5,35137.9,34743.2,34918.5,51629.286
2023-11-06 08:00:00,34918.5,35299.9,34836.4,35094.5,95391.15
2023-11-06 16:00:00,35094.5,35172.9,34821.0,35057.4,55206.779
2023-11-07 00:00:00,35057.5,35066.0,34808.0,34947.3,40474.632
2023-11-07 08:00:00,34947.3,34988.0,34520.3,34728.4,101473.458
2023-11-07 16:00:00,34728.5,35921.7,34560.0,35406.5,201577.86
2023-11-08 00:00:00,35406.5,35436.1,35172.7,35239.6,46984.019
2023-11-08 08:00:00,35239.5,35485.0,35073.0,35231.3,75481.318
2023-11-08 16:00:00,35231.4,36150.0,35194.3,35626.7,212314.112
2023-11-09 00:00:00,35626.7,36888.0,35538.8,36550.6,193302.043
2023-11-09 08:00:00,36550.6,38499.9,36550.6,37141.5,318409.833
2023-11-09 16:00:00,37141.5,37277.1,35304.0,36719.5,267166.061
2023-11-10 00:00:00,36719.6,36940.6,36461.8,36480.2,67124.735
2023-11-10 08:00:00,36480.3,37276.0,36350.0,37118.4,129362.305
2023-11-10 16:00:00,37092.6,37570.0,37080.0,37330.4,90833.557
2023-11-11 00:00:00,37330.3,37422.2,36921.1,37030.5,57840.622
2023-11-11 08:00:00,37030.5,37297.9,36935.1,37071.5,46944.093
2023-11-11 16:00:00,37071.5,37211.8,36588.0,37162.1,54454.569
2023-11-12 00:00:00,37162.1,37222.9,36753.6,37154.1,45812.618
2023-11-12 08:00:00,37154.1,37258.4,36955.0,37178.3,39679.758
2023-11-12 16:00:00,37178.3,37247.7,36960.0,37085.5,33397.669
2023-11-13 00:00:00,37085.6,37464.8,36760.0,36982.5,78078.864
2023-11-13 08:00:00,36982.5,37065.9,36546.5,36871.7,88327.931
2023-11-13 16:00:00,36871.7,37074.3,36350.0,36486.2,90668.853
2023-11-14 00:00:00,36486.2,36740.8,36220.4,36705.5,59697.696
2023-11-14 08:00:00,36705.5,36779.9,35665.2,36168.7,151702.166
2023-11-14 16:00:00,36168.8,36449.0,34446.3,35559.0,185865.938
2023-11-15 00:00:00,35559.1,35685.0,35388.0,35597.4,43307.841
2023-11-15 08:00:00,35597.8,36430.0,35593.0,36412.1,120217.185
2023-11-15 16:00:00,36412.2,38000.0,36256.0,37885.6,260293.544
2023-11-16 00:00:00,37885.5,37956.5,37351.0,37460.7,81446.374
2023-11-16 08:00:00,37460.6,37574.9,36251.0,36423.1,187636.446
2023-11-16 16:00:00,36423.3,36658.2,35486.1,36176.0,165361.546
2023-11-17 00:00:00,36176.0,36687.4,36108.3,36252.0,73375.378
2023-11-17 08:00:00,36251.9,36636.7,35868.3,36059.0,123092.247
2023-11-17 16:00:00,36059.1,37020.5,35917.1,36621.9,123475.426
2023-11-18 00:00:00,36621.9,36625.7,36196.0,36429.0,34704.604
2023-11-18 08:00:00,36429.0,36693.0,36364.8,36671.9,39503.089
2023-11-18 16:00:00,36672.0,36900.0,36450.0,36580.9,47513.229
2023-11-19 00:00:00,36580.9,36684.9,36400.0,36624.0,28486.136
2023-11-19 08:00:00,36624.0,36720.9,36380.0,36575.1,39275.258
2023-11-19 16:00:00,36575.1,37528.2,36515.5,37375.9,86951.613
2023-11-20 00:00:00,37375.8,37397.2,37050.0,37261.1,54020.744
2023-11-20 08:00:00,37261.0,37525.0,36600.0,37475.1,114277.237
2023-11-20 16:00:00,37475.0,37784.7,36780.0,37462.5,142206.056
2023-11-21 00:00:00,37462.6,37675.0,37250.4,37297.1,49981.499
2023-11-21 08:00:00,37297.1,37439.5,36212.2,36975.9,184346.171
2023-11-21 16:00:00,36975.8,37531.0,35720.0,35737.0,216403.49
2023-11-22 00:00:00,35737.0,36560.0,35610.7,36430.7,82891.616
2023-11-22 08:00:00,36430.7,36779.0,36240.0,36480.5,92847.291
2023-11-22 16:00:00,36480.6,37880.0,36371.2,37413.4,162450.711
2023-11-23 00:00:00,37413.5,37548.0,37263.0,37378.5,41350.813
2023-11-23 08:00:00,37378.5,37650.0,36856.3,36954.1,96476.108
2023-11-23 16:00:00,36954.1,37391.5,36921.6,37294.3,47543.01
2023-11-24 00:00:00,37294.4,37587.0,37257.3,37531.1,34306.787
2023-11-24 08:00:00,37531.1,38425.0,37427.3,38217.3,210968.766
2023-11-24 16:00:00,38217.3,38351.2,37551.0,37706.3,105756.17
2023-11-25 00:00:00,37706.3,37840.0,37671.4,37795.0,26934.379
2023-11-25 08:00:00,37795.0,37827.0,37570.9,37697.8,31491.622
2023-11-25 16:00:00,37697.7,37886.5,37693.2,37766.6,24163.328
2023-11-26 00:00:00,37766.7,37788.5,37650.0,37773.5,15794.481
2023-11-26 08:00:00,37773.5,37807.6,37248.0,37418.0,71585.558
2023-11-26 16:00:00,37418.0,37744.9,37126.0,37437.9,86378.605
2023-11-27 00:00:00,37437.9,37560.0,37005.0,37272.1,56362.123
2023-11-27 08:00:00,37272.0,37457.0,36725.1,36743.2,126746.092
2023-11-27 16:00:00,36743.3,37279.0,36700.0,37234.3,83004.484
2023-11-28 00:00:00,37234.4,37338.0,36856.0,37087.2,53597.153
2023-11-28 08:00:00,37087.2,37568.6,36917.4,37502.2,80358.13
2023-11-28 16:00:00,37502.1,38395.0,37502.1,37812.1,184471.044
2023-11-29 00:00:00,37812.0,38238.0,37663.2,38095.7,56814.378
2023-11-29 08:00:00,38095.7,38500.0,37551.8,37817.6,143095.518
2023-11-29 16:00:00,37817.6,37924.5,37564.2,37837.1,61721.985
2023-11-30 00:00:00,37837.2,38132.0,37673.0,37783.2,51880.064
2023-11-30 08:00:00,37783.1,37964.6,37442.9,37614.0,102615.521
2023-11-30 16:00:00,37613.9,37807.0,37520.0,37716.8,36693.286
2023-12-01 00:00:00,37716.9,38344.8,37600.0,38234.9,90770.661
2023-12-01 08:00:00,38234.9,38844.0,38205.2,38401.5,146215.203
2023-12-01 16:00:00,38401.4,38989.0,38383.0,38660.0,105376.13
2023-12-02 00:00:00,38659.9,38815.5,38613.5,38683.9,31810.046
2023-12-02 08:00:00,38683.9,38859.5,38620.0,38787.0,34382.823
2023-12-02 16:00:00,38786.9,39900.0,38688.1,39435.0,147017.442
2023-12-03 00:00:00,39435.1,39549.0,39255.2,39474.1,36782.266
2023-12-03 08:00:00,39474.1,39820.0,39367.0,39758.5,72245.296
2023-12-03 16:00:00,39758.5,40410.1,39420.8,39979.7,112890.343
2023-12-04 00:00:00,39979.8,41792.0,39970.4,41471.9,226265.01
2023-12-04 08:00:00,41471.9,42179.0,41120.1,41280.8,235384.739
2023-12-04 16:00:00,41280.9,42440.0,41186.8,41993.1,140843.11
2023-12-05 00:00:00,41993.1,41993.1,41393.5,41534.2,76743.918
2023-12-05 08:00:00,41534.3,42542.0,41422.0,42266.7,132384.719
2023-12-05 16:00:00,42266.8,44528.1,42124.6,44081.7,365909.404
2023-12-06 00:00:00,44081.7,44160.1,43451.0,43697.1,101894.148
2023-12-06 08:00:00,43697.1,44349.8,43377.0,43795.3,195571.27
2023-12-06 16:00:00,43795.3,44173.7,43607.3,43774.8,86492.32
2023-12-07 00:00:00,43775.1,44066.7,43720.9,43899.4,39279.201
2023-12-07 08:00:00,43899.4,43959.1,42815.0,43679.8,209714.368
2023-12-07 16:00:00,43680.0,43786.9,43091.5,43296.0,97428.389
2023-12-08 00:00:00,43296.0,43586.5,43108.8,43184.5,52724.77
2023-12-08 08:00:00,43184.6,44081.6,43100.0,43778.5,114498.407
2023-12-08 16:00:00,43778.6,44779.3,43650.0,44209.5,114657.416
2023-12-09 00:00:00,44209.6,44389.2,44071.2,44220.6,45599.829
2023-12-09 08:00:00,44220.7,44238.0,43749.1,44088.0,89233.644
2023-12-09 16:00:00,44088.0,44140.0,43555.0,43734.3,54506.183
2023-12-10 00:00:00,43734.2,44042.8,43694.0,43995.8,32597.93
2023-12-10 08:00:00,43995.8,44075.5,43624.0,43945.4,61784.831
2023-12-10 16:00:00,43945.3,44099.2,43552.5,43810.0,50165.498
2023-12-11 00:00:00,43810.1,43833.4,40272.1,42128.0,267693.123
2023-12-11 08:00:00,42128.1,42490.5,41682.2,41824.7,110740.017
2023-12-11 16:00:00,41824.6,41892.6,40228.3,41271.0,242320.299
2023-12-12 00:00:00,41271.1,42095.3,41202.1,41930.1,103158.568
2023-12-12 08:00:00,41930.0,42125.0,41171.2,41376.6,128535.149
2023-12-12 16:00:00,41376.7,41577.0,40711.0,41515.0,124847.401
2023-12-13 00:00:00,41514.9,41524.2,40556.0,41146.3,105146.071
2023-12-13 08:00:00,41146.3,41979.0,40976.9,41960.0,102457.967
2023-12-13 16:00:00,41960.0,43517.6,41735.6,42875.0,189106.258
2023-12-14 00:00:00,42875.0,43126.2,42670.5,42910.1,63661.125
2023-12-14 08:00:00,42910.2,43379.3,41140.0,42454.1,188019.885
2023-12-14 16:00:00,42454.1,43450.1,42454.1,43032.4,109947.315
2023-12-15 00:00:00,43032.3,43098.0,42410.5,42724.8,63008.61
2023-12-15 08:00:00,42724.8,43054.0,41668.0,41930.3,117125.663
2023-12-15 16:00:00,41930.4,42280.0,41715.0,41968.0,77042.74
2023-12-16 00:00:00,41968.0,42448.4,41638.1,42243.1,58208.813
2023-12-16 08:00:00,42243.0,42640.8,42114.7,42631.7,51467.643
2023-12-16 16:00:00,42631.6,42756.7,42117.1,42287.4,50873.003
2023-12-17 00:00:00,42287.4,42322.2,41773.2,41894.6,56781.007
2023-12-17 08:00:00,41894.6,42036.6,41496.0,41828.5,65957.538
2023-12-17 16:00:00,41828.5,42476.0,41248.3,41396.5,101984.306
2023-12-18 00:00:00,41396.6,41487.5,40810.6,41159.9,89879.169
2023-12-18 08:00:00,41160.0,41780.0,40553.8,41288.0,162391.566
2023-12-18 16:00:00,41288.0,42795.3,41170.0,42671.7,123114.94
2023-12-19 00:00:00,42671.8,43550.0,42595.1,43062.0,103803.547
2023-12-19 08:00:00,43062.1,43297.1,42238.7,42512.8,108539.386
2023-12-19 16:00:00,42512.9,42675.0,41835.4,42298.3,102968.911
2023-12-20 00:00:00,42298.2,43056.9,42218.3,42950.0,68958.466
2023-12-20 08:00:00,42950.0,44384.6,42693.6,44079.0,173285.165
2023-12-20 16:00:00,44078.9,44290.0,43260.1,43708.9,134765.292
2023-12-21 00:00:00,43708.9,43920.0,43317.2,43794.8,61559.128
2023-12-21 08:00:00,43794.9,44287.2,43386.2,43857.7,128151.063
2023-12-21 16:00:00,43857.7,44175.0,43390.0,43896.3,87211.964
2023-12-22 00:00:00,43896.4,44484.0,43566.1,43614.1,97807.369
2023-12-22 08:00:00,43614.0,43877.5,43430.4,43699.9,86191.08
2023-12-22 16:00:00,43699.9,44086.0,43503.4,43999.2,54343.484
2023-12-23 00:00:00,43999.2,44023.0,43304.2,43582.0,56887.778
2023-12-23 08:00:00,43582.1,43899.8,43513.4,43782.0,37740.368
2023-12-23 16:00:00,43782.0,43880.1,43656.8,43725.2,26164.053
2023-12-24 00:00:00,43725.2,43994.8,43454.1,43678.6,48086.441
2023-12-24 08:00:00,43678.7,43908.3,43421.0,43707.0,43149.184
2023-12-24 16:00:00,43707.1,43750.6,42550.0,43008.4,88731.626
2023-12-25 00:00:00,43008.4,43360.4,42755.4,43233.2,47216.314
2023-12-25 08:00:00,43233.3,43850.0,43083.2,43661.0,81763.13
2023-12-25 16:00:00,43661.0,43772.1,43354.3,43611.9,55230.83
2023-12-26 00:00:00,43611.9,43635.1,42552.3,42798.7,91511.472
2023-12-26 08:00:00,42798.7,42870.0,42109.0,42423.1,91346.833
2023-12-26 16:00:00,42423.1,42630.4,41597.0,42538.5,112725.373
2023-12-27 00:00:00,42538.6,42595.5,42145.7,42495.9,45651.022
2023-12-27 08:00:00,42496.0,43277.1,42443.0,43009.6,120820.839
2023-12-27 16:00:00,43010.0,43700.0,42890.3,43453.8,84879.677
2023-12-28 00:00:00,43453.8,43850.0,42821.0,43087.2,87611.36
2023-12-28 08:00:00,43087.3,43233.0,42439.6,42485.8,100400.654
2023-12-28 16:00:00,42485.9,42788.7,42320.5,42600.1,69503.168
2023-12-29 00:00:00,42600.1,42839.1,42123.1,42314.5,87127.035
2023-12-29 08:00:00,42314.5,43171.9,42160.0,42301.6,108713.759
2023-12-29 16:00:00,42301.6,42389.0,41283.2,42095.1,141581.071
2023-12-30 00:00:00,42095.1,42250.0,41854.4,41987.1,40091.75
2023-12-30 08:00:00,41987.1,42473.4,41550.0,42410.3,83473.869
2023-12-30 16:00:00,42410.4,42654.6,42106.5,42174.2,60325.051
2023-12-31 00:00:00,42174.3,42729.2,42001.0,42567.0,52336.813
2023-12-31 08:00:00,42567.0,42951.0,42381.0,42489.6,67521.635
2023-12-31 16:00:00,42489.6,42766.7,42083.1,42314.0,53649.841
2024-01-01 00:00:00,42314.0,42832.0,42207.9,42527.0,49159.997
2024-01-01 08:00:00,42527.1,42887.5,42489.4,42818.0,44386.229
2024-01-01 16:00:00,42818.0,44266.0,42693.1,44230.2,112877.918
2024-01-02 00:00:00,44230.3,45832.8,44200.9,45495.5,177167.18
2024-01-02 08:00:00,45495.6,45950.0,44868.1,45215.0,172072.992
2024-01-02 16:00:00,45215.0,45449.2,44598.0,44979.8,110558.351
2024-01-03 00:00:00,44979.7,45463.5,44895.8,45030.4,54297.288
2024-01-03 08:00:00,45030.5,45582.3,40333.0,43014.0,387480.268
2024-01-03 16:00:00,43014.0,43595.9,41920.0,42849.5,154077.669
2024-01-04 00:00:00,42849.5,43290.0,42625.0,42775.0,67052.419
2024-01-04 08:00:00,42775.1,44343.1,42645.1,44050.4,130884.953
2024-01-04 16:00:00,44050.4,44840.8,43773.4,44143.8,135985.726
2024-01-05 00:00:00,44143.8,44284.0,42300.0,43769.6,129314.446
2024-01-05 08:00:00,43769.6,44332.4,43000.0,43495.2,136299.038
2024-01-05 16:00:00,43495.1,44500.0,43090.0,44145.4,109354.307
2024-01-06 00:00:00,44145.3,44214.6,43391.3,43645.3,54567.604
2024-01-06 08:00:00,43645.4,43925.0,43527.2,43863.6,40252.511
2024-01-06 16:00:00,43863.6,44149.9,43645.0,43956.7,43722.682
2024-01-07 00:00:00,43956.6,44267.9,43824.2,44071.5,42302.857
2024-01-07 08:00:00,44071.6,44486.9,43862.8,44035.0,70083.704
2024-01-07 16:00:00,44034.9,44262.9,43557.5,43916.9,68324.153
2024-01-08 00:00:00,43916.9,44431.1,43158.1,43970.0,101892.559
2024-01-08 08:00:00,43969.9,45440.0,43629.7,44969.6,173017.55
2024-01-08 16:00:00,44969.7,47312.0,44783.8,46972.7,220177.874
2024-01-09 00:00:00,46972.6,47173.5,46253.7,46841.0,87841.583
2024-01-09 08:00:00,46841.0,47100.0,45400.0,46868.8,164849.447
2024-01-09 16:00:00,46868.9,48100.0,44417.2,46114.0,260671.743
2024-01-10 00:00:00,46113.9,46252.5,45629.6,45766.4,58436.547
2024-01-10 08:00:00,45766.3,45876.7,44291.5,45569.0,203782.382
2024-01-10 16:00:00,45569.4,47699.3,44720.0,46662.9,406438.545
2024-01-11 00:00:00,46663.0,46758.0,45610.1,46096.1,82926.45
2024-01-11 08:00:00,46096.1,49027.5,46051.6,46813.4,328831.371
2024-01-11 16:00:00,46813.4,47065.8,45600.0,46337.8,184940.558
2024-01-12 00:00:00,46337.9,46536.2,45714.2,46002.6,72978.0
2024-01-12 08:00:00,46002.6,46280.0,44360.8,44495.1,170185.588
2024-01-12 16:00:00,44495.1,44719.7,41370.0,42788.9,332779.67
2024-01-13 00:00:00,42789.0,43265.1,42445.7,43102.1,72891.556
2024-01-13 08:00:00,43102.1,43273.4,42509.8,43159.7,87613.364
2024-01-13 16:00:00,43159.9,43193.9,42703.2,42846.4,47232.406
2024-01-14 00:00:00,42846.4,43064.4,42553.0,43012.8,37979.307
2024-01-14 08:00:00,43012.8,43096.1,42710.3,42908.4,36918.362
2024-01-14 16:00:00,42908.4,43019.1,41713.5,41734.9,106199.299
2024-01-15 00:00:00,41734.9,42829.8,41720.0,42713.1,62194.29
2024-01-15 08:00:00,42713.1,42969.0,42156.0,42278.7,78360.646
2024-01-15 16:00:00,42278.7,43376.0,42249.1,42515.0,99504.205
2024-01-16 00:00:00,42515.0,42945.0,42466.1,42788.1,42118.632
2024-01-16 08:00:00,42788.5,43333.0,42050.0,43251.7,153865.903
2024-01-16 16:00:00,43251.0,43589.0,42825.5,43133.0,91222.698
2024-01-17 00:00:00,43133.0,43198.0,42616.0,42654.0,45150.164
2024-01-17 08:00:00,42654.0,42934.9,42355.5,42478.3,93981.802
2024-01-17 16:00:00,42478.2,42869.3,42200.0,42783.4,70264.115
2024-01-18 00:00:00,42783.3,42930.1,42515.0,42918.3,35017.613
2024-01-18 08:00:00,42918.3,42932.3,42351.0,42618.9,75726.156
2024-01-18 16:00:00,42619.0,42619.0,40673.6,41323.1,224336.987
2024-01-19 00:00:00,41323.2,41578.3,40739.6,41282.0,68148.419
2024-01-19 08:00:00,41281.9,41518.4,40718.5,40897.0,95685.377
2024-01-19 16:00:00,40897.1,42197.0,40300.0,41662.2,182107.934
2024-01-20 00:00:00,41662.1,41781.4,41458.5,41652.4,31070.949
2024-01-20 08:00:00,41652.4,41706.5,41453.6,41570.3,39291.947
2024-01-20 16:00:00,41570.2,41883.5,41522.0,41691.8,25503.166
2024-01-21 00:00:00,41691.8,41735.0,41544.0,41648.6,14425.225
2024-01-21 08:00:00,41648.5,41880.9,41600.0,41652.8,28672.017
2024-01-21 16:00:00,41652.7,41820.0,41500.0,41580.0,23938.31
2024-01-22 00:00:00,41579.9,41692.3,40666.0,41042.6,92215.033
2024-01-22 08:00:00,41042.7,41253.7,40333.0,40774.7,151329.681
2024-01-22 16:00:00,40775.0,40880.1,39402.0,39567.0,215479.392
2024-01-23 00:00:00,39567.1,40172.7,39508.0,39773.9,57769.456
2024-01-23 08:00:00,39773.9,39862.9,38545.0,39197.4,229402.505
2024-01-23 16:00:00,39197.5,39898.0,38925.6,39890.0,127201.425
2024-01-24 00:00:00,39889.9,40247.0,39550.0,39979.4,81430.174
2024-01-24 08:00:00,39979.5,40560.6,39754.4,40046.7,110826.045
2024-01-24 16:00:00,40046.7,40208.4,39493.3,40078.7,80497.952
2024-01-25 00:00:00,40078.8,40170.0,39778.3,40119.6,41139.274
2024-01-25 08:00:00,40119.6,40300.0,39605.0,39793.6,91890.746
2024-01-25 16:00:00,39793.6,40053.6,39535.3,39953.3,70698.659
2024-01-26 00:00:00,39953.3,40250.0,39813.1,39956.0,44439.701
2024-01-26 08:00:00,39956.0,41587.3,39944.7,41399.8,189221.481
2024-01-26 16:00:00,41399.8,42239.3,41383.8,41806.4,121757.296
2024-01-27 00:00:00,41806.4,41924.0,41594.0,41699.1,33916.634
2024-01-27 08:00:00,41699.0,41880.0,41360.1,41797.4,47173.515
2024-01-27 16:00:00,41797.5,42187.1,41727.0,42102.2,37346.965
2024-01-28 00:00:00,42102.2,42836.0,41908.2,42369.9,80787.083
2024-01-28 08:00:00,42370.0,42688.0,42130.0,42244.5,61271.966
2024-01-28 16:00:00,42244.5,42340.0,41600.0,42021.2,63677.404
2024-01-29 00:00:00,42021.2,42493.0,41865.4,42040.0,52038.153
2024-01-29 08:00:00,42040.0,42636.0,41768.3,42623.2,84309.695
2024-01-29 16:00:00,42623.1,43340.8,42495.7,43287.7,113154.262
2024-01-30 00:00:00,43287.6,43798.2,43111.3,43346.6,70087.725
2024-01-30 08:00:00,43346.7,43888.0,43092.0,43355.5,103953.799
2024-01-30 16:00:00,43355.4,43750.0,42665.6,42918.3,83541.26
2024-01-31 00:00:00,42918.3,43090.0,42634.3,43031.6,49376.251
2024-01-31 08:00:00,43031.5,43460.0,42341.0,43341.8,121790.665
2024-01-31 16:00:00,43341.9,43748.6,42257.6,42560.5,141902.194
2024-02-01 00:00:00,42560.5,42674.9,41866.8,42182.2,77164.161
2024-02-01 08:00:00,42182.3,42936.6,41926.3,42500.1,98516.867
2024-02-01 16:00:00,42500.0,43288.0,42350.0,43072.6,98640.079
2024-02-02 00:00:00,43072.6,43430.0,42926.4,43076.0,47152.298
2024-02-02 08:00:00,43076.0,43250.0,42512.7,43222.9,92201.727
2024-02-02 16:00:00,43222.9,43480.0,42756.1,43182.0,66413.549
2024-02-03 00:00:00,43182.0,43372.2,43017.0,43037.1,28355.328
2024-02-03 08:00:00,43037.1,43181.3,42858.3,43097.4,31876.278
2024-02-03 16:00:00,43097.5,43264.3,42925.9,42992.4,29503.614
2024-02-04 00:00:00,42992.4,43055.0,42702.4,42822.9,28007.218
2024-02-04 08:00:00,42822.8,43112.1,42721.8,42926.7,37328.477
2024-02-04 16:00:00,42926.7,42977.2,42176.7,42570.3,62085.853
2024-02-05 00:00:00,42570.3,43168.4,42235.1,43059.0,61901.674
2024-02-05 08:00:00,43058.9,43580.0,42580.0,42629.7,103300.183
2024-02-05 16:00:00,42629.7,42873.2,42311.2,42692.9,75453.692
2024-02-06 00:00:00,42692.9,42941.1,42559.8,42870.0,43293.709
2024-02-06 08:00:00,42870.0,43266.4,42631.0,43232.0,93943.457
2024-02-06 16:00:00,43232.0,43378.8,42980.8,43079.1,58920.477
2024-02-07 00:00:00,43079.1,43179.6,42763.4,42904.8,37858.93
2024-02-07 08:00:00,42904.9,43314.9,42813.6,43057.8,70939.277
2024-02-07 16:00:00,43057.7,44388.0,42992.2,44326.2,143259.501
2024-02-08 00:00:00,44326.3,44795.1,44306.8,44500.8,75359.412
2024-02-08 08:00:00,44500.8,45450.0,44496.5,45406.3,131980.659
2024-02-08 16:00:00,45406.4,45600.0,44878.0,45269.1,92398.217
2024-02-09 00:00:00,45269.2,46444.0,45218.1,46185.1,117333.929
2024-02-09 08:00:00,46185.1,47699.5,46183.4,47136.9,254910.045
2024-02-09 16:00:00,47137.0,48230.3,47020.1,47116.1,147675.445
2024-02-10 00:00:00,47116.1,47489.9,47025.6,47130.5,39197.415
2024-02-10 08:00:00,47130.6,47377.0,46836.4,47332.0,58866.359
2024-02-10 16:00:00,47331.9,48189.6,47139.0,47732.6,81562.83
2024-02-11 00:00:00,47732.6,48600.0,47539.4,48169.6,85971.763
2024-02-11 08:00:00,48169.5,48469.3,47912.1,48140.8,67093.287
2024-02-11 16:00:00,48140.7,48401.1,47938.0,48303.4,56886.576
2024-02-12 00:00:00,48303.4,48846.0,47702.0,48213.0,87768.843
2024-02-12 08:00:00,48213.0,49965.3,47711.0,49925.4,179799.912
2024-02-12 16:00:00,49925.5,50413.2,49411.6,49943.6,183326.447
2024-02-13 00:00:00,49943.6,50428.8,49754.4,50019.9,63875.161
2024-02-13 08:00:00,50019.8,50290.0,48356.0,48753.1,209977.151
2024-02-13 16:00:00,48753.2,49783.5,48301.0,49696.4,108495.773
2024-02-14 00:00:00,49696.4,49900.0,49215.7,49845.0,49895.028
2024-02-14 08:00:00,49844.9,52100.0,49742.4,51616.4,260020.664
2024-02-14 16:00:00,51616.5,51924.7,51217.7,51823.2,85276.099
2024-02-15 00:00:00,51823.1,52568.3,51651.0,51802.4,115982.099
2024-02-15 08:00:00,51802.5,52859.0,51666.0,51968.7,163923.132
2024-02-15 16:00:00,51968.6,52419.1,51334.9,51898.5,112819.372
2024-02-16 00:00:00,51898.4,52376.1,51758.0,51786.4,61817.909
2024-02-16 08:00:00,51786.4,52623.0,51611.7,51909.3,138463.178
2024-02-16 16:00:00,51909.2,52284.3,51665.4,52148.6,59538.706
2024-02-17 00:00:00,52148.7,52192.8,51811.0,51933.9,23753.844
2024-02-17 08:00:00,51933.9,51934.0,50647.5,51013.4,128320.75
2024-02-17 16:00:00,51013.4,52109.0,50770.8,51679.4,70267.411
2024-02-18 00:00:00,51679.5,51841.4,51178.0,51703.7,48962.404
2024-02-18 08:00:00,51703.7,52107.3,51563.3,51808.9,55862.304
2024-02-18 16:00:00,51809.0,52450.0,51616.5,52175.9,61811.718
2024-02-19 00:00:00,52175.9,52532.9,51933.1,52423.9,55934.03
2024-02-19 08:00:00,52424.0,52509.1,52051.0,52157.5,67258.898
2024-02-19 16:00:00,52157.5,52270.0,51688.8,51813.8,73195.05
2024-02-20 00:00:00,51813.7,52077.0,51330.5,51869.2,60343.565
2024-02-20 08:00:00,51869.2,53090.9,51367.6,51712.7,205612.211
2024-02-20 16:00:00,51712.7,52561.8,50788.0,52297.4,122957.288
2024-02-21 00:00:00,52297.3,52402.3,51510.0,51599.9,54515.784
2024-02-21 08:00:00,51599.9,51835.6,50528.4,51183.7,156855.244
2024-02-21 16:00:00,51183.6,51991.2,50663.0,51877.8,96756.273
2024-02-22 00:00:00,51877.9,51949.1,51176.8,51860.6,61317.41
2024-02-22 08:00:00,51860.6,52078.0,50967.5,51630.0,103411.234
2024-02-22 16:00:00,51630.0,52130.8,51203.7,51316.9,79416.003
2024-02-23 00:00:00,51316.9,51576.3,50900.2,50952.3,55536.062
2024-02-23 08:00:00,50952.3,51372.3,50804.4,50938.1,91172.214
2024-02-23 16:00:00,50938.2,51228.6,50512.7,50771.9,68766.286
2024-02-24 00:00:00,50771.9,51133.3,50611.4,51099.8,35328.01
2024-02-24 08:00:00,51099.8,51204.2,50965.0,51124.6,21557.472
2024-02-24 16:00:00,51124.7,51736.6,51117.1,51602.1,48058.975
2024-02-25 00:00:00,51602.1,51949.8,51465.5,51756.8,37532.55
2024-02-25 08:00:00,51756.9,51828.4,51465.0,51547.8,33957.067
2024-02-25 16:00:00,51547.9,52050.0,51300.4,51764.9,50687.643
2024-02-26 00:00:00,51764.9,51846.1,51320.0,51327.5,30899.081
2024-02-26 08:00:00,51327.5,52885.5,50922.5,52872.3,138630.774
2024-02-26 16:00:00,52872.2,54991.8,52777.2,54511.6,223936.376
2024-02-27 00:00:00,54511.7,57780.0,54495.0,56100.0,200821.493
2024-02-27 08:00:00,56100.1,57494.3,56075.6,56775.0,183739.153
2024-02-27 16:00:00,56775.1,57679.5,56231.0,57074.5,126914.889
2024-02-28 00:00:00,57074.5,58472.8,56730.1,58300.0,81557.409
2024-02-28 08:00:00,58299.9,61437.4,58226.9,61000.0,402749.495
2024-02-28 16:00:00,61000.0,64300.0,59000.0,62487.9,525811.538
2024-02-29 00:00:00,62487.9,63762.8,61105.2,62761.5,172489.665
2024-02-29 08:00:00,62761.6,63599.9,62050.0,62809.1,179468.074
2024-02-29 16:00:00,62809.1,62952.4,60452.0,61203.3,232756.144
2024-03-01 00:00:00,61203.3,61856.7,60844.8,61485.8,65400.384
2024-03-01 08:00:00,61485.9,62750.0,61200.0,61335.3,120336.993
2024-03-01 16:00:00,61335.4,63199.0,61312.1,62430.6,113494.45
2024-03-02 00:00:00,62430.6,62513.1,61820.0,62071.9,59225.792
2024-03-02 08:00:00,62071.9,62248.2,61605.0,61834.5,63135.874
2024-03-02 16:00:00,61834.5,62276.6,61700.0,62039.9,36921.963
2024-03-03 00:00:00,62039.9,62181.2,61339.5,61641.0,49982.944
2024-03-03 08:00:00,61641.0,62720.0,61452.3,62210.7,79222.281
2024-03-03 16:00:00,62210.8,63330.9,62141.0,63178.5,71107.278
2024-03-04 00:00:00,63178.5,64429.3,62299.0,64120.6,144279.283
2024-03-04 08:00:00,64120.6,66666.6,64078.2,66505.4,235114.234
2024-03-04 16:00:00,66505.4,68600.0,66100.0,68296.4,253488.627
2024-03-05 00:00:00,68296.5,68824.7,65021.1,66223.8,204345.961
2024-03-05 08:00:00,66223.8,69350.0,65600.0,66841.3,268529.839
2024-03-05 16:00:00,66839.8,67096.5,59112.0,63747.4,580149.332
2024-03-06 00:00:00,63747.5,66846.6,62829.3,66759.4,162703.01
2024-03-06 08:00:00,66759.3,67729.5,64615.5,66541.3,267903.212
2024-03-06 16:00:00,66541.3,67570.0,65750.6,66128.1,103405.591
2024-03-07 00:00:00,66128.0,66539.0,65609.3,66447.8,70564.174
2024-03-07 08:00:00,66447.8,67994.0,66404.2,67317.1,132351.003
2024-03-07 16:00:00,67317.2,68101.3,66852.1,66870.0,93177.611
2024-03-08 00:00:00,66870.0,67719.3,66800.0,67308.5,51687.27
2024-03-08 08:00:00,67308.5,70330.8,67093.0,67685.8,195754.764
2024-03-08 16:00:00,67685.8,69447.0,66120.0,68180.2,211945.173
2024-03-09 00:00:00,68180.2,68608.7,67908.7,68336.3,32737.012
2024-03-09 08:00:00,68336.3,68580.0,67996.0,68341.6,40504.004
2024-03-09 16:00:00,68341.5,68497.8,68050.0,68360.1,21657.989
2024-03-10 00:00:00,68360.2,69780.0,68262.5,69430.0,74570.376
2024-03-10 08:00:00,69429.9,69999.8,68672.9,69254.7,97097.51
2024-03-10 16:00:00,69254.6,69845.9,68155.0,69001.8,61928.637
2024-03-11 00:00:00,69001.8,71537.7,67000.0,71223.8,184192.878
2024-03-11 08:00:00,71223.9,72772.5,71211.5,72061.4,196299.304
2024-03-11 16:00:00,72061.3,72890.0,71800.0,72153.8,93904.715
2024-03-12 00:00:00,72153.9,72571.0,71300.0,72175.5,83674.749
2024-03-12 08:00:00,72175.6,73370.0,70777.7,71779.2,168704.789
2024-03-12 16:00:00,71779.2,71910.0,68600.0,71503.2,219692.793
2024-03-13 00:00:00,71503.3,73311.7,71388.1,72964.0,79286.943
2024-03-13 08:00:00,72964.1,73755.0,71671.1,72670.2,147532.784
2024-03-13 16:00:00,72670.2,73485.1,72410.6,73127.6,61626.611
2024-03-14 00:00:00,73127.6,73881.4,72540.5,73280.7,81739.59
2024-03-14 08:00:00,73280.7,73598.0,70563.0,70904.5,179972.833
2024-03-14 16:00:00,70904.5,71785.0,68600.0,71455.5,252188.814
2024-03-15 00:00:00,71455.6,72500.0,66660.1,68487.4,296082.349
2024-03-15 08:00:00,68487.4,68777.0,65580.0,68199.2,236203.594
2024-03-15 16:00:00,68199.2,70715.9,67420.0,69552.2,173524.742
2024-03-16 00:00:00,69552.1,70097.6,68646.0,69490.2,61967.302
2024-03-16 08:00:00,69490.2,69490.2,67576.0,68431.8,91282.445
2024-03-16 16:00:00,68431.9,68477.0,64750.0,65351.0,180176.382
2024-03-17 00:00:00,65351.0,66630.7,64559.8,65681.2,124330.301
2024-03-17 08:00:00,65681.1,68199.0,65333.0,68009.8,124591.122
2024-03-17 16:00:00,68009.9,68972.4,67812.2,68447.9,65968.886
2024-03-18 00:00:00,68447.9,69044.4,66814.6,68262.9,91247.669
2024-03-18 08:00:00,68262.9,68685.3,66658.0,67509.2,138625.745
2024-03-18 16:00:00,67509.2,68140.0,66601.6,67660.0,88012.502
2024-03-19 00:00:00,67660.0,68178.6,63625.0,64742.1,232743.508
2024-03-19 08:00:00,64742.1,64750.0,62412.1,64084.0,268856.179
2024-03-19 16:00:00,64084.1,65802.8,61582.8,61974.1,198867.108
2024-03-20 00:00:00,61974.1,63544.1,60800.0,62995.1,212407.526
2024-03-20 08:00:00,62995.1,64450.0,62676.6,63649.0,164252.813
2024-03-20 16:00:00,63648.9,68140.0,62057.7,67876.4,260702.126
2024-03-21 00:00:00,67876.4,68293.9,66129.0,67031.8,107942.615
2024-03-21 08:00:00,67031.8,67774.3,66105.8,66601.6,113347.813
2024-03-21 16:00:00,66601.6,67066.6,64550.1,65539.9,125927.957
2024-03-22 00:00:00,65539.9,66691.9,65163.0,66223.4,67881.454
2024-03-22 08:00:00,66223.3,66413.0,62614.5,63920.0,206467.689
2024-03-22 16:00:00,63920.0,64168.0,62294.0,63826.0,126800.19
2024-03-23 00:00:00,63826.1,64887.6,63020.2,64606.5,83747.218
2024-03-23 08:00:00,64606.6,65473.8,64221.3,65147.5,80590.663
2024-03-23 16:00:00,65147.4,66050.0,63861.9,64020.3,74786.119
2024-03-24 00:00:00,64020.4,64770.3,63822.0,64624.6,53482.668
2024-03-24 08:00:00,64624.6,65974.7,64511.9,65718.6,81014.311
2024-03-24 16:00:00,65718.6,67700.0,64635.0,67260.9,109682.456
2024-03-25 00:00:00,67260.9,67780.0,66427.6,66866.6,77620.799
2024-03-25 08:00:00,66866.5,70108.1,66784.2,69844.6,169898.323
2024-03-25 16:00:00,69844.5,71228.3,69505.8,69920.5,147637.069
2024-03-26 00:00:00,69920.6,71649.0,69782.2,70535.0,81039.457
2024-03-26 08:00:00,70535.0,71340.8,69320.0,70307.1,146118.863
2024-03-26 16:00:00,70307.0,70580.0,69420.0,70044.1,80702.796
2024-03-27 00:00:00,70044.2,70799.3,69690.1,69798.8,66974.922
2024-03-27 08:00:00,69797.5,71888.0,68551.0,68922.0,241471.253
2024-03-27 16:00:00,68922.1,69703.7,68364.8,69532.6,98840.399
2024-03-28 00:00:00,69532.6,70564.0,68941.0,70456.8,69350.253
2024-03-28 08:00:00,70457.0,71636.2,70344.9,71335.1,121083.023
2024-03-28 16:00:00,71335.2,71381.4,70455.6,70838.7,51537.546
2024-03-29 00:00:00,70838.8,70976.9,69801.9,69855.6,49374.732
2024-03-29 08:00:00,69855.6,70704.8,69000.0,69240.1,97067.597
2024-03-29 16:00:00,69240.4,69970.1,69125.4,69903.6,41528.512
2024-03-30 00:00:00,69903.6,70388.0,69753.3,69900.1,35479.278
2024-03-30 08:00:00,69900.2,70328.0,69872.3,70064.9,27512.119
2024-03-30 16:00:00,70065.0,70373.8,69577.2,69642.1,28135.353
2024-03-31 00:00:00,69642.0,70555.6,69608.0,70366.5,36392.403
2024-03-31 08:00:00,70367.5,70824.0,70200.0,70446.2,38419.815
2024-03-31 16:00:00,70446.2,71495.5,70387.8,71363.0,57646.572
2024-04-01 00:00:00,71363.0,71388.0,68895.5,69637.0,92784.447
2024-04-01 08:00:00,69637.0,70145.0,68210.0,68281.0,112739.523
2024-04-01 16:00:00,68280.9,69949.0,68103.3,69700.0,77288.156
2024-04-02 00:00:00,69700.0,69731.6,65600.0,66503.3,173311.627
2024-04-02 08:00:00,66503.4,66748.0,64650.0,64928.3,222126.735
2024-04-02 16:00:00,64928.2,66225.2,64603.2,65505.3,103603.21
2024-04-03 00:00:00,65502.4,66550.0,64500.0,66181.1,91924.103
2024-04-03 08:00:00,66181.2,66940.0,65555.0,65873.9,114520.463
2024-04-03 16:00:00,65873.9,66624.0,65451.1,65971.9,68596.664
2024-04-04 00:00:00,65971.8,66375.8,65100.0,66104.8,69414.558
2024-04-04 08:00:00,66104.7,67916.0,66036.0,67631.8,99988.562
2024-04-04 16:00:00,67631.7,69329.7,67291.3,68489.9,156982.218
2024-04-05 00:00:00,68489.8,68787.1,66376.0,66937.4,88102.213
2024-04-05 08:00:00,66937.4,68585.9,65966.0,68201.5,167057.359
2024-04-05 16:00:00,68200.0,68388.1,67326.6,67825.7,58387.721
2024-04-06 00:00:00,67825.8,68240.1,67450.0,67985.1,35872.126
2024-04-06 08:00:00,67985.1,68320.0,67525.0,68094.0,37188.487
2024-04-06 16:00:00,68094.0,69708.0,67923.4,68901.6,54283.113
2024-04-07 00:00:00,68901.5,69800.0,68820.6,69367.4,48025.222
2024-04-07 08:00:00,69367.3,69921.3,69198.3,69567.9,49124.405
2024-04-07 16:00:00,69567.9,70395.0,68881.3,69362.7,74633.809
2024-04-08 00:00:00,69362.7,70917.0,69040.4,70745.4,67257.718
2024-04-08 08:00:00,70745.4,72890.4,70677.6,71815.7,180486.964
2024-04-08 16:00:00,71815.7,72171.6,71338.3,71678.4,49492.767
2024-04-09 00:00:00,71678.3,71820.6,70160.0,70444.0,82116.122
2024-04-09 08:00:00,70444.1,71048.3,68538.0,69322.8,179468.563
2024-04-09 16:00:00,69322.8,69473.4,68216.0,69189.3,72474.718
2024-04-10 00:00:00,69189.2,69650.0,68514.0,69381.6,57521.409
2024-04-10 08:00:00,69381.6,69381.6,67546.2,68687.9,158494.967
2024-04-10 16:00:00,68688.0,71412.2,68585.0,70681.7,121758.38
2024-04-11 00:00:00,70681.8,71387.4,70340.0,70789.1,58445.876
2024-04-11 08:00:00,70789.1,71337.8,69592.6,70045.9,142518.74
2024-04-11 16:00:00,70045.9,70806.4,69608.1,70055.7,55229.537
2024-04-12 00:00:00,70055.6,71297.0,70044.4,70825.9,53968.891
2024-04-12 08:00:00,70825.9,71038.9,69267.0,69374.1,103313.405
2024-04-12 16:00:00,69374.0,69626.7,65102.0,67136.4,258245.853
2024-04-13 00:00:00,67136.4,67975.4,65754.6,67466.1,97287.015
2024-04-13 08:00:00,67466.1,67954.0,67116.9,67683.2,52987.205
2024-04-13 16:00:00,67683.2,67770.0,59652.5,63939.7,364730.983
2024-04-14 00:00:00,63939.7,64869.0,62139.3,64449.9,138762.486
2024-04-14 08:00:00,64449.9,64891.6,63428.6,64163.3,100157.838
2024-04-14 16:00:00,64163.3,65822.1,62550.0,65615.9,156849.809
2024-04-15 00:00:00,65615.9,66550.0,64649.2,66224.8,88982.806
2024-04-15 08:00:00,66224.9,66874.9,63800.0,64552.8,136232.046
2024-04-15 16:00:00,64552.6,64848.8,62242.5,63392.7,156317.373
2024-04-16 00:00:00,63392.8,63879.6,61651.8,63487.9,112114.233
2024-04-16 08:00:00,63488.0,63646.9,61521.0,61749.2,179389.949
2024-04-16 16:00:00,61749.2,64356.3,61680.0,63765.0,114427.257
2024-04-17 00:00:00,63764.9,64483.3,63170.5,63260.8,64498.153
2024-04-17 08:00:00,63260.7,63562.7,59713.2,60272.0,222008.429
2024-04-17 16:00:00,60274.0,61938.0,59625.0,61254.5,157526.41
2024-04-18 00:00:00,61254.5,62194.8,60763.8,61154.7,84468.399
2024-04-18 08:00:00,61154.6,64100.0,60824.2,63474.0,179786.286
2024-04-18 16:00:00,63473.9,63857.5,62268.4,63445.0,99047.709
2024-04-19 00:00:00,63445.0,65189.0,59541.0,64519.6,294727.836
2024-04-19 08:00:00,64519.5,65480.0,63779.7,64417.7,163790.15
2024-04-19 16:00:00,64417.6,64823.6,62910.0,63787.4,115746.072
2024-04-20 00:00:00,63787.4,64244.0,63045.1,63937.9,60377.938
2024-04-20 08:00:00,63938.0,64940.0,63244.0,64771.0,69139.256
2024-04-20 16:00:00,64771.0,65400.0,64421.8,64897.2,67625.068
2024-04-21 00:00:00,64897.2,65678.7,64570.5,65109.8,48471.026
2024-04-21 08:00:00,65109.8,65425.0,64728.3,65015.0,49565.759
2024-04-21 16:00:00,65014.9,65242.0,64214.2,64912.6,62497.163
2024-04-22 00:00:00,64912.7,66449.0,64470.5,65943.7,97858.808
2024-04-22 08:00:00,65943.8,66449.0,65600.7,65966.8,73307.381
2024-04-22 16:00:00,65966.8,67222.0,65866.8,66778.0,75102.222
2024-04-23 00:00:00,66777.9,67158.9,65988.0,66079.9,52647.012
2024-04-23 08:00:00,66079.9,67099.7,65750.0,66393.2,84181.025
2024-04-23 16:00:00,66393.2,66887.0,65924.7,66386.3,41837.527
2024-04-24 00:00:00,66386.2,67068.2,66347.2,66588.9,41625.245
2024-04-24 08:00:00,66588.9,66721.7,64489.7,64594.0,127829.731
2024-04-24 16:00:00,64593.5,65122.0,63575.0,64250.0,111090.085
2024-04-25 00:00:00,64250.0,64713.6,63800.0,63996.1,52747.748
2024-04-25 08:00:00,63996.2,64316.5,62721.3,64091.7,139773.053
2024-04-25 16:00:00,64091.6,65270.6,63934.0,64478.8,82690.261
2024-04-26 00:00:00,64478.8,64649.7,63844.0,64236.6,55073.98
2024-04-26 08:00:00,64236.7,64783.1,63325.0,63481.3,101319.377
2024-04-26 16:00:00,63481.2,64156.0,63291.5,63748.8,45756.456
2024-04-27 00:00:00,63748.7,63901.4,62332.8,62944.3,76946.767
2024-04-27 08:00:00,62944.3,63390.8,62650.0,62928.4,37863.038
2024-04-27 16:00:00,62928.3,63624.4,62700.2,63421.0,52539.304
2024-04-28 00:00:00,63420.9,64350.0,63420.9,63883.1,43061.2
2024-04-28 08:00:00,63883.2,63954.6,63230.7,63508.6,38906.11
2024-04-28 16:00:00,63508.5,63973.9,62700.0,63088.3,44088.841
2024-04-29 00:00:00,63088.4,63337.8,61888.0,62362.0,74033.71
2024-04-29 08:00:00,62362.1,63085.0,61726.2,63012.2,89443.797
2024-04-29 16:00:00,63012.2,64200.0,62511.1,63842.4,64933.656
2024-04-30 00:00:00,63842.4,64700.0,63050.0,63123.8,76238.804
2024-04-30 08:00:00,63123.7,63220.4,60517.6,60764.9,179490.18
2024-04-30 16:00:00,60764.9,61063.2,59150.0,60651.2,153018.719
2024-05-01 00:00:00,60651.2,60816.7,57030.0,57482.0,153425.367
2024-05-01 08:00:00,57482.0,58257.8,56537.7,56865.2,191990.649
2024-05-01 16:00:00,56865.3,59438.2,56600.0,58307.6,218692.384
2024-05-02 00:00:00,58307.7,58571.1,56951.6,57645.0,73285.608
2024-05-02 08:00:00,57645.0,59441.6,57542.4,59230.7,151459.776
2024-05-02 16:00:00,59230.8,59637.3,58594.4,59036.7,74483.918
2024-05-03 00:00:00,59036.7,59976.9,58781.3,59158.1,60517.033
2024-05-03 08:00:00,59158.1,62239.6,58818.2,61662.1,187228.15
2024-05-03 16:00:00,61662.2,63333.0,61497.6,62853.7,105861.276
2024-05-04 00:00:00,62853.7,63555.5,62520.0,62931.3,65182.539
2024-05-04 08:00:00,62931.4,64547.9,62888.0,63590.0,98297.155
2024-05-04 16:00:00,63590.1,64198.9,63278.1,63864.2,41725.505
2024-05-05 00:00:00,63864.3,64170.6,62833.0,63697.1,62200.418
2024-05-05 08:00:00,63697.1,64644.3,63505.7,64398.0,72706.132
2024-05-05 16:00:00,64398.1,64531.9,63520.3,63988.0,50589.103
2024-05-06 00:00:00,63987.9,64564.5,63666.0,64509.6,51798.015
2024-05-06 08:00:00,64509.5,65500.0,62900.0,63599.8,182551.583
2024-05-06 16:00:00,63599.9,63731.3,62655.3,63142.8,70760.469
2024-05-07 00:00:00,63142.7,63950.0,62805.6,63648.9,62056.045
2024-05-07 08:00:00,63648.9,64392.2,63001.0,63710.0,105778.228
2024-05-07 16:00:00,63710.1,63875.0,62203.6,62296.0,71140.373
2024-05-08 00:00:00,62296.0,62994.9,62036.1,62186.7,59817.371
2024-05-08 08:00:00,62186.7,62800.0,61736.7,62251.8,96796.266
2024-05-08 16:00:00,62251.9,62743.9,60843.6,61157.9,85037.942
2024-05-09 00:00:00,61157.9,61779.0,61087.0,61222.5,43497.524
2024-05-09 08:00:00,61222.5,62262.1,60550.0,62122.5,109403.853
2024-05-09 16:00:00,62122.5,63447.2,61707.8,63050.1,89549.925
2024-05-10 00:00:00,63050.0,63365.5,62633.2,63053.9,49158.29
2024-05-10 08:00:00,63053.8,63446.5,60645.3,60893.8,151627.623
2024-05-10 16:00:00,60893.7,61262.7,60117.4,60778.1,106429.047
2024-05-11 00:00:00,60778.0,61079.4,60617.0,60988.9,36156.259
2024-05-11 08:00:00,60989.0,61491.4,60432.6,61146.1,48682.728
2024-05-11 16:00:00,61146.1,61390.0,60720.3,60809.2,28455.8
2024-05-12 00:00:00,60809.2,61097.0,60557.3,60803.8,22637.96
2024-05-12 08:00:00,60803.8,61598.8,60757.7,61395.9,37447.079
2024-05-12 16:00:00,61395.9,61849.4,60870.0,61455.8,43958.858
2024-05-13 00:00:00,61455.7,62426.0,60750.0,62296.6,87741.547
2024-05-13 08:00:00,62296.5,63289.3,62296.5,62980.5,116898.07
2024-05-13 16:00:00,62981.2,63440.0,62540.2,62912.1,57287.456
2024-05-14 00:00:00,62912.2,63099.6,61373.2,62002.1,83355.476
2024-05-14 08:00:00,62002.0,62295.9,60950.0,61749.9,113697.68
2024-05-14 16:00:00,61750.0,61793.0,61116.6,61550.5,47292.118
2024-05-15 00:00:00,61550.5,62245.1,61316.1,62157.4,38946.562
2024-05-15 08:00:00,62157.5,65055.0,61886.8,64685.5,209926.961
2024-05-15 16:00:00,64685.4,66440.0,64681.5,66175.4,116158.157
2024-05-16 00:00:00,66175.4,66644.0,65633.0,66100.0,54575.01
2024-05-16 08:00:00,66100.0,66800.0,65339.0,65800.1,107011.004
2024-05-16 16:00:00,65800.0,65809.6,64567.0,65217.7,80869.31
2024-05-17 00:00:00,65217.7,66478.5,65061.2,66350.6,69464.175
2024-05-17 08:00:00,66350.5,67400.6,65773.8,67170.0,103231.346
2024-05-17 16:00:00,67169.9,67277.8,66158.4,66980.0,54368.398
2024-05-18 00:00:00,66980.0,67233.6,66696.1,66854.1,30831.232
2024-05-18 08:00:00,66854.1,67340.5,66503.2,66781.4,47396.603
2024-05-18 16:00:00,66781.3,67035.1,66682.6,66884.9,18703.713
2024-05-19 00:00:00,66884.9,67313.8,66810.0,67295.0,26121.812
2024-05-19 08:00:00,67295.1,67750.0,66619.4,66863.0,71200.411
2024-05-19 16:00:00,66863.0,66964.7,65835.8,66239.4,50848.127
2024-05-20 00:00:00,66239.4,67270.0,66010.0,66788.9,63663.556
2024-05-20 08:00:00,66788.9,67499.9,66716.3,67382.1,69371.543
2024-05-20 16:00:00,67382.1,71674.6,67344.9,71466.5,232992.979
2024-05-21 00:00:00,71466.5,72132.8,70740.8,70926.4,89082.704
2024-05-21 08:00:00,70926.3,71498.6,69722.0,69874.9,105260.611
2024-05-21 16:00:00,69874.8,70393.2,69165.6,70168.8,69331.012
2024-05-22 00:00:00,70168.7,70423.2,69242.0,69759.6,49555.141
2024-05-22 08:00:00,69759.6,70642.8,69466.7,70485.7,74599.644
2024-05-22 16:00:00,70485.7,70715.4,68736.8,69219.1,70005.709
2024-05-23 00:00:00,69219.2,69900.0,69219.1,69770.6,32644.337
2024-05-23 08:00:00,69770.6,70133.3,67612.8,68103.0,138658.61
2024-05-23 16:00:00,68102.9,68388.0,66156.6,67999.9,128790.675
2024-05-24 00:00:00,67999.9,68042.9,66850.0,67191.2,54953.708
2024-05-24 08:00:00,67191.2,68445.0,66639.0,68340.2,73916.189
2024-05-24 16:00:00,68340.3,69273.5,67950.0,68584.1,57811.185
2024-05-25 00:00:00,68584.0,68935.7,68523.7,68775.0,21147.338
2024-05-25 08:00:00,68775.1,69622.8,68767.0,68949.1,46774.875
2024-05-25 16:00:00,68949.0,69394.6,68870.6,69314.4,17191.392
2024-05-26 00:00:00,69314.5,69468.9,68830.0,69359.2,20057.884
2024-05-26 08:00:00,69359.2,69590.3,68678.5,68864.6,37851.38
2024-05-26 16:00:00,68864.7,68987.9,68155.0,68524.3,26160.56
2024-05-27 00:00:00,68524.4,69331.6,68327.3,68661.1,38370.184
2024-05-27 08:00:00,68661.0,70584.9,68268.7,70421.5,74574.403
2024-05-27 16:00:00,70421.4,70750.0,69100.0,69461.6,57346.769
2024-05-28 00:00:00,69461.5,69628.0,67500.0,67712.0,84367.273
2024-05-28 08:00:00,67712.1,68921.6,67550.0,68399.7,87273.493
2024-05-28 16:00:00,68399.8,68710.0,67273.0,68440.5,56197.674
2024-05-29 00:00:00,68440.4,68983.0,67975.5,67993.6,40300.837
2024-05-29 08:00:00,67993.7,68330.6,67321.7,67421.0,76835.101
2024-05-29 16:00:00,67421.0,67882.2,67129.0,67686.7,41100.661
2024-05-30 00:00:00,67686.8,68479.0,67501.7,67627.8,48043.05
2024-05-30 08:00:00,67627.9,68869.9,67167.0,68566.4,81253.828
2024-05-30 16:00:00,68566.4,69568.9,68068.8,68402.5,65277.021
2024-05-31 00:00:00,68402.6,68782.0,68124.0,68226.1,31101.618
2024-05-31 08:00:00,68226.2,69080.0,67234.0,67252.7,98194.79
2024-05-31 16:00:00,67252.6,68059.4,66700.5,67577.9,66455.344
2024-06-01 00:00:00,67577.9,67857.5,67480.0,67677.9,19362.613
2024-06-01 08:00:00,67677.8,67936.0,67649.8,67728.2,16418.21
2024-06-01 16:00:00,67728.2,67921.3,67590.0,67799.2,15162.235
2024-06-02 00:00:00,67799.2,67951.7,67661.9,67743.0,12186.676
2024-06-02 08:00:00,67743.0,68545.9,67410.0,68189.8,53395.339
2024-06-02 16:00:00,68189.8,68252.0,67296.3,67805.9,36612.703
2024-06-03 00:00:00,67805.9,69255.0,67642.6,68949.9,67380.032
2024-06-03 08:00:00,68950.0,70372.9,68554.7,69650.0,113691.945
2024-06-03 16:00:00,69650.0,69752.0,68764.0,68851.4,46604.953
2024-06-04 00:00:00,68851.3,69408.2,68659.0,69054.7,35344.181
2024-06-04 08:00:00,69054.6,70560.3,68595.5,70492.0,102130.697
2024-06-04 16:00:00,70492.1,71146.4,70117.8,70580.0,78625.138
2024-06-05 00:00:00,70580.0,71430.0,70462.8,71244.1,61456.598
2024-06-05 08:00:00,71244.0,71792.0,70423.6,71625.1,86333.418
2024-06-05 16:00:00,71625.2,71824.4,70711.3,71133.3,56202.018
2024-06-06 00:00:00,71133.3,71280.0,70850.0,71077.3,27953.54
2024-06-06 08:00:00,71077.2,71714.8,70912.9,71334.3,65339.413
2024-06-06 16:00:00,71334.3,71421.6,70101.9,70830.0,65190.611
2024-06-07 00:00:00,70830.0,71476.0,70700.0,71147.9,38964.213
2024-06-07 08:00:00,71147.9,72144.0,70668.0,71150.0,122944.355
2024-06-07 16:00:00,71150.1,71254.7,68405.0,69377.0,137503.802
2024-06-08 00:00:00,69377.0,69612.5,69257.9,69612.5,23097.059
2024-06-08 08:00:00,69612.5,69613.6,69192.3,69462.1,27103.27
2024-06-08 16:00:00,69462.0,69533.0,69325.0,69346.5,15539.528
2024-06-09 00:00:00,69346.6,69461.9,69160.0,69331.9,15651.704
2024-06-09 08:00:00,69331.9,69821.1,69284.8,69530.1,32912.542
2024-06-09 16:00:00,69530.1,69879.0,69517.0,69667.1,19459.854
2024-06-10 00:00:00,69667.1,69833.0,69265.0,69325.3,27897.843
2024-06-10 08:00:00,69325.3,70222.7,69201.2,70090.9,56121.523
2024-06-10 16:00:00,70090.9,70166.1,69360.4,69558.7,43362.238
2024-06-11 00:00:00,69558.8,69600.0,67300.0,67582.0,117369.567
2024-06-11 08:00:00,67582.1,67690.8,66000.0,66266.0,130016.749
2024-06-11 16:00:00,66266.0,67605.0,66177.9,67320.7,64598.626
2024-06-12 00:00:00,67320.6,67624.2,66920.0,67449.4,37330.099
2024-06-12 08:00:00,67449.5,70028.0,67346.6,69738.0,137113.746
2024-06-12 16:00:00,69738.0,69864.2,67215.2,68270.3,155474.615
2024-06-13 00:00:00,68270.3,68400.0,66957.0,67724.9,59249.711
2024-06-13 08:00:00,67724.9,68607.7,66337.0,66464.4,136433.506
2024-06-13 16:00:00,66464.3,67080.5,66251.1,66786.9,52672.244
2024-06-14 00:00:00,66786.8,67228.2,66471.3,66906.2,41319.225
2024-06-14 08:00:00,66906.3,67366.5,66334.5,66380.0,73001.987
2024-06-14 16:00:00,66380.0,66648.8,65052.4,66039.7,125090.019
2024-06-15 00:00:00,66039.7,66421.5,65979.6,66082.6,26523.703
2024-06-15 08:00:00,66082.5,66482.6,66054.2,66311.9,23961.8
2024-06-15 16:00:00,66311.8,66360.8,65801.0,66213.7,21938.252
2024-06-16 00:00:00,66213.7,66350.0,66012.1,66249.4,16336.314
2024-06-16 08:00:00,66249.3,66780.0,66169.4,66690.4,37735.971
2024-06-16 16:00:00,66690.4,66960.3,66432.9,66653.6,26289.266
2024-06-17 00:00:00,66653.5,66915.4,65907.5,66147.3,52005.033
2024-06-17 08:00:00,66147.3,66295.8,65094.9,65341.9,89455.341
2024-06-17 16:00:00,65341.8,67280.6,65130.0,66472.1,106960.413
2024-06-18 00:00:00,66472.1,66558.9,64565.0,65646.4,120547.864
2024-06-18 08:00:00,65646.3,65724.6,64212.0,64676.8,133275.199
2024-06-18 16:00:00,64676.7,65281.6,64009.8,65150.0,81736.331
2024-06-19 00:00:00,65149.9,65711.9,64777.1,65295.0,63749.524
2024-06-19 08:00:00,65294.9,65519.6,64708.2,64895.0,55994.767
2024-06-19 16:00:00,64895.0,65269.5,64600.0,64933.6,30288.378
2024-06-20 00:00:00,64933.6,65977.0,64804.7,65831.4,54582.977
2024-06-20 08:00:00,65831.3,66467.0,64625.2,64794.4,119928.95
2024-06-20 16:00:00,64794.3,65198.5,64526.0,64854.0,46442.749
2024-06-21 00:00:00,64854.0,65055.5,64167.1,64179.4,46081.461
2024-06-21 08:00:00,64179.5,64350.0,63361.2,63716.9,117510.851
2024-06-21 16:00:00,63717.0,64448.9,63444.6,64124.0,46517.289
2024-06-22 00:00:00,64124.1,64520.0,63915.8,64490.1,23841.179
2024-06-22 08:00:00,64490.0,64512.0,64184.8,64283.4,20872.444
2024-06-22 16:00:00,64283.3,64340.6,64200.2,64240.0,9142.239
2024-06-23 00:00:00,64240.1,64500.0,64240.0,64390.0,13840.527
2024-06-23 08:00:00,64390.0,64414.0,64034.2,64071.8,19561.533
2024-06-23 16:00:00,64071.8,64166.4,63137.9,63194.9,38650.233
2024-06-24 00:00:00,63194.9,63357.0,62125.4,62433.6,92493.641
2024-06-24 08:00:00,62433.6,62955.3,60500.0,60823.2,163408.661
2024-06-24 16:00:00,60823.3,61018.6,58218.0,60273.6,190000.882
2024-06-25 00:00:00,60273.5,61566.0,60230.5,60660.8,75155.124
2024-06-25 08:00:00,60660.9,62145.5,60641.2,61776.0,111378.984
2024-06-25 16:00:00,61775.9,62448.1,61100.0,61777.8,78113.209
2024-06-26 00:00:00,61777.9,62465.1,61500.6,61705.3,42472.046
2024-06-26 08:00:00,61705.3,61959.4,61140.2,61453.2,65066.053
2024-06-26 16:00:00,61453.3,61532.5,60696.0,60860.1,63063.081
2024-06-27 00:00:00,60860.1,61327.9,60605.0,60786.4,33097.891
2024-06-27 08:00:00,60786.4,62379.7,60730.0,61570.5,92172.397
2024-06-27 16:00:00,61570.6,61997.2,61340.0,61682.0,34902.194
2024-06-28 00:00:00,61682.1,62204.0,61186.4,61317.9,48099.307
2024-06-28 08:00:00,61318.0,61868.1,60721.2,61039.9,90849.22
2024-06-28 16:00:00,61039.9,61106.0,60038.0,60429.8,56559.598
2024-06-29 00:00:00,60429.8,61128.1,60400.1,61049.8,37604.236
2024-06-29 08:00:00,61049.8,61232.0,60895.5,61107.9,28206.32
2024-06-29 16:00:00,61107.8,61130.0,60883.1,60982.4,13869.733
2024-06-30 00:00:00,60982.5,61798.2,60705.0,61533.6,41429.955
2024-06-30 08:00:00,61533.6,61871.8,61325.0,61722.4,43368.66
2024-06-30 16:00:00,61722.5,63058.4,61579.3,62766.0,62979.3
2024-07-01 00:00:00,62766.1,63800.0,62562.0,63265.5,63314.62
2024-07-01 08:00:00,63265.5,63302.7,62502.2,63119.9,66559.208
2024-07-01 16:00:00,63120.0,63849.0,62780.0,62883.6,64064.11
2024-07-02 00:00:00,62883.7,63284.0,62566.0,62617.9,33366.658
2024-07-02 08:00:00,62617.9,63167.4,61840.0,61945.0,90162.716
2024-07-02 16:00:00,61945.0,62362.8,61800.0,62123.6,39571.869
2024-07-03 00:00:00,62123.5,62278.2,60600.0,60859.9,78760.55
2024-07-03 08:00:00,60859.8,60987.3,59515.1,60176.1,147354.467
2024-07-03 16:00:00,60176.1,60653.0,59299.3,60208.0,69188.248
2024-07-04 00:00:00,60208.0,60500.0,57611.0,58214.0,145507.273
2024-07-04 08:00:00,58214.0,58484.5,56750.0,58137.6,208587.148
2024-07-04 16:00:00,58137.5,58800.0,56560.0,57045.9,91561.856
2024-07-05 00:00:00,57045.9,57533.4,53329.5,54389.4,292355.344
2024-07-05 08:00:00,54389.4,56663.5,53870.4,56637.5,185007.983
2024-07-05 16:00:00,56637.5,57000.0,55781.8,56604.9,99830.268
2024-07-06 00:00:00,56604.9,56975.0,56000.0,56571.1,57178.666
2024-07-06 08:00:00,56571.1,57420.0,56412.5,57285.4,56560.645
2024-07-06 16:00:00,57285.4,58472.0,57150.0,58216.0,64840.711
2024-07-07 00:00:00,58216.0,58443.0,57041.7,57344.4,76658.815
2024-07-07 08:00:00,57344.5,57899.9,56555.1,56806.2,65753.826
2024-07-07 16:00:00,56806.2,57372.2,55688.0,55830.9,67949.34
2024-07-08 00:00:00,55831.0,55999.0,54243.1,55828.4,137457.05
2024-07-08 08:00:00,55828.4,58200.0,54890.0,55736.8,255518.144
2024-07-08 16:00:00,55736.8,56955.0,55400.5,56686.4,71131.763
2024-07-09 00:00:00,56686.4,57744.8,56256.2,57102.5,81988.815
2024-07-09 08:00:00,57102.5,58159.6,56862.9,57445.3,116323.487
2024-07-09 16:00:00,57445.3,58290.6,57318.3,58023.2,58924.746
2024-07-10 00:00:00,58023.1,59449.6,57315.9,58948.1,96903.433
2024-07-10 08:00:00,58948.0,59013.9,57416.5,57658.0,107573.678
2024-07-10 16:00:00,57658.1,57995.0,57125.0,57707.0,49771.826
2024-07-11 00:00:00,57707.0,58380.0,57030.0,58168.1,69001.048
2024-07-11 08:00:00,58168.2,59780.0,57242.0,57382.8,171155.065
2024-07-11 16:00:00,57382.8,57969.6,57118.0,57315.5,52950.846
2024-07-12 00:00:00,57315.7,57554.4,56500.1,57071.4,72405.278
2024-07-12 08:00:00,57071.4,58255.4,56740.6,58188.9,90875.322
2024-07-12 16:00:00,58188.9,58500.0,57107.7,57870.0,74820.016
2024-07-13 00:00:00,57870.0,58195.7,57728.6,58140.0,26068.903
2024-07-13 08:00:00,58140.0,58900.0,57882.3,58808.5,65008.127
2024-07-13 16:00:00,58808.5,59850.0,58254.5,59174.0,66807.292
2024-07-14 00:00:00,59173.9,60299.0,59164.0,60031.3,78527.604
2024-07-14 08:00:00,60031.2,60397.2,59438.0,60053.3,65802.31
2024-07-14 16:00:00,60053.3,61412.4,59850.0,60766.0,63730.969
2024-07-15 00:00:00,60766.0,63075.8,60622.6,62816.0,124236.81
2024-07-15 08:00:00,62816.1,63299.8,62266.0,62985.9,100968.826
2024-07-15 16:00:00,62986.0,64870.7,62812.8,64680.6,127016.545
2024-07-16 00:00:00,64680.6,64988.8,62672.4,62881.8,119448.684
2024-07-16 08:00:00,62881.8,64942.0,62350.0,64833.9,152407.792
2024-07-16 16:00:00,64833.9,65388.0,64058.0,65010.0,103402.14
2024-07-17 00:00:00,65010.0,66100.0,64885.3,65226.2,84935.916
2024-07-17 08:00:00,65226.2,65479.5,64489.5,64695.8,112770.866
2024-07-17 16:00:00,64696.0,64745.6,63823.0,64055.7,78949.611
2024-07-18 00:00:00,64055.8,65173.8,63871.2,64644.8,57521.063
2024-07-18 08:00:00,64644.8,65098.9,63359.1,63500.1,99997.267
2024-07-18 16:00:00,63500.1,64096.3,63206.4,63959.9,58129.827
2024-07-19 00:00:00,63960.0,64469.3,63266.2,63673.9,58960.186
2024-07-19 08:00:00,63673.9,65870.0,63371.4,65791.5,129369.653
2024-07-19 16:00:00,65791.5,67362.8,65784.0,66627.9,123529.966
2024-07-20 00:00:00,66627.9,66797.0,66159.1,66526.3,33681.333
2024-07-20 08:00:00,66526.4,66799.9,66241.4,66797.0,28750.607
2024-07-20 16:00:00,66797.0,67648.7,66632.0,67095.6,61132.466
2024-07-21 00:00:00,67095.6,67400.0,66560.0,66670.0,31496.284
2024-07-21 08:00:00,66669.9,67498.0,66571.3,67130.9,42840.353
2024-07-21 16:00:00,67130.9,68351.2,65750.0,68138.0,132891.735
2024-07-22 00:00:00,68138.0,68459.7,67100.0,67210.3,56164.726
2024-07-22 08:00:00,67210.4,67932.2,66538.6,67044.3,76942.735
2024-07-22 16:00:00,67044.3,68228.6,66784.1,67499.2,59883.93
2024-07-23 00:00:00,67499.2,67729.3,66216.1,66550.0,65894.213
2024-07-23 08:00:00,66549.9,67338.0,65921.7,66552.8,120865.364
2024-07-23 16:00:00,66552.8,66745.1,65416.5,65916.4,83671.103
2024-07-24 00:00:00,65916.3,66135.5,65450.8,66049.0,39756.879
2024-07-24 08:00:00,66049.0,67087.3,65974.9,66155.7,92378.432
2024-07-24 16:00:00,66155.8,66687.9,65040.5,65350.8,82944.11
2024-07-25 00:00:00,65350.7,65606.3,63800.0,64115.1,115363.501
2024-07-25 08:00:00,64115.0,64993.6,63456.7,64773.3,118099.702
2024-07-25 16:00:00,64773.3,66144.0,64357.5,65773.0,86222.238
2024-07-26 00:00:00,65773.0,67470.4,65688.2,66873.8,81703.127
2024-07-26 08:00:00,66873.7,67982.4,66865.7,67528.0,94469.896
2024-07-26 16:00:00,67527.9,68200.0,67277.0,67882.5,59211.503
2024-07-27 00:00:00,67882.5,68278.8,67588.3,68013.6,32896.851
2024-07-27 08:00:00,68013.5,69381.7,67864.8,68822.0,83682.518
2024-07-27 16:00:00,68821.9,69200.0,66624.5,67873.8,214403.278
2024-07-28 00:00:00,67873.7,68246.6,67037.0,67517.7,47402.965
2024-07-28 08:00:00,67517.6,68093.4,67178.9,67624.3,40688.009
2024-07-28 16:00:00,67624.2,68300.0,67588.4,68215.5,28822.961
2024-07-29 00:00:00,68215.5,69872.6,68130.1,69510.6,92897.113
2024-07-29 08:00:00,69510.5,70081.0,67650.0,68067.2,145520.647
2024-07-29 16:00:00,68067.3,68093.1,66365.8,66750.0,134120.058
2024-07-30 00:00:00,66750.1,66966.6,65820.0,66914.0,77741.675
2024-07-30 08:00:00,66914.0,66956.6,65500.0,66198.0,89476.432
2024-07-30 16:00:00,66198.0,66526.1,65254.5,66159.3,79332.937
2024-07-31 00:00:00,66159.3,66540.8,65459.4,66196.4,60864.553
2024-07-31 08:00:00,66196.4,66826.3,65906.7,66354.5,65424.929
2024-07-31 16:00:00,66354.4,66820.0,64500.4,64601.8,120099.964
2024-08-01 00:00:00,64601.8,64824.4,63559.5,64297.4,96340.523
2024-08-01 08:00:00,64297.5,64927.2,62646.7,62892.6,121690.621
2024-08-01 16:00:00,62892.6,65650.0,62271.2,65328.9,154623.446
2024-08-02 00:00:00,65329.0,65577.0,63630.6,64146.0,87780.156
2024-08-02 08:00:00,64146.0,65534.3,62350.0,63393.5,195142.53
2024-08-02 16:00:00,63393.5,63600.0,61200.2,61483.7,138705.734
2024-08-03 00:00:00,61483.7,61956.4,60473.3,61636.0,84951.896
2024-08-03 08:00:00,61636.0,62166.0,60800.0,60857.7,62503.399
2024-08-03 16:00:00,60857.8,61262.5,59800.0,60684.6,143014.661
2024-08-04 00:00:00,60684.5,61089.5,60228.0,60346.0,41288.768
2024-08-04 08:00:00,60344.6,61064.6,58926.1,59070.0,106865.366
2024-08-04 16:00:00,59069.9,59569.2,57040.0,58144.5,191358.281
2024-08-05 00:00:00,58144.5,58286.9,48888.0,52645.6,581530.782
2024-08-05 08:00:00,52645.6,54952.3,49501.0,54289.8,483936.602
2024-08-05 16:00:00,54289.7,55523.0,52520.4,54003.1,216514.641
2024-08-06 00:00:00,54003.5,56254.8,53925.3,55979.1,121466.117
2024-08-06 08:00:00,55979.0,56599.0,54288.0,56370.0,196414.931
2024-08-06 16:00:00,56370.0,56999.9,55792.0,55991.2,118072.391
2024-08-07 00:00:00,55991.3,57249.0,55516.3,56898.7,102046.755
2024-08-07 08:00:00,56898.8,57699.0,55620.5,56067.5,150653.73
2024-08-07 16:00:00,56067.4,56279.8,54519.8,55102.9,124742.055
2024-08-08 00:00:00,55102.9,57688.8,54672.4,57166.4,112383.702
2024-08-08 08:00:00,57166.4,59493.0,56645.0,59391.3,192215.601
2024-08-08 16:00:00,59391.9,62737.2,59213.6,61659.8,165518.205
2024-08-09 00:00:00,61659.8,61726.0,60555.0,60844.0,78241.221
2024-08-09 08:00:00,60844.1,61184.9,59500.0,59786.4,140094.226
2024-08-09 16:00:00,59786.4,60961.5,59705.9,60808.6,90338.892
2024-08-10 00:00:00,60808.6,61450.0,60208.5,60809.5,46014.71
2024-08-10 08:00:00,60809.6,61082.0,60375.0,60480.5,38287.305
2024-08-10 16:00:00,60480.5,61200.0,60360.0,60889.9,31291.339
2024-08-11 00:00:00,60889.8,61350.0,60838.5,61224.9,30472.27
2024-08-11 08:00:00,61225.0,62000.0,59911.0,60100.0,82033.034
2024-08-11 16:00:00,60099.9,60330.6,58255.4,58693.1,90033.772
2024-08-12 00:00:00,58693.1,59055.0,57615.0,58640.1,74798.452
2024-08-12 08:00:00,58640.1,60666.0,57774.0,60171.2,205646.151
2024-08-12 16:00:00,60171.3,60390.8,58403.9,59323.6,86681.687
2024-08-13 00:00:00,59323.7,59895.0,58803.0,59209.0,52552.06
2024-08-13 08:00:00,59209.1,59748.8,58360.0,59438.4,85536.318
2024-08-13 16:00:00,59438.4,61545.0,59402.6,60550.5,117846.343
2024-08-14 00:00:00,60550.4,61277.0,60390.0,60887.2,39836.145
2024-08-14 08:00:00,60887.3,61839.7,58773.3,59396.9,186875.511
2024-08-14 16:00:00,59396.9,59436.2,58367.2,58648.1,68951.152
2024-08-15 00:00:00,58648.1,59021.0,57679.6,58031.9,68695.426
2024-08-15 08:00:00,58031.9,59749.2,57937.7,59643.7,112725.154
2024-08-15 16:00:00,59643.3,59820.0,55969.0,57511.0,179395.366
2024-08-16 00:00:00,57511.1,58619.9,57062.1,58423.4,69181.412
2024-08-16 08:00:00,58423.4,58908.5,57500.0,58035.6,115557.242
2024-08-16 16:00:00,58035.1,59780.2,57965.4,58854.9,84017.875
2024-08-17 00:00:00,58854.9,59363.0,58769.4,59222.0,25183.186
2024-08-17 08:00:00,59221.9,59638.8,59026.0,59357.6,31900.566
2024-08-17 16:00:00,59357.7,59690.2,59122.1,59468.5,20001.78
2024-08-18 00:00:00,59468.5,60249.8,59214.0,59545.4,48441.832
2024-08-18 08:00:00,59545.5,60250.0,59401.1,59828.8,52296.113
2024-08-18 16:00:00,59828.8,59916.0,58352.0,58390.0,48922.319
2024-08-19 00:00:00,58390.1,58736.6,58173.2,58475.5,53783.343
2024-08-19 08:00:00,58475.5,58945.4,57750.0,58505.0,97308.427
2024-08-19 16:00:00,58504.5,59585.4,58332.0,59398.5,62951.369
2024-08-20 00:00:00,59398.4,61386.0,59324.2,60899.9,89839.995
2024-08-20 08:00:00,60899.9,60949.7,58663.4,58783.7,132965.476
2024-08-20 16:00:00,58783.7,59689.5,58501.1,58982.9,64243.659
2024-08-21 00:00:00,58982.7,59721.2,58728.9,59689.2,37248.569
2024-08-21 08:00:00,59689.2,60192.3,58801.1,59486.0,120378.132
2024-08-21 16:00:00,59485.9,61793.9,59339.9,61120.0,112956.978
2024-08-22 00:00:00,61120.0,61184.7,59677.6,60946.0,69066.597
2024-08-22 08:00:00,60946.0,61392.0,60060.3,60370.9,100152.725
2024-08-22 16:00:00,60370.9,60673.1,60100.0,60349.9,41879.637
2024-08-23 00:00:00,60349.9,61370.0,60301.5,61045.0,47349.744
2024-08-23 08:00:00,61045.0,62307.6,60651.6,61499.0,153226.77
2024-08-23 16:00:00,61498.6,65000.0,61300.0,64019.9,181914.195
2024-08-24 00:00:00,64020.0,64298.9,63600.0,64269.3,41442.818
2024-08-24 08:00:00,64269.3,64472.5,63828.0,63943.3,42421.84
2024-08-24 16:00:00,63943.4,64414.2,63522.7,64116.5,48877.244
2024-08-25 00:00:00,64116.6,64549.0,63751.0,63835.4,37576.908
2024-08-25 08:00:00,63835.5,64270.0,63731.3,64099.9,29846.327
2024-08-25 16:00:00,64099.9,65175.4,63950.0,64190.2,48123.653
2024-08-26 00:00:00,64190.1,64455.8,63541.9,63603.2,44420.678
2024-08-26 08:00:00,63603.3,64022.2,63032.0,63493.0,88522.823
2024-08-26 16:00:00,63493.0,63859.2,62750.2,62807.6,63033.721
2024-08-27 00:00:00,62807.7,63196.0,62618.0,62882.0,50107.175
2024-08-27 08:00:00,62881.9,62987.1,61426.1,61673.3,115834.401
2024-08-27 16:00:00,61673.4,62165.0,57928.2,59384.5,173328.229
2024-08-28 00:00:00,59384.4,59640.0,58475.2,58579.0,68312.075
2024-08-28 08:00:00,58579.0,60197.8,58400.0,58963.4,125640.172
2024-08-28 16:00:00,58963.4,59794.7,57820.0,59010.0,119836.32
2024-08-29 00:00:00,59010.0,59734.1,58834.0,59548.9,36408.946
2024-08-29 08:00:00,59548.9,61144.9,59340.0,60750.9,96453.15
2024-08-29 16:00:00,60750.9,60930.0,58655.0,59323.2,101034.589
2024-08-30 00:00:00,59323.3,59558.0,58650.0,59235.9,54565.146
2024-08-30 08:00:00,59236.0,59914.9,57901.2,58073.1,129373.91
2024-08-30 16:00:00,58073.7,59345.8,57525.0,59096.3,84337.413
2024-08-31 00:00:00,59096.4,59436.0,59028.0,59060.8,20517.776
2024-08-31 08:00:00,59060.8,59215.8,58795.4,58983.7,26743.759
2024-08-31 16:00:00,58983.8,59108.3,58700.0,58941.9,21605.139
2024-09-01 00:00:00,58941.9,59052.7,57728.6,58444.1,58064.524
2024-09-01 08:00:00,58444.1,58469.9,57123.0,58184.1,88628.584
2024-09-01 16:00:00,58184.1,58787.2,57161.1,57268.1,76216.806
2024-09-02 00:00:00,57268.1,57966.9,57093.0,57523.2,62906.492
2024-09-02 08:00:00,57523.3,58783.0,57487.7,58508.0,86624.924
2024-09-02 16:00:00,58508.0,59412.3,58267.4,59112.1,51686.968
2024-09-03 00:00:00,59112.2,59790.0,58838.1,59078.0,55182.116
2024-09-03 08:00:00,59078.0,59332.9,57530.1,57695.1,109113.466
2024-09-03 16:00:00,57695.1,58250.0,57320.0,57451.9,65900.915
2024-09-04 00:00:00,57452.0,57920.0,55555.0,56717.0,132720.75
2024-09-04 08:00:00,56717.1,58137.7,56154.0,58096.2,122967.64
2024-09-04 16:00:00,58096.0,58500.0,57615.9,57944.8,71294.921
2024-09-05 00:00:00,57944.8,58318.9,56500.8,57127.0,79990.646
2024-09-05 08:00:00,57126.9,57300.0,55779.1,55947.0,143672.766
2024-09-05 16:00:00,55947.0,56688.9,55600.0,56145.7,71040.18
2024-09-06 00:00:00,56145.7,56836.7,55250.0,55766.3,79914.526
2024-09-06 08:00:00,55766.3,57000.0,53780.9,54022.1,236942.762
2024-09-06 16:00:00,54022.1,54414.0,52510.8,53927.7,162205.825
2024-09-07 00:00:00,53927.7,54369.7,53725.0,54258.1,42996.129
2024-09-07 08:00:00,54258.0,54800.0,54143.5,54746.6,40085.137
2024-09-07 16:00:00,54746.7,54820.2,53778.1,54134.9,44605.328
2024-09-08 00:00:00,54134.9,54544.8,53937.0,54411.5,30368.027
2024-09-08 08:00:00,54411.5,54700.0,53610.0,53663.6,57136.66
2024-09-08 16:00:00,53663.4,55300.0,53596.5,54839.6,74573.849
2024-09-09 00:00:00,54839.6,55351.4,54557.0,54939.1,60000.933
2024-09-09 08:00:00,54939.0,55774.9,54755.0,55360.3,113099.285
2024-09-09 16:00:00,55360.3,58153.2,55319.4,57010.0,139994.143
2024-09-10 00:00:00,57010.1,57266.6,56361.0,57183.2,53931.477
2024-09-10 08:00:00,57183.2,57439.0,56485.0,56561.0,94853.973
2024-09-10 16:00:00,56553.9,58033.2,56525.0,57609.1,79532.226
2024-09-11 00:00:00,57609.2,57729.0,56050.0,56675.1,87639.498
2024-09-11 08:00:00,56675.1,57138.0,55515.2,56676.1,161868.988
2024-09-11 16:00:00,56676.0,57954.4,56618.0,57306.0,88722.959
2024-09-12 00:00:00,57305.6,58465.4,57283.1,58101.8,74190.871
2024-09-12 08:00:00,58101.7,58606.6,57310.0,57472.1,118239.753
2024-09-12 16:00:00,57472.2,58425.7,57454.4,58097.0,69019.064
2024-09-13 00:00:00,58097.1,58226.8,57708.0,58079.8,32762.837
2024-09-13 08:00:00,58079.7,59706.1,57594.0,59623.5,140714.975
2024-09-13 16:00:00,59623.6,60597.0,59278.9,60456.2,103951.68
2024-09-14 00:00:00,60456.2,60572.9,59866.0,60110.4,32878.379
2024-09-14 08:00:00,60110.3,60130.0,59577.7,59840.1,37374.312
2024-09-14 16:00:00,59840.1,60135.8,59360.1,59964.0,32327.886
2024-09-15 00:00:00,59963.9,60247.9,59950.0,60166.8,18168.982
2024-09-15 08:00:00,60166.7,60369.4,59823.0,60304.6,37107.409
2024-09-15 16:00:00,60304.6,60323.1,58654.0,59100.5,75247.815
2024-09-16 00:00:00,59100.5,59182.2,58079.7,58874.6,80547.431
2024-09-16 08:00:00,58874.6,59159.1,57550.0,57860.7,99849.909
2024-09-16 16:00:00,57860.7,58397.9,57446.3,58187.0,70302.092
2024-09-17 00:00:00,58187.0,58762.0,57588.8,58668.1,50473.832
2024-09-17 08:00:00,58668.1,61345.0,58600.0,61103.0,175672.911
2024-09-17 16:00:00,61111.0,61240.6,59600.0,60281.0,92295.323
2024-09-18 00:00:00,60281.0,60747.7,59838.0,60403.7,45766.267
2024-09-18 08:00:00,60403.6,60403.7,59261.9,59400.1,98880.928
2024-09-18 16:00:00,59400.1,61765.0,59138.0,61735.3,211082.117
2024-09-19 00:00:00,61735.3,62555.0,61534.0,62071.0,94347.148
2024-09-19 08:00:00,62071.0,63483.8,61851.3,63129.0,125791.593
2024-09-19 16:00:00,63129.0,63830.1,62623.4,62926.9,82243.671
2024-09-20 00:00:00,62926.9,64126.7,62579.2,63494.4,84974.385
2024-09-20 08:00:00,63494.5,63673.8,62535.0,63120.2,114465.652
2024-09-20 16:00:00,63120.2,63280.0,62320.0,63175.7,57732.798
2024-09-21 00:00:00,63175.8,63282.0,62714.2,63060.0,30280.061
2024-09-21 08:00:00,63060.1,63286.9,62936.8,63146.6,22665.692
2024-09-21 16:00:00,63146.6,63546.9,63025.0,63320.6,25302.609
2024-09-22 00:00:00,63320.6,63423.7,62801.2,62909.3,30322.681
2024-09-22 08:00:00,62909.2,63010.5,62435.0,62624.2,41625.902
2024-09-22 16:00:00,62624.1,64000.0,62339.0,63558.4,77181.301
2024-09-23 00:00:00,63558.5,64724.8,62534.4,63519.9,109766.803
2024-09-23 08:00:00,63519.9,63778.7,63033.9,63589.6,78101.697
2024-09-23 16:00:00,63589.6,63790.0,63050.0,63302.0,46475.064
2024-09-24 00:00:00,63302.1,63542.9,62688.2,63527.8,53745.572
2024-09-24 08:00:00,63527.7,63925.5,62695.0,63128.8,95848.488
2024-09-24 16:00:00,63128.8,64666.0,63056.0,64243.1,87393.568
2024-09-25 00:00:00,64243.2,64800.0,63612.3,63814.9,55394.866
2024-09-25 08:00:00,63814.9,63971.0,63243.2,63470.1,70505.5
2024-09-25 16:00:00,63470.1,63642.4,62910.0,63118.4,59050.406
2024-09-26 00:00:00,63118.3,63843.1,62634.4,63823.4,59487.906
2024-09-26 08:00:00,63823.4,65549.5,63567.0,65200.0,177494.024
2024-09-26 16:00:00,65200.0,65800.0,64601.6,65139.2,84204.426
2024-09-27 00:00:00,65139.1,65534.6,64788.0,65438.9,51685.249
2024-09-27 08:00:00,65438.8,66450.0,65287.6,65974.0,118193.178
2024-09-27 16:00:00,65974.1,66329.0,65477.7,65749.6,56525.594
2024-09-28 00:00:00,65749.5,66237.0,65692.3,65790.0,27858.102
2024-09-28 08:00:00,65790.0,65796.8,65368.1,65593.7,40360.982
2024-09-28 16:00:00,65593.6,65980.0,65380.0,65822.6,24554.469
2024-09-29 00:00:00,65822.7,65954.5,65400.0,65436.9,24725.335
2024-09-29 08:00:00,65436.9,65832.9,65401.0,65720.0,29577.747
2024-09-29 16:00:00,65720.0,66059.3,65491.4,65568.1,33828.717
2024-09-30 00:00:00,65568.2,65588.8,64150.0,64539.1,94863.548
2024-09-30 08:00:00,64539.0,64552.9,63222.0,63535.6,125334.789
2024-09-30 16:00:00,63535.7,63845.0,62825.0,63309.1,76650.036
2024-10-01 00:00:00,63309.0,64092.6,63000.0,64017.0,53668.727
2024-10-01 08:00:00,64016.9,64075.5,61801.6,62613.8,168218.638
2024-10-01 16:00:00,62613.8,62760.0,60128.2,60776.8,207930.47
2024-10-02 00:00:00,60776.7,61926.7,60703.3,61702.5,64609.737
2024-10-02 08:00:00,61702.5,61902.6,60495.0,61833.9,133908.164
2024-10-02 16:00:00,61833.9,62355.0,59934.9,60622.6,128483.904
2024-10-03 00:00:00,60622.7,61452.6,60508.7,60898.6,56800.804
2024-10-03 08:00:00,60898.5,61047.3,59815.0,60606.5,154955.938
2024-10-03 16:00:00,60606.4,61073.7,59888.0,60727.2,74380.47
2024-10-04 00:00:00,60727.1,61476.1,60434.1,61403.9,50501.733
2024-10-04 08:00:00,61403.9,61985.0,60700.5,61843.1,121826.341
2024-10-04 16:00:00,61843.2,62457.1,61611.0,62054.4,62467.762
2024-10-05 00:00:00,62054.3,62242.4,61648.0,62043.0,27986.893
2024-10-05 08:00:00,62043.0,62344.0,62043.0,62131.4,19880.737
2024-10-05 16:00:00,62131.5,62159.4,61671.9,62023.1,26463.151
2024-10-06 00:00:00,62023.1,62132.4,61778.9,61919.8,15449.762
2024-10-06 08:00:00,61919.8,62750.0,61890.0,62690.4,40959.544
2024-10-06 16:00:00,62690.4,62961.5,62265.0,62789.3,40004.147
2024-10-07 00:00:00,62789.2,63950.0,62620.1,63509.9,72467.634
2024-10-07 08:00:00,63509.9,64448.2,62621.9,63620.0,138264.053
2024-10-07 16:00:00,63620.1,63885.0,62091.8,62190.7,88217.688
2024-10-08 00:00:00,62190.6,62794.0,61941.0,62291.4,64104.147
2024-10-08 08:00:00,62291.4,63178.7,61836.0,62259.9,105150.693
2024-10-08 16:00:00,62259.9,62571.8,61843.6,62131.7,57021.519
2024-10-09 00:00:00,62131.8,62520.9,61962.8,62243.0,33985.833
2024-10-09 08:00:00,62243.0,62386.0,61600.1,62285.4,81097.637
2024-10-09 16:00:00,62285.4,62320.0,60251.9,60606.4,102218.703
2024-10-10 00:00:00,60606.3,61128.1,60309.0,60871.0,41327.514
2024-10-10 08:00:00,60871.1,61297.0,60414.0,60769.9,94744.799
2024-10-10 16:00:00,60770.0,61020.0,58900.0,60293.2,126875.34
2024-10-11 00:00:00,60293.3,60893.4,60057.8,60643.3,45756.604
2024-10-11 08:00:00,60643.2,62432.6,60618.4,62218.0,116808.784
2024-10-11 16:00:00,62218.0,63400.0,62080.1,62509.0,101125.754
2024-10-12 00:00:00,62509.0,63055.9,62458.0,62734.1,33340.03
2024-10-12 08:00:00,62734.0,63462.6,62645.5,63124.8,44365.248
2024-10-12 16:00:00,63124.9,63366.8,62862.0,63176.0,25079.128
2024-10-13 00:00:00,63176.0,63260.0,62615.4,62819.0,31792.895
2024-10-13 08:00:00,62819.0,62938.1,62020.0,62195.3,45925.138
2024-10-13 16:00:00,62195.2,63118.3,62141.1,62839.8,51978.123
2024-10-14 00:00:00,62839.7,64676.7,62420.0,64599.6,112904.5
2024-10-14 08:00:00,64599.5,66288.0,64306.9,65850.9,150558.79
2024-10-14 16:00:00,65850.9,66533.0,65520.0,66064.9,74788.311
2024-10-15 00:00:00,66064.9,66312.4,65200.1,65638.4,58538.25
2024-10-15 08:00:00,65638.4,67953.7,64771.7,65994.6,244845.494
2024-10-15 16:00:00,65994.7,67372.9,65952.6,67044.1,118621.767
2024-10-16 00:00:00,67044.0,67548.6,66724.2,66948.8,55388.62
2024-10-16 08:00:00,66948.8,68400.0,66888.0,67726.0,152841.464
2024-10-16 16:00:00,67725.9,68087.9,67447.1,67592.0,45923.417
2024-10-17 00:00:00,67592.0,67925.9,67054.2,67280.8,50939.229
2024-10-17 08:00:00,67280.8,67673.9,66600.0,67561.9,109964.505
2024-10-17 16:00:00,67561.9,67570.0,66682.3,67401.5,59369.103
2024-10-18 00:00:00,67401.5,68371.0,67165.0,67955.0,78838.435
2024-10-18 08:00:00,67955.1,68870.7,67629.0,68710.0,102756.233
2024-10-18 16:00:00,68710.0,69000.0,68173.4,68407.8,63707.093
2024-10-19 00:00:00,68407.8,68684.9,68270.8,68328.9,23576.142
2024-10-19 08:00:00,68328.9,68456.0,68042.5,68206.9,25909.353
2024-10-19 16:00:00,68206.9,68401.6,68000.0,68357.1,19146.613
2024-10-20 00:00:00,68357.1,68435.6,68069.8,68347.0,19902.469
2024-10-20 08:00:00,68347.0,68749.0,68176.7,68605.0,33710.353
2024-10-20 16:00:00,68605.0,69425.8,68384.3,69020.1,52326.67
2024-10-21 00:00:00,69020.2,69566.0,68468.0,68519.3,63507.66
2024-10-21 08:00:00,68519.3,68675.0,66865.9,67354.3,125172.864
2024-10-21 16:00:00,67354.2,67949.0,66920.0,67368.8,64756.809
2024-10-22 00:00:00,67368.7,67784.9,66536.5,67387.3,59893.464
2024-10-22 08:00:00,67387.2,67718.0,66613.0,67266.8,111160.786
2024-10-22 16:00:00,67266.8,67825.0,66902.1,67406.4,47464.727
2024-10-23 00:00:00,67406.5,67449.0,66779.5,66838.0,36875.892
2024-10-23 08:00:00,66838.0,67046.8,65900.0,66201.6,109403.591
2024-10-23 16:00:00,66201.7,66806.2,65222.3,66647.2,101935.575
2024-10-24 00:00:00,66647.3,67615.3,66482.0,67104.4,55037.116
2024-10-24 08:00:00,67104.5,68000.0,66700.0,67672.7,86540.533
2024-10-24 16:00:00,67672.7,68842.5,67329.2,68173.8,70763.073
2024-10-25 00:00:00,68173.8,68256.5,67222.4,67503.6,51996.455
2024-10-25 08:00:00,67503.6,68748.0,67289.5,67660.6,98712.68
2024-10-25 16:00:00,67660.6,67895.5,65557.2,66662.8,197802.736
2024-10-26 00:00:00,66662.7,67211.2,66414.1,66982.0,42034.054
2024-10-26 08:00:00,66982.0,67250.0,66708.0,66864.2,30576.591
2024-10-26 16:00:00,66864.3,67450.0,66760.5,67071.8,21559.347
2024-10-27 00:00:00,67071.9,67297.2,66909.4,67174.7,14690.921
2024-10-27 08:00:00,67174.7,67835.1,67011.1,67759.9,33765.659
2024-10-27 16:00:00,67759.9,68306.1,67513.0,67992.6,40012.228
2024-10-28 00:00:00,67992.7,68666.0,67584.2,68395.2,48457.626
2024-10-28 08:00:00,68395.3,69272.1,68207.4,68459.1,105090.136
2024-10-28 16:00:00,68459.1,70331.0,68424.0,69940.0,102580.86
2024-10-29 00:00:00,69939.9,71607.0,69733.0,71004.2,98044.503
2024-10-29 08:00:00,71004.1,72490.0,70900.0,72374.9,128882.788
2024-10-29 16:00:00,72374.9,73660.0,71871.1,72739.5,155574.769
2024-10-30 00:00:00,72739.5,72797.4,72018.0,72244.8,46344.69
2024-10-30 08:00:00,72244.8,72620.0,71444.2,72058.8,98097.36
2024-10-30 16:00:00,72058.8,72984.9,71631.6,72349.0,82666.758
2024-10-31 00:00:00,72349.0,72598.5,72030.5,72417.8,32387.82
2024-10-31 08:00:00,72417.8,72720.3,70453.1,70638.7,134490.56
2024-10-31 16:00:00,70638.6,70922.4,69705.0,70321.9,89606.948
2024-11-01 00:00:00,70321.9,70500.0,68870.4,69301.0,83722.665
2024-11-01 08:00:00,69301.0,71650.0,69036.0,69381.0,165914.121
2024-11-01 16:00:00,69381.1,70543.3,68822.5,69495.5,102954.302
2024-11-02 00:00:00,69495.4,69913.1,69450.0,69813.1,22876.612
2024-11-02 08:00:00,69813.0,69846.2,69022.8,69394.0,35621.071
2024-11-02 16:00:00,69393.9,69610.9,69150.1,69366.6,20816.422
2024-11-03 00:00:00,69366.6,69393.7,67846.0,68395.6,73963.278
2024-11-03 08:00:00,68395.5,68605.5,67446.6,68076.0,75414.372
2024-11-03 16:00:00,68075.6,69348.0,67660.0,68762.5,77099.726
2024-11-04 00:00:00,68762.5,69495.3,68220.0,68601.0,53111.28
2024-11-04 08:00:00,68601.0,69243.8,68173.3,68614.7,72440.7
2024-11-04 16:00:00,68614.8,68808.6,66810.0,67834.3,119360.186
2024-11-05 00:00:00,67834.4,68967.0,67454.2,68876.0,50816.16
2024-11-05 08:00:00,68875.9,70300.0,68588.2,69615.3,109319.186
2024-11-05 16:00:00,69615.2,70537.4,68650.0,69353.1,112935.524
2024-11-06 00:00:00,69353.1,75656.1,69272.7,73435.9,371097.987
2024-11-06 08:00:00,73435.8,74801.1,72721.5,74289.6,178591.443
2024-11-06 16:00:00,74289.7,76420.0,74134.5,75579.9,127750.856
2024-11-07 00:00:00,75579.9,76072.5,74450.0,74800.0,75529.73
2024-11-07 08:00:00,74800.0,76094.6,74508.0,76081.6,76296.042
2024-11-07 16:00:00,76081.5,76900.0,75471.1,75859.4,128849.261
2024-11-08 00:00:00,75859.4,76350.2,75576.3,76171.0,46662.411
2024-11-08 08:00:00,76171.0,76627.8,75620.1,76423.3,81434.858
2024-11-08 16:00:00,76423.3,77182.9,75820.0,76482.2,102273.055
2024-11-09 00:00:00,76482.2,76800.0,76122.4,76523.9,34063.323
2024-11-09 08:00:00,76523.9,76735.0,76255.0,76305.7,27825.615
2024-11-09 16:00:00,76305.6,76920.0,75683.2,76675.1,55865.096
2024-11-10 00:00:00,76675.1,79882.8,76501.1,78858.2,157128.256
2024-11-10 08:00:00,78858.2,80200.0,78858.1,79735.1,103270.18
2024-11-10 16:00:00,79735.1,81699.8,78549.2,80410.0,157028.463
2024-11-11 00:00:00,80409.9,81944.6,80261.2,81147.9,85491.626
2024-11-11 08:00:00,81147.8,84359.7,81051.6,84114.2,195605.953
2024-11-11 16:00:00,84114.1,89800.0,83897.2,88728.9,333044.083
2024-11-12 00:00:00,88729.0,90070.1,86657.4,89095.4,194995.23
2024-11-12 08:00:00,89095.5,89590.2,85159.9,86659.9,283696.88
2024-11-12 16:00:00,86660.0,89920.0,85792.5,87972.0,160789.474
2024-11-13 00:00:00,87972.0,88619.0,86180.0,87402.9,103179.264
2024-11-13 08:00:00,87402.9,92808.0,87132.4,92608.1,211580.482
2024-11-13 16:00:00,92608.0,93421.1,88005.1,90413.3,240528.551
2024-11-14 00:00:00,90413.3,90900.0,89095.5,90818.9,73318.851
2024-11-14 08:00:00,90818.9,91846.1,87855.0,88000.0,164553.827
2024-11-14 16:00:00,87999.9,89763.9,86714.0,87382.7,126749.002
2024-11-15 00:00:00,87382.6,88544.5,87111.0,87693.9,63690.957
2024-11-15 08:00:00,87693.9,90780.0,87418.4,88485.4,145627.523
2024-11-15 16:00:00,88485.5,91921.5,88428.9,91074.6,105113.428
2024-11-16 00:00:00,91074.6,91849.8,90900.0,91173.3,37625.976
2024-11-16 08:00:00,91173.3,91650.1,90120.0,90578.0,54367.909
2024-11-16 16:00:00,90577.9,91443.5,90250.0,90643.3,37029.562
2024-11-17 00:00:00,90643.2,90954.9,89400.1,90600.0,50012.429
2024-11-17 08:00:00,90600.0,91539.6,89935.7,90305.1,57915.188
2024-11-17 16:00:00,90305.2,90701.0,88736.1,89899.9,59577.175
2024-11-18 00:00:00,89900.0,92414.9,89666.9,91795.9,61685.593
2024-11-18 08:00:00,91795.9,92700.0,89422.1,92407.8,139741.522
2024-11-18 16:00:00,92407.8,92675.9,89706.2,90507.4,132129.995
2024-11-19 00:00:00,90507.4,92123.7,90405.6,91696.0,47547.021
2024-11-19 08:00:00,91696.1,92885.0,91015.6,92453.3,121273.959
2024-11-19 16:00:00,92455.5,93985.9,91334.4,92335.9,134711.051
2024-11-20 00:00:00,92335.9,92866.6,91500.0,92856.6,47552.528
2024-11-20 08:00:00,92856.6,94849.0,92730.2,94737.6,136374.263
2024-11-20 16:00:00,94737.6,94840.0,93093.3,94288.0,106117.436
2024-11-21 00:00:00,94288.0,97899.9,94008.7,96950.0,145040.195
2024-11-21 08:00:00,96950.0,98438.9,95625.0,96684.0,158868.0
2024-11-21 16:00:00,96684.1,99100.0,96311.0,98366.8,114474.941
2024-11-22 00:00:00,98366.8,99537.6,97860.1,99252.6,71442.265
2024-11-22 08:00:00,99252.6,99340.0,97199.9,98696.5,110808.203
2024-11-22 16:00:00,98696.6,99660.0,98264.2,98921.4,83523.599
2024-11-23 00:00:00,98921.5,98937.3,98309.9,98600.6,31308.902
2024-11-23 08:00:00,98600.5,98916.8,98355.0,98426.0,31000.859
2024-11-23 16:00:00,98426.1,98504.4,97173.5,97725.5,58048.661
2024-11-24 00:00:00,97725.6,98666.0,97670.9,98490.1,29743.877
2024-11-24 08:00:00,98490.1,98578.9,95976.0,95986.4,80904.333
2024-11-24 16:00:00,95986.3,98429.7,95822.1,97960.4,62470.63
2024-11-25 00:00:00,97960.5,98421.6,96929.9,98112.9,43288.251
2024-11-25 08:00:00,98113.0,98999.0,94665.4,96040.4,145479.692
2024-11-25 16:00:00,96040.4,96562.7,92666.0,93064.0,140607.078
2024-11-26 00:00:00,93064.0,95064.0,92800.1,93842.1,64193.898
2024-11-26 08:00:00,93842.1,93846.1,91553.0,92877.4,164057.433
2024-11-26 16:00:00,92877.4,94745.2,90866.4,92021.4,116677.902
2024-11-27 00:00:00,92021.5,93721.8,91864.0,93651.3,53348.369
2024-11-27 08:00:00,93651.3,95908.0,92903.4,95610.5,89368.24
2024-11-27 16:00:00,95610.4,97250.0,95238.7,95905.2,94289.378
2024-11-28 00:00:00,95905.2,96627.6,94878.2,95371.6,51765.033
2024-11-28 08:00:00,95371.5,96284.0,94700.1,95067.3,63813.934
2024-11-28 16:00:00,95067.3,96082.7,94768.0,95694.4,38428.059
2024-11-29 00:00:00,95694.4,96932.9,95404.5,95690.2,44183.363
2024-11-29 08:00:00,95690.2,98713.3,95690.1,98076.2,90596.336
2024-11-29 16:00:00,98076.3,98514.9,96903.2,97516.3,55741.25
2024-11-30 00:00:00,97516.2,97522.1,96400.0,96843.3,43451.414
2024-11-30 08:00:00,96843.3,97047.2,96150.0,96707.4,28877.071
2024-11-30 16:00:00,96707.4,97128.4,96380.0,96475.1,20745.733
2024-12-01 00:00:00,96475.2,96746.3,95736.5,96525.4,35285.695
2024-12-01 08:00:00,96525.4,97481.3,96480.0,97081.4,42474.384
2024-12-01 16:00:00,97081.5,97933.0,96852.7,97265.1,35462.911
2024-12-02 00:00:00,97265.0,98266.0,95788.4,96053.6,69207.608
2024-12-02 08:00:00,96053.5,97286.2,94826.0,97106.5,103967.494
2024-12-02 16:00:00,97106.6,97435.0,94400.0,95890.5,84438.809
2024-12-03 00:00:00,95890.6,96375.0,95336.3,95608.8,36116.842
2024-12-03 08:00:00,95608.8,96315.5,93605.0,95743.7,111293.053
2024-12-03 16:00:00,95744.7,96236.3,94925.8,95913.3,59192.085
2024-12-04 00:00:00,95913.3,96799.9,95271.6,96652.1,46228.191
2024-12-04 08:00:00,96652.2,97041.1,95398.1,95813.0,75404.989
2024-12-04 16:00:00,95813.0,99099.9,94650.8,98669.8,154316.025
2024-12-05 00:00:00,98669.8,104630.4,97970.5,102292.1,224977.065
2024-12-05 08:00:00,102292.1,103661.7,100932.6,101350.1,113794.218
2024-12-05 16:00:00,101350.1,102063.8,90200.0,97001.5,241506.108
2024-12-06 00:00:00,97001.6,98858.6,96429.5,98209.6,78362.248
2024-12-06 08:00:00,98209.7,99592.1,97550.0,99358.5,101148.895
2024-12-06 16:00:00,99358.5,101988.8,98800.0,99802.5,102858.465
2024-12-07 00:00:00,99802.5,100499.0,98876.9,99442.6,40616.593
2024-12-07 08:00:00,99442.6,99895.3,99101.7,99811.4,27753.265
2024-12-07 16:00:00,99811.5,100497.5,99528.0,99899.2,27488.8
2024-12-08 00:00:00,99899.2,100415.0,99388.5,99741.5,22083.03
2024-12-08 08:00:00,99741.6,100597.5,98709.4,99975.0,53941.371
2024-12-08 16:00:00,99974.9,101457.9,99538.4,101200.0,33731.275
2024-12-09 00:00:00,101200.1,101300.0,98374.3,99637.1,70422.063
2024-12-09 08:00:00,99637.2,100481.3,97555.0,97856.0,116526.44
2024-12-09 16:00:00,97856.1,98448.5,94039.7,97349.1,140025.087
2024-12-10 00:00:00,97349.1,98197.8,95591.9,97217.7,75370.591
2024-12-10 08:00:00,97217.7,98320.6,95639.5,95687.9,89290.939
2024-12-10 16:00:00,95674.8,97238.9,94265.5,96602.4,126829.214
2024-12-11 00:00:00,96602.3,97800.0,95650.0,97337.9,52404.616
2024-12-11 08:00:00,97337.9,100798.6,97310.6,100352.7,90680.906
2024-12-11 16:00:00,100352.7,101880.0,99583.4,101115.3,78722.183
2024-12-12 00:00:00,101115.3,101812.3,100309.8,100481.6,44887.555
2024-12-12 08:00:00,100481.5,101850.0,100150.0,101775.1,77700.536
2024-12-12 16:00:00,101775.1,102538.4,99280.2,99982.4,92630.984
2024-12-13 00:00:00,99982.3,100333.0,99149.6,100100.0,37135.975
2024-12-13 08:00:00,100099.9,101339.0,99653.6,99831.0,55832.632
2024-12-13 16:00:00,99831.0,101869.5,99750.0,101371.9,59468.711
2024-12-14 00:00:00,101371.9,102638.0,101106.1,101787.0,42861.188
2024-12-14 08:00:00,101787.0,101840.2,100777.0,101601.9,36200.043
2024-12-14 16:00:00,101601.9,101716.3,100559.8,101381.0,28619.318
2024-12-15 00:00:00,101381.0,102900.0,101200.1,101671.9,43133.587
2024-12-15 08:00:00,101671.8,103362.3,101525.2,102668.5,47378.907
2024-12-15 16:00:00,102668.5,105374.6,102556.3,104460.4,67221.422
2024-12-16 00:00:00,104460.5,106665.8,104245.2,104949.9,80908.403
2024-12-16 08:00:00,104950.0,106466.9,103264.6,106281.2,97016.33
2024-12-16 16:00:00,106281.1,107777.0,105424.0,106023.2,96471.023
2024-12-17 00:00:00,106023.2,107113.9,105623.0,106784.0,38260.168
2024-12-17 08:00:00,106784.0,108366.8,105674.0,106429.9,92306.697
2024-12-17 16:00:00,106429.9,107596.0,105252.0,106074.6,67207.047
2024-12-18 00:00:00,106074.6,106484.6,103065.6,104200.1,83127.068
2024-12-18 08:00:00,104200.1,105343.8,103611.7,104395.1,67750.964
2024-12-18 16:00:00,104395.2,104959.4,99951.1,100181.1,177703.903
2024-12-19 00:00:00,100181.2,101694.9,98744.0,101615.2,88106.456
2024-12-19 08:00:00,101615.1,102756.7,99455.0,100631.1,98759.244
2024-12-19 16:00:00,100631.1,101162.5,95681.2,97434.4,186102.763
2024-12-20 00:00:00,97434.3,98243.0,95946.9,97826.1,86984.088
2024-12-20 08:00:00,97826.1,97867.5,92272.6,96961.3,223864.689
2024-12-20 16:00:00,96961.4,97777.0,95393.8,97764.4,85340.018
2024-12-21 00:00:00,97764.5,99485.0,97142.0,98988.1,49245.572
2024-12-21 08:00:00,98988.0,99137.5,96375.0,97486.5,68241.497
2024-12-21 16:00:00,97486.6,98084.9,96520.0,97261.8,43771.411
2024-12-22 00:00:00,97261.7,97437.9,95867.3,96192.1,38259.286
2024-12-22 08:00:00,96192.1,97322.1,95085.0,95341.0,51772.149
2024-12-22 16:00:00,95341.0,96426.7,94200.0,95153.5,58083.3
2024-12-23 00:00:00,95153.4,96488.8,93655.3,95360.5,72364.85
2024-12-23 08:00:00,95360.5,96499.0,93060.3,93217.6,84976.77
2024-12-23 16:00:00,93217.7,95480.4,92464.4,94861.1,89870.235
2024-12-24 00:00:00,94861.0,94861.1,93525.6,94200.0,39675.188
2024-12-24 08:00:00,94199.9,98274.9,93800.0,98243.5,81106.131
2024-12-24 16:00:00,98243.5,99450.0,97226.2,98627.2,90829.313
2024-12-25 00:00:00,98626.9,98848.4,97681.3,98049.7,28738.984
2024-12-25 08:00:00,98049.8,99323.3,97570.0,98493.3,55205.358
2024-12-25 16:00:00,98493.3,99580.7,98100.0,99379.7,40752.55
2024-12-26 00:00:00,99379.6,99950.0,97647.2,97669.6,50356.976
2024-12-26 08:00:00,97669.5,97721.8,95153.0,95993.5,99219.592
2024-12-26 16:00:00,95993.1,96580.0,95276.4,95751.0,45281.083
2024-12-27 00:00:00,95750.9,96580.0,94620.0,95074.4,57330.967
2024-12-27 08:00:00,95080.1,97564.5,93982.4,94539.9,94519.563
2024-12-27 16:00:00,94539.9,94979.9,93440.0,94258.9,54157.713
2024-12-28 00:00:00,94258.9,94762.3,94100.0,94334.7,17008.846
2024-12-28 08:00:00,94334.6,95346.1,94261.7,94407.7,28891.166
2024-12-28 16:00:00,94407.8,95700.0,94356.5,95259.1,22091.337
2024-12-29 00:00:00,95259.1,95300.0,94761.0,95233.2,12933.739
2024-12-29 08:00:00,95233.3,95286.4,93925.4,94468.4,31276.32
2024-12-29 16:00:00,94468.3,94537.7,92961.8,93700.0,50837.875
2024-12-30 00:00:00,93699.9,94240.0,93181.8,93688.9,35592.646
2024-12-30 08:00:00,93688.9,94249.9,91510.0,92081.5,84520.373
2024-12-30 16:00:00,92081.5,95031.6,91758.3,92759.3,102230.574
2024-12-31 00:00:00,92759.3,93000.0,92000.0,92819.6,28037.531
2024-12-31 08:00:00,92819.5,96254.3,92800.0,95389.4,94816.036
2024-12-31 16:00:00,95389.3,95569.6,93145.1,93548.9,55794.549
2025-01-01 00:00:00,93548.8,94449.2,93460.2,93660.7,21814.502
2025-01-01 08:00:00,93660.7,94489.5,92796.5,94409.9,41132.057
2025-01-01 16:00:00,94409.9,95161.2,93729.2,94580.9,28290.101
2025-01-02 00:00:00,94580.9,96031.4,94357.4,95815.3,42938.992
2025-01-02 08:00:00,95815.4,97440.0,95612.5,96428.5,77966.921
2025-01-02 16:00:00,96428.5,97822.4,96018.7,96967.5,60739.582
2025-01-03 00:00:00,96967.6,97325.7,96236.6,96275.0,25882.315
2025-01-03 08:00:00,96275.1,97637.7,96061.5,97479.5,50014.139
2025-01-03 16:00:00,97479.6,98949.0,97353.6,98145.7,49324.22
2025-01-04 00:00:00,98145.7,98300.0,97762.1,98244.2,19539.731
2025-01-04 08:00:00,98244.2,98300.0,97438.2,97623.6,29851.841
2025-01-04 16:00:00,97623.5,98760.9,97535.7,98173.2,22523.062
2025-01-05 00:00:00,98173.2,98496.3,98001.1,98225.3,13020.975
2025-01-05 08:00:00,98225.3,98248.5,97227.0,97986.6,32398.905
2025-01-05 16:00:00,97987.1,98852.6,97530.0,98340.2,29529.409
2025-01-06 00:00:00,98340.2,99886.7,97872.6,99280.0,52463.818
2025-01-06 08:00:00,99280.0,102443.9,98662.7,102104.5,100725.81
2025-01-06 16:00:00,102104.5,102444.0,101223.0,102180.4,54303.701
2025-01-07 00:00:00,102180.5,102762.1,101459.4,101649.3,27712.029
2025-01-07 08:00:00,101649.3,101973.1,97100.0,97915.3,129816.935
2025-01-07 16:00:00,97915.4,98307.9,96153.0,96920.3,101182.345
2025-01-08 00:00:00,96920.2,97242.2,95222.0,95628.4,60968.635
2025-01-08 08:00:00,95628.3,96100.0,94480.7,95450.0,89204.719
2025-01-08 16:00:00,95449.9,95456.2,92500.0,95014.1,111838.759
2025-01-09 00:00:00,95014.0,95358.7,93156.0,93176.4,55862.176
2025-01-09 08:00:00,93176.5,94547.7,91747.0,94195.2,102810.293
2025-01-09 16:00:00,94195.1,94644.8,91055.8,92505.9,99088.433
2025-01-10 00:00:00,92506.0,94975.2,92395.9,94457.0,47137.689
2025-01-10 08:00:00,94457.0,95239.9,92173.6,93704.0,134893.309
2025-01-10 16:00:00,93704.0,95882.5,93151.5,94675.5,79911.956
2025-01-11 00:00:00,94675.6,94700.0,93802.1,94210.3,20482.575
2025-01-11 08:00:00,94210.2,94757.9,94000.0,94365.8,20317.999
2025-01-11 16:00:00,94365.9,94988.0,93943.0,94562.5,23861.189
2025-01-12 00:00:00,94562.4,94665.7,94227.2,94291.3,10956.594
2025-01-12 08:00:00,94291.2,95444.0,93661.1,95035.6,36606.154
2025-01-12 16:00:00,95035.7,95278.0,93727.4,94499.9,29735.385
2025-01-13 00:00:00,94499.9,95934.5,93222.2,93557.9,69693.916
2025-01-13 08:00:00,93557.9,93626.1,88909.0,92093.6,196599.162
2025-01-13 16:00:00,92093.7,94681.1,91207.8,94485.3,94857.412
2025-01-14 00:00:00,94485.4,95437.8,94305.4,94823.3,38714.675
2025-01-14 08:00:00,94823.4,97353.9,94823.3,96416.7,115630.914
2025-01-14 16:00:00,96416.8,97044.8,95309.9,96514.9,58514.072
2025-01-15 00:00:00,96514.9,97688.0,96450.2,97253.7,48698.679
2025-01-15 08:00:00,97253.7,99746.6,96480.0,98943.4,106458.335
2025-01-15 16:00:00,98943.3,100658.9,98550.1,100460.0,67260.552
2025-01-16 00:00:00,100460.0,100850.0,99106.8,99756.5,40847.147
2025-01-16 08:00:00,99756.5,99787.8,97293.6,99258.3,102581.504
2025-01-16 16:00:00,99258.2,100599.8,99023.9,99937.4,73373.869
2025-01-17 00:00:00,99937.4,102133.7,99902.0,101406.9,62040.119
2025-01-17 08:00:00,101406.9,104198.9,101400.0,103946.2,98766.422
2025-01-17 16:00:00,103946.3,105784.0,103772.6,104042.5,88643.428
2025-01-18 00:00:00,104042.6,104620.0,102561.0,102781.0,59702.681
2025-01-18 08:00:00,102781.1,104962.1,102242.8,104517.1,64918.212
2025-01-18 16:00:00,104517.1,104744.3,103110.0,104524.3,43319.199
2025-01-19 00:00:00,104524.3,105629.4,103980.0,105151.8,45400.053
2025-01-19 08:00:00,105151.8,105743.1,103458.6,104936.0,84924.959
2025-01-19 16:00:00,104936.0,106450.0,99600.0,101311.5,150624.166
2025-01-20 00:00:00,101311.5,110000.0,99501.0,107178.8,195477.724
2025-01-20 08:00:00,107178.8,109300.8,104500.0,105008.7,129174.028
2025-01-20 16:00:00,105001.3,107082.8,100138.2,102247.6,205856.428
2025-01-21 00:00:00,102247.7,103279.9,100097.2,101980.7,81349.26
2025-01-21 08:00:00,101980.7,105292.3,101719.4,103929.1,92775.237
2025-01-21 16:00:00,103929.1,107241.6,103781.5,106114.5,99172.331
2025-01-22 00:00:00,106115.4,106390.0,105037.2,105063.8,32605.931
2025-01-22 08:00:00,105063.8,105557.2,103612.0,104138.0,67280.362
2025-01-22 16:00:00,104138.1,104804.5,103211.6,103664.9,51357.235
2025-01-23 00:00:00,103664.9,103777.4,101550.4,102668.4,55584.699
2025-01-23 08:00:00,102668.3,106000.0,101211.0,105235.2,157601.786
2025-01-23 16:00:00,105235.2,106840.2,102161.9,103864.1,204967.534
2025-01-24 00:00:00,103864.0,105331.2,102680.0,104999.9,46211.35
2025-01-24 08:00:00,104999.9,106307.6,104623.0,105821.8,54758.351
2025-01-24 16:00:00,105821.3,107076.5,104400.0,104808.1,64777.249
2025-01-25 00:00:00,104808.0,105234.5,104128.2,104349.3,24590.541
2025-01-25 08:00:00,104349.4,105066.0,104040.6,104852.1,20827.3
2025-01-25 16:00:00,104852.1,105274.7,104410.8,104702.0,20212.322
2025-01-26 00:00:00,104702.0,105496.9,104461.6,104963.7,15333.339
2025-01-26 08:00:00,104963.7,105208.8,104358.3,104919.9,20272.62
2025-01-26 16:00:00,104920.0,105237.0,102450.3,102560.1,40181.128
2025-01-27 00:00:00,102560.0,103216.5,97680.0,98996.3,124715.058
2025-01-27 08:00:00,98996.3,102267.8,98200.0,101070.8,115654.448
2025-01-27 16:00:00,101070.8,102423.3,98820.6,102021.3,85320.368
2025-01-28 00:00:00,102021.3,103325.3,101263.0,102753.8,46913.922
2025-01-28 08:00:00,102754.3,103797.0,101770.5,102730.6,55967.719
2025-01-28 16:00:00,102730.6,103089.9,100235.0,101279.6,67035.62
2025-01-29 00:00:00,101279.7,102800.6,101269.7,102723.2,27653.941
2025-01-29 08:00:00,102723.2,103012.6,101526.8,101934.2,42865.059
2025-01-29 16:00:00,101934.2,104755.0,101365.0,103698.2,99470.952
2025-01-30 00:00:00,103698.1,105564.5,103224.5,105085.1,45025.321
2025-01-30 08:00:00,105085.2,106450.0,104607.2,105519.4,54034.085
2025-01-30 16:00:00,105519.4,105960.0,104628.3,104676.9,37907.994
2025-01-31 00:00:00,104676.9,104982.2,103880.0,104160.1,34884.899
2025-01-31 08:00:00,104160.0,106000.0,103888.6,105407.0,51109.348
2025-01-31 16:00:00,105406.9,105537.0,101509.0,102379.7,86243.57
2025-02-01 00:00:00,102379.8,102734.9,102058.8,102127.0,18947.334
2025-02-01 08:00:00,102127.0,102297.0,101344.0,102031.5,30785.411
2025-02-01 16:00:00,102031.6,102250.0,100215.0,100603.6,41130.346
2025-02-02 00:00:00,100603.6,101426.0,98989.0,99586.2,56550.505
2025-02-02 08:00:00,99586.2,100071.0,98100.0,99298.6,59369.082
2025-02-02 16:00:00,99298.6,99319.0,96029.6,97664.5,117015.106
2025-02-03 00:00:00,97664.5,97748.0,91130.3,95271.1,209135.452
2025-02-03 08:00:00,95271.1,99501.4,94111.0,98802.7,127923.05
2025-02-03 16:00:00,98802.8,102456.0,97993.3,101293.7,118029.532
2025-02-04 00:00:00,101293.6,101729.3,98183.0,98405.1,73693.344
2025-02-04 08:00:00,98405.1,100371.0,97792.8,99310.6,84899.463
2025-02-04 16:00:00,99310.5,100743.6,96100.0,97709.9,104153.396
2025-02-05 00:00:00,97710.0,98914.4,97069.0,97814.9,44573.957
2025-02-05 08:00:00,97814.9,99124.2,97206.0,98063.3,49517.755
2025-02-05 16:00:00,98063.3,98262.3,96106.1,96553.2,57287.954
2025-02-06 00:00:00,96553.2,98390.5,96373.4,98164.9,30283.461
2025-02-06 08:00:00,98164.9,99093.0,96866.9,97285.6,67036.63
2025-02-06 16:00:00,97285.7,97500.0,95613.5,96515.1,64200.922
2025-02-07 00:00:00,96515.0,97835.0,96358.3,96705.1,34358.706
2025-02-07 08:00:00,96705.0,100112.4,96566.3,98257.1,113196.996
2025-02-07 16:00:00,98257.1,98535.5,95555.0,96454.5,75817.927
2025-02-08 00:00:00,96454.5,96850.0,95714.4,96153.4,25581.62
2025-02-08 08:00:00,96153.4,96466.0,95600.0,95798.0,24727.086
2025-02-08 16:00:00,95798.0,96725.2,95685.6,96411.9,18741.726
2025-02-09 00:00:00,96412.0,97301.7,96306.5,97020.0,20513.119
2025-02-09 08:00:00,97020.0,97279.3,95633.6,96438.0,35165.224
2025-02-09 16:00:00,96438.0,96750.0,94650.1,96423.6,45498.943
2025-02-10 00:00:00,96423.6,97634.0,95200.1,97386.3,55954.548
2025-02-10 08:00:00,97386.3,98328.0,96806.6,97187.7,54044.133
2025-02-10 16:00:00,97187.7,97611.0,96828.4,97379.2,22933.864
2025-02-11 00:00:00,97379.2,98482.2,97352.2,98231.1,31652.25
2025-02-11 08:00:00,98231.2,98306.9,96529.3,96963.3,50728.823
2025-02-11 16:00:00,96963.2,97002.0,94814.3,95731.4,72451.831
2025-02-12 00:00:00,95731.4,96230.0,95050.0,96025.8,27895.002
2025-02-12 08:00:00,96025.1,96596.3,94003.9,95762.1,96500.868
2025-02-12 16:00:00,95762.0,98090.9,95074.0,97816.3,78052.209
2025-02-13 00:00:00,97816.3,98053.8,95706.8,96018.5,42056.59
2025-02-13 08:00:00,96018.5,96432.4,95288.5,95943.5,58094.357
2025-02-13 16:00:00,95943.2,96756.8,95160.1,96560.6,42089.579
2025-02-14 00:00:00,96560.6,97212.0,96309.5,96889.9,26609.395
2025-02-14 08:00:00,96889.9,97561.1,96225.7,96886.5,44333.291
2025-02-14 16:00:00,96886.5,98792.8,96444.6,97445.1,73510.271
2025-02-15 00:00:00,97445.2,97941.2,97170.0,97312.4,16047.538
2025-02-15 08:00:00,97312.4,97899.8,97255.2,97594.5,17351.038
2025-02-15 16:00:00,97594.5,97698.4,97274.5,97538.0,14020.017
2025-02-16 00:00:00,97538.0,97665.8,97137.0,97207.4,11525.845
2025-02-16 08:00:00,97207.4,97355.0,96629.5,96849.9,20967.161
2025-02-16 16:00:00,96850.0,97247.6,96002.0,96067.0,24191.867
2025-02-17 00:00:00,96067.0,96605.7,95739.6,96023.8,24978.16
2025-02-17 08:00:00,96023.8,97000.0,95491.7,95605.5,42878.972
2025-02-17 16:00:00,95605.5,96386.9,95150.6,95743.2,37719.854
2025-02-18 00:00:00,95743.1,96296.5,95199.9,95409.9,30768.274
2025-02-18 08:00:00,95409.9,96737.3,95000.0,95501.6,55154.194
2025-02-18 16:00:00,95501.6,95645.3,93321.6,95622.0,93250.894
2025-02-19 00:00:00,95622.0,95929.0,95012.5,95640.4,34770.972
2025-02-19 08:00:00,95640.5,96676.0,95494.4,95895.4,52721.627
2025-02-19 16:00:00,95895.4,96878.7,95362.8,96598.0,37504.274
2025-02-20 00:00:00,96597.9,97339.8,96366.0,96825.8,27119.638
2025-02-20 08:00:00,96825.7,98000.0,96756.1,96870.5,49760.646
2025-02-20 16:00:00,96871.1,98662.1,96838.1,98252.9,52299.888
2025-02-21 00:00:00,98252.8,98555.0,98030.3,98130.0,19474.063
2025-02-21 08:00:00,98129.9,99431.5,97143.0,98057.6,107101.284
2025-02-21 16:00:00,98057.6,98720.0,94830.4,96127.9,124042.926
2025-02-22 00:00:00,96128.0,96542.7,95701.9,96241.7,20973.528
2025-02-22 08:00:00,96241.7,96988.0,96107.0,96552.4,29231.696
2025-02-22 16:00:00,96552.3,96794.6,96333.8,96503.3,15586.926
2025-02-23 00:00:00,96503.3,96602.9,96102.2,96454.6,16745.316
2025-02-23 08:00:00,96454.6,96459.4,95326.8,95391.5,28988.039
2025-02-23 16:00:00,95391.5,96290.0,95180.2,96218.4,23565.336
2025-02-24 00:00:00,96218.4,96470.0,95018.0,95834.2,35407.348
2025-02-24 08:00:00,95834.2,96147.5,93800.0,94295.9,79313.694
2025-02-24 16:00:00,94295.9,95182.3,91300.0,91514.5,102767.708
2025-02-25 00:00:00,91514.5,92500.0,88131.6,89262.9,141835.192
2025-02-25 08:00:00,89262.8,89952.0,86020.4,87206.9,209511.011
2025-02-25 16:00:00,87206.8,89442.7,86125.9,88639.1,120950.299
2025-02-26 00:00:00,88639.1,89367.1,88101.9,88682.3,37986.343
2025-02-26 08:00:00,88682.3,89285.7,85377.2,87536.4,140964.66
2025-02-26 16:00:00,87536.5,87784.7,82222.0,84208.5,222190.818
2025-02-27 00:00:00,84208.6,86687.5,84000.0,86227.9,65032.931
2025-02-27 08:00:00,86228.0,87066.0,84609.0,85473.0,107989.857
2025-02-27 16:00:00,85472.9,85664.8,82667.0,84668.1,96385.742
2025-02-28 00:00:00,84668.2,84858.6,78787.0,79159.9,259996.706
2025-02-28 08:00:00,79159.9,84380.9,78200.2,83948.1,179995.504
2025-02-28 16:00:00,83948.1,85084.5,83153.3,84299.6,96351.021
2025-03-01 00:00:00,84299.6,86516.5,83779.0,84707.3,70744.055
2025-03-01 08:00:00,84707.2,85452.4,84285.0,84755.1,43803.82
2025-03-01 16:00:00,84755.0,86219.7,84652.0,86007.7,32448.796
2025-03-02 00:00:00,86007.7,86515.0,85490.0,86191.4,32389.627
2025-03-02 08:00:00,86191.4,88644.0,85015.0,87390.1,91292.676
2025-03-02 16:00:00,87390.1,94971.0,87236.0,94222.8,241029.235
2025-03-03 00:00:00,94222.0,94373.4,91150.0,92318.0,77588.68
2025-03-03 08:00:00,92318.0,93666.0,89100.0,90009.5,152391.677
2025-03-03 16:00:00,90009.5,90959.1,85029.0,86192.7,206052.045
2025-03-04 00:00:00,86193.3,86773.5,82420.0,83159.4,138276.148
2025-03-04 08:00:00,83159.4,84934.9,81200.0,82945.0,145450.026
2025-03-04 16:00:00,82945.0,88931.0,81911.1,87245.9,148708.624
2025-03-05 00:00:00,87245.9,87850.0,86328.0,87573.9,47672.323
2025-03-05 08:00:00,87573.9,90897.1,87549.0,88312.6,144821.829
2025-03-05 16:00:00,88312.5,91000.0,87558.0,90566.1,86506.938
2025-03-06 00:00:00,90566.1,92780.3,89955.0,91311.3,69366.278
2025-03-06 08:00:00,91311.4,91642.3,89070.0,90777.9,110464.968
2025-03-06 16:00:00,90777.9,91025.7,87790.5,89887.8,123227.386
2025-03-07 00:00:00,89887.9,91257.7,84600.0,88308.8,158799.319
2025-03-07 08:00:00,88308.8,91107.9,87932.0,88424.9,133357.33
2025-03-07 16:00:00,88425.0,88990.0,85555.0,86753.8,160317.546
2025-03-08 00:00:00,86753.8,86876.5,85108.0,86159.2,41668.846
2025-03-08 08:00:00,86159.2,86587.0,85720.0,86360.0,27244.997
2025-03-08 16:00:00,86360.0,86459.0,85605.5,86184.7,27192.344
2025-03-09 00:00:00,86184.7,86470.6,85753.3,85968.9,19372.937
2025-03-09 08:00:00,85968.8,86092.8,82619.3,83030.5,85551.609
2025-03-09 16:00:00,83030.4,83727.8,79933.4,80688.8,116684.802
2025-03-10 00:00:00,80690.7,82761.0,80001.0,82277.6,69598.406
2025-03-10 08:00:00,82277.7,84031.5,79142.8,80009.7,200799.515
2025-03-10 16:00:00,80009.7,80217.6,77410.1,78567.8,145988.876
2025-03-11 00:00:00,78567.8,80585.5,76560.0,80386.0,111904.146
2025-03-11 08:00:00,80386.0,82240.0,79026.2,81190.7,181304.757
2025-03-11 16:00:00,81190.7,83600.0,80600.0,82896.0,97570.266
2025-03-12 00:00:00,82896.0,83741.8,81250.0,82402.9,73097.437
2025-03-12 08:00:00,82402.8,84487.0,80578.5,81688.1,160592.768
2025-03-12 16:00:00,81688.0,83849.0,81575.6,83640.7,72480.919
2025-03-13 00:00:00,83640.7,84307.1,82813.2,83118.5,48238.362
2025-03-13 08:00:00,83118.6,84030.0,80914.4,81016.0,119360.306
2025-03-13 16:00:00,81016.0,81450.5,79903.4,81085.4,80361.384
2025-03-14 00:00:00,81085.5,82425.0,80772.0,82124.5,44528.324
2025-03-14 08:00:00,82124.6,85270.2,82121.2,84692.2,127719.667
2025-03-14 16:00:00,84692.1,84908.8,83654.7,83939.8,61296.717
2025-03-15 00:00:00,83939.9,84625.0,83752.9,83797.0,26877.78
2025-03-15 08:00:00,83797.1,84442.0,83564.5,84295.8,34652.232
2025-03-15 16:00:00,84295.7,84453.4,84060.0,84302.9,15144.958
2025-03-16 00:00:00,84303.0,84382.2,83691.3,84242.0,24830.361
2025-03-16 08:00:00,84242.1,84300.0,82333.4,83280.0,73835.782
2025-03-16 16:00:00,83280.0,85136.0,81925.6,82541.6,75964.557
2025-03-17 00:00:00,82541.6,83842.8,82483.9,83525.2,45604.223
2025-03-17 08:00:00,83525.3,84000.0,82384.0,83499.0,82283.639
2025-03-17 16:00:00,83499.1,84727.1,83054.9,83962.9,54774.22
2025-03-18 00:00:00,83963.0,83979.8,82207.7,83124.8,56736.51
2025-03-18 08:00:00,83124.7,83422.8,81113.5,81567.8,82291.161
2025-03-18 16:00:00,81567.5,82772.7,81203.1,82666.1,49870.078
2025-03-19 00:00:00,82666.2,83329.9,82501.8,83152.5,36436.036
2025-03-19 08:00:00,83152.5,84855.0,83137.8,84693.3,77015.337
2025-03-19 16:00:00,84693.3,86990.0,83500.0,86809.8,138510.368
2025-03-20 00:00:00,86809.8,87500.0,85383.0,85764.7,63278.039
2025-03-20 08:00:00,85764.7,86490.0,84520.0,84642.1,105533.309
2025-03-20 16:00:00,84642.0,84846.1,83613.6,84183.6,74132.144
2025-03-21 00:00:00,84183.6,84813.6,83650.3,83889.6,36112.597
2025-03-21 08:00:00,83889.5,84344.4,83122.0,83525.9,71864.808
2025-03-21 16:00:00,83525.9,84550.0,83333.0,84050.3,36444.866
2025-03-22 00:00:00,84050.3,84389.0,83940.2,84235.4,13945.055
2025-03-22 08:00:00,84235.4,84509.0,83932.0,84073.5,18124.313
2025-03-22 16:00:00,84073.4,84292.0,83589.5,83804.9,20149.284
2025-03-23 00:00:00,83804.9,84282.4,83761.2,84229.9,12132.328
2025-03-23 08:00:00,84229.9,85231.7,84216.8,85148.0,38632.996
2025-03-23 16:00:00,85148.0,86110.9,84756.0,86044.2,40134.549
2025-03-24 00:00:00,86044.1,87277.5,85478.3,86827.6,66009.147
2025-03-24 08:00:00,86827.5,88752.0,86808.0,88283.6,85037.284
2025-03-24 16:00:00,88283.7,88492.1,87010.0,87463.4,59861.053
2025-03-25 00:00:00,87463.4,87644.0,86260.0,86404.4,50462.916
2025-03-25 08:00:00,86404.5,88221.0,86358.2,87723.0,69705.064
2025-03-25 16:00:00,87723.0,88500.0,87079.0,87369.8,53337.309
2025-03-26 00:00:00,87369.9,88270.2,86980.0,88106.7,39556.246
2025-03-26 08:00:00,88106.7,88235.0,86387.7,86696.9,78590.286
2025-03-26 16:00:00,86696.8,87360.0,85816.3,86873.8,69810.163
2025-03-27 00:00:00,86873.9,87722.4,86752.3,87363.2,29314.741
2025-03-27 08:00:00,87363.1,87562.4,85724.5,86931.2,97209.747
2025-03-27 16:00:00,86931.2,87695.9,86738.0,87191.2,36927.201
2025-03-28 00:00:00,87191.2,87470.0,85121.1,85175.1,70078.704
2025-03-28 08:00:00,85175.1,85575.0,83915.6,84011.1,102897.083
2025-03-28 16:00:00,84011.0,84499.5,83531.7,84380.8,49308.773
2025-03-29 00:00:00,84380.8,84589.7,83618.0,83696.0,29799.541
2025-03-29 08:00:00,83696.1,83917.5,81963.0,82377.3,66000.506
2025-03-29 16:00:00,82377.3,82759.4,81601.0,82604.7,39713.658
2025-03-30 00:00:00,82604.8,83456.0,82450.9,83037.4,32979.613
2025-03-30 08:00:00,83037.5,83490.0,82531.4,82699.9,33155.141
2025-03-30 16:00:00,82699.9,82878.2,81501.4,82352.8,43431.171
2025-03-31 00:00:00,82353.1,82416.0,81222.0,81895.2,51363.226
2025-03-31 08:00:00,81895.1,83895.8,81250.0,83373.4,108855.803
2025-03-31 16:00:00,83373.3,83655.4,82221.0,82517.5,51845.547
2025-04-01 00:00:00,82517.5,83565.0,82383.3,83415.2,30476.247
2025-04-01 08:00:00,83415.2,85475.0,82505.0,85245.4,117134.269
2025-04-01 16:00:00,85245.5,85595.5,84666.3,85120.9,49652.66
2025-04-02 00:00:00,85121.0,85217.9,83846.0,84389.8,43478.592
2025-04-02 08:00:00,84389.7,87288.0,84220.0,86709.5,131447.966
2025-04-02 16:00:00,86709.5,88500.0,82300.0,82485.1,174037.82
2025-04-03 00:00:00,82485.1,83889.2,82137.3,83423.7,61550.984
2025-04-03 08:00:00,83423.7,83774.1,81172.2,82001.8,117980.799
2025-04-03 16:00:00,82001.7,83298.0,81504.8,83181.5,59631.736
2025-04-04 00:00:00,83181.7,83987.0,82553.8,83968.2,47408.924
2025-04-04 08:00:00,83968.1,84686.2,81624.6,82822.0,219019.729
2025-04-04 16:00:00,82821.9,84580.0,82700.0,83861.3,86680.553
2025-04-05 00:00:00,83861.4,84244.5,83300.5,83490.0,27644.586
2025-04-05 08:00:00,83490.0,83866.3,82333.8,82576.4,44630.479
2025-04-05 16:00:00,82576.5,83674.9,82561.8,83506.1,27299.139
2025-04-06 00:00:00,83506.1,83790.5,82980.0,82990.9,24636.041
2025-04-06 08:00:00,82990.9,83143.9,82155.4,82497.4,46432.887
2025-04-06 16:00:00,82497.4,82524.9,77111.0,78390.0,210122.825
2025-04-07 00:00:00,78390.1,79311.5,74457.0,75084.1,190130.016
2025-04-07 08:00:00,75084.1,81200.0,75051.7,78444.6,375619.385
2025-04-07 16:00:00,78444.6,80184.7,77262.6,79140.0,128094.102
2025-04-08 00:00:00,79140.1,80832.1,78726.5,79448.6,70302.341
2025-04-08 08:00:00,79448.5,80359.5,78136.0,78460.0,126383.201
2025-04-08 16:00:00,78459.9,78500.0,76200.1,76297.9,131723.992
2025-04-09 00:00:00,76298.0,77906.6,74578.5,77651.4,154214.21
2025-04-09 08:00:00,77651.3,78288.8,75735.9,77237.6,170654.791
2025-04-09 16:00:00,77237.5,83554.9,77104.0,82588.0,235780.861
2025-04-10 00:00:00,82587.9,82706.9,81241.1,81561.6,62722.496
2025-04-10 08:00:00,81561.5,82488.0,78559.0,78731.7,143121.765
2025-04-10 16:00:00,78731.7,80011.8,78416.0,79560.2,87817.839
2025-04-11 00:00:00,79560.3,81388.0,78935.5,81213.6,71931.272
2025-04-11 08:00:00,81213.7,83297.9,80691.3,82486.7,148681.007
2025-04-11 16:00:00,82486.8,84300.0,81968.0,83378.3,75165.592
2025-04-12 00:00:00,83378.3,83785.4,82756.0,83685.4,40263.773
2025-04-12 08:00:00,83685.4,85388.0,83260.0,84974.1,75061.781
2025-04-12 16:00:00,84974.1,85884.2,84389.5,85237.8,42677.283
2025-04-13 00:00:00,85237.9,86100.0,84355.1,84378.4,63129.637
2025-04-13 08:00:00,84378.4,84918.0,83450.7,83820.1,61514.865
2025-04-13 16:00:00,83820.1,84999.9,82991.5,83713.7,82393.878
2025-04-14 00:00:00,83713.8,85534.8,83630.9,84544.2,74106.106
2025-04-14 08:00:00,84544.3,85755.0,83668.9,84054.4,90746.144
2025-04-14 16:00:00,84054.4,85171.9,83813.9,84553.9,44497.106
2025-04-15 00:00:00,84553.9,85835.0,84303.0,85691.3,46634.867
2025-04-15 08:00:00,85691.3,86443.0,84567.0,84871.9,92946.11
2025-04-15 16:00:00,84871.9,85115.1,83560.0,83608.7,44941.205
2025-04-16 00:00:00,83608.6,83915.7,83063.9,83325.0,46092.857
2025-04-16 08:00:00,83325.0,85232.0,83100.0,84810.7,79743.844
2025-04-16 16:00:00,84811.3,85493.5,83198.2,83990.0,83604.717
2025-04-17 00:00:00,83990.1,85043.4,83772.5,84629.0,36955.319
2025-04-17 08:00:00,84629.0,84829.4,83700.0,84495.5,51593.737
2025-04-17 16:00:00,84495.6,85441.5,84358.0,84915.0,52484.139
2025-04-18 00:00:00,84914.9,85100.0,84349.3,84622.9,20739.362
2025-04-18 08:00:00,84622.9,84734.5,84300.5,84332.3,20509.376
2025-04-18 16:00:00,84332.2,84659.8,84260.0,84421.0,13970.104
2025-04-19 00:00:00,84421.0,85240.0,84317.2,85174.5,24248.541
2025-04-19 08:00:00,85174.5,85600.0,85006.2,85146.3,28056.805
2025-04-19 16:00:00,85146.3,85332.7,84613.5,85046.9,21075.22
2025-04-20 00:00:00,85046.9,85283.6,84650.0,84736.5,20718.198
2025-04-20 08:00:00,84736.6,84751.0,83900.0,84304.5,40573.859
2025-04-20 16:00:00,84304.6,85266.5,84234.1,85138.8,29359.761
2025-04-21 00:00:00,85138.9,87702.3,85100.0,87400.6,92003.481
2025-04-21 08:00:00,87400.7,88418.2,86610.0,87997.4,101936.672
2025-04-21 16:00:00,87997.3,88216.3,86327.0,87466.0,80129.718
2025-04-22 00:00:00,87466.0,88850.0,87017.5,88434.9,70855.201
2025-04-22 08:00:00,88434.9,91373.0,88187.2,90881.2,143892.283
2025-04-22 16:00:00,90881.1,94142.5,90561.7,93404.9,119257.597
2025-04-23 00:00:00,93404.9,94263.0,92552.0,94102.5,62926.035
2025-04-23 08:00:00,94102.6,94904.3,91898.0,93140.3,122556.228
2025-04-23 16:00:00,93140.3,94178.0,92860.0,93632.1,47266.165
2025-04-24 00:00:00,93632.2,93735.1,92055.1,92166.0,43442.426
2025-04-24 08:00:00,92166.1,93429.6,91619.0,93144.8,66231.738
2025-04-24 16:00:00,93144.8,93980.6,92625.0,93931.6,47418.564
2025-04-25 00:00:00,93931.5,94409.5,92788.0,93734.0,46640.18
2025-04-25 08:00:00,93733.9,95769.6,93493.9,94999.8,102471.029
2025-04-25 16:00:00,94999.8,95498.3,94310.0,94591.8,42719.268
2025-04-26 00:00:00,94591.8,95157.1,94274.0,94520.1,23858.394
2025-04-26 08:00:00,94520.0,94680.0,93833.0,94325.0,30750.748
2025-04-26 16:00:00,94325.0,94850.2,94000.0,94575.7,17929.067
2025-04-27 00:00:00,94575.7,95280.5,93586.7,94027.6,37573.166
2025-04-27 08:00:00,94027.7,94295.4,93547.3,93857.7,24330.161
2025-04-27 16:00:00,93857.7,94517.9,93600.0,93697.1,21912.856
2025-04-28 00:00:00,93697.0,94758.0,92700.0,94641.6,53451.041
2025-04-28 08:00:00,94641.6,95578.8,93520.2,93772.8,96642.719
2025-04-28 16:00:00,93772.7,95146.3,93367.2,94969.0,44326.956
2025-04-29 00:00:00,94969.0,95415.7,94154.1,94878.0,50483.573
2025-04-29 08:00:00,94877.9,95264.9,94466.5,94790.7,42528.804
2025-04-29 16:00:00,94790.6,95426.4,93678.7,94200.1,54819.417
2025-04-30 00:00:00,94200.1,95149.9,94081.4,94577.6,33170.497
2025-04-30 08:00:00,94577.6,95186.5,92848.1,93948.4,96253.103
2025-04-30 16:00:00,93948.4,94751.8,93476.2,94125.1,41505.71
2025-05-01 00:00:00,94125.2,95146.2,94086.7,94978.6,35705.999
2025-05-01 08:00:00,94978.6,97388.0,94866.6,96793.9,104495.383
2025-05-01 16:00:00,96793.9,97300.0,96122.4,96423.3,44325.373
2025-05-02 00:00:00,96423.2,97262.0,96283.1,96302.0,36541.66
2025-05-02 08:00:00,96302.0,97865.4,96300.0,97270.1,69015.004
2025-05-02 16:00:00,97270.1,97740.0,96507.6,96831.2,33640.862
2025-05-03 00:00:00,96831.2,96868.4,96064.1,96290.8,23597.942
2025-05-03 08:00:00,96290.8,96456.0,95804.8,96358.7,27487.744
2025-05-03 16:00:00,96358.7,96399.9,95700.0,95803.3,20334.943
2025-05-04 00:00:00,95803.3,96266.6,95508.7,95842.1,24448.759
2025-05-04 08:00:00,95842.1,95886.5,95172.4,95421.1,30486.116
2025-05-04 16:00:00,95421.1,95700.0,94116.4,94230.2,39326.002
2025-05-05 00:00:00,94230.2,94778.5,93445.1,94696.4,54054.977
2025-05-05 08:00:00,94696.4,94726.8,93559.6,93726.0,55459.3
2025-05-05 16:00:00,93726.0,95165.1,93705.3,94696.7,45388.098
2025-05-06 00:00:00,94696.7,94893.3,93961.0,94350.0,24862.731
2025-05-06 08:00:00,94350.0,94697.2,93327.0,94513.2,72331.816
2025-05-06 16:00:00,94513.2,96879.5,94145.4,96798.9,76488.519
2025-05-07 00:00:00,96798.9,97700.0,96153.2,96940.0,64366.777
2025-05-07 08:00:00,96940.0,97446.8,96655.2,96889.0,49325.657
2025-05-07 16:00:00,96889.0,97363.8,95718.5,96988.4,71574.708
2025-05-08 00:00:00,96988.4,99374.3,96831.5,99212.0,93563.281
2025-05-08 08:00:00,99212.1,101493.2,99050.1,100730.8,114797.497
2025-05-08 16:00:00,100730.9,104305.3,100550.0,103228.1,109061.691
2025-05-09 00:00:00,103228.0,104373.0,102327.9,103597.4,55439.633
2025-05-09 08:00:00,103597.4,103920.0,102358.0,102852.9,85104.964
2025-05-09 16:00:00,102853.0,103366.0,102240.0,102941.9,32339.325
2025-05-10 00:00:00,102941.9,104085.0,102784.0,103721.7,27170.842
2025-05-10 08:00:00,103721.7,104066.2,103038.7,103102.6,32137.172
2025-05-10 16:00:00,103102.6,105000.1,102940.0,104788.8,45076.523
2025-05-11 00:00:00,104788.8,104950.0,103283.3,103327.9,46255.512
2025-05-11 08:00:00,103327.8,104873.5,103321.0,104083.0,54958.245
2025-05-11 16:00:00,104082.9,104800.0,103502.4,104072.7,37922.664
2025-05-12 00:00:00,104072.7,105863.1,103664.8,104426.2,82575.039
2025-05-12 08:00:00,104426.3,104684.0,102345.0,102481.7,97792.151
2025-05-12 16:00:00,102481.8,103080.9,100678.0,102739.3,76175.509
2025-05-13 00:00:00,102739.3,102900.0,101400.0,102624.0,44070.08
2025-05-13 08:00:00,102624.0,103930.1,102507.6,103633.1,67530.002
2025-05-13 16:00:00,103633.0,104949.2,103488.2,104082.0,50768.246
2025-05-14 00:00:00,104082.0,104086.5,103314.0,103662.2,30240.508
2025-05-14 08:00:00,103662.2,104319.0,102773.4,103461.4,69061.923
2025-05-14 16:00:00,103461.3,103675.0,102536.0,103458.1,26961.666
2025-05-15 00:00:00,103458.1,103820.0,101677.0,101733.9,39821.777
2025-05-15 08:00:00,101734.0,103242.0,101270.8,103211.2,74604.534
2025-05-15 16:00:00,103211.2,104162.8,102500.0,103714.5,61917.795
2025-05-16 00:00:00,103714.2,104440.1,103414.8,103646.6,36935.122
2025-05-16 08:00:00,103646.5,104258.7,103062.3,104144.0,47790.885
2025-05-16 16:00:00,104144.0,104524.2,103361.6,103412.2,30787.042
2025-05-17 00:00:00,103412.2,103658.0,102541.6,103399.4,37002.134
2025-05-17 08:00:00,103399.5,103524.7,102591.0,102900.0,33646.542
2025-05-17 16:00:00,102900.1,103458.6,102706.6,103079.6,19723.993
2025-05-18 00:00:00,103079.5,103949.6,103052.2,103893.0,19550.994
2025-05-18 08:00:00,103893.0,105665.3,103660.7,105484.2,54700.962
2025-05-18 16:00:00,105484.2,106629.8,103217.2,106407.6,98972.328
2025-05-19 00:00:00,106407.5,107114.3,102038.8,103167.0,108337.994
2025-05-19 08:00:00,103167.1,104920.2,102088.9,104740.4,81250.414
2025-05-19 16:00:00,104740.5,105798.5,104426.8,105531.6,68237.196
2025-05-20 00:00:00,105531.5,106800.0,104868.5,104980.1,69853.448
2025-05-20 08:00:00,104980.1,105371.7,104115.2,105294.5,62243.595
2025-05-20 16:00:00,105294.5,107292.5,105028.4,106800.1,94090.203
2025-05-21 00:00:00,106800.0,107950.0,106146.9,106463.6,72445.796
2025-05-21 08:00:00,106463.7,109430.0,106037.9,108936.6,125144.225
2025-05-21 16:00:00,108936.6,110830.0,106085.3,109609.5,215999.833
2025-05-22 00:00:00,109609.6,111866.4,109153.4,111005.8,112328.725
2025-05-22 08:00:00,111005.8,111582.5,110238.5,111250.6,82694.454
2025-05-22 16:00:00,111251.0,111959.5,110704.1,111662.7,51043.854
2025-05-23 00:00:00,111662.6,111770.4,110351.5,110685.2,46721.009
2025-05-23 08:00:00,110685.3,111348.0,107250.0,108892.4,153992.384
2025-05-23 16:00:00,108892.5,109760.0,106721.9,107271.5,78766.954
2025-05-24 00:00:00,107271.6,108520.0,106836.0,107550.6,45929.283
2025-05-24 08:00:00,107550.7,109440.2,107546.1,108889.2,63841.083
2025-05-24 16:00:00,108889.1,109165.8,107394.7,107698.9,55388.392
2025-05-25 00:00:00,107699.0,108250.1,107142.0,107637.1,39384.279
2025-05-25 08:00:00,107637.1,107698.4,106497.0,106927.9,65977.083
2025-05-25 16:00:00,106928.0,109285.1,106593.4,108955.9,54104.441
2025-05-26 00:00:00,108956.0,110197.9,108616.6,110049.9,53117.538
2025-05-26 08:00:00,110049.9,110400.0,109412.9,109963.2,45179.457
2025-05-26 16:00:00,109963.2,110394.7,108807.0,109386.8,48695.225
2025-05-27 00:00:00,109386.8,109633.8,107438.0,109488.0,76479.21
2025-05-27 08:00:00,109488.0,110700.0,108609.4,110091.3,99643.933
2025-05-27 16:00:00,110091.3,110459.7,108533.5,108889.3,47476.762
2025-05-28 00:00:00,108889.2,109252.6,108339.2,108764.9,32646.776
2025-05-28 08:00:00,108764.9,109076.2,107000.0,107065.5,79486.831
2025-05-28 16:00:00,107065.5,107999.0,106723.9,107723.1,46284.152
2025-05-29 00:00:00,107723.1,108450.0,106877.4,107839.4,44116.819
2025-05-29 08:00:00,107839.5,108860.0,106400.0,106972.5,94037.691
2025-05-29 16:00:00,106972.6,107121.1,105054.2,105539.9,74946.745
2025-05-30 00:00:00,105539.9,106266.0,104521.0,104997.5,70391.768
2025-05-30 08:00:00,104997.5,105949.1,104568.0,105504.0,73323.046
2025-05-30 16:00:00,105504.0,105531.5,103555.0,103950.0,75986.488
2025-05-31 00:00:00,103949.9,104259.4,103032.1,103700.6,44019.485
2025-05-31 08:00:00,103700.5,104800.0,103249.9,104497.1,40175.318
2025-05-31 16:00:00,104497.1,104859.3,104215.0,104544.7,19413.037
2025-06-01 00:00:00,104544.6,104700.0,103860.9,104231.0,23810.94
2025-06-01 08:00:00,104230.9,104760.0,103704.1,104664.0,32452.36
2025-06-01 16:00:00,104663.9,105823.6,104280.1,105583.3,41156.94
2025-06-02 00:00:00,105583.3,105700.0,104520.0,105346.4,32990.594
2025-06-02 08:00:00,105346.4,105900.0,103600.6,104396.8,82043.138
2025-06-02 16:00:00,104396.9,105893.8,103982.9,105814.3,43219.186
2025-06-03 00:00:00,105814.4,106470.8,105062.5,105134.4,42277.582
2025-06-03 08:00:00,105134.4,106775.0,104822.4,106556.1,54526.091
2025-06-03 16:00:00,106556.1,106619.6,105200.4,105330.1,42412.334
2025-06-04 00:00:00,105330.1,105800.0,105072.0,105260.2,25121.667
2025-06-04 08:00:00,105260.1,105967.2,104111.7,105254.7,66259.549
2025-06-04 16:00:00,105254.7,105437.8,104350.0,104641.8,27152.909
2025-06-05 00:00:00,104641.8,105225.6,104321.2,104473.0,27343.971
2025-06-05 08:00:00,104473.1,105878.3,103825.0,104490.5,78884.98
2025-06-05 16:00:00,104490.5,104547.9,100305.1,101458.6,140009.723
2025-06-06 00:00:00,101458.7,103424.5,101003.4,103096.8,53321.757
2025-06-06 08:00:00,103096.7,105283.0,103096.7,105035.4,86076.676
2025-06-06 16:00:00,105035.4,105240.0,104010.0,104240.0,34902.473
2025-06-07 00:00:00,104240.1,105293.0,103800.1,104813.6,29200.41
2025-06-07 08:00:00,104813.7,105758.8,104632.0,105507.9,30573.328
2025-06-07 16:00:00,105507.9,105878.3,105222.6,105507.5,20059.435
2025-06-08 00:00:00,105507.5,105760.5,105347.0,105380.4,13719.005
2025-06-08 08:00:00,105380.5,106200.0,104927.4,105917.5,35250.662
2025-06-08 16:00:00,105917.6,106482.6,105511.0,105676.5,26135.437
2025-06-09 00:00:00,105676.5,105929.8,105253.2,105516.7,21372.17
2025-06-09 08:00:00,105516.7,107985.0,105429.2,107564.3,92987.403
2025-06-09 16:00:00,107564.3,110653.6,107563.4,110227.9,78596.836
2025-06-10 00:00:00,110228.0,110280.0,109041.1,109178.0,38519.813
2025-06-10 08:00:00,109178.1,109852.9,108282.0,108975.3,66219.767
2025-06-10 16:00:00,108975.2,110367.2,108467.5,110235.4,47477.394
2025-06-11 00:00:00,110235.4,110247.0,109322.0,109396.9,21540.828
2025-06-11 08:00:00,109396.9,110350.0,108950.1,109694.8,59238.857
2025-06-11 16:00:00,109694.9,109776.5,108001.2,108600.0,53642.636
2025-06-12 00:00:00,108600.1,108782.1,107300.0,107577.0,41626.535
2025-06-12 08:00:00,107577.0,107798.0,106539.1,106960.6,64928.405
2025-06-12 16:00:00,106960.6,108398.4,105602.0,105609.5,79235.25
2025-06-13 00:00:00,105609.4,105661.0,102614.0,104831.4,125975.883
2025-06-13 08:00:00,104831.4,105750.0,104069.5,105391.9,74929.66
2025-06-13 16:00:00,105392.0,106141.1,104607.0,106027.3,45029.87
2025-06-14 00:00:00,106027.3,106173.6,104738.7,105025.1,26431.326
2025-06-14 08:00:00,105025.0,105088.0,104570.0,104783.4,19291.091
2025-06-14 16:00:00,104783.4,105438.0,104225.4,105359.9,34189.153
2025-06-15 00:00:00,105359.8,106099.4,105137.0,105374.1,24497.532
2025-06-15 08:00:00,105374.2,105810.6,104812.2,105526.0,27352.803
2025-06-15 16:00:00,105525.9,105744.0,104399.9,105534.6,26969.064
2025-06-16 00:00:00,105534.7,107250.0,104920.0,107023.8,47893.518
2025-06-16 08:00:00,107023.8,107759.8,106446.6,107374.9,48641.199
2025-06-16 16:00:00,107375.0,108900.0,106640.1,106750.1,70278.502
2025-06-17 00:00:00,106750.1,107727.4,106068.0,106711.1,54876.769
2025-06-17 08:00:00,106711.0,106785.2,104068.0,104199.2,88814.702
2025-06-17 16:00:00,104199.2,105288.0,103300.0,104508.0,82360.392
2025-06-18 00:00:00,104508.0,105500.0,104312.2,104925.7,31679.863
2025-06-18 08:00:00,104925.6,105300.0,103750.0,104744.2,77556.08
2025-06-18 16:00:00,104744.2,105098.0,103426.1,104832.8,63470.456
2025-06-19 00:00:00,104832.8,105185.7,104364.5,104585.9,27681.514
2025-06-19 08:00:00,104585.8,105032.1,104021.3,104055.1,30695.166
2025-06-19 16:00:00,104055.2,104869.4,103870.3,104607.1,29333.925
2025-06-20 00:00:00,104607.1,105765.8,104185.3,105763.5,30968.862
2025-06-20 08:00:00,105763.6,106486.2,103805.9,104168.5,93315.289
2025-06-20 16:00:00,104168.5,104221.0,102255.3,103246.1,74817.984
2025-06-21 00:00:00,103246.1,103641.0,103067.7,103402.2,14803.794
2025-06-21 08:00:00,103402.1,103940.6,103222.7,103516.7,29989.327
2025-06-21 16:00:00,103516.7,103600.0,100789.9,102079.8,75978.229
2025-06-22 00:00:00,102079.8,103362.6,101781.8,102399.0,63083.963
2025-06-22 08:00:00,102399.1,102789.7,98786.9,98849.9,134402.845
2025-06-22 16:00:00,98849.7,100993.5,98115.4,100904.7,96075.828
2025-06-23 00:00:00,100904.7,102155.1,100425.6,101874.5,50600.435
2025-06-23 08:00:00,101874.4,102596.5,100749.8,101369.7,73257.639
2025-06-23 16:00:00,101369.6,106050.0,99547.6,105290.9,173363.967
2025-06-24 00:00:00,105291.0,105775.9,104651.4,104891.8,50378.049
2025-06-24 08:00:00,104891.8,105675.0,104570.8,105184.4,56220.324
2025-06-24 16:00:00,105184.3,106239.0,105125.3,106034.9,37851.514
2025-06-25 00:00:00,106034.9,106750.9,105755.6,106547.5,37695.092
2025-06-25 08:00:00,106547.5,108095.7,106286.5,106982.6,87926.442
2025-06-25 16:00:00,106982.7,107965.9,106859.0,107280.0,33656.289
2025-06-26 00:00:00,107280.1,108249.9,107041.4,107768.5,32305.462
2025-06-26 08:00:00,107768.6,108135.0,106500.0,107260.0,51129.374
2025-06-26 16:00:00,107259.9,107971.3,106789.9,106913.7,30998.55
2025-06-27 00:00:00,106913.8,107686.0,106345.2,106816.9,29899.361
2025-06-27 08:00:00,106816.9,107378.6,106313.1,107261.3,52768.335
2025-06-27 16:00:00,107261.2,107659.9,106373.3,107010.7,35969.754
2025-06-28 00:00:00,107010.6,107458.4,106767.0,107433.0,13840.613
2025-06-28 08:00:00,107433.1,107538.0,107039.8,107407.6,12068.355
2025-06-28 16:00:00,107407.7,107494.0,107096.7,107241.0,9761.451
2025-06-29 00:00:00,107240.9,107464.0,107112.6,107367.2,9701.563
2025-06-29 08:00:00,107367.3,108499.0,107351.6,107686.9,39924.791
2025-06-29 16:00:00,107686.9,108400.0,107203.8,108309.8,29821.971
2025-06-30 00:00:00,108309.8,108783.9,107427.5,107562.6,36712.437
2025-06-30 08:00:00,107562.6,107916.6,106686.4,107525.6,53322.526
2025-06-30 16:00:00,107525.7,107775.0,106863.8,107087.4,24646.423
2025-07-01 00:00:00,107087.3,107499.9,106557.4,107134.9,25229.118
2025-07-01 08:00:00,107134.8,107140.7,105578.0,105908.3,61320.518
2025-07-01 16:00:00,105908.3,106248.6,105182.6,105637.9,33884.765
2025-07-02 00:00:00,105637.9,107144.4,105010.0,107026.0,36611.96
2025-07-02 08:00:00,107026.1,108754.6,107026.1,108695.3,73027.829
2025-07-02 16:00:00,108695.4,109690.4,108603.9,108800.0,67927.472
2025-07-03 00:00:00,108800.0,109516.3,108480.6,109235.0,29664.282
2025-07-03 08:00:00,109234.9,110484.0,108706.0,109089.8,86470.105
2025-07-03 16:00:00,109089.9,109963.1,108966.0,109545.2,25353.61
2025-07-04 00:00:00,109545.1,109732.3,108661.0,108661.0,26125.061
2025-07-04 08:00:00,108661.1,109071.1,107436.0,107534.7,65618.097
2025-07-04 16:00:00,107534.6,108229.0,107200.0,107935.4,40562.689
2025-07-05 00:00:00,107935.3,108368.1,107688.3,108000.9,15489.101
2025-07-05 08:00:00,108000.8,108194.4,107828.1,108012.7,10982.115
2025-07-05 16:00:00,108012.6,108183.8,107809.2,108153.4,10189.732
2025-07-06 00:00:00,108153.4,108211.0,107901.0,107991.3,8296.449
2025-07-06 08:00:00,107991.4,109079.1,107743.4,108856.8,33166.682
2025-07-06 16:00:00,108856.8,109684.7,108209.6,109145.8,30925.472
2025-07-07 00:00:00,109145.8,109667.3,108611.0,109016.3,27147.116
2025-07-07 08:00:00,109016.3,109041.2,107903.2,108249.0,42366.9
2025-07-07 16:00:00,108248.9,108460.8,107456.0,108203.9,36883.562
2025-07-08 00:00:00,108203.9,108475.0,107400.0,108440.7,28173.941
2025-07-08 08:00:00,108440.7,109180.0,108151.0,108217.0,40087.725
2025-07-08 16:00:00,108217.0,109115.4,108041.0,108873.1,26894.361
2025-07-09 00:00:00,108873.2,109107.4,108273.5,108674.8,21600.454
2025-07-09 08:00:00,108674.7,109738.5,108429.0,109020.0,53776.073
2025-07-09 16:00:00,109019.9,112036.8,108975.9,111199.9,92458.204
2025-07-10 00:00:00,111199.8,111548.3,110834.6,111186.1,23565.916
2025-07-10 08:00:00,111186.2,111370.3,110432.2,111350.0,41853.889
2025-07-10 16:00:00,111350.0,117500.0,111267.7,115979.2,160150.408
2025-07-11 00:00:00,115979.2,118395.9,115186.7,117522.7,87075.027
2025-07-11 08:00:00,117522.7,118882.8,116725.1,116910.3,72701.259
2025-07-11 16:00:00,116910.3,118128.0,116611.1,117500.0,40043.071
2025-07-12 00:00:00,117500.0,118036.7,117055.0,117689.7,18251.634
2025-07-12 08:00:00,117689.6,118176.9,116862.4,117075.6,31192.407
2025-07-12 16:00:00,117075.6,117609.4,116960.0,117389.3,14278.431
2025-07-13 00:00:00,117389.4,118040.8,117164.3,117950.0,14488.959
2025-07-13 08:00:00,117950.0,119655.0,117641.3,118610.6,45352.701
2025-07-13 16:00:00,118610.6,119454.9,118197.7,119038.3,30210.721
2025-07-14 00:00:00,119038.3,123300.0,118862.6,122731.0,99239.885
2025-07-14 08:00:00,122731.0,122772.7,119590.9,119863.1,77025.443
2025-07-14 16:00:00,119863.1,120510.9,119200.0,119816.5,45290.792
2025-07-15 00:00:00,119816.5,119919.4,116227.0,116777.1,101685.15
2025-07-15 08:00:00,116777.1,118499.8,115678.1,116393.0,102964.536
2025-07-15 16:00:00,116393.1,117965.6,116050.0,117738.5,65327.76
2025-07-16 00:00:00,117738.6,118297.1,117017.1,118181.2,31573.948
2025-07-16 08:00:00,118181.2,119786.7,118113.6,119056.0,77767.048
2025-07-16 16:00:00,119055.9,120100.0,118359.4,118590.7,49824.952
2025-07-17 00:00:00,118590.7,119151.3,117663.6,118293.9,40185.505
2025-07-17 08:00:00,118293.8,119216.4,117412.8,118875.0,53010.083
2025-07-17 16:00:00,118875.0,120951.5,118293.6,119176.6,71078.813
2025-07-18 00:00:00,119176.5,120846.1,119003.8,119356.6,44485.336
2025-07-18 08:00:00,119356.5,119519.8,117230.7,117830.0,73580.363
2025-07-18 16:00:00,117830.1,118053.5,116788.9,117896.4,44181.207
2025-07-19 00:00:00,117896.5,118340.7,117588.0,118135.0,15544.197
2025-07-19 08:00:00,118134.9,118456.0,117615.3,118025.6,19064.292
2025-07-19 16:00:00,118025.6,118149.8,117245.9,117814.4,17922.704
2025-07-20 00:00:00,117814.3,118214.0,117618.0,117984.3,13336.419
2025-07-20 08:00:00,117984.3,118794.0,117701.1,118669.3,26282.401
2025-07-20 16:00:00,118669.4,118856.6,116370.1,117216.0,42761.762
2025-07-21 00:00:00,117216.1,119720.6,116454.1,119352.2,43451.498
2025-07-21 08:00:00,119352.3,119496.2,117726.7,118304.1,52477.092
2025-07-21 16:00:00,118304.2,118381.0,116566.9,117330.2,45957.258
2025-07-22 00:00:00,117330.2,118554.9,115865.0,117959.5,56744.605
2025-07-22 08:00:00,117959.5,119582.3,117441.5,118899.8,78595.214
2025-07-22 16:00:00,118899.8,120300.1,118377.0,119993.7,51492.631
2025-07-23 00:00:00,119993.7,120146.5,118236.1,118327.0,33384.475
2025-07-23 08:00:00,118326.9,118687.1,117259.7,118531.0,58113.008
2025-07-23 16:00:00,118530.9,118725.3,117250.0,118713.5,45489.414
2025-07-24 00:00:00,118713.4,119265.4,117050.2,118368.0,52642.204
2025-07-24 08:00:00,118368.1,119469.9,117773.1,119074.1,55888.277
2025-07-24 16:00:00,119074.1,119376.9,118112.0,118294.3,28847.132
2025-07-25 00:00:00,118294.4,118410.8,114667.3,115288.8,125992.753
2025-07-25 08:00:00,115288.9,116759.6,114846.1,115687.4,92489.875
2025-07-25 16:00:00,115687.4,117615.3,115413.1,117583.5,41904.126
2025-07-26 00:00:00,117583.4,117740.6,117114.2,117288.1,17517.495
2025-07-26 08:00:00,117288.0,118229.7,117288.0,118111.1,26888.706
2025-07-26 16:00:00,118111.1,118300.0,117846.1,117889.2,12812.403
2025-07-27 00:00:00,117889.3,118432.1,117800.8,118083.6,12231.87
2025-07-27 08:00:00,118083.5,118583.2,117822.2,118580.8,22697.742
2025-07-27 16:00:00,118580.9,119766.0,118580.8,119423.4,41049.347
2025-07-28 00:00:00,119423.5,119812.0,118742.0,118873.2,27946.603
2025-07-28 08:00:00,118873.1,119091.2,117900.0,118152.8,46062.928
2025-07-28 16:00:00,118152.9,118363.0,117388.0,118041.4,32702.798
2025-07-29 00:00:00,118041.5,119258.7,117406.3,118856.2,30292.349
2025-07-29 08:00:00,118856.2,119050.0,117218.7,117345.7,46996.508
2025-07-29 16:00:00,117345.7,118019.3,116923.0,117897.0,37974.606
2025-07-30 00:00:00,117897.1,118384.6,117363.0,118083.1,19596.548
2025-07-30 08:00:00,118083.2,118763.5,117291.6,117950.0,44754.082
2025-07-30 16:00:00,117949.9,117995.4,115700.0,117771.0,60567.227
2025-07-31 00:00:00,117771.1,118910.0,117713.5,118624.1,30145.745
2025-07-31 08:00:00,118624.0,118728.0,117783.3,118259.3,35469.981
2025-07-31 16:00:00,118259.4,118850.0,115373.9,115697.3,69421.741
2025-08-01 00:00:00,115697.3,116000.0,114239.0,115015.1,63819.381
2025-08-01 08:00:00,115015.1,115956.0,113871.1,115305.3,81390.149
2025-08-01 16:00:00,115305.3,115656.8,112660.0,113244.8,76072.569
2025-08-02 00:00:00,113244.8,114000.0,113145.0,113919.9,22965.401
2025-08-02 08:00:00,113920.0,113988.0,112769.2,112798.6,28713.228
2025-08-02 16:00:00,112798.6,113388.9,111910.0,112508.8,50780.819
2025-08-03 00:00:00,112508.8,113694.0,111850.0,113647.2,24263.541
2025-08-03 08:00:00,113647.2,114200.0,113492.5,113904.3,21923.855
2025-08-03 16:00:00,113904.3,114730.0,113727.8,114150.8,16996.473
2025-08-04 00:00:00,114150.9,114963.4,114053.8,114607.0,21575.034
2025-08-04 08:00:00,114607.0,115431.6,114070.0,114766.3,35213.004
2025-08-04 16:00:00,114766.4,115686.0,114580.4,115002.1,26540.553
2025-08-05 00:00:00,115002.1,115073.3,113650.0,113924.7,27208.31
2025-08-05 08:00:00,113924.7,115057.0,112582.4,112871.8,64331.404
2025-08-05 16:00:00,112871.7,114178.4,112755.1,114069.6,27776.714
2025-08-06 00:00:00,114069.6,114390.2,113304.5,114179.2,23530.656
2025-08-06 08:00:00,114179.2,115488.0,113520.0,115366.3,49583.291
2025-08-06 16:00:00,115366.2,115674.2,114732.8,114941.0,25484.723
2025-08-07 00:00:00,114941.0,115144.0,114211.4,114751.1,21527.58
2025-08-07 08:00:00,114751.2,116782.6,114750.0,116634.6,65957.282
2025-08-07 16:00:00,116634.6,117580.0,115555.2,117419.9,46924.193
2025-08-08 00:00:00,117419.9,117591.8,116342.0,116772.0,28243.596
2025-08-08 08:00:00,116772.0,117229.9,115850.0,116162.0,35787.582
2025-08-08 16:00:00,116162.1,116941.5,115949.9,116628.2,25797.433
2025-08-09 00:00:00,116628.2,116950.1,116304.0,116703.2,20647.698
2025-08-09 08:00:00,116703.3,117906.7,116600.0,116835.6,39488.629
2025-08-09 16:00:00,116835.5,117000.0,116350.0,116422.1,17788.207
2025-08-10 00:00:00,116422.1,118738.0,116413.2,117770.0,64012.527
2025-08-10 08:00:00,117770.0,119094.0,117568.9,118766.0,38908.286
2025-08-10 16:00:00,118766.0,119291.9,118010.0,119255.3,27410.966
2025-08-11 00:00:00,119255.3,122450.0,118950.0,121534.8,87345.045
2025-08-11 08:00:00,121534.9,121820.7,119345.0,120271.2,76989.34
2025-08-11 16:00:00,120271.2,120799.0,118050.0,118641.9,52753.869
2025-08-12 00:00:00,118641.8,119246.4,118377.2,118931.9,27600.155
2025-08-12 08:00:00,118931.9,119927.9,118154.3,119888.0,59133.308
2025-08-12 16:00:00,119888.0,120270.0,119124.5,120081.0,38975.092
2025-08-13 00:00:00,120080.9,120146.6,118829.0,119540.3,32892.34
2025-08-13 08:00:00,119540.3,122218.3,119408.8,120897.2,89124.86
2025-08-13 16:00:00,120897.3,123715.9,120897.3,123323.9,66056.673
2025-08-14 00:00:00,123323.9,124545.6,121318.5,121742.4,71317.935
2025-08-14 08:00:00,121742.3,122050.0,117410.0,118185.9,137777.386
2025-08-14 16:00:00,118185.9,118500.0,117004.0,118242.2,50706.249
2025-08-15 00:00:00,118242.2,119184.0,117970.7,118908.3,27933.393
2025-08-15 08:00:00,118908.4,119114.9,116750.0,117216.8,56997.852
2025-08-15 16:00:00,117216.8,117859.4,116736.3,117279.2,35611.112
2025-08-16 00:00:00,117279.1,117857.1,117162.6,117549.9,19350.975
2025-08-16 08:00:00,117550.0,117786.0,117089.7,117626.9,15986.962
2025-08-16 16:00:00,117627.0,117774.5,117137.4,117329.7,11336.483
2025-08-17 00:00:00,117329.8,118187.0,117121.6,117949.9,15171.449
2025-08-17 08:00:00,117950.0,118558.0,117865.0,118191.0,17149.138
2025-08-17 16:00:00,118191.0,118267.9,117245.0,117353.8,22066.217
2025-08-18 00:00:00,117353.9,117499.4,114815.2,115153.2,69802.82
2025-08-18 08:00:00,115153.2,116137.8,114605.0,116099.4,46568.204
2025-08-18 16:00:00,116099.4,116938.7,115773.3,116183.6,30848.755
2025-08-19 00:00:00,116183.6,116687.7,114303.8,114928.7,41714.607
2025-08-19 08:00:00,114928.7,115847.4,113506.0,113730.0,55403.581
2025-08-19 16:00:00,113730.1,113844.0,112666.6,112824.2,43906.099
2025-08-20 00:00:00,112824.1,113805.5,112500.0,113436.7,30763.044
2025-08-20 08:00:00,113436.7,114279.3,112301.8,113297.0,60747.5
2025-08-20 16:00:00,113296.9,114569.0,113200.0,114220.5,39011.826
2025-08-21 00:00:00,114220.5,114777.0,113520.0,113836.8,23750.335
2025-08-21 08:00:00,113836.8,113947.4,112545.4,112748.9,40149.657
2025-08-21 16:00:00,112748.8,112940.6,111944.0,112462.2,32506.364
2025-08-22 00:00:00,112462.2,113485.9,112273.2,113040.1,28665.708
2025-08-22 08:00:00,113040.0,117266.9,111625.9,116319.3,123261.81
2025-08-22 16:00:00,116319.4,117397.4,116046.5,116897.5,47520.459
2025-08-23 00:00:00,116897.5,116988.0,115414.3,115769.9,32437.881
2025-08-23 08:00:00,115770.0,115840.4,114510.0,114776.5,32457.508
2025-08-23 16:00:00,114776.4,115380.0,114648.7,115377.1,13524.026
2025-08-24 00:00:00,115377.1,115640.0,114814.2,114854.8,20146.558
2025-08-24 08:00:00,114854.9,115033.4,114324.9,114372.6,24335.285
2025-08-24 16:00:00,114372.7,114914.8,110484.0,113446.3,88906.159
2025-08-25 00:00:00,113446.2,113621.3,111245.9,111469.7,48912.736
2025-08-25 08:00:00,111469.7,112533.2,110532.2,112142.2,68707.209
2025-08-25 16:00:00,112142.2,112897.7,109219.8,110064.0,87219.84
2025-08-26 00:00:00,110064.1,110508.5,108559.7,110244.2,47311.217
2025-08-26 08:00:00,110244.2,110817.5,109350.0,109624.6,54347.61
2025-08-26 16:00:00,109624.6,112330.0,109400.0,111709.9,43382.611
2025-08-27 00:00:00,111710.0,111765.6,110586.5,110688.0,27163.832
2025-08-27 08:00:00,110688.0,112568.5,110306.9,111965.1,42375.275
2025-08-27 16:00:00,111965.0,112550.0,110854.4,111194.9,44666.015
2025-08-28 00:00:00,111194.9,113318.2,110811.0,113079.2,34755.255
2025-08-28 08:00:00,113079.3,113429.0,112344.4,112633.1,36749.455
2025-08-28 16:00:00,112633.1,113153.1,111829.4,112507.3,26125.567
2025-08-29 00:00:00,112507.3,112585.7,109850.0,109969.0,42376.862
2025-08-29 08:00:00,109969.0,111489.5,108034.1,108334.4,94365.423
2025-08-29 16:00:00,108334.4,108777.0,107411.4,108332.4,42982.887
2025-08-30 00:00:00,108332.4,108615.3,107281.0,108466.6,27865.074
2025-08-30 08:00:00,108466.6,108879.6,108155.0,108809.8,22555.221
2025-08-30 16:00:00,108809.8,108851.0,108412.2,108757.9,10236.588
2025-08-31 00:00:00,108758.0,109439.9,108455.0,108656.9,23271.211
2025-08-31 08:00:00,108656.9,109067.2,108153.8,108758.2,23673.875
2025-08-31 16:00:00,108758.2,109196.5,108021.0,108208.4,23204.46
2025-09-01 00:00:00,108208.4,109390.3,107211.5,109390.3,51173.588
2025-09-01 08:00:00,109390.2,109874.8,108131.6,108738.0,54827.124
2025-09-01 16:00:00,108737.9,109410.5,107400.0,109187.9,44279.914
2025-09-02 00:00:00,109187.9,110597.9,108834.9,110190.1,42229.873
2025-09-02 08:00:00,110190.1,111742.1,108333.0,110789.9,98406.374
2025-09-02 16:00:00,110789.9,111487.9,110118.5,111188.0,35325.109
2025-09-03 00:00:00,111187.9,111732.9,110486.9,111041.5,25796.757
2025-09-03 08:00:00,111041.4,112470.5,110843.0,112168.6,54858.334
2025-09-03 16:00:00,112168.5,112541.2,111550.9,111659.8,24849.33
2025-09-04 00:00:00,111659.7,112136.8,110237.2,110417.3,35615.957
2025-09-04 08:00:00,110417.3,111111.0,109269.1,109448.0,48159.022
2025-09-04 16:00:00,109448.0,111743.8,109315.0,110679.4,38525.39
2025-09-05 00:00:00,110679.5,112949.0,110394.2,112900.1,43026.158
2025-09-05 08:00:00,112900.0,113344.3,110240.0,110674.1,110906.875
2025-09-05 16:00:00,110674.1,111655.5,110153.3,110614.9,39442.371
2025-09-06 00:00:00,110614.8,111256.2,110504.9,110779.9,12553.007
2025-09-06 08:00:00,110779.9,110956.5,110285.2,110324.1,14357.965
2025-09-06 16:00:00,110324.2,110359.1,109850.0,110135.3,19371.544
2025-09-07 00:00:00,110135.2,110880.8,110120.5,110710.8,15661.816
2025-09-07 08:00:00,110710.8,111371.4,110666.4,111276.2,22272.562
2025-09-07 16:00:00,111276.2,111559.5,110817.5,111076.0,15906.206
2025-09-08 00:00:00,111075.5,111580.7,110566.5,111236.4,23550.849
2025-09-08 08:00:00,111236.5,112867.6,111201.0,112573.6,52292.488
2025-09-08 16:00:00,112573.6,112635.0,111847.0,112012.6,23274.522
2025-09-09 00:00:00,112012.7,113238.0,111050.0,112950.1,51211.886
2025-09-09 08:00:00,112950.2,113134.3,110714.9,110830.1,62227.988
2025-09-09 16:00:00,110830.1,111692.3,110738.6,111499.9,23835.259
2025-09-10 00:00:00,111499.9,112555.0,110855.8,112500.1,33961.193
2025-09-10 08:00:00,112500.0,114287.9,112060.0,113801.3,83393.374
2025-09-10 16:00:00,113801.3,114046.8,113111.0,113896.8,34546.972
2025-09-11 00:00:00,113896.8,114433.2,113614.5,114040.0,22805.506
2025-09-11 08:00:00,114040.1,114691.7,113340.7,114122.3,61145.956
2025-09-11 16:00:00,114122.4,115439.0,114008.5,115427.0,29114.616
2025-09-12 00:00:00,115427.0,116280.0,114993.0,115049.0,44118.297
2025-09-12 08:00:00,115048.9,115445.9,114681.5,115064.9,32212.883
2025-09-12 16:00:00,115064.8,116605.7,114989.9,115978.4,42682.538
2025-09-13 00:00:00,115978.4,116245.4,115500.1,115715.5,17446.566
2025-09-13 08:00:00,115715.5,116126.0,115546.1,115721.3,16001.017
2025-09-13 16:00:00,115721.4,115946.4,115032.0,115862.7,19082.007
2025-09-14 00:00:00,115862.7,116075.8,115406.1,115746.0,12418.586
2025-09-14 08:00:00,115746.1,116118.6,115100.5,115162.2,23506.779
2025-09-14 16:00:00,115162.2,116050.0,115057.0,115210.0,19162.625
2025-09-15 00:00:00,115210.0,116759.9,114777.0,115769.5,41040.16
2025-09-15 08:00:00,115769.6,115769.6,114338.5,114788.4,56121.452
2025-09-15 16:00:00,114788.1,115550.0,114542.6,115300.6,20749.667
2025-09-16 00:00:00,115300.5,115968.0,114867.0,115799.4,26806.879
2025-09-16 08:00:00,115799.4,115945.0,114600.0,115877.9,34462.925
2025-09-16 16:00:00,115877.9,116910.8,115549.9,116747.3,38176.38
2025-09-17 00:00:00,116747.3,117266.4,116107.2,117120.5,31625.562
2025-09-17 08:00:00,117120.5,117156.6,115340.0,115825.1,42681.971
2025-09-17 16:00:00,115825.1,116940.0,114623.3,116402.5,83817.537
2025-09-18 00:00:00,116402.6,117865.9,116033.5,117033.6,47695.518
2025-09-18 08:00:00,117033.7,117789.9,116913.9,117530.3,32155.373
2025-09-18 16:00:00,117530.2,117875.2,116489.7,117017.1,27364.826
2025-09-19 00:00:00,117017.1,117406.8,116567.3,116850.1,23131.715
2025-09-19 08:00:00,116850.0,117050.6,115408.4,115826.9,41293.724
2025-09-19 16:00:00,115826.9,116093.0,115049.9,115569.5,23726.21
2025-09-20 00:00:00,115569.6,115933.4,115343.0,115909.8,11044.171
2025-09-20 08:00:00,115909.9,116059.2,115605.6,115928.5,12656.858
2025-09-20 16:00:00,115928.4,116017.9,115549.9,115624.9,8654.649
2025-09-21 00:00:00,115625.0,115772.9,115388.0,115772.9,9687.365
2025-09-21 08:00:00,115772.8,115778.0,115277.0,115471.1,11031.075
2025-09-21 16:00:00,115471.0,115620.0,115137.6,115183.9,12074.991
2025-09-22 00:00:00,115183.9,115344.6,111469.2,112454.4,88187.956
2025-09-22 08:00:00,112454.5,113413.5,112119.0,112768.7,42417.498
2025-09-22 16:00:00,112768.7,112942.4,111866.3,112604.7,28856.114
2025-09-23 00:00:00,112604.7,113080.0,111405.1,113048.1,40307.359
2025-09-23 08:00:00,113048.1,113254.8,112390.6,112828.6,29408.669
2025-09-23 16:00:00,112828.6,112927.8,111413.5,111947.0,32542.236
2025-09-24 00:00:00,111947.0,112732.8,110935.0,112544.7,39183.862
2025-09-24 08:00:00,112544.7,113850.0,112356.4,113299.9,42790.513
2025-09-24 16:00:00,113300.0,113895.8,113107.4,113254.0,23339.721
2025-09-25 00:00:00,113253.9,113462.1,111389.0,111708.5,53644.184
2025-09-25 08:00:00,111708.5,112220.3,110555.0,111538.4,58040.354
2025-09-25 16:00:00,111538.4,111636.6,108574.1,108934.5,66979.203
2025-09-26 00:00:00,108934.6,109766.0,108750.0,109257.3,36519.886
2025-09-26 08:00:00,109257.4,109742.3,108566.0,108976.0,46306.534
2025-09-26 16:00:00,108976.0,110250.0,108953.7,109588.5,29451.239
2025-09-27 00:00:00,109588.5,109700.0,109267.3,109354.8,11770.548
2025-09-27 08:00:00,109354.9,109449.2,109021.9,109340.7,14651.941
2025-09-27 16:00:00,109340.8,109653.2,109188.1,109577.3,9449.435
2025-09-28 00:00:00,109577.2,109749.9,109203.9,109468.5,12593.544
2025-09-28 08:00:00,109468.4,109990.0,109136.5,109990.0,24197.773
2025-09-28 16:00:00,109990.0,112300.0,109952.2,112119.6,40456.646
2025-09-29 00:00:00,112119.7,112269.3,111501.0,111814.7,31271.276
2025-09-29 08:00:00,111814.8,114188.0,111814.7,113752.0,64189.224
2025-09-29 16:00:00,113752.0,114377.2,113404.5,114257.1,29945.209
2025-09-30 00:00:00,114257.1,114800.0,113531.7,113662.4,33482.575
2025-09-30 08:00:00,113662.3,113700.0,112615.3,113055.4,47532.915
2025-09-30 16:00:00,113055.4,114720.0,112743.6,113988.8,38304.525
2025-10-01 00:00:00,113988.7,114700.0,113899.4,114480.8,32174.762
2025-10-01 08:00:00,114480.8,117647.8,114425.6,117366.4,84004.909
2025-10-01 16:00:00,117366.5,118631.8,116687.5,118552.4,56809.758
2025-10-02 00:00:00,118552.0,119457.0,118226.4,118444.1,42208.163
2025-10-02 08:00:00,118444.1,119889.0,118307.3,119875.1,52237.353
2025-10-02 16:00:00,119875.1,120999.0,119317.0,120481.3,51011.422
2025-10-03 00:00:00,120481.3,120505.5,119579.6,119620.1,26615.292
2025-10-03 08:00:00,119620.1,122399.9,119200.0,122238.5,56496.476
2025-10-03 16:00:00,122238.5,123900.0,121425.5,122182.7,84768.494
2025-10-04 00:00:00,122182.6,122781.1,121636.4,122271.3,29705.945
2025-10-04 08:00:00,122271.4,122497.4,121638.5,121744.8,21619.28
2025-10-04 16:00:00,121744.8,122374.8,121432.0,122343.2,19153.985
2025-10-05 00:00:00,122343.2,125877.3,122088.1,124692.4,77527.641
2025-10-05 08:00:00,124692.5,124843.0,122472.0,122753.0,53963.17
2025-10-05 16:00:00,122752.9,123453.5,122160.0,123426.7,31080.189
2025-10-06 00:00:00,123426.7,124336.3,123018.5,123332.3,39474.459
2025-10-06 08:00:00,123332.4,125375.0,123332.3,124946.2,51896.976
2025-10-06 16:00:00,124946.2,126208.5,124463.0,124628.5,48829.894
2025-10-07 00:00:00,124628.6,125047.0,123503.9,123627.1,31207.233
2025-10-07 08:00:00,123627.1,125098.0,121102.0,121788.3,89415.272
2025-10-07 16:00:00,121788.2,122255.4,120516.0,121286.5,61276.842
2025-10-08 00:00:00,121286.6,122196.9,121005.3,121550.4,35830.79
2025-10-08 08:00:00,121550.5,123312.9,121468.5,122140.1,53109.342
2025-10-08 16:00:00,122140.1,124170.6,122055.8,123237.5,38159.654
2025-10-09 00:00:00,123237.4,123279.7,121411.8,121847.9,28164.467
2025-10-09 08:00:00,121847.8,123740.1,120595.5,121079.4,83775.323
2025-10-09 16:00:00,121079.4,121712.4,119572.8,121579.3,51656.59
2025-10-10 00:00:00,121579.4,121835.5,120814.0,120886.1,29750.454
2025-10-10 08:00:00,120886.1,122497.0,118424.4,118965.3,77150.907
2025-10-10 16:00:00,118965.2,119403.4,101516.5,112714.9,285062.271
2025-10-11 00:00:00,112715.0,113300.1,110022.0,110338.7,83042.442
2025-10-11 08:00:00,110338.7,112466.2,110100.5,111744.4,40191.888
2025-10-11 16:00:00,111744.4,112142.0,109501.0,110579.1,40437.26
2025-10-12 00:00:00,110579.1,112110.0,109509.3,111464.0,50772.121
2025-10-12 08:00:00,111463.9,113687.6,111070.4,113119.0,79744.862
2025-10-12 16:00:00,113119.0,115730.3,113119.0,114894.4,87411.054
2025-10-13 00:00:00,114894.5,115912.0,114357.2,115341.7,60882.628
2025-10-13 08:00:00,115341.7,115488.9,113600.5,114260.7,82181.62
2025-10-13 16:00:00,114260.8,115827.6,114151.0,115111.9,52932.535
2025-10-14 00:00:00,115112.0,115360.2,111302.0,111665.2,98081.07
2025-10-14 08:00:00,111665.2,112839.9,109802.0,112823.0,97582.241
2025-10-14 16:00:00,112822.9,113557.9,111615.1,112983.8,63581.185
2025-10-15 00:00:00,112983.9,113576.1,111692.8,112524.3,33299.534
2025-10-15 08:00:00,112524.4,113477.9,110320.4,110757.5,66048.807
2025-10-15 16:00:00,110757.4,111500.0,110096.9,110699.0,32428.749
2025-10-16 00:00:00,110699.1,111827.5,110300.0,110518.2,35120.009
2025-10-16 08:00:00,110518.2,111960.0,108250.0,108474.0,92068.509
2025-10-16 16:00:00,108473.9,109212.6,107350.0,108129.4,66356.267
2025-10-17 00:00:00,108129.4,109199.8,105457.4,105578.3,61919.759
2025-10-17 08:00:00,105578.3,106800.0,103470.0,106750.1,143529.535
2025-10-17 16:00:00,106750.0,107505.0,106016.6,106378.6,37340.398
2025-10-18 00:00:00,106378.5,107452.6,106270.0,106648.3,35150.46
2025-10-18 08:00:00,106648.2,107248.0,106550.0,106893.2,19769.515
2025-10-18 16:00:00,106893.3,107298.7,106410.8,107117.5,13589.928
2025-10-19 00:00:00,107117.5,107333.0,106503.3,106733.3,17741.781
2025-10-19 08:00:00,106733.3,108575.6,106055.8,108429.5,66100.773
2025-10-19 16:00:00,108429.6,109399.9,108175.6,108586.2,29631.166
2025-10-20 00:00:00,108586.2,111350.0,107377.2,111126.2,59754.136
2025-10-20 08:00:00,111126.2,111650.0,110522.9,111079.1,41266.004
2025-10-20 16:00:00,111079.2,111255.0,109800.0,110469.9,38626.809
2025-10-21 00:00:00,110469.9,110486.3,107400.0,108020.0,52518.104
2025-10-21 08:00:00,108019.9,113480.0,107432.8,113355.2,97334.789
2025-10-21 16:00:00,113355.2,113940.0,108000.0,108253.7,91274.533
2025-10-22 00:00:00,108253.8,108649.4,107558.1,108284.1,42481.896
2025-10-22 08:00:00,108284.1,109160.0,106360.3,108369.9,90022.421
2025-10-22 16:00:00,108369.8,108780.0,106588.0,107532.0,48389.666
2025-10-23 00:00:00,107532.1,110275.9,107462.9,109228.6,43610.97
2025-10-23 08:00:00,109228.6,110088.0,108639.4,109849.0,44377.979
2025-10-23 16:00:00,109849.0,111240.0,109260.0,110025.9,41651.768
2025-10-24 00:00:00,110026.0,111498.8,109927.8,111013.7,32751.82
2025-10-24 08:00:00,111013.7,112086.0,109650.0,110009.8,59053.295
2025-10-24 16:00:00,110009.9,111088.0,109752.8,110965.4,18954.417
2025-10-25 00:00:00,110965.4,111775.1,110600.5,111445.4,15221.449
2025-10-25 08:00:00,111445.5,111903.9,111255.2,111340.9,18681.316
2025-10-25 16:00:00,111341.0,111686.0,111094.4,111589.4,11366.718
2025-10-26 00:00:00,111589.4,111866.7,111200.0,111672.8,10344.501
2025-10-26 08:00:00,111672.9,114000.0,111650.3,113648.1,52652.331
2025-10-26 16:00:00,113648.0,115521.7,112800.0,114497.8,34338.555
2025-10-27 00:00:00,114497.9,116380.2,114300.0,115522.5,48868.929
2025-10-27 08:00:00,115522.4,115575.1,114433.0,114914.4,40353.115
2025-10-27 16:00:00,114914.5,115744.8,113792.4,114064.1,29389.568
2025-10-28 00:00:00,114064.2,114500.1,113422.0,114128.7,27352.751
2025-10-28 08:00:00,114128.8,116074.3,114058.0,114571.9,50383.768
2025-10-28 16:00:00,114571.7,115554.5,112121.4,112833.5,53352.321
2025-10-29 00:00:00,112833.5,113525.0,112036.1,113511.9,30685.092
2025-10-29 08:00:00,113512.0,113593.0,111326.5,111460.6,47028.861
2025-10-29 16:00:00,111460.7,111963.0,109026.4,109985.6,86206.913
2025-10-30 00:00:00,109985.6,111565.1,107817.3,111313.5,70954.453
2025-10-30 08:00:00,111313.6,111400.0,107254.1,107670.6,75598.36
2025-10-30 16:00:00,107670.5,108300.0,106200.0,108263.5,59200.831
2025-10-31 00:00:00,108263.6,110200.0,108226.6,109400.1,56259.684
2025-10-31 08:00:00,109400.0,111233.0,109159.0,110160.1,63638.09
2025-10-31 16:00:00,110160.1,110273.2,108600.0,109557.3,32166.002
2025-11-01 00:00:00,109557.2,110557.0,109351.5,110025.3,16082.63
2025-11-01 08:00:00,110025.3,110300.0,109654.5,110253.2,14928.327
2025-11-01 16:00:00,110253.1,110487.0,109803.5,110047.2,10603.264
2025-11-02 00:00:00,110047.3,110988.0,109836.7,110844.1,16688.182
2025-11-02 08:00:00,110844.0,111216.0,110030.0,110066.1,26394.709
2025-11-02 16:00:00,110066.2,110700.0,109368.9,110494.9,18026.282
2025-11-03 00:00:00,110494.9,110711.0,106946.7,107420.5,51898.3
2025-11-03 08:00:00,107420.6,108280.0,105500.0,105718.8,68494.756
2025-11-03 16:00:00,105718.8,107797.2,105300.0,106544.0,53864.991
2025-11-04 00:00:00,106544.0,107271.9,104125.3,104442.9,62975.035
2025-11-04 08:00:00,104442.9,104800.0,102870.0,103157.7,76780.704
2025-11-04 16:00:00,103157.7,103474.1,98888.8,101450.3,141986.421
2025-11-05 00:00:00,101450.2,102326.4,98909.7,101946.1,76505.492
2025-11-05 08:00:00,101946.2,103750.0,101131.0,103668.3,56054.113
2025-11-05 16:00:00,103668.2,104497.6,102972.8,103837.0,35210.489
2025-11-06 00:00:00,103837.0,104210.2,102684.7,103138.6,31484.24
2025-11-06 08:00:00,103138.6,103585.0,101570.5,101981.6,53736.699
2025-11-06 16:00:00,101981.6,102367.9,100238.4,101305.6,59808.882
2025-11-07 00:00:00,101305.6,102480.4,100700.1,101978.8,33497.713
2025-11-07 08:00:00,101978.2,102024.7,99200.0,100758.0,78448.199
2025-11-07 16:00:00,100758.0,104070.7,100468.9,103305.2,52021.546
2025-11-08 00:00:00,103305.3,103373.8,101853.8,102302.9,30561.776
2025-11-08 08:00:00,102302.8,102654.1,101400.1,101678.0,26127.11
2025-11-08 16:00:00,101678.1,102443.9,101471.1,102269.3,14003.063
2025-11-09 00:00:00,102269.3,102294.9,101300.0,101898.2,15369.942
2025-11-09 08:00:00,101898.3,104180.0,101457.0,103715.8,39428.474
2025-11-09 16:00:00,103715.8,105440.0,103290.8,104670.6,37569.254
2025-11-10 00:00:00,104670.7,106666.0,104205.9,106417.7,45461.955
2025-11-10 08:00:00,106417.6,106570.0,104615.7,105028.9,46650.91
2025-11-10 16:00:00,105028.9,106249.6,104735.6,105966.3,28290.673
2025-11-11 00:00:00,105966.3,107473.7,104685.3,104737.0,51110.468
2025-11-11 08:00:00,104737.1,105464.2,103135.2,103417.2,46558.822
2025-11-11 16:00:00,103417.2,103694.8,102400.0,103005.8,34934.484
2025-11-12 00:00:00,103005.8,103605.0,102629.5,103066.7,21947.488
2025-11-12 08:00:00,103066.7,105297.0,101900.0,102124.9,69342.711
2025-11-12 16:00:00,102124.9,102249.2,100711.0,101605.8,49586.077
2025-11-13 00:00:00,101605.8,104024.6,100850.0,103430.9,56964.926
2025-11-13 08:00:00,103430.9,103765.4,101135.0,101338.0,63645.546
2025-11-13 16:00:00,101338.0,101495.7,97959.0,99654.3,115436.327
2025-11-14 00:00:00,99654.3,99862.8,95840.9,97099.9,100029.588
2025-11-14 08:00:00,97099.9,97520.0,94500.0,96752.6,113711.375
2025-11-14 16:00:00,96752.7,97377.6,93955.0,94544.9,73331.82
2025-11-15 00:00:00,94544.9,96800.0,94523.9,96289.4,41290.89
2025-11-15 08:00:00,96289.3,96439.6,95534.1,96222.1,26060.25
2025-11-15 16:00:00,96222.1,96362.5,95072.1,95560.3,22869.179
2025-11-16 00:00:00,95560.4,96170.6,94800.0,96064.8,21250.426
2025-11-16 08:00:00,96064.8,96600.0,94300.0,94531.3,35583.186
2025-11-16 16:00:00,94531.2,95544.8,92922.8,94221.7,78915.897
2025-11-17 00:00:00,94221.7,95838.0,93730.0,95587.9,40419.938
2025-11-17 08:00:00,95587.9,96012.2,93511.8,93915.7,73819.621
2025-11-17 16:00:00,93915.8,94388.0,91250.0,92169.7,90921.726
2025-11-18 00:00:00,92169.8,92335.4,89012.0,90459.1,98496.042
2025-11-18 08:00:00,90459.2,92991.7,90459.1,92851.4,86438.028
2025-11-18 16:00:00,92851.5,93799.1,92420.3,92916.9,47757.086
2025-11-19 00:00:00,92916.8,92944.8,89966.0,91826.6,70580.608
2025-11-19 08:00:00,91826.6,92348.2,89822.0,89901.0,61957.496
2025-11-19 16:00:00,89901.0,91554.9,88564.4,91508.9,93900.346
2025-11-20 00:00:00,91509.0,93150.0,91140.2,92267.4,54833.381
2025-11-20 08:00:00,92267.5,92498.6,89804.1,89835.4,68059.664
2025-11-20 16:00:00,89835.5,89885.7,86066.6,86601.3,153619.982
2025-11-21 00:00:00,86601.4,87465.4,81111.0,84006.7,123945.113
2025-11-21 08:00:00,84006.7,85449.2,80600.0,82905.1,213662.062
2025-11-21 16:00:00,82905.0,85548.4,82300.0,85093.5,112197.149
2025-11-22 00:00:00,85093.6,85599.9,83792.0,84537.4,35863.179
2025-11-22 08:00:00,84537.4,84712.7,83456.0,84239.9,39246.5
2025-11-22 16:00:00,84239.9,85238.3,84175.0,84689.4,19087.376
2025-11-23 00:00:00,84689.4,86826.8,84622.0,85732.0,48802.543
2025-11-23 08:00:00,85732.1,87222.0,85724.7,87042.8,43518.994
2025-11-23 16:00:00,87042.8,88100.0,86458.0,86807.7,46608.536
2025-11-24 00:00:00,86807.6,88049.5,85915.0,87004.6,62853.879
2025-11-24 08:00:00,87004.6,87004.6,85226.4,86571.0,72609.857
2025-11-24 16:00:00,86571.1,89177.3,86571.0,88247.1,75649.596
2025-11-25 00:00:00,88247.1,88477.6,87240.0,87362.2,36778.868
2025-11-25 08:00:00,87362.2,87732.7,86061.1,86946.5,63511.278
2025-11-25 16:00:00,86946.6,88115.0,86132.7,87324.1,49347.509
2025-11-26 00:00:00,87324.1,88200.0,86851.1,87896.2,31246.568
2025-11-26 08:00:00,87896.2,87909.2,86260.9,86926.2,53742.084
2025-11-26 16:00:00,86926.3,90655.4,86914.3,90438.1,74157.881
2025-11-27 00:00:00,90438.0,91850.0,90024.4,91361.5,46923.327
2025-11-27 08:00:00,91361.4,91931.9,90410.6,90912.9,42167.834
2025-11-27 16:00:00,90913.0,91800.0,90800.4,91292.2,24594.071
2025-11-28 00:00:00,91292.2,91690.0,90612.2,90870.2,27268.059
2025-11-28 08:00:00,90870.2,93080.0,90863.6,92299.9,69712.203
2025-11-28 16:00:00,92299.8,92323.6,90155.0,90847.8,49940.085
2025-11-29 00:00:00,90847.8,91078.4,90265.2,90523.5,16334.304
2025-11-29 08:00:00,90523.4,91068.1,90335.2,91030.0,15040.58
2025-11-29 16:00:00,91030.0,91130.0,90092.7,90765.0,22821.795
2025-11-30 00:00:00,90764.9,91016.0,90414.0,90924.5,11000.072
2025-11-30 08:00:00,90924.5,91934.4,90879.3,91405.8,30725.552
2025-11-30 16:00:00,91405.9,91818.8,90300.0,90320.6,24414.094
2025-12-01 00:00:00,90320.5,90396.9,85563.7,86487.6,112032.319
2025-12-01 08:00:00,86487.3,86886.0,83786.0,84650.0,103211.421
2025-12-01 16:00:00,84650.0,86817.0,84011.0,86241.6,81603.426
2025-12-02 00:00:00,86241.5,87384.0,86140.1,86965.0,35626.885
2025-12-02 08:00:00,86965.0,91211.3,86321.0,90809.2,103133.905
2025-12-02 16:00:00,90809.2,92273.2,90156.4,91249.1,89340.375
2025-12-03 00:00:00,91249.1,93932.7,90954.8,92969.9,68575.056
2025-12-03 08:00:00,92970.0,93653.6,91637.4,92332.9,79781.496
2025-12-03 16:00:00,92333.0,94185.0,91733.2,93376.7,52941.765
2025-12-04 00:00:00,93376.8,94040.0,92628.0,93358.6,40502.765
2025-12-04 08:00:00,93358.5,93600.0,91762.0,92933.5,55070.495
2025-12-04 16:00:00,92933.4,93143.4,90822.5,92034.7,51199.167
2025-12-05 00:00:00,92034.7,92665.5,91750.6,92227.5,23263.191
2025-12-05 08:00:00,92227.6,92227.6,89863.0,90414.0,76843.186
2025-12-05 16:00:00,90413.9,90460.0,87976.3,89288.5,79018.68
2025-12-06 00:00:00,89288.6,89758.0,88986.1,89549.6,16254.042
2025-12-06 08:00:00,89549.5,90257.3,89165.9,89713.4,23446.515
2025-12-06 16:00:00,89713.3,89940.3,88870.1,89197.1,17126.31
2025-12-07 00:00:00,89197.1,89750.0,89131.5,89337.1,12301.981
2025-12-07 08:00:00,89337.1,89700.0,87688.0,89505.0,48984.585
2025-12-07 16:00:00,89505.0,91722.0,88890.0,90345.4,68305.439
2025-12-08 00:00:00,90345.4,91868.0,89806.4,91519.8,33629.141
2025-12-08 08:00:00,91519.8,92262.6,89553.8,89912.6,73107.644
2025-12-08 16:00:00,89912.7,91338.2,89629.1,90610.8,45737.954
2025-12-09 00:00:00,90610.8,90810.8,89368.9,90449.9,36550.737
2025-12-09 08:00:00,90449.9,92867.0,89868.0,92676.9,56304.37
2025-12-09 16:00:00,92676.9,94555.0,92199.0,92638.4,89075.156
2025-12-10 00:00:00,92638.3,92749.8,91900.0,92744.7,25524.767
2025-12-10 08:00:00,92744.7,93278.9,91520.0,92021.8,43713.263
2025-12-10 16:00:00,92021.8,94443.7,91605.0,91977.5,91250.75
2025-12-11 00:00:00,91977.5,92046.3,89321.0,90231.4,57952.114
2025-12-11 08:00:00,90231.3,90618.0,89200.0,89830.1,47678.244
2025-12-11 16:00:00,89830.1,93547.3,89288.0,92477.5,85517.71
2025-12-12 00:00:00,92477.6,92719.0,91400.0,92389.5,34015.45
2025-12-12 08:00:00,92389.5,92630.0,89688.0,89895.0,58892.981
2025-12-12 16:00:00,89895.0,90617.7,89429.0,90229.6,51935.679
2025-12-13 00:00:00,90229.7,90432.0,90077.0,90286.1,9387.78
2025-12-13 08:00:00,90286.0,90599.0,89888.0,90055.4,16914.77
2025-12-13 16:00:00,90055.3,90248.0,89711.9,90191.3,9935.183
2025-12-14 00:00:00,90191.3,90440.0,90005.8,90205.1,11086.589
2025-12-14 08:00:00,90205.1,90250.0,88412.8,88985.2,41907.652
2025-12-14 16:00:00,88985.2,89372.8,87504.3,88118.8,39092.413
2025-12-15 00:00:00,88118.8,89972.4,88025.3,89703.0,38756.217
2025-12-15 08:00:00,89702.9,89940.0,86563.6,86996.6,79174.898
2025-12-15 16:00:00,86996.5,87189.9,85073.0,86389.9,76284.93
2025-12-16 00:00:00,86390.0,86577.0,85226.0,85964.8,34087.788
2025-12-16 08:00:00,85964.9,88143.9,85874.6,87936.3,73045.077
2025-12-16 16:00:00,87936.3,88012.5,87015.8,87826.3,35092.183
2025-12-17 00:00:00,87826.3,87925.8,86158.4,87010.4,34420.912
2025-12-17 08:00:00,87010.4,90363.2,86201.0,87191.4,101626.501
2025-12-17 16:00:00,87191.0,87737.3,85261.3,86201.6,72599.335
2025-12-18 00:00:00,86201.6,86859.1,85820.6,86787.5,27678.692
2025-12-18 08:00:00,86787.5,89447.9,86640.5,88480.8,90207.0
2025-12-18 16:00:00,88480.7,88500.0,84408.6,85469.7,111687.987
2025-12-19 00:00:00,85469.8,88366.0,85062.7,87909.7,58643.657
2025-12-19 08:00:00,87909.7,89374.6,87488.0,87925.6,68574.311
2025-12-19 16:00:00,87925.6,88888.0,86795.5,88100.0,51066.526
2025-12-20 00:00:00,88100.0,88551.8,87926.7,88239.9,12535.688
2025-12-20 08:00:00,88240.0,88397.8,87698.5,88134.6,16398.764
2025-12-20 16:00:00,88134.5,88434.9,88060.0,88320.8,7039.396
2025-12-21 00:00:00,88320.7,88400.0,87821.1,88138.7,9995.331
2025-12-21 08:00:00,88138.8,89050.0,87548.5,88024.7,41159.464
2025-12-21 16:00:00,88024.7,88786.9,87902.0,88621.3,16469.593
2025-12-22 00:00:00,88621.3,89600.0,87845.0,89127.7,41141.714
2025-12-22 08:00:00,89127.8,90599.0,89050.1,89688.5,68968.321
2025-12-22 16:00:00,89688.6,90088.0,87872.6,88581.5,44583.434
2025-12-23 00:00:00,88581.5,88904.9,86976.6,87531.3,39705.67
2025-12-23 08:00:00,87531.3,87914.0,86536.0,87405.3,46483.768
2025-12-23 16:00:00,87405.2,88349.2,87121.4,87463.0,47468.51
2025-12-24 00:00:00,87463.1,87849.9,86738.8,86868.1,26644.234
2025-12-24 08:00:00,86868.1,87450.0,86355.0,87012.0,33836.234
2025-12-24 16:00:00,87012.0,88033.3,86878.3,87627.3,21063.04
2025-12-25 00:00:00,87627.4,87933.5,87466.9,87795.9,9507.911
2025-12-25 08:00:00,87795.9,88594.0,87219.0,88338.9,23665.658
2025-12-25 16:00:00,88339.0,88451.6,86902.1,87182.8,24622.683
2025-12-26 00:00:00,87182.8,89557.6,86824.8,88433.0,60052.474
2025-12-26 08:00:00,88433.0,89037.0,86619.9,87100.0,62856.606
2025-12-26 16:00:00,87100.0,87750.0,86760.4,87318.2,27062.657
2025-12-27 00:00:00,87318.3,87669.7,87203.0,87490.9,8089.911
2025-12-27 08:00:00,87490.9,87634.9,87264.8,87516.2,9681.26
2025-12-27 16:00:00,87516.3,87956.9,87397.5,87829.4,9522.938
2025-12-28 00:00:00,87829.5,87921.7,87566.0,87697.7,8414.215
2025-12-28 08:00:00,87697.7,88078.3,87676.4,87797.7,12252.023
2025-12-28 16:00:00,87797.6,88023.4,87402.6,87920.5,16693.726
2025-12-29 00:00:00,87920.4,90373.4,87778.5,89583.0,70677.676
2025-12-29 08:00:00,89583.0,89791.5,86760.0,87636.6,95019.987
2025-12-29 16:00:00,87636.4,87968.1,87043.4,87203.3,24306.546
2025-12-30 00:00:00,87203.2,87581.4,86789.0,87457.5,21610.072
2025-12-30 08:00:00,87457.5,89126.0,87455.5,88966.8,62229.225
2025-12-30 16:00:00,88966.8,89355.0,87833.2,88455.3,42905.963
2025-12-31 00:00:00,88455.2,88780.0,88134.9,88569.0,17963.71
2025-12-31 08:00:00,88568.9,89192.8,87729.2,87909.0,43977.0
2025-12-31 16:00:00,87909.0,88024.3,87189.2,87608.2,34827.647
2026-01-01 00:00:00,87608.3,88065.0,87508.4,87603.7,12787.855
2026-01-01 08:00:00,87603.7,88079.3,87590.0,87986.8,14176.753
2026-01-01 16:00:00,87986.8,88881.4,87833.1,88800.0,20976.695
2026-01-02 00:00:00,88800.0,89088.0,88324.4,88829.3,32050.498
2026-01-02 08:00:00,88829.3,90126.5,88401.2,89373.1,78534.491
2026-01-02 16:00:00,89373.0,90945.1,89145.2,89951.4,66077.459
2026-01-03 00:00:00,89951.5,90456.0,89261.2,89535.9,20842.335
2026-01-03 08:00:00,89535.9,90200.0,89380.2,89931.8,19747.671
2026-01-03 16:00:00,89931.7,90716.9,89866.5,90595.8,16301.263
2026-01-04 00:00:00,90595.8,91779.7,90595.7,91477.5,34581.048
2026-01-04 08:00:00,91477.5,91581.7,90968.0,91292.8,22272.021
2026-01-04 16:00:00,91292.8,91567.0,90790.1,91497.1,16919.96
2026-01-05 00:00:00,91497.2,93382.5,91476.5,92492.1,71281.664
2026-01-05 08:00:00,92492.1,93998.9,92292.0,93899.9,63346.86
2026-01-05 16:00:00,93900.0,94760.3,93201.0,93822.4,54787.788
2026-01-06 00:00:00,93822.3,94125.1,93088.0,93207.4,29807.668
2026-01-06 08:00:00,93207.4,94415.4,93130.4,93608.2,55171.803
2026-01-06 16:00:00,93608.2,93825.0,91209.0,93708.0,102463.579
2026-01-07 00:00:00,93708.1,93708.1,92202.9,92848.1,32964.693
2026-01-07 08:00:00,92848.1,92928.0,90987.0,91303.1,71376.651
2026-01-07 16:00:00,91303.2,91750.0,90634.1,91328.0,44645.506
2026-01-08 00:00:00,91328.1,91666.0,89588.1,90509.9,49741.45
2026-01-08 08:00:00,90509.8,90790.0,89242.0,90730.0,75923.458
2026-01-08 16:00:00,90730.0,91449.9,90244.7,91059.8,42811.036
2026-01-09 00:00:00,91059.8,91600.0,90704.0,90712.1,20830.923
2026-01-09 08:00:00,90712.1,91999.0,89632.8,91137.7,80068.111
2026-01-09 16:00:00,91137.8,91749.9,90082.6,90603.6,39495.643
2026-01-10 00:00:00,90603.7,90748.6,90351.6,90627.1,8193.303
2026-01-10 08:00:00,90627.1,90800.0,90494.0,90622.7,9785.301
2026-01-10 16:00:00,90622.8,90708.0,90358.5,90469.6,7292.137
2026-01-11 00:00:00,90469.7,90818.0,90410.6,90664.0,6674.204
2026-01-11 08:00:00,90663.9,91143.1,90555.0,90834.1,16050.076
2026-01-11 16:00:00,90834.0,91252.5,90175.3,90964.4,20820.102
2026-01-12 00:00:00,90964.4,92488.0,90642.0,91369.2,49504.808
2026-01-12 08:00:00,91369.2,91637.8,90066.0,91618.7,63747.334
2026-01-12 16:00:00,91618.6,92299.0,90870.0,91252.6,55985.241
2026-01-13 00:00:00,91252.5,92258.0,91011.0,91908.0,32057.668
2026-01-13 08:00:00,91908.0,93408.0,91700.6,93407.9,71680.322
2026-01-13 16:00:00,93407.9,96863.7,93009.8,95375.2,96807.928
2026-01-14 00:00:00,95375.2,95755.0,94413.4,95166.6,39914.409
2026-01-14 08:00:00,95166.6,97100.0,94643.0,96691.9,70422.618
2026-01-14 16:00:00,96691.9,97932.1,96180.0,96907.9,71706.464
2026-01-15 00:00:00,96908.0,96960.9,95733.1,96601.2,37645.534
2026-01-15 08:00:00,96601.2,97155.0,95403.7,96717.3,61089.031
2026-01-15 16:00:00,96717.3,97047.6,95080.0,95567.3,50470.176
2026-01-16 00:00:00,95567.4,95825.0,95111.1,95608.4,23668.82
2026-01-16 08:00:00,95608.4,95805.0,94234.5,94537.5,47204.002
2026-01-16 16:00:00,94537.6,95550.0,94454.5,95503.7,30345.267
2026-01-17 00:00:00,95503.8,95536.9,94999.9,95061.1,10291.281
2026-01-17 08:00:00,95061.1,95621.9,94977.5,95529.0,15223.189
2026-01-17 16:00:00,95529.0,95529.0,95000.0,95107.9,13454.763
2026-01-18 00:00:00,95107.9,95236.5,94819.5,94989.9,11413.805
2026-01-18 08:00:00,94989.9,95326.4,94850.4,95067.8,17808.377
2026-01-18 16:00:00,95067.7,95490.0,93550.3,93614.0,33358.211
2026-01-19 00:00:00,93614.0,93614.1,91800.0,92787.9,61341.981
2026-01-19 08:00:00,92787.8,93312.8,92635.0,93013.5,24942.511
2026-01-19 16:00:00,93013.4,93379.0,92116.0,92589.6,21952.564
2026-01-20 00:00:00,92589.6,92845.0,90723.3,91136.1,53954.397
2026-01-20 08:00:00,91136.1,91415.1,89819.0,90644.2,67176.279
2026-01-20 16:00:00,90644.3,90944.5,87787.2,88390.6,66945.524
2026-01-21 00:00:00,88390.7,90088.0,88218.2,89171.3,38213.979
2026-01-21 08:00:00,89171.3,90599.5,88109.7,90237.1,67774.859
2026-01-21 16:00:00,90237.2,90427.6,87205.5,89411.4,102093.777
2026-01-22 00:00:00,89411.4,90327.7,89411.3,89772.6,22012.91
2026-01-22 08:00:00,89772.6,90309.5,88465.6,88953.6,51294.633
2026-01-22 16:00:00,88953.7,89908.5,88630.2,89518.5,32606.678
2026-01-23 00:00:00,89518.4,90050.0,89358.0,89497.2,17453.959
2026-01-23 08:00:00,89497.3,89847.2,88530.0,89711.2,41195.922
2026-01-23 16:00:00,89711.2,91195.0,89163.6,89558.7,66175.969
2026-01-24 00:00:00,89558.7,89893.9,89383.5,89581.2,9902.794
2026-01-24 08:00:00,89581.3,89659.2,89131.2,89235.0,11522.872
2026-01-24 16:00:00,89234.9,89444.4,89116.9,89180.7,9310.271
2026-01-25 00:00:00,89180.7,89281.6,88600.0,88630.3,12779.129
2026-01-25 08:00:00,88630.3,88947.1,88084.0,88406.0,25049.049
2026-01-25 16:00:00,88406.0,88410.0,86021.7,86628.9,87051.185
2026-01-26 00:00:00,86628.9,88059.6,86463.2,87968.9,42273.053
2026-01-26 08:00:00,87969.0,88834.1,87278.5,87609.5,50883.632
2026-01-26 16:00:00,87609.4,88637.4,86960.0,88300.6,41452.806
2026-01-27 00:00:00,88300.6,88983.3,88157.4,88287.9,21632.74
2026-01-27 08:00:00,88288.0,88418.8,87530.0,88000.1,32678.365
2026-01-27 16:00:00,88000.1,89499.0,87265.4,89197.8,63615.009
2026-01-28 00:00:00,89197.8,89454.6,88786.0,89106.8,19737.0
2026-01-28 08:00:00,89106.8,90444.4,88831.9,89444.4,57360.607
2026-01-28 16:00:00,89444.5,90592.7,88829.0,89261.7,46787.252
2026-01-29 00:00:00,89261.7,89316.8,87650.1,88310.9,35595.25
2026-01-29 08:00:00,88310.9,88461.2,84335.4,84898.0,90478.265
2026-01-29 16:00:00,84897.9,85596.1,83338.3,84604.7,100688.076
2026-01-30 00:00:00,84604.7,84697.2,81000.0,82770.1,110108.168
2026-01-30 08:00:00,82770.1,83779.2,82108.4,82850.2,66521.059
2026-01-30 16:00:00,82850.1,84599.0,81832.0,84211.4,78165.289
2026-01-31 00:00:00,84211.4,84239.5,83368.0,83514.4,19369.495
2026-01-31 08:00:00,83514.3,83598.0,80754.3,81268.6,74955.281
2026-01-31 16:00:00,81268.6,82200.0,75500.0,78706.8,177223.735
2026-02-01 00:00:00,78706.7,79396.8,77899.9,78320.8,37907.193
2026-02-01 08:00:00,78320.8,79194.0,76752.5,77563.8,64535.665
2026-02-01 16:00:00,77563.8,78421.6,75644.0,76931.5,84541.222
2026-02-02 00:00:00,76931.6,78111.0,74555.0,76612.6,126181.779
2026-02-02 08:00:00,76612.6,79311.0,76576.7,78800.6,89866.875
2026-02-02 16:00:00,78800.5,79248.0,77843.2,78692.5,43597.76
2026-02-03 00:00:00,78692.5,79163.0,77566.5,78749.9,44716.617
2026-02-03 08:00:00,78750.0,79049.0,77000.5,78094.1,74650.519
2026-02-03 16:00:00,78094.2,78101.5,72889.2,75732.4,188358.38
2026-02-04 00:00:00,75732.4,76952.5,75420.0,76478.9,38397.22
2026-02-04 08:00:00,76478.9,76568.0,73756.0,74107.0,101882.215
2026-02-04 16:00:00,74107.0,74211.8,71838.0,73137.4,152845.204
2026-02-05 00:00:00,73137.5,73316.3,70085.3,70716.1,132307.042
2026-02-05 08:00:00,70716.1,71944.4,66666.0,67451.9,223948.812
2026-02-05 16:00:00,67452.0,68667.4,62233.3,62868.1,313833.887
2026-02-06 00:00:00,62868.1,66783.0,59800.0,64811.2,247068.276
2026-02-06 08:00:00,64811.2,69157.9,64438.9,68577.5,159797.799
2026-02-06 16:00:00,68577.5,71714.4,68348.0,70544.5,152316.694
2026-02-07 00:00:00,70544.5,71690.0,67250.0,68050.5,120558.905
2026-02-07 08:00:00,68050.5,70000.0,67550.2,69122.1,99560.524
2026-02-07 16:00:00,69122.1,69887.7,68478.1,69254.2,46544.222
2026-02-08 00:00:00,69254.3,69693.0,68843.7,69665.0,27015.087
2026-02-08 08:00:00,69665.1,71524.9,69467.9,71152.6,72077.092
2026-02-08 16:00:00,71152.5,72300.0,69913.3,70288.1,63661.408
2026-02-09 00:00:00,70288.2,71434.9,70013.3,70393.5,47238.126
2026-02-09 08:00:00,70393.5,70583.3,68271.7,69528.9,105538.801
2026-02-09 16:00:00,69528.9,71085.0,69050.0,70110.5,69665.901
2026-02-10 00:00:00,70110.6,70499.9,68633.3,68882.1,49444.461
2026-02-10 08:00:00,68882.2,69554.7,67883.0,69251.5,85950.472
2026-02-10 16:00:00,69251.4,69957.9,68322.1,68805.3,48477.676
2026-02-11 00:00:00,68805.3,69262.7,66511.0,67000.0,62265.757
2026-02-11 08:00:00,67000.0,68821.1,65718.5,66489.3,119825.492
2026-02-11 16:00:00,66489.4,68315.0,65834.5,67054.4,74534.275
2026-02-12 00:00:00,67054.8,68021.0,66640.0,67181.5,37099.29
2026-02-12 08:00:00,67181.5,68385.0,66860.0,67107.0,68832.385
2026-02-12 16:00:00,67107.0,67221.9,65081.0,66243.1,94061.584
2026-02-13 00:00:00,66243.2,66778.5,65833.9,66183.3,33831.303
2026-02-13 08:00:00,66183.3,69289.5,66159.9,68652.0,94324.588
2026-02-13 16:00:00,68652.1,69473.7,68500.0,68821.5,54887.398
2026-02-14 00:00:00,68821.5,69318.2,68689.1,69182.2,18770.082
2026-02-14 08:00:00,69182.1,70557.7,69163.7,69754.2,63799.139
2026-02-14 16:00:00,69754.2,70230.6,69259.1,69795.4,31965.025
2026-02-15 00:00:00,69795.4,70907.7,69212.2,70784.0,44819.269
2026-02-15 08:00:00,70784.0,70938.5,68741.4,69068.1,60103.852
2026-02-15 16:00:00,69068.1,69074.0,68029.6,68796.9,46327.009
2026-02-16 00:00:00,68796.9,69033.6,68112.2,68552.4,25760.928
2026-02-16 08:00:00,68552.5,70110.9,67250.0,67505.5,85428.227
2026-02-16 16:00:00,67505.5,68962.1,67475.0,68862.5,38390.593
2026-02-17 00:00:00,68862.6,69228.6,67854.2,68353.4,31913.371
2026-02-17 08:00:00,68353.4,68445.8,66588.0,67363.6,66382.379
2026-02-17 16:00:00,67363.6,68220.1,66824.5,67475.9,50889.372
2026-02-18 00:00:00,67475.9,68190.2,66850.1,68078.4,27610.822
2026-02-18 08:00:00,68078.5,68438.0,66666.2,67671.0,70445.91
2026-02-18 16:00:00,67671.1,67684.6,65826.1,66422.8,65916.659
2026-02-19 00:00:00,66422.8,67299.4,66301.8,67180.4,24937.262
2026-02-19 08:00:00,67180.4,67180.4,65595.7,66362.7,70980.274
2026-02-19 16:00:00,66362.6,67174.0,65863.8,66974.0,51515.065
2026-02-20 00:00:00,66973.9,67999.9,66912.4,67794.7,39294.485
2026-02-20 08:00:00,67794.8,68283.7,66408.1,67547.6,116644.896
2026-02-20 16:00:00,67547.6,68220.0,66915.0,67979.3,69364.59
2026-02-21 00:00:00,67979.3,68079.0,67488.9,67821.0,20319.441
2026-02-21 08:00:00,67821.0,68687.0,67776.2,68571.5,38363.748
2026-02-21 16:00:00,68571.5,68632.5,67860.0,67933.1,28812.304
2026-02-22 00:00:00,67933.2,68204.3,67763.7,67973.0,21443.657
2026-02-22 08:00:00,67973.0,68220.0,67275.0,67659.9,40260.344
2026-02-22 16:00:00,67660.0,67728.0,67150.0,67613.5,22639.421
2026-02-23 00:00:00,67613.6,67655.8,64232.8,65915.8,120567.739
2026-02-23 08:00:00,65915.7,66574.5,65500.0,65633.1,74794.838
2026-02-23 16:00:00,65633.1,65701.2,63860.0,64625.8,81788.719
2026-02-24 00:00:00,64625.8,64980.0,62655.0,63155.3,87942.854
2026-02-24 08:00:00,63155.4,63993.1,62401.7,63933.4,73610.086
2026-02-24 16:00:00,63933.4,64719.1,63664.8,64031.3,61597.629
2026-02-25 00:00:00,64031.4,66283.1,63876.0,65001.1,83467.598
2026-02-25 08:00:00,65001.2,67548.0,64929.7,67362.3,88406.903
2026-02-25 16:00:00,67362.4,69999.0,67354.2,67952.5,127364.317
2026-02-26 00:00:00,67952.5,68850.0,67690.1,67800.0,44184.419
2026-02-26 08:00:00,67800.0,68689.7,66730.7,67353.4,73450.399
2026-02-26 16:00:00,67353.3,67888.0,66462.0,67448.2,60202.237
2026-02-27 00:00:00,67448.1,68188.8,66841.6,67644.1,45099.027
2026-02-27 08:00:00,67644.1,68127.8,65626.1,66072.6,104141.399
2026-02-27 16:00:00,66072.5,66095.2,64875.6,65836.0,56716.938
2026-02-28 00:00:00,65836.0,65994.7,62979.5,63788.4,87863.321
2026-02-28 08:00:00,63787.4,65335.8,63313.9,64800.0,91522.752
2026-02-28 16:00:00,64800.1,67735.0,64635.0,66937.1,78536.713
2026-03-01 00:00:00,66937.0,68189.0,65812.0,67113.9,81021.473
2026-03-01 08:00:00,67114.0,67333.0,66100.0,66810.8,56795.683
2026-03-01 16:00:00,66810.8,67083.0,65011.0,65750.0,81294.28
2026-03-02 00:00:00,65749.9,67082.5,65509.0,65981.3,53955.293
2026-03-02 08:00:00,65981.2,69588.0,65234.4,69089.1,126364.784
2026-03-02 16:00:00,69089.1,70100.0,68519.8,68801.8,97057.955
2026-03-03 00:00:00,68801.8,69221.6,67759.6,68138.3,49838.334
2026-03-03 08:00:00,68138.2,68281.6,66080.0,67692.5,125516.279
2026-03-03 16:00:00,67692.5,68972.9,67440.0,68295.3,82115.287
2026-03-04 00:00:00,68295.2,69676.4,67350.0,69464.5,73023.623
2026-03-04 08:00:00,69464.5,73436.4,69100.2,73339.7,187229.632
2026-03-04 16:00:00,73339.7,74046.5,72273.0,72641.4,96890.241
2026-03-05 00:00:00,72641.4,73295.7,71740.0,72025.5,56220.772
2026-03-05 08:00:00,72025.4,73539.1,71136.2,71611.7,100594.399
2026-03-05 16:00:00,71611.7,71620.6,70612.8,70854.8,69353.109
2026-03-06 00:00:00,70854.8,71387.5,70100.0,71026.7,52891.904
2026-03-06 08:00:00,71026.7,71035.3,68121.6,68468.4,109801.578
2026-03-06 16:00:00,68468.3,68759.5,67712.3,68083.0,50689.221
2026-03-07 00:00:00,68083.0,68524.9,67411.0,67809.4,34428.42
2026-03-07 08:00:00,67809.5,68215.6,67568.4,67844.8,27217.501
2026-03-07 16:00:00,67844.8,67913.6,66850.1,67232.1,32924.241
2026-03-08 00:00:00,67232.1,67459.0,66508.0,67277.2,35439.448
2026-03-08 08:00:00,67277.1,68171.6,66730.0,67174.7,55141.481
2026-03-08 16:00:00,67174.6,67496.4,65569.2,65934.3,65167.044
2026-03-09 00:00:00,65934.3,68038.4,65770.5,67504.8,84094.669
2026-03-09 08:00:00,67504.9,69449.1,67301.0,68832.3,97914.893
2026-03-09 16:00:00,68832.4,69498.0,68200.1,68394.1,55201.985
2026-03-10 00:00:00,68394.0,70555.0,68345.0,70374.7,79848.006
2026-03-10 08:00:00,70374.7,71748.1,69184.8,71296.9,118728.174
2026-03-10 16:00:00,71296.9,71665.8,69388.0,69901.9,67098.304
2026-03-11 00:00:00,69901.8,70249.1,69329.7,69622.1,42363.156
2026-03-11 08:00:00,69622.2,71060.7,68932.9,70186.9,100854.091
2026-03-11 16:00:00,70187.0,71286.0,70078.6,70150.0,52410.709
2026-03-12 00:00:00,70150.0,70314.1,69150.0,69782.6,42299.412
2026-03-12 08:00:00,69782.7,70756.5,69303.8,70282.9,95402.975
2026-03-12 16:00:00,70282.8,70727.9,69725.0,70480.1,48788.206
2026-03-13 00:00:00,70480.1,71979.2,70342.7,71585.3,71845.173
2026-03-13 08:00:00,71585.2,73870.0,71347.1,71800.0,139308.138
2026-03-13 16:00:00,71800.1,72215.1,70510.8,70895.5,89078.81
2026-03-14 00:00:00,70895.5,71272.3,70256.0,70565.6,38681.037
2026-03-14 08:00:00,70565.6,70914.6,70350.0,70554.6,24529.709
2026-03-14 16:00:00,70554.7,71221.9,70455.6,71174.4,16072.268
2026-03-15 00:00:00,71174.4,71750.0,70815.7,71420.8,33151.091
2026-03-15 08:00:00,71420.8,71897.9,71220.1,71444.4,33573.107
2026-03-15 16:00:00,71444.4,73199.9,71275.0,72778.9,59750.044
2026-03-16 00:00:00,72778.8,74444.0,72235.6,73427.7,106826.078
2026-03-16 08:00:00,73427.8,74481.5,72841.9,73240.2,96233.643
2026-03-16 16:00:00,73240.2,74880.0,73122.0,74846.4,66017.269
2026-03-17 00:00:00,74846.4,75998.9,73723.4,74212.7,93390.856
2026-03-17 08:00:00,74212.8,74856.2,73330.3,73878.5,81178.039
2026-03-17 16:00:00,73878.5,74777.0,73826.8,73872.4,43710.078
2026-03-18 00:00:00,73872.3,74633.0,73492.0,73840.0,33910.404
2026-03-18 08:00:00,73840.1,74246.2,70821.2,71436.4,128614.391
2026-03-18 16:00:00,71436.3,71980.5,70456.0,71202.9,64230.674
2026-03-19 00:00:00,71202.9,71598.3,69421.1,70145.1,62758.711
2026-03-19 08:00:00,70145.0,70535.0,68750.0,69372.7,101564.359
2026-03-19 16:00:00,69372.8,70655.2,69065.4,69887.4,54323.107
2026-03-20 00:00:00,69887.4,70944.9,69801.3,70811.9,40118.801
2026-03-20 08:00:00,70812.0,71342.2,69450.0,69829.5,97153.637
2026-03-20 16:00:00,69829.5,70888.0,69350.0,70472.7,48969.079
2026-03-21 00:00:00,70472.6,70849.2,70403.2,70687.3,17083.27
2026-03-21 08:00:00,70687.4,71077.7,70420.0,70599.1,23684.979
2026-03-21 16:00:00,70599.1,70620.2,68511.3,68881.5,33316.637
2026-03-22 00:00:00,68881.5,69555.8,68189.0,68884.5,48883.401
2026-03-22 08:00:00,68884.5,69000.0,68030.0,68814.9,42912.533
2026-03-22 16:00:00,68814.9,68852.3,67300.0,67830.6,43084.63
2026-03-23 00:00:00,67830.7,68872.4,67400.1,68306.0,63516.54
2026-03-23 08:00:00,68305.9,71789.8,67880.0,70112.2,181051.137
2026-03-23 16:00:00,70112.2,71232.0,70100.5,70865.9,46532.001
2026-03-24 00:00:00,70866.0,71377.5,70075.5,71255.2,42169.123
2026-03-24 08:00:00,71255.2,71339.8,69467.8,69837.7,81463.93
2026-03-24 16:00:00,69837.6,70800.0,68884.5,70523.9,72558.897
2026-03-25 00:00:00,70524.0,71319.9,70375.0,70900.0,40343.932
2026-03-25 08:00:00,70899.9,71999.9,70531.4,70792.4,81673.792
2026-03-25 16:00:00,70792.4,71742.2,70603.0,71297.5,44498.125
2026-03-26 00:00:00,71297.5,71408.1,69722.6,70053.8,43540.113
2026-03-26 08:00:00,70053.8,70131.5,68553.4,69054.8,80413.948
2026-03-26 16:00:00,69054.9,69466.6,68115.8,68788.0,62519.553
2026-03-27 00:00:00,68788.1,69142.7,68257.2,68501.7,38400.008
2026-03-27 08:00:00,68501.8,68619.9,65681.5,66092.0,126059.915
2026-03-27 16:00:00,66091.9,66384.0,65501.0,66364.2,47891.125
2026-03-28 00:00:00,66364.1,66533.9,65888.0,66520.8,22809.012
2026-03-28 08:00:00,66520.9,67284.0,66087.3,66982.3,42603.833
2026-03-28 16:00:00,66982.4,67065.0,66233.6,66334.8,23960.647
2026-03-29 00:00:00,66334.8,67100.0,66235.6,66632.5,25594.724
2026-03-29 08:00:00,66632.4,66986.8,66288.1,66500.0,28381.792
2026-03-29 16:00:00,66499.9,66767.9,64918.2,65977.9,56301.88
2026-03-30 00:00:00,65978.0,67777.0,65754.2,67595.9,68440.831
2026-03-30 08:00:00,67595.9,68148.4,67055.0,67590.2,68009.924
2026-03-30 16:00:00,67590.2,67614.9,66200.1,66764.4,50608.31
2026-03-31 00:00:00,66764.4,68377.0,66498.9,67343.8,60558.987
2026-03-31 08:00:00,67343.9,67765.8,65938.0,66700.0,106298.835
2026-03-31 16:00:00,66700.0,68600.0,66695.9,68241.5,76475.263
2026-04-01 00:00:00,68241.4,69288.0,67534.9,68651.9,60542.525
2026-04-01 08:00:00,68651.9,68938.8,67883.7,68877.0,58176.904
2026-04-01 16:00:00,68876.9,69142.6,67900.4,68086.5,38556.791
2026-04-02 00:00:00,68086.4,68639.1,66171.8,66887.9,76092.364
2026-04-02 08:00:00,66887.8,67080.0,65676.1,66810.6,73901.055
2026-04-02 16:00:00,66810.6,67400.0,66550.0,66868.5,38365.502
2026-04-03 00:00:00,66868.6,67233.3,66240.0,67008.8,31685.807
2026-04-03 08:00:00,67008.8,67350.0,66478.5,66806.1,34844.874
2026-04-03 16:00:00,66806.0,67046.1,66714.1,66930.0,12737.152
2026-04-04 00:00:00,66930.0,67023.7,66745.5,66982.0,9910.087
2026-04-04 08:00:00,66982.1,67554.5,66874.5,67357.3,24372.288
2026-04-04 16:00:00,67357.4,67523.8,67150.6,67271.0,16487.962
2026-04-05 00:00:00,67271.1,67279.2,66575.5,66787.4,20819.982
2026-04-05 08:00:00,66787.4,67828.6,66650.0,67272.2,34469.011
2026-04-05 16:00:00,67272.2,69108.0,67132.2,68997.9,49629.176
2026-04-06 00:00:00,68997.9,69583.0,68740.2,69089.7,48247.281
2026-04-06 08:00:00,69089.8,70252.9,69047.7,69922.5,63074.841
2026-04-06 16:00:00,69922.4,70332.5,68227.5,68817.9,55435.114
2026-04-07 00:00:00,68817.9,69111.8,68241.9,68592.1,34682.355
2026-04-07 08:00:00,68592.0,69219.0,67711.0,68138.4,70892.745
2026-04-07 16:00:00,68138.5,72743.4,68049.9,71890.2,127253.147
2026-04-08 00:00:00,71890.2,72086.4,71186.0,71612.0,43767.558
2026-04-08 08:00:00,71612.1,72858.5,70671.6,71274.8,93681.468
2026-04-08 16:00:00,71274.9,71934.5,70850.9,71038.1,45929.466
2026-04-09 00:00:00,71038.2,71168.0,70428.0,70945.0,33196.295
2026-04-09 08:00:00,70945.0,72320.0,70470.2,72108.0,66461.994
2026-04-09 16:00:00,72108.0,73128.0,71539.9,71750.4,76148.168
2026-04-10 00:00:00,71750.4,72350.0,71382.1,71461.2,38201.536
2026-04-10 08:00:00,71461.2,73255.7,71395.0,72421.0,77061.697
2026-04-10 16:00:00,72421.1,73450.0,72350.0,72917.4,41306.433
2026-04-11 00:00:00,72917.4,73066.2,72566.4,72707.7,22030.342
2026-04-11 08:00:00,72707.8,72945.0,72451.9,72817.3,20531.326
2026-04-11 16:00:00,72817.3,73773.4,72775.3,73013.4,37608.002
2026-04-12 00:00:00,73013.4,73094.4,71259.0,71628.1,55192.771
2026-04-12 08:00:00,71628.2,71750.0,70566.5,70856.2,43761.555
2026-04-12 16:00:00,70856.1,71423.9,70458.2,70711.1,35868.663
2026-04-13 00:00:00,70711.2,71245.0,70574.0,70780.0,26524.998
2026-04-13 08:00:00,70780.1,72431.0,70517.3,71823.6,68723.903
2026-04-13 16:00:00,71823.6,74870.0,71629.5,74385.0,117780.618
2026-04-14 00:00:00,74384.9,74900.0,73946.9,74513.4,35865.708
2026-04-14 08:00:00,74513.3,76009.0,74234.0,75268.1,91323.455
2026-04-14 16:00:00,75268.1,75684.9,73766.8,74106.9,56072.327
2026-04-15 00:00:00,74106.9,74739.2,73449.0,73705.1,35504.786
2026-04-15 08:00:00,73705.2,74473.5,73540.0,73797.5,49750.892
2026-04-15 16:00:00,73797.5,75425.6,73714.9,74776.2,45774.093
2026-04-16 00:00:00,74776.3,75232.7,74400.0,74667.7,32696.524
2026-04-16 08:00:00,74667.7,74981.1,73256.8,74659.5,77293.48
2026-04-16 16:00:00,74659.5,75500.0,73873.5,75106.8,48407.721
2026-04-17 00:00:00,75106.8,75118.4,74480.0,75047.4,24799.315
2026-04-17 08:00:00,75047.4,77999.9,74951.6,77736.2,161308.884
2026-04-17 16:00:00,77736.2,78300.0,76854.2,77030.6,53287.716
2026-04-18 00:00:00,77030.6,77380.0,76824.1,76951.0,20582.043
2026-04-18 08:00:00,76951.0,77004.2,75710.6,76124.8,55123.346
2026-04-18 16:00:00,76124.8,76176.6,75395.9,75653.8,30189.002
2026-04-19 00:00:00,75653.8,75804.0,74824.3,75205.6,28993.554
2026-04-19 08:00:00,75205.7,76200.0,74863.6,75807.6,43334.08
2026-04-19 16:00:00,75807.7,75817.7,73700.2,73758.4,56650.577
2026-04-20 00:00:00,73758.4,75539.3,73669.0,74795.5,46678.882
2026-04-20 08:00:00,74795.5,75750.0,74563.2,75668.1,60530.208
2026-04-20 16:00:00,75668.1,76531.0,75242.5,75790.1,58940.577
2026-04-21 00:00:00,75790.1,76276.6,75433.1,76050.0,28110.916
2026-04-21 08:00:00,76050.0,76999.0,75355.2,75799.9,76098.271
2026-04-21 16:00:00,75800.0,76396.2,74777.9,76288.2,60551.8
2026-04-22 00:00:00,76288.3,78447.5,76078.6,77979.8,80289.609
2026-04-22 08:00:00,77979.7,79370.0,77895.3,79234.3,68693.189
2026-04-22 16:00:00,79234.3,79444.0,78111.6,78139.8,42104.298
2026-04-23 00:00:00,78139.7,78534.9,77410.7,78009.1,46618.33
2026-04-23 08:00:00,78009.1,78648.0,76504.6,78329.2,70958.045
2026-04-23 16:00:00,78329.3,78466.8,76900.1,78216.8,54908.637
2026-04-24 00:00:00,78217.4,78546.0,77401.5,77620.5,40665.047
2026-04-24 08:00:00,77620.5,78432.9,77355.8,78007.3,56684.774
2026-04-24 16:00:00,78007.3,78031.9,77206.8,77395.4,30433.184
2026-04-25 00:00:00,77395.3,77678.0,77254.7,77449.9,11906.328
2026-04-25 08:00:00,77449.9,77847.0,77263.0,77289.3,18316.984
2026-04-25 16:00:00,77289.3,77615.7,77100.0,77585.0,16369.174
2026-04-26 00:00:00,77585.0,78164.7,77280.0,78061.5,21547.725
2026-04-26 08:00:00,78061.5,78182.8,77715.0,78007.9,17722.093
2026-04-26 16:00:00,78007.9,78994.8,77777.0,78613.5,40673.487
2026-04-27 00:00:00,78614.4,79455.0,77408.6,77556.7,74388.497
2026-04-27 08:00:00,77556.7,78232.0,76524.0,76760.0,60618.233
2026-04-27 16:00:00,76760.0,77419.7,76400.0,77331.2,34094.153
2026-04-28 00:00:00,77331.2,77450.0,76324.1,76828.4,33808.266
2026-04-28 08:00:00,76828.3,76956.0,75635.6,76027.8,49158.25
2026-04-28 16:00:00,76027.7,76448.0,75840.3,76298.1,20952.361
2026-04-29 00:00:00,76298.2,77432.1,76138.7,77003.8,41781.966
2026-04-29 08:00:00,77003.8,77873.2,75675.2,75889.1,73208.58
2026-04-29 16:00:00,75889.1,76220.0,74868.0,75749.9,71542.957
2026-04-30 00:00:00,75749.9,76445.0,75273.5,76129.9,37836.517
2026-04-30 08:00:00,76129.9,76630.3,75836.0,76423.0,42293.473
2026-04-30 16:00:00,76423.0,76536.2,76060.4,76305.4,19624.47
2026-05-01 00:00:00,76305.4,77421.2,76265.4,77100.0,33991.449
2026-05-01 08:00:00,77099.9,78879.9,77010.5,78395.4,84821.189
2026-05-01 16:00:00,78395.4,78642.0,77717.7,78192.0,34185.668
2026-05-02 00:00:00,78191.9,78503.9,77979.3,78181.6,18370.463
2026-05-02 08:00:00,78181.6,78458.2,78055.7,78449.8,13789.753
2026-05-02 16:00:00,78449.8,79145.0,78277.0,78652.9,19280.892
2026-05-03 00:00:00,78652.8,78740.5,78027.0,78316.6,20290.645
2026-05-03 08:00:00,78316.6,78850.0,78295.1,78625.2,19045.828
2026-05-03 16:00:00,78625.2,79428.9,78440.0,78529.0,32697.148
2026-05-04 00:00:00,78529.0,80590.2,78235.4,79663.5,90280.703
2026-05-04 08:00:00,79663.4,80528.9,78128.3,79976.7,140904.485
2026-05-04 16:00:00,79976.6,80771.7,79562.0,79826.1,49731.394
2026-05-05 00:00:00,79826.1,81278.2,79761.2,80815.8,50993.962
2026-05-05 08:00:00,80815.8,81656.6,80480.6,81488.7,71005.767
2026-05-05 16:00:00,81488.7,81745.4,80716.8,80861.9,48921.799
2026-05-06 00:00:00,80861.9,81716.3,80651.2,81333.3,32404.519
2026-05-06 08:00:00,81333.4,82828.7,81073.1,81656.4,99890.77
2026-05-06 16:00:00,81656.4,81855.0,80929.8,81390.1,25905.219
2026-05-07 00:00:00,81390.0,81680.6,80675.8,81480.1,37926.444
2026-05-07 08:00:00,81480.0,81564.6,79605.0,79861.6,60996.023
2026-05-07 16:00:00,79861.5,80331.6,79461.5,79969.4,35805.185
2026-05-08 00:00:00,79969.5,80106.3,79137.4,79635.0,29993.992
2026-05-08 08:00:00,79635.0,80478.0,79507.6,80119.1,54771.685
2026-05-08 16:00:00,80119.1,80376.0,79692.4,80155.2,21997.236
2026-05-09 00:00:00,80155.2,80641.8,80080.0,80181.7,18404.4
2026-05-09 08:00:00,80181.6,80566.0,80124.8,80488.3,16947.418
2026-05-09 16:00:00,80488.3,81043.2,80440.0,80634.0,20605.516
2026-05-10 00:00:00,80634.0,80859.9,80533.7,80695.9,10158.054
2026-05-10 08:00:00,80695.9,81423.2,80641.5,81381.4,22913.336
2026-05-10 16:00:00,81381.5,82460.5,80225.1,82177.7,61879.413
2026-05-11 00:00:00,82177.7,82350.0,80470.1,80708.9,45399.308
2026-05-11 08:00:00,80708.8,81434.8,80394.0,81403.4,40131.928
2026-05-11 16:00:00,81403.4,82098.9,81297.5,81699.1,36459.185
2026-05-12 00:00:00,81699.1,81757.3,80661.2,80809.2,35679.462
2026-05-12 08:00:00,80809.2,80968.6,80143.0,80301.6,52580.217
2026-05-12 16:00:00,80301.6,80848.6,79801.0,80461.0,33054.277
2026-05-13 00:00:00,80461.0,81268.0,80364.5,80981.9,23819.405
2026-05-13 08:00:00,80981.9,81270.2,78753.1,78794.7,75490.959
2026-05-13 16:00:00,78794.7,79776.2,78713.8,79288.3,40390.281
2026-05-14 00:00:00,79288.2,79962.5,78869.4,79699.9,37423.282
2026-05-14 08:00:00,79700.0,81270.2,79188.0,81245.5,73750.558
2026-05-14 16:00:00,81245.6,81999.0,81007.9,81048.9,64709.785
2026-05-15 00:00:00,81048.8,81623.8,80266.8,80782.8,48537.052
2026-05-15 08:00:00,80782.9,80793.0,78610.0,79118.0,83439.48
2026-05-15 16:00:00,79118.1,79532.1,78861.6,79074.0,21846.973
2026-05-16 00:00:00,79074.0,79199.7,78000.4,78334.3,34240.828
2026-05-16 08:00:00,78334.3,78527.8,77601.8,78194.1,41107.629
2026-05-16 16:00:00,78194.0,78337.4,78069.1,78104.2,10801.994
2026-05-17 00:00:00,78104.3,78300.0,77675.4,78137.2,20772.366
2026-05-17 08:00:00,78137.3,78564.3,77800.0,78006.9,22884.646
2026-05-17 16:00:00,78006.9,78453.0,76666.0,77430.4,42560.657
2026-05-18 00:00:00,77430.4,77452.7,76534.5,77039.4,48394.733
2026-05-18 08:00:00,77039.5,77757.5,76014.2,76393.5,79345.279
2026-05-18 16:00:00,76393.6,77187.3,76107.7,76963.2,50623.487
2026-05-19 00:00:00,76963.2,77384.6,76451.3,77200.4,30251.749
2026-05-19 08:00:00,77200.4,77291.3,76107.1,76487.9,47005.944
2026-05-19 16:00:00,76488.0,77042.3,76377.0,76799.9,21788.946
2026-05-20 00:00:00,76800.0,77444.0,76485.0,77249.9,33269.7
2026-05-20 08:00:00,77250.0,77825.8,76855.0,77423.0,49580.937
2026-05-20 16:00:00,77423.0,77735.6,76975.0,77510.3,24756.769
2026-05-21 00:00:00,77510.3,78150.0,77472.5,77846.2,30057.935
2026-05-21 08:00:00,77846.1,78180.0,76696.7,77224.3,48714.373
2026-05-21 16:00:00,77224.3,78063.8,76970.0,77586.2,38322.853
2026-05-22 00:00:00,77586.3,77862.7,77237.1,77366.9,20357.205
2026-05-22 08:00:00,77366.8,77548.5,76528.0,76756.5,41671.079
2026-05-22 16:00:00,76756.5,77070.1,75322.0,75513.1,54177.929
2026-05-23 00:00:00,75513.1,75633.7,74203.6,74573.1,46951.643
2026-05-23 08:00:00,74573.2,75670.8,74307.0,75486.9,49655.508
2026-05-23 16:00:00,75487.0,77427.0,75333.3,76715.2,57220.602
2026-05-24 00:00:00,76715.3,77040.0,76596.9,76771.3,20045.241
2026-05-24 08:00:00,76771.4,77600.0,76159.7,76343.7,41310.86
2026-05-24 16:00:00,76343.8,77193.4,76056.0,77030.3,29778.176
2026-05-25 00:00:00,77030.3,77677.6,76871.4,77377.0,29233.548
2026-05-25 08:00:00,77376.9,77887.9,77241.7,77587.2,28875.52
2026-05-25 16:00:00,77587.2,77784.9,77011.3,77281.5,18599.34
2026-05-26 00:00:00,77281.5,77319.6,76434.0,76685.1,31053.484
2026-05-26 08:00:00,76685.0,78077.1,76234.7,76478.2,87565.895
2026-05-26 16:00:00,76478.2,76678.7,75641.2,75905.5,46300.703
2026-05-27 00:00:00,75905.6,76083.9,75277.8,75935.0,30403.37
2026-05-27 08:00:00,75935.0,76155.5,74735.7,75300.0,63456.403
2026-05-27 16:00:00,75300.0,75391.0,74210.0,74418.1,50855.688
2026-05-28 00:00:00,74418.0,74565.3,72667.9,73467.0,78166.657
2026-05-28 08:00:00,73467.0,73592.1,72556.0,72899.1,64994.622
2026-05-28 16:00:00,72899.0,73932.2,72704.0,73591.4,36284.398
2026-05-29 00:00:00,73591.4,73908.6,73158.8,73488.0,27473.919
2026-05-29 08:00:00,73488.1,74177.0,72436.0,73775.4,71246.57
2026-05-29 16:00:00,73775.4,74293.1,73057.8,73428.2,47436.693
2026-05-30 00:00:00,73428.2,73757.9,73130.1,73513.9,20093.263
2026-05-30 08:00:00,73514.0,74078.6,73470.5,73888.0,17985.626
2026-05-30 16:00:00,73888.0,74108.8,73750.0,73856.8,14464.797
2026-05-31 00:00:00,73856.9,74250.0,73793.2,73833.3,17253.975
2026-05-31 08:00:00,73833.2,73998.9,73388.0,73613.5,20625.236
2026-05-31 16:00:00,73613.4,74179.9,73340.7,73653.2,20362.248
2026-06-01 00:00:00,73653.2,74070.5,72668.0,72776.1,40405.306
2026-06-01 08:00:00,72776.1,73084.0,71035.3,71099.4,113939.072
2026-06-01 16:00:00,71099.5,71788.5,70650.9,71391.5,59126.75
2026-06-02 00:00:00,71391.5,71397.0,69666.8,70079.4,73344.14
2026-06-02 08:00:00,70079.5,70146.2,67035.5,67274.0,139034.553
2026-06-02 16:00:00,67274.0,68121.9,66150.7,66730.0,134323.459
2026-06-03 00:00:00,66730.1,67493.8,65359.1,67186.7,113166.033
2026-06-03 08:00:00,67186.7,67448.0,66036.2,66046.5,81912.655
2026-06-03 16:00:00,66046.6,66359.4,64050.8,64117.7,115822.85
2026-06-04 00:00:00,64117.7,64739.8,61344.8,63561.7,187261.802
2026-06-04 08:00:00,63561.8,64463.7,62150.8,63864.8,165870.336
2026-06-04 16:00:00,63864.8,64150.8,62910.0,63853.4,78042.473
2026-06-05 00:00:00,63853.4,63955.0,61067.6,63075.6,135069.459
2026-06-05 08:00:00,63075.5,63231.8,60005.8,60400.8,153434.319
2026-06-05 16:00:00,60400.8,61985.1,59080.0,61022.0,189658.107
2026-06-06 00:00:00,61022.0,61500.0,59451.3,60975.2,85212.28
2026-06-06 08:00:00,60975.2,61475.0,60146.0,60754.1,60132.668
2026-06-06 16:00:00,60754.2,60969.2,60363.0,60849.7,29415.895
2026-06-07 00:00:00,60849.7,62380.0,60708.0,62366.0,60253.653
2026-06-07 08:00:00,62366.0,62942.4,61509.1,62071.6,79378.145
2026-06-07 16:00:00,62071.7,64250.0,61150.2,63298.5,77847.235
2026-06-08 00:00:00,63299.0,63849.5,62377.0,63259.9,55305.804
2026-06-08 08:00:00,63259.9,64179.5,62658.4,63745.4,87333.398
2026-06-08 16:00:00,63745.3,64029.5,62939.7,63057.9,41801.851
2026-06-09 00:00:00,63057.9,63499.9,62381.2,63170.8,56267.285
2026-06-09 08:00:00,63170.9,63183.0,61001.0,61100.7,96364.033
2026-06-09 16:00:00,61100.6,62253.2,60755.0,61695.0,68768.156
2026-06-10 00:00:00,61694.9,61947.4,61045.7,61654.3,38667.391
2026-06-10 08:00:00,61654.3,62840.2,60691.9,62604.8,99441.373
2026-06-10 16:00:00,62604.7,62617.1,61068.6,61483.7,54945.5
2026-06-11 00:00:00,61483.6,62993.4,61483.6,62693.3,50969.552
2026-06-11 08:00:00,62693.2,63235.9,62455.8,62721.1,76435.546
2026-06-11 16:00:00,62721.2,63915.3,62315.0,63597.9,66589.476
2026-06-12 00:00:00,63598.0,63843.2,62800.0,63066.5,39420.807
2026-06-12 08:00:00,63066.5,64362.6,63020.6,63557.0,77189.629
2026-06-12 16:00:00,63557.1,64083.3,63352.3,63547.0,29113.346
2026-06-13 00:00:00,63547.0,63879.0,63360.0,63823.9,19123.483
2026-06-13 08:00:00,63823.9,64323.0,63683.1,64265.0,26201.1
2026-06-13 16:00:00,64265.1,64738.0,63862.9,64418.2,30836.804
2026-06-14 00:00:00,64418.3,64682.2,64186.5,64392.0,20497.293
2026-06-14 08:00:00,64392.1,64640.6,63830.0,63995.2,28121.698
2026-06-14 16:00:00,63995.2,65775.0,63650.0,65702.1,68114.467
2026-06-15 00:00:00,65702.1,65996.8,65314.3,65642.3,44017.829
2026-06-15 08:00:00,65642.4,67255.4,65469.0,67248.5,84921.545
2026-06-15 16:00:00,67248.5,67254.5,66065.1,66285.9,39013.567
2026-06-16 00:00:00,66285.9,66543.5,65607.1,66341.7,40092.915
2026-06-16 08:00:00,66341.8,66956.7,65328.8,65841.8,62429.792
2026-06-16 16:00:00,65841.8,66246.1,65529.0,65644.8,26583.719
2026-06-17 00:00:00,65644.8,66092.5,65200.0,65504.0,29025.333
2026-06-17 08:00:00,65503.9,65834.1,64525.0,65712.7,69603.089
2026-06-17 16:00:00,65712.7,66419.2,63881.2,64472.9,100857.877
2026-06-18 00:00:00,64472.9,64780.0,63660.1,64470.3,41218.377
2026-06-18 08:00:00,64470.4,64631.5,62232.1,62337.8,91675.218
2026-06-18 16:00:00,62337.8,63266.8,62241.0,62924.1,54805.121
2026-06-19 00:00:00,62924.0,63088.0,62237.2,62592.4,36098.821
2026-06-19 08:00:00,62592.4,63410.3,62272.4,63193.0,49238.929
2026-06-19 16:00:00,63193.1,63645.0,62836.6,63512.6,26889.131
2026-06-20 00:00:00,63512.5,63894.0,63283.5,63625.0,26779.224
2026-06-20 08:00:00,63625.0,64370.9,63136.2,64139.5,48299.062
2026-06-20 16:00:00,64139.4,64326.0,63661.9,64270.0,20598.41
2026-06-21 00:00:00,64270.1,64568.0,64143.2,64170.1,22531.509
2026-06-21 08:00:00,64170.0,64453.3,63871.3,64200.3,29668.843
2026-06-21 16:00:00,64200.2,64284.9,63220.0,63287.1,32781.724
2026-06-22 00:00:00,63287.2,64788.0,63286.2,64187.9,52705.065
2026-06-22 08:00:00,64188.0,65597.2,64014.9,64808.0,67348.526
2026-06-22 16:00:00,64808.0,64835.6,63758.3,63990.2,41789.417
2026-06-23 00:00:00,63990.1,64247.2,62532.4,62849.2,60660.046
2026-06-23 08:00:00,62849.3,62916.5,61870.0,62455.8,84097.578
2026-06-23 16:00:00,62455.9,62812.2,62075.6,62696.7,28161.615
2026-06-24 00:00:00,62696.7,63090.9,62402.8,62630.3,29836.171
2026-06-24 08:00:00,62630.4,63209.6,60238.0,60254.9,110413.079
2026-06-24 16:00:00,60254.9,61256.0,59060.0,61051.2,137848.054
2026-06-25 00:00:00,61051.2,61931.1,60648.0,61886.7,47374.652
2026-06-25 08:00:00,61886.8,61897.6,58030.0,59536.2,195211.422
2026-06-25 16:00:00,59536.2,60245.0,59114.4,59771.9,59244.1
2026-06-26 00:00:00,59772.0,60734.0,58288.0,60491.0,101632.957
2026-06-26 08:00:00,60491.0,60542.6,58388.0,60296.6,133533.343
2026-06-26 16:00:00,60296.9,60580.0,59530.7,60072.0,46928.851
2026-06-27 00:00:00,60071.9,60557.8,59846.2,60522.3,25870.711
2026-06-27 08:00:00,60522.4,60924.7,60162.0,60817.2,26018.455
2026-06-27 16:00:00,60817.3,60850.0,59819.8,60000.3,29413.427
2026-06-28 00:00:00,60000.4,60314.3,59714.8,60192.5,20855.033
2026-06-28 08:00:00,60192.4,60543.3,59781.8,59849.9,27869.858
2026-06-28 16:00:00,59850.0,59915.7,58888.0,59550.2,54873.806
2026-06-29 00:00:00,59550.2,60325.0,58850.0,59998.9,58976.957
2026-06-29 08:00:00,59998.9,60758.3,58988.0,59800.2,118984.124
2026-06-29 16:00:00,59800.3,60666.6,59562.6,60224.7,49815.194
2026-06-30 00:00:00,60224.7,60250.0,59329.2,59497.7,45742.663
2026-06-30 08:00:00,59497.7,59532.7,58160.0,58356.2,114083.028
2026-06-30 16:00:00,58356.2,58850.0,58223.3,58605.4,31820.61
2026-07-01 00:00:00,58605.4,59444.5,57758.6,58744.4,84717.085
2026-07-01 08:00:00,58744.4,60520.0,58294.1,60118.5,102036.669
2026-07-01 16:00:00,60118.6,61322.0,59762.6,59999.6,77184.727
2026-07-02 00:00:00,59999.6,61102.5,59555.0,60125.8,71951.586
2026-07-02 08:00:00,60125.8,62180.0,60113.5,61584.0,123526.098
2026-07-02 16:00:00,61584.0,61900.0,61113.8,61540.6,40472.388
2026-07-03 00:00:00,61540.5,61849.7,61229.0,61733.6,29314.738
2026-07-03 08:00:00,61733.7,62386.7,61480.7,61895.2,55614.101
2026-07-03 16:00:00,61895.2,62957.2,61877.6,62565.5,47569.655
2026-07-04 00:00:00,62565.5,62925.7,62302.6,62549.0,24865.868
2026-07-04 08:00:00,62549.1,63069.6,62386.1,62908.8,22930.347
2026-07-04 16:00:00,62908.7,63450.0,62752.9,63114.8,31853.309
2026-07-05 00:00:00,63114.9,63114.9,62549.6,62995.1,24651.628
2026-07-05 08:00:00,62995.1,63084.0,62410.1,62711.9,23391.644
2026-07-05 16:00:00,62711.9,63990.7,62564.4,63617.1,44583.872
2026-07-06 00:00:00,63617.2,63900.0,62858.4,63064.5,40237.049
2026-07-06 08:00:00,63064.5,63531.1,61297.0,63523.1,133346.163
2026-07-06 16:00:00,63523.0,64691.9,63356.8,64023.6,69210.587
2026-07-07 00:00:00,64023.5,64298.1,62745.6,63062.6,57016.309
2026-07-07 08:00:00,63062.7,64096.0,62638.0,63910.0,76562.68
2026-07-07 16:00:00,63910.0,64234.1,63177.0,63335.4,43626.849
2026-07-08 00:00:00,63335.4,63740.2,62434.9,62854.1,46812.698
2026-07-08 08:00:00,62854.1,62921.8,61520.0,61674.5,85059.262
2026-07-08 16:00:00,61674.6,62372.7,61666.0,62255.3,31223.765
2026-07-09 00:00:00,62255.1,63286.5,61666.0,62973.7,57418.835
2026-07-09 08:00:00,62973.6,63233.0,62428.5,62835.4,59905.799
2026-07-09 16:00:00,62835.4,63484.9,62525.2,63197.0,33529.659
2026-07-10 00:00:00,63197.1,64185.0,62897.0,63956.1,48299.481
2026-07-10 08:00:00,63956.1,64680.0,63768.0,64018.7,62656.879
2026-07-10 16:00:00,64018.7,64208.1,63619.9,64129.5,27831.697
2026-07-11 00:00:00,64129.5,64288.7,63950.1,64132.6,12611.257
2026-07-11 08:00:00,64132.6,64497.4,63668.8,64139.0,23678.649
2026-07-11 16:00:00,64139.1,64438.9,63776.0,63783.0,17384.989
2026-07-12 00:00:00,63783.1,64238.0,63602.8,63856.4,23500.443
2026-07-12 08:00:00,63856.4,64271.9,63730.7,64149.9,18062.85
2026-07-12 16:00:00,64150.0,64248.0,63634.1,63750.0,18528.653
2026-07-13 00:00:00,63749.9,64411.8,62434.9,62952.7,76670.945
2026-07-13 08:00:00,62952.8,63260.0,62061.3,62596.6,75065.631
2026-07-13 16:00:00,62596.7,62614.5,61806.0,62307.0,44045.647
2026-07-14 00:00:00,62307.0,62848.0,62240.9,62529.7,28736.133
2026-07-14 08:00:00,62529.7,64950.0,62458.3,64727.5,111541.149
2026-07-14 16:00:00,64727.4,65130.0,64200.0,65014.7,50597.901
2026-07-15 00:00:00,65014.6,65260.0,64450.9,64528.0,34393.436
2026-07-15 08:00:00,64528.0,65589.7,64528.0,65391.6,59965.258
2026-07-15 16:00:00,65391.5,65438.0,64660.0,64721.4,37864.92
2026-07-16 00:00:00,64721.4,64974.5,64005.6,64200.0,37447.073
2026-07-16 08:00:00,64200.1,64874.7,63833.0,64677.7,62262.905
2026-07-16 16:00:00,64677.7,64687.6,63712.6,63801.0,30759.484
2026-07-17 00:00:00,63801.1,64041.6,62655.0,62792.9,59924.74
2026-07-17 08:00:00,62792.8,63496.0,62505.1,63432.4,62904.495
2026-07-17 16:00:00,63432.4,64356.7,63272.4,63909.9,43023.578
2026-07-18 00:00:00,63909.9,64014.9,63859.6,63980.1,9666.922
2026-07-18 08:00:00,63980.0,64237.7,63912.0,64090.0,13902.769
2026-07-18 16:00:00,64090.0,64837.4,64054.5,64806.7,25657.047
2026-07-19 00:00:00,64806.7,64948.8,64580.4,64692.2,19361.824
2026-07-19 08:00:00,64692.1,64723.5,64259.5,64545.2,21943.178
2026-07-19 16:00:00,64545.3,64874.9,64262.9,64694.7,21490.028
2026-07-20 00:00:00,64694.8,65084.6,63736.1,64250.0,50620.565
2026-07-20 08:00:00,64250.0,65688.0,63858.1,65570.1,81995.722
2026-07-20 16:00:00,65570.1,65788.0,65011.4,65224.8,46889.86
2026-07-21 00:00:00,65224.7,66240.0,65115.3,66166.9,42245.112
2026-07-21 08:00:00,66166.8,66924.1,66103.4,66648.5,62529.758
2026-07-21 16:00:00,66648.5,66736.7,65939.0,66522.4,34120.045
2026-07-22 00:00:00,66522.3,66711.0,65668.6,65813.4,35995.442
2026-07-22 08:00:00,65813.4,66190.4,65505.0,66014.8,53250.781
2026-07-22 16:00:00,66014.8,66363.6,65650.2,66082.0,27564.392
2026-07-23 00:00:00,66082.0,66284.1,65313.7,65405.3,32342.676
2026-07-23 08:00:00,65405.3,65756.6,64696.2,64940.4,63320.773
2026-07-23 16:00:00,64940.4,65193.5,64636.0,65069.6,29104.329
2026-07-24 00:00:00,65069.6,65780.0,64733.2,65470.0,40427.448
2026-07-24 08:00:00,65470.1,65477.2,63666.0,64065.1,86482.731
2026-07-24 16:00:00,64065.1,64266.9,63854.3,64116.5,20627.293
2026-07-25 00:00:00,64116.5,64181.0,63933.2,63972.9,17219.32
2026-07-25 08:00:00,63973.0,64243.6,63760.5,64150.0,16160.054
2026-07-25 16:00:00,64150.1,64417.1,64092.2,64338.1,12868.26
2026-07-26 00:00:00,64338.0,64566.0,64256.4,64341.2,14336.512
2026-07-26 08:00:00,64341.3,64819.3,64320.2,64733.6,20136.844
2026-07-26 16:00:00,64733.5,65555.0,64606.3,65375.1,31289.807
2026-07-27 00:00:00,65375.2,65722.5,64872.0,65195.9,32481.953
2026-07-27 08:00:00,65196.0,65689.6,64374.4,64517.1,64801.291
2026-07-27 16:00:00,64517.2,65069.4,63567.0,63720.8,50548.489
2026-07-28 00:00:00,63720.7,63794.3,63021.0,63476.8,48138.809
2026-07-28 08:00:00,63476.8,64014.2,62660.1,63899.4,63792.27
2026-07-28 16:00:00,63899.5,64084.5,63477.2,63903.6,32342.783
2026-07-29 00:00:00,63903.6,64544.0,63569.5,64539.0,43493.865
2026-07-29 08:00:00,64539.1,64715.9,63857.4,63940.2,49877.591
2026-07-29 16:00:00,63940.2,64703.9,63234.0,63958.9,86604.843
2026-07-30 00:00:00,63958.9,64393.0,63576.4,63981.9,29970.521
2026-07-30 08:00:00,63981.9,65157.0,63950.0,64694.2,59704.73
2026-07-30 16:00:00,64694.2,65062.9,64636.3,64750.0,23180.481
2026-07-31 00:00:00,64750.0,65391.3,63835.6,63909.1,56262.742
2026-07-31 08:00:00,63909.1,63982.2,62410.5,62695.4,87867.877
2026-07-31 16:00:00,62695.3,63275.7,62680.1,62859.9,30834.316
2026-08-01 00:00:00,62859.9,63118.7,62859.8,63019.6,11523.643
2026-08-01 08:00:00,63019.6,63126.6,62956.5,62976.4,8657.567
2026-08-01 16:00:00,62976.4,63006.6,62228.8,62792.3,34556.933
2026-08-02 00:00:00,62792.3,63620.0,62782.3,63468.1,32887.235
2026-08-02 08:00:00,63468.0,63507.8,62961.1,63081.6,24222.747
2026-08-02 16:00:00,63081.6,63779.0,63038.0,63550.0,26930.425
2026-08-03 00:00:00,63550.0,63575.6,62520.0,62591.0,32866.939
2026-08-03 08:00:00,62591.0,63960.0,62268.2,63659.5,83100.039
2026-08-03 16:00:00,63659.5,64058.8,63352.2,63497.2,35876.884
2026-08-04 00:00:00,63497.1,64239.8,63290.2,63666.5,38558.643
2026-08-04 08:00:00,63666.5,64200.0,63428.8,64088.4,49250.468
2026-08-04 16:00:00,64088.3,64512.9,63856.4,64075.5,42216.189
2026-08-05 00:00:00,64075.6,64500.0,63917.1,64141.0,42668.824
2026-08-05 08:00:00,64141.0,64728.5,63847.0,64353.6,63348.306
2026-08-05 16:00:00,64353.6,65022.0,64352.5,64633.9,39103.117
2026-08-06 00:00:00,64634.0,64971.7,64386.3,64789.4,26272.829
2026-08-06 08:00:00,64789.3,64971.0,64111.0,64604.2,51936.514
2026-08-06 16:00:00,64604.2,64807.4,64163.5,64300.0,21095.441
2026-08-07 00:00:00,64299.9,64524.8,64128.3,64288.9,23447.142
2026-08-07 08:00:00,64288.8,65358.0,64268.9,64885.4,73085.435
2026-08-07 16:00:00,64885.5,65078.7,64490.0,64885.4,27855.803
2026-08-08 00:00:00,64885.5,65046.1,64784.3,64936.3,8190.133
2026-08-08 08:00:00,64936.3,65163.0,64890.8,65049.3,9838.109
2026-08-08 16:00:00,65049.4,65123.1,64907.9,64928.5,8410.06
2026-08-09 00:00:00,64928.6,64982.4,64700.0,64793.6,9734.83
2026-08-09 08:00:00,64793.7,65279.9,64759.2,65207.7,17352.521
2026-08-09 16:00:00,65207.8,65482.7,64805.1,64867.8,20761.111
2026-08-10 00:00:00,64867.8,65373.6,64794.4,65183.0,30130.147
2026-08-10 08:00:00,65183.0,65306.9,64171.8,64268.8,54115.395
2026-08-10 16:00:00,64268.7,64330.0,63788.0,63939.3,44580.186
2026-08-11 00:00:00,63939.3,64148.0,63820.0,64031.7,18964.871
2026-08-11 08:00:00,64031.7,64470.0,63420.0,63585.3,51369.71
2026-08-11 16:00:00,63585.3,63757.5,63211.6,63572.0,35689.065
2026-08-12 00:00:00,63571.9,63886.0,63505.3,63804.8,21054.947
2026-08-12 08:00:00,63804.8,64450.0,63291.1,63421.4,69917.785
2026-08-12 16:00:00,63421.3,63629.8,63283.0,63454.7,23460.081
2026-08-13 00:00:00,63454.6,63990.7,63343.8,63833.0,29742.211
2026-08-13 08:00:00,63833.0,63980.6,63318.1,63385.0,44618.757
2026-08-13 16:00:00,63385.0,63613.6,62800.0,63456.7,48305.124
2026-08-14 00:00:00,63456.7,63595.1,62888.0,62888.1,26560.885
2026-08-14 08:00:00,62888.0,63061.7,62484.2,62956.0,55850.715
2026-08-14 16:00:00,62956.0,63215.3,62770.9,63015.0,22936.157
2026-08-15 00:00:00,63014.9,63170.0,62964.4,63049.8,9725.451
2026-08-15 08:00:00,63049.9,63096.7,62890.2,63068.0,9153.77
2026-08-15 16:00:00,63068.1,63141.6,63011.6,63053.9,6251.964
2026-08-16 00:00:00,63053.9,63132.2,62975.9,63034.3,6306.941
2026-08-16 08:00:00,63034.4,63113.8,62928.5,63113.8,7718.955
2026-08-16 16:00:00,63113.8,63370.0,62681.1,62876.0,25902.179
2026-08-17 00:00:00,62876.0,63693.2,62723.9,63493.5,36833.034
2026-08-17 08:00:00,63493.5,64199.9,63255.0,64169.9,57000.765
2026-08-17 16:00:00,64169.8,64600.8,63944.3,64504.1,44415.532
2026-08-18 00:00:00,64504.1,64541.6,64000.0,64170.9,28954.765
2026-08-18 08:00:00,64170.8,65057.9,63979.2,64823.9,50839.265
2026-08-18 16:00:00,64823.9,64861.7,64528.4,64694.0,17719.858
2026-08-19 00:00:00,64694.1,64705.7,64131.3,64266.1,24578.93
2026-08-19 08:00:00,64266.0,70450.0,64219.6,68523.7,185058.297
2026-08-19 16:00:00,68523.7,70048.2,67803.6,69310.0,116859.255
2026-08-20 00:00:00,69310.1,69999.0,68882.1,69815.9,58500.714
2026-08-20 08:00:00,69815.9,72849.9,69771.8,72429.0,172759.758
2026-08-20 16:00:00,72429.1,73399.7,72159.8,72998.7,58201.351
2026-08-21 00:00:00,72998.8,76900.0,72992.4,76310.4,154461.508
2026-08-21 08:00:00,76310.3,79555.5,76237.0,77219.8,223648.753
2026-08-21 16:00:00,77219.8,78748.8,76576.4,78309.1,72151.811
2026-08-22 00:00:00,78309.1,78831.8,76510.0,77286.7,69968.527
2026-08-22 08:00:00,77286.7,77430.0,76512.9,76995.6,38549.981
2026-08-22 16:00:00,76995.6,77590.6,76772.0,77084.5,20418.936
2026-08-23 00:00:00,77084.5,77423.8,75588.0,76020.3,52748.992
2026-08-23 08:00:00,76020.2,77771.6,75966.7,77124.0,51557.656
2026-08-23 16:00:00,77124.0,78057.6,77075.1,77719.1,26774.686
2026-08-24 00:00:00,77719.0,77789.7,76649.0,77301.8,45459.14
2026-08-24 08:00:00,77301.8,79974.8,76802.9,79069.3,136427.598
2026-08-24 16:00:00,79069.3,79839.8,78410.0,78953.0,50615.612
2026-08-25 00:00:00,78952.9,81270.5,78675.7,79661.5,98891.962
2026-08-25 08:00:00,79661.6,80235.4,78100.1,79463.1,88483.241
2026-08-25 16:00:00,79463.1,79539.9,77808.1,78505.4,52326.357
2026-08-26 00:00:00,78505.5,79200.0,78252.8,78887.0,31841.71
2026-08-26 08:00:00,78887.1,79087.9,77600.0,77980.7,64924.765
2026-08-26 16:00:00,77980.7,79138.7,77812.6,78989.4,37597.885
2026-08-27 00:00:00,78989.4,79074.0,78522.1,79054.4,24205.168
2026-08-27 08:00:00,79054.3,80766.8,78864.0,80273.6,98975.532
2026-08-27 16:00:00,80273.7,80845.1,79707.0,80208.9,42281.763
2026-08-28 00:00:00,80208.9,81500.0,79522.3,79645.6,57171.579
2026-08-28 08:00:00,79645.7,79840.0,78271.0,78309.0,92109.713
2026-08-28 16:00:00,78309.0,78381.6,76853.1,77805.9,73140.814
2026-08-29 00:00:00,77805.9,77920.0,77353.0,77587.0,14972.507
2026-08-29 08:00:00,77586.9,78135.0,77442.1,77824.1,19117.806
2026-08-29 16:00:00,77824.1,78314.9,77822.8,78200.7,14101.798
2026-08-30 00:00:00,78200.6,78297.3,77944.9,78082.6,11615.596
2026-08-30 08:00:00,78082.7,78939.9,77933.4,78791.1,29547.35
2026-08-30 16:00:00,78791.2,79384.4,76947.2,77634.6,48728.77
2026-08-31 00:00:00,77634.6,78294.0,77350.7,78168.2,38978.722
2026-08-31 08:00:00,78168.2,78774.0,77663.1,78543.0,58359.035
2026-08-31 16:00:00,78543.1,79228.5,78362.4,78549.6,32178.934
2026-09-01 00:00:00,78549.6,79196.0,78150.0,78600.2,31501.807
2026-09-01 08:00:00,78600.3,78627.4,77366.0,77877.3,61160.342
2026-09-01 16:00:00,77877.4,77942.8,76368.0,77400.1,58695.683
2026-09-02 00:00:00,77400.2,77767.8,76682.3,77444.9,33855.492
2026-09-02 08:00:00,77444.8,77518.2,76151.9,77249.9,74563.177
2026-09-02 16:00:00,77250.0,77546.7,76914.3,77300.0,33690.79
2026-09-03 00:00:00,77300.0,78144.7,76927.3,77627.3,45352.613
2026-09-03 08:00:00,77627.4,81333.4,77422.8,81316.7,109261.549
2026-09-03 16:00:00,81316.7,82282.8,80588.0,81230.7,85121.468
2026-09-04 00:00:00,81230.7,81393.8,80538.6,80628.0,46944.807
2026-09-04 08:00:00,80628.0,81377.7,78618.1,79384.8,121317.422
2026-09-04 16:00:00,79384.9,79838.1,79334.1,79616.1,26601.176
2026-09-05 00:00:00,79616.2,79722.1,79405.2,79673.0,12293.376
2026-09-05 08:00:00,79673.0,79783.6,79500.0,79760.2,12777.533
2026-09-05 16:00:00,79760.2,80167.0,79653.0,79797.7,22638.51
2026-09-06 00:00:00,79797.8,80085.2,79523.6,79766.2,18503.223
2026-09-06 08:00:00,79766.2,79997.9,79125.3,79677.8,21198.162
2026-09-06 16:00:00,79677.8,80536.1,79542.6,80301.1,21612.894
2026-09-07 00:00:00,80301.0,80410.8,78938.7,79357.7,38310.715
2026-09-07 08:00:00,79357.7,79613.8,78636.0,78786.1,35373.816
2026-09-07 16:00:00,78786.2,79391.4,78737.9,79075.9,21001.386
2026-09-08 00:00:00,79075.9,79476.0,78133.0,78445.0,41025.634
2026-09-08 08:00:00,78445.1,78969.6,77600.1,78870.0,62903.391
2026-09-08 16:00:00,78870.1,78966.0,78230.5,78425.6,25934.128
2026-09-09 00:00:00,78425.6,79376.4,78425.6,79246.0,33440.909
2026-09-09 08:00:00,79246.0,79737.3,78020.0,78570.0,81493.046
2026-09-09 16:00:00,78569.9,78942.1,77706.1,78264.1,37695.058
2026-09-10 00:00:00,78264.0,78543.9,77867.5,78071.1,37380.017
2026-09-10 08:00:00,78071.0,78195.7,76634.3,77218.5,73685.724
2026-09-10 16:00:00,77218.6,77518.6,76402.9,76535.7,31629.147
2026-09-11 00:00:00,76535.6,77400.0,76525.0,77188.1,25510.234
2026-09-11 08:00:00,77188.2,79859.8,76000.3,77682.9,135926.151
2026-09-11 16:00:00,77682.9,78031.2,76837.8,77191.1,45868.873
2026-09-12 00:00:00,77191.1,77346.8,77129.0,77236.9,13112.554
2026-09-12 08:00:00,77236.8,77477.4,77208.0,77343.7,13646.5
2026-09-12 16:00:00,77343.7,77384.9,77025.1,77242.8,13967.626
2026-09-13 00:00:00,77242.8,77321.0,77003.4,77087.7,11599.523
2026-09-13 08:00:00,77087.6,77146.4,76458.9,76932.0,23828.121
