symbol,fundingTime,fundingRate,markPrice,rateType
BTCUSDT,2023-09-14 16:00:00.000,-4.748e-05,,Regular
BTCUSDT,2023-09-15 00:00:00.000,-2.641e-05,,Regular
BTCUSDT,2023-09-15 08:00:00.000,-7.61e-06,,Regular
BTCUSDT,2023-09-15 16:00:00.000,7.561e-05,,Regular
BTCUSDT,2023-09-16 00:00:00.000,-1.381e-05,,Regular
BTCUSDT,2023-09-16 08:00:00.000,-4.32e-05,,Regular
BTCUSDT,2023-09-16 16:00:00.000,-3.161e-05,,Regular
BTCUSDT,2023-09-17 00:00:00.000,8.97e-06,,Regular
BTCUSDT,2023-09-17 08:00:00.000,1.142e-05,,Regular
BTCUSDT,2023-09-17 16:00:00.000,6.49e-06,,Regular
BTCUSDT,2023-09-18 00:00:00.000,-5.08e-06,,Regular
BTCUSDT,2023-09-18 08:00:00.000,5.79e-06,,Regular
BTCUSDT,2023-09-18 16:00:00.000,-6.774e-05,,Regular
BTCUSDT,2023-09-19 00:00:00.000,2.468e-05,,Regular
BTCUSDT,2023-09-19 08:00:00.001,-1.972e-05,,Regular
BTCUSDT,2023-09-19 16:00:00.000,-1.756e-05,,Regular
BTCUSDT,2023-09-20 00:00:00.000,-2.614e-05,,Regular
BTCUSDT,2023-09-20 08:00:00.000,-3.777e-05,,Regular
BTCUSDT,2023-09-20 16:00:00.000,-9.91e-06,,Regular
BTCUSDT,2023-09-21 00:00:00.001,-2.9e-07,,Regular
BTCUSDT,2023-09-21 08:00:00.000,4.303e-05,,Regular
BTCUSDT,2023-09-21 16:00:00.000,7.429e-05,,Regular
BTCUSDT,2023-09-22 00:00:00.000,-6.2e-07,,Regular
BTCUSDT,2023-09-22 08:00:00.000,1.034e-05,,Regular
BTCUSDT,2023-09-22 16:00:00.000,2.136e-05,,Regular
BTCUSDT,2023-09-23 00:00:00.000,6.676e-05,,Regular
BTCUSDT,2023-09-23 08:00:00.000,1.556e-05,,Regular
BTCUSDT,2023-09-23 16:00:00.000,2.09e-06,,Regular
BTCUSDT,2023-09-24 00:00:00.000,-1.392e-05,,Regular
BTCUSDT,2023-09-24 08:00:00.000,4.721e-05,,Regular
BTCUSDT,2023-09-24 16:00:00.000,2.887e-05,,Regular
BTCUSDT,2023-09-25 00:00:00.000,-1.26e-05,,Regular
BTCUSDT,2023-09-25 08:00:00.000,8.565e-05,,Regular
BTCUSDT,2023-09-25 16:00:00.000,4.792e-05,,Regular
BTCUSDT,2023-09-26 00:00:00.000,-3.91e-05,,Regular
BTCUSDT,2023-09-26 08:00:00.000,-1.215e-05,,Regular
BTCUSDT,2023-09-26 16:00:00.000,5.626e-05,,Regular
BTCUSDT,2023-09-27 00:00:00.000,9.944e-05,,Regular
BTCUSDT,2023-09-27 08:00:00.001,3.378e-05,,Regular
BTCUSDT,2023-09-27 16:00:00.000,2.074e-05,,Regular
BTCUSDT,2023-09-28 00:00:00.000,6.74e-06,,Regular
BTCUSDT,2023-09-28 08:00:00.000,-1.581e-05,,Regular
BTCUSDT,2023-09-28 16:00:00.000,-4.732e-05,,Regular
BTCUSDT,2023-09-29 00:00:00.000,-3.894e-05,,Regular
BTCUSDT,2023-09-29 08:00:00.000,-2.567e-05,,Regular
BTCUSDT,2023-09-29 16:00:00.000,4.76e-06,,Regular
BTCUSDT,2023-09-30 00:00:00.000,6.43e-06,,Regular
BTCUSDT,2023-09-30 08:00:00.000,1.864e-05,,Regular
BTCUSDT,2023-09-30 16:00:00.000,1.525e-05,,Regular
BTCUSDT,2023-10-01 00:00:00.000,2.95e-06,,Regular
BTCUSDT,2023-10-01 08:00:00.000,-6.19e-06,,Regular
BTCUSDT,2023-10-01 16:00:00.000,-2.263e-05,,Regular
BTCUSDT,2023-10-02 00:00:00.000,5.831e-05,,Regular
BTCUSDT,2023-10-02 08:00:00.000,7.28e-06,,Regular
BTCUSDT,2023-10-02 16:00:00.000,-1.477e-05,,Regular
BTCUSDT,2023-10-03 00:00:00.000,4.172e-05,,Regular
BTCUSDT,2023-10-03 08:00:00.000,1.667e-05,,Regular
BTCUSDT,2023-10-03 16:00:00.000,2.5e-05,,Regular
BTCUSDT,2023-10-04 00:00:00.000,6.031e-05,,Regular
BTCUSDT,2023-10-04 08:00:00.000,6.2e-05,,Regular
BTCUSDT,2023-10-04 16:00:00.000,-2.857e-05,,Regular
BTCUSDT,2023-10-05 00:00:00.000,-3.807e-05,,Regular
BTCUSDT,2023-10-05 08:00:00.000,-4.268e-05,,Regular
BTCUSDT,2023-10-05 16:00:00.001,-2.302e-05,,Regular
BTCUSDT,2023-10-06 00:00:00.000,-1.106e-05,,Regular
BTCUSDT,2023-10-06 08:00:00.000,1.436e-05,,Regular
BTCUSDT,2023-10-06 16:00:00.000,-3.149e-05,,Regular
BTCUSDT,2023-10-07 00:00:00.000,2.124e-05,,Regular
BTCUSDT,2023-10-07 08:00:00.000,2.849e-05,,Regular
BTCUSDT,2023-10-07 16:00:00.000,2.083e-05,,Regular
BTCUSDT,2023-10-08 00:00:00.000,3.14e-06,,Regular
BTCUSDT,2023-10-08 08:00:00.001,9.74e-06,,Regular
BTCUSDT,2023-10-08 16:00:00.000,5.163e-05,,Regular
BTCUSDT,2023-10-09 00:00:00.000,3.992e-05,,Regular
BTCUSDT,2023-10-09 08:00:00.000,3.515e-05,,Regular
BTCUSDT,2023-10-09 16:00:00.000,7.838e-05,,Regular
BTCUSDT,2023-10-10 00:00:00.000,6.349e-05,,Regular
BTCUSDT,2023-10-10 08:00:00.000,1.894e-05,,Regular
BTCUSDT,2023-10-10 16:00:00.000,4.548e-05,,Regular
BTCUSDT,2023-10-11 00:00:00.000,5.918e-05,,Regular
BTCUSDT,2023-10-11 08:00:00.000,8.33e-05,,Regular
BTCUSDT,2023-10-11 16:00:00.000,6.319e-05,,Regular
BTCUSDT,2023-10-12 00:00:00.000,0.0001,,Regular
BTCUSDT,2023-10-12 08:00:00.000,2.661e-05,,Regular
BTCUSDT,2023-10-12 16:00:00.000,7.304e-05,,Regular
BTCUSDT,2023-10-13 00:00:00.000,2.294e-05,,Regular
BTCUSDT,2023-10-13 08:00:00.000,2.039e-05,,Regular
BTCUSDT,2023-10-13 16:00:00.000,2.326e-05,,Regular
BTCUSDT,2023-10-14 00:00:00.000,1.05e-06,,Regular
BTCUSDT,2023-10-14 08:00:00.000,2.211e-05,,Regular
BTCUSDT,2023-10-14 16:00:00.000,2.456e-05,,Regular
BTCUSDT,2023-10-15 00:00:00.000,-1.509e-05,,Regular
BTCUSDT,2023-10-15 08:00:00.000,4.292e-05,,Regular
BTCUSDT,2023-10-15 16:00:00.000,2.224e-05,,Regular
BTCUSDT,2023-10-16 00:00:00.000,5.11e-06,,Regular
BTCUSDT,2023-10-16 08:00:00.000,2.8e-07,,Regular
BTCUSDT,2023-10-16 16:00:00.000,9.644e-05,,Regular
BTCUSDT,2023-10-17 00:00:00.000,2.04e-06,,Regular
BTCUSDT,2023-10-17 08:00:00.000,1.493e-05,,Regular
BTCUSDT,2023-10-17 16:00:00.000,-2.311e-05,,Regular
BTCUSDT,2023-10-18 00:00:00.000,-3.343e-05,,Regular
BTCUSDT,2023-10-18 08:00:00.000,-1.216e-05,,Regular
BTCUSDT,2023-10-18 16:00:00.000,1.644e-05,,Regular
BTCUSDT,2023-10-19 00:00:00.000,-1.028e-05,,Regular
BTCUSDT,2023-10-19 08:00:00.001,-6.24e-06,,Regular
BTCUSDT,2023-10-19 16:00:00.000,-0.00011006,,Regular
BTCUSDT,2023-10-20 00:00:00.000,-9.272e-05,,Regular
BTCUSDT,2023-10-20 08:00:00.005,1.938e-05,,Regular
BTCUSDT,2023-10-20 16:00:00.000,2.687e-05,,Regular
BTCUSDT,2023-10-21 00:00:00.000,-1.585e-05,,Regular
BTCUSDT,2023-10-21 08:00:00.000,4.374e-05,,Regular
BTCUSDT,2023-10-21 16:00:00.000,5.827e-05,,Regular
BTCUSDT,2023-10-22 00:00:00.000,2.567e-05,,Regular
BTCUSDT,2023-10-22 08:00:00.000,2.579e-05,,Regular
BTCUSDT,2023-10-22 16:00:00.000,3.115e-05,,Regular
BTCUSDT,2023-10-23 00:00:00.000,8.25e-05,,Regular
BTCUSDT,2023-10-23 08:00:00.001,9.59e-05,,Regular
BTCUSDT,2023-10-23 16:00:00.001,6.48e-06,,Regular
BTCUSDT,2023-10-24 00:00:00.000,0.0001,,Regular
BTCUSDT,2023-10-24 08:00:00.000,0.0001,,Regular
BTCUSDT,2023-10-24 16:00:00.000,0.0001,,Regular
BTCUSDT,2023-10-25 00:00:00.000,0.0001,,Regular
BTCUSDT,2023-10-25 08:00:00.000,0.0001,,Regular
BTCUSDT,2023-10-25 16:00:00.001,0.0001,,Regular
BTCUSDT,2023-10-26 00:00:00.001,0.0001,,Regular
BTCUSDT,2023-10-26 08:00:00.000,0.0001,,Regular
BTCUSDT,2023-10-26 16:00:00.000,0.0001,,Regular
BTCUSDT,2023-10-27 00:00:00.000,0.0001,,Regular
BTCUSDT,2023-10-27 08:00:00.000,0.0001,,Regular
BTCUSDT,2023-10-27 16:00:00.000,0.0001,,Regular
BTCUSDT,2023-10-28 00:00:00.000,0.0001,,Regular
BTCUSDT,2023-10-28 08:00:00.001,0.0001,,Regular
BTCUSDT,2023-10-28 16:00:00.000,0.0001,,Regular
BTCUSDT,2023-10-29 00:00:00.000,0.0001,,Regular
BTCUSDT,2023-10-29 08:00:00.000,0.0001,,Regular
BTCUSDT,2023-10-29 16:00:00.000,0.0001,,Regular
BTCUSDT,2023-10-30 00:00:00.000,0.0001,,Regular
BTCUSDT,2023-10-30 08:00:00.000,0.0001,,Regular
BTCUSDT,2023-10-30 16:00:00.000,0.0001,,Regular
BTCUSDT,2023-10-31 00:00:00.001,0.0001,,Regular
BTCUSDT,2023-10-31 08:00:00.000,0.0001,34149.46365245,Regular
BTCUSDT,2023-10-31 16:00:00.000,0.0001,34287.54619963,Regular
BTCUSDT,2023-11-01 00:00:00.000,0.0001,34651.40000000,Regular
BTCUSDT,2023-11-01 08:00:00.000,0.0001,34462.70000000,Regular
BTCUSDT,2023-11-01 16:00:00.000,0.0001,34297.00000000,Regular
BTCUSDT,2023-11-02 00:00:00.001,0.0001,35437.50000000,Regular
BTCUSDT,2023-11-02 08:00:00.000,0.0001,35280.70000000,Regular
BTCUSDT,2023-11-02 16:00:00.000,0.0001,34642.61247985,Regular
BTCUSDT,2023-11-03 00:00:00.000,0.0001,34937.66351648,Regular
BTCUSDT,2023-11-03 08:00:00.000,0.0001,34469.05403297,Regular
BTCUSDT,2023-11-03 16:00:00.000,0.0001,34760.80585567,Regular
BTCUSDT,2023-11-04 00:00:00.000,0.0001,34702.10537801,Regular
BTCUSDT,2023-11-04 08:00:00.000,0.0001,34759.10000000,Regular
BTCUSDT,2023-11-04 16:00:00.000,0.0001,34709.63381443,Regular
BTCUSDT,2023-11-05 00:00:00.000,0.0001,35070.25307143,Regular
BTCUSDT,2023-11-05 08:00:00.000,0.0001,35175.40000000,Regular
BTCUSDT,2023-11-05 16:00:00.000,0.0001,34893.90000000,Regular
BTCUSDT,2023-11-06 00:00:00.000,0.0001,35025.50000000,Regular
BTCUSDT,2023-11-06 08:00:00.001,0.0001,34918.50000000,Regular
BTCUSDT,2023-11-06 16:00:00.000,0.0001,35085.27989377,Regular
BTCUSDT,2023-11-07 00:00:00.001,0.0001,35056.66628082,Regular
BTCUSDT,2023-11-07 08:00:00.000,0.0001,34947.30000000,Regular
BTCUSDT,2023-11-07 16:00:00.000,0.0001,34726.93986667,Regular
BTCUSDT,2023-11-08 00:00:00.000,0.0001,35407.40000000,Regular
BTCUSDT,2023-11-08 08:00:00.000,0.0001,35239.50000000,Regular
BTCUSDT,2023-11-08 16:00:00.000,0.0001,35231.30000000,Regular
BTCUSDT,2023-11-09 00:00:00.000,0.0001,35630.54451373,Regular
BTCUSDT,2023-11-09 08:00:00.000,0.0001,36552.00000000,Regular
BTCUSDT,2023-11-09 16:00:00.000,0.00020027,37133.04096275,Regular
BTCUSDT,2023-11-10 00:00:00.000,0.0001,36713.69408039,Regular
BTCUSDT,2023-11-10 08:00:00.000,0.00011682,36477.27099789,Regular
BTCUSDT,2023-11-10 16:00:00.000,0.0001,37092.50000000,Regular
BTCUSDT,2023-11-11 00:00:00.000,0.0001,37326.19194118,Regular
BTCUSDT,2023-11-11 08:00:00.000,0.00016607,37030.40000000,Regular
BTCUSDT,2023-11-11 16:00:00.000,0.00014648,37070.40000000,Regular
BTCUSDT,2023-11-12 00:00:00.000,0.0001543,37162.00000000,Regular
BTCUSDT,2023-11-12 08:00:00.000,0.00023487,37154.10000000,Regular
BTCUSDT,2023-11-12 16:00:00.001,0.00027221,37178.20000000,Regular
BTCUSDT,2023-11-13 00:00:00.000,0.00032467,37086.11364510,Regular
BTCUSDT,2023-11-13 08:00:00.000,0.00010893,36982.50000000,Regular
BTCUSDT,2023-11-13 16:00:00.000,0.00020492,36869.75723137,Regular
BTCUSDT,2023-11-14 00:00:00.000,0.00017382,36484.23073840,Regular
BTCUSDT,2023-11-14 08:00:00.000,0.00016369,36705.50000000,Regular
BTCUSDT,2023-11-14 16:00:00.001,0.00014477,36162.79747255,Regular
BTCUSDT,2023-11-15 00:00:00.000,0.0001,35560.60000000,Regular
BTCUSDT,2023-11-15 08:00:00.000,0.0001,35596.70000000,Regular
BTCUSDT,2023-11-15 16:00:00.000,0.0001,36415.64025773,Regular
BTCUSDT,2023-11-16 00:00:00.000,0.0001,37885.71403952,Regular
BTCUSDT,2023-11-16 08:00:00.000,0.00015199,37460.60000000,Regular
BTCUSDT,2023-11-16 16:00:00.001,0.00012014,36420.00000000,Regular
BTCUSDT,2023-11-17 00:00:00.000,0.0001,36172.50061684,Regular
BTCUSDT,2023-11-17 08:00:00.001,0.0001,36248.93589863,Regular
BTCUSDT,2023-11-17 16:00:00.001,0.0001,36059.00000000,Regular
BTCUSDT,2023-11-18 00:00:00.000,0.0001,36622.00000000,Regular
BTCUSDT,2023-11-18 08:00:00.000,0.0001,36424.88688316,Regular
BTCUSDT,2023-11-18 16:00:00.000,0.0001,36671.96767869,Regular
BTCUSDT,2023-11-19 00:00:00.000,0.0001,36575.50541573,Regular
BTCUSDT,2023-11-19 08:00:00.000,0.0001,36618.89655326,Regular
BTCUSDT,2023-11-19 16:00:00.000,0.0001,36575.10000000,Regular
BTCUSDT,2023-11-20 00:00:00.000,0.0001,37375.80000000,Regular
BTCUSDT,2023-11-20 08:00:00.000,0.0001,37259.90000000,Regular
BTCUSDT,2023-11-20 16:00:00.000,0.0001,37476.60000000,Regular
BTCUSDT,2023-11-21 00:00:00.000,0.0001,37465.47965292,Regular
BTCUSDT,2023-11-21 08:00:00.000,0.0001,37290.96343471,Regular
BTCUSDT,2023-11-21 16:00:00.000,0.0001,36978.81670103,Regular
BTCUSDT,2023-11-22 00:00:00.000,0.0001,35745.39198625,Regular
BTCUSDT,2023-11-22 08:00:00.000,0.0001,36435.97590206,Regular
BTCUSDT,2023-11-22 16:00:00.000,0.0001,36480.85577320,Regular
BTCUSDT,2023-11-23 00:00:00.000,0.0001,37411.23448797,Regular
BTCUSDT,2023-11-23 08:00:00.000,0.0001,37378.50000000,Regular
BTCUSDT,2023-11-23 16:00:00.001,0.0001,36954.00000000,Regular
BTCUSDT,2023-11-24 00:00:00.000,0.0001,37294.40000000,Regular
BTCUSDT,2023-11-24 08:00:00.000,0.0001,37530.00000000,Regular
BTCUSDT,2023-11-24 16:00:00.000,0.0001,38221.90000000,Regular
BTCUSDT,2023-11-25 00:00:00.000,0.0001,37706.30000000,Regular
BTCUSDT,2023-11-25 08:00:00.000,0.0001,37795.15536082,Regular
BTCUSDT,2023-11-25 16:00:00.000,0.0001,37696.51395533,Regular
BTCUSDT,2023-11-26 00:00:00.000,0.0001,37766.63934748,Regular
BTCUSDT,2023-11-26 08:00:00.000,0.0001,37774.46133566,Regular
BTCUSDT,2023-11-26 16:00:00.000,0.0001,37422.79969759,Regular
BTCUSDT,2023-11-27 00:00:00.000,0.0001,37438.00000000,Regular
BTCUSDT,2023-11-27 08:00:00.001,0.0001,37277.03877148,Regular
BTCUSDT,2023-11-27 16:00:00.000,0.0001,36744.68396735,Regular
BTCUSDT,2023-11-28 00:00:00.000,0.0001,37234.30000000,Regular
BTCUSDT,2023-11-28 08:00:00.000,0.0001,37088.60000000,Regular
BTCUSDT,2023-11-28 16:00:00.000,0.0001,37502.20000000,Regular
BTCUSDT,2023-11-29 00:00:00.001,0.0001,37812.00000000,Regular
BTCUSDT,2023-11-29 08:00:00.000,0.0001,38095.42608247,Regular
BTCUSDT,2023-11-29 16:00:00.000,0.0001,37817.50000000,Regular
BTCUSDT,2023-11-30 00:00:00.000,0.0001,37841.92721631,Regular
BTCUSDT,2023-11-30 08:00:00.000,0.0001,37782.30000355,Regular
BTCUSDT,2023-11-30 16:00:00.000,0.0001,37609.20000000,Regular
BTCUSDT,2023-12-01 00:00:00.000,0.0001,37716.80000000,Regular
BTCUSDT,2023-12-01 08:00:00.000,0.0001,38242.08488652,Regular
BTCUSDT,2023-12-01 16:00:00.000,0.0001,38401.40000000,Regular
BTCUSDT,2023-12-02 00:00:00.000,9.95e-05,38661.09287589,Regular
BTCUSDT,2023-12-02 08:00:00.000,6.973e-05,38684.00000000,Regular
BTCUSDT,2023-12-02 16:00:00.000,8.541e-05,38794.48514894,Regular
BTCUSDT,2023-12-03 00:00:00.000,0.0001,39438.73455824,Regular
BTCUSDT,2023-12-03 08:00:00.000,0.0001,39474.00000000,Regular
BTCUSDT,2023-12-03 16:00:00.000,0.0001,39758.35522727,Regular
BTCUSDT,2023-12-04 00:00:00.000,0.0001,39978.96550379,Regular
BTCUSDT,2023-12-04 08:00:00.000,0.0001,41466.20294697,Regular
BTCUSDT,2023-12-04 16:00:00.000,0.0001,41275.50000000,Regular
BTCUSDT,2023-12-05 00:00:00.000,0.0001,41993.00000000,Regular
BTCUSDT,2023-12-05 08:00:00.000,0.0001,41531.22250355,Regular
BTCUSDT,2023-12-05 16:00:00.000,0.0001,42265.96340426,Regular
BTCUSDT,2023-12-06 00:00:00.000,0.0001,44078.62530142,Regular
BTCUSDT,2023-12-06 08:00:00.000,0.0001,43697.00000000,Regular
BTCUSDT,2023-12-06 16:00:00.000,0.0001,43795.30000000,Regular
BTCUSDT,2023-12-07 00:00:00.000,0.0001,43772.20000000,Regular
BTCUSDT,2023-12-07 08:00:00.000,0.0001,43896.71856988,Regular
BTCUSDT,2023-12-07 16:00:00.000,0.0001,43671.48801418,Regular
BTCUSDT,2023-12-08 00:00:00.000,0.0001,43296.00000000,Regular
BTCUSDT,2023-12-08 08:00:00.000,0.00023288,43184.90000000,Regular
BTCUSDT,2023-12-08 16:00:00.000,0.00020242,43778.50000000,Regular
BTCUSDT,2023-12-09 00:00:00.000,0.00011504,44209.60000000,Regular
BTCUSDT,2023-12-09 08:00:00.000,0.00030159,44220.60000000,Regular
BTCUSDT,2023-12-09 16:00:00.000,0.00017192,44085.17238370,Regular
BTCUSDT,2023-12-10 00:00:00.000,0.00020724,43734.30000000,Regular
BTCUSDT,2023-12-10 08:00:00.000,0.00020383,43995.90000000,Regular
BTCUSDT,2023-12-10 16:00:00.000,0.00023923,43940.82247727,Regular
BTCUSDT,2023-12-11 00:00:00.000,0.0001473,43810.00000000,Regular
BTCUSDT,2023-12-11 08:00:00.000,0.0001,42134.13747163,Regular
BTCUSDT,2023-12-11 16:00:00.000,0.0001,41824.60000000,Regular
BTCUSDT,2023-12-12 00:00:00.000,0.0001,41271.00000000,Regular
BTCUSDT,2023-12-12 08:00:00.000,0.0001,41930.00000000,Regular
BTCUSDT,2023-12-12 16:00:00.000,0.0001,41373.74558712,Regular
BTCUSDT,2023-12-13 00:00:00.000,0.00011909,41505.95203546,Regular
BTCUSDT,2023-12-13 08:00:00.000,0.00010162,41141.22059929,Regular
BTCUSDT,2023-12-13 16:00:00.001,0.00012601,41953.70580496,Regular
BTCUSDT,2023-12-14 00:00:00.000,0.0001,42874.90000000,Regular
BTCUSDT,2023-12-14 08:00:00.000,0.0001,42909.64841135,Regular
BTCUSDT,2023-12-14 16:00:00.000,0.0001,42458.70000000,Regular
BTCUSDT,2023-12-15 00:00:00.000,0.0001,43030.02054255,Regular
BTCUSDT,2023-12-15 08:00:00.000,0.0001,42721.73764894,Regular
BTCUSDT,2023-12-15 16:00:00.000,0.0001,41930.40000000,Regular
BTCUSDT,2023-12-16 00:00:00.000,0.0001,41963.01760993,Regular
BTCUSDT,2023-12-16 08:00:00.000,0.0001,42242.59387667,Regular
BTCUSDT,2023-12-16 16:00:00.001,0.0001,42608.84540426,Regular
BTCUSDT,2023-12-17 00:00:00.000,0.0001,42287.40000000,Regular
BTCUSDT,2023-12-17 08:00:00.000,0.0001,41894.50000000,Regular
BTCUSDT,2023-12-17 16:00:00.000,0.0001,41828.40000000,Regular
BTCUSDT,2023-12-18 00:00:00.000,0.00013355,41390.59169858,Regular
BTCUSDT,2023-12-18 08:00:00.001,0.0001,41153.28794086,Regular
BTCUSDT,2023-12-18 16:00:00.000,0.00015611,41284.67062411,Regular
BTCUSDT,2023-12-19 00:00:00.000,0.0001,42672.42150355,Regular
BTCUSDT,2023-12-19 08:00:00.000,0.0001,43060.98013830,Regular
BTCUSDT,2023-12-19 16:00:00.000,0.0001,42512.90000000,Regular
BTCUSDT,2023-12-20 00:00:00.000,0.00010506,42296.25497656,Regular
BTCUSDT,2023-12-20 08:00:00.000,0.0001,42950.00000000,Regular
BTCUSDT,2023-12-20 16:00:00.000,0.00023637,44072.24884043,Regular
BTCUSDT,2023-12-21 00:00:00.000,0.00027143,43698.37531584,Regular
BTCUSDT,2023-12-21 08:00:00.000,0.00029216,43794.80000000,Regular
BTCUSDT,2023-12-21 16:00:00.000,0.00028948,43850.89671986,Regular
BTCUSDT,2023-12-22 00:00:00.000,0.00030806,43896.30000000,Regular
BTCUSDT,2023-12-22 08:00:00.000,0.0002961,43614.10000000,Regular
BTCUSDT,2023-12-22 16:00:00.000,0.00018011,43697.08803191,Regular
BTCUSDT,2023-12-23 00:00:00.000,0.00016285,43998.57061702,Regular
BTCUSDT,2023-12-23 08:00:00.001,0.0001,43579.46053070,Regular
BTCUSDT,2023-12-23 16:00:00.000,0.00015066,43779.60935461,Regular
BTCUSDT,2023-12-24 00:00:00.000,0.0001,43725.20000000,Regular
BTCUSDT,2023-12-24 08:00:00.000,0.0002079,43678.01027288,Regular
BTCUSDT,2023-12-24 16:00:00.000,0.00019729,43707.00000000,Regular
BTCUSDT,2023-12-25 00:00:00.000,0.0001,43008.30000000,Regular
BTCUSDT,2023-12-25 08:00:00.000,0.0001,43232.18695035,Regular
BTCUSDT,2023-12-25 16:00:00.000,0.00037908,43658.66589362,Regular
BTCUSDT,2023-12-26 00:00:00.000,0.00043391,43607.90541195,Regular
BTCUSDT,2023-12-26 08:00:00.000,0.00023757,42798.63478030,Regular
BTCUSDT,2023-12-26 16:00:00.000,0.00029559,42420.47853901,Regular
BTCUSDT,2023-12-27 00:00:00.000,0.00027621,42538.50000000,Regular
BTCUSDT,2023-12-27 08:00:00.000,0.00037942,42495.90000000,Regular
BTCUSDT,2023-12-27 16:00:00.000,0.00032304,43007.90000000,Regular
BTCUSDT,2023-12-28 00:00:00.000,0.00013021,43453.33700000,Regular
BTCUSDT,2023-12-28 08:00:00.000,0.00037879,43085.57530142,Regular
BTCUSDT,2023-12-28 16:00:00.000,0.00050152,42485.17897872,Regular
BTCUSDT,2023-12-29 00:00:00.001,0.0005517,42600.00000000,Regular
BTCUSDT,2023-12-29 08:00:00.000,0.00049912,42309.51908156,Regular
BTCUSDT,2023-12-29 16:00:00.000,0.00047082,42298.78047872,Regular
BTCUSDT,2023-12-30 00:00:00.001,0.00033033,42095.10000000,Regular
BTCUSDT,2023-12-30 08:00:00.000,0.0004358,41979.90116312,Regular
BTCUSDT,2023-12-30 16:00:00.000,0.00037842,42410.40000000,Regular
BTCUSDT,2023-12-31 00:00:00.000,0.00027855,42173.49474823,Regular
BTCUSDT,2023-12-31 08:00:00.001,0.00034573,42564.00000000,Regular
BTCUSDT,2023-12-31 16:00:00.000,0.00033597,42489.70000000,Regular
BTCUSDT,2024-01-01 00:00:00.000,0.00037409,42313.90000000,Regular
BTCUSDT,2024-01-01 08:00:00.000,0.00027213,42525.11019858,Regular
BTCUSDT,2024-01-01 16:00:00.000,0.00033601,42811.29637234,Regular
BTCUSDT,2024-01-02 00:00:00.000,0.00065846,44230.20000000,Regular
BTCUSDT,2024-01-02 08:00:00.000,0.00035179,45494.65069858,Regular
BTCUSDT,2024-01-02 16:00:00.000,0.0005373,45212.27632624,Regular
BTCUSDT,2024-01-03 00:00:00.000,0.00021159,44975.18398936,Regular
BTCUSDT,2024-01-03 08:00:00.000,0.00017123,45030.40000000,Regular
BTCUSDT,2024-01-03 16:00:00.000,0.0001,42995.80000000,Regular
BTCUSDT,2024-01-04 00:00:00.000,0.0001,42849.50000000,Regular
BTCUSDT,2024-01-04 08:00:00.000,0.0001,42774.30000000,Regular
BTCUSDT,2024-01-04 16:00:00.000,0.0001,44048.47574468,Regular
BTCUSDT,2024-01-05 00:00:00.001,0.0001,44147.00000000,Regular
BTCUSDT,2024-01-05 08:00:00.000,0.0001,43772.86349645,Regular
BTCUSDT,2024-01-05 16:00:00.000,0.0001,43495.10000000,Regular
BTCUSDT,2024-01-06 00:00:00.000,0.0001,44143.29000000,Regular
BTCUSDT,2024-01-06 08:00:00.000,0.0001,43651.65376950,Regular
BTCUSDT,2024-01-06 16:00:00.000,0.0001,43863.60000000,Regular
BTCUSDT,2024-01-07 00:00:00.000,0.0001,43968.00030496,Regular
BTCUSDT,2024-01-07 08:00:00.001,0.0001,44071.99074823,Regular
BTCUSDT,2024-01-07 16:00:00.001,0.0001,44037.12014539,Regular
BTCUSDT,2024-01-08 00:00:00.000,0.0001,43909.50000000,Regular
BTCUSDT,2024-01-08 08:00:00.000,0.0001,43970.00000000,Regular
BTCUSDT,2024-01-08 16:00:00.000,0.0001,44964.26529433,Regular
BTCUSDT,2024-01-09 00:00:00.001,0.0001,46972.60000000,Regular
BTCUSDT,2024-01-09 08:00:00.000,0.0001,46838.74650709,Regular
BTCUSDT,2024-01-09 16:00:00.000,0.0001,46872.40000000,Regular
BTCUSDT,2024-01-10 00:00:00.000,0.0001,46114.00000000,Regular
BTCUSDT,2024-01-10 08:00:00.000,0.0001,45766.40000000,Regular
BTCUSDT,2024-01-10 16:00:00.000,0.0001,45570.58561702,Regular
BTCUSDT,2024-01-11 00:00:00.000,0.0001,46657.58933688,Regular
BTCUSDT,2024-01-11 08:00:00.000,0.0001,46096.00527305,Regular
BTCUSDT,2024-01-11 16:00:00.000,0.0001,46789.70540426,Regular
BTCUSDT,2024-01-12 00:00:00.001,0.0001,46341.69723404,Regular
BTCUSDT,2024-01-12 08:00:00.000,0.0001,46008.31871986,Regular
BTCUSDT,2024-01-12 16:00:00.000,0.0001,44492.64061702,Regular
BTCUSDT,2024-01-13 00:00:00.000,0.0001,42789.00000000,Regular
BTCUSDT,2024-01-13 08:00:00.000,0.0001,43102.10000000,Regular
BTCUSDT,2024-01-13 16:00:00.001,0.0001,43159.76276596,Regular
BTCUSDT,2024-01-14 00:00:00.000,0.0001,42847.30638298,Regular
BTCUSDT,2024-01-14 08:00:00.000,0.0001,43011.58925532,Regular
BTCUSDT,2024-01-14 16:00:00.001,0.0001,42908.40000000,Regular
BTCUSDT,2024-01-15 00:00:00.000,0.0001,41739.60000000,Regular
BTCUSDT,2024-01-15 08:00:00.000,0.0001,42716.86510638,Regular
BTCUSDT,2024-01-15 16:00:00.000,0.0001,42278.82404255,Regular
BTCUSDT,2024-01-16 00:00:00.000,0.0001,42519.39276596,Regular
BTCUSDT,2024-01-16 08:00:00.000,0.0001,42785.20319149,Regular
BTCUSDT,2024-01-16 16:00:00.001,0.0001,43252.80000000,Regular
BTCUSDT,2024-01-17 00:00:00.000,0.0001,43140.21576950,Regular
BTCUSDT,2024-01-17 08:00:00.000,0.0001,42657.36403546,Regular
BTCUSDT,2024-01-17 16:00:00.000,0.0001,42480.14668590,Regular
BTCUSDT,2024-01-18 00:00:00.001,0.0001,42781.95793262,Regular
BTCUSDT,2024-01-18 08:00:00.000,0.0001,42915.94085106,Regular
BTCUSDT,2024-01-18 16:00:00.000,0.0001,42618.30000000,Regular
BTCUSDT,2024-01-19 00:00:00.000,0.0001,41312.34723404,Regular
BTCUSDT,2024-01-19 08:00:00.000,0.0001,41282.00000000,Regular
BTCUSDT,2024-01-19 16:00:00.002,0.0001,40897.10000000,Regular
BTCUSDT,2024-01-20 00:00:00.000,0.0001,41662.10000000,Regular
BTCUSDT,2024-01-20 08:00:00.003,0.0001,41650.68431818,Regular
BTCUSDT,2024-01-20 16:00:00.000,0.0001,41568.28595745,Regular
BTCUSDT,2024-01-21 00:00:00.000,0.0001,41693.91453546,Regular
BTCUSDT,2024-01-21 08:00:00.000,0.0001,41648.18463415,Regular
BTCUSDT,2024-01-21 16:00:00.000,0.0001,41652.70000000,Regular
BTCUSDT,2024-01-22 00:00:00.000,0.0001,41578.57680851,Regular
BTCUSDT,2024-01-22 08:00:00.000,0.0001,41041.20808511,Regular
BTCUSDT,2024-01-22 16:00:00.000,0.0001,40767.10361702,Regular
BTCUSDT,2024-01-23 00:00:00.000,0.0001,39566.15381552,Regular
BTCUSDT,2024-01-23 08:00:00.000,0.0001,39777.14965957,Regular
BTCUSDT,2024-01-23 16:00:00.000,0.0001,39204.77723404,Regular
BTCUSDT,2024-01-24 00:00:00.000,0.0001,39891.92865530,Regular
BTCUSDT,2024-01-24 08:00:00.000,0.0001,39973.35340426,Regular
BTCUSDT,2024-01-24 16:00:00.000,0.0001,40048.44006491,Regular
BTCUSDT,2024-01-25 00:00:00.000,0.0001,40078.80000000,Regular
BTCUSDT,2024-01-25 08:00:00.001,0.0001,40122.98766288,Regular
BTCUSDT,2024-01-25 16:00:00.000,0.0001,39799.30407092,Regular
BTCUSDT,2024-01-26 00:00:00.001,0.0001,39953.30000000,Regular
BTCUSDT,2024-01-26 08:00:00.000,0.0001,39957.97820833,Regular
BTCUSDT,2024-01-26 16:00:00.000,0.0001,41408.24000758,Regular
BTCUSDT,2024-01-27 00:00:00.000,8.966e-05,41806.40000000,Regular
BTCUSDT,2024-01-27 08:00:00.000,0.0001,41699.00000000,Regular
BTCUSDT,2024-01-27 16:00:00.000,8.3e-05,41797.40000000,Regular
BTCUSDT,2024-01-28 00:00:00.000,0.0001,42102.20000000,Regular
BTCUSDT,2024-01-28 08:00:00.000,4.725e-05,42370.00000000,Regular
BTCUSDT,2024-01-28 16:00:00.000,0.0001,42244.50000000,Regular
BTCUSDT,2024-01-29 00:00:00.000,0.0001,42021.30000000,Regular
BTCUSDT,2024-01-29 08:00:00.001,9.142e-05,42040.00000000,Regular
BTCUSDT,2024-01-29 16:00:00.000,0.0001,42626.51582979,Regular
BTCUSDT,2024-01-30 00:00:00.000,0.0001,43287.70000000,Regular
BTCUSDT,2024-01-30 08:00:00.000,9.492e-05,43346.60000000,Regular
BTCUSDT,2024-01-30 16:00:00.001,5.149e-05,43355.40000000,Regular
BTCUSDT,2024-01-31 00:00:00.000,2.154e-05,42925.49865957,Regular
BTCUSDT,2024-01-31 08:00:00.000,0.0001,43040.12039716,Regular
BTCUSDT,2024-01-31 16:00:00.000,0.0001,43348.20000000,Regular
BTCUSDT,2024-02-01 00:00:00.000,0.0001,42563.08635461,Regular
BTCUSDT,2024-02-01 08:00:00.000,0.0001,42182.20000000,Regular
BTCUSDT,2024-02-01 16:00:00.002,0.0001,42500.13148936,Regular
BTCUSDT,2024-02-02 00:00:00.000,0.0001,43072.60000000,Regular
BTCUSDT,2024-02-02 08:00:00.000,0.0001,43085.75394326,Regular
BTCUSDT,2024-02-02 16:00:00.000,0.0001,43224.06110638,Regular
BTCUSDT,2024-02-03 00:00:00.000,7.627e-05,43182.00000000,Regular
BTCUSDT,2024-02-03 08:00:00.000,9.042e-05,43037.00000000,Regular
BTCUSDT,2024-02-03 16:00:00.001,8.028e-05,43098.79023050,Regular
BTCUSDT,2024-02-04 00:00:00.000,8.307e-05,42993.33852128,Regular
BTCUSDT,2024-02-04 08:00:00.004,8.846e-05,42824.48293972,Regular
BTCUSDT,2024-02-04 16:00:00.000,0.0001,42926.70000000,Regular
BTCUSDT,2024-02-05 00:00:00.000,0.0001,42570.40000000,Regular
BTCUSDT,2024-02-05 08:00:00.000,0.0001,43059.00000000,Regular
BTCUSDT,2024-02-05 16:00:00.000,0.0001,42629.60000000,Regular
BTCUSDT,2024-02-06 00:00:00.000,0.0001,42693.59276950,Regular
BTCUSDT,2024-02-06 08:00:00.001,6.723e-05,42875.22371986,Regular
BTCUSDT,2024-02-06 16:00:00.000,0.0001,43232.25541135,Regular
BTCUSDT,2024-02-07 00:00:00.000,7.527e-05,43079.10000000,Regular
BTCUSDT,2024-02-07 08:00:00.000,5.373e-05,42904.80000000,Regular
BTCUSDT,2024-02-07 16:00:00.000,8.306e-05,43052.50000000,Regular
BTCUSDT,2024-02-08 00:00:00.000,0.0001,44326.22497872,Regular
BTCUSDT,2024-02-08 08:00:00.000,6.535e-05,44499.74975887,Regular
BTCUSDT,2024-02-08 16:00:00.000,2.59e-05,45411.12230496,Regular
BTCUSDT,2024-02-09 00:00:00.000,3.16e-05,45269.20000000,Regular
BTCUSDT,2024-02-09 08:00:00.000,0.0001,46189.13810284,Regular
BTCUSDT,2024-02-09 16:00:00.001,9.801e-05,47136.90000000,Regular
BTCUSDT,2024-02-10 00:00:00.001,8.041e-05,47116.64691288,Regular
BTCUSDT,2024-02-10 08:00:00.000,0.0001,47132.38896970,Regular
BTCUSDT,2024-02-10 16:00:00.000,0.0001,47334.57771120,Regular
BTCUSDT,2024-02-11 00:00:00.000,0.0001,47734.61973485,Regular
BTCUSDT,2024-02-11 08:00:00.001,0.0001,48169.53924621,Regular
BTCUSDT,2024-02-11 16:00:00.000,0.0001,48145.85068561,Regular
BTCUSDT,2024-02-12 00:00:00.000,0.0001,48298.07332955,Regular
BTCUSDT,2024-02-12 08:00:00.000,0.0001,48206.78867803,Regular
BTCUSDT,2024-02-12 16:00:00.000,0.0001,49919.40000000,Regular
BTCUSDT,2024-02-13 00:00:00.000,0.0001,49935.64595076,Regular
BTCUSDT,2024-02-13 08:00:00.000,0.0001,50016.04285106,Regular
BTCUSDT,2024-02-13 16:00:00.000,0.0001,48753.20000000,Regular
BTCUSDT,2024-02-14 00:00:00.000,0.0001,49697.29248227,Regular
BTCUSDT,2024-02-14 08:00:00.000,0.0001,49841.90018794,Regular
BTCUSDT,2024-02-14 16:00:00.000,0.00012283,51610.33415603,Regular
BTCUSDT,2024-02-15 00:00:00.000,0.0001,51816.90327305,Regular
BTCUSDT,2024-02-15 08:00:00.000,0.0001,51802.40000000,Regular
BTCUSDT,2024-02-15 16:00:00.000,0.0001,51961.58883688,Regular
BTCUSDT,2024-02-16 00:00:00.000,0.0001,51899.10000000,Regular
BTCUSDT,2024-02-16 08:00:00.000,0.0001,51779.57268794,Regular
BTCUSDT,2024-02-16 16:00:00.000,0.0001,51909.30000000,Regular
BTCUSDT,2024-02-17 00:00:00.000,0.0001,52145.88278014,Regular
BTCUSDT,2024-02-17 08:00:00.000,0.0001,51934.00000000,Regular
BTCUSDT,2024-02-17 16:00:00.000,0.00016041,51013.40000000,Regular
BTCUSDT,2024-02-18 00:00:00.000,0.0001724,51675.01974242,Regular
BTCUSDT,2024-02-18 08:00:00.000,0.00015305,51697.70652273,Regular
BTCUSDT,2024-02-18 16:00:00.000,0.00017095,51809.00000000,Regular
BTCUSDT,2024-02-19 00:00:00.000,0.00023064,52163.39962677,Regular
BTCUSDT,2024-02-19 08:00:00.000,0.00019594,52423.90000000,Regular
BTCUSDT,2024-02-19 16:00:00.000,0.00013327,52158.90000000,Regular
BTCUSDT,2024-02-20 00:00:00.000,0.00010461,51813.08142803,Regular
BTCUSDT,2024-02-20 08:00:00.000,0.00010912,51868.89496454,Regular
BTCUSDT,2024-02-20 16:00:00.000,0.00020259,51703.73815248,Regular
BTCUSDT,2024-02-21 00:00:00.000,0.0001,52297.40000000,Regular
BTCUSDT,2024-02-21 08:00:00.000,0.00011242,51595.13521986,Regular
BTCUSDT,2024-02-21 16:00:00.000,0.0001,51183.70000000,Regular
BTCUSDT,2024-02-22 00:00:00.001,0.0001,51877.90000000,Regular
BTCUSDT,2024-02-22 08:00:00.001,0.0001348,51856.75509429,Regular
BTCUSDT,2024-02-22 16:00:00.000,0.00012557,51630.00000000,Regular
BTCUSDT,2024-02-23 00:00:00.000,0.0001,51315.77902837,Regular
BTCUSDT,2024-02-23 08:00:00.000,0.0001,50947.90000721,Regular
BTCUSDT,2024-02-23 16:00:00.000,0.00012991,50934.48172469,Regular
BTCUSDT,2024-02-24 00:00:00.000,0.0001,50759.00207801,Regular
BTCUSDT,2024-02-24 08:00:00.001,0.0001,51094.97830142,Regular
BTCUSDT,2024-02-24 16:00:00.000,0.0001,51124.60000000,Regular
BTCUSDT,2024-02-25 00:00:00.001,0.00011438,51601.57573485,Regular
BTCUSDT,2024-02-25 08:00:00.000,0.00015012,51747.27246212,Regular
BTCUSDT,2024-02-25 16:00:00.000,0.00015062,51547.90000000,Regular
BTCUSDT,2024-02-26 00:00:00.000,0.00026761,51758.94718182,Regular
BTCUSDT,2024-02-26 08:00:00.000,0.00021567,51326.60957197,Regular
BTCUSDT,2024-02-26 16:00:00.000,0.00027227,52868.43844318,Regular
BTCUSDT,2024-02-27 00:00:00.000,0.00032262,54511.60000000,Regular
BTCUSDT,2024-02-27 08:00:00.000,0.00073521,56100.10000000,Regular
BTCUSDT,2024-02-27 16:00:00.000,0.00022965,56772.28422340,Regular
BTCUSDT,2024-02-28 00:00:00.000,0.00026729,57074.35007447,Regular
BTCUSDT,2024-02-28 08:00:00.000,0.00023682,58285.92319504,Regular
BTCUSDT,2024-02-28 16:00:00.000,0.00053538,60999.30823050,Regular
BTCUSDT,2024-02-29 00:00:00.000,0.00069091,62477.48158640,Regular
BTCUSDT,2024-02-29 08:00:00.000,0.00076337,62755.48857737,Regular
BTCUSDT,2024-02-29 16:00:00.000,0.00057031,62809.10000000,Regular
BTCUSDT,2024-03-01 00:00:00.000,0.00053322,61203.40000000,Regular
BTCUSDT,2024-03-01 08:00:00.000,0.00064824,61474.21160638,Regular
BTCUSDT,2024-03-01 16:00:00.000,0.0004601,61335.40000000,Regular
BTCUSDT,2024-03-02 00:00:00.000,0.00033426,62426.84994681,Regular
BTCUSDT,2024-03-02 08:00:00.001,0.00057174,62071.90000000,Regular
BTCUSDT,2024-03-02 16:00:00.000,0.00056396,61834.60000000,Regular
BTCUSDT,2024-03-03 00:00:00.000,0.00046267,62039.90000000,Regular
BTCUSDT,2024-03-03 08:00:00.000,0.00042989,61641.10000000,Regular
BTCUSDT,2024-03-03 16:00:00.000,0.00044598,62210.70000000,Regular
BTCUSDT,2024-03-04 00:00:00.000,0.00055071,63178.60000000,Regular
BTCUSDT,2024-03-04 08:00:00.000,0.00046833,64120.50000000,Regular
BTCUSDT,2024-03-04 16:00:00.000,0.0006362,66504.19310494,Regular
BTCUSDT,2024-03-05 00:00:00.000,0.0004896,68296.40000000,Regular
BTCUSDT,2024-03-05 08:00:00.000,0.00082969,66223.70000000,Regular
BTCUSDT,2024-03-05 16:00:00.000,0.00088148,66840.70000000,Regular
BTCUSDT,2024-03-06 00:00:00.000,0.0003628,63737.46570213,Regular
BTCUSDT,2024-03-06 08:00:00.001,0.00033876,66733.45835461,Regular
BTCUSDT,2024-03-06 16:00:00.000,0.00049354,66534.41841489,Regular
BTCUSDT,2024-03-07 00:00:00.000,0.00030311,66118.62122727,Regular
BTCUSDT,2024-03-07 08:00:00.000,0.00040984,66447.80000000,Regular
BTCUSDT,2024-03-07 16:00:00.000,0.00054217,67317.10000000,Regular
BTCUSDT,2024-03-08 00:00:00.000,0.00034819,66869.90000000,Regular
BTCUSDT,2024-03-08 08:00:00.000,0.00043497,67302.03139394,Regular
BTCUSDT,2024-03-08 16:00:00.000,0.00062913,67699.70000000,Regular
BTCUSDT,2024-03-09 00:00:00.000,0.00019134,68174.99267730,Regular
BTCUSDT,2024-03-09 08:00:00.001,0.00031281,68336.40000000,Regular
BTCUSDT,2024-03-09 16:00:00.000,0.00026407,68340.09113121,Regular
BTCUSDT,2024-03-10 00:00:00.000,0.0003101,68360.10000000,Regular
BTCUSDT,2024-03-10 08:00:00.000,0.00063451,69424.70837234,Regular
BTCUSDT,2024-03-10 16:00:00.000,0.00054479,69254.70000000,Regular
BTCUSDT,2024-03-11 00:00:00.000,0.00035489,69000.00000000,Regular
BTCUSDT,2024-03-11 08:00:00.000,0.00078428,71203.54634442,Regular
BTCUSDT,2024-03-11 16:00:00.000,0.00066396,72056.40000000,Regular
BTCUSDT,2024-03-12 00:00:00.000,0.0004447,72153.90000000,Regular
BTCUSDT,2024-03-12 08:00:00.000,0.000453,72175.50000000,Regular
BTCUSDT,2024-03-12 16:00:00.000,0.00047935,71771.34852113,Regular
BTCUSDT,2024-03-13 00:00:00.000,0.00033224,71506.80000000,Regular
BTCUSDT,2024-03-13 08:00:00.001,0.0006442,72962.13824516,Regular
BTCUSDT,2024-03-13 16:00:00.000,0.00045402,72670.20000000,Regular
BTCUSDT,2024-03-14 00:00:00.001,0.00024393,73120.70119365,Regular
BTCUSDT,2024-03-14 08:00:00.000,0.00038753,73280.70000000,Regular
BTCUSDT,2024-03-14 16:00:00.000,0.00038258,70904.40000000,Regular
BTCUSDT,2024-03-15 00:00:00.000,0.00038515,71453.22446454,Regular
BTCUSDT,2024-03-15 08:00:00.000,0.00014328,68487.40000000,Regular
BTCUSDT,2024-03-15 16:00:00.000,0.00015306,68191.10550016,Regular
BTCUSDT,2024-03-16 00:00:00.000,0.0001,69517.88923404,Regular
BTCUSDT,2024-03-16 08:00:00.000,0.00023202,69477.38707245,Regular
BTCUSDT,2024-03-16 16:00:00.000,0.00020813,68423.44776418,Regular
BTCUSDT,2024-03-17 00:00:00.000,0.00013089,65350.90000000,Regular
BTCUSDT,2024-03-17 08:00:00.000,0.00017773,65688.60000000,Regular
BTCUSDT,2024-03-17 16:00:00.000,0.00024827,68006.97658156,Regular
BTCUSDT,2024-03-18 00:00:00.000,0.00020181,68448.00000000,Regular
BTCUSDT,2024-03-18 08:00:00.000,0.00030597,68259.58774823,Regular
BTCUSDT,2024-03-18 16:00:00.001,0.00027195,67509.10000000,Regular
BTCUSDT,2024-03-19 00:00:00.000,0.00026923,67648.11833623,Regular
BTCUSDT,2024-03-19 08:00:00.000,0.00029065,64738.78331206,Regular
BTCUSDT,2024-03-19 16:00:00.001,0.00024018,64080.74999621,Regular
BTCUSDT,2024-03-20 00:00:00.000,0.00015847,61974.00000000,Regular
BTCUSDT,2024-03-20 08:00:00.004,0.00018388,62996.50000000,Regular
BTCUSDT,2024-03-20 16:00:00.000,0.0001,63641.40592860,Regular
BTCUSDT,2024-03-21 00:00:00.000,0.00010403,67863.70000000,Regular
BTCUSDT,2024-03-21 08:00:00.000,0.00019304,67030.14523864,Regular
BTCUSDT,2024-03-21 16:00:00.000,0.0001951,66589.30761364,Regular
BTCUSDT,2024-03-22 00:00:00.000,0.00016271,65538.70000000,Regular
BTCUSDT,2024-03-22 08:00:00.000,0.0001,66217.13622340,Regular
BTCUSDT,2024-03-22 16:00:00.000,0.00011993,63904.42918440,Regular
BTCUSDT,2024-03-23 00:00:00.000,0.0001,63813.37344681,Regular
BTCUSDT,2024-03-23 08:00:00.000,0.0001,64606.50000000,Regular
BTCUSDT,2024-03-23 16:00:00.000,0.00010806,65141.71509220,Regular
BTCUSDT,2024-03-24 00:00:00.000,0.00010351,64020.30000000,Regular
BTCUSDT,2024-03-24 08:00:00.000,0.00014616,64622.20133333,Regular
BTCUSDT,2024-03-24 16:00:00.000,0.00015884,65710.93932745,Regular
BTCUSDT,2024-03-25 00:00:00.000,0.00025549,67255.74783333,Regular
BTCUSDT,2024-03-25 08:00:00.001,0.00016324,66866.60000000,Regular
BTCUSDT,2024-03-25 16:00:00.000,0.00028815,69837.28693262,Regular
BTCUSDT,2024-03-26 00:00:00.000,0.00021963,69920.50000000,Regular
BTCUSDT,2024-03-26 08:00:00.000,0.00018348,70516.73747518,Regular
BTCUSDT,2024-03-26 16:00:00.000,0.00026764,70307.10000000,Regular
BTCUSDT,2024-03-27 00:00:00.000,0.00028757,70039.82099291,Regular
BTCUSDT,2024-03-27 08:00:00.001,0.00029551,69776.11503546,Regular
BTCUSDT,2024-03-27 16:00:00.000,0.00043631,68921.69195390,Regular
BTCUSDT,2024-03-28 00:00:00.000,0.00024195,69532.60000000,Regular
BTCUSDT,2024-03-28 08:00:00.000,0.00029899,70449.15108511,Regular
BTCUSDT,2024-03-28 16:00:00.000,0.0002943,71320.02090780,Regular
BTCUSDT,2024-03-29 00:00:00.000,0.0001825,70833.58536170,Regular
BTCUSDT,2024-03-29 08:00:00.000,0.00025456,69853.35957447,Regular
BTCUSDT,2024-03-29 16:00:00.000,0.0003017,69219.28912057,Regular
BTCUSDT,2024-03-30 00:00:00.000,0.00019624,69898.73039007,Regular
BTCUSDT,2024-03-30 08:00:00.000,0.00032267,69902.00000000,Regular
BTCUSDT,2024-03-30 16:00:00.000,0.0003436,70057.72494050,Regular
BTCUSDT,2024-03-31 00:00:00.000,0.00032351,69636.36575177,Regular
BTCUSDT,2024-03-31 08:00:00.000,0.00039889,70353.76273404,Regular
BTCUSDT,2024-03-31 16:00:00.001,0.00040301,70446.10000000,Regular
BTCUSDT,2024-04-01 00:00:00.000,0.00070161,71363.00000000,Regular
BTCUSDT,2024-04-01 08:00:00.000,0.00033491,69636.12130851,Regular
BTCUSDT,2024-04-01 16:00:00.000,0.00027469,68284.83075177,Regular
BTCUSDT,2024-04-02 00:00:00.007,0.00010926,69700.00000000,Regular
BTCUSDT,2024-04-02 08:00:00.015,0.0001,66501.27906028,Regular
BTCUSDT,2024-04-02 16:00:00.000,0.00016456,64922.16995035,Regular
BTCUSDT,2024-04-03 00:00:00.000,0.0001,65488.95697163,Regular
BTCUSDT,2024-04-03 08:00:00.000,0.0001,66172.55866471,Regular
BTCUSDT,2024-04-03 16:00:00.000,0.0001,65867.40000000,Regular
BTCUSDT,2024-04-04 00:00:00.000,0.0001,65971.50290071,Regular
BTCUSDT,2024-04-04 08:00:00.000,0.0001,66097.48730496,Regular
BTCUSDT,2024-04-04 16:00:00.000,0.0001,67631.70000000,Regular
BTCUSDT,2024-04-05 00:00:00.000,0.0001,68489.80000000,Regular
BTCUSDT,2024-04-05 08:00:00.000,0.0001,66931.37729274,Regular
BTCUSDT,2024-04-05 16:00:00.000,0.0001,68207.38882979,Regular
BTCUSDT,2024-04-06 00:00:00.000,0.0001,67823.48319149,Regular
BTCUSDT,2024-04-06 08:00:00.000,0.0001,67985.20000000,Regular
BTCUSDT,2024-04-06 16:00:00.000,0.0001,68094.00000000,Regular
BTCUSDT,2024-04-07 00:00:00.000,0.0001,68892.19809220,Regular
BTCUSDT,2024-04-07 08:00:00.000,0.0001,69367.40000000,Regular
BTCUSDT,2024-04-07 16:00:00.000,0.0001,69560.34690071,Regular
BTCUSDT,2024-04-08 00:00:00.001,0.0001,69362.70000000,Regular
BTCUSDT,2024-04-08 08:00:00.000,0.0001,70726.91580142,Regular
BTCUSDT,2024-04-08 16:00:00.006,0.00035189,71815.70000000,Regular
BTCUSDT,2024-04-09 00:00:00.000,0.00020915,71675.67700000,Regular
BTCUSDT,2024-04-09 08:00:00.001,0.00020603,70434.57300709,Regular
BTCUSDT,2024-04-09 16:00:00.001,0.00019061,69302.80935461,Regular
BTCUSDT,2024-04-10 00:00:00.000,0.00011929,69189.20000000,Regular
BTCUSDT,2024-04-10 08:00:00.001,0.00012457,69375.34143262,Regular
BTCUSDT,2024-04-10 16:00:00.000,0.0001,68687.90000000,Regular
BTCUSDT,2024-04-11 00:00:00.000,0.00013979,70674.32305943,Regular
BTCUSDT,2024-04-11 08:00:00.000,0.00020153,70780.71202837,Regular
BTCUSDT,2024-04-11 16:00:00.000,0.00019763,70045.90000000,Regular
BTCUSDT,2024-04-12 00:00:00.000,0.00011258,70048.05615603,Regular
BTCUSDT,2024-04-12 08:00:00.001,0.0002563,70825.90000000,Regular
BTCUSDT,2024-04-12 16:00:00.000,0.00012214,69375.10000000,Regular
BTCUSDT,2024-04-13 00:00:00.000,0.0001,67148.90000000,Regular
BTCUSDT,2024-04-13 08:00:00.000,0.0001,67466.10000000,Regular
BTCUSDT,2024-04-13 16:00:00.001,0.0001,67683.10000000,Regular
BTCUSDT,2024-04-14 00:00:00.000,0.0001,63925.03126241,Regular
BTCUSDT,2024-04-14 08:00:00.000,0.0001,64455.64639007,Regular
BTCUSDT,2024-04-14 16:00:00.000,0.0001,64164.20358156,Regular
BTCUSDT,2024-04-15 00:00:00.000,0.0001,65624.38156028,Regular
BTCUSDT,2024-04-15 08:00:00.001,1.759e-05,66235.58104965,Regular
BTCUSDT,2024-04-15 16:00:00.000,0.0001,64545.80000000,Regular
BTCUSDT,2024-04-16 00:00:00.001,5.953e-05,63392.80000000,Regular
BTCUSDT,2024-04-16 08:00:00.000,9.525e-05,63487.90000000,Regular
BTCUSDT,2024-04-16 16:00:00.000,3.513e-05,61753.05706383,Regular
BTCUSDT,2024-04-17 00:00:00.000,6.375e-05,63775.62900000,Regular
BTCUSDT,2024-04-17 08:00:00.000,3.574e-05,63257.26621277,Regular
BTCUSDT,2024-04-17 16:00:00.000,6.534e-05,60280.74173759,Regular
BTCUSDT,2024-04-18 00:00:00.000,6.937e-05,61254.50000000,Regular
BTCUSDT,2024-04-18 08:00:00.000,5.982e-05,61154.70000000,Regular
BTCUSDT,2024-04-18 16:00:00.000,-3.334e-05,63474.00000000,Regular
BTCUSDT,2024-04-19 00:00:00.001,-3.12e-05,63445.00000000,Regular
BTCUSDT,2024-04-19 08:00:00.000,6.641e-05,64517.90000000,Regular
BTCUSDT,2024-04-19 16:00:00.000,5.88e-05,64425.67251773,Regular
BTCUSDT,2024-04-20 00:00:00.000,0.0001,63787.40000000,Regular
BTCUSDT,2024-04-20 08:00:00.000,-7.66e-06,63937.90000000,Regular
BTCUSDT,2024-04-20 16:00:00.000,4.204e-05,64779.48886525,Regular
BTCUSDT,2024-04-21 00:00:00.000,3.186e-05,64905.14994326,Regular
BTCUSDT,2024-04-21 08:00:00.000,-2.093e-05,65110.09575935,Regular
BTCUSDT,2024-04-21 16:00:00.000,8.271e-05,65016.22880142,Regular
BTCUSDT,2024-04-22 00:00:00.000,4.409e-05,64912.60000000,Regular
BTCUSDT,2024-04-22 08:00:00.000,2.497e-05,65943.87257447,Regular
BTCUSDT,2024-04-22 16:00:00.000,8.98e-06,65964.30000000,Regular
BTCUSDT,2024-04-23 00:00:00.000,-1.236e-05,66788.36807801,Regular
BTCUSDT,2024-04-23 08:00:00.000,5.24e-05,66080.00000000,Regular
BTCUSDT,2024-04-23 16:00:00.001,-1.083e-05,66380.60000000,Regular
BTCUSDT,2024-04-24 00:00:00.000,1.413e-05,66386.30000000,Regular
BTCUSDT,2024-04-24 08:00:00.000,5.302e-05,66593.33268794,Regular
BTCUSDT,2024-04-24 16:00:00.000,7.047e-05,64598.80000000,Regular
BTCUSDT,2024-04-25 00:00:00.000,7.02e-05,64255.45886525,Regular
BTCUSDT,2024-04-25 08:00:00.000,4.069e-05,63991.24963830,Regular
BTCUSDT,2024-04-25 16:00:00.010,1.14e-05,64103.02705674,Regular
BTCUSDT,2024-04-26 00:00:00.001,1.709e-05,64478.70000000,Regular
BTCUSDT,2024-04-26 08:00:00.000,6.85e-06,64238.35636879,Regular
BTCUSDT,2024-04-26 16:00:00.000,5.562e-05,63481.30000000,Regular
BTCUSDT,2024-04-27 00:00:00.000,0.0001,63748.80000000,Regular
BTCUSDT,2024-04-27 08:00:00.001,7.47e-05,62944.20000000,Regular
BTCUSDT,2024-04-27 16:00:00.000,2.834e-05,62930.38454610,Regular
BTCUSDT,2024-04-28 00:00:00.000,1.006e-05,63426.63009929,Regular
BTCUSDT,2024-04-28 08:00:00.000,-2.081e-05,63883.10000000,Regular
BTCUSDT,2024-04-28 16:00:00.000,2.782e-05,63508.60000000,Regular
BTCUSDT,2024-04-29 00:00:00.000,2.472e-05,63088.40000000,Regular
BTCUSDT,2024-04-29 08:00:00.000,5.544e-05,62367.26310638,Regular
BTCUSDT,2024-04-29 16:00:00.000,6.828e-05,63012.00000000,Regular
BTCUSDT,2024-04-30 00:00:00.000,9.74e-05,63832.20000000,Regular
BTCUSDT,2024-04-30 08:00:00.000,9.154e-05,63123.70000000,Regular
BTCUSDT,2024-04-30 16:00:00.000,0.0001,60771.32493617,Regular
BTCUSDT,2024-05-01 00:00:00.000,0.0001,60651.10000000,Regular
BTCUSDT,2024-05-01 08:00:00.000,8.946e-05,57476.70000000,Regular
BTCUSDT,2024-05-01 16:00:00.000,9.902e-05,56865.26551064,Regular
BTCUSDT,2024-05-02 00:00:00.000,6.634e-05,58312.12589362,Regular
BTCUSDT,2024-05-02 08:00:00.000,6.169e-05,57646.04275887,Regular
BTCUSDT,2024-05-02 16:00:00.002,-1.23e-06,59229.39228369,Regular
BTCUSDT,2024-05-03 00:00:00.000,-1.549e-05,59037.02063121,Regular
BTCUSDT,2024-05-03 08:00:00.000,-3.764e-05,59158.10000000,Regular
BTCUSDT,2024-05-03 16:00:00.000,8.091e-05,61662.10000000,Regular
BTCUSDT,2024-05-04 00:00:00.000,2.703e-05,62853.70000000,Regular
BTCUSDT,2024-05-04 08:00:00.000,7.455e-05,62933.77334752,Regular
BTCUSDT,2024-05-04 16:00:00.000,6.265e-05,63590.00000000,Regular
BTCUSDT,2024-05-05 00:00:00.000,6.906e-05,63864.20000000,Regular
BTCUSDT,2024-05-05 08:00:00.000,6.47e-06,63702.80847518,Regular
BTCUSDT,2024-05-05 16:00:00.000,3.893e-05,64398.10000000,Regular
BTCUSDT,2024-05-06 00:00:00.000,6.02e-06,63988.00000000,Regular
BTCUSDT,2024-05-06 08:00:00.000,-1.031e-05,64510.20934752,Regular
BTCUSDT,2024-05-06 16:00:00.000,7.746e-05,63607.85171631,Regular
BTCUSDT,2024-05-07 00:00:00.000,6.064e-05,63142.80000000,Regular
BTCUSDT,2024-05-07 08:00:00.000,1.581e-05,63649.00000000,Regular
BTCUSDT,2024-05-07 16:00:00.000,9.028e-05,63715.90033333,Regular
BTCUSDT,2024-05-08 00:00:00.000,4.891e-05,62295.90000000,Regular
BTCUSDT,2024-05-08 08:00:00.000,5.553e-05,62186.70000000,Regular
BTCUSDT,2024-05-08 16:00:00.000,9.292e-05,62251.90000000,Regular
BTCUSDT,2024-05-09 00:00:00.000,5.648e-05,61162.48592199,Regular
BTCUSDT,2024-05-09 08:00:00.000,3.315e-05,61227.65535461,Regular
BTCUSDT,2024-05-09 16:00:00.000,7.253e-05,62124.75106383,Regular
BTCUSDT,2024-05-10 00:00:00.000,1.026e-05,63050.10000000,Regular
BTCUSDT,2024-05-10 08:00:00.000,5.934e-05,63053.80000000,Regular
BTCUSDT,2024-05-10 16:00:00.000,7.653e-05,60902.45242553,Regular
BTCUSDT,2024-05-11 00:00:00.000,8.881e-05,60778.10000000,Regular
BTCUSDT,2024-05-11 08:00:00.000,3.771e-05,60989.66753191,Regular
BTCUSDT,2024-05-11 16:00:00.000,5.067e-05,61148.13121277,Regular
BTCUSDT,2024-05-12 00:00:00.000,2.604e-05,60809.20000000,Regular
BTCUSDT,2024-05-12 08:00:00.000,2.83e-05,60804.40000000,Regular
BTCUSDT,2024-05-12 16:00:00.000,0.0001,61395.90000000,Regular
BTCUSDT,2024-05-13 00:00:00.001,0.0001,61455.70000000,Regular
BTCUSDT,2024-05-13 08:00:00.001,8.469e-05,62307.64358156,Regular
BTCUSDT,2024-05-13 16:00:00.000,9.151e-05,62977.10000000,Regular
BTCUSDT,2024-05-14 00:00:00.000,9.866e-05,62917.60000000,Regular
BTCUSDT,2024-05-14 08:00:00.000,0.0001,62003.15186525,Regular
BTCUSDT,2024-05-14 16:00:00.000,4.392e-05,61749.90000000,Regular
BTCUSDT,2024-05-15 00:00:00.000,0.0001,61551.95992663,Regular
BTCUSDT,2024-05-15 08:00:00.000,-3.85e-06,62161.81007092,Regular
BTCUSDT,2024-05-15 16:00:00.000,2.373e-05,64699.90000000,Regular
BTCUSDT,2024-05-16 00:00:00.004,2.103e-05,66176.31760993,Regular
BTCUSDT,2024-05-16 08:00:00.000,5.148e-05,66106.70102128,Regular
BTCUSDT,2024-05-16 16:00:00.000,3.543e-05,65800.00000000,Regular
BTCUSDT,2024-05-17 00:00:00.000,4.647e-05,65217.80000000,Regular
BTCUSDT,2024-05-17 08:00:00.000,8.15e-06,66352.72417461,Regular
BTCUSDT,2024-05-17 16:00:00.000,-2.98e-06,67165.60000000,Regular
BTCUSDT,2024-05-18 00:00:00.000,6.28e-06,66981.43681585,Regular
BTCUSDT,2024-05-18 08:00:00.000,8.012e-05,66856.73875177,Regular
BTCUSDT,2024-05-18 16:00:00.000,-7.92e-06,66782.78803546,Regular
BTCUSDT,2024-05-19 00:00:00.000,3.339e-05,66889.61222695,Regular
BTCUSDT,2024-05-19 08:00:00.000,5.21e-05,67299.09055319,Regular
BTCUSDT,2024-05-19 16:00:00.000,4.779e-05,66863.00000000,Regular
BTCUSDT,2024-05-20 00:00:00.000,5.607e-05,66239.40000000,Regular
BTCUSDT,2024-05-20 08:00:00.000,2.479e-05,66793.11759574,Regular
BTCUSDT,2024-05-20 16:00:00.003,2.552e-05,67388.60888652,Regular
BTCUSDT,2024-05-21 00:00:00.000,0.0001,71464.47075887,Regular
BTCUSDT,2024-05-21 08:00:00.001,0.00010517,70922.67915603,Regular
BTCUSDT,2024-05-21 16:00:00.000,0.0001,69865.29020567,Regular
BTCUSDT,2024-05-22 00:00:00.000,0.0001,70161.66021986,Regular
BTCUSDT,2024-05-22 08:00:00.000,0.00015759,69757.98929787,Regular
BTCUSDT,2024-05-22 16:00:00.000,0.0001,70485.70000000,Regular
BTCUSDT,2024-05-23 00:00:00.000,0.0001,69216.74829078,Regular
BTCUSDT,2024-05-23 08:00:00.000,0.0001,69769.14902128,Regular
BTCUSDT,2024-05-23 16:00:00.000,0.0001,68101.47424823,Regular
BTCUSDT,2024-05-24 00:00:00.000,0.0001,67999.90000000,Regular
BTCUSDT,2024-05-24 08:00:00.000,0.0001,67186.21074468,Regular
BTCUSDT,2024-05-24 16:00:00.000,0.0001,68340.20000000,Regular
BTCUSDT,2024-05-25 00:00:00.000,0.0001,68575.85285816,Regular
BTCUSDT,2024-05-25 08:00:00.000,0.0001,68775.00000000,Regular
BTCUSDT,2024-05-25 16:00:00.000,0.0001,68945.95530496,Regular
BTCUSDT,2024-05-26 00:00:00.000,0.0001,69310.33024113,Regular
BTCUSDT,2024-05-26 08:00:00.000,0.0001,69359.20000000,Regular
BTCUSDT,2024-05-26 16:00:00.000,0.0001,68863.88640426,Regular
BTCUSDT,2024-05-27 00:00:00.000,0.0001,68524.30000000,Regular
BTCUSDT,2024-05-27 08:00:00.000,0.0001,68661.10000000,Regular
BTCUSDT,2024-05-27 16:00:00.000,0.0001,70420.53890071,Regular
BTCUSDT,2024-05-28 00:00:00.000,0.0001,69461.60000000,Regular
BTCUSDT,2024-05-28 08:00:00.000,0.0001,67712.00000000,Regular
BTCUSDT,2024-05-28 16:00:00.000,0.0001,68397.00000000,Regular
BTCUSDT,2024-05-29 00:00:00.001,0.0001,68437.69424823,Regular
BTCUSDT,2024-05-29 08:00:00.000,0.0001,67984.30000000,Regular
BTCUSDT,2024-05-29 16:00:00.000,0.00012558,67420.50000000,Regular
BTCUSDT,2024-05-30 00:00:00.000,0.0001,67686.70000000,Regular
BTCUSDT,2024-05-30 08:00:00.000,0.0001,67624.98587234,Regular
BTCUSDT,2024-05-30 16:00:00.000,0.0001,68559.01355319,Regular
BTCUSDT,2024-05-31 00:00:00.000,0.00014599,68397.31618440,Regular
BTCUSDT,2024-05-31 08:00:00.000,0.00012268,68221.71889362,Regular
BTCUSDT,2024-05-31 16:00:00.000,0.0001,67252.70000000,Regular
BTCUSDT,2024-06-01 00:00:00.000,0.0001,67570.93117730,Regular
BTCUSDT,2024-06-01 08:00:00.000,0.0001,67672.36980851,Regular
BTCUSDT,2024-06-01 16:00:00.001,0.0001025,67722.94709929,Regular
BTCUSDT,2024-06-02 00:00:00.000,0.0001,67799.30000000,Regular
BTCUSDT,2024-06-02 08:00:00.000,0.0001,67743.00000000,Regular
BTCUSDT,2024-06-02 16:00:00.000,0.0001,68189.90000000,Regular
BTCUSDT,2024-06-03 00:00:00.000,0.0001,67806.00000000,Regular
BTCUSDT,2024-06-03 08:00:00.000,0.00014135,68949.97496454,Regular
BTCUSDT,2024-06-03 16:00:00.000,0.0001,69637.74636879,Regular
BTCUSDT,2024-06-04 00:00:00.000,0.00012008,68851.30000000,Regular
BTCUSDT,2024-06-04 08:00:00.000,0.0001,69048.97910492,Regular
BTCUSDT,2024-06-04 16:00:00.000,0.0001,70485.89790071,Regular
BTCUSDT,2024-06-05 00:00:00.000,0.0001,70580.10000000,Regular
BTCUSDT,2024-06-05 08:00:00.000,0.00016387,71237.17573050,Regular
BTCUSDT,2024-06-05 16:00:00.000,0.00013226,71625.20000000,Regular
BTCUSDT,2024-06-06 00:00:00.000,0.0001,71133.30000000,Regular
BTCUSDT,2024-06-06 08:00:00.008,0.00010438,71073.71043287,Regular
BTCUSDT,2024-06-06 16:00:00.000,0.0001177,71332.40630496,Regular
BTCUSDT,2024-06-07 00:00:00.000,0.0001,70830.00000000,Regular
BTCUSDT,2024-06-07 08:00:00.000,0.0001,71147.90000000,Regular
BTCUSDT,2024-06-07 16:00:00.000,0.00010166,71150.00000000,Regular
BTCUSDT,2024-06-08 00:00:00.000,0.0001,69377.00000000,Regular
BTCUSDT,2024-06-08 08:00:00.000,0.0001,69612.10561702,Regular
BTCUSDT,2024-06-08 16:00:00.000,0.0001,69462.10000000,Regular
BTCUSDT,2024-06-09 00:00:00.000,0.0001,69346.50000000,Regular
BTCUSDT,2024-06-09 08:00:00.000,0.0001,69331.90000000,Regular
BTCUSDT,2024-06-09 16:00:00.001,0.0001,69530.20000000,Regular
BTCUSDT,2024-06-10 00:00:00.000,0.0001,69667.10000000,Regular
BTCUSDT,2024-06-10 08:00:00.000,0.0001,69325.20000000,Regular
BTCUSDT,2024-06-10 16:00:00.001,0.0001,70074.60734043,Regular
BTCUSDT,2024-06-11 00:00:00.001,0.0001,69558.70000000,Regular
BTCUSDT,2024-06-11 08:00:00.000,0.0001,67582.10000000,Regular
BTCUSDT,2024-06-11 16:00:00.000,0.0001,66260.45943972,Regular
BTCUSDT,2024-06-12 00:00:00.000,0.0001,67316.36897872,Regular
BTCUSDT,2024-06-12 08:00:00.000,0.0001,67453.49152482,Regular
BTCUSDT,2024-06-12 16:00:00.000,0.0001,69735.43100000,Regular
BTCUSDT,2024-06-13 00:00:00.000,0.0001,68269.15138298,Regular
BTCUSDT,2024-06-13 08:00:00.001,0.0001,67724.69510638,Regular
BTCUSDT,2024-06-13 16:00:00.000,0.0001,66469.37042553,Regular
BTCUSDT,2024-06-14 00:00:00.000,0.0001,66782.29009220,Regular
BTCUSDT,2024-06-14 08:00:00.000,0.0001,66907.91765957,Regular
BTCUSDT,2024-06-14 16:00:00.000,0.0001,66387.61166667,Regular
BTCUSDT,2024-06-15 00:00:00.000,0.0001,66039.70000000,Regular
BTCUSDT,2024-06-15 08:00:00.000,0.0001,66076.87574468,Regular
BTCUSDT,2024-06-15 16:00:00.000,0.0001,66311.90000000,Regular
BTCUSDT,2024-06-16 00:00:00.001,0.0001,66213.73051773,Regular
BTCUSDT,2024-06-16 08:00:00.000,0.0001,66249.40000000,Regular
BTCUSDT,2024-06-16 16:00:00.000,0.0001,66693.21286525,Regular
BTCUSDT,2024-06-17 00:00:00.000,0.0001,66658.12655319,Regular
BTCUSDT,2024-06-17 08:00:00.000,0.0001,66147.30000000,Regular
BTCUSDT,2024-06-17 16:00:00.000,0.0001,65341.90000000,Regular
BTCUSDT,2024-06-18 00:00:00.000,0.0001,66472.00000000,Regular
BTCUSDT,2024-06-18 08:00:00.000,8.236e-05,65646.30000000,Regular
BTCUSDT,2024-06-18 16:00:00.000,0.0001,64676.43110638,Regular
BTCUSDT,2024-06-19 00:00:00.001,0.0001,65150.00000000,Regular
BTCUSDT,2024-06-19 08:00:00.001,4.127e-05,65295.00000000,Regular
BTCUSDT,2024-06-19 16:00:00.000,2.967e-05,64895.42413059,Regular
BTCUSDT,2024-06-20 00:00:00.000,3.934e-05,64946.30757887,Regular
BTCUSDT,2024-06-20 08:00:00.000,5.953e-05,65831.30000000,Regular
BTCUSDT,2024-06-20 16:00:00.000,6.879e-05,64801.04885816,Regular
BTCUSDT,2024-06-21 00:00:00.000,3.344e-05,64853.90000000,Regular
BTCUSDT,2024-06-21 08:00:00.000,7.328e-05,64180.80000000,Regular
BTCUSDT,2024-06-21 16:00:00.000,0.0001,63712.00000000,Regular
BTCUSDT,2024-06-22 00:00:00.000,0.0001,64124.00000000,Regular
BTCUSDT,2024-06-22 08:00:00.000,4.146e-05,64490.10000000,Regular
BTCUSDT,2024-06-22 16:00:00.000,0.0001,64283.46988652,Regular
BTCUSDT,2024-06-23 00:00:00.000,0.0001,64242.51785816,Regular
BTCUSDT,2024-06-23 08:00:00.000,2.307e-05,64390.00000000,Regular
BTCUSDT,2024-06-23 16:00:00.000,4.676e-05,64071.80000000,Regular
BTCUSDT,2024-06-24 00:00:00.002,9.534e-05,63195.00000000,Regular
BTCUSDT,2024-06-24 08:00:00.000,0.0001,62433.70000000,Regular
BTCUSDT,2024-06-24 16:00:00.000,7.488e-05,60823.20000000,Regular
BTCUSDT,2024-06-25 00:00:00.000,7.447e-05,60273.50000000,Regular
BTCUSDT,2024-06-25 08:00:00.000,5.949e-05,60660.00000000,Regular
BTCUSDT,2024-06-25 16:00:00.000,7.752e-05,61776.00000000,Regular
BTCUSDT,2024-06-26 00:00:00.002,0.0001,61780.09841844,Regular
BTCUSDT,2024-06-26 08:00:00.000,0.0001,61705.30000000,Regular
BTCUSDT,2024-06-26 16:00:00.000,0.0001,61440.20000000,Regular
BTCUSDT,2024-06-27 00:00:00.000,0.0001,60860.38514894,Regular
BTCUSDT,2024-06-27 08:00:00.001,0.0001,60787.35553191,Regular
BTCUSDT,2024-06-27 16:00:00.000,0.0001,61570.50000000,Regular
BTCUSDT,2024-06-28 00:00:00.000,0.0001,61682.00000000,Regular
BTCUSDT,2024-06-28 08:00:00.000,0.0001,61331.02739716,Regular
BTCUSDT,2024-06-28 16:00:00.000,0.0001,61048.94459574,Regular
BTCUSDT,2024-06-29 00:00:00.001,0.0001,60430.21393617,Regular
BTCUSDT,2024-06-29 08:00:00.000,0.0001,61049.49890071,Regular
BTCUSDT,2024-06-29 16:00:00.000,0.0001,61108.14415603,Regular
BTCUSDT,2024-06-30 00:00:00.000,0.0001,60982.40000000,Regular
BTCUSDT,2024-06-30 08:00:00.000,0.0001,61529.93914894,Regular
BTCUSDT,2024-06-30 16:00:00.000,0.0001,61714.61340426,Regular
BTCUSDT,2024-07-01 00:00:00.000,0.0001,62766.17652482,Regular
BTCUSDT,2024-07-01 08:00:00.000,0.0001,63263.85829787,Regular
BTCUSDT,2024-07-01 16:00:00.001,0.0001,63120.00000000,Regular
BTCUSDT,2024-07-02 00:00:00.000,0.0001,62892.46180142,Regular
BTCUSDT,2024-07-02 08:00:00.000,0.0001,62620.94928369,Regular
BTCUSDT,2024-07-02 16:00:00.000,0.0001,61944.23702128,Regular
BTCUSDT,2024-07-03 00:00:00.000,0.0001,62123.60000000,Regular
BTCUSDT,2024-07-03 08:00:00.001,0.0001,60874.01737589,Regular
BTCUSDT,2024-07-03 16:00:00.000,0.0001,60178.96865957,Regular
BTCUSDT,2024-07-04 00:00:00.000,0.0001,60207.90000000,Regular
BTCUSDT,2024-07-04 08:00:00.000,0.0001,58214.00000000,Regular
BTCUSDT,2024-07-04 16:00:00.000,0.0001,58124.90000000,Regular
BTCUSDT,2024-07-05 00:00:00.000,0.0001,57045.15234043,Regular
BTCUSDT,2024-07-05 08:00:00.000,0.0001,54397.50000000,Regular
BTCUSDT,2024-07-05 16:00:00.000,1.762e-05,56623.90000000,Regular
BTCUSDT,2024-07-06 00:00:00.000,5.729e-05,56609.00000000,Regular
BTCUSDT,2024-07-06 08:00:00.000,7.512e-05,56580.08132624,Regular
BTCUSDT,2024-07-06 16:00:00.000,3.25e-05,57289.27111519,Regular
BTCUSDT,2024-07-07 00:00:00.001,8.164e-05,58216.10000000,Regular
BTCUSDT,2024-07-07 08:00:00.000,0.0001,57346.86809929,Regular
BTCUSDT,2024-07-07 16:00:00.000,0.0001,56806.20000000,Regular
BTCUSDT,2024-07-08 00:00:00.000,7.905e-05,55831.00000000,Regular
BTCUSDT,2024-07-08 08:00:00.000,8.222e-05,55825.20000000,Regular
BTCUSDT,2024-07-08 16:00:00.000,0.0001,55736.19858865,Regular
BTCUSDT,2024-07-09 00:00:00.000,0.0001,56698.83177305,Regular
BTCUSDT,2024-07-09 08:00:00.001,8.61e-06,57102.60000000,Regular
BTCUSDT,2024-07-09 16:00:00.000,0.0001,57453.43046809,Regular
BTCUSDT,2024-07-10 00:00:00.000,0.0001,58026.14114894,Regular
BTCUSDT,2024-07-10 08:00:00.000,9.225e-05,58951.04627293,Regular
BTCUSDT,2024-07-10 16:00:00.000,5.485e-05,57662.34192199,Regular
BTCUSDT,2024-07-11 00:00:00.002,0.0001,57707.00000000,Regular
BTCUSDT,2024-07-11 08:00:00.002,0.0001,58164.76708511,Regular
BTCUSDT,2024-07-11 16:00:00.004,0.0001,57382.80000000,Regular
BTCUSDT,2024-07-12 00:00:00.000,6.378e-05,57315.50000000,Regular
BTCUSDT,2024-07-12 08:00:00.000,3.026e-05,57079.05523404,Regular
BTCUSDT,2024-07-12 16:00:00.000,4.037e-05,58188.90000000,Regular
BTCUSDT,2024-07-13 00:00:00.000,8.319e-05,57870.00000000,Regular
BTCUSDT,2024-07-13 08:00:00.000,6.865e-05,58141.96051064,Regular
BTCUSDT,2024-07-13 16:00:00.000,0.0001,58808.50000000,Regular
BTCUSDT,2024-07-14 00:00:00.000,8.737e-05,59174.73812179,Regular
BTCUSDT,2024-07-14 08:00:00.000,3.71e-05,60031.33100709,Regular
BTCUSDT,2024-07-14 16:00:00.000,8.342e-05,60057.37801174,Regular
BTCUSDT,2024-07-15 00:00:00.000,4.59e-05,60766.10000000,Regular
BTCUSDT,2024-07-15 08:00:00.000,3.202e-05,62821.11483688,Regular
BTCUSDT,2024-07-15 16:00:00.000,-5.14e-06,62992.91414894,Regular
BTCUSDT,2024-07-16 00:00:00.000,-5.062e-05,64698.64956738,Regular
BTCUSDT,2024-07-16 08:00:00.000,8.814e-05,62881.80000000,Regular
BTCUSDT,2024-07-16 16:00:00.000,2.717e-05,64838.40000000,Regular
BTCUSDT,2024-07-17 00:00:00.000,-3.419e-05,65003.03756738,Regular
BTCUSDT,2024-07-17 08:00:00.001,1.775e-05,65236.46422695,Regular
BTCUSDT,2024-07-17 16:00:00.000,2.143e-05,64695.80000000,Regular
BTCUSDT,2024-07-18 00:00:00.000,6.89e-06,64057.30000000,Regular
BTCUSDT,2024-07-18 08:00:00.000,1.546e-05,64643.70000000,Regular
BTCUSDT,2024-07-18 16:00:00.000,3.127e-05,63509.56961702,Regular
BTCUSDT,2024-07-19 00:00:00.000,4.029e-05,63959.90000000,Regular
BTCUSDT,2024-07-19 08:00:00.000,4.855e-05,63673.90000000,Regular
BTCUSDT,2024-07-19 16:00:00.000,4.606e-05,65799.90000000,Regular
BTCUSDT,2024-07-20 00:00:00.001,-3.077e-05,66630.29244681,Regular
BTCUSDT,2024-07-20 08:00:00.000,1.944e-05,66526.30000000,Regular
BTCUSDT,2024-07-20 16:00:00.000,1.622e-05,66796.90000000,Regular
BTCUSDT,2024-07-21 00:00:00.000,-5.313e-05,67097.72309220,Regular
BTCUSDT,2024-07-21 08:00:00.000,2.194e-05,66669.90000000,Regular
BTCUSDT,2024-07-21 16:00:00.000,6.46e-06,67132.78455319,Regular
BTCUSDT,2024-07-22 00:00:00.000,9.136e-05,68138.00000000,Regular
BTCUSDT,2024-07-22 08:00:00.000,5.953e-05,67210.40000000,Regular
BTCUSDT,2024-07-22 16:00:00.000,2.769e-05,67044.40000000,Regular
BTCUSDT,2024-07-23 00:00:00.000,4.709e-05,67506.49399291,Regular
BTCUSDT,2024-07-23 08:00:00.000,4.31e-05,66548.50000000,Regular
BTCUSDT,2024-07-23 16:00:00.000,4.642e-05,66569.95526950,Regular
BTCUSDT,2024-07-24 00:00:00.000,0.0001,65916.81524113,Regular
BTCUSDT,2024-07-24 08:00:00.000,0.0001,66049.92706383,Regular
BTCUSDT,2024-07-24 16:00:00.000,0.0001,66152.14151773,Regular
BTCUSDT,2024-07-25 00:00:00.000,0.0001,65361.80198582,Regular
BTCUSDT,2024-07-25 08:00:00.000,0.0001,64115.10000000,Regular
BTCUSDT,2024-07-25 16:00:00.000,0.0001,64773.30000000,Regular
BTCUSDT,2024-07-26 00:00:00.000,0.0001,65773.94198582,Regular
BTCUSDT,2024-07-26 08:00:00.000,0.0001,66873.70000000,Regular
BTCUSDT,2024-07-26 16:00:00.000,3.34e-05,67528.00000000,Regular
BTCUSDT,2024-07-27 00:00:00.000,6.547e-05,67882.60000000,Regular
BTCUSDT,2024-07-27 08:00:00.000,8.022e-05,68018.10331915,Regular
BTCUSDT,2024-07-27 16:00:00.000,9.109e-05,68821.90000000,Regular
BTCUSDT,2024-07-28 00:00:00.000,8.18e-05,67873.80000000,Regular
BTCUSDT,2024-07-28 08:00:00.000,9.177e-05,67521.26054610,Regular
BTCUSDT,2024-07-28 16:00:00.001,2.804e-05,67624.30000000,Regular
BTCUSDT,2024-07-29 00:00:00.001,8.361e-05,68217.60072340,Regular
BTCUSDT,2024-07-29 08:00:00.000,5.623e-05,69510.60000000,Regular
BTCUSDT,2024-07-29 16:00:00.001,0.0001,68069.42346099,Regular
BTCUSDT,2024-07-30 00:00:00.000,3.396e-05,66757.24782979,Regular
BTCUSDT,2024-07-30 08:00:00.001,3.562e-05,66914.00000000,Regular
BTCUSDT,2024-07-30 16:00:00.000,7.691e-05,66198.00000000,Regular
BTCUSDT,2024-07-31 00:00:00.000,3.063e-05,66159.40000000,Regular
BTCUSDT,2024-07-31 08:00:00.000,7.178e-05,66196.40000000,Regular
BTCUSDT,2024-07-31 16:00:00.000,3.826e-05,66354.40000000,Regular
BTCUSDT,2024-08-01 00:00:00.000,8.208e-05,64603.59964539,Regular
BTCUSDT,2024-08-01 08:00:00.000,0.0001,64307.13363121,Regular
BTCUSDT,2024-08-01 16:00:00.000,0.0001,62888.50000000,Regular
BTCUSDT,2024-08-02 00:00:00.000,0.0001,65328.90000000,Regular
BTCUSDT,2024-08-02 08:00:00.001,0.0001,64160.17275887,Regular
BTCUSDT,2024-08-02 16:00:00.000,0.0001,63400.10768182,Regular
BTCUSDT,2024-08-03 00:00:00.000,0.0001,61483.70000000,Regular
BTCUSDT,2024-08-03 08:00:00.000,9.788e-05,61636.00000000,Regular
BTCUSDT,2024-08-03 16:00:00.001,4.247e-05,60859.15415152,Regular
BTCUSDT,2024-08-04 00:00:00.000,0.0001,60684.50000000,Regular
BTCUSDT,2024-08-04 08:00:00.000,5.343e-05,60349.10000000,Regular
BTCUSDT,2024-08-04 16:00:00.000,0.0001,59053.40000000,Regular
BTCUSDT,2024-08-05 00:00:00.000,0.0001,58139.09001515,Regular
BTCUSDT,2024-08-05 08:00:00.000,4.429e-05,52660.00000000,Regular
BTCUSDT,2024-08-05 16:00:00.000,5.967e-05,54294.50000000,Regular
BTCUSDT,2024-08-06 00:00:00.000,3.566e-05,53971.90000000,Regular
BTCUSDT,2024-08-06 08:00:00.000,-2.845e-05,55979.00000000,Regular
BTCUSDT,2024-08-06 16:00:00.000,4.485e-05,56380.14818939,Regular
BTCUSDT,2024-08-07 00:00:00.000,-7.3e-06,56008.69646212,Regular
BTCUSDT,2024-08-07 08:00:00.001,-6.859e-05,56898.70000000,Regular
BTCUSDT,2024-08-07 16:00:00.000,3.241e-05,56071.41872727,Regular
BTCUSDT,2024-08-08 00:00:00.001,2.637e-05,55102.90000000,Regular
BTCUSDT,2024-08-08 08:00:00.000,3.086e-05,57165.60000000,Regular
BTCUSDT,2024-08-08 16:00:00.000,1.147e-05,59389.00000000,Regular
BTCUSDT,2024-08-09 00:00:00.000,4.994e-05,61663.62178788,Regular
BTCUSDT,2024-08-09 08:00:00.000,2.184e-05,60844.10000000,Regular
BTCUSDT,2024-08-09 16:00:00.000,4.846e-05,59787.29595455,Regular
BTCUSDT,2024-08-10 00:00:00.000,-3.942e-05,60808.70000000,Regular
BTCUSDT,2024-08-10 08:00:00.000,-1.379e-05,60811.14373041,Regular
BTCUSDT,2024-08-10 16:00:00.000,-1.949e-05,60480.60000000,Regular
BTCUSDT,2024-08-11 00:00:00.000,4.049e-05,60895.44640282,Regular
BTCUSDT,2024-08-11 08:00:00.000,-1.839e-05,61223.30000000,Regular
BTCUSDT,2024-08-11 16:00:00.001,1.185e-05,60099.90000000,Regular
BTCUSDT,2024-08-12 00:00:00.000,1.113e-05,58693.20000000,Regular
BTCUSDT,2024-08-12 08:00:00.000,8.783e-05,58648.02703788,Regular
BTCUSDT,2024-08-12 16:00:00.000,-2.238e-05,60168.80000000,Regular
BTCUSDT,2024-08-13 00:00:00.000,6.14e-05,59323.60000000,Regular
BTCUSDT,2024-08-13 08:00:00.000,5.21e-06,59209.36612879,Regular
BTCUSDT,2024-08-13 16:00:00.000,-3.902e-05,59442.45730303,Regular
BTCUSDT,2024-08-14 00:00:00.000,1.152e-05,60555.47966301,Regular
BTCUSDT,2024-08-14 08:00:00.000,-1.33e-05,60887.30000000,Regular
BTCUSDT,2024-08-14 16:00:00.000,-7.811e-05,59394.60000000,Regular
BTCUSDT,2024-08-15 00:00:00.000,-8.488e-05,58650.36321970,Regular
BTCUSDT,2024-08-15 08:00:00.000,6.339e-05,58031.90000000,Regular
BTCUSDT,2024-08-15 16:00:00.000,-6.181e-05,59650.62388636,Regular
BTCUSDT,2024-08-16 00:00:00.000,-0.00011235,57515.28405303,Regular
BTCUSDT,2024-08-16 08:00:00.000,-7.387e-05,58423.30000000,Regular
BTCUSDT,2024-08-16 16:00:00.000,-5.57e-06,58045.46367376,Regular
BTCUSDT,2024-08-17 00:00:00.000,1.912e-05,58854.90000000,Regular
BTCUSDT,2024-08-17 08:00:00.000,4.177e-05,59225.59061702,Regular
BTCUSDT,2024-08-17 16:00:00.000,-1.52e-06,59357.70000000,Regular
BTCUSDT,2024-08-18 00:00:00.000,3.966e-05,59468.40000000,Regular
BTCUSDT,2024-08-18 08:00:00.000,-1.323e-05,59545.70132624,Regular
BTCUSDT,2024-08-18 16:00:00.000,-3.149e-05,59828.80000000,Regular
BTCUSDT,2024-08-19 00:00:00.000,-3.616e-05,58390.10000000,Regular
BTCUSDT,2024-08-19 08:00:00.000,-6.75e-05,58475.40000000,Regular
BTCUSDT,2024-08-19 16:00:00.002,-1.957e-05,58509.48917021,Regular
BTCUSDT,2024-08-20 00:00:00.000,-2.656e-05,59400.10000000,Regular
BTCUSDT,2024-08-20 08:00:00.000,1.349e-05,60896.58465248,Regular
BTCUSDT,2024-08-20 16:00:00.001,1.419e-05,58792.37545390,Regular
BTCUSDT,2024-08-21 00:00:00.001,-6.756e-05,58985.38036170,Regular
BTCUSDT,2024-08-21 08:00:00.000,-5.91e-06,59691.00000000,Regular
BTCUSDT,2024-08-21 16:00:00.001,3.96e-06,59485.90000000,Regular
BTCUSDT,2024-08-22 00:00:00.000,-2.229e-05,61120.00000000,Regular
BTCUSDT,2024-08-22 08:00:00.000,1.338e-05,60952.89699291,Regular
BTCUSDT,2024-08-22 16:00:00.008,-7.261e-05,60380.30032624,Regular
BTCUSDT,2024-08-23 00:00:00.000,-3.329e-05,60349.90000000,Regular
BTCUSDT,2024-08-23 08:00:00.000,2.391e-05,61045.00000000,Regular
BTCUSDT,2024-08-23 16:00:00.000,-4.317e-05,61506.00000000,Regular
BTCUSDT,2024-08-24 00:00:00.000,-7.72e-06,64019.90000000,Regular
BTCUSDT,2024-08-24 08:00:00.005,-7.23e-06,64275.98188652,Regular
BTCUSDT,2024-08-24 16:00:00.000,6.395e-05,63943.40000000,Regular
BTCUSDT,2024-08-25 00:00:00.000,-4.806e-05,64121.80289362,Regular
BTCUSDT,2024-08-25 08:00:00.000,-1.531e-05,63838.28217730,Regular
BTCUSDT,2024-08-25 16:00:00.000,3.108e-05,64099.90000000,Regular
BTCUSDT,2024-08-26 00:00:00.000,2.439e-05,64199.94505674,Regular
BTCUSDT,2024-08-26 08:00:00.001,3.448e-05,63603.30000000,Regular
BTCUSDT,2024-08-26 16:00:00.000,3.789e-05,63497.83796772,Regular
BTCUSDT,2024-08-27 00:00:00.001,2.795e-05,62814.12365957,Regular
BTCUSDT,2024-08-27 08:00:00.000,1.751e-05,62881.10000000,Regular
BTCUSDT,2024-08-27 16:00:00.000,7.753e-05,61679.03746099,Regular
BTCUSDT,2024-08-28 00:00:00.000,-6.803e-05,59384.40000000,Regular
BTCUSDT,2024-08-28 08:00:00.000,2.433e-05,58578.22751773,Regular
BTCUSDT,2024-08-28 16:00:00.001,1.143e-05,58971.68549645,Regular
BTCUSDT,2024-08-29 00:00:00.000,-9.76e-06,59009.80000000,Regular
BTCUSDT,2024-08-29 08:00:00.001,-1.644e-05,59548.90000000,Regular
BTCUSDT,2024-08-29 16:00:00.000,5.59e-06,60751.00000000,Regular
BTCUSDT,2024-08-30 00:00:00.000,9.36e-06,59327.53246099,Regular
BTCUSDT,2024-08-30 08:00:00.000,3.578e-05,59250.58815603,Regular
BTCUSDT,2024-08-30 16:00:00.000,2.927e-05,58062.70000000,Regular
BTCUSDT,2024-08-31 00:00:00.000,-1.749e-05,59096.30000000,Regular
BTCUSDT,2024-08-31 08:00:00.000,3.578e-05,59064.62867843,Regular
BTCUSDT,2024-08-31 16:00:00.000,3.8e-05,58984.31889362,Regular
BTCUSDT,2024-09-01 00:00:00.000,4.113e-05,58946.20000000,Regular
BTCUSDT,2024-09-01 08:00:00.001,-3.432e-05,58444.10000000,Regular
BTCUSDT,2024-09-01 16:00:00.000,-3.82e-06,58184.10000000,Regular
BTCUSDT,2024-09-02 00:00:00.001,-3.386e-05,57282.92417730,Regular
BTCUSDT,2024-09-02 08:00:00.001,2.48e-06,57523.30000000,Regular
BTCUSDT,2024-09-02 16:00:00.000,-3.63e-06,58508.00000000,Regular
BTCUSDT,2024-09-03 00:00:00.000,6.245e-05,59112.20000000,Regular
BTCUSDT,2024-09-03 08:00:00.001,5.123e-05,59081.16408511,Regular
BTCUSDT,2024-09-03 16:00:00.000,4.598e-05,57707.54824823,Regular
BTCUSDT,2024-09-04 00:00:00.000,2.209e-05,57459.26375177,Regular
BTCUSDT,2024-09-04 08:00:00.000,1.05e-05,56717.40000000,Regular
BTCUSDT,2024-09-04 16:00:00.000,-1.47e-05,58106.16636170,Regular
BTCUSDT,2024-09-05 00:00:00.000,9.016e-05,57944.70000000,Regular
BTCUSDT,2024-09-05 08:00:00.000,2.025e-05,57133.18525532,Regular
BTCUSDT,2024-09-05 16:00:00.005,2.49e-05,55956.39174468,Regular
BTCUSDT,2024-09-06 00:00:00.000,2.28e-05,56152.37044681,Regular
BTCUSDT,2024-09-06 08:00:00.001,-1e-08,55768.60000000,Regular
BTCUSDT,2024-09-06 16:00:00.000,1.428e-05,54026.02394326,Regular
BTCUSDT,2024-09-07 00:00:00.000,-5.57e-06,53930.71899291,Regular
BTCUSDT,2024-09-07 08:00:00.000,-7.634e-05,54264.40569504,Regular
BTCUSDT,2024-09-07 16:00:00.000,-7.236e-05,54749.71812057,Regular
BTCUSDT,2024-09-08 00:00:00.000,3.745e-05,54134.90000000,Regular
BTCUSDT,2024-09-08 08:00:00.000,-5.999e-05,54411.50000000,Regular
BTCUSDT,2024-09-08 16:00:00.000,-5.245e-05,53664.80000000,Regular
BTCUSDT,2024-09-09 00:00:00.000,-7.585e-05,54843.61724113,Regular
BTCUSDT,2024-09-09 08:00:00.000,-7.108e-05,54949.93416312,Regular
BTCUSDT,2024-09-09 16:00:00.001,-3.875e-05,55360.30000000,Regular
BTCUSDT,2024-09-10 00:00:00.000,-6.028e-05,57013.68687234,Regular
BTCUSDT,2024-09-10 08:00:00.000,-2.93e-05,57184.48985106,Regular
BTCUSDT,2024-09-10 16:00:00.000,-1.126e-05,56563.08885816,Regular
BTCUSDT,2024-09-11 00:00:00.000,-8.953e-05,57609.10000000,Regular
BTCUSDT,2024-09-11 08:00:00.000,-2.247e-05,56675.10000000,Regular
BTCUSDT,2024-09-11 16:00:00.000,-5.212e-05,56681.42923404,Regular
BTCUSDT,2024-09-12 00:00:00.000,-1.951e-05,57307.10000000,Regular
BTCUSDT,2024-09-12 08:00:00.000,-5.46e-06,58106.41579433,Regular
BTCUSDT,2024-09-12 16:00:00.000,-2.95e-05,57475.10176596,Regular
BTCUSDT,2024-09-13 00:00:00.000,-6.9e-07,58097.00000000,Regular
BTCUSDT,2024-09-13 08:00:00.001,-8.69e-06,58079.80000000,Regular
BTCUSDT,2024-09-13 16:00:00.001,-2.443e-05,59630.00000000,Regular
BTCUSDT,2024-09-14 00:00:00.000,-8.699e-05,60456.10000000,Regular
BTCUSDT,2024-09-14 08:00:00.000,8.59e-06,60110.40000000,Regular
BTCUSDT,2024-09-14 16:00:00.001,2.326e-05,59845.55360993,Regular
BTCUSDT,2024-09-15 00:00:00.000,-4.91e-06,59964.00000000,Regular
BTCUSDT,2024-09-15 08:00:00.000,1e-08,60167.31814380,Regular
BTCUSDT,2024-09-15 16:00:00.000,4.02e-06,60304.70000000,Regular
BTCUSDT,2024-09-16 00:00:00.000,2.402e-05,59100.61031206,Regular
BTCUSDT,2024-09-16 08:00:00.001,3.564e-05,58874.99142553,Regular
BTCUSDT,2024-09-16 16:00:00.000,6.762e-05,57861.15358865,Regular
BTCUSDT,2024-09-17 00:00:00.001,8.529e-05,58186.90000000,Regular
BTCUSDT,2024-09-17 08:00:00.000,1.911e-05,58668.20000000,Regular
BTCUSDT,2024-09-17 16:00:00.000,5.327e-05,61111.00000000,Regular
BTCUSDT,2024-09-18 00:00:00.000,1.344e-05,60281.00000000,Regular
BTCUSDT,2024-09-18 08:00:00.000,1.678e-05,60402.69697726,Regular
BTCUSDT,2024-09-18 16:00:00.004,4.648e-05,59407.05478014,Regular
BTCUSDT,2024-09-19 00:00:00.000,3.512e-05,61728.59070213,Regular
BTCUSDT,2024-09-19 08:00:00.000,2.949e-05,62054.80000000,Regular
BTCUSDT,2024-09-19 16:00:00.001,4.072e-05,63127.98222695,Regular
BTCUSDT,2024-09-20 00:00:00.000,8.065e-05,62929.30000000,Regular
BTCUSDT,2024-09-20 08:00:00.001,-5.03e-06,63494.40000000,Regular
BTCUSDT,2024-09-20 16:00:00.000,5.543e-05,63115.60000000,Regular
BTCUSDT,2024-09-21 00:00:00.001,4.638e-05,63181.22999291,Regular
BTCUSDT,2024-09-21 08:00:00.000,0.0001,63062.62952171,Regular
BTCUSDT,2024-09-21 16:00:00.000,8.234e-05,63146.60000000,Regular
BTCUSDT,2024-09-22 00:00:00.000,6.285e-05,63320.70000000,Regular
BTCUSDT,2024-09-22 08:00:00.000,9.254e-05,62909.30000000,Regular
BTCUSDT,2024-09-22 16:00:00.000,5.537e-05,62628.23061702,Regular
BTCUSDT,2024-09-23 00:00:00.000,6.546e-05,63558.50000000,Regular
BTCUSDT,2024-09-23 08:00:00.000,1.364e-05,63519.90000000,Regular
BTCUSDT,2024-09-23 16:00:00.000,5.304e-05,63589.80000000,Regular
BTCUSDT,2024-09-24 00:00:00.000,2.324e-05,63303.39994326,Regular
BTCUSDT,2024-09-24 08:00:00.000,2.895e-05,63531.97252482,Regular
BTCUSDT,2024-09-24 16:00:00.001,-1.82e-06,63128.90000000,Regular
BTCUSDT,2024-09-25 00:00:00.000,1.223e-05,64243.20000000,Regular
BTCUSDT,2024-09-25 08:00:00.003,1.141e-05,63815.43419858,Regular
BTCUSDT,2024-09-25 16:00:00.000,1.336e-05,63470.00000000,Regular
BTCUSDT,2024-09-26 00:00:00.005,1.65e-05,63121.20731206,Regular
BTCUSDT,2024-09-26 08:00:00.000,6.246e-05,63823.40000000,Regular
BTCUSDT,2024-09-26 16:00:00.000,0.0001,65195.98735461,Regular
BTCUSDT,2024-09-27 00:00:00.000,0.0001,65144.38297872,Regular
BTCUSDT,2024-09-27 08:00:00.000,6.722e-05,65443.46173050,Regular
BTCUSDT,2024-09-27 16:00:00.000,2.275e-05,65974.85614184,Regular
BTCUSDT,2024-09-28 00:00:00.000,5.455e-05,65749.60000000,Regular
BTCUSDT,2024-09-28 08:00:00.001,8.3e-05,65794.28179433,Regular
BTCUSDT,2024-09-28 16:00:00.000,1.414e-05,65595.27422695,Regular
BTCUSDT,2024-09-29 00:00:00.001,7.25e-06,65826.65036170,Regular
BTCUSDT,2024-09-29 08:00:00.000,3.128e-05,65444.82504255,Regular
BTCUSDT,2024-09-29 16:00:00.000,7.253e-05,65720.00000000,Regular
BTCUSDT,2024-09-30 00:00:00.000,3.077e-05,65571.63404255,Regular
BTCUSDT,2024-09-30 08:00:00.001,7.939e-05,64539.00000000,Regular
BTCUSDT,2024-09-30 16:00:00.000,0.0001,63535.70000000,Regular
BTCUSDT,2024-10-01 00:00:00.000,0.0001,63313.79948227,Regular
BTCUSDT,2024-10-01 08:00:00.000,0.0001,64017.00000000,Regular
BTCUSDT,2024-10-01 16:00:00.001,0.0001,62631.58188652,Regular
BTCUSDT,2024-10-02 00:00:00.000,6.632e-05,60789.16184397,Regular
BTCUSDT,2024-10-02 08:00:00.000,8.409e-05,61703.76278014,Regular
BTCUSDT,2024-10-02 16:00:00.000,8.191e-05,61851.64026950,Regular
BTCUSDT,2024-10-03 00:00:00.000,4.381e-05,60622.60000000,Regular
BTCUSDT,2024-10-03 08:00:00.000,3.746e-05,60908.25041844,Regular
BTCUSDT,2024-10-03 16:00:00.000,4.99e-05,60606.40000000,Regular
BTCUSDT,2024-10-04 00:00:00.000,7.097e-05,60727.20000000,Regular
BTCUSDT,2024-10-04 08:00:00.000,2.119e-05,61405.54564539,Regular
BTCUSDT,2024-10-04 16:00:00.001,2.43e-06,61839.90000000,Regular
BTCUSDT,2024-10-05 00:00:00.000,-1.596e-05,62056.30000000,Regular
BTCUSDT,2024-10-05 08:00:00.000,1.088e-05,62049.40834043,Regular
BTCUSDT,2024-10-05 16:00:00.000,8.61e-06,62137.44147431,Regular
BTCUSDT,2024-10-06 00:00:00.000,5.72e-06,62030.78465150,Regular
BTCUSDT,2024-10-06 08:00:00.001,3.288e-05,61921.90959612,Regular
BTCUSDT,2024-10-06 16:00:00.000,4.18e-05,62692.35314894,Regular
BTCUSDT,2024-10-07 00:00:00.000,4.573e-05,62791.83731206,Regular
BTCUSDT,2024-10-07 08:00:00.000,-9.52e-06,63510.00000000,Regular
BTCUSDT,2024-10-07 16:00:00.001,2.177e-05,63633.19230496,Regular
BTCUSDT,2024-10-08 00:00:00.000,-1.678e-05,62199.75722695,Regular
BTCUSDT,2024-10-08 08:00:00.000,7.094e-05,62291.40000000,Regular
BTCUSDT,2024-10-08 16:00:00.000,8.1e-05,62259.90000000,Regular
BTCUSDT,2024-10-09 00:00:00.000,0.0001,62133.03330496,Regular
BTCUSDT,2024-10-09 08:00:00.000,5.138e-05,62243.96385816,Regular
BTCUSDT,2024-10-09 16:00:00.000,7.939e-05,62285.30000000,Regular
BTCUSDT,2024-10-10 00:00:00.000,2.09e-05,60607.48575935,Regular
BTCUSDT,2024-10-10 08:00:00.000,1.532e-05,60874.85382979,Regular
BTCUSDT,2024-10-10 16:00:00.000,0.0001,60768.62359574,Regular
BTCUSDT,2024-10-11 00:00:00.000,2.231e-05,60293.80800440,Regular
BTCUSDT,2024-10-11 08:00:00.000,-1.874e-05,60648.44046099,Regular
BTCUSDT,2024-10-11 16:00:00.001,1.2e-06,62225.57043262,Regular
BTCUSDT,2024-10-12 00:00:00.000,4.558e-05,62509.00000000,Regular
BTCUSDT,2024-10-12 08:00:00.001,7.664e-05,62734.47038298,Regular
BTCUSDT,2024-10-12 16:00:00.000,-1.489e-05,63124.80000000,Regular
BTCUSDT,2024-10-13 00:00:00.000,6.93e-06,63175.90000000,Regular
BTCUSDT,2024-10-13 08:00:00.000,1.638e-05,62818.90000000,Regular
BTCUSDT,2024-10-13 16:00:00.000,3.938e-05,62195.20000000,Regular
BTCUSDT,2024-10-14 00:00:00.000,5.429e-05,62841.10753191,Regular
BTCUSDT,2024-10-14 08:00:00.000,0.0001,64603.73577305,Regular
BTCUSDT,2024-10-14 16:00:00.000,0.0001,65853.81444681,Regular
BTCUSDT,2024-10-15 00:00:00.000,0.0001,66064.90000000,Regular
BTCUSDT,2024-10-15 08:00:00.000,0.0001,65638.30000000,Regular
BTCUSDT,2024-10-15 16:00:00.000,0.0001,65994.70000000,Regular
BTCUSDT,2024-10-16 00:00:00.000,8.325e-05,67048.63902128,Regular
BTCUSDT,2024-10-16 08:00:00.001,8.5e-05,66948.90000000,Regular
BTCUSDT,2024-10-16 16:00:00.000,0.0001,67726.00000000,Regular
BTCUSDT,2024-10-17 00:00:00.000,0.0001,67594.01401418,Regular
BTCUSDT,2024-10-17 08:00:00.000,0.0001,67281.31711348,Regular
BTCUSDT,2024-10-17 16:00:00.001,0.0001,67561.80000000,Regular
BTCUSDT,2024-10-18 00:00:00.010,0.0001,67406.17999291,Regular
BTCUSDT,2024-10-18 08:00:00.001,0.0001,67956.37085840,Regular
BTCUSDT,2024-10-18 16:00:00.000,0.0001,68710.00000000,Regular
BTCUSDT,2024-10-19 00:00:00.000,0.0001,68407.90000000,Regular
BTCUSDT,2024-10-19 08:00:00.000,0.0001,68328.80000000,Regular
BTCUSDT,2024-10-19 16:00:00.000,0.0001,68210.10911959,Regular
BTCUSDT,2024-10-20 00:00:00.000,0.0001,68357.10000000,Regular
BTCUSDT,2024-10-20 08:00:00.000,0.0001,68350.38066857,Regular
BTCUSDT,2024-10-20 16:00:00.000,0.0001,68605.00000000,Regular
BTCUSDT,2024-10-21 00:00:00.000,0.0001,69021.90495965,Regular
BTCUSDT,2024-10-21 08:00:00.000,0.0001,68513.88736170,Regular
BTCUSDT,2024-10-21 16:00:00.000,0.0001,67349.29462411,Regular
BTCUSDT,2024-10-22 00:00:00.000,0.0001,67368.70000000,Regular
BTCUSDT,2024-10-22 08:00:00.000,0.0001,67387.30000000,Regular
BTCUSDT,2024-10-22 16:00:00.000,0.0001,67271.54104965,Regular
BTCUSDT,2024-10-23 00:00:00.000,0.0001,67410.62232624,Regular
BTCUSDT,2024-10-23 08:00:00.000,0.0001,66838.00000000,Regular
BTCUSDT,2024-10-23 16:00:00.000,0.0001,66207.10773050,Regular
BTCUSDT,2024-10-24 00:00:00.000,0.0001,66649.66592908,Regular
BTCUSDT,2024-10-24 08:00:00.000,0.0001,67104.50000000,Regular
BTCUSDT,2024-10-24 16:00:00.000,0.0001,67672.84020567,Regular
BTCUSDT,2024-10-25 00:00:00.000,0.0001,68175.57805674,Regular
BTCUSDT,2024-10-25 08:00:00.000,0.0001,67503.60000000,Regular
BTCUSDT,2024-10-25 16:00:00.000,0.0001,67667.15595745,Regular
BTCUSDT,2024-10-26 00:00:00.000,4.755e-05,66679.84317682,Regular
BTCUSDT,2024-10-26 08:00:00.001,7.569e-05,66982.64575316,Regular
BTCUSDT,2024-10-26 16:00:00.000,0.0001,66864.20000000,Regular
BTCUSDT,2024-10-27 00:00:00.000,0.0001,67071.90000000,Regular
BTCUSDT,2024-10-27 08:00:00.000,9.724e-05,67174.80000000,Regular
BTCUSDT,2024-10-27 16:00:00.000,0.0001,67760.95565906,Regular
BTCUSDT,2024-10-28 00:00:00.000,9.425e-05,67997.20000000,Regular
BTCUSDT,2024-10-28 08:00:00.001,0.0001,68395.69875177,Regular
BTCUSDT,2024-10-28 16:00:00.000,8.946e-05,68463.40000000,Regular
BTCUSDT,2024-10-29 00:00:00.000,0.0001,69940.00000000,Regular
BTCUSDT,2024-10-29 08:00:00.000,0.0001,70992.07872340,Regular
BTCUSDT,2024-10-29 16:00:00.004,0.0001,72382.82027660,Regular
BTCUSDT,2024-10-30 00:00:00.000,0.0001,72738.79255319,Regular
BTCUSDT,2024-10-30 08:00:00.000,0.0001,72244.90000000,Regular
BTCUSDT,2024-10-30 16:00:00.013,0.0001,72060.36978723,Regular
BTCUSDT,2024-10-31 00:00:00.000,0.0001,72350.66829787,Regular
BTCUSDT,2024-10-31 08:00:00.000,0.0001,72417.80000000,Regular
BTCUSDT,2024-10-31 16:00:00.000,0.0001,70637.76350697,Regular
BTCUSDT,2024-11-01 00:00:00.000,0.0001,70318.15929787,Regular
BTCUSDT,2024-11-01 08:00:00.000,0.0001,69300.16876596,Regular
BTCUSDT,2024-11-01 16:00:00.000,0.0001,69380.64255319,Regular
BTCUSDT,2024-11-02 00:00:00.000,0.0001,69496.19465248,Regular
BTCUSDT,2024-11-02 08:00:00.000,0.0001,69813.99829787,Regular
BTCUSDT,2024-11-02 16:00:00.000,0.0001,69396.79744681,Regular
BTCUSDT,2024-11-03 00:00:00.000,0.0001,69366.60000000,Regular
BTCUSDT,2024-11-03 08:00:00.000,0.0001,68395.17851064,Regular
BTCUSDT,2024-11-03 16:00:00.000,0.0001,68096.02508511,Regular
BTCUSDT,2024-11-04 00:00:00.000,0.0001,68762.50000000,Regular
BTCUSDT,2024-11-04 08:00:00.000,0.0001,68602.86114394,Regular
BTCUSDT,2024-11-04 16:00:00.000,0.0001,68623.66917730,Regular
BTCUSDT,2024-11-05 00:00:00.000,0.0001,67836.62865957,Regular
BTCUSDT,2024-11-05 08:00:00.003,0.0001,68876.00000000,Regular
BTCUSDT,2024-11-05 16:00:00.001,0.0001,69604.99425532,Regular
BTCUSDT,2024-11-06 00:00:00.000,0.0001,69353.10000000,Regular
BTCUSDT,2024-11-06 08:00:00.000,0.0001,73423.50465248,Regular
BTCUSDT,2024-11-06 16:00:00.000,0.0001,74299.90773050,Regular
BTCUSDT,2024-11-07 00:00:00.000,0.0001,75575.32614894,Regular
BTCUSDT,2024-11-07 08:00:00.000,0.0001,74800.00000000,Regular
BTCUSDT,2024-11-07 16:00:00.000,0.0001,76075.60378723,Regular
BTCUSDT,2024-11-08 00:00:00.000,0.0001,75854.54638298,Regular
BTCUSDT,2024-11-08 08:00:00.000,0.0001,76170.90000000,Regular
BTCUSDT,2024-11-08 16:00:00.000,0.0001,76423.30000000,Regular
BTCUSDT,2024-11-09 00:00:00.000,0.0001,76485.96961235,Regular
BTCUSDT,2024-11-09 08:00:00.000,0.0001,76525.24098582,Regular
BTCUSDT,2024-11-09 16:00:00.000,0.0001,76305.60000000,Regular
BTCUSDT,2024-11-10 00:00:00.000,0.0001,76676.09297872,Regular
BTCUSDT,2024-11-10 08:00:00.000,0.00025603,78858.20000000,Regular
BTCUSDT,2024-11-10 16:00:00.000,0.00014113,79735.10000000,Regular
BTCUSDT,2024-11-11 00:00:00.001,0.00036878,80409.90000000,Regular
BTCUSDT,2024-11-11 08:00:00.000,0.0001,81147.80000000,Regular
BTCUSDT,2024-11-11 16:00:00.000,0.0001,84108.24075887,Regular
BTCUSDT,2024-11-12 00:00:00.002,0.00049133,88729.00000000,Regular
BTCUSDT,2024-11-12 08:00:00.000,0.00043737,89095.40000000,Regular
BTCUSDT,2024-11-12 16:00:00.000,0.00038754,86642.44216434,Regular
BTCUSDT,2024-11-13 00:00:00.000,0.0001,87964.81392908,Regular
BTCUSDT,2024-11-13 08:00:00.010,0.00013101,87398.59256270,Regular
BTCUSDT,2024-11-13 16:00:00.000,0.00021856,92602.70000000,Regular
BTCUSDT,2024-11-14 00:00:00.001,0.0001,90413.12446212,Regular
BTCUSDT,2024-11-14 08:00:00.000,0.0001,90818.90000000,Regular
BTCUSDT,2024-11-14 16:00:00.000,0.0001,87998.09286364,Regular
BTCUSDT,2024-11-15 00:00:00.000,0.0001,87376.26048485,Regular
BTCUSDT,2024-11-15 08:00:00.000,0.0001,87691.73393182,Regular
BTCUSDT,2024-11-15 16:00:00.000,0.00010977,88485.40000000,Regular
BTCUSDT,2024-11-16 00:00:00.001,0.0001,91074.60000000,Regular
BTCUSDT,2024-11-16 08:00:00.001,0.0001,91172.07627273,Regular
BTCUSDT,2024-11-16 16:00:00.000,0.00013231,90578.00000000,Regular
BTCUSDT,2024-11-17 00:00:00.000,0.00015765,90607.94334091,Regular
BTCUSDT,2024-11-17 08:00:00.000,0.0001,90599.90000000,Regular
BTCUSDT,2024-11-17 16:00:00.001,0.00010577,90309.70000000,Regular
BTCUSDT,2024-11-18 00:00:00.000,0.0001,89891.57867424,Regular
BTCUSDT,2024-11-18 08:00:00.000,0.0003645,91793.76963166,Regular
BTCUSDT,2024-11-18 16:00:00.000,0.00021318,92413.93032576,Regular
BTCUSDT,2024-11-19 00:00:00.000,0.00021606,90502.14808333,Regular
BTCUSDT,2024-11-19 08:00:00.000,0.00030216,91680.59587879,Regular
BTCUSDT,2024-11-19 16:00:00.000,0.00017959,92442.80000000,Regular
BTCUSDT,2024-11-20 00:00:00.003,0.0001,92314.05812121,Regular
BTCUSDT,2024-11-20 08:00:00.000,0.0001,92855.88699242,Regular
BTCUSDT,2024-11-20 16:00:00.000,0.0001,94737.50000000,Regular
BTCUSDT,2024-11-21 00:00:00.001,0.0001,94279.51894697,Regular
BTCUSDT,2024-11-21 08:00:00.000,0.0001,96950.00000000,Regular
BTCUSDT,2024-11-21 16:00:00.001,0.0001,96677.04645768,Regular
BTCUSDT,2024-11-22 00:00:00.000,0.0001,98365.10186364,Regular
BTCUSDT,2024-11-22 08:00:00.000,0.0001,99242.81251773,Regular
BTCUSDT,2024-11-22 16:00:00.001,0.0001,98699.90000000,Regular
BTCUSDT,2024-11-23 00:00:00.000,0.0001,98918.67765957,Regular
BTCUSDT,2024-11-23 08:00:00.000,0.0001,98599.83297163,Regular
BTCUSDT,2024-11-23 16:00:00.000,0.0001,98426.00000000,Regular
BTCUSDT,2024-11-24 00:00:00.001,0.0001,97725.50000000,Regular
BTCUSDT,2024-11-24 08:00:00.000,0.00016148,98483.95812057,Regular
BTCUSDT,2024-11-24 16:00:00.000,0.00023228,95996.21422597,Regular
BTCUSDT,2024-11-25 00:00:00.000,0.00021035,97960.50000000,Regular
BTCUSDT,2024-11-25 08:00:00.000,0.0001,98106.56588652,Regular
BTCUSDT,2024-11-25 16:00:00.000,0.00025233,96029.20382270,Regular
BTCUSDT,2024-11-26 00:00:00.000,0.00021902,93064.10000000,Regular
BTCUSDT,2024-11-26 08:00:00.000,0.00017936,93837.30000000,Regular
BTCUSDT,2024-11-26 16:00:00.000,0.00029599,92870.07960284,Regular
BTCUSDT,2024-11-27 00:00:00.000,0.00031205,92013.70000000,Regular
BTCUSDT,2024-11-27 08:00:00.000,0.00016795,93652.10000000,Regular
BTCUSDT,2024-11-27 16:00:00.001,0.0001,95605.80000000,Regular
BTCUSDT,2024-11-28 00:00:00.000,0.0001,95904.89554610,Regular
BTCUSDT,2024-11-28 08:00:00.000,0.00014326,95360.15442553,Regular
BTCUSDT,2024-11-28 16:00:00.000,0.00011859,95057.36946809,Regular
BTCUSDT,2024-11-29 00:00:00.000,0.00020619,95693.94427733,Regular
BTCUSDT,2024-11-29 08:00:00.000,0.00011747,95692.14071631,Regular
BTCUSDT,2024-11-29 16:00:00.000,0.00021921,98075.20000000,Regular
BTCUSDT,2024-11-30 00:00:00.000,0.0001,97516.30000000,Regular
BTCUSDT,2024-11-30 08:00:00.000,0.00015909,96843.30000000,Regular
BTCUSDT,2024-11-30 16:00:00.000,0.00012063,96707.40000000,Regular
BTCUSDT,2024-12-01 00:00:00.000,0.00015901,96462.19087234,Regular
BTCUSDT,2024-12-01 08:00:00.000,0.00019581,96522.20604965,Regular
BTCUSDT,2024-12-01 16:00:00.000,0.0001,97081.50000000,Regular
BTCUSDT,2024-12-02 00:00:00.001,0.00025726,97265.10000000,Regular
BTCUSDT,2024-12-02 08:00:00.001,0.00024556,96046.45249645,Regular
BTCUSDT,2024-12-02 16:00:00.000,0.00013387,97120.00000000,Regular
BTCUSDT,2024-12-03 00:00:00.000,0.00012779,95889.10653191,Regular
BTCUSDT,2024-12-03 08:00:00.000,0.00024926,95616.20000000,Regular
BTCUSDT,2024-12-03 16:00:00.000,0.00011952,95746.09226241,Regular
BTCUSDT,2024-12-04 00:00:00.000,0.00026634,95913.27097163,Regular
BTCUSDT,2024-12-04 08:00:00.000,0.00026254,96652.10000000,Regular
BTCUSDT,2024-12-04 16:00:00.000,0.00023234,95801.60480851,Regular
BTCUSDT,2024-12-05 00:00:00.001,0.00027625,98689.14430496,Regular
BTCUSDT,2024-12-05 08:00:00.000,0.00072446,102283.62766667,Regular
BTCUSDT,2024-12-05 16:00:00.000,0.00047059,101350.10000000,Regular
BTCUSDT,2024-12-06 00:00:00.000,0.0001,97001.60000000,Regular
BTCUSDT,2024-12-06 08:00:00.000,0.00014634,98207.61513475,Regular
BTCUSDT,2024-12-06 16:00:00.000,0.0001,99357.34402837,Regular
BTCUSDT,2024-12-07 00:00:00.000,0.00031972,99802.50000000,Regular
BTCUSDT,2024-12-07 08:00:00.000,0.00012374,99442.60000000,Regular
BTCUSDT,2024-12-07 16:00:00.000,0.0001409,99811.50000000,Regular
BTCUSDT,2024-12-08 00:00:00.000,0.00016985,99899.10000000,Regular
BTCUSDT,2024-12-08 08:00:00.000,0.00016572,99741.60000000,Regular
BTCUSDT,2024-12-08 16:00:00.000,0.0001758,99975.00000000,Regular
BTCUSDT,2024-12-09 00:00:00.000,0.00030413,101193.94399291,Regular
BTCUSDT,2024-12-09 08:00:00.000,0.00021032,99633.40225532,Regular
BTCUSDT,2024-12-09 16:00:00.001,0.00011115,97835.11267376,Regular
BTCUSDT,2024-12-10 00:00:00.007,0.0001,97349.10000000,Regular
BTCUSDT,2024-12-10 08:00:00.000,0.0001,97217.70000000,Regular
BTCUSDT,2024-12-10 16:00:00.000,0.0001,95657.98175887,Regular
BTCUSDT,2024-12-11 00:00:00.000,0.0001,96602.30000000,Regular
BTCUSDT,2024-12-11 08:00:00.000,0.0001,97336.18173050,Regular
BTCUSDT,2024-12-11 16:00:00.001,0.0001,100361.01297872,Regular
BTCUSDT,2024-12-12 00:00:00.001,0.0001,101106.90000000,Regular
BTCUSDT,2024-12-12 08:00:00.000,0.0001,100486.46369504,Regular
BTCUSDT,2024-12-12 16:00:00.001,0.0001,101775.10000000,Regular
BTCUSDT,2024-12-13 00:00:00.000,0.0001,99982.30000000,Regular
BTCUSDT,2024-12-13 08:00:00.000,0.0001,100099.90000000,Regular
BTCUSDT,2024-12-13 16:00:00.001,0.0001,99840.10000000,Regular
BTCUSDT,2024-12-14 00:00:00.000,6.75e-05,101371.90000000,Regular
BTCUSDT,2024-12-14 08:00:00.000,0.0001,101787.00000000,Regular
BTCUSDT,2024-12-14 16:00:00.000,0.0001,101610.85002837,Regular
BTCUSDT,2024-12-15 00:00:00.000,0.0001,101391.60376371,Regular
BTCUSDT,2024-12-15 08:00:00.000,8.194e-05,101673.93346099,Regular
BTCUSDT,2024-12-15 16:00:00.000,0.0001,102674.84886525,Regular
BTCUSDT,2024-12-16 00:00:00.000,0.0001,104449.00000000,Regular
BTCUSDT,2024-12-16 08:00:00.001,0.0001,104960.31446809,Regular
BTCUSDT,2024-12-16 16:00:00.000,9.181e-05,106285.31279433,Regular
BTCUSDT,2024-12-17 00:00:00.000,7.866e-05,106023.30000000,Regular
BTCUSDT,2024-12-17 08:00:00.000,0.0001,106789.01585106,Regular
BTCUSDT,2024-12-17 16:00:00.000,0.0001,106438.49711348,Regular
BTCUSDT,2024-12-18 00:00:00.000,0.0001,106083.97803546,Regular
BTCUSDT,2024-12-18 08:00:00.000,9.159e-05,104203.79516312,Regular
BTCUSDT,2024-12-18 16:00:00.000,0.0001,104395.10000000,Regular
BTCUSDT,2024-12-19 00:00:00.000,0.0001,100180.74653901,Regular
BTCUSDT,2024-12-19 08:00:00.000,0.0001,101625.15913475,Regular
BTCUSDT,2024-12-19 16:00:00.000,0.0001,100657.71907801,Regular
BTCUSDT,2024-12-20 00:00:00.000,0.0001,97434.40000000,Regular
BTCUSDT,2024-12-20 08:00:00.001,0.0001,97822.91234043,Regular
BTCUSDT,2024-12-20 16:00:00.014,0.0001,96968.45573050,Regular
BTCUSDT,2024-12-21 00:00:00.000,0.0001,97764.50000000,Regular
BTCUSDT,2024-12-21 08:00:00.000,1.206e-05,98985.40130496,Regular
BTCUSDT,2024-12-21 16:00:00.001,0.0001,97486.50000000,Regular
BTCUSDT,2024-12-22 00:00:00.000,0.0001,97261.80000000,Regular
BTCUSDT,2024-12-22 08:00:00.000,0.0001,96182.08468085,Regular
BTCUSDT,2024-12-22 16:00:00.000,9.629e-05,95340.90000000,Regular
BTCUSDT,2024-12-23 00:00:00.000,0.0001,95155.89321986,Regular
BTCUSDT,2024-12-23 08:00:00.000,0.0001,95360.40000000,Regular
BTCUSDT,2024-12-23 16:00:00.001,8.981e-05,93217.60000000,Regular
BTCUSDT,2024-12-24 00:00:00.000,0.0001,94861.10000000,Regular
BTCUSDT,2024-12-24 08:00:00.000,0.0001,94199.90000000,Regular
BTCUSDT,2024-12-24 16:00:00.001,0.0001,98246.90943972,Regular
BTCUSDT,2024-12-25 00:00:00.001,0.0001,98633.62231915,Regular
BTCUSDT,2024-12-25 08:00:00.000,0.0001,98052.36726950,Regular
BTCUSDT,2024-12-25 16:00:00.000,0.0001,98485.70000000,Regular
BTCUSDT,2024-12-26 00:00:00.000,9.827e-05,99379.60000000,Regular
BTCUSDT,2024-12-26 08:00:00.000,7.453e-05,97682.41824113,Regular
BTCUSDT,2024-12-26 16:00:00.000,8.585e-05,96006.00000000,Regular
BTCUSDT,2024-12-27 00:00:00.000,0.0001,95754.23556738,Regular
BTCUSDT,2024-12-27 08:00:00.000,0.0001,95074.97113475,Regular
BTCUSDT,2024-12-27 16:00:00.000,0.0001,94529.41337589,Regular
BTCUSDT,2024-12-28 00:00:00.001,0.0001,94263.83920567,Regular
BTCUSDT,2024-12-28 08:00:00.000,7.639e-05,94339.82516312,Regular
BTCUSDT,2024-12-28 16:00:00.000,5.173e-05,94407.80000000,Regular
BTCUSDT,2024-12-29 00:00:00.000,8.013e-05,95262.82075887,Regular
BTCUSDT,2024-12-29 08:00:00.000,0.0001,95233.30000000,Regular
BTCUSDT,2024-12-29 16:00:00.000,0.0001,94468.77931206,Regular
BTCUSDT,2024-12-30 00:00:00.000,-4.2e-07,93699.90000000,Regular
BTCUSDT,2024-12-30 08:00:00.001,8.791e-05,93700.13509929,Regular
BTCUSDT,2024-12-30 16:00:00.000,0.0001,92087.24777305,Regular
BTCUSDT,2024-12-31 00:00:00.000,0.0001,92760.38528369,Regular
BTCUSDT,2024-12-31 08:00:00.000,0.0001,92819.50000000,Regular
BTCUSDT,2024-12-31 16:00:00.000,0.0001,95389.40000000,Regular
BTCUSDT,2025-01-01 00:00:00.015,0.0001,93549.66175177,Regular
BTCUSDT,2025-01-01 08:00:00.000,0.0001,93660.97108511,Regular
BTCUSDT,2025-01-01 16:00:00.001,0.0001,94413.60000000,Regular
BTCUSDT,2025-01-02 00:00:00.000,0.0001,94581.00000000,Regular
BTCUSDT,2025-01-02 08:00:00.006,0.0001,95815.30000000,Regular
BTCUSDT,2025-01-02 16:00:00.000,0.0001,96438.30000000,Regular
BTCUSDT,2025-01-03 00:00:00.000,0.0001,96967.50000000,Regular
BTCUSDT,2025-01-03 08:00:00.000,0.0001,96275.00000000,Regular
BTCUSDT,2025-01-03 16:00:00.000,5.242e-05,97481.09407092,Regular
BTCUSDT,2025-01-04 00:00:00.000,7.699e-05,98145.80000000,Regular
BTCUSDT,2025-01-04 08:00:00.000,0.0001,98244.20000000,Regular
BTCUSDT,2025-01-04 16:00:00.000,7.98e-06,97632.05677305,Regular
BTCUSDT,2025-01-05 00:00:00.000,0.0001,98173.20000000,Regular
BTCUSDT,2025-01-05 08:00:00.000,0.0001,98225.73287943,Regular
BTCUSDT,2025-01-05 16:00:00.000,8.32e-05,97981.80000000,Regular
BTCUSDT,2025-01-06 00:00:00.000,0.0001,98340.10000000,Regular
BTCUSDT,2025-01-06 08:00:00.001,0.0001,99280.00000000,Regular
BTCUSDT,2025-01-06 16:00:00.000,0.0001,102091.31002128,Regular
BTCUSDT,2025-01-07 00:00:00.000,0.0001,102189.30633333,Regular
BTCUSDT,2025-01-07 08:00:00.000,8.903e-05,101649.30000000,Regular
BTCUSDT,2025-01-07 16:00:00.008,8.279e-05,97916.61911959,Regular
BTCUSDT,2025-01-08 00:00:00.001,0.0001,96920.20000000,Regular
BTCUSDT,2025-01-08 08:00:00.000,0.0001,95628.40000000,Regular
BTCUSDT,2025-01-08 16:00:00.000,0.0001,95454.56275887,Regular
BTCUSDT,2025-01-09 00:00:00.000,0.0001,95036.11944681,Regular
BTCUSDT,2025-01-09 08:00:00.000,9.834e-05,93180.20612057,Regular
BTCUSDT,2025-01-09 16:00:00.000,-5.44e-06,94195.10000000,Regular
BTCUSDT,2025-01-10 00:00:00.000,3.966e-05,92515.04219149,Regular
BTCUSDT,2025-01-10 08:00:00.000,-1.06e-05,94460.50000000,Regular
BTCUSDT,2025-01-10 16:00:00.000,8.078e-05,93697.90000000,Regular
BTCUSDT,2025-01-11 00:00:00.000,5.68e-05,94680.94309929,Regular
BTCUSDT,2025-01-11 08:00:00.000,4.055e-05,94211.97412183,Regular
BTCUSDT,2025-01-11 16:00:00.000,2.608e-05,94365.80000000,Regular
BTCUSDT,2025-01-12 00:00:00.000,5.009e-05,94565.09560993,Regular
BTCUSDT,2025-01-12 08:00:00.000,3.21e-05,94291.30000000,Regular
BTCUSDT,2025-01-12 16:00:00.000,6.647e-05,95036.75903546,Regular
BTCUSDT,2025-01-13 00:00:00.000,5.266e-05,94499.90000000,Regular
BTCUSDT,2025-01-13 08:00:00.000,6.989e-05,93557.90000000,Regular
BTCUSDT,2025-01-13 16:00:00.000,8.81e-06,92108.14175000,Regular
BTCUSDT,2025-01-14 00:00:00.000,0.0001,94487.76413636,Regular
BTCUSDT,2025-01-14 08:00:00.000,0.0001,94824.19737879,Regular
BTCUSDT,2025-01-14 16:00:00.000,9.496e-05,96420.52184091,Regular
BTCUSDT,2025-01-15 00:00:00.000,4.989e-05,96515.00000000,Regular
BTCUSDT,2025-01-15 08:00:00.000,8.795e-05,97253.80000000,Regular
BTCUSDT,2025-01-15 16:00:00.000,5.844e-05,98943.30000000,Regular
BTCUSDT,2025-01-16 00:00:00.000,7.28e-06,100461.91109848,Regular
BTCUSDT,2025-01-16 08:00:00.000,7.568e-05,99762.50000000,Regular
BTCUSDT,2025-01-16 16:00:00.000,4.598e-05,99258.31843182,Regular
BTCUSDT,2025-01-17 00:00:00.004,4.597e-05,99937.40000000,Regular
BTCUSDT,2025-01-17 08:00:00.000,9.386e-05,101406.90000000,Regular
BTCUSDT,2025-01-17 16:00:00.008,3.432e-05,103946.30000000,Regular
BTCUSDT,2025-01-18 00:00:00.000,6.707e-05,104042.50000000,Regular
BTCUSDT,2025-01-18 08:00:00.007,0.0001,102781.74468182,Regular
BTCUSDT,2025-01-18 16:00:00.000,0.0001,104537.59208333,Regular
BTCUSDT,2025-01-19 00:00:00.000,0.0001,104535.24007576,Regular
BTCUSDT,2025-01-19 08:00:00.000,0.0001,105153.39980303,Regular
BTCUSDT,2025-01-19 16:00:00.000,0.0001,104957.60477273,Regular
BTCUSDT,2025-01-20 00:00:00.000,0.0001,101308.10000000,Regular
BTCUSDT,2025-01-20 08:00:00.009,0.0001,107128.89547022,Regular
BTCUSDT,2025-01-20 16:00:00.000,0.0001,104989.60000000,Regular
BTCUSDT,2025-01-21 00:00:00.000,0.0001,102253.89548485,Regular
BTCUSDT,2025-01-21 08:00:00.000,0.0001,101983.49471970,Regular
BTCUSDT,2025-01-21 16:00:00.000,0.0001,103929.10000000,Regular
BTCUSDT,2025-01-22 00:00:00.000,0.0001,106114.40000000,Regular
BTCUSDT,2025-01-22 08:00:00.000,0.0001,105063.80000000,Regular
BTCUSDT,2025-01-22 16:00:00.000,0.0001,104138.91605185,Regular
BTCUSDT,2025-01-23 00:00:00.001,8.654e-05,103665.00000000,Regular
BTCUSDT,2025-01-23 08:00:00.000,0.0001,102668.30000000,Regular
BTCUSDT,2025-01-23 16:00:00.000,8.616e-05,105209.90000000,Regular
BTCUSDT,2025-01-24 00:00:00.000,3.34e-06,103867.57431111,Regular
BTCUSDT,2025-01-24 08:00:00.000,7.537e-05,104999.90000000,Regular
BTCUSDT,2025-01-24 16:00:00.000,9.54e-05,105821.80000000,Regular
BTCUSDT,2025-01-25 00:00:00.000,5.702e-05,104811.52457037,Regular
BTCUSDT,2025-01-25 08:00:00.000,8.495e-05,104349.40000000,Regular
BTCUSDT,2025-01-25 16:00:00.001,7.782e-05,104856.23635556,Regular
BTCUSDT,2025-01-26 00:00:00.000,8.363e-05,104701.90000000,Regular
BTCUSDT,2025-01-26 08:00:00.000,0.0001,104963.80000000,Regular
BTCUSDT,2025-01-26 16:00:00.000,8.443e-05,104920.00000000,Regular
BTCUSDT,2025-01-27 00:00:00.000,9.084e-05,102590.39013333,Regular
BTCUSDT,2025-01-27 08:00:00.000,3.712e-05,98996.40000000,Regular
BTCUSDT,2025-01-27 16:00:00.000,9.8e-07,101075.16971111,Regular
BTCUSDT,2025-01-28 00:00:00.000,0.0001,102034.61963704,Regular
BTCUSDT,2025-01-28 08:00:00.000,3.714e-05,102748.81021481,Regular
BTCUSDT,2025-01-28 16:00:00.000,9.848e-05,102732.49048889,Regular
BTCUSDT,2025-01-29 00:00:00.000,0.0001,101296.47861481,Regular
BTCUSDT,2025-01-29 08:00:00.000,0.0001,102723.30000000,Regular
BTCUSDT,2025-01-29 16:00:00.000,9.949e-05,101942.29171111,Regular
BTCUSDT,2025-01-30 00:00:00.000,7.59e-05,103698.20000000,Regular
BTCUSDT,2025-01-30 08:00:00.000,0.0001,105085.20000000,Regular
BTCUSDT,2025-01-30 16:00:00.000,9.499e-05,105521.20000000,Regular
BTCUSDT,2025-01-31 00:00:00.000,1.225e-05,104677.00000000,Regular
BTCUSDT,2025-01-31 08:00:00.000,0.0001,104167.68758519,Regular
BTCUSDT,2025-01-31 16:00:00.000,0.0001,105417.40000000,Regular
BTCUSDT,2025-02-01 00:00:00.000,8.098e-05,102379.70000000,Regular
BTCUSDT,2025-02-01 08:00:00.000,5.369e-05,102127.00000000,Regular
BTCUSDT,2025-02-01 16:00:00.000,5.968e-05,102033.72678519,Regular
BTCUSDT,2025-02-02 00:00:00.001,5.824e-05,100603.60000000,Regular
BTCUSDT,2025-02-02 08:00:00.000,3.38e-05,99595.81932593,Regular
BTCUSDT,2025-02-02 16:00:00.000,-8.61e-06,99298.60000000,Regular
BTCUSDT,2025-02-03 00:00:00.000,0.0001,97665.05852593,Regular
BTCUSDT,2025-02-03 08:00:00.000,0.0001,95278.94922222,Regular
BTCUSDT,2025-02-03 16:00:00.000,4.845e-05,98799.90000000,Regular
BTCUSDT,2025-02-04 00:00:00.000,2.612e-05,101293.70000000,Regular
BTCUSDT,2025-02-04 08:00:00.001,6.8e-05,98428.05392593,Regular
BTCUSDT,2025-02-04 16:00:00.000,4.138e-05,99308.65560920,Regular
BTCUSDT,2025-02-05 00:00:00.001,-4.61e-06,97709.90000000,Regular
BTCUSDT,2025-02-05 08:00:00.001,4.774e-05,97816.06753333,Regular
BTCUSDT,2025-02-05 16:00:00.000,1.61e-05,98063.30000000,Regular
BTCUSDT,2025-02-06 00:00:00.001,2.186e-05,96558.04809630,Regular
BTCUSDT,2025-02-06 08:00:00.001,-2.38e-06,98164.90000000,Regular
BTCUSDT,2025-02-06 16:00:00.000,5.903e-05,97285.60000000,Regular
BTCUSDT,2025-02-07 00:00:00.000,7.983e-05,96515.00000000,Regular
BTCUSDT,2025-02-07 08:00:00.000,6.989e-05,96714.18992337,Regular
BTCUSDT,2025-02-07 16:00:00.000,5.167e-05,98249.70000000,Regular
BTCUSDT,2025-02-08 00:00:00.000,-4.1e-05,96456.01788889,Regular
BTCUSDT,2025-02-08 08:00:00.000,1.137e-05,96153.40000000,Regular
BTCUSDT,2025-02-08 16:00:00.000,3.24e-06,95798.35988889,Regular
BTCUSDT,2025-02-09 00:00:00.000,3.873e-05,96411.90000000,Regular
BTCUSDT,2025-02-09 08:00:00.000,9.6e-05,97019.90000000,Regular
BTCUSDT,2025-02-09 16:00:00.000,2.839e-05,96443.79991852,Regular
BTCUSDT,2025-02-10 00:00:00.000,1.802e-05,96425.48585185,Regular
BTCUSDT,2025-02-10 08:00:00.000,9.176e-05,97393.10000000,Regular
BTCUSDT,2025-02-10 16:00:00.000,7.457e-05,97187.70000000,Regular
BTCUSDT,2025-02-11 00:00:00.000,4.218e-05,97384.53994815,Regular
BTCUSDT,2025-02-11 08:00:00.000,7.09e-05,98230.70305185,Regular
BTCUSDT,2025-02-11 16:00:00.000,-2.446e-05,96963.30000000,Regular
BTCUSDT,2025-02-12 00:00:00.000,1.298e-05,95731.40000000,Regular
BTCUSDT,2025-02-12 08:00:00.000,4.899e-05,96032.10000000,Regular
BTCUSDT,2025-02-12 16:00:00.001,4.96e-05,95768.97002963,Regular
BTCUSDT,2025-02-13 00:00:00.001,0.0001,97828.71390370,Regular
BTCUSDT,2025-02-13 08:00:00.000,4.117e-05,96022.13023704,Regular
BTCUSDT,2025-02-13 16:00:00.001,8.05e-06,95950.00000000,Regular
BTCUSDT,2025-02-14 00:00:00.000,4.1e-05,96560.60000000,Regular
BTCUSDT,2025-02-14 08:00:00.001,5.51e-05,96894.37109630,Regular
BTCUSDT,2025-02-14 16:00:00.000,7.093e-05,96886.60000000,Regular
BTCUSDT,2025-02-15 00:00:00.000,5.5e-07,97449.10151111,Regular
BTCUSDT,2025-02-15 08:00:00.000,3.297e-05,97312.50000000,Regular
BTCUSDT,2025-02-15 16:00:00.000,3.735e-05,97594.40000000,Regular
BTCUSDT,2025-02-16 00:00:00.000,3.39e-05,97537.90000000,Regular
BTCUSDT,2025-02-16 08:00:00.000,1.82e-06,97207.40000000,Regular
BTCUSDT,2025-02-16 16:00:00.000,3.799e-05,96859.04847692,Regular
BTCUSDT,2025-02-17 00:00:00.000,6.239e-05,96073.53976296,Regular
BTCUSDT,2025-02-17 08:00:00.000,6.397e-05,96031.56637778,Regular
BTCUSDT,2025-02-17 16:00:00.000,2.009e-05,95610.58525185,Regular
BTCUSDT,2025-02-18 00:00:00.000,9.488e-05,95743.10000000,Regular
BTCUSDT,2025-02-18 08:00:00.000,0.0001,95416.39865926,Regular
BTCUSDT,2025-02-18 16:00:00.000,0.0001,95510.84027407,Regular
BTCUSDT,2025-02-19 00:00:00.000,7.007e-05,95621.90000000,Regular
BTCUSDT,2025-02-19 08:00:00.000,7.779e-05,95640.40000000,Regular
BTCUSDT,2025-02-19 16:00:00.000,8.96e-05,95895.50000000,Regular
BTCUSDT,2025-02-20 00:00:00.000,2.42e-05,96605.40166667,Regular
BTCUSDT,2025-02-20 08:00:00.000,3.269e-05,96825.70000000,Regular
BTCUSDT,2025-02-20 16:00:00.000,7.346e-05,96860.90000000,Regular
BTCUSDT,2025-02-21 00:00:00.001,1.23e-06,98252.90000000,Regular
BTCUSDT,2025-02-21 08:00:00.000,2.286e-05,98128.40000000,Regular
BTCUSDT,2025-02-21 16:00:00.000,-9.7e-07,98057.70000000,Regular
BTCUSDT,2025-02-22 00:00:00.000,0.0001,96131.40247407,Regular
BTCUSDT,2025-02-22 08:00:00.000,6.466e-05,96241.70000000,Regular
BTCUSDT,2025-02-22 16:00:00.000,2.318e-05,96552.60310370,Regular
BTCUSDT,2025-02-23 00:00:00.000,4.112e-05,96503.38967407,Regular
BTCUSDT,2025-02-23 08:00:00.000,3.14e-05,96455.97020000,Regular
BTCUSDT,2025-02-23 16:00:00.000,1.478e-05,95392.57762963,Regular
BTCUSDT,2025-02-24 00:00:00.000,-2.97e-05,96218.40000000,Regular
BTCUSDT,2025-02-24 08:00:00.000,6.881e-05,95838.02390370,Regular
BTCUSDT,2025-02-24 16:00:00.000,2.05e-05,94296.00000000,Regular
BTCUSDT,2025-02-25 00:00:00.000,0.0001,91524.67726667,Regular
BTCUSDT,2025-02-25 08:00:00.000,5.245e-05,89304.14428352,Regular
BTCUSDT,2025-02-25 16:00:00.000,1.385e-05,87188.93212261,Regular
BTCUSDT,2025-02-26 00:00:00.000,3.521e-05,88639.10000000,Regular
BTCUSDT,2025-02-26 08:00:00.000,6.005e-05,88688.89924444,Regular
BTCUSDT,2025-02-26 16:00:00.000,0.0001,87534.92208148,Regular
BTCUSDT,2025-02-27 00:00:00.001,9.305e-05,84203.99431111,Regular
BTCUSDT,2025-02-27 08:00:00.000,-6.17e-06,86227.86960741,Regular
BTCUSDT,2025-02-27 16:00:00.000,9.433e-05,85473.85978519,Regular
BTCUSDT,2025-02-28 00:00:00.001,9.444e-05,84667.50000000,Regular
BTCUSDT,2025-02-28 08:00:00.000,9.521e-05,79174.50011852,Regular
BTCUSDT,2025-02-28 16:00:00.000,-3.73e-06,83971.85852874,Regular
BTCUSDT,2025-03-01 00:00:00.000,-1.4e-07,84300.62248148,Regular
BTCUSDT,2025-03-01 08:00:00.000,-6.108e-05,84707.63182963,Regular
BTCUSDT,2025-03-01 16:00:00.001,-8.58e-06,84758.97667407,Regular
BTCUSDT,2025-03-02 00:00:00.000,-1.094e-05,86017.75225185,Regular
BTCUSDT,2025-03-02 08:00:00.000,-2.783e-05,86191.40000000,Regular
BTCUSDT,2025-03-02 16:00:00.000,-2.869e-05,87376.32577037,Regular
BTCUSDT,2025-03-03 00:00:00.001,-5.518e-05,94228.90026667,Regular
BTCUSDT,2025-03-03 08:00:00.000,7.91e-06,92325.20000000,Regular
BTCUSDT,2025-03-03 16:00:00.000,5.272e-05,90009.40000000,Regular
BTCUSDT,2025-03-04 00:00:00.001,-1.526e-05,86181.90000000,Regular
BTCUSDT,2025-03-04 08:00:00.005,-2.7e-06,83159.40000000,Regular
BTCUSDT,2025-03-04 16:00:00.000,1.306e-05,82949.73682963,Regular
BTCUSDT,2025-03-05 00:00:00.000,4.113e-05,87246.00000000,Regular
BTCUSDT,2025-03-05 08:00:00.000,2.722e-05,87579.60000000,Regular
BTCUSDT,2025-03-05 16:00:00.000,5.028e-05,88312.60000000,Regular
BTCUSDT,2025-03-06 00:00:00.000,3.538e-05,90567.40845926,Regular
BTCUSDT,2025-03-06 08:00:00.001,6.413e-05,91314.75866667,Regular
BTCUSDT,2025-03-06 16:00:00.000,6.818e-05,90770.91326667,Regular
BTCUSDT,2025-03-07 00:00:00.000,-6.12e-06,89887.90000000,Regular
BTCUSDT,2025-03-07 08:00:00.001,-1.539e-05,88311.88999259,Regular
BTCUSDT,2025-03-07 16:00:00.000,2.028e-05,88417.95212593,Regular
BTCUSDT,2025-03-08 00:00:00.000,5.328e-05,86753.80000000,Regular
BTCUSDT,2025-03-08 08:00:00.001,3.73e-06,86159.98070370,Regular
BTCUSDT,2025-03-08 16:00:00.001,1.208e-05,86360.00000000,Regular
BTCUSDT,2025-03-09 00:00:00.001,-2.779e-05,86184.80000000,Regular
BTCUSDT,2025-03-09 08:00:00.000,3.218e-05,85973.77313333,Regular
BTCUSDT,2025-03-09 16:00:00.000,0.0001,83040.22277037,Regular
BTCUSDT,2025-03-10 00:00:00.000,3.952e-05,80688.70000000,Regular
BTCUSDT,2025-03-10 08:00:00.000,1.344e-05,82282.17518519,Regular
BTCUSDT,2025-03-10 16:00:00.000,4.037e-05,79999.21651111,Regular
BTCUSDT,2025-03-11 00:00:00.000,4.705e-05,78567.80000000,Regular
BTCUSDT,2025-03-11 08:00:00.000,3.26e-05,80395.91420690,Regular
BTCUSDT,2025-03-11 16:00:00.001,8.746e-05,81190.70000000,Regular
BTCUSDT,2025-03-12 00:00:00.000,5.76e-06,82896.00000000,Regular
BTCUSDT,2025-03-12 08:00:00.000,5.815e-05,82405.10000000,Regular
BTCUSDT,2025-03-12 16:00:00.001,4.013e-05,81703.59471111,Regular
BTCUSDT,2025-03-13 00:00:00.000,4.3e-06,83640.60000000,Regular
BTCUSDT,2025-03-13 08:00:00.000,2.069e-05,83118.50000000,Regular
BTCUSDT,2025-03-13 16:00:00.000,3.19e-05,81016.00000000,Regular
BTCUSDT,2025-03-14 00:00:00.000,5.386e-05,81085.40000000,Regular
BTCUSDT,2025-03-14 08:00:00.000,5.331e-05,82130.62686590,Regular
BTCUSDT,2025-03-14 16:00:00.000,3.57e-06,84687.30085824,Regular
BTCUSDT,2025-03-15 00:00:00.000,-6.035e-05,83939.80000000,Regular
BTCUSDT,2025-03-15 08:00:00.000,-2.389e-05,83799.02800000,Regular
BTCUSDT,2025-03-15 16:00:00.000,-3.21e-06,84295.70000000,Regular
BTCUSDT,2025-03-16 00:00:00.000,4.32e-06,84302.90000000,Regular
BTCUSDT,2025-03-16 08:00:00.000,4.236e-05,84242.00000000,Regular
BTCUSDT,2025-03-16 16:00:00.000,1.247e-05,83280.00000000,Regular
BTCUSDT,2025-03-17 00:00:00.000,1.065e-05,82541.60000000,Regular
BTCUSDT,2025-03-17 08:00:00.000,8.474e-05,83524.17527094,Regular
BTCUSDT,2025-03-17 16:00:00.000,8.59e-06,83499.10000000,Regular
BTCUSDT,2025-03-18 00:00:00.000,7.03e-06,83966.75136398,Regular
BTCUSDT,2025-03-18 08:00:00.000,2.059e-05,83124.70000000,Regular
BTCUSDT,2025-03-18 16:00:00.000,3.514e-05,81570.50000000,Regular
BTCUSDT,2025-03-19 00:00:00.000,2e-06,82670.47688148,Regular
BTCUSDT,2025-03-19 08:00:00.000,5.961e-05,83135.80000000,Regular
BTCUSDT,2025-03-19 16:00:00.000,5.024e-05,84693.10000000,Regular
BTCUSDT,2025-03-20 00:00:00.000,1.944e-05,86809.80000000,Regular
BTCUSDT,2025-03-20 08:00:00.000,3.79e-05,85769.99517778,Regular
BTCUSDT,2025-03-20 16:00:00.000,1.086e-05,84656.40000000,Regular
BTCUSDT,2025-03-21 00:00:00.000,1.615e-05,84183.60000000,Regular
BTCUSDT,2025-03-21 08:00:00.000,5.324e-05,83892.55460741,Regular
BTCUSDT,2025-03-21 16:00:00.000,2.518e-05,83525.90000000,Regular
BTCUSDT,2025-03-22 00:00:00.000,2.836e-05,84050.30000000,Regular
BTCUSDT,2025-03-22 08:00:00.004,-1.77e-05,84235.40000000,Regular
BTCUSDT,2025-03-22 16:00:00.000,5.092e-05,84073.50000000,Regular
BTCUSDT,2025-03-23 00:00:00.000,2.099e-05,83804.90000000,Regular
BTCUSDT,2025-03-23 08:00:00.000,-1.84e-06,84232.38148148,Regular
BTCUSDT,2025-03-23 16:00:00.000,4.02e-05,85153.69642963,Regular
BTCUSDT,2025-03-24 00:00:00.000,2.039e-05,86052.86289630,Regular
BTCUSDT,2025-03-24 08:00:00.000,5.512e-05,86831.20146667,Regular
BTCUSDT,2025-03-24 16:00:00.000,-3.422e-05,88291.95428148,Regular
BTCUSDT,2025-03-25 00:00:00.001,-2.47e-06,87463.30000000,Regular
BTCUSDT,2025-03-25 08:00:00.000,1.15e-05,86404.40000000,Regular
BTCUSDT,2025-03-25 16:00:00.000,-3.776e-05,87727.92137778,Regular
BTCUSDT,2025-03-26 00:00:00.000,-2.99e-05,87369.90000000,Regular
BTCUSDT,2025-03-26 08:00:00.000,1.659e-05,88106.70000000,Regular
BTCUSDT,2025-03-26 16:00:00.001,-3.082e-05,86704.27858519,Regular
BTCUSDT,2025-03-27 00:00:00.001,3.136e-05,86873.80000000,Regular
BTCUSDT,2025-03-27 08:00:00.001,5.512e-05,87363.20000000,Regular
BTCUSDT,2025-03-27 16:00:00.002,-3.76e-05,86931.84454074,Regular
BTCUSDT,2025-03-28 00:00:00.001,1.584e-05,87191.20000000,Regular
BTCUSDT,2025-03-28 08:00:00.001,-4.57e-06,85181.54060741,Regular
BTCUSDT,2025-03-28 16:00:00.000,8.118e-05,84011.10000000,Regular
BTCUSDT,2025-03-29 00:00:00.000,5.364e-05,84380.70000000,Regular
BTCUSDT,2025-03-29 08:00:00.000,8.214e-05,83699.76590769,Regular
BTCUSDT,2025-03-29 16:00:00.000,2.53e-05,82371.60000000,Regular
BTCUSDT,2025-03-30 00:00:00.000,3.41e-06,82608.11504215,Regular
BTCUSDT,2025-03-30 08:00:00.000,4.27e-06,83037.50000000,Regular
BTCUSDT,2025-03-30 16:00:00.000,4.588e-05,82699.90000000,Regular
BTCUSDT,2025-03-31 00:00:00.000,2.643e-05,82345.30000000,Regular
BTCUSDT,2025-03-31 08:00:00.000,6.02e-05,81895.20000000,Regular
BTCUSDT,2025-03-31 16:00:00.000,1.845e-05,83373.40000000,Regular
BTCUSDT,2025-04-01 00:00:00.000,3.961e-05,82517.67674815,Regular
BTCUSDT,2025-04-01 08:00:00.001,2.889e-05,83415.20000000,Regular
BTCUSDT,2025-04-01 16:00:00.000,3.573e-05,85245.40000000,Regular
BTCUSDT,2025-04-02 00:00:00.001,-2.112e-05,85120.90000000,Regular
BTCUSDT,2025-04-02 08:00:00.000,3.036e-05,84393.10059259,Regular
BTCUSDT,2025-04-02 16:00:00.000,7.33e-06,86716.90000000,Regular
BTCUSDT,2025-04-03 00:00:00.000,5.862e-05,82485.00000000,Regular
BTCUSDT,2025-04-03 08:00:00.000,5.038e-05,83423.97282759,Regular
BTCUSDT,2025-04-03 16:00:00.000,6.484e-05,82009.80792337,Regular
BTCUSDT,2025-04-04 00:00:00.000,4.283e-05,83168.70000000,Regular
BTCUSDT,2025-04-04 08:00:00.000,4.736e-05,83968.10000000,Regular
BTCUSDT,2025-04-04 16:00:00.000,8.038e-05,82822.00000000,Regular
BTCUSDT,2025-04-05 00:00:00.000,8.559e-05,83861.30000000,Regular
BTCUSDT,2025-04-05 08:00:00.000,7.437e-05,83490.00000000,Regular
BTCUSDT,2025-04-05 16:00:00.000,4.08e-06,82582.45056296,Regular
BTCUSDT,2025-04-06 00:00:00.000,2.21e-06,83501.91631852,Regular
BTCUSDT,2025-04-06 08:00:00.000,5.363e-05,82990.90000000,Regular
BTCUSDT,2025-04-06 16:00:00.002,-6.03e-06,82503.61944061,Regular
BTCUSDT,2025-04-07 00:00:00.000,4.946e-05,78392.35042912,Regular
BTCUSDT,2025-04-07 08:00:00.000,6.857e-05,75088.25410370,Regular
BTCUSDT,2025-04-07 16:00:00.000,4.998e-05,78465.57328148,Regular
BTCUSDT,2025-04-08 00:00:00.000,4.074e-05,79140.10000000,Regular
BTCUSDT,2025-04-08 08:00:00.000,3.575e-05,79455.76043704,Regular
BTCUSDT,2025-04-08 16:00:00.000,3.134e-05,78462.82929630,Regular
BTCUSDT,2025-04-09 00:00:00.000,9.568e-05,76297.90000000,Regular
BTCUSDT,2025-04-09 08:00:00.001,-2.252e-05,77645.50000000,Regular
BTCUSDT,2025-04-09 16:00:00.000,6.856e-05,77224.48104444,Regular
BTCUSDT,2025-04-10 00:00:00.000,7.705e-05,82588.00000000,Regular
BTCUSDT,2025-04-10 08:00:00.000,1.14e-06,81561.50000000,Regular
BTCUSDT,2025-04-10 16:00:00.000,6.775e-05,78726.30000000,Regular
BTCUSDT,2025-04-11 00:00:00.001,2.065e-05,79576.11047407,Regular
BTCUSDT,2025-04-11 08:00:00.000,-4.294e-05,81213.70000000,Regular
BTCUSDT,2025-04-11 16:00:00.000,3.29e-05,82486.70000000,Regular
BTCUSDT,2025-04-12 00:00:00.000,3.654e-05,83385.70000000,Regular
BTCUSDT,2025-04-12 08:00:00.001,5.64e-05,83685.40000000,Regular
BTCUSDT,2025-04-12 16:00:00.000,5.388e-05,84974.20000000,Regular
BTCUSDT,2025-04-13 00:00:00.000,5.057e-05,85240.01637778,Regular
BTCUSDT,2025-04-13 08:00:00.000,8.429e-05,84383.61757037,Regular
BTCUSDT,2025-04-13 16:00:00.000,9.642e-05,83820.10000000,Regular
BTCUSDT,2025-04-14 00:00:00.000,8.113e-05,83715.61378519,Regular
BTCUSDT,2025-04-14 08:00:00.000,7.127e-05,84545.16948148,Regular
BTCUSDT,2025-04-14 16:00:00.000,2.428e-05,84063.10000000,Regular
BTCUSDT,2025-04-15 00:00:00.000,-2.073e-05,84553.90000000,Regular
BTCUSDT,2025-04-15 08:00:00.000,6.606e-05,85691.30000000,Regular
BTCUSDT,2025-04-15 16:00:00.001,1.883e-05,84874.59705926,Regular
BTCUSDT,2025-04-16 00:00:00.000,2.428e-05,83608.70000000,Regular
BTCUSDT,2025-04-16 08:00:00.000,6.917e-05,83336.36678161,Regular
BTCUSDT,2025-04-16 16:00:00.000,1.978e-05,84801.70000000,Regular
BTCUSDT,2025-04-17 00:00:00.001,1.404e-05,83994.18360000,Regular
BTCUSDT,2025-04-17 08:00:00.000,5.679e-05,84630.32499202,Regular
BTCUSDT,2025-04-17 16:00:00.001,3.425e-05,84495.50000000,Regular
BTCUSDT,2025-04-18 00:00:00.000,1.788e-05,84916.10982222,Regular
BTCUSDT,2025-04-18 08:00:00.000,7.071e-05,84622.90000000,Regular
BTCUSDT,2025-04-18 16:00:00.000,2.995e-05,84337.39696296,Regular
BTCUSDT,2025-04-19 00:00:00.000,2.93e-05,84429.71837548,Regular
BTCUSDT,2025-04-19 08:00:00.000,6.024e-05,85174.50000000,Regular
BTCUSDT,2025-04-19 16:00:00.000,-1.953e-05,85146.20000000,Regular
BTCUSDT,2025-04-20 00:00:00.000,-2.98e-06,85046.90000000,Regular
BTCUSDT,2025-04-20 08:00:00.000,-1.078e-05,84739.09365128,Regular
BTCUSDT,2025-04-20 16:00:00.000,-2.258e-05,84305.11534074,Regular
BTCUSDT,2025-04-21 00:00:00.000,5.232e-05,85142.30088148,Regular
BTCUSDT,2025-04-21 08:00:00.005,5.403e-05,87400.60000000,Regular
BTCUSDT,2025-04-21 16:00:00.003,1.553e-05,87998.12642222,Regular
BTCUSDT,2025-04-22 00:00:00.008,7.749e-05,87467.82270370,Regular
BTCUSDT,2025-04-22 08:00:00.000,-7.44e-06,88436.16399259,Regular
BTCUSDT,2025-04-22 16:00:00.000,-7.045e-05,90881.10000000,Regular
BTCUSDT,2025-04-23 00:00:00.000,-1.389e-05,93404.90000000,Regular
BTCUSDT,2025-04-23 08:00:00.002,1.374e-05,94110.36297318,Regular
BTCUSDT,2025-04-23 16:00:00.000,4.587e-05,93149.55929437,Regular
BTCUSDT,2025-04-24 00:00:00.000,-2.671e-05,93641.27053973,Regular
BTCUSDT,2025-04-24 08:00:00.001,5.21e-05,92167.24875325,Regular
BTCUSDT,2025-04-24 16:00:00.001,-2.165e-05,93148.88519481,Regular
BTCUSDT,2025-04-25 00:00:00.007,-1.764e-05,93931.60000000,Regular
BTCUSDT,2025-04-25 08:00:00.002,1.7e-06,93734.00000000,Regular
BTCUSDT,2025-04-25 16:00:00.003,1.2e-06,95000.28830833,Regular
BTCUSDT,2025-04-26 00:00:00.002,-0.00010085,94591.80000000,Regular
BTCUSDT,2025-04-26 08:00:00.000,-2.774e-05,94523.02069167,Regular
BTCUSDT,2025-04-26 16:00:00.002,2.855e-05,94326.89167892,Regular
BTCUSDT,2025-04-27 00:00:00.001,-1.5e-05,94575.70000000,Regular
BTCUSDT,2025-04-27 08:00:00.000,-6.6e-06,94027.70000000,Regular
BTCUSDT,2025-04-27 16:00:00.000,-4.21e-06,93857.80000000,Regular
BTCUSDT,2025-04-28 00:00:00.001,3.73e-06,93697.00000000,Regular
BTCUSDT,2025-04-28 08:00:00.003,2.46e-06,94641.50000000,Regular
BTCUSDT,2025-04-28 16:00:00.005,-5.821e-05,93782.50000000,Regular
BTCUSDT,2025-04-29 00:00:00.000,-7.73e-06,94969.00000000,Regular
BTCUSDT,2025-04-29 08:00:00.000,4.13e-06,94877.90000000,Regular
BTCUSDT,2025-04-29 16:00:00.010,1.305e-05,94800.87365217,Regular
BTCUSDT,2025-04-30 00:00:00.001,-5.181e-05,94211.74500725,Regular
BTCUSDT,2025-04-30 08:00:00.000,2.939e-05,94577.60000000,Regular
BTCUSDT,2025-04-30 16:00:00.003,-3.797e-05,93961.60732609,Regular
BTCUSDT,2025-05-01 00:00:00.000,3.519e-05,94130.75027536,Regular
BTCUSDT,2025-05-01 08:00:00.000,5.755e-05,94983.01632609,Regular
BTCUSDT,2025-05-01 16:00:00.001,-8.028e-05,96794.89389805,Regular
BTCUSDT,2025-05-02 00:00:00.000,-0.00012232,96433.84531159,Regular
BTCUSDT,2025-05-02 08:00:00.000,-9.382e-05,96302.10000000,Regular
BTCUSDT,2025-05-02 16:00:00.003,-8.689e-05,97277.00616667,Regular
BTCUSDT,2025-05-03 00:00:00.000,-5.953e-05,96831.65852586,Regular
BTCUSDT,2025-05-03 08:00:00.000,3.198e-05,96290.80000000,Regular
BTCUSDT,2025-05-03 16:00:00.000,-1.483e-05,96360.13496232,Regular
BTCUSDT,2025-05-04 00:00:00.001,3.7e-06,95819.52819239,Regular
BTCUSDT,2025-05-04 08:00:00.001,3.229e-05,95842.10000000,Regular
BTCUSDT,2025-05-04 16:00:00.002,3.745e-05,95421.10000000,Regular
BTCUSDT,2025-05-05 00:00:00.000,-2.404e-05,94240.51430435,Regular
BTCUSDT,2025-05-05 08:00:00.000,3.636e-05,94697.80169565,Regular
BTCUSDT,2025-05-05 16:00:00.006,-2.247e-05,93731.39948913,Regular
BTCUSDT,2025-05-06 00:00:00.002,1.978e-05,94696.80000000,Regular
BTCUSDT,2025-05-06 08:00:00.005,4.44e-05,94353.53756884,Regular
BTCUSDT,2025-05-06 16:00:00.000,7.57e-06,94511.80000000,Regular
BTCUSDT,2025-05-07 00:00:00.002,1.218e-05,96794.50000000,Regular
BTCUSDT,2025-05-07 08:00:00.000,-2.5e-07,96949.17783333,Regular
BTCUSDT,2025-05-07 16:00:00.006,1.32e-05,96888.90000000,Regular
BTCUSDT,2025-05-08 00:00:00.000,2.318e-05,96990.24909783,Regular
BTCUSDT,2025-05-08 08:00:00.001,4.608e-05,99215.08710145,Regular
BTCUSDT,2025-05-08 16:00:00.002,5.728e-05,100730.90000000,Regular
BTCUSDT,2025-05-09 00:00:00.001,0.0001,103241.74847826,Regular
BTCUSDT,2025-05-09 08:00:00.006,0.0001,103628.90270290,Regular
BTCUSDT,2025-05-09 16:00:00.000,4.378e-05,102852.40000000,Regular
BTCUSDT,2025-05-10 00:00:00.001,9.657e-05,102941.80000000,Regular
BTCUSDT,2025-05-10 08:00:00.000,0.0001,103721.70000000,Regular
BTCUSDT,2025-05-10 16:00:00.001,4.257e-05,103102.70000000,Regular
BTCUSDT,2025-05-11 00:00:00.000,0.0001,104789.00000000,Regular
BTCUSDT,2025-05-11 08:00:00.001,4.15e-05,103336.90000000,Regular
BTCUSDT,2025-05-11 16:00:00.001,0.0001,104089.06693841,Regular
BTCUSDT,2025-05-12 00:00:00.004,4.454e-05,104072.80000000,Regular
BTCUSDT,2025-05-12 08:00:00.000,0.0001,104426.20000000,Regular
BTCUSDT,2025-05-12 16:00:00.000,2.301e-05,102484.98667754,Regular
BTCUSDT,2025-05-13 00:00:00.000,6.847e-05,102739.98641667,Regular
BTCUSDT,2025-05-13 08:00:00.008,0.0001,102624.00000000,Regular
BTCUSDT,2025-05-13 16:00:00.001,7.256e-05,103642.21569565,Regular
BTCUSDT,2025-05-14 00:00:00.007,9.921e-05,104082.25016667,Regular
BTCUSDT,2025-05-14 08:00:00.000,7.542e-05,103662.20000000,Regular
BTCUSDT,2025-05-14 16:00:00.002,3.175e-05,103461.40000000,Regular
BTCUSDT,2025-05-15 00:00:00.000,2.978e-05,103458.20000000,Regular
BTCUSDT,2025-05-15 08:00:00.003,5.336e-05,101733.90000000,Regular
BTCUSDT,2025-05-15 16:00:00.000,1.439e-05,103212.64269928,Regular
BTCUSDT,2025-05-16 00:00:00.001,4.504e-05,103731.00000000,Regular
BTCUSDT,2025-05-16 08:00:00.000,7.535e-05,103646.60000000,Regular
BTCUSDT,2025-05-16 16:00:00.000,4.768e-05,104152.87767029,Regular
BTCUSDT,2025-05-17 00:00:00.000,2.821e-05,103420.88946739,Regular
BTCUSDT,2025-05-17 08:00:00.001,3.34e-05,103399.40000000,Regular
BTCUSDT,2025-05-17 16:00:00.004,5.97e-06,102900.00000000,Regular
BTCUSDT,2025-05-18 00:00:00.000,6.742e-05,103079.50000000,Regular
BTCUSDT,2025-05-18 08:00:00.000,5.903e-05,103891.40000000,Regular
BTCUSDT,2025-05-18 16:00:00.000,0.0001,105484.20000000,Regular
BTCUSDT,2025-05-19 00:00:00.000,5.99e-05,106415.65899638,Regular
BTCUSDT,2025-05-19 08:00:00.006,6.04e-05,103175.66738043,Regular
BTCUSDT,2025-05-19 16:00:00.010,2.11e-05,104740.40000000,Regular
BTCUSDT,2025-05-20 00:00:00.000,8.378e-05,105539.99272464,Regular
BTCUSDT,2025-05-20 08:00:00.002,7.107e-05,104998.20574797,Regular
BTCUSDT,2025-05-20 16:00:00.000,1.266e-05,105294.50000000,Regular
BTCUSDT,2025-05-21 00:00:00.000,8.767e-05,106800.40000000,Regular
BTCUSDT,2025-05-21 08:00:00.001,7.147e-05,106469.35994203,Regular
BTCUSDT,2025-05-21 16:00:00.004,5.119e-05,108936.70000000,Regular
BTCUSDT,2025-05-22 00:00:00.001,0.0001,109611.57980435,Regular
BTCUSDT,2025-05-22 08:00:00.000,0.0001,111005.80000000,Regular
BTCUSDT,2025-05-22 16:00:00.002,0.0001,111236.80000000,Regular
BTCUSDT,2025-05-23 00:00:00.006,9.321e-05,111663.50596536,Regular
BTCUSDT,2025-05-23 08:00:00.000,7.261e-05,110685.20000000,Regular
BTCUSDT,2025-05-23 16:00:00.007,8.614e-05,108889.20000000,Regular
BTCUSDT,2025-05-24 00:00:00.010,3.524e-05,107273.62679710,Regular
BTCUSDT,2025-05-24 08:00:00.000,4.59e-05,107554.85993116,Regular
BTCUSDT,2025-05-24 16:00:00.003,7.837e-05,108895.88856522,Regular
BTCUSDT,2025-05-25 00:00:00.004,9.794e-05,107698.90000000,Regular
BTCUSDT,2025-05-25 08:00:00.000,5.113e-05,107634.70000000,Regular
BTCUSDT,2025-05-25 16:00:00.000,3.651e-05,106928.00000000,Regular
BTCUSDT,2025-05-26 00:00:00.000,7.331e-05,108955.90000000,Regular
BTCUSDT,2025-05-26 08:00:00.000,0.0001,110050.00000000,Regular
BTCUSDT,2025-05-26 16:00:00.002,9.782e-05,109951.10000000,Regular
BTCUSDT,2025-05-27 00:00:00.003,7.65e-05,109403.70430072,Regular
BTCUSDT,2025-05-27 08:00:00.001,7.266e-05,109471.80000000,Regular
BTCUSDT,2025-05-27 16:00:00.005,2.476e-05,110091.30000000,Regular
BTCUSDT,2025-05-28 00:00:00.002,3.26e-05,108889.20000000,Regular
BTCUSDT,2025-05-28 08:00:00.003,2.164e-05,108764.90000000,Regular
BTCUSDT,2025-05-28 16:00:00.002,5.368e-05,107066.31867754,Regular
BTCUSDT,2025-05-29 00:00:00.000,3.186e-05,107723.10000000,Regular
BTCUSDT,2025-05-29 08:00:00.006,2.812e-05,107839.50000000,Regular
BTCUSDT,2025-05-29 16:00:00.000,8.379e-05,106972.60000000,Regular
BTCUSDT,2025-05-30 00:00:00.003,2.622e-05,105540.00000000,Regular
BTCUSDT,2025-05-30 08:00:00.003,3.849e-05,104997.40000000,Regular
BTCUSDT,2025-05-30 16:00:00.000,7.392e-05,105503.90000000,Regular
BTCUSDT,2025-05-31 00:00:00.000,8.506e-05,103950.00000000,Regular
BTCUSDT,2025-05-31 08:00:00.000,7.552e-05,103701.25933333,Regular
BTCUSDT,2025-05-31 16:00:00.000,4.687e-05,104499.67307246,Regular
BTCUSDT,2025-06-01 00:00:00.001,-5.82e-06,104544.70000000,Regular
BTCUSDT,2025-06-01 08:00:00.002,2.335e-05,104231.00000000,Regular
BTCUSDT,2025-06-01 16:00:00.000,4.117e-05,104664.00000000,Regular
BTCUSDT,2025-06-02 00:00:00.001,-6.42e-06,105589.61297464,Regular
BTCUSDT,2025-06-02 08:00:00.000,5.593e-05,105346.40000000,Regular
BTCUSDT,2025-06-02 16:00:00.000,4.467e-05,104396.90000000,Regular
BTCUSDT,2025-06-03 00:00:00.000,5.005e-05,105814.40000000,Regular
BTCUSDT,2025-06-03 08:00:00.000,6.066e-05,105134.30000000,Regular
BTCUSDT,2025-06-03 16:00:00.001,4.456e-05,106556.10000000,Regular
BTCUSDT,2025-06-04 00:00:00.000,-1.1e-07,105330.10000000,Regular
BTCUSDT,2025-06-04 08:00:00.000,2.611e-05,105260.46566250,Regular
BTCUSDT,2025-06-04 16:00:00.000,9.62e-06,105255.92777899,Regular
BTCUSDT,2025-06-05 00:00:00.016,7.4e-07,104646.03764130,Regular
BTCUSDT,2025-06-05 08:00:00.000,2.871e-05,104473.00000000,Regular
BTCUSDT,2025-06-05 16:00:00.000,5.156e-05,104485.40000000,Regular
BTCUSDT,2025-06-06 00:00:00.002,-3.491e-05,101458.70000000,Regular
BTCUSDT,2025-06-06 08:00:00.000,-3.03e-05,103096.80000000,Regular
BTCUSDT,2025-06-06 16:00:00.006,-2.995e-05,105037.54876812,Regular
BTCUSDT,2025-06-07 00:00:00.000,-2.89e-05,104240.10000000,Regular
BTCUSDT,2025-06-07 08:00:00.000,-3.158e-05,104813.72660507,Regular
BTCUSDT,2025-06-07 16:00:00.002,2.94e-06,105508.84818333,Regular
BTCUSDT,2025-06-08 00:00:00.000,4.808e-05,105509.63211957,Regular
BTCUSDT,2025-06-08 08:00:00.000,5.613e-05,105380.40000000,Regular
BTCUSDT,2025-06-08 16:00:00.000,-3.602e-05,105923.14248188,Regular
BTCUSDT,2025-06-09 00:00:00.000,-2.164e-05,105679.25375362,Regular
BTCUSDT,2025-06-09 08:00:00.001,4.024e-05,105517.90905797,Regular
BTCUSDT,2025-06-09 16:00:00.001,3.057e-05,107568.29532246,Regular
BTCUSDT,2025-06-10 00:00:00.000,6.374e-05,110227.90000000,Regular
BTCUSDT,2025-06-10 08:00:00.001,0.0001,109178.10000000,Regular
BTCUSDT,2025-06-10 16:00:00.003,8.165e-05,108970.17962319,Regular
BTCUSDT,2025-06-11 00:00:00.000,8.779e-05,110235.30000000,Regular
BTCUSDT,2025-06-11 08:00:00.000,8.39e-05,109397.00000000,Regular
BTCUSDT,2025-06-11 16:00:00.010,5.039e-05,109694.90000000,Regular
BTCUSDT,2025-06-12 00:00:00.002,1.856e-05,108610.75909727,Regular
BTCUSDT,2025-06-12 08:00:00.003,7.247e-05,107578.64501938,Regular
BTCUSDT,2025-06-12 16:00:00.001,1.198e-05,106960.70000000,Regular
BTCUSDT,2025-06-13 00:00:00.000,-1.801e-05,105621.56706522,Regular
BTCUSDT,2025-06-13 08:00:00.001,-2.7e-06,104831.40000000,Regular
BTCUSDT,2025-06-13 16:00:00.004,3.857e-05,105392.00000000,Regular
BTCUSDT,2025-06-14 00:00:00.000,1.958e-05,106031.87648551,Regular
BTCUSDT,2025-06-14 08:00:00.000,3.858e-05,105029.92107590,Regular
BTCUSDT,2025-06-14 16:00:00.000,1.135e-05,104785.31052899,Regular
BTCUSDT,2025-06-15 00:00:00.005,-3.641e-05,105359.80000000,Regular
BTCUSDT,2025-06-15 08:00:00.009,1.439e-05,105378.68969203,Regular
BTCUSDT,2025-06-15 16:00:00.000,7.369e-05,105526.00000000,Regular
BTCUSDT,2025-06-16 00:00:00.000,9.36e-06,105546.26398514,Regular
BTCUSDT,2025-06-16 08:00:00.000,5.07e-05,107023.80000000,Regular
BTCUSDT,2025-06-16 16:00:00.003,2.793e-05,107375.00000000,Regular
BTCUSDT,2025-06-17 00:00:00.000,1.847e-05,106750.10000000,Regular
BTCUSDT,2025-06-17 08:00:00.006,5.776e-05,106711.10000000,Regular
BTCUSDT,2025-06-17 16:00:00.001,2.211e-05,104203.95066304,Regular
BTCUSDT,2025-06-18 00:00:00.001,-1.752e-05,104508.00000000,Regular
BTCUSDT,2025-06-18 08:00:00.001,3.695e-05,104925.60000000,Regular
BTCUSDT,2025-06-18 16:00:00.001,6.692e-05,104751.91415217,Regular
BTCUSDT,2025-06-19 00:00:00.005,8.45e-06,104836.47953623,Regular
BTCUSDT,2025-06-19 08:00:00.003,6.16e-06,104593.47301449,Regular
BTCUSDT,2025-06-19 16:00:00.000,2.396e-05,104055.20000000,Regular
BTCUSDT,2025-06-20 00:00:00.000,3.565e-05,104612.28734221,Regular
BTCUSDT,2025-06-20 08:00:00.002,7.862e-05,105763.50000000,Regular
BTCUSDT,2025-06-20 16:00:00.001,2.4e-05,104168.50000000,Regular
BTCUSDT,2025-06-21 00:00:00.002,3.977e-05,103246.00000000,Regular
BTCUSDT,2025-06-21 08:00:00.005,1.933e-05,103405.77309257,Regular
BTCUSDT,2025-06-21 16:00:00.000,7.44e-05,103516.70000000,Regular
BTCUSDT,2025-06-22 00:00:00.005,2.883e-05,102072.00000000,Regular
BTCUSDT,2025-06-22 08:00:00.000,0.0001,102399.00000000,Regular
BTCUSDT,2025-06-22 16:00:00.003,4.145e-05,98855.01865881,Regular
BTCUSDT,2025-06-23 00:00:00.000,-1.061e-05,100917.08497464,Regular
BTCUSDT,2025-06-23 08:00:00.004,-2.809e-05,101874.40000000,Regular
BTCUSDT,2025-06-23 16:00:00.013,4.889e-05,101374.20000000,Regular
BTCUSDT,2025-06-24 00:00:00.003,1.245e-05,105293.94364855,Regular
BTCUSDT,2025-06-24 08:00:00.000,1.218e-05,104909.91579710,Regular
BTCUSDT,2025-06-24 16:00:00.000,4.47e-06,105182.21770290,Regular
BTCUSDT,2025-06-25 00:00:00.005,-3.174e-05,106035.00000000,Regular
BTCUSDT,2025-06-25 08:00:00.000,2.747e-05,106556.27685145,Regular
BTCUSDT,2025-06-25 16:00:00.005,9.62e-06,106984.14716304,Regular
BTCUSDT,2025-06-26 00:00:00.000,1.41e-06,107283.48498551,Regular
BTCUSDT,2025-06-26 08:00:00.006,3.805e-05,107768.60000000,Regular
BTCUSDT,2025-06-26 16:00:00.007,6.82e-06,107259.90000000,Regular
BTCUSDT,2025-06-27 00:00:00.000,1.113e-05,106913.80000000,Regular
BTCUSDT,2025-06-27 08:00:00.000,2.663e-05,106822.99177536,Regular
BTCUSDT,2025-06-27 16:00:00.009,2.557e-05,107261.20000000,Regular
BTCUSDT,2025-06-28 00:00:00.001,-1.161e-05,106996.90000000,Regular
BTCUSDT,2025-06-28 08:00:00.002,6.053e-05,107433.05392391,Regular
BTCUSDT,2025-06-28 16:00:00.000,4.434e-05,107407.60000000,Regular
BTCUSDT,2025-06-29 00:00:00.004,1.25e-05,107241.00000000,Regular
BTCUSDT,2025-06-29 08:00:00.001,5.36e-05,107355.60000000,Regular
BTCUSDT,2025-06-29 16:00:00.001,0.0001,107694.80147464,Regular
BTCUSDT,2025-06-30 00:00:00.000,1.084e-05,108310.31981522,Regular
BTCUSDT,2025-06-30 08:00:00.005,2.959e-05,107562.60000000,Regular
BTCUSDT,2025-06-30 16:00:00.002,4.923e-05,107538.70402174,Regular
BTCUSDT,2025-07-01 00:00:00.007,1.053e-05,107096.82611594,Regular
BTCUSDT,2025-07-01 08:00:00.002,4.334e-05,107122.80000000,Regular
BTCUSDT,2025-07-01 16:00:00.000,1.109e-05,105905.40000000,Regular
BTCUSDT,2025-07-02 00:00:00.001,1.807e-05,105638.00000000,Regular
BTCUSDT,2025-07-02 08:00:00.000,3.403e-05,107026.00000000,Regular
BTCUSDT,2025-07-02 16:00:00.003,4.13e-05,108695.30000000,Regular
BTCUSDT,2025-07-03 00:00:00.006,4.871e-05,108800.00000000,Regular
BTCUSDT,2025-07-03 08:00:00.003,3.562e-05,109235.04085870,Regular
BTCUSDT,2025-07-03 16:00:00.003,5.028e-05,109089.90000000,Regular
BTCUSDT,2025-07-04 00:00:00.005,5.23e-05,109545.20000000,Regular
BTCUSDT,2025-07-04 08:00:00.003,5.009e-05,108666.22027536,Regular
BTCUSDT,2025-07-04 16:00:00.001,1.797e-05,107534.70000000,Regular
BTCUSDT,2025-07-05 00:00:00.004,1.066e-05,107935.30000000,Regular
BTCUSDT,2025-07-05 08:00:00.009,3.055e-05,108001.93068165,Regular
BTCUSDT,2025-07-05 16:00:00.006,4.005e-05,108012.70000000,Regular
BTCUSDT,2025-07-06 00:00:00.001,1.941e-05,108153.40000000,Regular
BTCUSDT,2025-07-06 08:00:00.002,1.665e-05,107991.40000000,Regular
BTCUSDT,2025-07-06 16:00:00.004,1.028e-05,108856.80000000,Regular
BTCUSDT,2025-07-07 00:00:00.000,2.36e-05,109145.80000000,Regular
BTCUSDT,2025-07-07 08:00:00.007,3.438e-05,109016.30000000,Regular
BTCUSDT,2025-07-07 16:00:00.000,4.271e-05,108252.00000000,Regular
BTCUSDT,2025-07-08 00:00:00.010,1.073e-05,108208.86520652,Regular
BTCUSDT,2025-07-08 08:00:00.003,4.563e-05,108440.60000000,Regular
BTCUSDT,2025-07-08 16:00:00.000,3.601e-05,108216.90000000,Regular
BTCUSDT,2025-07-09 00:00:00.002,3.093e-05,108873.10000000,Regular
BTCUSDT,2025-07-09 08:00:00.006,3.396e-05,108674.80000000,Regular
BTCUSDT,2025-07-09 16:00:00.001,4.253e-05,109020.00000000,Regular
BTCUSDT,2025-07-10 00:00:00.003,0.0001,111199.80000000,Regular
BTCUSDT,2025-07-10 08:00:00.000,8.523e-05,111186.10000000,Regular
BTCUSDT,2025-07-10 16:00:00.004,1.908e-05,111349.50000000,Regular
BTCUSDT,2025-07-11 00:00:00.004,0.0001,115979.20000000,Regular
BTCUSDT,2025-07-11 08:00:00.007,0.0001,117522.80000000,Regular
BTCUSDT,2025-07-11 16:00:00.001,0.0001,116897.42130435,Regular
BTCUSDT,2025-07-12 00:00:00.000,0.0001,117501.26688406,Regular
BTCUSDT,2025-07-12 08:00:00.001,0.0001,117689.70000000,Regular
BTCUSDT,2025-07-12 16:00:00.002,0.0001,117075.50000000,Regular
BTCUSDT,2025-07-13 00:00:00.006,0.0001,117389.40000000,Regular
BTCUSDT,2025-07-13 08:00:00.001,0.0001,117957.51349275,Regular
BTCUSDT,2025-07-13 16:00:00.003,0.0001,118611.53782971,Regular
BTCUSDT,2025-07-14 00:00:00.000,8.051e-05,119041.56046377,Regular
BTCUSDT,2025-07-14 08:00:00.000,0.0001,122717.44717391,Regular
BTCUSDT,2025-07-14 16:00:00.000,0.0001,119867.57057971,Regular
BTCUSDT,2025-07-15 00:00:00.002,0.0001,119818.52750362,Regular
BTCUSDT,2025-07-15 08:00:00.000,0.0001,116780.52426812,Regular
BTCUSDT,2025-07-15 16:00:00.000,0.0001,116389.57304348,Regular
BTCUSDT,2025-07-16 00:00:00.000,0.0001,117738.50000000,Regular
BTCUSDT,2025-07-16 08:00:00.000,0.0001,118184.09413043,Regular
BTCUSDT,2025-07-16 16:00:00.008,0.0001,119054.30000000,Regular
BTCUSDT,2025-07-17 00:00:00.003,0.0001,118598.08606159,Regular
BTCUSDT,2025-07-17 08:00:00.000,0.0001,118289.10000000,Regular
BTCUSDT,2025-07-17 16:00:00.000,0.0001,118874.61847826,Regular
BTCUSDT,2025-07-18 00:00:00.004,0.0001,119176.60000000,Regular
BTCUSDT,2025-07-18 08:00:00.000,0.0001,119356.50000000,Regular
BTCUSDT,2025-07-18 16:00:00.000,0.0001,117851.82027174,Regular
BTCUSDT,2025-07-19 00:00:00.009,0.0001,117897.67534058,Regular
BTCUSDT,2025-07-19 08:00:00.000,0.0001,118135.00000000,Regular
BTCUSDT,2025-07-19 16:00:00.002,0.0001,118036.56383986,Regular
BTCUSDT,2025-07-20 00:00:00.000,0.0001,117814.40000000,Regular
BTCUSDT,2025-07-20 08:00:00.000,0.0001,117993.92586594,Regular
BTCUSDT,2025-07-20 16:00:00.000,0.0001,118669.40000000,Regular
BTCUSDT,2025-07-21 00:00:00.001,0.0001,117227.38173188,Regular
BTCUSDT,2025-07-21 08:00:00.000,0.0001,119352.10000000,Regular
BTCUSDT,2025-07-21 16:00:00.001,0.0001,118304.20000000,Regular
BTCUSDT,2025-07-22 00:00:00.000,0.0001,117331.09485145,Regular
BTCUSDT,2025-07-22 08:00:00.010,0.0001,117959.50000000,Regular
BTCUSDT,2025-07-22 16:00:00.007,0.0001,118899.80000000,Regular
BTCUSDT,2025-07-23 00:00:00.000,0.0001,119993.70000000,Regular
BTCUSDT,2025-07-23 08:00:00.004,0.0001,118327.36687681,Regular
BTCUSDT,2025-07-23 16:00:00.002,0.0001,118531.00000000,Regular
BTCUSDT,2025-07-24 00:00:00.000,0.0001,118713.50000000,Regular
BTCUSDT,2025-07-24 08:00:00.001,0.0001,118368.00000000,Regular
BTCUSDT,2025-07-24 16:00:00.000,0.0001,119074.10000000,Regular
BTCUSDT,2025-07-25 00:00:00.000,0.0001,118283.40000000,Regular
BTCUSDT,2025-07-25 08:00:00.000,0.0001,115314.35953986,Regular
BTCUSDT,2025-07-25 16:00:00.000,0.0001,115691.05080797,Regular
BTCUSDT,2025-07-26 00:00:00.001,0.0001,117588.55875092,Regular
BTCUSDT,2025-07-26 08:00:00.005,0.0001,117288.73869928,Regular
BTCUSDT,2025-07-26 16:00:00.001,0.0001,118112.87820652,Regular
BTCUSDT,2025-07-27 00:00:00.001,0.0001,117889.30000000,Regular
BTCUSDT,2025-07-27 08:00:00.000,0.0001,118087.08156884,Regular
BTCUSDT,2025-07-27 16:00:00.008,0.0001,118580.80000000,Regular
BTCUSDT,2025-07-28 00:00:00.005,0.0001,119419.44478261,Regular
BTCUSDT,2025-07-28 08:00:00.000,0.0001,118886.24443841,Regular
BTCUSDT,2025-07-28 16:00:00.000,0.0001,118158.66325758,Regular
BTCUSDT,2025-07-29 00:00:00.001,0.0001,118041.86715530,Regular
BTCUSDT,2025-07-29 08:00:00.000,0.0001,118856.30000000,Regular
BTCUSDT,2025-07-29 16:00:00.000,0.0001,117351.43826812,Regular
BTCUSDT,2025-07-30 00:00:00.011,0.0001,117904.12262319,Regular
BTCUSDT,2025-07-30 08:00:00.000,0.0001,118083.20000000,Regular
BTCUSDT,2025-07-30 16:00:00.008,0.0001,117949.90000000,Regular
BTCUSDT,2025-07-31 00:00:00.000,5.694e-05,117772.92036957,Regular
BTCUSDT,2025-07-31 08:00:00.009,0.0001,118624.00000000,Regular
BTCUSDT,2025-07-31 16:00:00.000,0.0001,118263.69556522,Regular
BTCUSDT,2025-08-01 00:00:00.001,-1.408e-05,115702.16776087,Regular
BTCUSDT,2025-08-01 08:00:00.003,1.549e-05,115035.53571377,Regular
BTCUSDT,2025-08-01 16:00:00.000,5.681e-05,115305.30000000,Regular
BTCUSDT,2025-08-02 00:00:00.004,4.81e-05,113244.70000000,Regular
BTCUSDT,2025-08-02 08:00:00.000,8.94e-06,113920.40738768,Regular
BTCUSDT,2025-08-02 16:00:00.000,4.437e-05,112798.50000000,Regular
BTCUSDT,2025-08-03 00:00:00.000,5.633e-05,112509.76593841,Regular
BTCUSDT,2025-08-03 08:00:00.000,4.533e-05,113647.10000000,Regular
BTCUSDT,2025-08-03 16:00:00.003,7.504e-05,113905.36980217,Regular
BTCUSDT,2025-08-04 00:00:00.004,4.188e-05,114150.84958333,Regular
BTCUSDT,2025-08-04 08:00:00.000,5.719e-05,114606.90000000,Regular
BTCUSDT,2025-08-04 16:00:00.002,3.912e-05,114774.55804710,Regular
BTCUSDT,2025-08-05 00:00:00.000,7.101e-05,115002.10000000,Regular
BTCUSDT,2025-08-05 08:00:00.000,8.589e-05,113924.70000000,Regular
BTCUSDT,2025-08-05 16:00:00.000,4.784e-05,112890.03634109,Regular
BTCUSDT,2025-08-06 00:00:00.005,5.172e-05,114077.36580435,Regular
BTCUSDT,2025-08-06 08:00:00.000,9.275e-05,114180.50319380,Regular
BTCUSDT,2025-08-06 16:00:00.000,8.288e-05,115389.84358140,Regular
BTCUSDT,2025-08-07 00:00:00.003,4.843e-05,114945.22391860,Regular
BTCUSDT,2025-08-07 08:00:00.002,7.574e-05,114751.20000000,Regular
BTCUSDT,2025-08-07 16:00:00.002,6.275e-05,116634.60000000,Regular
BTCUSDT,2025-08-08 00:00:00.002,2.403e-05,117419.90000000,Regular
BTCUSDT,2025-08-08 08:00:00.004,1.729e-05,116773.12222500,Regular
BTCUSDT,2025-08-08 16:00:00.000,7.973e-05,116170.72810417,Regular
BTCUSDT,2025-08-09 00:00:00.005,8.835e-05,116628.20000000,Regular
BTCUSDT,2025-08-09 08:00:00.000,9.087e-05,116703.20000000,Regular
BTCUSDT,2025-08-09 16:00:00.007,5.151e-05,116839.01276667,Regular
BTCUSDT,2025-08-10 00:00:00.003,9.849e-05,116422.00000000,Regular
BTCUSDT,2025-08-10 08:00:00.005,0.0001,117770.10000000,Regular
BTCUSDT,2025-08-10 16:00:00.002,0.0001,118773.19905000,Regular
BTCUSDT,2025-08-11 00:00:00.000,0.0001,119255.30000000,Regular
BTCUSDT,2025-08-11 08:00:00.000,0.0001,121533.48500000,Regular
BTCUSDT,2025-08-11 16:00:00.000,0.0001,120276.94746739,Regular
BTCUSDT,2025-08-12 00:00:00.000,0.0001,118642.12869203,Regular
BTCUSDT,2025-08-12 08:00:00.001,7.988e-05,118931.90000000,Regular
BTCUSDT,2025-08-12 16:00:00.005,8.543e-05,119887.90000000,Regular
BTCUSDT,2025-08-13 00:00:00.000,7.123e-05,120081.00000000,Regular
BTCUSDT,2025-08-13 08:00:00.002,0.0001,119546.71040942,Regular
BTCUSDT,2025-08-13 16:00:00.006,0.0001,120907.16175725,Regular
BTCUSDT,2025-08-14 00:00:00.002,0.0001,123324.00000000,Regular
BTCUSDT,2025-08-14 08:00:00.003,0.0001,121739.29889855,Regular
BTCUSDT,2025-08-14 16:00:00.000,0.0001,118206.50000000,Regular
BTCUSDT,2025-08-15 00:00:00.000,1.939e-05,118245.12016304,Regular
BTCUSDT,2025-08-15 08:00:00.000,7.99e-05,118908.40000000,Regular
BTCUSDT,2025-08-15 16:00:00.000,3.722e-05,117224.26810507,Regular
BTCUSDT,2025-08-16 00:00:00.004,8.85e-05,117282.05060833,Regular
BTCUSDT,2025-08-16 08:00:00.000,8.268e-05,117543.60000000,Regular
BTCUSDT,2025-08-16 16:00:00.002,9.023e-05,117626.90000000,Regular
BTCUSDT,2025-08-17 00:00:00.000,8.206e-05,117333.60187083,Regular
BTCUSDT,2025-08-17 08:00:00.001,4.68e-05,117949.90000000,Regular
BTCUSDT,2025-08-17 16:00:00.007,1.862e-05,118193.93730833,Regular
BTCUSDT,2025-08-18 00:00:00.000,2.846e-05,117358.84539167,Regular
BTCUSDT,2025-08-18 08:00:00.001,-6.82e-06,115153.20000000,Regular
BTCUSDT,2025-08-18 16:00:00.002,5.296e-05,116099.90000000,Regular
BTCUSDT,2025-08-19 00:00:00.000,7.137e-05,116183.60000000,Regular
BTCUSDT,2025-08-19 08:00:00.001,6.262e-05,114928.80000000,Regular
BTCUSDT,2025-08-19 16:00:00.000,3.167e-05,113730.00000000,Regular
BTCUSDT,2025-08-20 00:00:00.000,4.543e-05,112829.16656522,Regular
BTCUSDT,2025-08-20 08:00:00.000,1.364e-05,113436.70000000,Regular
BTCUSDT,2025-08-20 16:00:00.000,4.936e-05,113293.10000000,Regular
BTCUSDT,2025-08-21 00:00:00.006,1.143e-05,114221.25347464,Regular
BTCUSDT,2025-08-21 08:00:00.000,7.757e-05,113836.80000000,Regular
BTCUSDT,2025-08-21 16:00:00.003,7.414e-05,112748.90000000,Regular
BTCUSDT,2025-08-22 00:00:00.010,7.296e-05,112461.50000000,Regular
BTCUSDT,2025-08-22 08:00:00.007,0.0001,113040.10000000,Regular
BTCUSDT,2025-08-22 16:00:00.001,5.867e-05,116319.30000000,Regular
BTCUSDT,2025-08-23 00:00:00.004,0.0001,116897.50000000,Regular
BTCUSDT,2025-08-23 08:00:00.006,0.0001,115769.90000000,Regular
BTCUSDT,2025-08-23 16:00:00.000,9.711e-05,114778.21648188,Regular
BTCUSDT,2025-08-24 00:00:00.001,0.0001,115377.10000000,Regular
BTCUSDT,2025-08-24 08:00:00.002,0.0001,114854.80000000,Regular
BTCUSDT,2025-08-24 16:00:00.001,0.0001,114374.99972826,Regular
BTCUSDT,2025-08-25 00:00:00.000,0.0001,113446.30000000,Regular
BTCUSDT,2025-08-25 08:00:00.002,0.0001,111472.55518478,Regular
BTCUSDT,2025-08-25 16:00:00.002,8.344e-05,112139.10000000,Regular
BTCUSDT,2025-08-26 00:00:00.000,4.522e-05,110064.58160507,Regular
BTCUSDT,2025-08-26 08:00:00.000,3.9e-05,110246.49650362,Regular
BTCUSDT,2025-08-26 16:00:00.000,0.0001,109634.08811594,Regular
BTCUSDT,2025-08-27 00:00:00.003,1.802e-05,111709.90000000,Regular
BTCUSDT,2025-08-27 08:00:00.000,5.503e-05,110688.00000000,Regular
BTCUSDT,2025-08-27 16:00:00.009,3.496e-05,111965.10000000,Regular
BTCUSDT,2025-08-28 00:00:00.000,5.297e-05,111207.83953261,Regular
BTCUSDT,2025-08-28 08:00:00.005,9.693e-05,113079.30000000,Regular
BTCUSDT,2025-08-28 16:00:00.004,7.512e-05,112642.41909420,Regular
BTCUSDT,2025-08-29 00:00:00.000,4.261e-05,112509.45998913,Regular
BTCUSDT,2025-08-29 08:00:00.000,5.856e-05,109989.38102899,Regular
BTCUSDT,2025-08-29 16:00:00.005,6.44e-06,108340.72792754,Regular
BTCUSDT,2025-08-30 00:00:00.000,7.523e-05,108332.40000000,Regular
BTCUSDT,2025-08-30 08:00:00.002,7.979e-05,108466.70000000,Regular
BTCUSDT,2025-08-30 16:00:00.003,8.042e-05,108830.00000000,Regular
BTCUSDT,2025-08-31 00:00:00.016,-1.232e-05,108758.15376812,Regular
BTCUSDT,2025-08-31 08:00:00.000,4.749e-05,108658.20000000,Regular
BTCUSDT,2025-08-31 16:00:00.001,0.0001,108763.86765217,Regular
BTCUSDT,2025-09-01 00:00:00.000,4.66e-05,108208.30000000,Regular
BTCUSDT,2025-09-01 08:00:00.000,0.0001,109367.80000000,Regular
BTCUSDT,2025-09-01 16:00:00.001,4.963e-05,108737.90000000,Regular
BTCUSDT,2025-09-02 00:00:00.000,6.946e-05,109193.10473913,Regular
BTCUSDT,2025-09-02 08:00:00.005,8.805e-05,110190.10000000,Regular
BTCUSDT,2025-09-02 16:00:00.007,6.356e-05,110789.90000000,Regular
BTCUSDT,2025-09-03 00:00:00.006,7.67e-06,111189.75470652,Regular
BTCUSDT,2025-09-03 08:00:00.002,5.127e-05,111045.87517029,Regular
BTCUSDT,2025-09-03 16:00:00.002,2.344e-05,112171.59743478,Regular
BTCUSDT,2025-09-04 00:00:00.002,1.808e-05,111664.20931522,Regular
BTCUSDT,2025-09-04 08:00:00.000,4.385e-05,110417.30000000,Regular
BTCUSDT,2025-09-04 16:00:00.000,7.941e-05,109464.10000000,Regular
BTCUSDT,2025-09-05 00:00:00.001,7.532e-05,110679.50000000,Regular
BTCUSDT,2025-09-05 08:00:00.006,0.0001,112906.33317391,Regular
BTCUSDT,2025-09-05 16:00:00.000,7.872e-05,110672.10000000,Regular
BTCUSDT,2025-09-06 00:00:00.000,1.297e-05,110614.90000000,Regular
BTCUSDT,2025-09-06 08:00:00.005,5.66e-05,110779.90000000,Regular
BTCUSDT,2025-09-06 16:00:00.000,5.11e-05,110324.20000000,Regular
BTCUSDT,2025-09-07 00:00:00.000,1.97e-05,110135.30000000,Regular
BTCUSDT,2025-09-07 08:00:00.000,3.611e-05,110710.80000000,Regular
BTCUSDT,2025-09-07 16:00:00.000,6.969e-05,111280.66566667,Regular
BTCUSDT,2025-09-08 00:00:00.007,9.404e-05,111079.27970290,Regular
BTCUSDT,2025-09-08 08:00:00.000,6.682e-05,111236.40000000,Regular
BTCUSDT,2025-09-08 16:00:00.000,7.311e-05,112574.15101812,Regular
BTCUSDT,2025-09-09 00:00:00.000,3.799e-05,112015.09961957,Regular
BTCUSDT,2025-09-09 08:00:00.000,0.0001,112952.16761594,Regular
BTCUSDT,2025-09-09 16:00:00.000,0.0001,110830.10000000,Regular
BTCUSDT,2025-09-10 00:00:00.000,5.805e-05,111500.00000000,Regular
BTCUSDT,2025-09-10 08:00:00.002,5.026e-05,112503.82111957,Regular
BTCUSDT,2025-09-10 16:00:00.000,0.0001,113795.60000000,Regular
BTCUSDT,2025-09-11 00:00:00.000,5.843e-05,113899.89001087,Regular
BTCUSDT,2025-09-11 08:00:00.000,4.283e-05,114040.00000000,Regular
BTCUSDT,2025-09-11 16:00:00.001,3.326e-05,114133.27146739,Regular
BTCUSDT,2025-09-12 00:00:00.002,6.137e-05,115426.90000000,Regular
BTCUSDT,2025-09-12 08:00:00.001,3.768e-05,115049.00000000,Regular
BTCUSDT,2025-09-12 16:00:00.005,6.891e-05,115064.80000000,Regular
BTCUSDT,2025-09-13 00:00:00.005,-1.554e-05,115978.40000000,Regular
BTCUSDT,2025-09-13 08:00:00.002,2.251e-05,115719.33161349,Regular
BTCUSDT,2025-09-13 16:00:00.000,3.137e-05,115721.30000000,Regular
BTCUSDT,2025-09-14 00:00:00.006,8.182e-05,115865.61246739,Regular
BTCUSDT,2025-09-14 08:00:00.000,4.78e-05,115747.96161957,Regular
BTCUSDT,2025-09-14 16:00:00.001,3.115e-05,115191.27874724,Regular
BTCUSDT,2025-09-15 00:00:00.006,6.207e-05,115227.83664493,Regular
BTCUSDT,2025-09-15 08:00:00.002,8.259e-05,115769.60000000,Regular
BTCUSDT,2025-09-15 16:00:00.001,8.189e-05,114805.44046377,Regular
BTCUSDT,2025-09-16 00:00:00.001,9.97e-06,115300.60000000,Regular
BTCUSDT,2025-09-16 08:00:00.000,6.991e-05,115799.40000000,Regular
BTCUSDT,2025-09-16 16:00:00.000,6.472e-05,115878.00000000,Regular
BTCUSDT,2025-09-17 00:00:00.001,6.972e-05,116747.30000000,Regular
BTCUSDT,2025-09-17 08:00:00.000,8.441e-05,117120.50000000,Regular
BTCUSDT,2025-09-17 16:00:00.003,6.303e-05,115825.10000000,Regular
BTCUSDT,2025-09-18 00:00:00.006,4.941e-05,116402.50000000,Regular
BTCUSDT,2025-09-18 08:00:00.002,8.928e-05,117042.70206159,Regular
BTCUSDT,2025-09-18 16:00:00.000,4.208e-05,117530.20000000,Regular
BTCUSDT,2025-09-19 00:00:00.000,-2.31e-06,117017.51732609,Regular
BTCUSDT,2025-09-19 08:00:00.005,2.109e-05,116850.10000000,Regular
BTCUSDT,2025-09-19 16:00:00.000,5.264e-05,115827.00000000,Regular
BTCUSDT,2025-09-20 00:00:00.000,3.757e-05,115569.76332609,Regular
BTCUSDT,2025-09-20 08:00:00.000,-2.7e-07,115909.90000000,Regular
BTCUSDT,2025-09-20 16:00:00.002,-1.006e-05,115928.40000000,Regular
BTCUSDT,2025-09-21 00:00:00.000,-5.322e-05,115625.00000000,Regular
BTCUSDT,2025-09-21 08:00:00.000,2.563e-05,115773.32392029,Regular
BTCUSDT,2025-09-21 16:00:00.000,3.742e-05,115473.52326812,Regular
BTCUSDT,2025-09-22 00:00:00.005,6.665e-05,115183.90000000,Regular
BTCUSDT,2025-09-22 08:00:00.003,1.743e-05,112454.24433333,Regular
BTCUSDT,2025-09-22 16:00:00.000,4.838e-05,112768.70000000,Regular
BTCUSDT,2025-09-23 00:00:00.000,7.062e-05,112604.70000000,Regular
BTCUSDT,2025-09-23 08:00:00.001,7.083e-05,113048.10000000,Regular
BTCUSDT,2025-09-23 16:00:00.000,7.478e-05,112829.13869565,Regular
BTCUSDT,2025-09-24 00:00:00.003,5.794e-05,111947.10000000,Regular
BTCUSDT,2025-09-24 08:00:00.001,6.267e-05,112544.70000000,Regular
BTCUSDT,2025-09-24 16:00:00.002,4.886e-05,113300.00000000,Regular
BTCUSDT,2025-09-25 00:00:00.000,-2.2e-06,113254.73047826,Regular
BTCUSDT,2025-09-25 08:00:00.001,1.73e-05,111712.21934783,Regular
BTCUSDT,2025-09-25 16:00:00.000,9.56e-05,111546.00679710,Regular
BTCUSDT,2025-09-26 00:00:00.000,3.143e-05,108944.80184783,Regular
BTCUSDT,2025-09-26 08:00:00.000,4.36e-05,109257.30000000,Regular
BTCUSDT,2025-09-26 16:00:00.008,7.716e-05,108983.16757971,Regular
BTCUSDT,2025-09-27 00:00:00.000,-1e-07,109588.74702899,Regular
BTCUSDT,2025-09-27 08:00:00.010,3.425e-05,109354.90000000,Regular
BTCUSDT,2025-09-27 16:00:00.003,7.821e-05,109348.37457246,Regular
BTCUSDT,2025-09-28 00:00:00.000,3.314e-05,109577.33157971,Regular
BTCUSDT,2025-09-28 08:00:00.000,4.976e-05,109468.50000000,Regular
BTCUSDT,2025-09-28 16:00:00.000,5.261e-05,109989.90000000,Regular
BTCUSDT,2025-09-29 00:00:00.000,2.312e-05,112119.60000000,Regular
BTCUSDT,2025-09-29 08:00:00.002,1.304e-05,111814.80000000,Regular
BTCUSDT,2025-09-29 16:00:00.001,3.2e-07,113753.37049275,Regular
BTCUSDT,2025-09-30 00:00:00.002,2.353e-05,114261.57750000,Regular
BTCUSDT,2025-09-30 08:00:00.005,5.893e-05,113662.30000000,Regular
BTCUSDT,2025-09-30 16:00:00.000,2.584e-05,113055.50000000,Regular
BTCUSDT,2025-10-01 00:00:00.000,3.355e-05,113988.70000000,Regular
BTCUSDT,2025-10-01 08:00:00.000,3.457e-05,114488.84474513,Regular
BTCUSDT,2025-10-01 16:00:00.000,0.0001,117367.03486232,Regular
BTCUSDT,2025-10-02 00:00:00.000,7.784e-05,118553.60000000,Regular
BTCUSDT,2025-10-02 08:00:00.013,0.0001,118444.20000000,Regular
BTCUSDT,2025-10-02 16:00:00.000,9.543e-05,119876.19732609,Regular
BTCUSDT,2025-10-03 00:00:00.006,9.926e-05,120481.30000000,Regular
BTCUSDT,2025-10-03 08:00:00.006,0.0001,119620.00000000,Regular
BTCUSDT,2025-10-03 16:00:00.000,0.0001,122240.92339580,Regular
BTCUSDT,2025-10-04 00:00:00.001,0.0001,122182.60000000,Regular
BTCUSDT,2025-10-04 08:00:00.000,0.0001,122274.36980510,Regular
BTCUSDT,2025-10-04 16:00:00.000,8.312e-05,121740.07963043,Regular
BTCUSDT,2025-10-05 00:00:00.000,8.648e-05,122343.20000000,Regular
BTCUSDT,2025-10-05 08:00:00.003,0.0001,124692.50000000,Regular
BTCUSDT,2025-10-05 16:00:00.009,9.566e-05,122753.00000000,Regular
BTCUSDT,2025-10-06 00:00:00.004,7.672e-05,123426.70000000,Regular
BTCUSDT,2025-10-06 08:00:00.002,9.708e-05,123342.94168841,Regular
BTCUSDT,2025-10-06 16:00:00.004,5.831e-05,124946.20000000,Regular
BTCUSDT,2025-10-07 00:00:00.000,0.0001,124619.48490580,Regular
BTCUSDT,2025-10-07 08:00:00.003,8.608e-05,123629.13742754,Regular
BTCUSDT,2025-10-07 16:00:00.000,6.194e-05,121822.13839855,Regular
BTCUSDT,2025-10-08 00:00:00.000,2.542e-05,121286.50000000,Regular
BTCUSDT,2025-10-08 08:00:00.006,0.0001,121555.76018116,Regular
BTCUSDT,2025-10-08 16:00:00.002,5.396e-05,122140.58355072,Regular
BTCUSDT,2025-10-09 00:00:00.001,1.344e-05,123237.94232609,Regular
BTCUSDT,2025-10-09 08:00:00.000,5.35e-05,121847.80000000,Regular
BTCUSDT,2025-10-09 16:00:00.000,1.455e-05,121084.88746377,Regular
BTCUSDT,2025-10-10 00:00:00.005,7.85e-06,121582.79100450,Regular
BTCUSDT,2025-10-10 08:00:00.002,3.879e-05,120878.70000000,Regular
BTCUSDT,2025-10-10 16:00:00.014,1.013e-05,118962.10000000,Regular
BTCUSDT,2025-10-11 00:00:00.000,0.0001,112716.80000000,Regular
BTCUSDT,2025-10-11 08:00:00.003,0.0001,110331.91623913,Regular
BTCUSDT,2025-10-11 16:00:00.000,4.67e-06,111744.40000000,Regular
BTCUSDT,2025-10-12 00:00:00.004,-3.055e-05,110579.10000000,Regular
BTCUSDT,2025-10-12 08:00:00.002,2.865e-05,111468.10053623,Regular
BTCUSDT,2025-10-12 16:00:00.000,-0.00010915,113123.87871739,Regular
BTCUSDT,2025-10-13 00:00:00.003,-3.942e-05,114894.40000000,Regular
BTCUSDT,2025-10-13 08:00:00.002,2.519e-05,115341.80000000,Regular
BTCUSDT,2025-10-13 16:00:00.003,-2.305e-05,114260.80000000,Regular
BTCUSDT,2025-10-14 00:00:00.000,-4.041e-05,115112.00000000,Regular
BTCUSDT,2025-10-14 08:00:00.000,7.12e-06,111677.04921014,Regular
BTCUSDT,2025-10-14 16:00:00.000,-4.498e-05,112817.34618841,Regular
BTCUSDT,2025-10-15 00:00:00.006,-5.425e-05,112984.75726812,Regular
BTCUSDT,2025-10-15 08:00:00.002,3.973e-05,112526.11848551,Regular
BTCUSDT,2025-10-15 16:00:00.000,2.25e-06,110757.40000000,Regular
BTCUSDT,2025-10-16 00:00:00.000,-2.741e-05,110701.13593478,Regular
BTCUSDT,2025-10-16 08:00:00.003,-2.23e-05,110526.82160145,Regular
BTCUSDT,2025-10-16 16:00:00.002,-3.004e-05,108493.60663043,Regular
BTCUSDT,2025-10-17 00:00:00.001,-2.85e-06,108132.22237681,Regular
BTCUSDT,2025-10-17 08:00:00.005,-6.34e-06,105578.30000000,Regular
BTCUSDT,2025-10-17 16:00:00.003,-2.91e-06,106764.91873188,Regular
BTCUSDT,2025-10-18 00:00:00.000,-4.819e-05,106378.67421014,Regular
BTCUSDT,2025-10-18 08:00:00.002,-6.376e-05,106642.86139855,Regular
BTCUSDT,2025-10-18 16:00:00.001,-3.681e-05,106896.91817391,Regular
BTCUSDT,2025-10-19 00:00:00.001,-1.411e-05,107117.50000000,Regular
BTCUSDT,2025-10-19 08:00:00.001,1.512e-05,106733.30000000,Regular
BTCUSDT,2025-10-19 16:00:00.001,2.787e-05,108434.79640580,Regular
BTCUSDT,2025-10-20 00:00:00.004,-2.197e-05,108590.70000000,Regular
BTCUSDT,2025-10-20 08:00:00.001,-6.65e-06,111144.51395652,Regular
BTCUSDT,2025-10-20 16:00:00.000,-1.8e-07,111079.20000000,Regular
BTCUSDT,2025-10-21 00:00:00.009,-5.567e-05,110469.90000000,Regular
BTCUSDT,2025-10-21 08:00:00.000,2.222e-05,108040.11896377,Regular
BTCUSDT,2025-10-21 16:00:00.000,-2.506e-05,113355.30000000,Regular
BTCUSDT,2025-10-22 00:00:00.004,-4.212e-05,108256.95482609,Regular
BTCUSDT,2025-10-22 08:00:00.000,2.445e-05,108285.03557721,Regular
BTCUSDT,2025-10-22 16:00:00.000,5.702e-05,108375.00509420,Regular
BTCUSDT,2025-10-23 00:00:00.000,8.911e-05,107532.00000000,Regular
BTCUSDT,2025-10-23 08:00:00.001,2.673e-05,109229.94089130,Regular
BTCUSDT,2025-10-23 16:00:00.004,3.933e-05,109849.00000000,Regular
BTCUSDT,2025-10-24 00:00:00.000,3.391e-05,110032.13344928,Regular
BTCUSDT,2025-10-24 08:00:00.000,1.783e-05,111014.12165942,Regular
BTCUSDT,2025-10-24 16:00:00.009,3.224e-05,110009.80000000,Regular
BTCUSDT,2025-10-25 00:00:00.000,5.02e-05,110965.34494203,Regular
BTCUSDT,2025-10-25 08:00:00.001,1.484e-05,111445.40000000,Regular
BTCUSDT,2025-10-25 16:00:00.001,5.57e-05,111341.17806667,Regular
BTCUSDT,2025-10-26 00:00:00.001,1.903e-05,111593.32939130,Regular
BTCUSDT,2025-10-26 08:00:00.001,5.35e-06,111672.90000000,Regular
BTCUSDT,2025-10-26 16:00:00.000,6.904e-05,113651.89706522,Regular
BTCUSDT,2025-10-27 00:00:00.000,0.0001,114505.72468116,Regular
BTCUSDT,2025-10-27 08:00:00.005,0.0001,115522.40000000,Regular
BTCUSDT,2025-10-27 16:00:00.000,7.304e-05,114914.50000000,Regular
BTCUSDT,2025-10-28 00:00:00.000,6.059e-05,114064.10000000,Regular
BTCUSDT,2025-10-28 08:00:00.000,7.806e-05,114132.87629710,Regular
BTCUSDT,2025-10-28 16:00:00.004,2.992e-05,114580.10000000,Regular
BTCUSDT,2025-10-29 00:00:00.004,-3.2e-07,112841.11893478,Regular
BTCUSDT,2025-10-29 08:00:00.005,3.588e-05,113512.00000000,Regular
BTCUSDT,2025-10-29 16:00:00.000,5.003e-05,111460.60000000,Regular
BTCUSDT,2025-10-30 00:00:00.004,1.097e-05,109985.95808696,Regular
BTCUSDT,2025-10-30 08:00:00.008,3.449e-05,111319.33959420,Regular
BTCUSDT,2025-10-30 16:00:00.001,3.562e-05,107670.50000000,Regular
BTCUSDT,2025-10-31 00:00:00.000,2.13e-06,108263.50000000,Regular
BTCUSDT,2025-10-31 08:00:00.008,0.0001,109400.00000000,Regular
BTCUSDT,2025-10-31 16:00:00.007,0.0001,110173.78203623,Regular
BTCUSDT,2025-11-01 00:00:00.001,0.0001,109557.30000000,Regular
BTCUSDT,2025-11-01 08:00:00.000,0.0001,110025.30000000,Regular
BTCUSDT,2025-11-01 16:00:00.000,9.782e-05,110261.90000000,Regular
BTCUSDT,2025-11-02 00:00:00.007,8.2e-05,110051.81800725,Regular
BTCUSDT,2025-11-02 08:00:00.000,8.15e-05,110846.38874638,Regular
BTCUSDT,2025-11-02 16:00:00.001,5.635e-05,110066.10000000,Regular
BTCUSDT,2025-11-03 00:00:00.000,6.098e-05,110497.99736957,Regular
BTCUSDT,2025-11-03 08:00:00.010,6.853e-05,107431.03320290,Regular
BTCUSDT,2025-11-03 16:00:00.000,5.329e-05,105718.80000000,Regular
BTCUSDT,2025-11-04 00:00:00.002,0.0001,106544.00000000,Regular
BTCUSDT,2025-11-04 08:00:00.004,5.808e-05,104446.13108696,Regular
BTCUSDT,2025-11-04 16:00:00.000,6.339e-05,103157.20000000,Regular
BTCUSDT,2025-11-05 00:00:00.000,7.132e-05,101437.30000000,Regular
BTCUSDT,2025-11-05 08:00:00.000,2.831e-05,101946.10000000,Regular
BTCUSDT,2025-11-05 16:00:00.004,2.816e-05,103667.80000000,Regular
BTCUSDT,2025-11-06 00:00:00.001,3.985e-05,103847.34145652,Regular
BTCUSDT,2025-11-06 08:00:00.000,7.916e-05,103144.43398551,Regular
BTCUSDT,2025-11-06 16:00:00.001,4.494e-05,101988.10000000,Regular
BTCUSDT,2025-11-07 00:00:00.005,4.705e-05,101305.60000000,Regular
BTCUSDT,2025-11-07 08:00:00.003,4.227e-05,101978.80000000,Regular
BTCUSDT,2025-11-07 16:00:00.005,8.631e-05,100758.10000000,Regular
BTCUSDT,2025-11-08 00:00:00.011,7.776e-05,103305.20000000,Regular
BTCUSDT,2025-11-08 08:00:00.015,3.047e-05,102314.60379710,Regular
BTCUSDT,2025-11-08 16:00:00.001,3.74e-05,101678.10000000,Regular
BTCUSDT,2025-11-09 00:00:00.004,-1.64e-05,102269.20000000,Regular
BTCUSDT,2025-11-09 08:00:00.000,4.187e-05,101898.20000000,Regular
BTCUSDT,2025-11-09 16:00:00.005,8.948e-05,103717.85895652,Regular
BTCUSDT,2025-11-10 00:00:00.000,8.87e-05,104670.70000000,Regular
BTCUSDT,2025-11-10 08:00:00.000,7.355e-05,106421.67538406,Regular
BTCUSDT,2025-11-10 16:00:00.003,4.979e-05,105018.03477536,Regular
BTCUSDT,2025-11-11 00:00:00.007,2.818e-05,105966.20000000,Regular
BTCUSDT,2025-11-11 08:00:00.000,-2.775e-05,104737.00000000,Regular
BTCUSDT,2025-11-11 16:00:00.009,5.823e-05,103421.01242754,Regular
BTCUSDT,2025-11-12 00:00:00.000,2.462e-05,103007.53711594,Regular
BTCUSDT,2025-11-12 08:00:00.002,6.87e-06,103070.02844928,Regular
BTCUSDT,2025-11-12 16:00:00.000,5.786e-05,102156.97811594,Regular
BTCUSDT,2025-11-13 00:00:00.002,1.077e-05,101605.90000000,Regular
BTCUSDT,2025-11-13 08:00:00.000,9.352e-05,103431.00000000,Regular
BTCUSDT,2025-11-13 16:00:00.001,7.448e-05,101343.98608696,Regular
BTCUSDT,2025-11-14 00:00:00.000,8.569e-05,99663.82278986,Regular
BTCUSDT,2025-11-14 08:00:00.000,9.126e-05,97102.43884783,Regular
BTCUSDT,2025-11-14 16:00:00.001,9.078e-05,96752.60000000,Regular
BTCUSDT,2025-11-15 00:00:00.005,8.507e-05,94544.90000000,Regular
BTCUSDT,2025-11-15 08:00:00.000,0.0001,96292.37823188,Regular
BTCUSDT,2025-11-15 16:00:00.001,5.923e-05,96222.20000000,Regular
BTCUSDT,2025-11-16 00:00:00.001,7.745e-05,95560.30000000,Regular
BTCUSDT,2025-11-16 08:00:00.000,0.0001,96065.30980435,Regular
BTCUSDT,2025-11-16 16:00:00.000,7.06e-05,94526.60000000,Regular
BTCUSDT,2025-11-17 00:00:00.003,0.0001,94234.43224638,Regular
BTCUSDT,2025-11-17 08:00:00.003,9.568e-05,95599.53695652,Regular
BTCUSDT,2025-11-17 16:00:00.000,7.208e-05,93917.48474513,Regular
BTCUSDT,2025-11-18 00:00:00.002,0.0001,92169.70000000,Regular
BTCUSDT,2025-11-18 08:00:00.004,0.0001,90463.52234058,Regular
BTCUSDT,2025-11-18 16:00:00.000,3.725e-05,92856.83807346,Regular
BTCUSDT,2025-11-19 00:00:00.000,7.496e-05,92916.90000000,Regular
BTCUSDT,2025-11-19 08:00:00.000,5.012e-05,91831.80035507,Regular
BTCUSDT,2025-11-19 16:00:00.008,3.98e-05,89905.19610145,Regular
BTCUSDT,2025-11-20 00:00:00.000,4.259e-05,91522.33241304,Regular
BTCUSDT,2025-11-20 08:00:00.000,0.0001,92268.56732609,Regular
BTCUSDT,2025-11-20 16:00:00.000,8.999e-05,89845.80000000,Regular
BTCUSDT,2025-11-21 00:00:00.001,4.272e-05,86603.55317391,Regular
BTCUSDT,2025-11-21 08:00:00.000,4.524e-05,84022.86960870,Regular
BTCUSDT,2025-11-21 16:00:00.001,2.642e-05,82896.50000000,Regular
BTCUSDT,2025-11-22 00:00:00.004,1.373e-05,85093.50000000,Regular
BTCUSDT,2025-11-22 08:00:00.000,6.735e-05,84537.30000000,Regular
BTCUSDT,2025-11-22 16:00:00.000,5.057e-05,84241.49595652,Regular
BTCUSDT,2025-11-23 00:00:00.000,3.812e-05,84691.12791304,Regular
BTCUSDT,2025-11-23 08:00:00.008,1.53e-06,85745.86332609,Regular
BTCUSDT,2025-11-23 16:00:00.003,-8.93e-06,87043.56694928,Regular
BTCUSDT,2025-11-24 00:00:00.004,-6e-08,86807.60000000,Regular
BTCUSDT,2025-11-24 08:00:00.000,-1.34e-06,87004.60000000,Regular
BTCUSDT,2025-11-24 16:00:00.006,5.044e-05,86571.90668116,Regular
BTCUSDT,2025-11-25 00:00:00.000,-5.29e-05,88247.84814093,Regular
BTCUSDT,2025-11-25 08:00:00.009,1.996e-05,87362.20000000,Regular
BTCUSDT,2025-11-25 16:00:00.007,-3.019e-05,86946.50000000,Regular
BTCUSDT,2025-11-26 00:00:00.001,4.038e-05,87324.10000000,Regular
BTCUSDT,2025-11-26 08:00:00.001,5.388e-05,87897.61326087,Regular
BTCUSDT,2025-11-26 16:00:00.000,-4.19e-06,86926.52760145,Regular
BTCUSDT,2025-11-27 00:00:00.013,-2.599e-05,90440.10000000,Regular
BTCUSDT,2025-11-27 08:00:00.000,2.408e-05,91362.62505797,Regular
BTCUSDT,2025-11-27 16:00:00.004,4.624e-05,90913.00000000,Regular
BTCUSDT,2025-11-28 00:00:00.008,1.771e-05,91292.57118441,Regular
BTCUSDT,2025-11-28 08:00:00.000,6.007e-05,90877.60000000,Regular
BTCUSDT,2025-11-28 16:00:00.008,-1.703e-05,92310.68880810,Regular
BTCUSDT,2025-11-29 00:00:00.000,-1.982e-05,90847.80000000,Regular
BTCUSDT,2025-11-29 08:00:00.005,1.778e-05,90523.50000000,Regular
BTCUSDT,2025-11-29 16:00:00.001,2.635e-05,91029.90000000,Regular
BTCUSDT,2025-11-30 00:00:00.003,6.082e-05,90765.00000000,Regular
BTCUSDT,2025-11-30 08:00:00.000,3.556e-05,90924.60000000,Regular
BTCUSDT,2025-11-30 16:00:00.004,3.88e-05,91411.40000000,Regular
BTCUSDT,2025-12-01 00:00:00.000,3.593e-05,90327.18313043,Regular
BTCUSDT,2025-12-01 08:00:00.004,3.153e-05,86498.90961019,Regular
BTCUSDT,2025-12-01 16:00:00.000,1.491e-05,84650.79218841,Regular
BTCUSDT,2025-12-02 00:00:00.004,-1.009e-05,86251.64706522,Regular
BTCUSDT,2025-12-02 08:00:00.000,2.643e-05,86967.63789167,Regular
BTCUSDT,2025-12-02 16:00:00.000,3.999e-05,90816.89870290,Regular
BTCUSDT,2025-12-03 00:00:00.000,-1.732e-05,91249.10000000,Regular
BTCUSDT,2025-12-03 08:00:00.000,4.206e-05,92970.00000000,Regular
BTCUSDT,2025-12-03 16:00:00.005,-8.85e-06,92333.85671014,Regular
BTCUSDT,2025-12-04 00:00:00.012,-3.95e-06,93381.85158696,Regular
BTCUSDT,2025-12-04 08:00:00.000,7.435e-05,93361.06881884,Regular
BTCUSDT,2025-12-04 16:00:00.011,3.928e-05,92945.25542029,Regular
BTCUSDT,2025-12-05 00:00:00.000,4.837e-05,92036.81684783,Regular
BTCUSDT,2025-12-05 08:00:00.000,4.944e-05,92219.30000000,Regular
BTCUSDT,2025-12-05 16:00:00.010,3.91e-06,90414.13929710,Regular
BTCUSDT,2025-12-06 00:00:00.001,3.693e-05,89288.87393478,Regular
BTCUSDT,2025-12-06 08:00:00.001,1.919e-05,89549.60000000,Regular
BTCUSDT,2025-12-06 16:00:00.008,-1.822e-05,89713.40000000,Regular
BTCUSDT,2025-12-07 00:00:00.000,4.192e-05,89190.20000000,Regular
BTCUSDT,2025-12-07 08:00:00.004,1.666e-05,89337.94880435,Regular
BTCUSDT,2025-12-07 16:00:00.000,5.212e-05,89509.46367391,Regular
BTCUSDT,2025-12-08 00:00:00.000,-5.39e-06,90347.07469565,Regular
BTCUSDT,2025-12-08 08:00:00.000,6.545e-05,91519.80000000,Regular
BTCUSDT,2025-12-08 16:00:00.001,3.395e-05,89921.35480435,Regular
BTCUSDT,2025-12-09 00:00:00.001,8.52e-06,90610.70000000,Regular
BTCUSDT,2025-12-09 08:00:00.001,6.379e-05,90437.50000000,Regular
BTCUSDT,2025-12-09 16:00:00.007,5.443e-05,92667.54021739,Regular
BTCUSDT,2025-12-10 00:00:00.007,2.777e-05,92638.30000000,Regular
BTCUSDT,2025-12-10 08:00:00.002,1.996e-05,92744.70000000,Regular
BTCUSDT,2025-12-10 16:00:00.012,3.205e-05,92029.50025362,Regular
BTCUSDT,2025-12-11 00:00:00.001,2.59e-05,91981.25991304,Regular
BTCUSDT,2025-12-11 08:00:00.000,-1.577e-05,90231.40000000,Regular
BTCUSDT,2025-12-11 16:00:00.000,6.1e-05,89838.70794203,Regular
BTCUSDT,2025-12-12 00:00:00.005,6.914e-05,92479.80000000,Regular
BTCUSDT,2025-12-12 08:00:00.007,4.698e-05,92392.37302174,Regular
BTCUSDT,2025-12-12 16:00:00.002,3.383e-05,89905.28170290,Regular
BTCUSDT,2025-12-13 00:00:00.001,1.21e-06,90229.70000000,Regular
BTCUSDT,2025-12-13 08:00:00.006,6.02e-05,90282.74673913,Regular
BTCUSDT,2025-12-13 16:00:00.000,6.041e-05,90055.40000000,Regular
BTCUSDT,2025-12-14 00:00:00.000,0.0001,90197.00000000,Regular
BTCUSDT,2025-12-14 08:00:00.003,2.898e-05,90205.00000000,Regular
BTCUSDT,2025-12-14 16:00:00.005,3.773e-05,88985.20000000,Regular
BTCUSDT,2025-12-15 00:00:00.000,1.9e-06,88108.10000000,Regular
BTCUSDT,2025-12-15 08:00:00.000,-8.93e-06,89703.00000000,Regular
BTCUSDT,2025-12-15 16:00:00.000,3.081e-05,86995.88862819,Regular
BTCUSDT,2025-12-16 00:00:00.002,7.467e-05,86389.99156522,Regular
BTCUSDT,2025-12-16 08:00:00.000,1.35e-05,85964.20000000,Regular
BTCUSDT,2025-12-16 16:00:00.002,4.089e-05,87940.40000000,Regular
BTCUSDT,2025-12-17 00:00:00.004,6.221e-05,87826.30000000,Regular
BTCUSDT,2025-12-17 08:00:00.000,8.987e-05,87010.40000000,Regular
BTCUSDT,2025-12-17 16:00:00.000,5.917e-05,87198.30000000,Regular
BTCUSDT,2025-12-18 00:00:00.005,6.23e-05,86206.73265942,Regular
BTCUSDT,2025-12-18 08:00:00.007,-8.67e-06,86787.50000000,Regular
BTCUSDT,2025-12-18 16:00:00.001,8.355e-05,88487.00000000,Regular
BTCUSDT,2025-12-19 00:00:00.000,5.491e-05,85473.71590580,Regular
BTCUSDT,2025-12-19 08:00:00.001,0.0001,87913.90000000,Regular
BTCUSDT,2025-12-19 16:00:00.000,0.0001,87936.18100450,Regular
BTCUSDT,2025-12-20 00:00:00.005,0.0001,88100.05310870,Regular
BTCUSDT,2025-12-20 08:00:00.000,1.234e-05,88239.90000000,Regular
BTCUSDT,2025-12-20 16:00:00.002,7.171e-05,88134.60000000,Regular
BTCUSDT,2025-12-21 00:00:00.000,9.682e-05,88320.80000000,Regular
BTCUSDT,2025-12-21 08:00:00.009,8.873e-05,88141.44790580,Regular
BTCUSDT,2025-12-21 16:00:00.000,3.977e-05,88024.70000000,Regular
BTCUSDT,2025-12-22 00:00:00.000,4.389e-05,88621.30000000,Regular
BTCUSDT,2025-12-22 08:00:00.005,4.524e-05,89132.42109420,Regular
BTCUSDT,2025-12-22 16:00:00.009,6.654e-05,89688.50000000,Regular
BTCUSDT,2025-12-23 00:00:00.000,2.633e-05,88579.90000000,Regular
BTCUSDT,2025-12-23 08:00:00.000,5.231e-05,87531.60234783,Regular
BTCUSDT,2025-12-23 16:00:00.001,1.795e-05,87407.18552899,Regular
BTCUSDT,2025-12-24 00:00:00.001,0.0001,87463.00000000,Regular
BTCUSDT,2025-12-24 08:00:00.001,8.455e-05,86866.40000000,Regular
BTCUSDT,2025-12-24 16:00:00.000,5.927e-05,87017.48463043,Regular
BTCUSDT,2025-12-25 00:00:00.000,5.953e-05,87627.30000000,Regular
BTCUSDT,2025-12-25 08:00:00.001,7.953e-05,87795.90000000,Regular
BTCUSDT,2025-12-25 16:00:00.005,8.322e-05,88327.20000000,Regular
BTCUSDT,2025-12-26 00:00:00.004,4.378e-05,87185.69548551,Regular
BTCUSDT,2025-12-26 08:00:00.001,5.427e-05,88433.00000000,Regular
BTCUSDT,2025-12-26 16:00:00.007,0.0001,87100.00000000,Regular
BTCUSDT,2025-12-27 00:00:00.000,1.809e-05,87330.06670840,Regular
BTCUSDT,2025-12-27 08:00:00.000,2.788e-05,87490.90000000,Regular
BTCUSDT,2025-12-27 16:00:00.011,5.85e-05,87510.20000000,Regular
BTCUSDT,2025-12-28 00:00:00.008,-3.6e-07,87831.96938406,Regular
BTCUSDT,2025-12-28 08:00:00.000,7.955e-05,87697.84224167,Regular
BTCUSDT,2025-12-28 16:00:00.000,9.464e-05,87797.60000000,Regular
BTCUSDT,2025-12-29 00:00:00.016,0.0001,87920.50000000,Regular
BTCUSDT,2025-12-29 08:00:00.001,0.0001,89583.00000000,Regular
BTCUSDT,2025-12-29 16:00:00.000,4.826e-05,87643.76313043,Regular
BTCUSDT,2025-12-30 00:00:00.005,0.0001,87209.04473188,Regular
BTCUSDT,2025-12-30 08:00:00.001,4.613e-05,87457.50000000,Regular
BTCUSDT,2025-12-30 16:00:00.003,8.345e-05,88966.80000000,Regular
BTCUSDT,2025-12-31 00:00:00.004,2.922e-05,88455.30000000,Regular
BTCUSDT,2025-12-31 08:00:00.001,1.453e-05,88569.00000000,Regular
BTCUSDT,2025-12-31 16:00:00.001,3.75e-05,87909.00000000,Regular
BTCUSDT,2026-01-01 00:00:00.008,0.0001,87608.30000000,Regular
BTCUSDT,2026-01-01 08:00:00.002,0.0001,87603.80894203,Regular
BTCUSDT,2026-01-01 16:00:00.001,1.711e-05,87986.80000000,Regular
BTCUSDT,2026-01-02 00:00:00.006,5.608e-05,88799.90000000,Regular
BTCUSDT,2026-01-02 08:00:00.007,4.219e-05,88829.20000000,Regular
BTCUSDT,2026-01-02 16:00:00.000,4.813e-05,89373.00000000,Regular
BTCUSDT,2026-01-03 00:00:00.001,3.11e-05,89951.89852174,Regular
BTCUSDT,2026-01-03 08:00:00.000,1.055e-05,89535.90000000,Regular
BTCUSDT,2026-01-03 16:00:00.000,6.938e-05,89931.80000000,Regular
BTCUSDT,2026-01-04 00:00:00.000,9.488e-05,90595.85826667,Regular
BTCUSDT,2026-01-04 08:00:00.000,5.813e-05,91481.74876087,Regular
BTCUSDT,2026-01-04 16:00:00.001,4.436e-05,91295.09684783,Regular
BTCUSDT,2026-01-05 00:00:00.000,8.893e-05,91512.43532609,Regular
BTCUSDT,2026-01-05 08:00:00.000,5.23e-05,92492.27911544,Regular
BTCUSDT,2026-01-05 16:00:00.000,7.723e-05,93914.99367316,Regular
BTCUSDT,2026-01-06 00:00:00.010,-1.376e-05,93822.40000000,Regular
BTCUSDT,2026-01-06 08:00:00.000,2.816e-05,93208.62138406,Regular
BTCUSDT,2026-01-06 16:00:00.000,2.691e-05,93608.20000000,Regular
BTCUSDT,2026-01-07 00:00:00.001,6.582e-05,93708.00000000,Regular
BTCUSDT,2026-01-07 08:00:00.001,0.0001,92848.10000000,Regular
BTCUSDT,2026-01-07 16:00:00.001,2.885e-05,91303.20000000,Regular
BTCUSDT,2026-01-08 00:00:00.001,8.693e-05,91328.10000000,Regular
BTCUSDT,2026-01-08 08:00:00.000,0.0001,90509.90000000,Regular
BTCUSDT,2026-01-08 16:00:00.000,6.436e-05,90763.72410870,Regular
BTCUSDT,2026-01-09 00:00:00.003,-2.813e-05,91059.80000000,Regular
BTCUSDT,2026-01-09 08:00:00.000,7.258e-05,90712.20000000,Regular
BTCUSDT,2026-01-09 16:00:00.001,2.18e-06,91137.70000000,Regular
BTCUSDT,2026-01-10 00:00:00.000,5.643e-05,90604.03880833,Regular
BTCUSDT,2026-01-10 08:00:00.002,7.657e-05,90627.10000000,Regular
BTCUSDT,2026-01-10 16:00:00.001,6.235e-05,90622.70000000,Regular
BTCUSDT,2026-01-11 00:00:00.003,8.744e-05,90469.70000000,Regular
BTCUSDT,2026-01-11 08:00:00.006,4.67e-05,90664.86374094,Regular
BTCUSDT,2026-01-11 16:00:00.000,1.667e-05,90834.10000000,Regular
BTCUSDT,2026-01-12 00:00:00.005,1.813e-05,90976.60000000,Regular
BTCUSDT,2026-01-12 08:00:00.000,2.902e-05,91369.30000000,Regular
BTCUSDT,2026-01-12 16:00:00.000,4.65e-05,91625.10000000,Regular
BTCUSDT,2026-01-13 00:00:00.007,2.245e-05,91254.18296377,Regular
BTCUSDT,2026-01-13 08:00:00.009,9.838e-05,91920.87575362,Regular
BTCUSDT,2026-01-13 16:00:00.002,3.445e-05,93407.90000000,Regular
BTCUSDT,2026-01-14 00:00:00.000,1.29e-06,95375.20000000,Regular
BTCUSDT,2026-01-14 08:00:00.001,2.497e-05,95170.48131159,Regular
BTCUSDT,2026-01-14 16:00:00.004,4.076e-05,96691.90000000,Regular
BTCUSDT,2026-01-15 00:00:00.000,-3.67e-06,96908.00000000,Regular
BTCUSDT,2026-01-15 08:00:00.004,1.749e-05,96606.62814493,Regular
BTCUSDT,2026-01-15 16:00:00.002,1.526e-05,96750.47456522,Regular
BTCUSDT,2026-01-16 00:00:00.000,7.34e-05,95567.40000000,Regular
BTCUSDT,2026-01-16 08:00:00.000,7.337e-05,95608.30000000,Regular
BTCUSDT,2026-01-16 16:00:00.001,2.495e-05,94537.50000000,Regular
BTCUSDT,2026-01-17 00:00:00.000,-1.78e-06,95503.70000000,Regular
BTCUSDT,2026-01-17 08:00:00.000,3.007e-05,95061.58289855,Regular
BTCUSDT,2026-01-17 16:00:00.002,2.976e-05,95529.00000000,Regular
BTCUSDT,2026-01-18 00:00:00.001,3.503e-05,95108.62485833,Regular
BTCUSDT,2026-01-18 08:00:00.000,9.616e-05,94989.90000000,Regular
BTCUSDT,2026-01-18 16:00:00.000,6.571e-05,95072.97801667,Regular
BTCUSDT,2026-01-19 00:00:00.007,3.473e-05,93614.00000000,Regular
BTCUSDT,2026-01-19 08:00:00.007,1.943e-05,92788.73004348,Regular
BTCUSDT,2026-01-19 16:00:00.007,2.494e-05,93017.11165217,Regular
BTCUSDT,2026-01-20 00:00:00.005,9.819e-05,92590.59439855,Regular
BTCUSDT,2026-01-20 08:00:00.001,6.626e-05,91136.10000000,Regular
BTCUSDT,2026-01-20 16:00:00.009,5.652e-05,90652.79605072,Regular
BTCUSDT,2026-01-21 00:00:00.001,0.0001,88390.60000000,Regular
BTCUSDT,2026-01-21 08:00:00.011,6.055e-05,89180.30531159,Regular
BTCUSDT,2026-01-21 16:00:00.011,2.41e-05,90237.20000000,Regular
BTCUSDT,2026-01-22 00:00:00.010,6.355e-05,89419.48837681,Regular
BTCUSDT,2026-01-22 08:00:00.003,5.11e-05,89772.50000000,Regular
BTCUSDT,2026-01-22 16:00:00.005,9.419e-05,88978.66202899,Regular
BTCUSDT,2026-01-23 00:00:00.005,5.09e-05,89518.50000000,Regular
BTCUSDT,2026-01-23 08:00:00.000,3.39e-05,89509.13183333,Regular
BTCUSDT,2026-01-23 16:00:00.011,6.968e-05,89713.00000000,Regular
BTCUSDT,2026-01-24 00:00:00.011,1.531e-05,89558.70000000,Regular
BTCUSDT,2026-01-24 08:00:00.002,8.909e-05,89583.14050000,Regular
BTCUSDT,2026-01-24 16:00:00.001,3.901e-05,89237.32462519,Regular
BTCUSDT,2026-01-25 00:00:00.002,1.336e-05,89181.09492029,Regular
BTCUSDT,2026-01-25 08:00:00.011,8.051e-05,88630.90404348,Regular
BTCUSDT,2026-01-25 16:00:00.005,4.917e-05,88406.00000000,Regular
BTCUSDT,2026-01-26 00:00:00.000,4.067e-05,86629.00000000,Regular
BTCUSDT,2026-01-26 08:00:00.003,2.847e-05,87969.00000000,Regular
BTCUSDT,2026-01-26 16:00:00.000,5.606e-05,87609.50000000,Regular
BTCUSDT,2026-01-27 00:00:00.002,4.267e-05,88301.36701449,Regular
BTCUSDT,2026-01-27 08:00:00.000,6.028e-05,88290.49133841,Regular
BTCUSDT,2026-01-27 16:00:00.000,7.503e-05,88009.15772864,Regular
BTCUSDT,2026-01-28 00:00:00.000,6.237e-05,89203.89821739,Regular
BTCUSDT,2026-01-28 08:00:00.000,6.174e-05,89106.90000000,Regular
BTCUSDT,2026-01-28 16:00:00.000,3.83e-05,89446.72848576,Regular
BTCUSDT,2026-01-29 00:00:00.000,7.21e-05,89262.92891304,Regular
BTCUSDT,2026-01-29 08:00:00.009,5.856e-05,88310.90000000,Regular
BTCUSDT,2026-01-29 16:00:00.000,4.023e-05,84898.27826087,Regular
BTCUSDT,2026-01-30 00:00:00.008,4.478e-05,84617.11086232,Regular
BTCUSDT,2026-01-30 08:00:00.000,1.714e-05,82778.82526087,Regular
BTCUSDT,2026-01-30 16:00:00.001,3.1e-06,82853.51839855,Regular
BTCUSDT,2026-01-31 00:00:00.000,9.693e-05,84213.96525362,Regular
BTCUSDT,2026-01-31 08:00:00.001,3.548e-05,83514.40000000,Regular
BTCUSDT,2026-01-31 16:00:00.009,6.585e-05,81275.68205797,Regular
BTCUSDT,2026-02-01 00:00:00.001,-3.267e-05,78701.59597101,Regular
BTCUSDT,2026-02-01 08:00:00.004,3.421e-05,78320.90000000,Regular
BTCUSDT,2026-02-01 16:00:00.000,1.722e-05,77563.80000000,Regular
BTCUSDT,2026-02-02 00:00:00.000,6.8e-07,76931.60000000,Regular
BTCUSDT,2026-02-02 08:00:00.014,-3.043e-05,76609.90000000,Regular
BTCUSDT,2026-02-02 16:00:00.000,-5.713e-05,78800.60000000,Regular
BTCUSDT,2026-02-03 00:00:00.000,-2.203e-05,78698.62801349,Regular
BTCUSDT,2026-02-03 08:00:00.007,2.245e-05,78745.60000000,Regular
BTCUSDT,2026-02-03 16:00:00.000,-4.65e-06,78099.52176087,Regular
BTCUSDT,2026-02-04 00:00:00.002,1.19e-06,75732.40000000,Regular
BTCUSDT,2026-02-04 08:00:00.007,3.551e-05,76478.90000000,Regular
BTCUSDT,2026-02-04 16:00:00.000,4.618e-05,74101.90000000,Regular
BTCUSDT,2026-02-05 00:00:00.011,9.173e-05,73153.90000000,Regular
BTCUSDT,2026-02-05 08:00:00.000,2.98e-06,70710.74360570,Regular
BTCUSDT,2026-02-05 16:00:00.007,-4.957e-05,67455.49563043,Regular
BTCUSDT,2026-02-06 00:00:00.000,-1.597e-05,62887.14150000,Regular
BTCUSDT,2026-02-06 08:00:00.001,-0.00013688,64791.40000000,Regular
BTCUSDT,2026-02-06 16:00:00.000,-0.00013478,68574.00000000,Regular
BTCUSDT,2026-02-07 00:00:00.003,-0.00015178,70544.40000000,Regular
BTCUSDT,2026-02-07 08:00:00.000,-8.326e-05,68067.00000000,Regular
BTCUSDT,2026-02-07 16:00:00.010,-2.907e-05,69122.10000000,Regular
BTCUSDT,2026-02-08 00:00:00.003,-3.403e-05,69254.20000000,Regular
BTCUSDT,2026-02-08 08:00:00.000,-3.546e-05,69667.50000000,Regular
BTCUSDT,2026-02-08 16:00:00.000,-4.864e-05,71152.60000000,Regular
BTCUSDT,2026-02-09 00:00:00.002,-3.075e-05,70304.73338406,Regular
BTCUSDT,2026-02-09 08:00:00.001,1.846e-05,70393.40000000,Regular
BTCUSDT,2026-02-09 16:00:00.007,-4.284e-05,69538.50000000,Regular
BTCUSDT,2026-02-10 00:00:00.000,-8.798e-05,70110.60000000,Regular
BTCUSDT,2026-02-10 08:00:00.007,-4.829e-05,68882.10000000,Regular
BTCUSDT,2026-02-10 16:00:00.000,-8.816e-05,69252.90000000,Regular
BTCUSDT,2026-02-11 00:00:00.000,1.4e-05,68805.30000000,Regular
BTCUSDT,2026-02-11 08:00:00.006,-8.417e-05,67000.00000000,Regular
BTCUSDT,2026-02-11 16:00:00.000,-1.169e-05,66489.40000000,Regular
BTCUSDT,2026-02-12 00:00:00.000,-1.381e-05,67072.20000000,Regular
BTCUSDT,2026-02-12 08:00:00.001,3.499e-05,67200.19716739,Regular
BTCUSDT,2026-02-12 16:00:00.001,-1.728e-05,67103.70000000,Regular
BTCUSDT,2026-02-13 00:00:00.007,5.834e-05,66243.20000000,Regular
BTCUSDT,2026-02-13 08:00:00.003,7.16e-06,66184.59749275,Regular
BTCUSDT,2026-02-13 16:00:00.005,-1.274e-05,68652.40000000,Regular
BTCUSDT,2026-02-14 00:00:00.002,1.291e-05,68853.38406522,Regular
BTCUSDT,2026-02-14 08:00:00.004,3.174e-05,69182.52364493,Regular
BTCUSDT,2026-02-14 16:00:00.002,-3.094e-05,69754.10000000,Regular
BTCUSDT,2026-02-15 00:00:00.000,-1.068e-05,69795.40000000,Regular
BTCUSDT,2026-02-15 08:00:00.002,4.664e-05,70784.00000000,Regular
BTCUSDT,2026-02-15 16:00:00.000,-2.371e-05,69068.10000000,Regular
BTCUSDT,2026-02-16 00:00:00.001,2.659e-05,68798.30000000,Regular
BTCUSDT,2026-02-16 08:00:00.003,-3.277e-05,68554.37742754,Regular
BTCUSDT,2026-02-16 16:00:00.000,-4.112e-05,67505.50000000,Regular
BTCUSDT,2026-02-17 00:00:00.008,5.883e-05,68862.55130435,Regular
BTCUSDT,2026-02-17 08:00:00.001,2.672e-05,68353.40000000,Regular
BTCUSDT,2026-02-17 16:00:00.002,5.077e-05,67363.50000000,Regular
BTCUSDT,2026-02-18 00:00:00.000,3.215e-05,67475.90000000,Regular
BTCUSDT,2026-02-18 08:00:00.000,-1.41e-06,68078.40000000,Regular
BTCUSDT,2026-02-18 16:00:00.011,3.604e-05,67672.63710870,Regular
BTCUSDT,2026-02-19 00:00:00.013,-4.014e-05,66430.40573913,Regular
BTCUSDT,2026-02-19 08:00:00.000,2.686e-05,67182.87271014,Regular
BTCUSDT,2026-02-19 16:00:00.003,-3.052e-05,66367.72373188,Regular
BTCUSDT,2026-02-20 00:00:00.000,5.365e-05,66974.00000000,Regular
BTCUSDT,2026-02-20 08:00:00.000,1.302e-05,67794.70000000,Regular
BTCUSDT,2026-02-20 16:00:00.000,-6.71e-06,67551.95540580,Regular
BTCUSDT,2026-02-21 00:00:00.004,4.456e-05,67988.82876812,Regular
BTCUSDT,2026-02-21 08:00:00.000,2.485e-05,67821.00000000,Regular
BTCUSDT,2026-02-21 16:00:00.005,3.235e-05,68583.28794603,Regular
BTCUSDT,2026-02-22 00:00:00.001,7.3e-06,67958.92213768,Regular
BTCUSDT,2026-02-22 08:00:00.004,4.2e-07,67974.33214493,Regular
BTCUSDT,2026-02-22 16:00:00.000,4.972e-05,67660.00000000,Regular
BTCUSDT,2026-02-23 00:00:00.001,6.946e-05,67613.60000000,Regular
BTCUSDT,2026-02-23 08:00:00.000,-9.317e-05,65915.80000000,Regular
BTCUSDT,2026-02-23 16:00:00.000,2.251e-05,65638.07392029,Regular
BTCUSDT,2026-02-24 00:00:00.007,5.706e-05,64630.15072464,Regular
BTCUSDT,2026-02-24 08:00:00.000,-1.193e-05,63164.80000000,Regular
BTCUSDT,2026-02-24 16:00:00.001,-1.82e-06,63936.83454348,Regular
BTCUSDT,2026-02-25 00:00:00.001,2.375e-05,64031.30000000,Regular
BTCUSDT,2026-02-25 08:00:00.007,3.3e-07,65002.83121739,Regular
BTCUSDT,2026-02-25 16:00:00.000,-9.68e-06,67376.31104348,Regular
BTCUSDT,2026-02-26 00:00:00.000,-1.998e-05,67953.96802174,Regular
BTCUSDT,2026-02-26 08:00:00.006,-1.128e-05,67799.90000000,Regular
BTCUSDT,2026-02-26 16:00:00.002,4.007e-05,67353.40000000,Regular
BTCUSDT,2026-02-27 00:00:00.007,-9.91e-06,67448.50202899,Regular
BTCUSDT,2026-02-27 08:00:00.000,-8.123e-05,67650.26318841,Regular
BTCUSDT,2026-02-27 16:00:00.001,-6.56e-06,66073.37640930,Regular
BTCUSDT,2026-02-28 00:00:00.000,4.041e-05,65839.41943778,Regular
BTCUSDT,2026-02-28 08:00:00.000,-3.727e-05,63790.80000000,Regular
BTCUSDT,2026-02-28 16:00:00.004,-4.305e-05,64801.17139855,Regular
BTCUSDT,2026-03-01 00:00:00.005,-6.88e-06,66952.93531159,Regular
BTCUSDT,2026-03-01 08:00:00.000,4.563e-05,67113.90000000,Regular
BTCUSDT,2026-03-01 16:00:00.002,2.948e-05,66802.60000000,Regular
BTCUSDT,2026-03-02 00:00:00.001,-2.99e-06,65749.90000000,Regular
BTCUSDT,2026-03-02 08:00:00.007,-1.956e-05,65981.30000000,Regular
BTCUSDT,2026-03-02 16:00:00.000,-1.083e-05,69089.10000000,Regular
BTCUSDT,2026-03-03 00:00:00.000,-1.86e-06,68801.80000000,Regular
BTCUSDT,2026-03-03 08:00:00.000,1.437e-05,68138.30000000,Regular
BTCUSDT,2026-03-03 16:00:00.007,1.481e-05,67723.07507496,Regular
BTCUSDT,2026-03-04 00:00:00.001,-5.39e-05,68299.92479710,Regular
BTCUSDT,2026-03-04 08:00:00.005,2.52e-05,69469.27951449,Regular
BTCUSDT,2026-03-04 16:00:00.000,4.683e-05,73345.00000000,Regular
BTCUSDT,2026-03-05 00:00:00.000,3.567e-05,72641.30000000,Regular
BTCUSDT,2026-03-05 08:00:00.000,4.965e-05,72021.33210145,Regular
BTCUSDT,2026-03-05 16:00:00.004,1.74e-06,71608.50000000,Regular
BTCUSDT,2026-03-06 00:00:00.001,1.689e-05,70860.02442029,Regular
BTCUSDT,2026-03-06 08:00:00.001,-3.061e-05,71026.80000000,Regular
BTCUSDT,2026-03-06 16:00:00.004,-2.176e-05,68469.42278261,Regular
BTCUSDT,2026-03-07 00:00:00.001,6.19e-06,68094.46161594,Regular
BTCUSDT,2026-03-07 08:00:00.012,3.525e-05,67809.40000000,Regular
BTCUSDT,2026-03-07 16:00:00.001,-4.217e-05,67844.90000000,Regular
BTCUSDT,2026-03-08 00:00:00.001,-4.496e-05,67232.20000000,Regular
BTCUSDT,2026-03-08 08:00:00.000,-1.115e-05,67287.74237681,Regular
BTCUSDT,2026-03-08 16:00:00.002,-2.868e-05,67176.51471014,Regular
BTCUSDT,2026-03-09 00:00:00.000,-5.77e-05,65935.34171664,Regular
BTCUSDT,2026-03-09 08:00:00.004,-4.579e-05,67505.08897101,Regular
BTCUSDT,2026-03-09 16:00:00.003,-3.431e-05,68842.62088406,Regular
BTCUSDT,2026-03-10 00:00:00.012,-2.394e-05,68398.94584783,Regular
BTCUSDT,2026-03-10 08:00:00.002,1.23e-05,70374.60000000,Regular
BTCUSDT,2026-03-10 16:00:00.001,1.738e-05,71303.55932609,Regular
BTCUSDT,2026-03-11 00:00:00.000,-0.00011052,69906.39643478,Regular
BTCUSDT,2026-03-11 08:00:00.007,-5.252e-05,69622.20000000,Regular
BTCUSDT,2026-03-11 16:00:00.010,-5.824e-05,70186.90000000,Regular
BTCUSDT,2026-03-12 00:00:00.000,-7.802e-05,70150.00000000,Regular
BTCUSDT,2026-03-12 08:00:00.000,-5.392e-05,69793.59004348,Regular
BTCUSDT,2026-03-12 16:00:00.000,-7.381e-05,70285.70086232,Regular
BTCUSDT,2026-03-13 00:00:00.006,-2.789e-05,70487.01187681,Regular
BTCUSDT,2026-03-13 08:00:00.001,4.263e-05,71585.20000000,Regular
BTCUSDT,2026-03-13 16:00:00.000,-6.38e-06,71801.52278986,Regular
BTCUSDT,2026-03-14 00:00:00.001,-3.79e-06,70895.60000000,Regular
BTCUSDT,2026-03-14 08:00:00.000,-3.988e-05,70565.70000000,Regular
BTCUSDT,2026-03-14 16:00:00.007,-4.851e-05,70556.44462101,Regular
BTCUSDT,2026-03-15 00:00:00.000,-1.883e-05,71174.40000000,Regular
BTCUSDT,2026-03-15 08:00:00.000,-6.461e-05,71421.70264618,Regular
BTCUSDT,2026-03-15 16:00:00.000,2.659e-05,71444.50000000,Regular
BTCUSDT,2026-03-16 00:00:00.000,2.513e-05,72778.90000000,Regular
BTCUSDT,2026-03-16 08:00:00.010,7.139e-05,73427.80000000,Regular
BTCUSDT,2026-03-16 16:00:00.000,2.015e-05,73241.19793478,Regular
BTCUSDT,2026-03-17 00:00:00.000,2.41e-06,74854.37298551,Regular
BTCUSDT,2026-03-17 08:00:00.002,-2.505e-05,74212.70000000,Regular
BTCUSDT,2026-03-17 16:00:00.011,-1.26e-05,73882.60358696,Regular
BTCUSDT,2026-03-18 00:00:00.002,-6.569e-05,73872.40000000,Regular
BTCUSDT,2026-03-18 08:00:00.002,-4.813e-05,73840.08823913,Regular
BTCUSDT,2026-03-18 16:00:00.005,2.418e-05,71438.64453523,Regular
BTCUSDT,2026-03-19 00:00:00.000,-9.74e-06,71208.72342754,Regular
BTCUSDT,2026-03-19 08:00:00.003,-3.012e-05,70147.53643478,Regular
BTCUSDT,2026-03-19 16:00:00.003,1.205e-05,69372.70000000,Regular
BTCUSDT,2026-03-20 00:00:00.002,6.25e-06,69895.06080435,Regular
BTCUSDT,2026-03-20 08:00:00.000,7.53e-06,70811.90000000,Regular
BTCUSDT,2026-03-20 16:00:00.000,-2.23e-06,69838.04147826,Regular
BTCUSDT,2026-03-21 00:00:00.000,-1.493e-05,70475.05032609,Regular
BTCUSDT,2026-03-21 08:00:00.000,-7.38e-06,70681.53331884,Regular
BTCUSDT,2026-03-21 16:00:00.014,1.093e-05,70599.10000000,Regular
BTCUSDT,2026-03-22 00:00:00.012,8.06e-06,68881.72855072,Regular
BTCUSDT,2026-03-22 08:00:00.007,-4.425e-05,68884.40000000,Regular
BTCUSDT,2026-03-22 16:00:00.002,-6.837e-05,68819.80918841,Regular
BTCUSDT,2026-03-23 00:00:00.000,-2.079e-05,67834.34094203,Regular
BTCUSDT,2026-03-23 08:00:00.003,-2.863e-05,68290.80000000,Regular
BTCUSDT,2026-03-23 16:00:00.002,1.6e-06,70112.20000000,Regular
BTCUSDT,2026-03-24 00:00:00.000,4.229e-05,70868.68562319,Regular
BTCUSDT,2026-03-24 08:00:00.000,3.675e-05,71264.00000000,Regular
BTCUSDT,2026-03-24 16:00:00.003,3.056e-05,69842.40000000,Regular
BTCUSDT,2026-03-25 00:00:00.000,2.31e-05,70525.82657246,Regular
BTCUSDT,2026-03-25 08:00:00.000,1.074e-05,70899.90000000,Regular
BTCUSDT,2026-03-25 16:00:00.013,4.721e-05,70803.40069565,Regular
BTCUSDT,2026-03-26 00:00:00.001,2.448e-05,71297.60000000,Regular
BTCUSDT,2026-03-26 08:00:00.001,1.379e-05,70053.80000000,Regular
BTCUSDT,2026-03-26 16:00:00.000,-2.103e-05,69060.70000000,Regular
BTCUSDT,2026-03-27 00:00:00.006,2.925e-05,68788.10000000,Regular
BTCUSDT,2026-03-27 08:00:00.000,-6.298e-05,68496.90000000,Regular
BTCUSDT,2026-03-27 16:00:00.000,-5.841e-05,66091.90000000,Regular
BTCUSDT,2026-03-28 00:00:00.005,-8.088e-05,66364.20000000,Regular
BTCUSDT,2026-03-28 08:00:00.005,-7.604e-05,66523.62176812,Regular
BTCUSDT,2026-03-28 16:00:00.000,-1.73e-06,66998.71209420,Regular
BTCUSDT,2026-03-29 00:00:00.003,-3.68e-05,66337.79104948,Regular
BTCUSDT,2026-03-29 08:00:00.001,-1.2e-07,66633.22935507,Regular
BTCUSDT,2026-03-29 16:00:00.000,2.677e-05,66500.00000000,Regular
BTCUSDT,2026-03-30 00:00:00.000,3e-06,65973.40000000,Regular
BTCUSDT,2026-03-30 08:00:00.005,4.92e-06,67596.69581884,Regular
BTCUSDT,2026-03-30 16:00:00.000,7.58e-06,67595.59310345,Regular
BTCUSDT,2026-03-31 00:00:00.000,1.16e-06,66764.40000000,Regular
BTCUSDT,2026-03-31 08:00:00.000,-1.921e-05,67343.90000000,Regular
BTCUSDT,2026-03-31 16:00:00.000,-2.763e-05,66700.00000000,Regular
BTCUSDT,2026-04-01 00:00:00.000,-3.449e-05,68243.29673913,Regular
BTCUSDT,2026-04-01 08:00:00.000,-4.61e-06,68668.60000000,Regular
BTCUSDT,2026-04-01 16:00:00.000,5.77e-06,68876.81806522,Regular
BTCUSDT,2026-04-02 00:00:00.003,3.521e-05,68086.50000000,Regular
BTCUSDT,2026-04-02 08:00:00.001,8.45e-06,66888.20861594,Regular
BTCUSDT,2026-04-02 16:00:00.001,-7.398e-05,66819.54021739,Regular
BTCUSDT,2026-04-03 00:00:00.000,-8.31e-06,66869.74346667,Regular
BTCUSDT,2026-04-03 08:00:00.008,-5.99e-06,67008.70000000,Regular
BTCUSDT,2026-04-03 16:00:00.008,3.51e-06,66809.33805072,Regular
BTCUSDT,2026-04-04 00:00:00.000,3.761e-05,66930.00000000,Regular
BTCUSDT,2026-04-04 08:00:00.003,4.115e-05,66983.97256934,Regular
BTCUSDT,2026-04-04 16:00:00.000,1.651e-05,67357.30000000,Regular
BTCUSDT,2026-04-05 00:00:00.008,2.407e-05,67271.00000000,Regular
BTCUSDT,2026-04-05 08:00:00.000,3.812e-05,66787.40000000,Regular
BTCUSDT,2026-04-05 16:00:00.001,1.889e-05,67278.50018741,Regular
BTCUSDT,2026-04-06 00:00:00.004,7.073e-05,68997.40000000,Regular
BTCUSDT,2026-04-06 08:00:00.001,5.544e-05,69087.63507246,Regular
BTCUSDT,2026-04-06 16:00:00.003,4.23e-06,69925.85927536,Regular
BTCUSDT,2026-04-07 00:00:00.000,-3.15e-06,68822.20000000,Regular
BTCUSDT,2026-04-07 08:00:00.000,3.703e-05,68594.77686657,Regular
BTCUSDT,2026-04-07 16:00:00.000,7.393e-05,68141.01094203,Regular
BTCUSDT,2026-04-08 00:00:00.000,6.02e-05,71907.34283333,Regular
BTCUSDT,2026-04-08 08:00:00.000,1.563e-05,71612.10000000,Regular
BTCUSDT,2026-04-08 16:00:00.006,4.048e-05,71275.77918841,Regular
BTCUSDT,2026-04-09 00:00:00.000,-1.47e-06,71038.10000000,Regular
BTCUSDT,2026-04-09 08:00:00.010,5.239e-05,70945.00000000,Regular
BTCUSDT,2026-04-09 16:00:00.001,-1.986e-05,72108.00000000,Regular
BTCUSDT,2026-04-10 00:00:00.000,4.11e-06,71755.54984058,Regular
BTCUSDT,2026-04-10 08:00:00.005,2.458e-05,71461.20000000,Regular
BTCUSDT,2026-04-10 16:00:00.000,-2.187e-05,72415.70000000,Regular
BTCUSDT,2026-04-11 00:00:00.000,-7.225e-05,72917.40000000,Regular
BTCUSDT,2026-04-11 08:00:00.000,-6.083e-05,72707.70000000,Regular
BTCUSDT,2026-04-11 16:00:00.003,-6.755e-05,72818.86697826,Regular
BTCUSDT,2026-04-12 00:00:00.000,-8.108e-05,73013.40000000,Regular
BTCUSDT,2026-04-12 08:00:00.000,-3.69e-05,71628.10000000,Regular
BTCUSDT,2026-04-12 16:00:00.000,-3.35e-06,70856.20000000,Regular
BTCUSDT,2026-04-13 00:00:00.011,-2.34e-06,70709.40000000,Regular
BTCUSDT,2026-04-13 08:00:00.006,-1.83e-06,70780.10000000,Regular
BTCUSDT,2026-04-13 16:00:00.000,-5.409e-05,71823.70000000,Regular
BTCUSDT,2026-04-14 00:00:00.005,-5.854e-05,74386.50000000,Regular
BTCUSDT,2026-04-14 08:00:00.003,2.732e-05,74513.40000000,Regular
BTCUSDT,2026-04-14 16:00:00.001,-5.234e-05,75274.90000000,Regular
BTCUSDT,2026-04-15 00:00:00.000,-9.313e-05,74106.90000000,Regular
BTCUSDT,2026-04-15 08:00:00.000,-5.085e-05,73705.20000000,Regular
BTCUSDT,2026-04-15 16:00:00.000,-7.151e-05,73811.00873913,Regular
BTCUSDT,2026-04-16 00:00:00.013,-3.418e-05,74776.20000000,Regular
BTCUSDT,2026-04-16 08:00:00.000,-2.841e-05,74667.70000000,Regular
BTCUSDT,2026-04-16 16:00:00.000,-2.225e-05,74659.57926087,Regular
BTCUSDT,2026-04-17 00:00:00.001,3.297e-05,75115.14794928,Regular
BTCUSDT,2026-04-17 08:00:00.011,2.781e-05,75047.40000000,Regular
BTCUSDT,2026-04-17 16:00:00.001,-0.00010789,77734.40000000,Regular
BTCUSDT,2026-04-18 00:00:00.001,-8.098e-05,77044.79824638,Regular
BTCUSDT,2026-04-18 08:00:00.006,-7.082e-05,76952.46500725,Regular
BTCUSDT,2026-04-18 16:00:00.000,-4.586e-05,76124.80000000,Regular
BTCUSDT,2026-04-19 00:00:00.002,-8.395e-05,75653.80000000,Regular
BTCUSDT,2026-04-19 08:00:00.010,-7.219e-05,75205.60000000,Regular
BTCUSDT,2026-04-19 16:00:00.001,-0.00012276,75807.70000000,Regular
BTCUSDT,2026-04-20 00:00:00.000,-4.615e-05,73752.30151667,Regular
BTCUSDT,2026-04-20 08:00:00.000,-4.778e-05,74795.50000000,Regular
BTCUSDT,2026-04-20 16:00:00.001,-2.745e-05,75678.04248876,Regular
BTCUSDT,2026-04-21 00:00:00.000,-7.937e-05,75791.40000000,Regular
BTCUSDT,2026-04-21 08:00:00.004,-5.824e-05,76050.10000000,Regular
BTCUSDT,2026-04-21 16:00:00.004,-4.242e-05,75799.90000000,Regular
BTCUSDT,2026-04-22 00:00:00.004,-2.237e-05,76289.54071739,Regular
BTCUSDT,2026-04-22 08:00:00.000,3.56e-05,77979.70000000,Regular
BTCUSDT,2026-04-22 16:00:00.000,-7.49e-06,79234.20000000,Regular
BTCUSDT,2026-04-23 00:00:00.000,-7.87e-05,78139.70000000,Regular
BTCUSDT,2026-04-23 08:00:00.000,-3.553e-05,78009.00000000,Regular
BTCUSDT,2026-04-23 16:00:00.004,-6.696e-05,78331.27050975,Regular
BTCUSDT,2026-04-24 00:00:00.006,-3.829e-05,78214.80000000,Regular
BTCUSDT,2026-04-24 08:00:00.000,-7.865e-05,77620.50000000,Regular
BTCUSDT,2026-04-24 16:00:00.000,-3.152e-05,78007.30000000,Regular
BTCUSDT,2026-04-25 00:00:00.000,-1.077e-05,77395.90000000,Regular
BTCUSDT,2026-04-25 08:00:00.002,-6.235e-05,77459.90000000,Regular
BTCUSDT,2026-04-25 16:00:00.002,-5.699e-05,77295.96852174,Regular
BTCUSDT,2026-04-26 00:00:00.003,2.41e-06,77585.00000000,Regular
BTCUSDT,2026-04-26 08:00:00.007,1.53e-06,78064.44689855,Regular
BTCUSDT,2026-04-26 16:00:00.004,1.95e-06,78008.58376812,Regular
BTCUSDT,2026-04-27 00:00:00.004,2.49e-06,78617.40000000,Regular
BTCUSDT,2026-04-27 08:00:00.000,-8.659e-05,77556.92439855,Regular
BTCUSDT,2026-04-27 16:00:00.002,-5.678e-05,76762.28381159,Regular
BTCUSDT,2026-04-28 00:00:00.001,-3.951e-05,77333.17570290,Regular
BTCUSDT,2026-04-28 08:00:00.000,-3.204e-05,76828.30000000,Regular
BTCUSDT,2026-04-28 16:00:00.004,5.242e-05,76026.63367210,Regular
BTCUSDT,2026-04-29 00:00:00.006,1.305e-05,76298.10000000,Regular
BTCUSDT,2026-04-29 08:00:00.011,-2.84e-05,77007.65595652,Regular
BTCUSDT,2026-04-29 16:00:00.003,3.571e-05,75880.57366567,Regular
BTCUSDT,2026-04-30 00:00:00.002,-4.22e-05,75749.80000000,Regular
BTCUSDT,2026-04-30 08:00:00.000,-1.837e-05,76130.00000000,Regular
BTCUSDT,2026-04-30 16:00:00.000,-2.904e-05,76429.20000000,Regular
BTCUSDT,2026-05-01 00:00:00.000,-3.746e-05,76305.50000000,Regular
BTCUSDT,2026-05-01 08:00:00.005,-1.81e-05,77101.09816667,Regular
BTCUSDT,2026-05-01 16:00:00.000,-3.143e-05,78424.72796268,Regular
BTCUSDT,2026-05-02 00:00:00.006,-8.22e-06,78192.00000000,Regular
BTCUSDT,2026-05-02 08:00:00.000,-5.103e-05,78181.60000000,Regular
BTCUSDT,2026-05-02 16:00:00.010,-2.54e-05,78452.73851449,Regular
BTCUSDT,2026-05-03 00:00:00.005,2.29e-05,78654.45395802,Regular
BTCUSDT,2026-05-03 08:00:00.003,-1.398e-05,78316.50000000,Regular
BTCUSDT,2026-05-03 16:00:00.000,7.03e-06,78627.03676124,Regular
BTCUSDT,2026-05-04 00:00:00.000,4.304e-05,78528.90000000,Regular
BTCUSDT,2026-05-04 08:00:00.000,-1.58e-06,79663.30000000,Regular
BTCUSDT,2026-05-04 16:00:00.003,-3.16e-05,79981.20000000,Regular
BTCUSDT,2026-05-05 00:00:00.000,-3.83e-06,79826.10000000,Regular
BTCUSDT,2026-05-05 08:00:00.011,-4.626e-05,80823.36977536,Regular
BTCUSDT,2026-05-05 16:00:00.000,-8.24e-05,81488.70000000,Regular
BTCUSDT,2026-05-06 00:00:00.010,-9.153e-05,80861.90000000,Regular
BTCUSDT,2026-05-06 08:00:00.000,-6.15e-05,81333.30000000,Regular
BTCUSDT,2026-05-06 16:00:00.002,-3.756e-05,81656.94279710,Regular
BTCUSDT,2026-05-07 00:00:00.000,-5.856e-05,81396.64037069,Regular
BTCUSDT,2026-05-07 08:00:00.000,-4.568e-05,81484.05472464,Regular
BTCUSDT,2026-05-07 16:00:00.004,-3.014e-05,79860.00000000,Regular
BTCUSDT,2026-05-08 00:00:00.003,-7.406e-05,79969.40000000,Regular
BTCUSDT,2026-05-08 08:00:00.002,2.415e-05,79644.46728986,Regular
BTCUSDT,2026-05-08 16:00:00.003,-1.542e-05,80114.80000000,Regular
BTCUSDT,2026-05-09 00:00:00.000,1.841e-05,80155.20000000,Regular
BTCUSDT,2026-05-09 08:00:00.001,-3.792e-05,80182.43582759,Regular
BTCUSDT,2026-05-09 16:00:00.002,3.645e-05,80488.40000000,Regular
BTCUSDT,2026-05-10 00:00:00.003,9e-07,80633.91052174,Regular
BTCUSDT,2026-05-10 08:00:00.000,4.626e-05,80697.26316667,Regular
BTCUSDT,2026-05-10 16:00:00.000,5.764e-05,81383.17274363,Regular
BTCUSDT,2026-05-11 00:00:00.000,5.798e-05,82177.70000000,Regular
BTCUSDT,2026-05-11 08:00:00.000,2.592e-05,80708.80000000,Regular
BTCUSDT,2026-05-11 16:00:00.000,4.555e-05,81405.16000000,Regular
BTCUSDT,2026-05-12 00:00:00.002,-1.15e-06,81699.60136232,Regular
BTCUSDT,2026-05-12 08:00:00.008,3.877e-05,80813.66760870,Regular
BTCUSDT,2026-05-12 16:00:00.000,5.822e-05,80308.46289855,Regular
BTCUSDT,2026-05-13 00:00:00.010,5.367e-05,80461.08936667,Regular
BTCUSDT,2026-05-13 08:00:00.003,5.437e-05,80984.68281109,Regular
BTCUSDT,2026-05-13 16:00:00.001,1.749e-05,78794.60000000,Regular
BTCUSDT,2026-05-14 00:00:00.005,3.928e-05,79288.30000000,Regular
BTCUSDT,2026-05-14 08:00:00.000,2.928e-05,79699.90000000,Regular
BTCUSDT,2026-05-14 16:00:00.000,4.094e-05,81252.74053223,Regular
BTCUSDT,2026-05-15 00:00:00.000,-4.239e-05,81048.89125937,Regular
BTCUSDT,2026-05-15 08:00:00.016,-1.893e-05,80783.27976812,Regular
BTCUSDT,2026-05-15 16:00:00.012,1.548e-05,79118.00000000,Regular
BTCUSDT,2026-05-16 00:00:00.005,3.938e-05,79074.00000000,Regular
BTCUSDT,2026-05-16 08:00:00.000,-2.1e-06,78335.57299275,Regular
BTCUSDT,2026-05-16 16:00:00.005,4.955e-05,78194.10000000,Regular
BTCUSDT,2026-05-17 00:00:00.000,4.037e-05,78109.17541229,Regular
BTCUSDT,2026-05-17 08:00:00.010,1.176e-05,78138.66375362,Regular
BTCUSDT,2026-05-17 16:00:00.009,4.8e-07,78007.00000000,Regular
BTCUSDT,2026-05-18 00:00:00.007,-1.131e-05,77433.50000000,Regular
BTCUSDT,2026-05-18 08:00:00.002,5.778e-05,77039.50000000,Regular
BTCUSDT,2026-05-18 16:00:00.007,7.178e-05,76393.50000000,Regular
BTCUSDT,2026-05-19 00:00:00.001,5.164e-05,76963.20000000,Regular
BTCUSDT,2026-05-19 08:00:00.001,4.809e-05,77200.30000000,Regular
BTCUSDT,2026-05-19 16:00:00.009,5.563e-05,76487.90000000,Regular
BTCUSDT,2026-05-20 00:00:00.001,3.254e-05,76799.90000000,Regular
BTCUSDT,2026-05-20 08:00:00.006,7.983e-05,77250.47589205,Regular
BTCUSDT,2026-05-20 16:00:00.000,6.858e-05,77423.06879310,Regular
BTCUSDT,2026-05-21 00:00:00.001,1.925e-05,77510.37686957,Regular
BTCUSDT,2026-05-21 08:00:00.000,4.003e-05,77849.80779710,Regular
BTCUSDT,2026-05-21 16:00:00.000,6.13e-05,77231.30769565,Regular
BTCUSDT,2026-05-22 00:00:00.000,3.564e-05,77586.20000000,Regular
BTCUSDT,2026-05-22 08:00:00.004,-8.2e-06,77366.90000000,Regular
BTCUSDT,2026-05-22 16:00:00.001,2.891e-05,76757.66071014,Regular
BTCUSDT,2026-05-23 00:00:00.009,1.783e-05,75507.40000000,Regular
BTCUSDT,2026-05-23 08:00:00.001,1.025e-05,74573.20000000,Regular
BTCUSDT,2026-05-23 16:00:00.003,7.441e-05,75490.25308696,Regular
BTCUSDT,2026-05-24 00:00:00.011,9.044e-05,76716.21350000,Regular
BTCUSDT,2026-05-24 08:00:00.008,6.29e-05,76771.40000000,Regular
BTCUSDT,2026-05-24 16:00:00.000,6.265e-05,76343.80000000,Regular
BTCUSDT,2026-05-25 00:00:00.001,6.549e-05,77023.70000000,Regular
BTCUSDT,2026-05-25 08:00:00.001,3.527e-05,77376.90000000,Regular
BTCUSDT,2026-05-25 16:00:00.001,1.426e-05,77587.30000000,Regular
BTCUSDT,2026-05-26 00:00:00.000,8.058e-05,77281.70516492,Regular
BTCUSDT,2026-05-26 08:00:00.003,3.852e-05,76689.53406667,Regular
BTCUSDT,2026-05-26 16:00:00.000,5.776e-05,76484.29476812,Regular
BTCUSDT,2026-05-27 00:00:00.000,0.0001,75901.40326957,Regular
BTCUSDT,2026-05-27 08:00:00.004,8.948e-05,75940.84006522,Regular
BTCUSDT,2026-05-27 16:00:00.009,9.914e-05,75300.00000000,Regular
BTCUSDT,2026-05-28 00:00:00.001,0.0001,74418.00000000,Regular
BTCUSDT,2026-05-28 08:00:00.000,5.011e-05,73467.37135507,Regular
BTCUSDT,2026-05-28 16:00:00.001,0.0001,72906.82058696,Regular
BTCUSDT,2026-05-29 00:00:00.000,0.0001,73591.40000000,Regular
BTCUSDT,2026-05-29 08:00:00.001,5.391e-05,73488.10000000,Regular
BTCUSDT,2026-05-29 16:00:00.008,6.702e-05,73779.04363768,Regular
BTCUSDT,2026-05-30 00:00:00.000,3.464e-05,73428.20000000,Regular
BTCUSDT,2026-05-30 08:00:00.001,4.732e-05,73516.24445833,Regular
BTCUSDT,2026-05-30 16:00:00.000,6.214e-05,73892.79565217,Regular
BTCUSDT,2026-05-31 00:00:00.000,4.432e-05,73856.90000000,Regular
BTCUSDT,2026-05-31 08:00:00.000,5.663e-05,73833.30000000,Regular
BTCUSDT,2026-05-31 16:00:00.004,5.988e-05,73613.40000000,Regular
BTCUSDT,2026-06-01 00:00:00.001,5.703e-05,73653.56663043,Regular
BTCUSDT,2026-06-01 08:00:00.001,4.438e-05,72779.00564493,Regular
BTCUSDT,2026-06-01 16:00:00.000,0.0001,71103.48761594,Regular
BTCUSDT,2026-06-02 00:00:00.000,0.0001,71391.50000000,Regular
BTCUSDT,2026-06-02 08:00:00.000,5.99e-05,70082.59501449,Regular
BTCUSDT,2026-06-02 16:00:00.000,8.345e-05,67276.04778261,Regular
BTCUSDT,2026-06-03 00:00:00.013,7.165e-05,66731.44419565,Regular
BTCUSDT,2026-06-03 08:00:00.000,5.229e-05,67191.49618116,Regular
BTCUSDT,2026-06-03 16:00:00.001,0.0001,66044.30010870,Regular
BTCUSDT,2026-06-04 00:00:00.009,2.705e-05,64117.60000000,Regular
BTCUSDT,2026-06-04 08:00:00.000,1.519e-05,63569.71469565,Regular
BTCUSDT,2026-06-04 16:00:00.003,-1.077e-05,63866.27556222,Regular
BTCUSDT,2026-06-05 00:00:00.000,1.315e-05,63855.88516492,Regular
BTCUSDT,2026-06-05 08:00:00.004,-1.431e-05,63081.00000000,Regular
BTCUSDT,2026-06-05 16:00:00.009,-8.63e-06,60416.49210870,Regular
BTCUSDT,2026-06-06 00:00:00.000,-1.234e-05,61029.56998551,Regular
BTCUSDT,2026-06-06 08:00:00.000,2.675e-05,60975.10000000,Regular
BTCUSDT,2026-06-06 16:00:00.000,-5.11e-06,60754.10000000,Regular
BTCUSDT,2026-06-07 00:00:00.001,-2.828e-05,60851.77008696,Regular
BTCUSDT,2026-06-07 08:00:00.000,4.07e-06,62368.05861594,Regular
BTCUSDT,2026-06-07 16:00:00.000,2.742e-05,62071.60000000,Regular
BTCUSDT,2026-06-08 00:00:00.000,3.533e-05,63302.74223188,Regular
BTCUSDT,2026-06-08 08:00:00.005,3.454e-05,63259.90000000,Regular
BTCUSDT,2026-06-08 16:00:00.004,1.22e-06,63745.30000000,Regular
BTCUSDT,2026-06-09 00:00:00.000,-1.565e-05,63058.00000000,Regular
BTCUSDT,2026-06-09 08:00:00.000,3.041e-05,63170.80000000,Regular
BTCUSDT,2026-06-09 16:00:00.001,6.06e-06,61113.79051449,Regular
BTCUSDT,2026-06-10 00:00:00.001,3.65e-06,61695.29221739,Regular
BTCUSDT,2026-06-10 08:00:00.011,-3.385e-05,61655.56078986,Regular
BTCUSDT,2026-06-10 16:00:00.009,2.542e-05,62604.70000000,Regular
BTCUSDT,2026-06-11 00:00:00.000,-8.11e-06,61485.41680435,Regular
BTCUSDT,2026-06-11 08:00:00.004,2.525e-05,62694.44563768,Regular
BTCUSDT,2026-06-11 16:00:00.000,2.736e-05,62721.20000000,Regular
BTCUSDT,2026-06-12 00:00:00.000,-1.303e-05,63598.00000000,Regular
BTCUSDT,2026-06-12 08:00:00.000,2.446e-05,63066.40000000,Regular
BTCUSDT,2026-06-12 16:00:00.000,8.4e-06,63557.10000000,Regular
BTCUSDT,2026-06-13 00:00:00.000,5.357e-05,63546.90000000,Regular
BTCUSDT,2026-06-13 08:00:00.007,6e-07,63823.90000000,Regular
BTCUSDT,2026-06-13 16:00:00.002,9.38e-06,64265.10000000,Regular
BTCUSDT,2026-06-14 00:00:00.005,-4.51e-05,64418.20000000,Regular
BTCUSDT,2026-06-14 08:00:00.009,-4.657e-05,64392.71210645,Regular
BTCUSDT,2026-06-14 16:00:00.000,-3.265e-05,63995.20000000,Regular
BTCUSDT,2026-06-15 00:00:00.013,2.808e-05,65709.80000000,Regular
BTCUSDT,2026-06-15 08:00:00.013,6.21e-06,65642.40000000,Regular
BTCUSDT,2026-06-15 16:00:00.004,-6.079e-05,67247.20644203,Regular
BTCUSDT,2026-06-16 00:00:00.000,-4.28e-06,66286.20815942,Regular
BTCUSDT,2026-06-16 08:00:00.000,-1.11e-05,66341.80000000,Regular
BTCUSDT,2026-06-16 16:00:00.001,2.46e-06,65841.90000000,Regular
BTCUSDT,2026-06-17 00:00:00.012,1.957e-05,65645.03212144,Regular
BTCUSDT,2026-06-17 08:00:00.000,-6.685e-05,65507.05555797,Regular
BTCUSDT,2026-06-17 16:00:00.000,-2.582e-05,65714.69323913,Regular
BTCUSDT,2026-06-18 00:00:00.002,2.636e-05,64476.94080435,Regular
BTCUSDT,2026-06-18 08:00:00.000,1.896e-05,64472.45533333,Regular
BTCUSDT,2026-06-18 16:00:00.001,8.72e-06,62339.40000000,Regular
BTCUSDT,2026-06-19 00:00:00.005,6.039e-05,62924.10000000,Regular
BTCUSDT,2026-06-19 08:00:00.001,1.984e-05,62593.69056522,Regular
BTCUSDT,2026-06-19 16:00:00.001,2.823e-05,63193.00000000,Regular
BTCUSDT,2026-06-20 00:00:00.001,5.814e-05,63512.60000000,Regular
BTCUSDT,2026-06-20 08:00:00.000,2.633e-05,63624.90000000,Regular
BTCUSDT,2026-06-20 16:00:00.001,3.985e-05,64129.20000000,Regular
BTCUSDT,2026-06-21 00:00:00.000,7.78e-06,64275.97479710,Regular
BTCUSDT,2026-06-21 08:00:00.000,3.034e-05,64171.31875000,Regular
BTCUSDT,2026-06-21 16:00:00.000,4.189e-05,64200.30000000,Regular
BTCUSDT,2026-06-22 00:00:00.000,6.572e-05,63287.10000000,Regular
BTCUSDT,2026-06-22 08:00:00.000,1.514e-05,64188.00000000,Regular
BTCUSDT,2026-06-22 16:00:00.002,4.813e-05,64808.00000000,Regular
BTCUSDT,2026-06-23 00:00:00.003,4.041e-05,63990.41186957,Regular
BTCUSDT,2026-06-23 08:00:00.005,1.655e-05,62849.20000000,Regular
BTCUSDT,2026-06-23 16:00:00.002,-1.889e-05,62457.30000000,Regular
BTCUSDT,2026-06-24 00:00:00.005,2.154e-05,62696.80000000,Regular
BTCUSDT,2026-06-24 08:00:00.005,2.134e-05,62630.10000000,Regular
BTCUSDT,2026-06-24 16:00:00.003,2.7e-07,60256.30000000,Regular
BTCUSDT,2026-06-25 00:00:00.000,-1.423e-05,61051.20000000,Regular
BTCUSDT,2026-06-25 08:00:00.000,-1.803e-05,61886.70000000,Regular
BTCUSDT,2026-06-25 16:00:00.000,1.58e-05,59532.80000000,Regular
BTCUSDT,2026-06-26 00:00:00.010,5.298e-05,59769.90000000,Regular
BTCUSDT,2026-06-26 08:00:00.002,5.904e-05,60501.93606522,Regular
BTCUSDT,2026-06-26 16:00:00.000,7.308e-05,60300.50000000,Regular
BTCUSDT,2026-06-27 00:00:00.000,5.255e-05,60072.00000000,Regular
BTCUSDT,2026-06-27 08:00:00.000,4.284e-05,60521.80000000,Regular
BTCUSDT,2026-06-27 16:00:00.009,3.742e-05,60817.30000000,Regular
BTCUSDT,2026-06-28 00:00:00.000,4.258e-05,60000.40000000,Regular
BTCUSDT,2026-06-28 08:00:00.013,1.355e-05,60192.50000000,Regular
BTCUSDT,2026-06-28 16:00:00.000,4.43e-05,59854.54542754,Regular
BTCUSDT,2026-06-29 00:00:00.006,3.112e-05,59550.30000000,Regular
BTCUSDT,2026-06-29 08:00:00.013,7.444e-05,60001.22944928,Regular
BTCUSDT,2026-06-29 16:00:00.004,8.658e-05,59800.20000000,Regular
BTCUSDT,2026-06-30 00:00:00.000,6.175e-05,60229.35621014,Regular
BTCUSDT,2026-06-30 08:00:00.000,8.349e-05,59498.43484058,Regular
BTCUSDT,2026-06-30 16:00:00.005,3.327e-05,58356.63620290,Regular
BTCUSDT,2026-07-01 00:00:00.000,5.532e-05,58605.50000000,Regular
BTCUSDT,2026-07-01 08:00:00.000,1.853e-05,58744.40000000,Regular
BTCUSDT,2026-07-01 16:00:00.000,7.073e-05,60120.69034783,Regular
BTCUSDT,2026-07-02 00:00:00.000,8.001e-05,59999.60000000,Regular
BTCUSDT,2026-07-02 08:00:00.000,5.238e-05,60126.10000000,Regular
BTCUSDT,2026-07-02 16:00:00.000,5.261e-05,61583.70000000,Regular
BTCUSDT,2026-07-03 00:00:00.000,0.0001,61540.74072464,Regular
BTCUSDT,2026-07-03 08:00:00.007,0.0001,61733.60000000,Regular
BTCUSDT,2026-07-03 16:00:00.000,3.74e-05,61895.70140580,Regular
BTCUSDT,2026-07-04 00:00:00.000,0.0001,62570.25216667,Regular
BTCUSDT,2026-07-04 08:00:00.000,0.0001,62549.30000000,Regular
BTCUSDT,2026-07-04 16:00:00.007,9.48e-05,62914.35025362,Regular
BTCUSDT,2026-07-05 00:00:00.003,9.533e-05,63114.80000000,Regular
BTCUSDT,2026-07-05 08:00:00.001,8.873e-05,62997.87521014,Regular
BTCUSDT,2026-07-05 16:00:00.000,8.608e-05,62712.00000000,Regular
BTCUSDT,2026-07-06 00:00:00.000,7.7e-05,63625.51176812,Regular
BTCUSDT,2026-07-06 08:00:00.000,6.12e-05,63064.50000000,Regular
BTCUSDT,2026-07-06 16:00:00.000,0.0001,63523.10000000,Regular
BTCUSDT,2026-07-07 00:00:00.000,0.0001,64023.50000000,Regular
BTCUSDT,2026-07-07 08:00:00.000,5.792e-05,63062.70000000,Regular
BTCUSDT,2026-07-07 16:00:00.000,6.825e-05,63909.90000000,Regular
BTCUSDT,2026-07-08 00:00:00.000,4.846e-05,63331.20000000,Regular
BTCUSDT,2026-07-08 08:00:00.000,7.24e-06,62857.18618116,Regular
BTCUSDT,2026-07-08 16:00:00.000,7.171e-05,61683.73416792,Regular
BTCUSDT,2026-07-09 00:00:00.000,6.16e-05,62257.50000000,Regular
BTCUSDT,2026-07-09 08:00:00.001,6.615e-05,62973.70000000,Regular
BTCUSDT,2026-07-09 16:00:00.001,4.912e-05,62837.77481884,Regular
BTCUSDT,2026-07-10 00:00:00.000,9.058e-05,63197.36055797,Regular
BTCUSDT,2026-07-10 08:00:00.005,7.247e-05,63956.10000000,Regular
BTCUSDT,2026-07-10 16:00:00.005,9.508e-05,64023.10000000,Regular
BTCUSDT,2026-07-11 00:00:00.000,0.0001,64129.40000000,Regular
BTCUSDT,2026-07-11 08:00:00.000,9.42e-06,64132.60000000,Regular
BTCUSDT,2026-07-11 16:00:00.000,4.156e-05,64142.50822464,Regular
BTCUSDT,2026-07-12 00:00:00.000,4.651e-05,63787.76113043,Regular
BTCUSDT,2026-07-12 08:00:00.003,6.315e-05,63856.50000000,Regular
BTCUSDT,2026-07-12 16:00:00.000,7.578e-05,64150.28418841,Regular
BTCUSDT,2026-07-13 00:00:00.000,1.521e-05,63750.00000000,Regular
BTCUSDT,2026-07-13 08:00:00.001,4.856e-05,62952.80000000,Regular
BTCUSDT,2026-07-13 16:00:00.004,0.0001,62603.79932609,Regular
BTCUSDT,2026-07-14 00:00:00.000,8.256e-05,62307.00000000,Regular
BTCUSDT,2026-07-14 08:00:00.002,3.489e-05,62529.70000000,Regular
BTCUSDT,2026-07-14 16:00:00.001,5.59e-05,64727.50000000,Regular
BTCUSDT,2026-07-15 00:00:00.005,0.0001,65017.64591304,Regular
BTCUSDT,2026-07-15 08:00:00.002,0.0001,64530.40087681,Regular
BTCUSDT,2026-07-15 16:00:00.000,4.457e-05,65392.88324638,Regular
BTCUSDT,2026-07-16 00:00:00.000,2.426e-05,64722.22011994,Regular
BTCUSDT,2026-07-16 08:00:00.003,7.584e-05,64204.49819340,Regular
BTCUSDT,2026-07-16 16:00:00.002,6.102e-05,64677.70000000,Regular
BTCUSDT,2026-07-17 00:00:00.000,7.639e-05,63803.90949275,Regular
BTCUSDT,2026-07-17 08:00:00.010,1.52e-05,62792.80000000,Regular
BTCUSDT,2026-07-17 16:00:00.004,6.045e-05,63432.50000000,Regular
BTCUSDT,2026-07-18 00:00:00.000,3.074e-05,63910.00000000,Regular
BTCUSDT,2026-07-18 08:00:00.000,6.955e-05,63987.03769565,Regular
BTCUSDT,2026-07-18 16:00:00.001,3.326e-05,64090.00000000,Regular
BTCUSDT,2026-07-19 00:00:00.003,4.06e-06,64806.70000000,Regular
BTCUSDT,2026-07-19 08:00:00.000,6.905e-05,64692.20000000,Regular
BTCUSDT,2026-07-19 16:00:00.001,5.235e-05,64552.28368841,Regular
BTCUSDT,2026-07-20 00:00:00.000,4.89e-05,64694.80000000,Regular
BTCUSDT,2026-07-20 08:00:00.001,5.278e-05,64250.00000000,Regular
BTCUSDT,2026-07-20 16:00:00.004,6.518e-05,65573.71997826,Regular
BTCUSDT,2026-07-21 00:00:00.001,5.4e-05,65227.17129710,Regular
BTCUSDT,2026-07-21 08:00:00.000,8.926e-05,66168.77917391,Regular
BTCUSDT,2026-07-21 16:00:00.002,1.894e-05,66648.50000000,Regular
BTCUSDT,2026-07-22 00:00:00.000,3.928e-05,66522.40000000,Regular
BTCUSDT,2026-07-22 08:00:00.000,5.448e-05,65813.40000000,Regular
BTCUSDT,2026-07-22 16:00:00.001,1.443e-05,66016.32605797,Regular
BTCUSDT,2026-07-23 00:00:00.000,-3.43e-06,66084.47942754,Regular
BTCUSDT,2026-07-23 08:00:00.000,2.71e-06,65405.48600725,Regular
BTCUSDT,2026-07-23 16:00:00.000,8.458e-05,64940.40000000,Regular
BTCUSDT,2026-07-24 00:00:00.000,7.598e-05,65069.66000000,Regular
BTCUSDT,2026-07-24 08:00:00.000,5.149e-05,65470.00000000,Regular
BTCUSDT,2026-07-24 16:00:00.008,5.879e-05,64068.70000000,Regular
BTCUSDT,2026-07-25 00:00:00.002,6.074e-05,64116.50000000,Regular
BTCUSDT,2026-07-25 08:00:00.000,5.425e-05,63973.15203623,Regular
BTCUSDT,2026-07-25 16:00:00.000,7.29e-06,64150.04885307,Regular
BTCUSDT,2026-07-26 00:00:00.000,3.878e-05,64343.23160870,Regular
BTCUSDT,2026-07-26 08:00:00.002,5.884e-05,64342.45993478,Regular
BTCUSDT,2026-07-26 16:00:00.000,5.819e-05,64733.60000000,Regular
BTCUSDT,2026-07-27 00:00:00.010,6.147e-05,65375.10000000,Regular
BTCUSDT,2026-07-27 08:00:00.000,6.452e-05,65196.20985507,Regular
BTCUSDT,2026-07-27 16:00:00.001,5.04e-05,64519.25484058,Regular
BTCUSDT,2026-07-28 00:00:00.000,4.208e-05,63721.92718141,Regular
BTCUSDT,2026-07-28 08:00:00.000,1.25e-06,63476.80000000,Regular
BTCUSDT,2026-07-28 16:00:00.000,6.689e-05,63903.52981159,Regular
BTCUSDT,2026-07-29 00:00:00.000,0.0001,63903.60000000,Regular
BTCUSDT,2026-07-29 08:00:00.002,0.0001,64534.35597101,Regular
BTCUSDT,2026-07-29 16:00:00.000,3.665e-05,63950.19280435,Regular
BTCUSDT,2026-07-30 00:00:00.000,8.462e-05,63959.00000000,Regular
BTCUSDT,2026-07-30 08:00:00.000,7.278e-05,63984.18229710,Regular
BTCUSDT,2026-07-30 16:00:00.000,9.029e-05,64698.14499275,Regular
BTCUSDT,2026-07-31 00:00:00.003,0.0001,64750.50672464,Regular
BTCUSDT,2026-07-31 08:00:00.000,9.405e-05,63912.47940580,Regular
BTCUSDT,2026-07-31 16:00:00.000,5.664e-05,62696.71869565,Regular
BTCUSDT,2026-08-01 00:00:00.001,4.123e-05,62859.90000000,Regular
BTCUSDT,2026-08-01 08:00:00.000,3.163e-05,63019.60000000,Regular
BTCUSDT,2026-08-01 16:00:00.000,3.545e-05,62976.40000000,Regular
BTCUSDT,2026-08-02 00:00:00.000,4.53e-05,62792.30000000,Regular
BTCUSDT,2026-08-02 08:00:00.000,8.943e-05,63468.10000000,Regular
BTCUSDT,2026-08-02 16:00:00.000,7.707e-05,63081.60000000,Regular
BTCUSDT,2026-08-03 00:00:00.000,0.0001,63549.90000000,Regular
BTCUSDT,2026-08-03 08:00:00.000,6.364e-05,62591.00000000,Regular
BTCUSDT,2026-08-03 16:00:00.000,2.474e-05,63664.89705072,Regular
BTCUSDT,2026-08-04 00:00:00.004,3.081e-05,63497.20000000,Regular
BTCUSDT,2026-08-04 08:00:00.002,6.248e-05,63666.40000000,Regular
BTCUSDT,2026-08-04 16:00:00.000,7.684e-05,64093.54490580,Regular
BTCUSDT,2026-08-05 00:00:00.003,1.674e-05,64075.50000000,Regular
BTCUSDT,2026-08-05 08:00:00.004,1.015e-05,64141.00000000,Regular
BTCUSDT,2026-08-05 16:00:00.000,2.676e-05,64353.50000000,Regular
BTCUSDT,2026-08-06 00:00:00.002,6.595e-05,64633.90000000,Regular
BTCUSDT,2026-08-06 08:00:00.000,2.632e-05,64789.40000000,Regular
BTCUSDT,2026-08-06 16:00:00.000,5.939e-05,64604.20000000,Regular
BTCUSDT,2026-08-07 00:00:00.000,7.99e-06,64300.00000000,Regular
BTCUSDT,2026-08-07 08:00:00.000,4.574e-05,64290.58485507,Regular
BTCUSDT,2026-08-07 16:00:00.000,6.308e-05,64885.50000000,Regular
BTCUSDT,2026-08-08 00:00:00.001,5.557e-05,64885.44786232,Regular
BTCUSDT,2026-08-08 08:00:00.000,5.417e-05,64936.30000000,Regular
BTCUSDT,2026-08-08 16:00:00.002,5.801e-05,65049.72578986,Regular
BTCUSDT,2026-08-09 00:00:00.000,4.423e-05,64928.89433333,Regular
BTCUSDT,2026-08-09 08:00:00.005,6.667e-05,64793.70000000,Regular
BTCUSDT,2026-08-09 16:00:00.000,7.054e-05,65207.70000000,Regular
BTCUSDT,2026-08-10 00:00:00.001,7.497e-05,64869.50227536,Regular
BTCUSDT,2026-08-10 08:00:00.005,7.908e-05,65183.48407971,Regular
BTCUSDT,2026-08-10 16:00:00.000,5.057e-05,64272.42528261,Regular
BTCUSDT,2026-08-11 00:00:00.000,2.301e-05,63939.20000000,Regular
BTCUSDT,2026-08-11 08:00:00.006,1.962e-05,64033.28871739,Regular
BTCUSDT,2026-08-11 16:00:00.000,8.282e-05,63585.55679710,Regular
BTCUSDT,2026-08-12 00:00:00.001,0.0001,63572.00000000,Regular
BTCUSDT,2026-08-12 08:00:00.000,8.568e-05,63810.89568841,Regular
BTCUSDT,2026-08-12 16:00:00.000,6.601e-05,63422.43823913,Regular
BTCUSDT,2026-08-13 00:00:00.000,6.576e-05,63454.70000000,Regular
BTCUSDT,2026-08-13 08:00:00.000,7.218e-05,63833.46161594,Regular
BTCUSDT,2026-08-13 16:00:00.000,7.841e-05,63387.03971514,Regular
BTCUSDT,2026-08-14 00:00:00.000,8.545e-05,63455.99486957,Regular
BTCUSDT,2026-08-14 08:00:00.001,5.999e-05,62888.10000000,Regular
BTCUSDT,2026-08-14 16:00:00.001,6.29e-06,62961.99943478,Regular
BTCUSDT,2026-08-15 00:00:00.003,6.801e-05,63015.07685507,Regular
BTCUSDT,2026-08-15 08:00:00.002,6.523e-05,63050.01692754,Regular
BTCUSDT,2026-08-15 16:00:00.000,5.311e-05,63068.06537681,Regular
BTCUSDT,2026-08-16 00:00:00.000,9.66e-06,63053.96633333,Regular
BTCUSDT,2026-08-16 08:00:00.002,1.839e-05,63034.83995833,Regular
BTCUSDT,2026-08-16 16:00:00.000,5e-05,63114.26984783,Regular
BTCUSDT,2026-08-17 00:00:00.001,3.818e-05,62876.00000000,Regular
BTCUSDT,2026-08-17 08:00:00.003,7.131e-05,63495.97863568,Regular
BTCUSDT,2026-08-17 16:00:00.005,9.202e-05,64169.80000000,Regular
BTCUSDT,2026-08-18 00:00:00.006,5.164e-05,64504.10000000,Regular
BTCUSDT,2026-08-18 08:00:00.001,5.02e-05,64171.00199275,Regular
BTCUSDT,2026-08-18 16:00:00.003,3.65e-05,64823.80000000,Regular
BTCUSDT,2026-08-19 00:00:00.000,1.617e-05,64694.00000000,Regular
BTCUSDT,2026-08-19 08:00:00.000,3.815e-05,64267.18334783,Regular
BTCUSDT,2026-08-19 16:00:00.004,0.0001,68544.29486232,Regular
BTCUSDT,2026-08-20 00:00:00.001,9.655e-05,69320.78060870,Regular
BTCUSDT,2026-08-20 08:00:00.000,0.0001,69820.24279610,Regular
BTCUSDT,2026-08-20 16:00:00.005,9.422e-05,72432.47980435,Regular
BTCUSDT,2026-08-21 00:00:00.004,4.964e-05,72998.70000000,Regular
BTCUSDT,2026-08-21 08:00:00.000,5.814e-05,76319.02847826,Regular
BTCUSDT,2026-08-21 16:00:00.001,0.0001,77221.90043478,Regular
BTCUSDT,2026-08-22 00:00:00.000,0.0001,78309.00000000,Regular
BTCUSDT,2026-08-22 08:00:00.000,0.0001,77286.70000000,Regular
BTCUSDT,2026-08-22 16:00:00.000,0.0001,76995.16521739,Regular
BTCUSDT,2026-08-23 00:00:00.000,0.0001,77084.01150675,Regular
BTCUSDT,2026-08-23 08:00:00.000,0.0001,76015.82505072,Regular
BTCUSDT,2026-08-23 16:00:00.006,0.0001,77128.59832084,Regular
BTCUSDT,2026-08-24 00:00:00.001,0.0001,77710.80000000,Regular
BTCUSDT,2026-08-24 08:00:00.002,0.0001,77292.21472264,Regular
BTCUSDT,2026-08-24 16:00:00.000,0.0001,79065.60000000,Regular
BTCUSDT,2026-08-25 00:00:00.001,5.818e-05,78953.00000000,Regular
BTCUSDT,2026-08-25 08:00:00.000,0.0001,79668.15473913,Regular
BTCUSDT,2026-08-25 16:00:00.005,0.0001,79464.07655072,Regular
BTCUSDT,2026-08-26 00:00:00.000,7.734e-05,78505.40000000,Regular
BTCUSDT,2026-08-26 08:00:00.005,5.927e-05,78888.36194203,Regular
BTCUSDT,2026-08-26 16:00:00.000,7.091e-05,77980.60000000,Regular
BTCUSDT,2026-08-27 00:00:00.000,4.595e-05,78994.90523913,Regular
BTCUSDT,2026-08-27 08:00:00.000,0.0001,79059.04402899,Regular
BTCUSDT,2026-08-27 16:00:00.013,6.331e-05,80273.60000000,Regular
BTCUSDT,2026-08-28 00:00:00.026,6.578e-05,80209.56009420,Regular
BTCUSDT,2026-08-28 08:00:00.000,0.0001,79645.60000000,Regular
BTCUSDT,2026-08-28 16:00:00.001,5.913e-05,78308.90000000,Regular
BTCUSDT,2026-08-29 00:00:00.000,0.0001,77806.12043478,Regular
BTCUSDT,2026-08-29 08:00:00.000,0.0001,77597.93110145,Regular
BTCUSDT,2026-08-29 16:00:00.002,0.0001,77826.43323913,Regular
BTCUSDT,2026-08-30 00:00:00.000,8.283e-05,78201.64952174,Regular
BTCUSDT,2026-08-30 08:00:00.000,0.0001,78081.33333333,Regular
BTCUSDT,2026-08-30 16:00:00.001,7.058e-05,78791.20000000,Regular
BTCUSDT,2026-08-31 00:00:00.002,7.271e-05,77646.74759420,Regular
BTCUSDT,2026-08-31 08:00:00.002,0.0001,78168.28305797,Regular
BTCUSDT,2026-08-31 16:00:00.001,0.0001,78544.30412319,Regular
BTCUSDT,2026-09-01 00:00:00.005,8.482e-05,78549.60000000,Regular
BTCUSDT,2026-09-01 08:00:00.000,0.0001,78600.20000000,Regular
BTCUSDT,2026-09-01 16:00:00.000,3.844e-05,77881.57400725,Regular
BTCUSDT,2026-09-02 00:00:00.000,7.995e-05,77403.12535507,Regular
BTCUSDT,2026-09-02 08:00:00.001,7.998e-05,77444.80000000,Regular
BTCUSDT,2026-09-02 16:00:00.005,3.819e-05,77250.98157246,Regular
BTCUSDT,2026-09-03 00:00:00.000,7.287e-05,77301.45594203,Regular
BTCUSDT,2026-09-03 08:00:00.000,5.866e-05,77622.37865217,Regular
BTCUSDT,2026-09-03 16:00:00.000,8.893e-05,81316.70000000,Regular
BTCUSDT,2026-09-04 00:00:00.000,8.558e-05,81234.45807246,Regular
BTCUSDT,2026-09-04 08:00:00.000,6.498e-05,80628.00000000,Regular
BTCUSDT,2026-09-04 16:00:00.009,4.455e-05,79385.72840330,Regular
BTCUSDT,2026-09-05 00:00:00.000,1.014e-05,79616.14968116,Regular
BTCUSDT,2026-09-05 08:00:00.000,-1.5e-06,79673.05430435,Regular
BTCUSDT,2026-09-05 16:00:00.001,1.923e-05,79762.59457971,Regular
BTCUSDT,2026-09-06 00:00:00.000,3.589e-05,79797.70000000,Regular
BTCUSDT,2026-09-06 08:00:00.000,2.295e-05,79772.53402174,Regular
BTCUSDT,2026-09-06 16:00:00.004,2.813e-05,79677.80000000,Regular
BTCUSDT,2026-09-07 00:00:00.004,2.792e-05,80303.33555472,Regular
BTCUSDT,2026-09-07 08:00:00.000,3.113e-05,79355.30000000,Regular
BTCUSDT,2026-09-07 16:00:00.003,2.185e-05,78776.74225362,Regular
BTCUSDT,2026-09-08 00:00:00.004,4.542e-05,79075.90000000,Regular
BTCUSDT,2026-09-08 08:00:00.002,8.18e-05,78445.10000000,Regular
BTCUSDT,2026-09-08 16:00:00.001,9.029e-05,78870.10000000,Regular
BTCUSDT,2026-09-09 00:00:00.005,4.876e-05,78426.33502174,Regular
BTCUSDT,2026-09-09 08:00:00.004,9.012e-05,79246.63936957,Regular
BTCUSDT,2026-09-09 16:00:00.002,4.815e-05,78569.90000000,Regular
BTCUSDT,2026-09-10 00:00:00.000,3.562e-05,78268.94292754,Regular
BTCUSDT,2026-09-10 08:00:00.007,7.869e-05,78071.11828261,Regular
BTCUSDT,2026-09-10 16:00:00.002,7.199e-05,77218.50000000,Regular
BTCUSDT,2026-09-11 00:00:00.008,3.006e-05,76535.70000000,Regular
BTCUSDT,2026-09-11 08:00:00.000,6.122e-05,77188.20000000,Regular
BTCUSDT,2026-09-11 16:00:00.000,3.593e-05,77694.81740580,Regular
BTCUSDT,2026-09-12 00:00:00.001,6.093e-05,77192.01649275,Regular
BTCUSDT,2026-09-12 08:00:00.003,4.334e-05,77236.90000000,Regular
BTCUSDT,2026-09-12 16:00:00.000,5.169e-05,77343.70000000,Regular
BTCUSDT,2026-09-13 00:00:00.002,4.788e-05,77251.00000000,Regular
BTCUSDT,2026-09-13 08:00:00.000,5.39e-05,77089.71050000,Regular
