symbol,fundingTime,fundingRate,markPrice,rateType
DOGEUSDT,2023-09-14 16:00:00.000,0.0001,,Regular
DOGEUSDT,2023-09-15 00:00:00.000,1.734e-05,,Regular
DOGEUSDT,2023-09-15 08:00:00.000,7.941e-05,,Regular
DOGEUSDT,2023-09-15 16:00:00.000,0.0001,,Regular
DOGEUSDT,2023-09-16 00:00:00.000,0.0001,,Regular
DOGEUSDT,2023-09-16 08:00:00.000,6.625e-05,,Regular
DOGEUSDT,2023-09-16 16:00:00.000,-6.121e-05,,Regular
DOGEUSDT,2023-09-17 00:00:00.000,3.184e-05,,Regular
DOGEUSDT,2023-09-17 08:00:00.000,0.0001,,Regular
DOGEUSDT,2023-09-17 16:00:00.000,0.0001,,Regular
DOGEUSDT,2023-09-18 00:00:00.000,-5.001e-05,,Regular
DOGEUSDT,2023-09-18 08:00:00.000,0.0001,,Regular
DOGEUSDT,2023-09-18 16:00:00.000,0.0001,,Regular
DOGEUSDT,2023-09-19 00:00:00.000,-5.57e-06,,Regular
DOGEUSDT,2023-09-19 08:00:00.001,0.0001,,Regular
DOGEUSDT,2023-09-19 16:00:00.000,0.0001,,Regular
DOGEUSDT,2023-09-20 00:00:00.000,-2.394e-05,,Regular
DOGEUSDT,2023-09-20 08:00:00.000,-2.933e-05,,Regular
DOGEUSDT,2023-09-20 16:00:00.000,-1.32e-06,,Regular
DOGEUSDT,2023-09-21 00:00:00.001,0.0001,,Regular
DOGEUSDT,2023-09-21 08:00:00.000,0.0001,,Regular
DOGEUSDT,2023-09-21 16:00:00.000,3.696e-05,,Regular
DOGEUSDT,2023-09-22 00:00:00.000,-9.48e-06,,Regular
DOGEUSDT,2023-09-22 08:00:00.000,8.525e-05,,Regular
DOGEUSDT,2023-09-22 16:00:00.000,9.833e-05,,Regular
DOGEUSDT,2023-09-23 00:00:00.000,3.97e-05,,Regular
DOGEUSDT,2023-09-23 08:00:00.000,0.0001,,Regular
DOGEUSDT,2023-09-23 16:00:00.000,9.251e-05,,Regular
DOGEUSDT,2023-09-24 00:00:00.000,4.133e-05,,Regular
DOGEUSDT,2023-09-24 08:00:00.000,0.0001,,Regular
DOGEUSDT,2023-09-24 16:00:00.000,0.0001,,Regular
DOGEUSDT,2023-09-25 00:00:00.000,-2.606e-05,,Regular
DOGEUSDT,2023-09-25 08:00:00.000,0.0001,,Regular
DOGEUSDT,2023-09-25 16:00:00.000,-3.973e-05,,Regular
DOGEUSDT,2023-09-26 00:00:00.000,9.089e-05,,Regular
DOGEUSDT,2023-09-26 08:00:00.000,0.0001,,Regular
DOGEUSDT,2023-09-26 16:00:00.000,4.802e-05,,Regular
DOGEUSDT,2023-09-27 00:00:00.000,7.165e-05,,Regular
DOGEUSDT,2023-09-27 08:00:00.001,0.0001,,Regular
DOGEUSDT,2023-09-27 16:00:00.000,0.0001,,Regular
DOGEUSDT,2023-09-28 00:00:00.000,0.0001,,Regular
DOGEUSDT,2023-09-28 08:00:00.000,0.0001,,Regular
DOGEUSDT,2023-09-28 16:00:00.000,0.0001,,Regular
DOGEUSDT,2023-09-29 00:00:00.000,8.649e-05,,Regular
DOGEUSDT,2023-09-29 08:00:00.000,0.0001,,Regular
DOGEUSDT,2023-09-29 16:00:00.000,6.761e-05,,Regular
DOGEUSDT,2023-09-30 00:00:00.000,9.057e-05,,Regular
DOGEUSDT,2023-09-30 08:00:00.000,8.258e-05,,Regular
DOGEUSDT,2023-09-30 16:00:00.000,6.857e-05,,Regular
DOGEUSDT,2023-10-01 00:00:00.000,-3.393e-05,,Regular
DOGEUSDT,2023-10-01 08:00:00.000,2.158e-05,,Regular
DOGEUSDT,2023-10-01 16:00:00.000,0.0001,,Regular
DOGEUSDT,2023-10-02 00:00:00.000,4.937e-05,,Regular
DOGEUSDT,2023-10-02 08:00:00.000,8.938e-05,,Regular
DOGEUSDT,2023-10-02 16:00:00.000,0.0001,,Regular
DOGEUSDT,2023-10-03 00:00:00.000,7.232e-05,,Regular
DOGEUSDT,2023-10-03 08:00:00.000,0.0001,,Regular
DOGEUSDT,2023-10-03 16:00:00.000,3.566e-05,,Regular
DOGEUSDT,2023-10-04 00:00:00.000,-4.853e-05,,Regular
DOGEUSDT,2023-10-04 08:00:00.000,4.938e-05,,Regular
DOGEUSDT,2023-10-04 16:00:00.000,-9.377e-05,,Regular
DOGEUSDT,2023-10-05 00:00:00.000,-4.638e-05,,Regular
DOGEUSDT,2023-10-05 08:00:00.000,4.143e-05,,Regular
DOGEUSDT,2023-10-05 16:00:00.001,1.794e-05,,Regular
DOGEUSDT,2023-10-06 00:00:00.000,6.433e-05,,Regular
DOGEUSDT,2023-10-06 08:00:00.000,0.0001,,Regular
DOGEUSDT,2023-10-06 16:00:00.000,5.956e-05,,Regular
DOGEUSDT,2023-10-07 00:00:00.000,9.118e-05,,Regular
DOGEUSDT,2023-10-07 08:00:00.000,5.878e-05,,Regular
DOGEUSDT,2023-10-07 16:00:00.000,0.0001,,Regular
DOGEUSDT,2023-10-08 00:00:00.000,0.0001,,Regular
DOGEUSDT,2023-10-08 08:00:00.001,0.0001,,Regular
DOGEUSDT,2023-10-08 16:00:00.000,3.555e-05,,Regular
DOGEUSDT,2023-10-09 00:00:00.000,-3.469e-05,,Regular
DOGEUSDT,2023-10-09 08:00:00.000,1.187e-05,,Regular
DOGEUSDT,2023-10-09 16:00:00.000,-0.00032408,,Regular
DOGEUSDT,2023-10-10 00:00:00.000,-7.27e-05,,Regular
DOGEUSDT,2023-10-10 08:00:00.000,-6.692e-05,,Regular
DOGEUSDT,2023-10-10 16:00:00.000,-0.00011165,,Regular
DOGEUSDT,2023-10-11 00:00:00.000,-0.00010004,,Regular
DOGEUSDT,2023-10-11 08:00:00.000,9.489e-05,,Regular
DOGEUSDT,2023-10-11 16:00:00.000,-1.449e-05,,Regular
DOGEUSDT,2023-10-12 00:00:00.000,-7.531e-05,,Regular
DOGEUSDT,2023-10-12 08:00:00.000,-0.00015501,,Regular
DOGEUSDT,2023-10-12 16:00:00.000,0.0001,,Regular
DOGEUSDT,2023-10-13 00:00:00.000,7.746e-05,,Regular
DOGEUSDT,2023-10-13 08:00:00.000,8.316e-05,,Regular
DOGEUSDT,2023-10-13 16:00:00.000,7.99e-06,,Regular
DOGEUSDT,2023-10-14 00:00:00.000,0.0001,,Regular
DOGEUSDT,2023-10-14 08:00:00.000,-1.875e-05,,Regular
DOGEUSDT,2023-10-14 16:00:00.000,0.0001,,Regular
DOGEUSDT,2023-10-15 00:00:00.000,0.0001,,Regular
DOGEUSDT,2023-10-15 08:00:00.000,0.0001,,Regular
DOGEUSDT,2023-10-15 16:00:00.000,6.255e-05,,Regular
DOGEUSDT,2023-10-16 00:00:00.000,7.668e-05,,Regular
DOGEUSDT,2023-10-16 08:00:00.000,0.0001,,Regular
DOGEUSDT,2023-10-16 16:00:00.000,9.301e-05,,Regular
DOGEUSDT,2023-10-17 00:00:00.000,2.544e-05,,Regular
DOGEUSDT,2023-10-17 08:00:00.000,0.0001,,Regular
DOGEUSDT,2023-10-17 16:00:00.000,0.0001,,Regular
DOGEUSDT,2023-10-18 00:00:00.000,0.0001,,Regular
DOGEUSDT,2023-10-18 08:00:00.000,9.347e-05,,Regular
DOGEUSDT,2023-10-18 16:00:00.000,8.565e-05,,Regular
DOGEUSDT,2023-10-19 00:00:00.000,-2.621e-05,,Regular
DOGEUSDT,2023-10-19 08:00:00.001,7.594e-05,,Regular
DOGEUSDT,2023-10-19 16:00:00.000,2.191e-05,,Regular
DOGEUSDT,2023-10-20 00:00:00.000,0.0001,,Regular
DOGEUSDT,2023-10-20 08:00:00.005,6.732e-05,,Regular
DOGEUSDT,2023-10-20 16:00:00.000,0.0001,,Regular
DOGEUSDT,2023-10-21 00:00:00.000,0.0001,,Regular
DOGEUSDT,2023-10-21 08:00:00.000,0.0001,,Regular
DOGEUSDT,2023-10-21 16:00:00.000,7.59e-05,,Regular
DOGEUSDT,2023-10-22 00:00:00.000,2.365e-05,,Regular
DOGEUSDT,2023-10-22 08:00:00.000,7.856e-05,,Regular
DOGEUSDT,2023-10-22 16:00:00.000,6e-05,,Regular
DOGEUSDT,2023-10-23 00:00:00.000,0.0001,,Regular
DOGEUSDT,2023-10-23 08:00:00.001,0.0001,,Regular
DOGEUSDT,2023-10-23 16:00:00.001,0.0001,,Regular
DOGEUSDT,2023-10-24 00:00:00.000,0.0001,,Regular
DOGEUSDT,2023-10-24 08:00:00.000,0.0001,,Regular
DOGEUSDT,2023-10-24 16:00:00.000,0.0001,,Regular
DOGEUSDT,2023-10-25 00:00:00.000,0.0001,,Regular
DOGEUSDT,2023-10-25 08:00:00.000,0.0001,,Regular
DOGEUSDT,2023-10-25 16:00:00.001,0.0001,,Regular
DOGEUSDT,2023-10-26 00:00:00.001,0.0001,,Regular
DOGEUSDT,2023-10-26 08:00:00.000,0.0001,,Regular
DOGEUSDT,2023-10-26 16:00:00.000,0.0001,,Regular
DOGEUSDT,2023-10-27 00:00:00.000,0.0001,,Regular
DOGEUSDT,2023-10-27 08:00:00.000,0.0001,,Regular
DOGEUSDT,2023-10-27 16:00:00.000,0.0001,,Regular
DOGEUSDT,2023-10-28 00:00:00.000,0.0001,,Regular
DOGEUSDT,2023-10-28 08:00:00.001,0.0001,,Regular
DOGEUSDT,2023-10-28 16:00:00.000,0.0001,,Regular
DOGEUSDT,2023-10-29 00:00:00.000,0.0001,,Regular
DOGEUSDT,2023-10-29 08:00:00.000,0.00018542,,Regular
DOGEUSDT,2023-10-29 16:00:00.000,0.00012121,,Regular
DOGEUSDT,2023-10-30 00:00:00.000,0.00010494,,Regular
DOGEUSDT,2023-10-30 08:00:00.000,0.0001,,Regular
DOGEUSDT,2023-10-30 16:00:00.000,0.0001,,Regular
DOGEUSDT,2023-10-31 00:00:00.001,0.00036905,,Regular
DOGEUSDT,2023-10-31 08:00:00.000,0.00015566,0.06855213,Regular
DOGEUSDT,2023-10-31 16:00:00.000,0.0001,0.06725000,Regular
DOGEUSDT,2023-11-01 00:00:00.000,0.0001,0.06830023,Regular
DOGEUSDT,2023-11-01 08:00:00.000,0.0001,0.06684691,Regular
DOGEUSDT,2023-11-01 16:00:00.000,0.0001,0.06617604,Regular
DOGEUSDT,2023-11-02 00:00:00.001,0.00031721,0.06895820,Regular
DOGEUSDT,2023-11-02 08:00:00.000,0.00025385,0.06977000,Regular
DOGEUSDT,2023-11-02 16:00:00.000,0.00019966,0.06750513,Regular
DOGEUSDT,2023-11-03 00:00:00.000,0.0001,0.06793470,Regular
DOGEUSDT,2023-11-03 08:00:00.000,0.0001,0.06750763,Regular
DOGEUSDT,2023-11-03 16:00:00.000,0.0001219,0.06777715,Regular
DOGEUSDT,2023-11-04 00:00:00.000,0.0001,0.06812396,Regular
DOGEUSDT,2023-11-04 08:00:00.000,0.00021181,0.06879000,Regular
DOGEUSDT,2023-11-04 16:00:00.000,0.000188,0.06830000,Regular
DOGEUSDT,2023-11-05 00:00:00.000,0.00012991,0.06914000,Regular
DOGEUSDT,2023-11-05 08:00:00.000,0.00022472,0.06965988,Regular
DOGEUSDT,2023-11-05 16:00:00.000,0.0001587,0.06990686,Regular
DOGEUSDT,2023-11-06 00:00:00.000,0.00020959,0.07111000,Regular
DOGEUSDT,2023-11-06 08:00:00.001,0.00011717,0.07136214,Regular
DOGEUSDT,2023-11-06 16:00:00.000,0.00019251,0.07384850,Regular
DOGEUSDT,2023-11-07 00:00:00.001,0.0001,0.07642632,Regular
DOGEUSDT,2023-11-07 08:00:00.000,0.0001,0.07550000,Regular
DOGEUSDT,2023-11-07 16:00:00.000,0.0001,0.07227305,Regular
DOGEUSDT,2023-11-08 00:00:00.000,0.0001,0.07342663,Regular
DOGEUSDT,2023-11-08 08:00:00.000,0.0001,0.07373359,Regular
DOGEUSDT,2023-11-08 16:00:00.000,0.0001,0.07404430,Regular
DOGEUSDT,2023-11-09 00:00:00.000,0.0001,0.07535125,Regular
DOGEUSDT,2023-11-09 08:00:00.000,0.00022535,0.07585000,Regular
DOGEUSDT,2023-11-09 16:00:00.000,0.00027145,0.07574000,Regular
DOGEUSDT,2023-11-10 00:00:00.000,0.0001,0.07355542,Regular
DOGEUSDT,2023-11-10 08:00:00.000,0.0001,0.07433910,Regular
DOGEUSDT,2023-11-10 16:00:00.000,0.0001,0.07330000,Regular
DOGEUSDT,2023-11-11 00:00:00.000,0.00020749,0.07546873,Regular
DOGEUSDT,2023-11-11 08:00:00.000,0.00017927,0.07858000,Regular
DOGEUSDT,2023-11-11 16:00:00.000,0.00037359,0.08017621,Regular
DOGEUSDT,2023-11-12 00:00:00.000,0.00026008,0.07850000,Regular
DOGEUSDT,2023-11-12 08:00:00.000,0.00011835,0.07947000,Regular
DOGEUSDT,2023-11-12 16:00:00.001,0.00011742,0.07852123,Regular
DOGEUSDT,2023-11-13 00:00:00.000,0.00010041,0.07798156,Regular
DOGEUSDT,2023-11-13 08:00:00.000,0.00035859,0.07725000,Regular
DOGEUSDT,2023-11-13 16:00:00.000,0.00024215,0.07711362,Regular
DOGEUSDT,2023-11-14 00:00:00.000,0.0001,0.07457439,Regular
DOGEUSDT,2023-11-14 08:00:00.000,0.00026734,0.07521000,Regular
DOGEUSDT,2023-11-14 16:00:00.001,0.00013011,0.07401737,Regular
DOGEUSDT,2023-11-15 00:00:00.000,0.0001,0.07241858,Regular
DOGEUSDT,2023-11-15 08:00:00.000,0.00010057,0.07359227,Regular
DOGEUSDT,2023-11-15 16:00:00.000,0.00027155,0.07447024,Regular
DOGEUSDT,2023-11-16 00:00:00.000,0.00018365,0.07625362,Regular
DOGEUSDT,2023-11-16 08:00:00.000,0.0003502,0.07945662,Regular
DOGEUSDT,2023-11-16 16:00:00.001,0.00035663,0.07693510,Regular
DOGEUSDT,2023-11-17 00:00:00.000,0.00014759,0.07949000,Regular
DOGEUSDT,2023-11-17 08:00:00.001,0.00014753,0.08270789,Regular
DOGEUSDT,2023-11-17 16:00:00.001,0.0001306,0.08002839,Regular
DOGEUSDT,2023-11-18 00:00:00.000,0.0001,0.08650779,Regular
DOGEUSDT,2023-11-18 08:00:00.000,0.0001,0.08355522,Regular
DOGEUSDT,2023-11-18 16:00:00.000,0.0001,0.08101811,Regular
DOGEUSDT,2023-11-19 00:00:00.000,0.0001,0.08032000,Regular
DOGEUSDT,2023-11-19 08:00:00.000,0.0001,0.07936000,Regular
DOGEUSDT,2023-11-19 16:00:00.000,0.0001,0.07838693,Regular
DOGEUSDT,2023-11-20 00:00:00.000,0.0001,0.08046789,Regular
DOGEUSDT,2023-11-20 08:00:00.000,0.0001947,0.08106000,Regular
DOGEUSDT,2023-11-20 16:00:00.000,0.00010326,0.08050000,Regular
DOGEUSDT,2023-11-21 00:00:00.000,0.00012412,0.07774000,Regular
DOGEUSDT,2023-11-21 08:00:00.000,0.0001,0.07627433,Regular
DOGEUSDT,2023-11-21 16:00:00.000,0.0001,0.07593776,Regular
DOGEUSDT,2023-11-22 00:00:00.000,0.0001,0.07173112,Regular
DOGEUSDT,2023-11-22 08:00:00.000,0.0001,0.07424000,Regular
DOGEUSDT,2023-11-22 16:00:00.000,0.0001,0.07423689,Regular
DOGEUSDT,2023-11-23 00:00:00.000,0.0001,0.07571978,Regular
DOGEUSDT,2023-11-23 08:00:00.000,0.0001,0.07574937,Regular
DOGEUSDT,2023-11-23 16:00:00.001,0.0001,0.07503664,Regular
DOGEUSDT,2023-11-24 00:00:00.000,0.0001,0.07617268,Regular
DOGEUSDT,2023-11-24 08:00:00.000,0.0001,0.07772047,Regular
DOGEUSDT,2023-11-24 16:00:00.000,0.0001,0.07789584,Regular
DOGEUSDT,2023-11-25 00:00:00.000,0.0001,0.07820119,Regular
DOGEUSDT,2023-11-25 08:00:00.000,0.0001,0.07887000,Regular
DOGEUSDT,2023-11-25 16:00:00.000,0.00012286,0.07839000,Regular
DOGEUSDT,2023-11-26 00:00:00.000,0.0001,0.07894286,Regular
DOGEUSDT,2023-11-26 08:00:00.000,0.0001,0.07827320,Regular
DOGEUSDT,2023-11-26 16:00:00.000,0.0001,0.07732253,Regular
DOGEUSDT,2023-11-27 00:00:00.000,0.0001,0.07866855,Regular
DOGEUSDT,2023-11-27 08:00:00.001,0.0001,0.08089313,Regular
DOGEUSDT,2023-11-27 16:00:00.000,0.0001,0.07721176,Regular
DOGEUSDT,2023-11-28 00:00:00.000,0.0001,0.07883000,Regular
DOGEUSDT,2023-11-28 08:00:00.000,0.0001,0.07729743,Regular
DOGEUSDT,2023-11-28 16:00:00.000,0.0001,0.07998628,Regular
DOGEUSDT,2023-11-29 00:00:00.001,0.0001,0.08086000,Regular
DOGEUSDT,2023-11-29 08:00:00.000,0.0001,0.08094231,Regular
DOGEUSDT,2023-11-29 16:00:00.000,0.0001,0.08024677,Regular
DOGEUSDT,2023-11-30 00:00:00.000,0.0001,0.08049126,Regular
DOGEUSDT,2023-11-30 08:00:00.000,0.0001,0.08163026,Regular
DOGEUSDT,2023-11-30 16:00:00.000,0.0001,0.08240398,Regular
DOGEUSDT,2023-12-01 00:00:00.000,0.0001,0.08347956,Regular
DOGEUSDT,2023-12-01 08:00:00.000,0.0001,0.08424000,Regular
DOGEUSDT,2023-12-01 16:00:00.000,0.0001,0.08298795,Regular
DOGEUSDT,2023-12-02 00:00:00.000,0.0001,0.08386000,Regular
DOGEUSDT,2023-12-02 08:00:00.000,0.0001,0.08379487,Regular
DOGEUSDT,2023-12-02 16:00:00.000,0.0001,0.08436829,Regular
DOGEUSDT,2023-12-03 00:00:00.000,0.0001,0.08623000,Regular
DOGEUSDT,2023-12-03 08:00:00.000,0.00020393,0.08544567,Regular
DOGEUSDT,2023-12-03 16:00:00.000,0.0001,0.08401538,Regular
DOGEUSDT,2023-12-04 00:00:00.000,0.0001,0.08573370,Regular
DOGEUSDT,2023-12-04 08:00:00.000,0.00032177,0.09060284,Regular
DOGEUSDT,2023-12-04 16:00:00.000,0.0001,0.08940000,Regular
DOGEUSDT,2023-12-05 00:00:00.000,0.0001,0.09192975,Regular
DOGEUSDT,2023-12-05 08:00:00.000,0.0001,0.08845409,Regular
DOGEUSDT,2023-12-05 16:00:00.000,0.0001,0.08983000,Regular
DOGEUSDT,2023-12-06 00:00:00.000,0.0001254,0.09429595,Regular
DOGEUSDT,2023-12-06 08:00:00.000,0.0001,0.10275676,Regular
DOGEUSDT,2023-12-06 16:00:00.000,0.00014636,0.10079979,Regular
DOGEUSDT,2023-12-07 00:00:00.000,0.00023156,0.09498000,Regular
DOGEUSDT,2023-12-07 08:00:00.000,0.00014133,0.09767017,Regular
DOGEUSDT,2023-12-07 16:00:00.000,0.00024177,0.09632000,Regular
DOGEUSDT,2023-12-08 00:00:00.000,0.00040236,0.09595000,Regular
DOGEUSDT,2023-12-08 08:00:00.000,0.00024385,0.09746320,Regular
DOGEUSDT,2023-12-08 16:00:00.000,0.00020194,0.09795000,Regular
DOGEUSDT,2023-12-09 00:00:00.000,0.00032603,0.10172000,Regular
DOGEUSDT,2023-12-09 08:00:00.000,0.0004397,0.10484000,Regular
DOGEUSDT,2023-12-09 16:00:00.000,0.00047806,0.10121555,Regular
DOGEUSDT,2023-12-10 00:00:00.000,0.0002142,0.09851083,Regular
DOGEUSDT,2023-12-10 08:00:00.000,0.00037766,0.10013000,Regular
DOGEUSDT,2023-12-10 16:00:00.000,0.00031964,0.10079000,Regular
DOGEUSDT,2023-12-11 00:00:00.000,0.0003439,0.10196776,Regular
DOGEUSDT,2023-12-11 08:00:00.000,0.0001,0.09699404,Regular
DOGEUSDT,2023-12-11 16:00:00.000,0.0001,0.09537232,Regular
DOGEUSDT,2023-12-12 00:00:00.000,0.0001,0.09417299,Regular
DOGEUSDT,2023-12-12 08:00:00.000,0.0001,0.09687771,Regular
DOGEUSDT,2023-12-12 16:00:00.000,0.00017383,0.09414000,Regular
DOGEUSDT,2023-12-13 00:00:00.000,0.0001,0.09383207,Regular
DOGEUSDT,2023-12-13 08:00:00.000,0.0001,0.09158101,Regular
DOGEUSDT,2023-12-13 16:00:00.001,0.0001,0.09305622,Regular
DOGEUSDT,2023-12-14 00:00:00.000,0.0001,0.09642047,Regular
DOGEUSDT,2023-12-14 08:00:00.000,0.0001,0.09639977,Regular
DOGEUSDT,2023-12-14 16:00:00.000,0.0001,0.09557845,Regular
DOGEUSDT,2023-12-15 00:00:00.000,0.0001,0.09838000,Regular
DOGEUSDT,2023-12-15 08:00:00.000,0.00018556,0.09599927,Regular
DOGEUSDT,2023-12-15 16:00:00.000,0.0001,0.09399319,Regular
DOGEUSDT,2023-12-16 00:00:00.000,0.0001,0.09303169,Regular
DOGEUSDT,2023-12-16 08:00:00.000,0.0001,0.09380718,Regular
DOGEUSDT,2023-12-16 16:00:00.001,0.0001,0.09507000,Regular
DOGEUSDT,2023-12-17 00:00:00.000,0.0001,0.09716018,Regular
DOGEUSDT,2023-12-17 08:00:00.000,0.0001,0.09393673,Regular
DOGEUSDT,2023-12-17 16:00:00.000,0.00010706,0.09464529,Regular
DOGEUSDT,2023-12-18 00:00:00.000,0.0001,0.09297214,Regular
DOGEUSDT,2023-12-18 08:00:00.001,0.0001,0.09088514,Regular
DOGEUSDT,2023-12-18 16:00:00.000,0.0001,0.08903701,Regular
DOGEUSDT,2023-12-19 00:00:00.000,0.0001,0.09212879,Regular
DOGEUSDT,2023-12-19 08:00:00.000,0.0001,0.09320000,Regular
DOGEUSDT,2023-12-19 16:00:00.000,0.0001,0.09136000,Regular
DOGEUSDT,2023-12-20 00:00:00.000,0.0001,0.09026608,Regular
DOGEUSDT,2023-12-20 08:00:00.000,0.00011469,0.09043000,Regular
DOGEUSDT,2023-12-20 16:00:00.000,0.0001,0.09303926,Regular
DOGEUSDT,2023-12-21 00:00:00.000,0.00024142,0.09157456,Regular
DOGEUSDT,2023-12-21 08:00:00.000,0.00035556,0.09158000,Regular
DOGEUSDT,2023-12-21 16:00:00.000,0.00024984,0.09141000,Regular
DOGEUSDT,2023-12-22 00:00:00.000,0.00033748,0.09506376,Regular
DOGEUSDT,2023-12-22 08:00:00.000,0.00031602,0.09262652,Regular
DOGEUSDT,2023-12-22 16:00:00.000,0.00033018,0.09389000,Regular
DOGEUSDT,2023-12-23 00:00:00.000,0.00034928,0.09502365,Regular
DOGEUSDT,2023-12-23 08:00:00.001,0.00021318,0.09264000,Regular
DOGEUSDT,2023-12-23 16:00:00.000,0.00032786,0.09309479,Regular
DOGEUSDT,2023-12-24 00:00:00.000,0.00033859,0.09351533,Regular
DOGEUSDT,2023-12-24 08:00:00.000,0.00036768,0.09347000,Regular
DOGEUSDT,2023-12-24 16:00:00.000,0.00045794,0.09382000,Regular
DOGEUSDT,2023-12-25 00:00:00.000,0.00022718,0.09175000,Regular
DOGEUSDT,2023-12-25 08:00:00.000,0.00025381,0.09261842,Regular
DOGEUSDT,2023-12-25 16:00:00.000,0.00041768,0.09381006,Regular
DOGEUSDT,2023-12-26 00:00:00.000,0.00053714,0.09438331,Regular
DOGEUSDT,2023-12-26 08:00:00.000,0.0002611,0.09272216,Regular
DOGEUSDT,2023-12-26 16:00:00.000,0.00044854,0.09159968,Regular
DOGEUSDT,2023-12-27 00:00:00.000,0.0001,0.09142328,Regular
DOGEUSDT,2023-12-27 08:00:00.000,0.00014526,0.09193673,Regular
DOGEUSDT,2023-12-27 16:00:00.000,0.0004619,0.09336000,Regular
DOGEUSDT,2023-12-28 00:00:00.000,0.00047802,0.09374473,Regular
DOGEUSDT,2023-12-28 08:00:00.000,0.00056982,0.09355000,Regular
DOGEUSDT,2023-12-28 16:00:00.000,0.00046646,0.09143000,Regular
DOGEUSDT,2023-12-29 00:00:00.001,0.00039439,0.09180000,Regular
DOGEUSDT,2023-12-29 08:00:00.000,0.00043116,0.09135715,Regular
DOGEUSDT,2023-12-29 16:00:00.000,0.00051294,0.09166000,Regular
DOGEUSDT,2023-12-30 00:00:00.001,0.0001,0.09097312,Regular
DOGEUSDT,2023-12-30 08:00:00.000,0.00040406,0.09055000,Regular
DOGEUSDT,2023-12-30 16:00:00.000,0.0002636,0.09089000,Regular
DOGEUSDT,2023-12-31 00:00:00.000,0.00028895,0.09006917,Regular
DOGEUSDT,2023-12-31 08:00:00.001,0.00023869,0.09051481,Regular
DOGEUSDT,2023-12-31 16:00:00.000,0.00032113,0.09016167,Regular
DOGEUSDT,2024-01-01 00:00:00.000,0.00022291,0.08957000,Regular
DOGEUSDT,2024-01-01 08:00:00.000,0.00018953,0.08967649,Regular
DOGEUSDT,2024-01-01 16:00:00.000,0.00041893,0.09108145,Regular
DOGEUSDT,2024-01-02 00:00:00.000,0.0005603,0.09209000,Regular
DOGEUSDT,2024-01-02 08:00:00.000,0.00052026,0.09354663,Regular
DOGEUSDT,2024-01-02 16:00:00.000,0.00069049,0.09150837,Regular
DOGEUSDT,2024-01-03 00:00:00.000,0.00037951,0.09112409,Regular
DOGEUSDT,2024-01-03 08:00:00.000,0.00037008,0.09171000,Regular
DOGEUSDT,2024-01-03 16:00:00.000,0.0001,0.08245156,Regular
DOGEUSDT,2024-01-04 00:00:00.000,0.0001,0.08197495,Regular
DOGEUSDT,2024-01-04 08:00:00.000,0.0001,0.08228126,Regular
DOGEUSDT,2024-01-04 16:00:00.000,0.0001,0.08406879,Regular
DOGEUSDT,2024-01-05 00:00:00.001,0.0001,0.08399000,Regular
DOGEUSDT,2024-01-05 08:00:00.000,0.0001,0.08281000,Regular
DOGEUSDT,2024-01-05 16:00:00.000,0.0001,0.08194000,Regular
DOGEUSDT,2024-01-06 00:00:00.000,0.0001,0.08266000,Regular
DOGEUSDT,2024-01-06 08:00:00.000,0.0001,0.08020626,Regular
DOGEUSDT,2024-01-06 16:00:00.000,0.0001,0.08145872,Regular
DOGEUSDT,2024-01-07 00:00:00.000,0.0001,0.08057630,Regular
DOGEUSDT,2024-01-07 08:00:00.001,0.0001,0.08071458,Regular
DOGEUSDT,2024-01-07 16:00:00.001,0.0001,0.07943430,Regular
DOGEUSDT,2024-01-08 00:00:00.000,0.0001,0.07821752,Regular
DOGEUSDT,2024-01-08 08:00:00.000,0.0001,0.07761369,Regular
DOGEUSDT,2024-01-08 16:00:00.000,0.0001,0.07907000,Regular
DOGEUSDT,2024-01-09 00:00:00.001,0.0001,0.08133000,Regular
DOGEUSDT,2024-01-09 08:00:00.000,0.0001,0.08048279,Regular
DOGEUSDT,2024-01-09 16:00:00.000,0.0001,0.07825906,Regular
DOGEUSDT,2024-01-10 00:00:00.000,0.0001,0.07923485,Regular
DOGEUSDT,2024-01-10 08:00:00.000,0.0001,0.07863740,Regular
DOGEUSDT,2024-01-10 16:00:00.000,0.0001,0.07836403,Regular
DOGEUSDT,2024-01-11 00:00:00.000,0.0001,0.08308276,Regular
DOGEUSDT,2024-01-11 08:00:00.000,0.0001,0.08382000,Regular
DOGEUSDT,2024-01-11 16:00:00.000,0.0001,0.08496320,Regular
DOGEUSDT,2024-01-12 00:00:00.001,0.0001,0.08457408,Regular
DOGEUSDT,2024-01-12 08:00:00.000,0.0001,0.08410000,Regular
DOGEUSDT,2024-01-12 16:00:00.000,0.0001,0.08272000,Regular
DOGEUSDT,2024-01-13 00:00:00.000,0.0001,0.08008000,Regular
DOGEUSDT,2024-01-13 08:00:00.000,0.0001,0.08080000,Regular
DOGEUSDT,2024-01-13 16:00:00.001,0.0001,0.08121000,Regular
DOGEUSDT,2024-01-14 00:00:00.000,0.0001,0.08089877,Regular
DOGEUSDT,2024-01-14 08:00:00.000,0.0001,0.08255934,Regular
DOGEUSDT,2024-01-14 16:00:00.001,0.0001,0.08204174,Regular
DOGEUSDT,2024-01-15 00:00:00.000,0.0001,0.08003000,Regular
DOGEUSDT,2024-01-15 08:00:00.000,0.0001,0.08090425,Regular
DOGEUSDT,2024-01-15 16:00:00.000,0.0001,0.08026159,Regular
DOGEUSDT,2024-01-16 00:00:00.000,0.0001,0.08108516,Regular
DOGEUSDT,2024-01-16 08:00:00.000,0.0001,0.08095184,Regular
DOGEUSDT,2024-01-16 16:00:00.001,0.0001,0.08130719,Regular
DOGEUSDT,2024-01-17 00:00:00.000,0.0001,0.08136812,Regular
DOGEUSDT,2024-01-17 08:00:00.000,0.0001,0.08041304,Regular
DOGEUSDT,2024-01-17 16:00:00.000,0.0001,0.08008000,Regular
DOGEUSDT,2024-01-18 00:00:00.001,0.0001,0.08059000,Regular
DOGEUSDT,2024-01-18 08:00:00.000,0.0001,0.08074893,Regular
DOGEUSDT,2024-01-18 16:00:00.000,0.0001,0.08009818,Regular
DOGEUSDT,2024-01-19 00:00:00.000,0.0001,0.07806417,Regular
DOGEUSDT,2024-01-19 08:00:00.000,0.0001,0.07814555,Regular
DOGEUSDT,2024-01-19 16:00:00.002,0.0001,0.07743375,Regular
DOGEUSDT,2024-01-20 00:00:00.000,0.0001,0.07858951,Regular
DOGEUSDT,2024-01-20 08:00:00.003,0.0001,0.07921417,Regular
DOGEUSDT,2024-01-20 16:00:00.000,0.0001,0.07923215,Regular
DOGEUSDT,2024-01-21 00:00:00.000,0.0001,0.08776022,Regular
DOGEUSDT,2024-01-21 08:00:00.000,0.0001,0.08584446,Regular
DOGEUSDT,2024-01-21 16:00:00.000,0.0001,0.08723000,Regular
DOGEUSDT,2024-01-22 00:00:00.000,0.0001,0.08547609,Regular
DOGEUSDT,2024-01-22 08:00:00.000,0.0001,0.08338235,Regular
DOGEUSDT,2024-01-22 16:00:00.000,0.0001,0.08410943,Regular
DOGEUSDT,2024-01-23 00:00:00.000,0.0001,0.08054813,Regular
DOGEUSDT,2024-01-23 08:00:00.000,0.0001,0.07975039,Regular
DOGEUSDT,2024-01-23 16:00:00.000,0.0001,0.07752096,Regular
DOGEUSDT,2024-01-24 00:00:00.000,0.0001,0.07817000,Regular
DOGEUSDT,2024-01-24 08:00:00.000,0.0001,0.07954228,Regular
DOGEUSDT,2024-01-24 16:00:00.000,0.0001,0.07913160,Regular
DOGEUSDT,2024-01-25 00:00:00.000,0.0001,0.07906801,Regular
DOGEUSDT,2024-01-25 08:00:00.001,0.0001,0.07819929,Regular
DOGEUSDT,2024-01-25 16:00:00.000,0.0001,0.07739000,Regular
DOGEUSDT,2024-01-26 00:00:00.001,0.0001,0.07792756,Regular
DOGEUSDT,2024-01-26 08:00:00.000,0.0001,0.07782543,Regular
DOGEUSDT,2024-01-26 16:00:00.000,0.0001,0.07946000,Regular
DOGEUSDT,2024-01-27 00:00:00.000,0.0001,0.07981328,Regular
DOGEUSDT,2024-01-27 08:00:00.000,0.0001,0.07937407,Regular
DOGEUSDT,2024-01-27 16:00:00.000,0.0001,0.07957879,Regular
DOGEUSDT,2024-01-28 00:00:00.000,0.0001,0.08011812,Regular
DOGEUSDT,2024-01-28 08:00:00.000,0.0001,0.08019000,Regular
DOGEUSDT,2024-01-28 16:00:00.000,0.0001,0.07959096,Regular
DOGEUSDT,2024-01-29 00:00:00.000,0.0001,0.07881126,Regular
DOGEUSDT,2024-01-29 08:00:00.001,0.0001,0.07846000,Regular
DOGEUSDT,2024-01-29 16:00:00.000,0.0001,0.08222022,Regular
DOGEUSDT,2024-01-30 00:00:00.000,0.0001,0.08135000,Regular
DOGEUSDT,2024-01-30 08:00:00.000,0.0001,0.08138885,Regular
DOGEUSDT,2024-01-30 16:00:00.001,0.0001,0.08119000,Regular
DOGEUSDT,2024-01-31 00:00:00.000,0.0001,0.07971540,Regular
DOGEUSDT,2024-01-31 08:00:00.000,0.0001,0.07975000,Regular
DOGEUSDT,2024-01-31 16:00:00.000,0.0001,0.07950000,Regular
DOGEUSDT,2024-02-01 00:00:00.000,0.0001,0.07873981,Regular
DOGEUSDT,2024-02-01 08:00:00.000,0.0001,0.07880052,Regular
DOGEUSDT,2024-02-01 16:00:00.002,0.0001,0.07894000,Regular
DOGEUSDT,2024-02-02 00:00:00.000,0.0001,0.07933000,Regular
DOGEUSDT,2024-02-02 08:00:00.000,0.0001,0.07977000,Regular
DOGEUSDT,2024-02-02 16:00:00.000,0.0001,0.07937000,Regular
DOGEUSDT,2024-02-03 00:00:00.000,0.0001,0.07925555,Regular
DOGEUSDT,2024-02-03 08:00:00.000,0.0001,0.07897000,Regular
DOGEUSDT,2024-02-03 16:00:00.001,0.0001,0.07905000,Regular
DOGEUSDT,2024-02-04 00:00:00.000,0.0001,0.07871000,Regular
DOGEUSDT,2024-02-04 08:00:00.004,0.0001,0.07863000,Regular
DOGEUSDT,2024-02-04 16:00:00.000,0.0001,0.07910000,Regular
DOGEUSDT,2024-02-05 00:00:00.000,0.0001,0.07825833,Regular
DOGEUSDT,2024-02-05 08:00:00.000,0.0001,0.07871696,Regular
DOGEUSDT,2024-02-05 16:00:00.000,0.0001,0.07870000,Regular
DOGEUSDT,2024-02-06 00:00:00.000,0.0001,0.07831029,Regular
DOGEUSDT,2024-02-06 08:00:00.001,0.0001,0.07846406,Regular
DOGEUSDT,2024-02-06 16:00:00.000,0.0001,0.07854240,Regular
DOGEUSDT,2024-02-07 00:00:00.000,0.0001,0.07849506,Regular
DOGEUSDT,2024-02-07 08:00:00.000,0.0001,0.07835654,Regular
DOGEUSDT,2024-02-07 16:00:00.000,0.0001,0.07896049,Regular
DOGEUSDT,2024-02-08 00:00:00.000,0.0001,0.08013089,Regular
DOGEUSDT,2024-02-08 08:00:00.000,0.0001,0.07990530,Regular
DOGEUSDT,2024-02-08 16:00:00.000,0.0001,0.08072557,Regular
DOGEUSDT,2024-02-09 00:00:00.000,0.0001,0.07986000,Regular
DOGEUSDT,2024-02-09 08:00:00.000,0.0001,0.08189073,Regular
DOGEUSDT,2024-02-09 16:00:00.001,0.0001,0.08144024,Regular
DOGEUSDT,2024-02-10 00:00:00.001,0.0001,0.08155936,Regular
DOGEUSDT,2024-02-10 08:00:00.000,0.0001,0.08125745,Regular
DOGEUSDT,2024-02-10 16:00:00.000,0.0001,0.08111568,Regular
DOGEUSDT,2024-02-11 00:00:00.000,0.0001,0.08138259,Regular
DOGEUSDT,2024-02-11 08:00:00.001,0.0001,0.08286697,Regular
DOGEUSDT,2024-02-11 16:00:00.000,0.0001,0.08181000,Regular
DOGEUSDT,2024-02-12 00:00:00.000,0.0001,0.08123339,Regular
DOGEUSDT,2024-02-12 08:00:00.000,0.0001,0.08036550,Regular
DOGEUSDT,2024-02-12 16:00:00.000,0.0001,0.08160008,Regular
DOGEUSDT,2024-02-13 00:00:00.000,0.0001,0.08229000,Regular
DOGEUSDT,2024-02-13 08:00:00.000,0.00018857,0.08256785,Regular
DOGEUSDT,2024-02-13 16:00:00.000,0.00013418,0.08099471,Regular
DOGEUSDT,2024-02-14 00:00:00.000,0.00018664,0.08110000,Regular
DOGEUSDT,2024-02-14 08:00:00.000,0.0001,0.08179240,Regular
DOGEUSDT,2024-02-14 16:00:00.000,0.00038729,0.08320777,Regular
DOGEUSDT,2024-02-15 00:00:00.000,0.00037785,0.08557000,Regular
DOGEUSDT,2024-02-15 08:00:00.000,0.00025577,0.08557730,Regular
DOGEUSDT,2024-02-15 16:00:00.000,0.0001237,0.08510000,Regular
DOGEUSDT,2024-02-16 00:00:00.000,0.00022411,0.08534000,Regular
DOGEUSDT,2024-02-16 08:00:00.000,0.00028397,0.08519000,Regular
DOGEUSDT,2024-02-16 16:00:00.000,0.00017699,0.08548971,Regular
DOGEUSDT,2024-02-17 00:00:00.000,0.00023524,0.08594000,Regular
DOGEUSDT,2024-02-17 08:00:00.000,0.0001312,0.08524609,Regular
DOGEUSDT,2024-02-17 16:00:00.000,0.0001,0.08300697,Regular
DOGEUSDT,2024-02-18 00:00:00.000,0.00011747,0.08357797,Regular
DOGEUSDT,2024-02-18 08:00:00.000,0.00021794,0.08391000,Regular
DOGEUSDT,2024-02-18 16:00:00.000,0.00015904,0.08397000,Regular
DOGEUSDT,2024-02-19 00:00:00.000,0.00023872,0.08524000,Regular
DOGEUSDT,2024-02-19 08:00:00.000,0.00028442,0.08665829,Regular
DOGEUSDT,2024-02-19 16:00:00.000,0.00043884,0.08760000,Regular
DOGEUSDT,2024-02-20 00:00:00.000,0.0002904,0.08949000,Regular
DOGEUSDT,2024-02-20 08:00:00.000,0.00025025,0.08749491,Regular
DOGEUSDT,2024-02-20 16:00:00.000,0.00012405,0.08457512,Regular
DOGEUSDT,2024-02-21 00:00:00.000,0.0001,0.08616516,Regular
DOGEUSDT,2024-02-21 08:00:00.000,0.0001,0.08429814,Regular
DOGEUSDT,2024-02-21 16:00:00.000,0.0001,0.08339853,Regular
DOGEUSDT,2024-02-22 00:00:00.001,0.0001,0.08462583,Regular
DOGEUSDT,2024-02-22 08:00:00.001,0.00010925,0.08515924,Regular
DOGEUSDT,2024-02-22 16:00:00.000,0.00026221,0.08498000,Regular
DOGEUSDT,2024-02-23 00:00:00.000,0.00029037,0.08414493,Regular
DOGEUSDT,2024-02-23 08:00:00.000,0.00025336,0.08366422,Regular
DOGEUSDT,2024-02-23 16:00:00.000,0.00018578,0.08380751,Regular
DOGEUSDT,2024-02-24 00:00:00.000,0.00027477,0.08456513,Regular
DOGEUSDT,2024-02-24 08:00:00.001,0.00029308,0.08514000,Regular
DOGEUSDT,2024-02-24 16:00:00.000,0.00027881,0.08579000,Regular
DOGEUSDT,2024-02-25 00:00:00.001,0.00036182,0.08622000,Regular
DOGEUSDT,2024-02-25 08:00:00.000,0.0004009,0.08603555,Regular
DOGEUSDT,2024-02-25 16:00:00.000,0.00020772,0.08636345,Regular
DOGEUSDT,2024-02-26 00:00:00.000,0.00054579,0.08616332,Regular
DOGEUSDT,2024-02-26 08:00:00.000,0.00034405,0.08553644,Regular
DOGEUSDT,2024-02-26 16:00:00.000,0.00017343,0.08664830,Regular
DOGEUSDT,2024-02-27 00:00:00.000,0.00039982,0.08932000,Regular
DOGEUSDT,2024-02-27 08:00:00.000,0.00065997,0.09188000,Regular
DOGEUSDT,2024-02-27 16:00:00.000,0.00044313,0.09597710,Regular
DOGEUSDT,2024-02-28 00:00:00.000,0.00040132,0.09769000,Regular
DOGEUSDT,2024-02-28 08:00:00.000,0.00022673,0.09692000,Regular
DOGEUSDT,2024-02-28 16:00:00.000,0.00060162,0.10020423,Regular
DOGEUSDT,2024-02-29 00:00:00.000,0.00040614,0.11596000,Regular
DOGEUSDT,2024-02-29 08:00:00.000,0.00078836,0.12816000,Regular
DOGEUSDT,2024-02-29 16:00:00.000,0.0007485,0.13426798,Regular
DOGEUSDT,2024-03-01 00:00:00.000,0.00069545,0.11738503,Regular
DOGEUSDT,2024-03-01 08:00:00.000,0.00060754,0.11846000,Regular
DOGEUSDT,2024-03-01 16:00:00.000,0.00053525,0.12443000,Regular
DOGEUSDT,2024-03-02 00:00:00.000,0.00068518,0.13951552,Regular
DOGEUSDT,2024-03-02 08:00:00.001,0.00087727,0.14686866,Regular
DOGEUSDT,2024-03-02 16:00:00.000,0.00070534,0.13767000,Regular
DOGEUSDT,2024-03-03 00:00:00.000,0.00061388,0.14210548,Regular
DOGEUSDT,2024-03-03 08:00:00.000,0.00069223,0.13136000,Regular
DOGEUSDT,2024-03-03 16:00:00.000,0.00062328,0.14038000,Regular
DOGEUSDT,2024-03-04 00:00:00.000,0.00072633,0.15369000,Regular
DOGEUSDT,2024-03-04 08:00:00.000,0.00064212,0.16393000,Regular
DOGEUSDT,2024-03-04 16:00:00.000,0.00061052,0.17186834,Regular
DOGEUSDT,2024-03-05 00:00:00.000,0.00051204,0.18201765,Regular
DOGEUSDT,2024-03-05 08:00:00.000,0.00102757,0.17829000,Regular
DOGEUSDT,2024-03-05 16:00:00.000,0.00078334,0.17306000,Regular
DOGEUSDT,2024-03-06 00:00:00.000,0.0001,0.15312951,Regular
DOGEUSDT,2024-03-06 08:00:00.001,0.00025286,0.16804000,Regular
DOGEUSDT,2024-03-06 16:00:00.000,0.00036982,0.16129000,Regular
DOGEUSDT,2024-03-07 00:00:00.000,0.00018274,0.15787979,Regular
DOGEUSDT,2024-03-07 08:00:00.000,0.00028267,0.15118718,Regular
DOGEUSDT,2024-03-07 16:00:00.000,0.0005384,0.15894990,Regular
DOGEUSDT,2024-03-08 00:00:00.000,0.00055773,0.15773335,Regular
DOGEUSDT,2024-03-08 08:00:00.000,0.00058396,0.16484604,Regular
DOGEUSDT,2024-03-08 16:00:00.000,0.0005871,0.16361215,Regular
DOGEUSDT,2024-03-09 00:00:00.000,0.00036961,0.16463745,Regular
DOGEUSDT,2024-03-09 08:00:00.001,0.00052347,0.16784530,Regular
DOGEUSDT,2024-03-09 16:00:00.000,0.00060312,0.16999000,Regular
DOGEUSDT,2024-03-10 00:00:00.000,0.00092314,0.17897525,Regular
DOGEUSDT,2024-03-10 08:00:00.000,0.0007414,0.17624553,Regular
DOGEUSDT,2024-03-10 16:00:00.000,0.00051308,0.17241000,Regular
DOGEUSDT,2024-03-11 00:00:00.000,0.00047646,0.17001943,Regular
DOGEUSDT,2024-03-11 08:00:00.000,0.00056768,0.17643000,Regular
DOGEUSDT,2024-03-11 16:00:00.000,0.00082056,0.17443000,Regular
DOGEUSDT,2024-03-12 00:00:00.000,0.00086897,0.18230484,Regular
DOGEUSDT,2024-03-12 08:00:00.000,0.0005499,0.17257000,Regular
DOGEUSDT,2024-03-12 16:00:00.000,0.00047181,0.17016000,Regular
DOGEUSDT,2024-03-13 00:00:00.000,0.00044828,0.16830000,Regular
DOGEUSDT,2024-03-13 08:00:00.001,0.0007323,0.17246000,Regular
DOGEUSDT,2024-03-13 16:00:00.000,0.00068219,0.16687720,Regular
DOGEUSDT,2024-03-14 00:00:00.001,0.00046713,0.16912000,Regular
DOGEUSDT,2024-03-14 08:00:00.000,0.00081938,0.18642000,Regular
DOGEUSDT,2024-03-14 16:00:00.000,0.00044838,0.17290701,Regular
DOGEUSDT,2024-03-15 00:00:00.000,0.00038264,0.17735973,Regular
DOGEUSDT,2024-03-15 08:00:00.000,0.00012373,0.16784711,Regular
DOGEUSDT,2024-03-15 16:00:00.000,0.00017954,0.16237000,Regular
DOGEUSDT,2024-03-16 00:00:00.000,0.00013401,0.16359727,Regular
DOGEUSDT,2024-03-16 08:00:00.000,0.00028457,0.16329324,Regular
DOGEUSDT,2024-03-16 16:00:00.000,0.00018354,0.15402791,Regular
DOGEUSDT,2024-03-17 00:00:00.000,0.00015904,0.14261000,Regular
DOGEUSDT,2024-03-17 08:00:00.000,0.00025619,0.14098000,Regular
DOGEUSDT,2024-03-17 16:00:00.000,0.00021395,0.15292796,Regular
DOGEUSDT,2024-03-18 00:00:00.000,0.0001,0.15438000,Regular
DOGEUSDT,2024-03-18 08:00:00.000,0.00025102,0.14947778,Regular
DOGEUSDT,2024-03-18 16:00:00.001,0.00034633,0.14382000,Regular
DOGEUSDT,2024-03-19 00:00:00.000,0.00024317,0.14357960,Regular
DOGEUSDT,2024-03-19 08:00:00.000,0.00024204,0.13279747,Regular
DOGEUSDT,2024-03-19 16:00:00.001,0.00010485,0.13426695,Regular
DOGEUSDT,2024-03-20 00:00:00.000,0.00025641,0.12887000,Regular
DOGEUSDT,2024-03-20 08:00:00.004,0.00023434,0.13348396,Regular
DOGEUSDT,2024-03-20 16:00:00.000,0.00015808,0.13229687,Regular
DOGEUSDT,2024-03-21 00:00:00.000,0.00022588,0.15221000,Regular
DOGEUSDT,2024-03-21 08:00:00.000,0.00014776,0.15391060,Regular
DOGEUSDT,2024-03-21 16:00:00.000,0.0001,0.15693000,Regular
DOGEUSDT,2024-03-22 00:00:00.000,0.00022561,0.15547069,Regular
DOGEUSDT,2024-03-22 08:00:00.000,0.00016087,0.16314316,Regular
DOGEUSDT,2024-03-22 16:00:00.000,0.0001,0.14976111,Regular
DOGEUSDT,2024-03-23 00:00:00.000,0.00014841,0.15299510,Regular
DOGEUSDT,2024-03-23 08:00:00.000,0.00014683,0.16138946,Regular
DOGEUSDT,2024-03-23 16:00:00.000,0.00013248,0.16670369,Regular
DOGEUSDT,2024-03-24 00:00:00.000,0.00016201,0.16198304,Regular
DOGEUSDT,2024-03-24 08:00:00.000,0.0001,0.17396104,Regular
DOGEUSDT,2024-03-24 16:00:00.000,0.00017401,0.17501000,Regular
DOGEUSDT,2024-03-25 00:00:00.000,0.00017399,0.17660000,Regular
DOGEUSDT,2024-03-25 08:00:00.001,0.0001,0.17145903,Regular
DOGEUSDT,2024-03-25 16:00:00.000,0.00024876,0.18304884,Regular
DOGEUSDT,2024-03-26 00:00:00.000,0.00034626,0.17535727,Regular
DOGEUSDT,2024-03-26 08:00:00.000,0.00024098,0.17933542,Regular
DOGEUSDT,2024-03-26 16:00:00.000,0.00034912,0.17864000,Regular
DOGEUSDT,2024-03-27 00:00:00.000,0.00038869,0.18244691,Regular
DOGEUSDT,2024-03-27 08:00:00.001,0.00048614,0.18298763,Regular
DOGEUSDT,2024-03-27 16:00:00.000,0.0004896,0.18799000,Regular
DOGEUSDT,2024-03-28 00:00:00.000,0.00055772,0.19066703,Regular
DOGEUSDT,2024-03-28 08:00:00.000,0.00039111,0.20019951,Regular
DOGEUSDT,2024-03-28 16:00:00.000,0.00064918,0.21762000,Regular
DOGEUSDT,2024-03-29 00:00:00.000,0.00049765,0.22020000,Regular
DOGEUSDT,2024-03-29 08:00:00.000,0.00053486,0.20972718,Regular
DOGEUSDT,2024-03-29 16:00:00.000,0.00044307,0.20890795,Regular
DOGEUSDT,2024-03-30 00:00:00.000,0.00047129,0.21312205,Regular
DOGEUSDT,2024-03-30 08:00:00.000,0.00042609,0.20631000,Regular
DOGEUSDT,2024-03-30 16:00:00.000,0.00062265,0.20397991,Regular
DOGEUSDT,2024-03-31 00:00:00.000,0.0003155,0.19927638,Regular
DOGEUSDT,2024-03-31 08:00:00.000,0.00030309,0.20706000,Regular
DOGEUSDT,2024-03-31 16:00:00.001,0.00033863,0.21264000,Regular
DOGEUSDT,2024-04-01 00:00:00.000,0.00079016,0.22024000,Regular
DOGEUSDT,2024-04-01 08:00:00.000,0.0004616,0.20710749,Regular
DOGEUSDT,2024-04-01 16:00:00.000,0.00025674,0.19919327,Regular
DOGEUSDT,2024-04-02 00:00:00.007,0.00022216,0.20513000,Regular
DOGEUSDT,2024-04-02 08:00:00.015,0.0001,0.18685894,Regular
DOGEUSDT,2024-04-02 16:00:00.000,0.00010331,0.18159000,Regular
DOGEUSDT,2024-04-03 00:00:00.000,0.0001,0.18259000,Regular
DOGEUSDT,2024-04-03 08:00:00.000,0.00014006,0.18460844,Regular
DOGEUSDT,2024-04-03 16:00:00.000,0.00013286,0.17900000,Regular
DOGEUSDT,2024-04-04 00:00:00.000,0.00014612,0.17535000,Regular
DOGEUSDT,2024-04-04 08:00:00.000,0.00023691,0.17910269,Regular
DOGEUSDT,2024-04-04 16:00:00.000,0.0001,0.18324421,Regular
DOGEUSDT,2024-04-05 00:00:00.000,0.0001,0.18007000,Regular
DOGEUSDT,2024-04-05 08:00:00.000,0.00018256,0.17429450,Regular
DOGEUSDT,2024-04-05 16:00:00.000,0.0001,0.17647000,Regular
DOGEUSDT,2024-04-06 00:00:00.000,0.0001,0.17726221,Regular
DOGEUSDT,2024-04-06 08:00:00.000,0.00011397,0.18444496,Regular
DOGEUSDT,2024-04-06 16:00:00.000,0.00015982,0.18340659,Regular
DOGEUSDT,2024-04-07 00:00:00.000,0.0001,0.18588804,Regular
DOGEUSDT,2024-04-07 08:00:00.000,0.0001269,0.19531000,Regular
DOGEUSDT,2024-04-07 16:00:00.000,0.0001,0.20011124,Regular
DOGEUSDT,2024-04-08 00:00:00.001,0.00013139,0.19893463,Regular
DOGEUSDT,2024-04-08 08:00:00.000,0.00014529,0.20617703,Regular
DOGEUSDT,2024-04-08 16:00:00.006,0.00023751,0.20302855,Regular
DOGEUSDT,2024-04-09 00:00:00.000,0.00023143,0.20276000,Regular
DOGEUSDT,2024-04-09 08:00:00.001,0.00022699,0.19734280,Regular
DOGEUSDT,2024-04-09 16:00:00.001,0.00021067,0.19020050,Regular
DOGEUSDT,2024-04-10 00:00:00.000,0.00011149,0.18920085,Regular
DOGEUSDT,2024-04-10 08:00:00.001,0.00017658,0.19042423,Regular
DOGEUSDT,2024-04-10 16:00:00.000,0.00013627,0.19334000,Regular
DOGEUSDT,2024-04-11 00:00:00.000,0.00022855,0.19990000,Regular
DOGEUSDT,2024-04-11 08:00:00.000,0.00015919,0.20102000,Regular
DOGEUSDT,2024-04-11 16:00:00.000,0.00024163,0.19266620,Regular
DOGEUSDT,2024-04-12 00:00:00.000,0.00012554,0.19394000,Regular
DOGEUSDT,2024-04-12 08:00:00.001,0.00016948,0.19795000,Regular
DOGEUSDT,2024-04-12 16:00:00.000,0.00012902,0.19341000,Regular
DOGEUSDT,2024-04-13 00:00:00.000,0.0001,0.17404411,Regular
DOGEUSDT,2024-04-13 08:00:00.000,0.0001,0.17125040,Regular
DOGEUSDT,2024-04-13 16:00:00.001,0.0001,0.17060744,Regular
DOGEUSDT,2024-04-14 00:00:00.000,0.0001,0.15250466,Regular
DOGEUSDT,2024-04-14 08:00:00.000,0.0001,0.15864867,Regular
DOGEUSDT,2024-04-14 16:00:00.000,0.0001,0.15105309,Regular
DOGEUSDT,2024-04-15 00:00:00.000,4.863e-05,0.16202396,Regular
DOGEUSDT,2024-04-15 08:00:00.001,3.119e-05,0.16536360,Regular
DOGEUSDT,2024-04-15 16:00:00.000,9.853e-05,0.15439000,Regular
DOGEUSDT,2024-04-16 00:00:00.001,7.492e-05,0.16115000,Regular
DOGEUSDT,2024-04-16 08:00:00.000,-2.532e-05,0.15723000,Regular
DOGEUSDT,2024-04-16 16:00:00.000,-2.218e-05,0.14784000,Regular
DOGEUSDT,2024-04-17 00:00:00.000,8.4e-07,0.15594592,Regular
DOGEUSDT,2024-04-17 08:00:00.000,5.81e-05,0.15470000,Regular
DOGEUSDT,2024-04-17 16:00:00.000,2.635e-05,0.14588014,Regular
DOGEUSDT,2024-04-18 00:00:00.000,-5.707e-05,0.14750752,Regular
DOGEUSDT,2024-04-18 08:00:00.000,7.532e-05,0.14249000,Regular
DOGEUSDT,2024-04-18 16:00:00.000,5.429e-05,0.15048000,Regular
DOGEUSDT,2024-04-19 00:00:00.001,1.12e-05,0.15214924,Regular
DOGEUSDT,2024-04-19 08:00:00.000,8.267e-05,0.15194000,Regular
DOGEUSDT,2024-04-19 16:00:00.000,8.774e-05,0.15251424,Regular
DOGEUSDT,2024-04-20 00:00:00.000,8.464e-05,0.15627000,Regular
DOGEUSDT,2024-04-20 08:00:00.000,-4.614e-05,0.15443000,Regular
DOGEUSDT,2024-04-20 16:00:00.000,9.7e-06,0.15791000,Regular
DOGEUSDT,2024-04-21 00:00:00.000,0.0001,0.16255411,Regular
DOGEUSDT,2024-04-21 08:00:00.000,2.543e-05,0.16301000,Regular
DOGEUSDT,2024-04-21 16:00:00.000,5.625e-05,0.16013000,Regular
DOGEUSDT,2024-04-22 00:00:00.000,4.1e-06,0.15815453,Regular
DOGEUSDT,2024-04-22 08:00:00.000,3.338e-05,0.16044000,Regular
DOGEUSDT,2024-04-22 16:00:00.000,2.466e-05,0.15849720,Regular
DOGEUSDT,2024-04-23 00:00:00.000,2.669e-05,0.16114407,Regular
DOGEUSDT,2024-04-23 08:00:00.000,4.373e-05,0.15738916,Regular
DOGEUSDT,2024-04-23 16:00:00.001,8.879e-05,0.16107000,Regular
DOGEUSDT,2024-04-24 00:00:00.000,0.0001,0.15972985,Regular
DOGEUSDT,2024-04-24 08:00:00.000,8.543e-05,0.16123571,Regular
DOGEUSDT,2024-04-24 16:00:00.000,5.191e-05,0.15266000,Regular
DOGEUSDT,2024-04-25 00:00:00.000,3.174e-05,0.15130000,Regular
DOGEUSDT,2024-04-25 08:00:00.000,6.134e-05,0.15004187,Regular
DOGEUSDT,2024-04-25 16:00:00.010,0.0001,0.15142295,Regular
DOGEUSDT,2024-04-26 00:00:00.001,-5.713e-05,0.15123000,Regular
DOGEUSDT,2024-04-26 08:00:00.000,3.1e-05,0.15011000,Regular
DOGEUSDT,2024-04-26 16:00:00.000,4.962e-05,0.14817210,Regular
DOGEUSDT,2024-04-27 00:00:00.000,5.04e-05,0.14791000,Regular
DOGEUSDT,2024-04-27 08:00:00.001,5.729e-05,0.14501000,Regular
DOGEUSDT,2024-04-27 16:00:00.000,9.119e-05,0.14557000,Regular
DOGEUSDT,2024-04-28 00:00:00.000,5.674e-05,0.14767000,Regular
DOGEUSDT,2024-04-28 08:00:00.000,8.208e-05,0.15006000,Regular
DOGEUSDT,2024-04-28 16:00:00.000,0.0001,0.14987000,Regular
DOGEUSDT,2024-04-29 00:00:00.000,0.0001,0.14659000,Regular
DOGEUSDT,2024-04-29 08:00:00.000,-3e-06,0.14145300,Regular
DOGEUSDT,2024-04-29 16:00:00.000,9.017e-05,0.14317000,Regular
DOGEUSDT,2024-04-30 00:00:00.000,3.634e-05,0.14334000,Regular
DOGEUSDT,2024-04-30 08:00:00.000,3.781e-05,0.14199730,Regular
DOGEUSDT,2024-04-30 16:00:00.000,2.266e-05,0.13429000,Regular
DOGEUSDT,2024-05-01 00:00:00.000,-7.32e-05,0.13329000,Regular
DOGEUSDT,2024-05-01 08:00:00.000,7.52e-05,0.12462000,Regular
DOGEUSDT,2024-05-01 16:00:00.000,9.25e-06,0.12090000,Regular
DOGEUSDT,2024-05-02 00:00:00.000,-7.76e-05,0.13014000,Regular
DOGEUSDT,2024-05-02 08:00:00.000,3.286e-05,0.12682269,Regular
DOGEUSDT,2024-05-02 16:00:00.002,1.542e-05,0.13337000,Regular
DOGEUSDT,2024-05-03 00:00:00.000,-3.101e-05,0.13187000,Regular
DOGEUSDT,2024-05-03 08:00:00.000,-6.276e-05,0.13236840,Regular
DOGEUSDT,2024-05-03 16:00:00.000,9.181e-05,0.13880741,Regular
DOGEUSDT,2024-05-04 00:00:00.000,2.169e-05,0.14603441,Regular
DOGEUSDT,2024-05-04 08:00:00.000,8.923e-05,0.15005764,Regular
DOGEUSDT,2024-05-04 16:00:00.000,5.66e-06,0.16321922,Regular
DOGEUSDT,2024-05-05 00:00:00.000,5.163e-05,0.16007419,Regular
DOGEUSDT,2024-05-05 08:00:00.000,-5.312e-05,0.16165124,Regular
DOGEUSDT,2024-05-05 16:00:00.000,4.639e-05,0.16179000,Regular
DOGEUSDT,2024-05-06 00:00:00.000,2.341e-05,0.16091475,Regular
DOGEUSDT,2024-05-06 08:00:00.000,0.0001,0.16413486,Regular
DOGEUSDT,2024-05-06 16:00:00.000,0.0001,0.15811250,Regular
DOGEUSDT,2024-05-07 00:00:00.000,5.921e-05,0.15642000,Regular
DOGEUSDT,2024-05-07 08:00:00.000,0.0001,0.15593000,Regular
DOGEUSDT,2024-05-07 16:00:00.000,7.881e-05,0.15641384,Regular
DOGEUSDT,2024-05-08 00:00:00.000,0.0001,0.14993545,Regular
DOGEUSDT,2024-05-08 08:00:00.000,0.0001,0.14775870,Regular
DOGEUSDT,2024-05-08 16:00:00.000,0.0001,0.14850247,Regular
DOGEUSDT,2024-05-09 00:00:00.000,9.765e-05,0.14314319,Regular
DOGEUSDT,2024-05-09 08:00:00.000,2.876e-05,0.14605084,Regular
DOGEUSDT,2024-05-09 16:00:00.000,7.828e-05,0.14881339,Regular
DOGEUSDT,2024-05-10 00:00:00.000,-3.938e-05,0.15211000,Regular
DOGEUSDT,2024-05-10 08:00:00.000,0.0001,0.15231552,Regular
DOGEUSDT,2024-05-10 16:00:00.000,0.0001,0.14488000,Regular
DOGEUSDT,2024-05-11 00:00:00.000,1.38e-05,0.14383835,Regular
DOGEUSDT,2024-05-11 08:00:00.000,3.462e-05,0.14443302,Regular
DOGEUSDT,2024-05-11 16:00:00.000,9.389e-05,0.14447000,Regular
DOGEUSDT,2024-05-12 00:00:00.000,-9.66e-06,0.14300325,Regular
DOGEUSDT,2024-05-12 08:00:00.000,6.825e-05,0.14015353,Regular
DOGEUSDT,2024-05-12 16:00:00.000,0.0001,0.14306283,Regular
DOGEUSDT,2024-05-13 00:00:00.001,6.32e-06,0.14112267,Regular
DOGEUSDT,2024-05-13 08:00:00.001,0.0001,0.14267000,Regular
DOGEUSDT,2024-05-13 16:00:00.000,0.0001,0.15239000,Regular
DOGEUSDT,2024-05-14 00:00:00.000,0.0001,0.14858000,Regular
DOGEUSDT,2024-05-14 08:00:00.000,0.0001,0.15230216,Regular
DOGEUSDT,2024-05-14 16:00:00.000,0.0001,0.14808000,Regular
DOGEUSDT,2024-05-15 00:00:00.000,-2.39e-05,0.14543741,Regular
DOGEUSDT,2024-05-15 08:00:00.000,5.432e-05,0.14946000,Regular
DOGEUSDT,2024-05-15 16:00:00.000,0.0001,0.15136000,Regular
DOGEUSDT,2024-05-16 00:00:00.004,0.0001,0.15529500,Regular
DOGEUSDT,2024-05-16 08:00:00.000,0.0001,0.15603000,Regular
DOGEUSDT,2024-05-16 16:00:00.000,0.0001,0.15144000,Regular
DOGEUSDT,2024-05-17 00:00:00.000,5.102e-05,0.14963000,Regular
DOGEUSDT,2024-05-17 08:00:00.000,3.501e-05,0.15369142,Regular
DOGEUSDT,2024-05-17 16:00:00.000,0.0001,0.15554523,Regular
DOGEUSDT,2024-05-18 00:00:00.000,0.0001,0.15550000,Regular
DOGEUSDT,2024-05-18 08:00:00.000,0.0001,0.15450693,Regular
DOGEUSDT,2024-05-18 16:00:00.000,0.0001,0.15282087,Regular
DOGEUSDT,2024-05-19 00:00:00.000,0.0001,0.15295000,Regular
DOGEUSDT,2024-05-19 08:00:00.000,0.0001,0.15397141,Regular
DOGEUSDT,2024-05-19 16:00:00.000,1.49e-05,0.15032661,Regular
DOGEUSDT,2024-05-20 00:00:00.000,-2.545e-05,0.14898000,Regular
DOGEUSDT,2024-05-20 08:00:00.000,0.0001,0.15099000,Regular
DOGEUSDT,2024-05-20 16:00:00.003,0.0001,0.15225130,Regular
DOGEUSDT,2024-05-21 00:00:00.000,0.0001,0.16575687,Regular
DOGEUSDT,2024-05-21 08:00:00.001,0.0001,0.16411807,Regular
DOGEUSDT,2024-05-21 16:00:00.000,0.0001,0.16632000,Regular
DOGEUSDT,2024-05-22 00:00:00.000,0.0001,0.17032811,Regular
DOGEUSDT,2024-05-22 08:00:00.000,0.0001,0.16818000,Regular
DOGEUSDT,2024-05-22 16:00:00.000,0.0001,0.16981000,Regular
DOGEUSDT,2024-05-23 00:00:00.000,0.0001336,0.16637000,Regular
DOGEUSDT,2024-05-23 08:00:00.000,0.00016781,0.16708540,Regular
DOGEUSDT,2024-05-23 16:00:00.000,0.0001,0.15950730,Regular
DOGEUSDT,2024-05-24 00:00:00.000,0.0001,0.15977575,Regular
DOGEUSDT,2024-05-24 08:00:00.000,0.0001,0.15853000,Regular
DOGEUSDT,2024-05-24 16:00:00.000,0.0001,0.16663000,Regular
DOGEUSDT,2024-05-25 00:00:00.000,0.0001,0.16387000,Regular
DOGEUSDT,2024-05-25 08:00:00.000,0.0001,0.16556767,Regular
DOGEUSDT,2024-05-25 16:00:00.000,0.0001,0.16700050,Regular
DOGEUSDT,2024-05-26 00:00:00.000,0.00010874,0.17407587,Regular
DOGEUSDT,2024-05-26 08:00:00.000,0.0001,0.17274578,Regular
DOGEUSDT,2024-05-26 16:00:00.000,0.0001,0.16740993,Regular
DOGEUSDT,2024-05-27 00:00:00.000,0.0001,0.16625000,Regular
DOGEUSDT,2024-05-27 08:00:00.000,0.0001,0.16600000,Regular
DOGEUSDT,2024-05-27 16:00:00.000,0.00014857,0.17258000,Regular
DOGEUSDT,2024-05-28 00:00:00.000,0.0001,0.16919000,Regular
DOGEUSDT,2024-05-28 08:00:00.000,0.0001,0.16388000,Regular
DOGEUSDT,2024-05-28 16:00:00.000,0.0001,0.16392912,Regular
DOGEUSDT,2024-05-29 00:00:00.001,0.00010934,0.16511000,Regular
DOGEUSDT,2024-05-29 08:00:00.000,0.00023355,0.16694194,Regular
DOGEUSDT,2024-05-29 16:00:00.000,0.00018983,0.16383593,Regular
DOGEUSDT,2024-05-30 00:00:00.000,0.00010661,0.16396000,Regular
DOGEUSDT,2024-05-30 08:00:00.000,0.0001,0.15849000,Regular
DOGEUSDT,2024-05-30 16:00:00.000,0.0001,0.16414000,Regular
DOGEUSDT,2024-05-31 00:00:00.000,0.0001,0.15954000,Regular
DOGEUSDT,2024-05-31 08:00:00.000,0.0001095,0.15988000,Regular
DOGEUSDT,2024-05-31 16:00:00.000,0.0001,0.15669329,Regular
DOGEUSDT,2024-06-01 00:00:00.000,0.0001,0.15909000,Regular
DOGEUSDT,2024-06-01 08:00:00.000,0.000165,0.15914000,Regular
DOGEUSDT,2024-06-01 16:00:00.001,0.00012866,0.16017833,Regular
DOGEUSDT,2024-06-02 00:00:00.000,0.00014582,0.16041304,Regular
DOGEUSDT,2024-06-02 08:00:00.000,0.00018313,0.15881362,Regular
DOGEUSDT,2024-06-02 16:00:00.000,0.0001,0.15883832,Regular
DOGEUSDT,2024-06-03 00:00:00.000,0.0001,0.15718000,Regular
DOGEUSDT,2024-06-03 08:00:00.000,0.00024883,0.16167000,Regular
DOGEUSDT,2024-06-03 16:00:00.000,0.0001,0.16139577,Regular
DOGEUSDT,2024-06-04 00:00:00.000,0.00013674,0.15841000,Regular
DOGEUSDT,2024-06-04 08:00:00.000,0.0001,0.15832356,Regular
DOGEUSDT,2024-06-04 16:00:00.000,0.0001,0.16037663,Regular
DOGEUSDT,2024-06-05 00:00:00.000,0.00019917,0.16147876,Regular
DOGEUSDT,2024-06-05 08:00:00.000,0.00028729,0.16412000,Regular
DOGEUSDT,2024-06-05 16:00:00.000,0.00018711,0.16357000,Regular
DOGEUSDT,2024-06-06 00:00:00.000,0.00025164,0.16341000,Regular
DOGEUSDT,2024-06-06 08:00:00.008,0.00022174,0.16222000,Regular
DOGEUSDT,2024-06-06 16:00:00.000,0.00019389,0.16313000,Regular
DOGEUSDT,2024-06-07 00:00:00.000,0.0001,0.16026000,Regular
DOGEUSDT,2024-06-07 08:00:00.000,0.00014243,0.16110846,Regular
DOGEUSDT,2024-06-07 16:00:00.000,0.0001,0.16008019,Regular
DOGEUSDT,2024-06-08 00:00:00.000,0.0001,0.14821000,Regular
DOGEUSDT,2024-06-08 08:00:00.000,0.0001,0.14833156,Regular
DOGEUSDT,2024-06-08 16:00:00.000,0.0001,0.14631666,Regular
DOGEUSDT,2024-06-09 00:00:00.000,0.0001,0.14589000,Regular
DOGEUSDT,2024-06-09 08:00:00.000,0.0001,0.14566593,Regular
DOGEUSDT,2024-06-09 16:00:00.001,0.0001,0.14681488,Regular
DOGEUSDT,2024-06-10 00:00:00.000,0.0001,0.14675626,Regular
DOGEUSDT,2024-06-10 08:00:00.000,0.0001,0.14341678,Regular
DOGEUSDT,2024-06-10 16:00:00.001,0.0001,0.14705000,Regular
DOGEUSDT,2024-06-11 00:00:00.001,0.0001,0.14475486,Regular
DOGEUSDT,2024-06-11 08:00:00.000,0.0001,0.14105000,Regular
DOGEUSDT,2024-06-11 16:00:00.000,0.0001,0.13677000,Regular
DOGEUSDT,2024-06-12 00:00:00.000,0.0001,0.13801000,Regular
DOGEUSDT,2024-06-12 08:00:00.000,0.0001,0.14000382,Regular
DOGEUSDT,2024-06-12 16:00:00.000,0.0001,0.14952313,Regular
DOGEUSDT,2024-06-13 00:00:00.000,0.0001,0.14628133,Regular
DOGEUSDT,2024-06-13 08:00:00.001,0.0001,0.14396000,Regular
DOGEUSDT,2024-06-13 16:00:00.000,0.0001,0.14111792,Regular
DOGEUSDT,2024-06-14 00:00:00.000,0.0001,0.14109512,Regular
DOGEUSDT,2024-06-14 08:00:00.000,0.0001,0.14268000,Regular
DOGEUSDT,2024-06-14 16:00:00.000,0.0001,0.13939785,Regular
DOGEUSDT,2024-06-15 00:00:00.000,2.69e-05,0.13490335,Regular
DOGEUSDT,2024-06-15 08:00:00.000,0.0001,0.13624000,Regular
DOGEUSDT,2024-06-15 16:00:00.000,3.58e-05,0.13683000,Regular
DOGEUSDT,2024-06-16 00:00:00.001,0.0001,0.13670000,Regular
DOGEUSDT,2024-06-16 08:00:00.000,0.0001,0.13617000,Regular
DOGEUSDT,2024-06-16 16:00:00.000,-2.872e-05,0.13691124,Regular
DOGEUSDT,2024-06-17 00:00:00.000,1.28e-06,0.13711248,Regular
DOGEUSDT,2024-06-17 08:00:00.000,0.0001,0.13374708,Regular
DOGEUSDT,2024-06-17 16:00:00.000,0.0001,0.12954315,Regular
DOGEUSDT,2024-06-18 00:00:00.000,1.334e-05,0.12871757,Regular
DOGEUSDT,2024-06-18 08:00:00.000,2.068e-05,0.12268417,Regular
DOGEUSDT,2024-06-18 16:00:00.000,1.756e-05,0.11931644,Regular
DOGEUSDT,2024-06-19 00:00:00.001,-4.158e-05,0.12217000,Regular
DOGEUSDT,2024-06-19 08:00:00.001,-3.724e-05,0.12539000,Regular
DOGEUSDT,2024-06-19 16:00:00.000,0.0001,0.12210742,Regular
DOGEUSDT,2024-06-20 00:00:00.000,-3.3e-05,0.12242450,Regular
DOGEUSDT,2024-06-20 08:00:00.000,-9.345e-05,0.12580893,Regular
DOGEUSDT,2024-06-20 16:00:00.000,-4.35e-06,0.12257000,Regular
DOGEUSDT,2024-06-21 00:00:00.000,5.548e-05,0.12445423,Regular
DOGEUSDT,2024-06-21 08:00:00.000,2.593e-05,0.12349035,Regular
DOGEUSDT,2024-06-21 16:00:00.000,8.541e-05,0.12270785,Regular
DOGEUSDT,2024-06-22 00:00:00.000,7.799e-05,0.12411240,Regular
DOGEUSDT,2024-06-22 08:00:00.000,6.154e-05,0.12396000,Regular
DOGEUSDT,2024-06-22 16:00:00.000,8.417e-05,0.12506271,Regular
DOGEUSDT,2024-06-23 00:00:00.000,-2.09e-06,0.12370060,Regular
DOGEUSDT,2024-06-23 08:00:00.000,-6.26e-06,0.12487690,Regular
DOGEUSDT,2024-06-23 16:00:00.000,-1.829e-05,0.12266000,Regular
DOGEUSDT,2024-06-24 00:00:00.002,0.0001,0.12215135,Regular
DOGEUSDT,2024-06-24 08:00:00.000,-1.085e-05,0.11845614,Regular
DOGEUSDT,2024-06-24 16:00:00.000,6.928e-05,0.11693000,Regular
DOGEUSDT,2024-06-25 00:00:00.000,8.361e-05,0.11894000,Regular
DOGEUSDT,2024-06-25 08:00:00.000,0.0001,0.12192365,Regular
DOGEUSDT,2024-06-25 16:00:00.000,0.0001,0.12703000,Regular
DOGEUSDT,2024-06-26 00:00:00.002,0.0001,0.12611000,Regular
DOGEUSDT,2024-06-26 08:00:00.000,0.0001,0.12576000,Regular
DOGEUSDT,2024-06-26 16:00:00.000,0.0001,0.12380630,Regular
DOGEUSDT,2024-06-27 00:00:00.000,0.0001,0.12274000,Regular
DOGEUSDT,2024-06-27 08:00:00.001,0.0001,0.12119201,Regular
DOGEUSDT,2024-06-27 16:00:00.000,0.0001,0.12357208,Regular
DOGEUSDT,2024-06-28 00:00:00.000,0.0001,0.12707000,Regular
DOGEUSDT,2024-06-28 08:00:00.000,0.0001,0.12529171,Regular
DOGEUSDT,2024-06-28 16:00:00.000,0.0001,0.12551937,Regular
DOGEUSDT,2024-06-29 00:00:00.001,0.0001,0.12301000,Regular
DOGEUSDT,2024-06-29 08:00:00.000,-3.123e-05,0.12392000,Regular
DOGEUSDT,2024-06-29 16:00:00.000,-8.573e-05,0.12367087,Regular
DOGEUSDT,2024-06-30 00:00:00.000,0.0001,0.12181787,Regular
DOGEUSDT,2024-06-30 08:00:00.000,9.13e-05,0.12260000,Regular
DOGEUSDT,2024-06-30 16:00:00.000,0.0001,0.12277000,Regular
DOGEUSDT,2024-07-01 00:00:00.000,0.0001,0.12445000,Regular
DOGEUSDT,2024-07-01 08:00:00.000,0.0001,0.12637808,Regular
DOGEUSDT,2024-07-01 16:00:00.001,0.0001,0.12467943,Regular
DOGEUSDT,2024-07-02 00:00:00.000,0.0001,0.12345000,Regular
DOGEUSDT,2024-07-02 08:00:00.000,0.0001,0.12296758,Regular
DOGEUSDT,2024-07-02 16:00:00.000,0.0001,0.12279000,Regular
DOGEUSDT,2024-07-03 00:00:00.000,0.0001,0.12528000,Regular
DOGEUSDT,2024-07-03 08:00:00.001,3.991e-05,0.12150000,Regular
DOGEUSDT,2024-07-03 16:00:00.000,1.45e-06,0.11818083,Regular
DOGEUSDT,2024-07-04 00:00:00.000,0.0001,0.11842000,Regular
DOGEUSDT,2024-07-04 08:00:00.000,2.148e-05,0.11208000,Regular
DOGEUSDT,2024-07-04 16:00:00.000,-5.403e-05,0.10972276,Regular
DOGEUSDT,2024-07-05 00:00:00.000,-6.291e-05,0.10499321,Regular
DOGEUSDT,2024-07-05 08:00:00.000,-6.251e-05,0.09638426,Regular
DOGEUSDT,2024-07-05 16:00:00.000,-0.00019883,0.10335270,Regular
DOGEUSDT,2024-07-06 00:00:00.000,-0.00012917,0.10538000,Regular
DOGEUSDT,2024-07-06 08:00:00.000,4.06e-06,0.10809102,Regular
DOGEUSDT,2024-07-06 16:00:00.000,8.033e-05,0.10914460,Regular
DOGEUSDT,2024-07-07 00:00:00.001,2.524e-05,0.11337141,Regular
DOGEUSDT,2024-07-07 08:00:00.000,8.213e-05,0.10995744,Regular
DOGEUSDT,2024-07-07 16:00:00.000,4.634e-05,0.10673000,Regular
DOGEUSDT,2024-07-08 00:00:00.000,5.64e-05,0.10409000,Regular
DOGEUSDT,2024-07-08 08:00:00.000,1.035e-05,0.10420000,Regular
DOGEUSDT,2024-07-08 16:00:00.000,-2.617e-05,0.10543713,Regular
DOGEUSDT,2024-07-09 00:00:00.000,7.855e-05,0.10755504,Regular
DOGEUSDT,2024-07-09 08:00:00.001,-7.548e-05,0.10791677,Regular
DOGEUSDT,2024-07-09 16:00:00.000,0.0001,0.10777382,Regular
DOGEUSDT,2024-07-10 00:00:00.000,2.45e-05,0.10751000,Regular
DOGEUSDT,2024-07-10 08:00:00.000,0.0001,0.10965712,Regular
DOGEUSDT,2024-07-10 16:00:00.000,0.0001,0.10935304,Regular
DOGEUSDT,2024-07-11 00:00:00.002,-4.176e-05,0.10794743,Regular
DOGEUSDT,2024-07-11 08:00:00.002,0.0001,0.10891000,Regular
DOGEUSDT,2024-07-11 16:00:00.004,0.0001,0.10729942,Regular
DOGEUSDT,2024-07-12 00:00:00.000,5e-05,0.10656812,Regular
DOGEUSDT,2024-07-12 08:00:00.000,4.273e-05,0.10620774,Regular
DOGEUSDT,2024-07-12 16:00:00.000,0.0001,0.10726000,Regular
DOGEUSDT,2024-07-13 00:00:00.000,5.075e-05,0.10759380,Regular
DOGEUSDT,2024-07-13 08:00:00.000,0.0001,0.10928000,Regular
DOGEUSDT,2024-07-13 16:00:00.000,0.0001,0.11072000,Regular
DOGEUSDT,2024-07-14 00:00:00.000,0.0001,0.11227000,Regular
DOGEUSDT,2024-07-14 08:00:00.000,6.053e-05,0.11351000,Regular
DOGEUSDT,2024-07-14 16:00:00.000,0.0001,0.11270000,Regular
DOGEUSDT,2024-07-15 00:00:00.000,9.128e-05,0.11533685,Regular
DOGEUSDT,2024-07-15 08:00:00.000,3.408e-05,0.11864028,Regular
DOGEUSDT,2024-07-15 16:00:00.000,7.369e-05,0.11860927,Regular
DOGEUSDT,2024-07-16 00:00:00.000,0.0001,0.12487362,Regular
DOGEUSDT,2024-07-16 08:00:00.000,0.0001,0.12078000,Regular
DOGEUSDT,2024-07-16 16:00:00.000,2.105e-05,0.12560000,Regular
DOGEUSDT,2024-07-17 00:00:00.000,9.906e-05,0.12474000,Regular
DOGEUSDT,2024-07-17 08:00:00.001,0.0001,0.12534000,Regular
DOGEUSDT,2024-07-17 16:00:00.000,4.93e-05,0.12285000,Regular
DOGEUSDT,2024-07-18 00:00:00.000,6.359e-05,0.12170964,Regular
DOGEUSDT,2024-07-18 08:00:00.000,0.0001,0.12148000,Regular
DOGEUSDT,2024-07-18 16:00:00.000,8.978e-05,0.11793000,Regular
DOGEUSDT,2024-07-19 00:00:00.000,2.753e-05,0.11948026,Regular
DOGEUSDT,2024-07-19 08:00:00.000,0.0001,0.11912000,Regular
DOGEUSDT,2024-07-19 16:00:00.000,0.0001,0.12322000,Regular
DOGEUSDT,2024-07-20 00:00:00.001,0.0001,0.12540993,Regular
DOGEUSDT,2024-07-20 08:00:00.000,0.0001,0.12740574,Regular
DOGEUSDT,2024-07-20 16:00:00.000,0.0001,0.13480000,Regular
DOGEUSDT,2024-07-21 00:00:00.000,0.0001,0.13413709,Regular
DOGEUSDT,2024-07-21 08:00:00.000,0.0001,0.13090562,Regular
DOGEUSDT,2024-07-21 16:00:00.000,6.853e-05,0.13146945,Regular
DOGEUSDT,2024-07-22 00:00:00.000,0.0001,0.14024000,Regular
DOGEUSDT,2024-07-22 08:00:00.000,0.0001,0.13697042,Regular
DOGEUSDT,2024-07-22 16:00:00.000,6.058e-05,0.13972000,Regular
DOGEUSDT,2024-07-23 00:00:00.000,0.0001,0.13774483,Regular
DOGEUSDT,2024-07-23 08:00:00.000,0.0001,0.13448590,Regular
DOGEUSDT,2024-07-23 16:00:00.000,0.0001,0.13188765,Regular
DOGEUSDT,2024-07-24 00:00:00.000,0.0001,0.13024000,Regular
DOGEUSDT,2024-07-24 08:00:00.000,0.0001,0.13224410,Regular
DOGEUSDT,2024-07-24 16:00:00.000,0.0001,0.13161264,Regular
DOGEUSDT,2024-07-25 00:00:00.000,7.262e-05,0.12788431,Regular
DOGEUSDT,2024-07-25 08:00:00.000,3.18e-05,0.12358832,Regular
DOGEUSDT,2024-07-25 16:00:00.000,0.0001,0.12405065,Regular
DOGEUSDT,2024-07-26 00:00:00.000,0.0001,0.12518972,Regular
DOGEUSDT,2024-07-26 08:00:00.000,0.0001,0.12901011,Regular
DOGEUSDT,2024-07-26 16:00:00.000,0.0001,0.13015000,Regular
DOGEUSDT,2024-07-27 00:00:00.000,9.252e-05,0.13416000,Regular
DOGEUSDT,2024-07-27 08:00:00.000,0.0001,0.13416314,Regular
DOGEUSDT,2024-07-27 16:00:00.000,0.0001,0.13451390,Regular
DOGEUSDT,2024-07-28 00:00:00.000,4.735e-05,0.13139036,Regular
DOGEUSDT,2024-07-28 08:00:00.000,0.0001,0.13045273,Regular
DOGEUSDT,2024-07-28 16:00:00.001,3.24e-05,0.12941000,Regular
DOGEUSDT,2024-07-29 00:00:00.001,3.597e-05,0.12996000,Regular
DOGEUSDT,2024-07-29 08:00:00.000,9.689e-05,0.13450345,Regular
DOGEUSDT,2024-07-29 16:00:00.001,0.0001,0.12984832,Regular
DOGEUSDT,2024-07-30 00:00:00.000,5.351e-05,0.12836000,Regular
DOGEUSDT,2024-07-30 08:00:00.001,6.43e-05,0.13004000,Regular
DOGEUSDT,2024-07-30 16:00:00.000,7.608e-05,0.12726474,Regular
DOGEUSDT,2024-07-31 00:00:00.000,-5.528e-05,0.12542000,Regular
DOGEUSDT,2024-07-31 08:00:00.000,0.0001,0.12603571,Regular
DOGEUSDT,2024-07-31 16:00:00.000,2.253e-05,0.12611000,Regular
DOGEUSDT,2024-08-01 00:00:00.000,3.949e-05,0.12186841,Regular
DOGEUSDT,2024-08-01 08:00:00.000,-2.265e-05,0.12035556,Regular
DOGEUSDT,2024-08-01 16:00:00.000,3.31e-05,0.11585341,Regular
DOGEUSDT,2024-08-02 00:00:00.000,-4.257e-05,0.11895868,Regular
DOGEUSDT,2024-08-02 08:00:00.001,2.243e-05,0.11630308,Regular
DOGEUSDT,2024-08-02 16:00:00.000,4.881e-05,0.11324926,Regular
DOGEUSDT,2024-08-03 00:00:00.000,0.0001,0.11150991,Regular
DOGEUSDT,2024-08-03 08:00:00.000,9.609e-05,0.11377543,Regular
DOGEUSDT,2024-08-03 16:00:00.001,3.947e-05,0.11053499,Regular
DOGEUSDT,2024-08-04 00:00:00.000,-3.14e-06,0.10807000,Regular
DOGEUSDT,2024-08-04 08:00:00.000,8.468e-05,0.10662634,Regular
DOGEUSDT,2024-08-04 16:00:00.000,2.499e-05,0.10312949,Regular
DOGEUSDT,2024-08-05 00:00:00.000,-7.356e-05,0.10372476,Regular
DOGEUSDT,2024-08-05 08:00:00.000,1.121e-05,0.08881102,Regular
DOGEUSDT,2024-08-05 16:00:00.000,9.18e-06,0.09517000,Regular
DOGEUSDT,2024-08-06 00:00:00.000,-4.654e-05,0.09428000,Regular
DOGEUSDT,2024-08-06 08:00:00.000,-9.648e-05,0.09922000,Regular
DOGEUSDT,2024-08-06 16:00:00.000,-2.877e-05,0.09759227,Regular
DOGEUSDT,2024-08-07 00:00:00.000,5.228e-05,0.09638000,Regular
DOGEUSDT,2024-08-07 08:00:00.001,3.135e-05,0.09878000,Regular
DOGEUSDT,2024-08-07 16:00:00.000,3.08e-06,0.09806196,Regular
DOGEUSDT,2024-08-08 00:00:00.001,7.317e-05,0.09555000,Regular
DOGEUSDT,2024-08-08 08:00:00.000,8.437e-05,0.09913241,Regular
DOGEUSDT,2024-08-08 16:00:00.000,1.358e-05,0.10369517,Regular
DOGEUSDT,2024-08-09 00:00:00.000,4.095e-05,0.10742408,Regular
DOGEUSDT,2024-08-09 08:00:00.000,6.341e-05,0.10488336,Regular
DOGEUSDT,2024-08-09 16:00:00.000,8.299e-05,0.10165882,Regular
DOGEUSDT,2024-08-10 00:00:00.000,-2.502e-05,0.10379000,Regular
DOGEUSDT,2024-08-10 08:00:00.000,3.72e-05,0.10468898,Regular
DOGEUSDT,2024-08-10 16:00:00.000,-8.405e-05,0.10423635,Regular
DOGEUSDT,2024-08-11 00:00:00.000,-3.824e-05,0.10512012,Regular
DOGEUSDT,2024-08-11 08:00:00.000,3.562e-05,0.10972000,Regular
DOGEUSDT,2024-08-11 16:00:00.001,-6.009e-05,0.10459000,Regular
DOGEUSDT,2024-08-12 00:00:00.000,-2.926e-05,0.10054000,Regular
DOGEUSDT,2024-08-12 08:00:00.000,5.832e-05,0.10307642,Regular
DOGEUSDT,2024-08-12 16:00:00.000,7.055e-05,0.10709350,Regular
DOGEUSDT,2024-08-13 00:00:00.000,0.0001,0.10782413,Regular
DOGEUSDT,2024-08-13 08:00:00.000,-4.44e-06,0.10459342,Regular
DOGEUSDT,2024-08-13 16:00:00.000,1.746e-05,0.10511057,Regular
DOGEUSDT,2024-08-14 00:00:00.000,-3.662e-05,0.10630800,Regular
DOGEUSDT,2024-08-14 08:00:00.000,2.726e-05,0.10561649,Regular
DOGEUSDT,2024-08-14 16:00:00.000,-5.229e-05,0.10317746,Regular
DOGEUSDT,2024-08-15 00:00:00.000,2.515e-05,0.10238728,Regular
DOGEUSDT,2024-08-15 08:00:00.000,0.0001,0.10254613,Regular
DOGEUSDT,2024-08-15 16:00:00.000,5.706e-05,0.10426860,Regular
DOGEUSDT,2024-08-16 00:00:00.000,-0.00015554,0.10013000,Regular
DOGEUSDT,2024-08-16 08:00:00.000,3.605e-05,0.10167000,Regular
DOGEUSDT,2024-08-16 16:00:00.000,-8.56e-06,0.09832148,Regular
DOGEUSDT,2024-08-17 00:00:00.000,4.938e-05,0.10029035,Regular
DOGEUSDT,2024-08-17 08:00:00.000,2.113e-05,0.10119000,Regular
DOGEUSDT,2024-08-17 16:00:00.000,6.515e-05,0.10205054,Regular
DOGEUSDT,2024-08-18 00:00:00.000,0.0001,0.10271000,Regular
DOGEUSDT,2024-08-18 08:00:00.000,5.589e-05,0.10219873,Regular
DOGEUSDT,2024-08-18 16:00:00.000,1.033e-05,0.10320000,Regular
DOGEUSDT,2024-08-19 00:00:00.000,-1.375e-05,0.09998077,Regular
DOGEUSDT,2024-08-19 08:00:00.000,-6.467e-05,0.09984917,Regular
DOGEUSDT,2024-08-19 16:00:00.002,0.0001,0.09984236,Regular
DOGEUSDT,2024-08-20 00:00:00.000,-5.525e-05,0.10127724,Regular
DOGEUSDT,2024-08-20 08:00:00.000,0.0001,0.10545000,Regular
DOGEUSDT,2024-08-20 16:00:00.001,1.503e-05,0.10214964,Regular
DOGEUSDT,2024-08-21 00:00:00.001,1.37e-06,0.10292332,Regular
DOGEUSDT,2024-08-21 08:00:00.000,2.27e-05,0.10458000,Regular
DOGEUSDT,2024-08-21 16:00:00.001,0.0001,0.10371000,Regular
DOGEUSDT,2024-08-22 00:00:00.000,-1.068e-05,0.10612805,Regular
DOGEUSDT,2024-08-22 08:00:00.000,8.903e-05,0.10583995,Regular
DOGEUSDT,2024-08-22 16:00:00.008,4.446e-05,0.10512753,Regular
DOGEUSDT,2024-08-23 00:00:00.000,-3.371e-05,0.10522000,Regular
DOGEUSDT,2024-08-23 08:00:00.000,9.991e-05,0.10716000,Regular
DOGEUSDT,2024-08-23 16:00:00.000,5.888e-05,0.10984079,Regular
DOGEUSDT,2024-08-24 00:00:00.000,3.479e-05,0.11288000,Regular
DOGEUSDT,2024-08-24 08:00:00.005,-2.178e-05,0.11231488,Regular
DOGEUSDT,2024-08-24 16:00:00.000,2.894e-05,0.11208710,Regular
DOGEUSDT,2024-08-25 00:00:00.000,3.401e-05,0.11251210,Regular
DOGEUSDT,2024-08-25 08:00:00.000,-3.61e-06,0.10836653,Regular
DOGEUSDT,2024-08-25 16:00:00.000,-6.23e-06,0.11017000,Regular
DOGEUSDT,2024-08-26 00:00:00.000,-5.15e-05,0.10954411,Regular
DOGEUSDT,2024-08-26 08:00:00.001,3.413e-05,0.10869853,Regular
DOGEUSDT,2024-08-26 16:00:00.000,0.0001,0.10698950,Regular
DOGEUSDT,2024-08-27 00:00:00.001,5.088e-05,0.10513456,Regular
DOGEUSDT,2024-08-27 08:00:00.000,1.81e-05,0.10598474,Regular
DOGEUSDT,2024-08-27 16:00:00.000,0.0001,0.10387544,Regular
DOGEUSDT,2024-08-28 00:00:00.000,-0.00012923,0.09884000,Regular
DOGEUSDT,2024-08-28 08:00:00.000,-1.959e-05,0.09802000,Regular
DOGEUSDT,2024-08-28 16:00:00.001,0.0001,0.09952883,Regular
DOGEUSDT,2024-08-29 00:00:00.000,2.1e-06,0.09954689,Regular
DOGEUSDT,2024-08-29 08:00:00.001,-0.00013335,0.10056000,Regular
DOGEUSDT,2024-08-29 16:00:00.000,-2.586e-05,0.10191462,Regular
DOGEUSDT,2024-08-30 00:00:00.000,-8.18e-06,0.10034176,Regular
DOGEUSDT,2024-08-30 08:00:00.000,0.0001,0.10069262,Regular
DOGEUSDT,2024-08-30 16:00:00.000,8.463e-05,0.09840000,Regular
DOGEUSDT,2024-08-31 00:00:00.000,-1.298e-05,0.10175000,Regular
DOGEUSDT,2024-08-31 08:00:00.000,0.0001,0.10106071,Regular
DOGEUSDT,2024-08-31 16:00:00.000,3.542e-05,0.10160460,Regular
DOGEUSDT,2024-09-01 00:00:00.000,9.18e-05,0.10122583,Regular
DOGEUSDT,2024-09-01 08:00:00.001,7.62e-06,0.09967236,Regular
DOGEUSDT,2024-09-01 16:00:00.000,-3.053e-05,0.09849000,Regular
DOGEUSDT,2024-09-02 00:00:00.001,-0.00017853,0.09505636,Regular
DOGEUSDT,2024-09-02 08:00:00.001,-1.024e-05,0.09448000,Regular
DOGEUSDT,2024-09-02 16:00:00.000,-7.86e-05,0.09732000,Regular
DOGEUSDT,2024-09-03 00:00:00.000,0.0001,0.09906773,Regular
DOGEUSDT,2024-09-03 08:00:00.001,0.0001,0.09955000,Regular
DOGEUSDT,2024-09-03 16:00:00.000,0.0001,0.09685835,Regular
DOGEUSDT,2024-09-04 00:00:00.000,-2.07e-05,0.09674298,Regular
DOGEUSDT,2024-09-04 08:00:00.000,5.373e-05,0.09628763,Regular
DOGEUSDT,2024-09-04 16:00:00.000,-4.307e-05,0.09852800,Regular
DOGEUSDT,2024-09-05 00:00:00.000,4.946e-05,0.09797000,Regular
DOGEUSDT,2024-09-05 08:00:00.000,8.481e-05,0.09758000,Regular
DOGEUSDT,2024-09-05 16:00:00.005,0.0001,0.09683000,Regular
DOGEUSDT,2024-09-06 00:00:00.000,6.639e-05,0.09840780,Regular
DOGEUSDT,2024-09-06 08:00:00.001,-1.219e-05,0.09738839,Regular
DOGEUSDT,2024-09-06 16:00:00.000,-1.359e-05,0.09366289,Regular
DOGEUSDT,2024-09-07 00:00:00.000,-8.494e-05,0.09246445,Regular
DOGEUSDT,2024-09-07 08:00:00.000,-2.712e-05,0.09394000,Regular
DOGEUSDT,2024-09-07 16:00:00.000,-5.017e-05,0.09541382,Regular
DOGEUSDT,2024-09-08 00:00:00.000,0.0001,0.09534000,Regular
DOGEUSDT,2024-09-08 08:00:00.000,0.0001,0.09558111,Regular
DOGEUSDT,2024-09-08 16:00:00.000,0.0001,0.09439174,Regular
DOGEUSDT,2024-09-09 00:00:00.000,-7.45e-06,0.09610112,Regular
DOGEUSDT,2024-09-09 08:00:00.000,5.155e-05,0.09712659,Regular
DOGEUSDT,2024-09-09 16:00:00.001,-1.582e-05,0.09886000,Regular
DOGEUSDT,2024-09-10 00:00:00.000,6.011e-05,0.10375715,Regular
DOGEUSDT,2024-09-10 08:00:00.000,-4.83e-06,0.10370806,Regular
DOGEUSDT,2024-09-10 16:00:00.000,0.0001,0.10159896,Regular
DOGEUSDT,2024-09-11 00:00:00.000,3.867e-05,0.10274000,Regular
DOGEUSDT,2024-09-11 08:00:00.000,5.65e-06,0.10086000,Regular
DOGEUSDT,2024-09-11 16:00:00.000,-2.221e-05,0.09995669,Regular
DOGEUSDT,2024-09-12 00:00:00.000,-4.4e-07,0.10125000,Regular
DOGEUSDT,2024-09-12 08:00:00.000,5e-07,0.10255790,Regular
DOGEUSDT,2024-09-12 16:00:00.000,4.751e-05,0.10065024,Regular
DOGEUSDT,2024-09-13 00:00:00.000,-4.63e-06,0.10267556,Regular
DOGEUSDT,2024-09-13 08:00:00.001,5.295e-05,0.10339000,Regular
DOGEUSDT,2024-09-13 16:00:00.001,0.0001,0.10802374,Regular
DOGEUSDT,2024-09-14 00:00:00.000,-2.406e-05,0.10690000,Regular
DOGEUSDT,2024-09-14 08:00:00.000,4.011e-05,0.10664446,Regular
DOGEUSDT,2024-09-14 16:00:00.001,2.315e-05,0.10552989,Regular
DOGEUSDT,2024-09-15 00:00:00.000,0.0001,0.10534399,Regular
DOGEUSDT,2024-09-15 08:00:00.000,6.35e-05,0.10569841,Regular
DOGEUSDT,2024-09-15 16:00:00.000,9.169e-05,0.10612155,Regular
DOGEUSDT,2024-09-16 00:00:00.000,0.0001,0.10276066,Regular
DOGEUSDT,2024-09-16 08:00:00.001,-6.784e-05,0.10236000,Regular
DOGEUSDT,2024-09-16 16:00:00.000,-4.338e-05,0.09994042,Regular
DOGEUSDT,2024-09-17 00:00:00.001,-8.579e-05,0.09960000,Regular
DOGEUSDT,2024-09-17 08:00:00.000,4.706e-05,0.10080000,Regular
DOGEUSDT,2024-09-17 16:00:00.000,3.78e-06,0.10225000,Regular
DOGEUSDT,2024-09-18 00:00:00.000,8.068e-05,0.10107077,Regular
DOGEUSDT,2024-09-18 08:00:00.000,4.5e-07,0.10153000,Regular
DOGEUSDT,2024-09-18 16:00:00.004,0.0001,0.10002061,Regular
DOGEUSDT,2024-09-19 00:00:00.000,0.0001,0.10381000,Regular
DOGEUSDT,2024-09-19 08:00:00.000,7.813e-05,0.10414336,Regular
DOGEUSDT,2024-09-19 16:00:00.001,3.497e-05,0.10498000,Regular
DOGEUSDT,2024-09-20 00:00:00.000,0.0001,0.10496000,Regular
DOGEUSDT,2024-09-20 08:00:00.001,0.0001,0.10662000,Regular
DOGEUSDT,2024-09-20 16:00:00.000,6.128e-05,0.10511000,Regular
DOGEUSDT,2024-09-21 00:00:00.001,6.299e-05,0.10548920,Regular
DOGEUSDT,2024-09-21 08:00:00.000,8.643e-05,0.10547327,Regular
DOGEUSDT,2024-09-21 16:00:00.000,0.0001,0.10926733,Regular
DOGEUSDT,2024-09-22 00:00:00.000,9.964e-05,0.10991751,Regular
DOGEUSDT,2024-09-22 08:00:00.000,0.0001,0.10788000,Regular
DOGEUSDT,2024-09-22 16:00:00.000,5.728e-05,0.10564526,Regular
DOGEUSDT,2024-09-23 00:00:00.000,1.69e-05,0.10630096,Regular
DOGEUSDT,2024-09-23 08:00:00.000,0.0001,0.10711178,Regular
DOGEUSDT,2024-09-23 16:00:00.000,0.0001,0.10719000,Regular
DOGEUSDT,2024-09-24 00:00:00.000,4.371e-05,0.10800000,Regular
DOGEUSDT,2024-09-24 08:00:00.000,0.0001,0.10818000,Regular
DOGEUSDT,2024-09-24 16:00:00.001,0.0001,0.10744000,Regular
DOGEUSDT,2024-09-25 00:00:00.000,0.0001,0.10973000,Regular
DOGEUSDT,2024-09-25 08:00:00.003,5.251e-05,0.10895191,Regular
DOGEUSDT,2024-09-25 16:00:00.000,8.675e-05,0.10884172,Regular
DOGEUSDT,2024-09-26 00:00:00.005,0.0001,0.10843000,Regular
DOGEUSDT,2024-09-26 08:00:00.000,0.0001,0.11342242,Regular
DOGEUSDT,2024-09-26 16:00:00.000,0.0001,0.11668656,Regular
DOGEUSDT,2024-09-27 00:00:00.000,0.0001,0.11811000,Regular
DOGEUSDT,2024-09-27 08:00:00.000,8.86e-05,0.12285000,Regular
DOGEUSDT,2024-09-27 16:00:00.000,8.404e-05,0.12687000,Regular
DOGEUSDT,2024-09-28 00:00:00.000,7.194e-05,0.12345735,Regular
DOGEUSDT,2024-09-28 08:00:00.001,6.243e-05,0.12182575,Regular
DOGEUSDT,2024-09-28 16:00:00.000,0.0001,0.13100000,Regular
DOGEUSDT,2024-09-29 00:00:00.001,0.0001,0.12808374,Regular
DOGEUSDT,2024-09-29 08:00:00.000,0.0001,0.12597010,Regular
DOGEUSDT,2024-09-29 16:00:00.000,0.0001,0.12602971,Regular
DOGEUSDT,2024-09-30 00:00:00.000,7.794e-05,0.12435758,Regular
DOGEUSDT,2024-09-30 08:00:00.001,0.0001,0.12288119,Regular
DOGEUSDT,2024-09-30 16:00:00.000,7.457e-05,0.11710544,Regular
DOGEUSDT,2024-10-01 00:00:00.000,9.6e-05,0.11420997,Regular
DOGEUSDT,2024-10-01 08:00:00.000,-3.42e-05,0.11855489,Regular
DOGEUSDT,2024-10-01 16:00:00.001,5.517e-05,0.11063556,Regular
DOGEUSDT,2024-10-02 00:00:00.000,-2.23e-06,0.10680000,Regular
DOGEUSDT,2024-10-02 08:00:00.000,2.231e-05,0.10841353,Regular
DOGEUSDT,2024-10-02 16:00:00.000,0.0001,0.10617948,Regular
DOGEUSDT,2024-10-03 00:00:00.000,7.026e-05,0.10458278,Regular
DOGEUSDT,2024-10-03 08:00:00.000,2.731e-05,0.10461000,Regular
DOGEUSDT,2024-10-03 16:00:00.000,6.138e-05,0.10397738,Regular
DOGEUSDT,2024-10-04 00:00:00.000,2.892e-05,0.10502000,Regular
DOGEUSDT,2024-10-04 08:00:00.000,8.559e-05,0.10794281,Regular
DOGEUSDT,2024-10-04 16:00:00.001,-3.692e-05,0.10817838,Regular
DOGEUSDT,2024-10-05 00:00:00.000,6.765e-05,0.10919000,Regular
DOGEUSDT,2024-10-05 08:00:00.000,4.454e-05,0.10871000,Regular
DOGEUSDT,2024-10-05 16:00:00.000,2.918e-05,0.10969000,Regular
DOGEUSDT,2024-10-06 00:00:00.000,0.0001,0.10937224,Regular
DOGEUSDT,2024-10-06 08:00:00.001,0.0001,0.10891000,Regular
DOGEUSDT,2024-10-06 16:00:00.000,0.0001,0.11209365,Regular
DOGEUSDT,2024-10-07 00:00:00.000,0.0001,0.11153000,Regular
DOGEUSDT,2024-10-07 08:00:00.000,8.458e-05,0.11361676,Regular
DOGEUSDT,2024-10-07 16:00:00.001,0.0001,0.11182000,Regular
DOGEUSDT,2024-10-08 00:00:00.000,3.26e-06,0.10837000,Regular
DOGEUSDT,2024-10-08 08:00:00.000,0.0001,0.10733169,Regular
DOGEUSDT,2024-10-08 16:00:00.000,4.281e-05,0.10639802,Regular
DOGEUSDT,2024-10-09 00:00:00.000,-5.59e-05,0.10704848,Regular
DOGEUSDT,2024-10-09 08:00:00.000,8.58e-05,0.10892509,Regular
DOGEUSDT,2024-10-09 16:00:00.000,7.108e-05,0.11057000,Regular
DOGEUSDT,2024-10-10 00:00:00.000,6.612e-05,0.10790662,Regular
DOGEUSDT,2024-10-10 08:00:00.000,3.25e-05,0.10724000,Regular
DOGEUSDT,2024-10-10 16:00:00.000,-2.826e-05,0.10534000,Regular
DOGEUSDT,2024-10-11 00:00:00.000,-9.86e-06,0.10596240,Regular
DOGEUSDT,2024-10-11 08:00:00.000,0.0001,0.10769598,Regular
DOGEUSDT,2024-10-11 16:00:00.001,-1.872e-05,0.10990196,Regular
DOGEUSDT,2024-10-12 00:00:00.000,0.0001,0.11077015,Regular
DOGEUSDT,2024-10-12 08:00:00.001,0.0001,0.11124165,Regular
DOGEUSDT,2024-10-12 16:00:00.000,0.0001,0.11140685,Regular
DOGEUSDT,2024-10-13 00:00:00.000,9.362e-05,0.11132985,Regular
DOGEUSDT,2024-10-13 08:00:00.000,0.0001,0.11150711,Regular
DOGEUSDT,2024-10-13 16:00:00.000,1.21e-05,0.10950000,Regular
DOGEUSDT,2024-10-14 00:00:00.000,0.0001,0.11136205,Regular
DOGEUSDT,2024-10-14 08:00:00.000,0.0001,0.11241000,Regular
DOGEUSDT,2024-10-14 16:00:00.000,0.0001,0.11561379,Regular
DOGEUSDT,2024-10-15 00:00:00.000,0.0001,0.11664763,Regular
DOGEUSDT,2024-10-15 08:00:00.000,0.0001,0.11580723,Regular
DOGEUSDT,2024-10-15 16:00:00.000,0.0001,0.11286000,Regular
DOGEUSDT,2024-10-16 00:00:00.000,0.0001,0.11746478,Regular
DOGEUSDT,2024-10-16 08:00:00.001,0.0001,0.12016871,Regular
DOGEUSDT,2024-10-16 16:00:00.000,0.0001,0.12619066,Regular
DOGEUSDT,2024-10-17 00:00:00.000,0.0001,0.12571439,Regular
DOGEUSDT,2024-10-17 08:00:00.000,0.0001,0.12203222,Regular
DOGEUSDT,2024-10-17 16:00:00.001,0.0001,0.12278009,Regular
DOGEUSDT,2024-10-18 00:00:00.010,0.0001,0.12963518,Regular
DOGEUSDT,2024-10-18 08:00:00.001,0.0001,0.13468248,Regular
DOGEUSDT,2024-10-18 16:00:00.000,0.0001,0.13762712,Regular
DOGEUSDT,2024-10-19 00:00:00.000,0.0001,0.13716473,Regular
DOGEUSDT,2024-10-19 08:00:00.000,0.0001,0.14398000,Regular
DOGEUSDT,2024-10-19 16:00:00.000,0.0001,0.14385251,Regular
DOGEUSDT,2024-10-20 00:00:00.000,0.0001,0.14403902,Regular
DOGEUSDT,2024-10-20 08:00:00.000,0.0001,0.14283794,Regular
DOGEUSDT,2024-10-20 16:00:00.000,0.0001,0.13842709,Regular
DOGEUSDT,2024-10-21 00:00:00.000,0.0001,0.14213382,Regular
DOGEUSDT,2024-10-21 08:00:00.000,0.0001,0.14621340,Regular
DOGEUSDT,2024-10-21 16:00:00.000,0.0001,0.14074450,Regular
DOGEUSDT,2024-10-22 00:00:00.000,0.0001,0.14366008,Regular
DOGEUSDT,2024-10-22 08:00:00.000,0.0001,0.14442761,Regular
DOGEUSDT,2024-10-22 16:00:00.000,0.0001,0.13937000,Regular
DOGEUSDT,2024-10-23 00:00:00.000,6.961e-05,0.13973806,Regular
DOGEUSDT,2024-10-23 08:00:00.000,0.0001,0.13965320,Regular
DOGEUSDT,2024-10-23 16:00:00.000,0.0001,0.13937197,Regular
DOGEUSDT,2024-10-24 00:00:00.000,0.0001,0.13997507,Regular
DOGEUSDT,2024-10-24 08:00:00.000,0.0001,0.13835525,Regular
DOGEUSDT,2024-10-24 16:00:00.000,0.0001,0.14056893,Regular
DOGEUSDT,2024-10-25 00:00:00.000,0.0001,0.14188000,Regular
DOGEUSDT,2024-10-25 08:00:00.000,0.0001,0.13805000,Regular
DOGEUSDT,2024-10-25 16:00:00.000,2.071e-05,0.13633379,Regular
DOGEUSDT,2024-10-26 00:00:00.000,5.609e-05,0.13163627,Regular
DOGEUSDT,2024-10-26 08:00:00.001,0.0001,0.13435000,Regular
DOGEUSDT,2024-10-26 16:00:00.000,0.0001,0.13346574,Regular
DOGEUSDT,2024-10-27 00:00:00.000,0.0001,0.13738934,Regular
DOGEUSDT,2024-10-27 08:00:00.000,0.0001,0.13814000,Regular
DOGEUSDT,2024-10-27 16:00:00.000,0.0001,0.14099000,Regular
DOGEUSDT,2024-10-28 00:00:00.000,0.0001,0.14431526,Regular
DOGEUSDT,2024-10-28 08:00:00.001,0.0001,0.14335160,Regular
DOGEUSDT,2024-10-28 16:00:00.000,0.0001,0.14793000,Regular
DOGEUSDT,2024-10-29 00:00:00.000,0.0001,0.16138024,Regular
DOGEUSDT,2024-10-29 08:00:00.000,0.0001,0.16471290,Regular
DOGEUSDT,2024-10-29 16:00:00.004,0.0001,0.17271774,Regular
DOGEUSDT,2024-10-30 00:00:00.000,0.0001,0.17588756,Regular
DOGEUSDT,2024-10-30 08:00:00.000,0.0001,0.17270190,Regular
DOGEUSDT,2024-10-30 16:00:00.013,0.0001,0.16535483,Regular
DOGEUSDT,2024-10-31 00:00:00.000,0.0001,0.16826414,Regular
DOGEUSDT,2024-10-31 08:00:00.000,0.0001,0.17203290,Regular
DOGEUSDT,2024-10-31 16:00:00.000,0.0001,0.16607786,Regular
DOGEUSDT,2024-11-01 00:00:00.000,0.0001,0.16163954,Regular
DOGEUSDT,2024-11-01 08:00:00.000,0.0001,0.15599489,Regular
DOGEUSDT,2024-11-01 16:00:00.000,0.0001,0.15926435,Regular
DOGEUSDT,2024-11-02 00:00:00.000,0.0001,0.15908794,Regular
DOGEUSDT,2024-11-02 08:00:00.000,0.0001,0.16195428,Regular
DOGEUSDT,2024-11-02 16:00:00.000,8.249e-05,0.15697448,Regular
DOGEUSDT,2024-11-03 00:00:00.000,0.0001,0.15958388,Regular
DOGEUSDT,2024-11-03 08:00:00.000,0.0001,0.15183394,Regular
DOGEUSDT,2024-11-03 16:00:00.000,0.0001,0.14590946,Regular
DOGEUSDT,2024-11-04 00:00:00.000,0.0001,0.15128000,Regular
DOGEUSDT,2024-11-04 08:00:00.000,0.0001,0.15080000,Regular
DOGEUSDT,2024-11-04 16:00:00.000,1.267e-05,0.15810157,Regular
DOGEUSDT,2024-11-05 00:00:00.000,6.048e-05,0.15817000,Regular
DOGEUSDT,2024-11-05 08:00:00.003,5.296e-05,0.16768162,Regular
DOGEUSDT,2024-11-05 16:00:00.001,0.0001,0.17454000,Regular
DOGEUSDT,2024-11-06 00:00:00.000,0.0001,0.16994433,Regular
DOGEUSDT,2024-11-06 08:00:00.000,0.0001,0.19987603,Regular
DOGEUSDT,2024-11-06 16:00:00.000,0.0001,0.19172745,Regular
DOGEUSDT,2024-11-07 00:00:00.000,0.0001,0.19647553,Regular
DOGEUSDT,2024-11-07 08:00:00.000,0.00011847,0.19168000,Regular
DOGEUSDT,2024-11-07 16:00:00.000,0.0001,0.19432428,Regular
DOGEUSDT,2024-11-08 00:00:00.000,0.0001,0.19327224,Regular
DOGEUSDT,2024-11-08 08:00:00.000,0.0001,0.19982957,Regular
DOGEUSDT,2024-11-08 16:00:00.000,0.0001,0.19718000,Regular
DOGEUSDT,2024-11-09 00:00:00.000,0.0001,0.20198905,Regular
DOGEUSDT,2024-11-09 08:00:00.000,0.0001,0.20935000,Regular
DOGEUSDT,2024-11-09 16:00:00.000,0.0001,0.20548252,Regular
DOGEUSDT,2024-11-10 00:00:00.000,0.0001,0.21893649,Regular
DOGEUSDT,2024-11-10 08:00:00.000,0.00016856,0.22678072,Regular
DOGEUSDT,2024-11-10 16:00:00.000,0.0003804,0.24722000,Regular
DOGEUSDT,2024-11-11 00:00:00.001,0.00029942,0.27779304,Regular
DOGEUSDT,2024-11-11 08:00:00.000,0.00011479,0.28181536,Regular
DOGEUSDT,2024-11-11 16:00:00.000,0.0001,0.30999885,Regular
DOGEUSDT,2024-11-12 00:00:00.002,0.00026371,0.35175808,Regular
DOGEUSDT,2024-11-12 08:00:00.000,0.00037443,0.41227652,Regular
DOGEUSDT,2024-11-12 16:00:00.000,0.00033691,0.37192934,Regular
DOGEUSDT,2024-11-13 00:00:00.000,0.00025607,0.37986929,Regular
DOGEUSDT,2024-11-13 08:00:00.010,0.0001,0.37763451,Regular
DOGEUSDT,2024-11-13 16:00:00.000,0.00015169,0.42042000,Regular
DOGEUSDT,2024-11-14 00:00:00.001,0.0001,0.39906933,Regular
DOGEUSDT,2024-11-14 08:00:00.000,0.0001,0.39799378,Regular
DOGEUSDT,2024-11-14 16:00:00.000,0.0001,0.38418284,Regular
DOGEUSDT,2024-11-15 00:00:00.000,0.0001,0.36272867,Regular
DOGEUSDT,2024-11-15 08:00:00.000,0.0001,0.36611000,Regular
DOGEUSDT,2024-11-15 16:00:00.000,0.0001,0.35679391,Regular
DOGEUSDT,2024-11-16 00:00:00.001,0.0001,0.38193852,Regular
DOGEUSDT,2024-11-16 08:00:00.001,0.00021024,0.37887000,Regular
DOGEUSDT,2024-11-16 16:00:00.000,0.00034555,0.36586000,Regular
DOGEUSDT,2024-11-17 00:00:00.000,0.00023724,0.36423443,Regular
DOGEUSDT,2024-11-17 08:00:00.000,0.0001,0.35918485,Regular
DOGEUSDT,2024-11-17 16:00:00.001,0.00034675,0.36352000,Regular
DOGEUSDT,2024-11-18 00:00:00.000,0.00033668,0.36720271,Regular
DOGEUSDT,2024-11-18 08:00:00.000,0.00040828,0.37532000,Regular
DOGEUSDT,2024-11-18 16:00:00.000,0.0001,0.37824257,Regular
DOGEUSDT,2024-11-19 00:00:00.000,0.00024425,0.37135032,Regular
DOGEUSDT,2024-11-19 08:00:00.000,0.0004184,0.38851625,Regular
DOGEUSDT,2024-11-19 16:00:00.000,0.0001,0.39500000,Regular
DOGEUSDT,2024-11-20 00:00:00.003,0.0001025,0.39080662,Regular
DOGEUSDT,2024-11-20 08:00:00.000,0.0001,0.39004000,Regular
DOGEUSDT,2024-11-20 16:00:00.000,0.00014273,0.39294874,Regular
DOGEUSDT,2024-11-21 00:00:00.001,0.0001,0.37784467,Regular
DOGEUSDT,2024-11-21 08:00:00.000,0.0001,0.38532763,Regular
DOGEUSDT,2024-11-21 16:00:00.001,0.0001,0.38045926,Regular
DOGEUSDT,2024-11-22 00:00:00.000,0.00026783,0.38697395,Regular
DOGEUSDT,2024-11-22 08:00:00.000,0.00036559,0.39144559,Regular
DOGEUSDT,2024-11-22 16:00:00.001,0.00037518,0.40373310,Regular
DOGEUSDT,2024-11-23 00:00:00.000,0.00035086,0.41301000,Regular
DOGEUSDT,2024-11-23 08:00:00.000,0.00063331,0.46169419,Regular
DOGEUSDT,2024-11-23 16:00:00.000,0.00056339,0.45539866,Regular
DOGEUSDT,2024-11-24 00:00:00.001,0.0001,0.43041894,Regular
DOGEUSDT,2024-11-24 08:00:00.000,0.00027602,0.43884000,Regular
DOGEUSDT,2024-11-24 16:00:00.000,0.00024673,0.40218778,Regular
DOGEUSDT,2024-11-25 00:00:00.000,0.0001,0.43046417,Regular
DOGEUSDT,2024-11-25 08:00:00.000,0.0002913,0.42867000,Regular
DOGEUSDT,2024-11-25 16:00:00.000,0.00017976,0.41435755,Regular
DOGEUSDT,2024-11-26 00:00:00.000,0.0001,0.39289000,Regular
DOGEUSDT,2024-11-26 08:00:00.000,0.00019826,0.39824000,Regular
DOGEUSDT,2024-11-26 16:00:00.000,0.0001,0.37947093,Regular
DOGEUSDT,2024-11-27 00:00:00.000,0.0001,0.38729000,Regular
DOGEUSDT,2024-11-27 08:00:00.000,0.00013379,0.39774000,Regular
DOGEUSDT,2024-11-27 16:00:00.001,0.0001656,0.40134000,Regular
DOGEUSDT,2024-11-28 00:00:00.000,0.00016316,0.40127785,Regular
DOGEUSDT,2024-11-28 08:00:00.000,0.00010132,0.40309896,Regular
DOGEUSDT,2024-11-28 16:00:00.000,0.00010378,0.39291142,Regular
DOGEUSDT,2024-11-29 00:00:00.000,0.00020196,0.40186325,Regular
DOGEUSDT,2024-11-29 08:00:00.000,0.00027359,0.40066668,Regular
DOGEUSDT,2024-11-29 16:00:00.000,0.00029969,0.41852000,Regular
DOGEUSDT,2024-11-30 00:00:00.000,0.00030277,0.42656286,Regular
DOGEUSDT,2024-11-30 08:00:00.000,0.00025546,0.43175000,Regular
DOGEUSDT,2024-11-30 16:00:00.000,0.00022188,0.42296000,Regular
DOGEUSDT,2024-12-01 00:00:00.000,0.00025873,0.42179000,Regular
DOGEUSDT,2024-12-01 08:00:00.000,0.00022679,0.42741879,Regular
DOGEUSDT,2024-12-01 16:00:00.000,0.00011173,0.42861502,Regular
DOGEUSDT,2024-12-02 00:00:00.001,0.00055902,0.44092000,Regular
DOGEUSDT,2024-12-02 08:00:00.001,0.00018994,0.42872092,Regular
DOGEUSDT,2024-12-02 16:00:00.000,0.00011197,0.43368735,Regular
DOGEUSDT,2024-12-03 00:00:00.000,0.00036142,0.42494834,Regular
DOGEUSDT,2024-12-03 08:00:00.000,0.00051503,0.41690000,Regular
DOGEUSDT,2024-12-03 16:00:00.000,0.00012244,0.40622452,Regular
DOGEUSDT,2024-12-04 00:00:00.000,0.0004215,0.40665000,Regular
DOGEUSDT,2024-12-04 08:00:00.000,0.00044774,0.42108104,Regular
DOGEUSDT,2024-12-04 16:00:00.000,0.00032802,0.41332942,Regular
DOGEUSDT,2024-12-05 00:00:00.001,0.00033226,0.43310417,Regular
DOGEUSDT,2024-12-05 08:00:00.000,0.00070264,0.43991337,Regular
DOGEUSDT,2024-12-05 16:00:00.000,0.00048066,0.43929000,Regular
DOGEUSDT,2024-12-06 00:00:00.000,0.00038139,0.42718000,Regular
DOGEUSDT,2024-12-06 08:00:00.000,0.0004284,0.43692872,Regular
DOGEUSDT,2024-12-06 16:00:00.000,0.00011806,0.43267144,Regular
DOGEUSDT,2024-12-07 00:00:00.000,0.00044794,0.43503142,Regular
DOGEUSDT,2024-12-07 08:00:00.000,0.00039236,0.44823988,Regular
DOGEUSDT,2024-12-07 16:00:00.000,0.00038653,0.45313000,Regular
DOGEUSDT,2024-12-08 00:00:00.000,0.00066812,0.45332000,Regular
DOGEUSDT,2024-12-08 08:00:00.000,0.00040738,0.46532907,Regular
DOGEUSDT,2024-12-08 16:00:00.000,0.00014485,0.46136000,Regular
DOGEUSDT,2024-12-09 00:00:00.000,0.00029186,0.46669000,Regular
DOGEUSDT,2024-12-09 08:00:00.000,0.0001414,0.44604524,Regular
DOGEUSDT,2024-12-09 16:00:00.001,0.0001,0.43413000,Regular
DOGEUSDT,2024-12-10 00:00:00.007,0.0001,0.41427780,Regular
DOGEUSDT,2024-12-10 08:00:00.000,0.0001,0.40921661,Regular
DOGEUSDT,2024-12-10 16:00:00.000,0.0001,0.37291696,Regular
DOGEUSDT,2024-12-11 00:00:00.000,3.841e-05,0.39379058,Regular
DOGEUSDT,2024-12-11 08:00:00.000,0.0001,0.38670829,Regular
DOGEUSDT,2024-12-11 16:00:00.001,0.0001,0.41290957,Regular
DOGEUSDT,2024-12-12 00:00:00.001,0.0001,0.41404000,Regular
DOGEUSDT,2024-12-12 08:00:00.000,0.0001,0.41374000,Regular
DOGEUSDT,2024-12-12 16:00:00.001,0.0001,0.41481000,Regular
DOGEUSDT,2024-12-13 00:00:00.000,0.0001,0.40609851,Regular
DOGEUSDT,2024-12-13 08:00:00.000,0.0001,0.40437000,Regular
DOGEUSDT,2024-12-13 16:00:00.001,0.0001,0.40276000,Regular
DOGEUSDT,2024-12-14 00:00:00.000,0.0001,0.40903445,Regular
DOGEUSDT,2024-12-14 08:00:00.000,0.0001,0.40926000,Regular
DOGEUSDT,2024-12-14 16:00:00.000,0.0001,0.39712884,Regular
DOGEUSDT,2024-12-15 00:00:00.000,0.0001,0.39805000,Regular
DOGEUSDT,2024-12-15 08:00:00.000,1.095e-05,0.39582753,Regular
DOGEUSDT,2024-12-15 16:00:00.000,0.0001,0.40284000,Regular
DOGEUSDT,2024-12-16 00:00:00.000,0.0001,0.40641000,Regular
DOGEUSDT,2024-12-16 08:00:00.001,0.0001,0.40430331,Regular
DOGEUSDT,2024-12-16 16:00:00.000,0.0001,0.40020678,Regular
DOGEUSDT,2024-12-17 00:00:00.000,0.0001,0.40188044,Regular
DOGEUSDT,2024-12-17 08:00:00.000,0.0001,0.39767683,Regular
DOGEUSDT,2024-12-17 16:00:00.000,0.0001,0.39851847,Regular
DOGEUSDT,2024-12-18 00:00:00.000,0.0001,0.39402574,Regular
DOGEUSDT,2024-12-18 08:00:00.000,2.74e-05,0.38372678,Regular
DOGEUSDT,2024-12-18 16:00:00.000,6.334e-05,0.38418359,Regular
DOGEUSDT,2024-12-19 00:00:00.000,-0.00010401,0.35811680,Regular
DOGEUSDT,2024-12-19 08:00:00.000,8.173e-05,0.36285009,Regular
DOGEUSDT,2024-12-19 16:00:00.000,3.638e-05,0.35191935,Regular
DOGEUSDT,2024-12-20 00:00:00.000,-0.0001805,0.31417000,Regular
DOGEUSDT,2024-12-20 08:00:00.001,8.079e-05,0.31676199,Regular
DOGEUSDT,2024-12-20 16:00:00.014,-6.54e-05,0.30454000,Regular
DOGEUSDT,2024-12-21 00:00:00.000,6.944e-05,0.31779000,Regular
DOGEUSDT,2024-12-21 08:00:00.000,-0.00011222,0.34615712,Regular
DOGEUSDT,2024-12-21 16:00:00.001,7.087e-05,0.32685213,Regular
DOGEUSDT,2024-12-22 00:00:00.000,5.272e-05,0.32027000,Regular
DOGEUSDT,2024-12-22 08:00:00.000,6.972e-05,0.31291559,Regular
DOGEUSDT,2024-12-22 16:00:00.000,-3.343e-05,0.31271000,Regular
DOGEUSDT,2024-12-23 00:00:00.000,-1.71e-05,0.31247044,Regular
DOGEUSDT,2024-12-23 08:00:00.000,2.979e-05,0.31244000,Regular
DOGEUSDT,2024-12-23 16:00:00.001,-3.872e-05,0.30506000,Regular
DOGEUSDT,2024-12-24 00:00:00.000,0.0001,0.32481000,Regular
DOGEUSDT,2024-12-24 08:00:00.000,4.579e-05,0.32147000,Regular
DOGEUSDT,2024-12-24 16:00:00.001,-1.995e-05,0.33625000,Regular
DOGEUSDT,2024-12-25 00:00:00.001,-1.967e-05,0.33704547,Regular
DOGEUSDT,2024-12-25 08:00:00.000,-3.176e-05,0.33139176,Regular
DOGEUSDT,2024-12-25 16:00:00.000,-0.00010236,0.33045000,Regular
DOGEUSDT,2024-12-26 00:00:00.000,7.149e-05,0.33419000,Regular
DOGEUSDT,2024-12-26 08:00:00.000,-2.965e-05,0.32355000,Regular
DOGEUSDT,2024-12-26 16:00:00.000,1.776e-05,0.31433000,Regular
DOGEUSDT,2024-12-27 00:00:00.000,2.621e-05,0.31257142,Regular
DOGEUSDT,2024-12-27 08:00:00.000,-4.522e-05,0.31150789,Regular
DOGEUSDT,2024-12-27 16:00:00.000,-2.24e-05,0.31175000,Regular
DOGEUSDT,2024-12-28 00:00:00.001,4.726e-05,0.31175000,Regular
DOGEUSDT,2024-12-28 08:00:00.000,3.847e-05,0.31490330,Regular
DOGEUSDT,2024-12-28 16:00:00.000,6.029e-05,0.31861000,Regular
DOGEUSDT,2024-12-29 00:00:00.000,0.0001,0.32429000,Regular
DOGEUSDT,2024-12-29 08:00:00.000,0.0001,0.32924000,Regular
DOGEUSDT,2024-12-29 16:00:00.000,9.536e-05,0.31969725,Regular
DOGEUSDT,2024-12-30 00:00:00.000,2.163e-05,0.31418000,Regular
DOGEUSDT,2024-12-30 08:00:00.001,5.743e-05,0.32032321,Regular
DOGEUSDT,2024-12-30 16:00:00.000,7.798e-05,0.31078090,Regular
DOGEUSDT,2024-12-31 00:00:00.000,9.594e-05,0.31382000,Regular
DOGEUSDT,2024-12-31 08:00:00.000,6.013e-05,0.31206137,Regular
DOGEUSDT,2024-12-31 16:00:00.000,0.0001,0.32743049,Regular
DOGEUSDT,2025-01-01 00:00:00.015,6.602e-05,0.31583125,Regular
DOGEUSDT,2025-01-01 08:00:00.000,2.596e-05,0.31664000,Regular
DOGEUSDT,2025-01-01 16:00:00.001,5.957e-05,0.32024075,Regular
DOGEUSDT,2025-01-02 00:00:00.000,0.0001,0.32504000,Regular
DOGEUSDT,2025-01-02 08:00:00.006,0.0001,0.33427472,Regular
DOGEUSDT,2025-01-02 16:00:00.000,0.0001,0.33683000,Regular
DOGEUSDT,2025-01-03 00:00:00.000,4.207e-05,0.33879000,Regular
DOGEUSDT,2025-01-03 08:00:00.000,3.031e-05,0.33666216,Regular
DOGEUSDT,2025-01-03 16:00:00.000,0.0001,0.36599695,Regular
DOGEUSDT,2025-01-04 00:00:00.000,0.0001,0.37988638,Regular
DOGEUSDT,2025-01-04 08:00:00.000,0.0001,0.38789754,Regular
DOGEUSDT,2025-01-04 16:00:00.000,0.0001,0.37931237,Regular
DOGEUSDT,2025-01-05 00:00:00.000,0.0001,0.39467000,Regular
DOGEUSDT,2025-01-05 08:00:00.000,6.344e-05,0.38962561,Regular
DOGEUSDT,2025-01-05 16:00:00.000,0.0001,0.38345000,Regular
DOGEUSDT,2025-01-06 00:00:00.000,0.0001,0.38219000,Regular
DOGEUSDT,2025-01-06 08:00:00.001,-1.32e-05,0.38295177,Regular
DOGEUSDT,2025-01-06 16:00:00.000,0.0001,0.38940000,Regular
DOGEUSDT,2025-01-07 00:00:00.000,0.0001,0.38767932,Regular
DOGEUSDT,2025-01-07 08:00:00.000,0.0001,0.39156000,Regular
DOGEUSDT,2025-01-07 16:00:00.008,7.968e-05,0.36385541,Regular
DOGEUSDT,2025-01-08 00:00:00.001,-0.00017755,0.34780448,Regular
DOGEUSDT,2025-01-08 08:00:00.000,0.0001,0.34437383,Regular
DOGEUSDT,2025-01-08 16:00:00.000,3.32e-05,0.34626632,Regular
DOGEUSDT,2025-01-09 00:00:00.000,5.26e-06,0.34208135,Regular
DOGEUSDT,2025-01-09 08:00:00.000,9.592e-05,0.33169000,Regular
DOGEUSDT,2025-01-09 16:00:00.000,-2.099e-05,0.33288000,Regular
DOGEUSDT,2025-01-10 00:00:00.000,-0.00018591,0.32072824,Regular
DOGEUSDT,2025-01-10 08:00:00.000,-0.00019486,0.33539000,Regular
DOGEUSDT,2025-01-10 16:00:00.000,1.506e-05,0.32828000,Regular
DOGEUSDT,2025-01-11 00:00:00.000,-0.00016415,0.33364612,Regular
DOGEUSDT,2025-01-11 08:00:00.000,-2.886e-05,0.33172000,Regular
DOGEUSDT,2025-01-11 16:00:00.000,-1.16e-05,0.33457000,Regular
DOGEUSDT,2025-01-12 00:00:00.000,-9.273e-05,0.34100000,Regular
DOGEUSDT,2025-01-12 08:00:00.000,-8.906e-05,0.33994000,Regular
DOGEUSDT,2025-01-12 16:00:00.000,3.022e-05,0.34032000,Regular
DOGEUSDT,2025-01-13 00:00:00.000,6.182e-05,0.33574530,Regular
DOGEUSDT,2025-01-13 08:00:00.000,-1.727e-05,0.32829000,Regular
DOGEUSDT,2025-01-13 16:00:00.000,-1.182e-05,0.32451138,Regular
DOGEUSDT,2025-01-14 00:00:00.000,1.734e-05,0.33791000,Regular
DOGEUSDT,2025-01-14 08:00:00.000,0.0001,0.34262000,Regular
DOGEUSDT,2025-01-14 16:00:00.000,6.83e-05,0.35288587,Regular
DOGEUSDT,2025-01-15 00:00:00.000,7.467e-05,0.35579000,Regular
DOGEUSDT,2025-01-15 08:00:00.000,-2.833e-05,0.36077000,Regular
DOGEUSDT,2025-01-15 16:00:00.000,1.192e-05,0.37095000,Regular
DOGEUSDT,2025-01-16 00:00:00.000,5.499e-05,0.38517333,Regular
DOGEUSDT,2025-01-16 08:00:00.000,0.0001,0.37963000,Regular
DOGEUSDT,2025-01-16 16:00:00.000,0.0001,0.38143905,Regular
DOGEUSDT,2025-01-17 00:00:00.004,0.0001,0.37633000,Regular
DOGEUSDT,2025-01-17 08:00:00.000,9.595e-05,0.39532000,Regular
DOGEUSDT,2025-01-17 16:00:00.008,0.0001,0.41281000,Regular
DOGEUSDT,2025-01-18 00:00:00.000,0.0001,0.41512316,Regular
DOGEUSDT,2025-01-18 08:00:00.007,0.0001,0.39512310,Regular
DOGEUSDT,2025-01-18 16:00:00.000,0.0001,0.39750060,Regular
DOGEUSDT,2025-01-19 00:00:00.000,0.0001,0.39626000,Regular
DOGEUSDT,2025-01-19 08:00:00.000,0.0001,0.39236000,Regular
DOGEUSDT,2025-01-19 16:00:00.000,0.0001,0.38806153,Regular
DOGEUSDT,2025-01-20 00:00:00.000,0.0001,0.35822000,Regular
DOGEUSDT,2025-01-20 08:00:00.009,2.597e-05,0.37600000,Regular
DOGEUSDT,2025-01-20 16:00:00.000,0.0001,0.36756000,Regular
DOGEUSDT,2025-01-21 00:00:00.000,5.955e-05,0.35440000,Regular
DOGEUSDT,2025-01-21 08:00:00.000,5.116e-05,0.34225000,Regular
DOGEUSDT,2025-01-21 16:00:00.000,7.525e-05,0.37947000,Regular
DOGEUSDT,2025-01-22 00:00:00.000,0.0001,0.37176000,Regular
DOGEUSDT,2025-01-22 08:00:00.000,6.478e-05,0.36476000,Regular
DOGEUSDT,2025-01-22 16:00:00.000,1.414e-05,0.36030234,Regular
DOGEUSDT,2025-01-23 00:00:00.001,6.071e-05,0.36272000,Regular
DOGEUSDT,2025-01-23 08:00:00.000,0.0001,0.35379000,Regular
DOGEUSDT,2025-01-23 16:00:00.000,4.991e-05,0.35385000,Regular
DOGEUSDT,2025-01-24 00:00:00.000,3.191e-05,0.35194000,Regular
DOGEUSDT,2025-01-24 08:00:00.000,2.448e-05,0.35740000,Regular
DOGEUSDT,2025-01-24 16:00:00.000,3.671e-05,0.35990000,Regular
DOGEUSDT,2025-01-25 00:00:00.000,-5.8e-06,0.35065000,Regular
DOGEUSDT,2025-01-25 08:00:00.000,-5.578e-05,0.34838000,Regular
DOGEUSDT,2025-01-25 16:00:00.001,5.332e-05,0.35610000,Regular
DOGEUSDT,2025-01-26 00:00:00.000,6.74e-05,0.35337000,Regular
DOGEUSDT,2025-01-26 08:00:00.000,9.05e-06,0.35448000,Regular
DOGEUSDT,2025-01-26 16:00:00.000,-8.469e-05,0.35087000,Regular
DOGEUSDT,2025-01-27 00:00:00.000,-9.788e-05,0.33585472,Regular
DOGEUSDT,2025-01-27 08:00:00.000,-2.32e-06,0.31497000,Regular
DOGEUSDT,2025-01-27 16:00:00.000,-0.00015045,0.32612000,Regular
DOGEUSDT,2025-01-28 00:00:00.000,3.307e-05,0.33376965,Regular
DOGEUSDT,2025-01-28 08:00:00.000,-2.335e-05,0.33424135,Regular
DOGEUSDT,2025-01-28 16:00:00.000,-1.256e-05,0.33300000,Regular
DOGEUSDT,2025-01-29 00:00:00.000,6.265e-05,0.31854144,Regular
DOGEUSDT,2025-01-29 08:00:00.000,0.0001,0.33223000,Regular
DOGEUSDT,2025-01-29 16:00:00.000,7.889e-05,0.32421000,Regular
DOGEUSDT,2025-01-30 00:00:00.000,1.6e-07,0.32388000,Regular
DOGEUSDT,2025-01-30 08:00:00.000,0.0001,0.33090717,Regular
DOGEUSDT,2025-01-30 16:00:00.000,5.076e-05,0.33630000,Regular
DOGEUSDT,2025-01-31 00:00:00.000,3.961e-05,0.33136000,Regular
DOGEUSDT,2025-01-31 08:00:00.000,-5.64e-06,0.32802714,Regular
DOGEUSDT,2025-01-31 16:00:00.000,0.0001,0.33950128,Regular
DOGEUSDT,2025-02-01 00:00:00.000,-7.1e-06,0.32873640,Regular
DOGEUSDT,2025-02-01 08:00:00.000,0.0001,0.32550000,Regular
DOGEUSDT,2025-02-01 16:00:00.000,7.055e-05,0.32189000,Regular
DOGEUSDT,2025-02-02 00:00:00.001,3.134e-05,0.30775967,Regular
DOGEUSDT,2025-02-02 08:00:00.000,1.549e-05,0.30008000,Regular
DOGEUSDT,2025-02-02 16:00:00.000,3.098e-05,0.29451000,Regular
DOGEUSDT,2025-02-03 00:00:00.000,2.403e-05,0.26788000,Regular
DOGEUSDT,2025-02-03 08:00:00.000,-0.00010187,0.25567756,Regular
DOGEUSDT,2025-02-03 16:00:00.000,-5.983e-05,0.26829049,Regular
DOGEUSDT,2025-02-04 00:00:00.000,-5.581e-05,0.28471197,Regular
DOGEUSDT,2025-02-04 08:00:00.001,2.422e-05,0.25969918,Regular
DOGEUSDT,2025-02-04 16:00:00.000,-3.99e-05,0.26869000,Regular
DOGEUSDT,2025-02-05 00:00:00.001,3.745e-05,0.26330000,Regular
DOGEUSDT,2025-02-05 08:00:00.001,6.536e-05,0.26528000,Regular
DOGEUSDT,2025-02-05 16:00:00.000,-1.96e-06,0.26316000,Regular
DOGEUSDT,2025-02-06 00:00:00.001,5.572e-05,0.25604348,Regular
DOGEUSDT,2025-02-06 08:00:00.001,-1.787e-05,0.26304000,Regular
DOGEUSDT,2025-02-06 16:00:00.000,7.498e-05,0.24913598,Regular
DOGEUSDT,2025-02-07 00:00:00.000,-0.00011729,0.24776726,Regular
DOGEUSDT,2025-02-07 08:00:00.000,4.669e-05,0.24878000,Regular
DOGEUSDT,2025-02-07 16:00:00.000,4.45e-06,0.25444000,Regular
DOGEUSDT,2025-02-08 00:00:00.000,-4.178e-05,0.24636000,Regular
DOGEUSDT,2025-02-08 08:00:00.000,0.0001,0.24788452,Regular
DOGEUSDT,2025-02-08 16:00:00.000,9.105e-05,0.24854000,Regular
DOGEUSDT,2025-02-09 00:00:00.000,3e-08,0.25274000,Regular
DOGEUSDT,2025-02-09 08:00:00.000,-2.886e-05,0.25585000,Regular
DOGEUSDT,2025-02-09 16:00:00.000,6.574e-05,0.25313000,Regular
DOGEUSDT,2025-02-10 00:00:00.000,1.084e-05,0.24875323,Regular
DOGEUSDT,2025-02-10 08:00:00.000,9.046e-05,0.25071000,Regular
DOGEUSDT,2025-02-10 16:00:00.000,9.31e-05,0.25133000,Regular
DOGEUSDT,2025-02-11 00:00:00.000,9.598e-05,0.25529961,Regular
DOGEUSDT,2025-02-11 08:00:00.000,4.309e-05,0.26642000,Regular
DOGEUSDT,2025-02-11 16:00:00.000,4.25e-05,0.25900000,Regular
DOGEUSDT,2025-02-12 00:00:00.000,-0.000112,0.25293433,Regular
DOGEUSDT,2025-02-12 08:00:00.000,-5.029e-05,0.25340000,Regular
DOGEUSDT,2025-02-12 16:00:00.001,0.0001,0.25427000,Regular
DOGEUSDT,2025-02-13 00:00:00.001,9.687e-05,0.26411000,Regular
DOGEUSDT,2025-02-13 08:00:00.000,7.034e-05,0.25830000,Regular
DOGEUSDT,2025-02-13 16:00:00.001,-3.787e-05,0.25727307,Regular
DOGEUSDT,2025-02-14 00:00:00.000,-6.6e-07,0.26230000,Regular
DOGEUSDT,2025-02-14 08:00:00.001,0.0001,0.26378196,Regular
DOGEUSDT,2025-02-14 16:00:00.000,8.49e-05,0.27210399,Regular
DOGEUSDT,2025-02-15 00:00:00.000,1.818e-05,0.27163474,Regular
DOGEUSDT,2025-02-15 08:00:00.000,3.354e-05,0.27518720,Regular
DOGEUSDT,2025-02-15 16:00:00.000,-5.366e-05,0.27520000,Regular
DOGEUSDT,2025-02-16 00:00:00.000,-4.24e-06,0.27160000,Regular
DOGEUSDT,2025-02-16 08:00:00.000,-6.827e-05,0.26941000,Regular
DOGEUSDT,2025-02-16 16:00:00.000,-4.749e-05,0.26755325,Regular
DOGEUSDT,2025-02-17 00:00:00.000,2.204e-05,0.26543566,Regular
DOGEUSDT,2025-02-17 08:00:00.000,1.968e-05,0.25962000,Regular
DOGEUSDT,2025-02-17 16:00:00.000,-2.994e-05,0.26018713,Regular
DOGEUSDT,2025-02-18 00:00:00.000,2.887e-05,0.25806670,Regular
DOGEUSDT,2025-02-18 08:00:00.000,-2.204e-05,0.25047864,Regular
DOGEUSDT,2025-02-18 16:00:00.000,-3.458e-05,0.24674000,Regular
DOGEUSDT,2025-02-19 00:00:00.000,1.151e-05,0.25120412,Regular
DOGEUSDT,2025-02-19 08:00:00.000,-2.711e-05,0.25375889,Regular
DOGEUSDT,2025-02-19 16:00:00.000,3.284e-05,0.25224000,Regular
DOGEUSDT,2025-02-20 00:00:00.000,8.46e-06,0.25472381,Regular
DOGEUSDT,2025-02-20 08:00:00.000,-1.337e-05,0.25448000,Regular
DOGEUSDT,2025-02-20 16:00:00.000,6.85e-05,0.25082000,Regular
DOGEUSDT,2025-02-21 00:00:00.001,-5.792e-05,0.25458000,Regular
DOGEUSDT,2025-02-21 08:00:00.000,5.321e-05,0.25307000,Regular
DOGEUSDT,2025-02-21 16:00:00.000,-2.118e-05,0.25227000,Regular
DOGEUSDT,2025-02-22 00:00:00.000,0.0001,0.23942000,Regular
DOGEUSDT,2025-02-22 08:00:00.000,-4.646e-05,0.24377000,Regular
DOGEUSDT,2025-02-22 16:00:00.000,-1.782e-05,0.24553000,Regular
DOGEUSDT,2025-02-23 00:00:00.000,4.317e-05,0.24643000,Regular
DOGEUSDT,2025-02-23 08:00:00.000,1.862e-05,0.24679000,Regular
DOGEUSDT,2025-02-23 16:00:00.000,2.548e-05,0.24065264,Regular
DOGEUSDT,2025-02-24 00:00:00.000,-1.409e-05,0.24269000,Regular
DOGEUSDT,2025-02-24 08:00:00.000,-8.327e-05,0.23311000,Regular
DOGEUSDT,2025-02-24 16:00:00.000,3.687e-05,0.22537000,Regular
DOGEUSDT,2025-02-25 00:00:00.000,6.126e-05,0.21041981,Regular
DOGEUSDT,2025-02-25 08:00:00.000,-2.265e-05,0.20392353,Regular
DOGEUSDT,2025-02-25 16:00:00.000,8.79e-06,0.20334509,Regular
DOGEUSDT,2025-02-26 00:00:00.000,-5.35e-05,0.21146000,Regular
DOGEUSDT,2025-02-26 08:00:00.000,-3.895e-05,0.21004812,Regular
DOGEUSDT,2025-02-26 16:00:00.000,5.034e-05,0.20982363,Regular
DOGEUSDT,2025-02-27 00:00:00.001,9.162e-05,0.20346000,Regular
DOGEUSDT,2025-02-27 08:00:00.000,9.222e-05,0.20860000,Regular
DOGEUSDT,2025-02-27 16:00:00.000,0.0001,0.20911981,Regular
DOGEUSDT,2025-02-28 00:00:00.001,-1.482e-05,0.20677000,Regular
DOGEUSDT,2025-02-28 08:00:00.000,1.605e-05,0.18536831,Regular
DOGEUSDT,2025-02-28 16:00:00.000,-7.845e-05,0.19742000,Regular
DOGEUSDT,2025-03-01 00:00:00.000,0.0001,0.20176750,Regular
DOGEUSDT,2025-03-01 08:00:00.000,4.566e-05,0.20408000,Regular
DOGEUSDT,2025-03-01 16:00:00.001,8.653e-05,0.20200314,Regular
DOGEUSDT,2025-03-02 00:00:00.000,1.686e-05,0.20662000,Regular
DOGEUSDT,2025-03-02 08:00:00.000,9.159e-05,0.20704000,Regular
DOGEUSDT,2025-03-02 16:00:00.000,-8e-06,0.21066184,Regular
DOGEUSDT,2025-03-03 00:00:00.001,-3.283e-05,0.23923000,Regular
DOGEUSDT,2025-03-03 08:00:00.000,-2.55e-06,0.22239000,Regular
DOGEUSDT,2025-03-03 16:00:00.000,-0.00011526,0.21511000,Regular
DOGEUSDT,2025-03-04 00:00:00.001,-8.714e-05,0.19903000,Regular
DOGEUSDT,2025-03-04 08:00:00.005,-4.883e-05,0.19193000,Regular
DOGEUSDT,2025-03-04 16:00:00.000,-3.808e-05,0.19281000,Regular
DOGEUSDT,2025-03-05 00:00:00.000,4.44e-06,0.19898000,Regular
DOGEUSDT,2025-03-05 08:00:00.000,6.62e-06,0.19951758,Regular
DOGEUSDT,2025-03-05 16:00:00.000,1.343e-05,0.19969650,Regular
DOGEUSDT,2025-03-06 00:00:00.000,3.394e-05,0.20462224,Regular
DOGEUSDT,2025-03-06 08:00:00.001,1.54e-05,0.20870000,Regular
DOGEUSDT,2025-03-06 16:00:00.000,1.039e-05,0.20659000,Regular
DOGEUSDT,2025-03-07 00:00:00.000,-0.00010773,0.20140000,Regular
DOGEUSDT,2025-03-07 08:00:00.001,5.71e-06,0.20068000,Regular
DOGEUSDT,2025-03-07 16:00:00.000,9.391e-05,0.20486637,Regular
DOGEUSDT,2025-03-08 00:00:00.000,4.618e-05,0.19830000,Regular
DOGEUSDT,2025-03-08 08:00:00.001,-1.988e-05,0.19635213,Regular
DOGEUSDT,2025-03-08 16:00:00.001,5.32e-05,0.19454875,Regular
DOGEUSDT,2025-03-09 00:00:00.001,-3.055e-05,0.19221000,Regular
DOGEUSDT,2025-03-09 08:00:00.000,6.688e-05,0.19134822,Regular
DOGEUSDT,2025-03-09 16:00:00.000,-5.76e-06,0.17728000,Regular
DOGEUSDT,2025-03-10 00:00:00.000,-2.664e-05,0.16795000,Regular
DOGEUSDT,2025-03-10 08:00:00.000,-4.717e-05,0.17372000,Regular
DOGEUSDT,2025-03-10 16:00:00.000,-2.274e-05,0.16713473,Regular
DOGEUSDT,2025-03-11 00:00:00.000,-2.727e-05,0.15400795,Regular
DOGEUSDT,2025-03-11 08:00:00.000,-7.33e-06,0.15870284,Regular
DOGEUSDT,2025-03-11 16:00:00.001,7.443e-05,0.16108000,Regular
DOGEUSDT,2025-03-12 00:00:00.000,3.982e-05,0.16448000,Regular
DOGEUSDT,2025-03-12 08:00:00.000,7.204e-05,0.16537619,Regular
DOGEUSDT,2025-03-12 16:00:00.001,-2.744e-05,0.16518321,Regular
DOGEUSDT,2025-03-13 00:00:00.000,-3.24e-06,0.17234000,Regular
DOGEUSDT,2025-03-13 08:00:00.000,4.7e-07,0.16968000,Regular
DOGEUSDT,2025-03-13 16:00:00.000,0.0001,0.16595663,Regular
DOGEUSDT,2025-03-14 00:00:00.000,2.479e-05,0.16513000,Regular
DOGEUSDT,2025-03-14 08:00:00.000,0.0001,0.16838000,Regular
DOGEUSDT,2025-03-14 16:00:00.000,9.059e-05,0.17333570,Regular
DOGEUSDT,2025-03-15 00:00:00.000,3.243e-05,0.17187000,Regular
DOGEUSDT,2025-03-15 08:00:00.000,3.265e-05,0.17204000,Regular
DOGEUSDT,2025-03-15 16:00:00.000,4.728e-05,0.17671000,Regular
DOGEUSDT,2025-03-16 00:00:00.000,-1.88e-06,0.17586000,Regular
DOGEUSDT,2025-03-16 08:00:00.000,5.701e-05,0.17545000,Regular
DOGEUSDT,2025-03-16 16:00:00.000,-3.554e-05,0.16806163,Regular
DOGEUSDT,2025-03-17 00:00:00.000,4.56e-06,0.16806341,Regular
DOGEUSDT,2025-03-17 08:00:00.000,5.262e-05,0.17255000,Regular
DOGEUSDT,2025-03-17 16:00:00.000,-3.89e-06,0.17213000,Regular
DOGEUSDT,2025-03-18 00:00:00.000,2.958e-05,0.17325000,Regular
DOGEUSDT,2025-03-18 08:00:00.000,-6.937e-05,0.16771446,Regular
DOGEUSDT,2025-03-18 16:00:00.000,-8.257e-05,0.16359000,Regular
DOGEUSDT,2025-03-19 00:00:00.000,-4.478e-05,0.16794000,Regular
DOGEUSDT,2025-03-19 08:00:00.000,6.252e-05,0.16715000,Regular
DOGEUSDT,2025-03-19 16:00:00.000,7.422e-05,0.17333000,Regular
DOGEUSDT,2025-03-20 00:00:00.000,0.0001,0.17790000,Regular
DOGEUSDT,2025-03-20 08:00:00.000,8.03e-05,0.17411427,Regular
DOGEUSDT,2025-03-20 16:00:00.000,-2.773e-05,0.16963936,Regular
DOGEUSDT,2025-03-21 00:00:00.000,-3.535e-05,0.16938000,Regular
DOGEUSDT,2025-03-21 08:00:00.000,2.85e-05,0.16837000,Regular
DOGEUSDT,2025-03-21 16:00:00.000,-9.148e-05,0.16542000,Regular
DOGEUSDT,2025-03-22 00:00:00.000,-3.412e-05,0.16719498,Regular
DOGEUSDT,2025-03-22 08:00:00.004,9.4e-06,0.16885000,Regular
DOGEUSDT,2025-03-22 16:00:00.000,3.231e-05,0.16796000,Regular
DOGEUSDT,2025-03-23 00:00:00.000,-1.1e-05,0.16729000,Regular
DOGEUSDT,2025-03-23 08:00:00.000,7.409e-05,0.16953622,Regular
DOGEUSDT,2025-03-23 16:00:00.000,0.0001,0.17192769,Regular
DOGEUSDT,2025-03-24 00:00:00.000,8.735e-05,0.17255000,Regular
DOGEUSDT,2025-03-24 08:00:00.000,0.0001,0.17485142,Regular
DOGEUSDT,2025-03-24 16:00:00.000,9.763e-05,0.18338000,Regular
DOGEUSDT,2025-03-25 00:00:00.001,0.0001,0.18292711,Regular
DOGEUSDT,2025-03-25 08:00:00.000,7.345e-05,0.18294000,Regular
DOGEUSDT,2025-03-25 16:00:00.000,-2.949e-05,0.19069998,Regular
DOGEUSDT,2025-03-26 00:00:00.000,9.861e-05,0.19058367,Regular
DOGEUSDT,2025-03-26 08:00:00.000,3.331e-05,0.20119000,Regular
DOGEUSDT,2025-03-26 16:00:00.001,6.148e-05,0.19614189,Regular
DOGEUSDT,2025-03-27 00:00:00.001,-6.66e-06,0.19480154,Regular
DOGEUSDT,2025-03-27 08:00:00.001,-6.86e-06,0.19596000,Regular
DOGEUSDT,2025-03-27 16:00:00.002,-1.026e-05,0.19200772,Regular
DOGEUSDT,2025-03-28 00:00:00.001,4.15e-06,0.19039000,Regular
DOGEUSDT,2025-03-28 08:00:00.001,6.002e-05,0.18151969,Regular
DOGEUSDT,2025-03-28 16:00:00.000,-1.91e-05,0.17941000,Regular
DOGEUSDT,2025-03-29 00:00:00.000,3.609e-05,0.18013000,Regular
DOGEUSDT,2025-03-29 08:00:00.000,6.656e-05,0.17467125,Regular
DOGEUSDT,2025-03-29 16:00:00.000,-3.712e-05,0.16971854,Regular
DOGEUSDT,2025-03-30 00:00:00.000,-5.591e-05,0.16945000,Regular
DOGEUSDT,2025-03-30 08:00:00.000,-6.651e-05,0.17036593,Regular
DOGEUSDT,2025-03-30 16:00:00.000,7.2e-06,0.16851000,Regular
DOGEUSDT,2025-03-31 00:00:00.000,-4.63e-05,0.16645000,Regular
DOGEUSDT,2025-03-31 08:00:00.000,1.743e-05,0.16333000,Regular
DOGEUSDT,2025-03-31 16:00:00.000,9.83e-06,0.16697880,Regular
DOGEUSDT,2025-04-01 00:00:00.000,4.656e-05,0.16658750,Regular
DOGEUSDT,2025-04-01 08:00:00.001,-5.361e-05,0.16955160,Regular
DOGEUSDT,2025-04-01 16:00:00.000,4.16e-05,0.17487000,Regular
DOGEUSDT,2025-04-02 00:00:00.001,4.565e-05,0.17391000,Regular
DOGEUSDT,2025-04-02 08:00:00.000,6.944e-05,0.16964608,Regular
DOGEUSDT,2025-04-02 16:00:00.000,2.182e-05,0.17610000,Regular
DOGEUSDT,2025-04-03 00:00:00.000,2.15e-05,0.16376000,Regular
DOGEUSDT,2025-04-03 08:00:00.000,4.423e-05,0.16426677,Regular
DOGEUSDT,2025-04-03 16:00:00.000,-5.321e-05,0.15832000,Regular
DOGEUSDT,2025-04-04 00:00:00.000,-6.49e-05,0.16218000,Regular
DOGEUSDT,2025-04-04 08:00:00.000,2.396e-05,0.16624000,Regular
DOGEUSDT,2025-04-04 16:00:00.000,8.733e-05,0.16749000,Regular
DOGEUSDT,2025-04-05 00:00:00.000,0.0001,0.17120828,Regular
DOGEUSDT,2025-04-05 08:00:00.000,0.0001,0.16934000,Regular
DOGEUSDT,2025-04-05 16:00:00.000,8.17e-05,0.16717597,Regular
DOGEUSDT,2025-04-06 00:00:00.000,8.467e-05,0.16888706,Regular
DOGEUSDT,2025-04-06 08:00:00.000,4.13e-05,0.16500000,Regular
DOGEUSDT,2025-04-06 16:00:00.002,-6.233e-05,0.16170601,Regular
DOGEUSDT,2025-04-07 00:00:00.000,-8.59e-06,0.14916519,Regular
DOGEUSDT,2025-04-07 08:00:00.000,1.767e-05,0.13220628,Regular
DOGEUSDT,2025-04-07 16:00:00.000,-2.563e-05,0.14699969,Regular
DOGEUSDT,2025-04-08 00:00:00.000,2.442e-05,0.14951000,Regular
DOGEUSDT,2025-04-08 08:00:00.000,-7.17e-06,0.15070430,Regular
DOGEUSDT,2025-04-08 16:00:00.000,3.95e-05,0.15077000,Regular
DOGEUSDT,2025-04-09 00:00:00.000,3.469e-05,0.14219000,Regular
DOGEUSDT,2025-04-09 08:00:00.001,-5.687e-05,0.14675000,Regular
DOGEUSDT,2025-04-09 16:00:00.000,7.463e-05,0.14606000,Regular
DOGEUSDT,2025-04-10 00:00:00.000,0.0001,0.16028000,Regular
DOGEUSDT,2025-04-10 08:00:00.000,1.686e-05,0.15603000,Regular
DOGEUSDT,2025-04-10 16:00:00.000,5.18e-06,0.14948000,Regular
DOGEUSDT,2025-04-11 00:00:00.001,3.796e-05,0.15351637,Regular
DOGEUSDT,2025-04-11 08:00:00.000,5.386e-05,0.15705000,Regular
DOGEUSDT,2025-04-11 16:00:00.000,0.0001,0.15861000,Regular
DOGEUSDT,2025-04-12 00:00:00.000,9.133e-05,0.15997074,Regular
DOGEUSDT,2025-04-12 08:00:00.001,4.817e-05,0.16290000,Regular
DOGEUSDT,2025-04-12 16:00:00.000,4.416e-05,0.16742000,Regular
DOGEUSDT,2025-04-13 00:00:00.000,2.638e-05,0.16757217,Regular
DOGEUSDT,2025-04-13 08:00:00.000,0.0001,0.16406394,Regular
DOGEUSDT,2025-04-13 16:00:00.000,6.797e-05,0.16228580,Regular
DOGEUSDT,2025-04-14 00:00:00.000,0.0001,0.16251000,Regular
DOGEUSDT,2025-04-14 08:00:00.000,2.22e-05,0.16435000,Regular
DOGEUSDT,2025-04-14 16:00:00.000,-1.435e-05,0.16022000,Regular
DOGEUSDT,2025-04-15 00:00:00.000,-0.0001205,0.15846000,Regular
DOGEUSDT,2025-04-15 08:00:00.000,-7.629e-05,0.15996250,Regular
DOGEUSDT,2025-04-15 16:00:00.001,-4.331e-05,0.15577000,Regular
DOGEUSDT,2025-04-16 00:00:00.000,-1.27e-05,0.15350607,Regular
DOGEUSDT,2025-04-16 08:00:00.000,-1.894e-05,0.15272829,Regular
DOGEUSDT,2025-04-16 16:00:00.000,-1.668e-05,0.15509013,Regular
DOGEUSDT,2025-04-17 00:00:00.001,4.938e-05,0.15465008,Regular
DOGEUSDT,2025-04-17 08:00:00.000,4.145e-05,0.15664000,Regular
DOGEUSDT,2025-04-17 16:00:00.001,-1.745e-05,0.15518649,Regular
DOGEUSDT,2025-04-18 00:00:00.000,4.13e-06,0.15579000,Regular
DOGEUSDT,2025-04-18 08:00:00.000,-7.92e-06,0.15507000,Regular
DOGEUSDT,2025-04-18 16:00:00.000,5.041e-05,0.15628532,Regular
DOGEUSDT,2025-04-19 00:00:00.000,0.0001,0.15753513,Regular
DOGEUSDT,2025-04-19 08:00:00.000,0.0001,0.15901966,Regular
DOGEUSDT,2025-04-19 16:00:00.000,7.601e-05,0.15774000,Regular
DOGEUSDT,2025-04-20 00:00:00.000,7.828e-05,0.15726000,Regular
DOGEUSDT,2025-04-20 08:00:00.000,0.0001,0.15701000,Regular
DOGEUSDT,2025-04-20 16:00:00.000,-7.54e-05,0.15280000,Regular
DOGEUSDT,2025-04-21 00:00:00.000,8.89e-06,0.15519662,Regular
DOGEUSDT,2025-04-21 08:00:00.005,0.0001,0.16190398,Regular
DOGEUSDT,2025-04-21 16:00:00.003,0.0001,0.16047433,Regular
DOGEUSDT,2025-04-22 00:00:00.008,8.131e-05,0.15926321,Regular
DOGEUSDT,2025-04-22 08:00:00.000,0.0001,0.16377989,Regular
DOGEUSDT,2025-04-22 16:00:00.000,0.0001,0.17187000,Regular
DOGEUSDT,2025-04-23 00:00:00.000,0.0001,0.17856455,Regular
DOGEUSDT,2025-04-23 08:00:00.002,0.0001,0.18212000,Regular
DOGEUSDT,2025-04-23 16:00:00.000,0.0001,0.17841823,Regular
DOGEUSDT,2025-04-24 00:00:00.000,0.0001,0.17859413,Regular
DOGEUSDT,2025-04-24 08:00:00.001,0.0001,0.17240233,Regular
DOGEUSDT,2025-04-24 16:00:00.001,6.561e-05,0.17840000,Regular
DOGEUSDT,2025-04-25 00:00:00.007,0.0001,0.18246000,Regular
DOGEUSDT,2025-04-25 08:00:00.002,0.0001,0.18241000,Regular
DOGEUSDT,2025-04-25 16:00:00.003,6.68e-05,0.18263000,Regular
DOGEUSDT,2025-04-26 00:00:00.002,9.774e-05,0.18154000,Regular
DOGEUSDT,2025-04-26 08:00:00.000,8.82e-06,0.18592000,Regular
DOGEUSDT,2025-04-26 16:00:00.002,2.243e-05,0.18236958,Regular
DOGEUSDT,2025-04-27 00:00:00.001,-7.611e-05,0.18181000,Regular
DOGEUSDT,2025-04-27 08:00:00.000,7.464e-05,0.18017695,Regular
DOGEUSDT,2025-04-27 16:00:00.000,6.479e-05,0.18001000,Regular
DOGEUSDT,2025-04-28 00:00:00.001,3.706e-05,0.17923000,Regular
DOGEUSDT,2025-04-28 08:00:00.003,8.078e-05,0.18116502,Regular
DOGEUSDT,2025-04-28 16:00:00.005,-5.958e-05,0.17564000,Regular
DOGEUSDT,2025-04-29 00:00:00.000,3.774e-05,0.17896000,Regular
DOGEUSDT,2025-04-29 08:00:00.000,0.0001,0.17963000,Regular
DOGEUSDT,2025-04-29 16:00:00.010,1.163e-05,0.17802783,Regular
DOGEUSDT,2025-04-30 00:00:00.001,-8.768e-05,0.17457411,Regular
DOGEUSDT,2025-04-30 08:00:00.000,-6.965e-05,0.17337000,Regular
DOGEUSDT,2025-04-30 16:00:00.003,-8.174e-05,0.16966000,Regular
DOGEUSDT,2025-05-01 00:00:00.000,1.67e-05,0.17217351,Regular
DOGEUSDT,2025-05-01 08:00:00.000,7.872e-05,0.17523000,Regular
DOGEUSDT,2025-05-01 16:00:00.001,0.0001,0.18057557,Regular
DOGEUSDT,2025-05-02 00:00:00.000,0.0001,0.18059083,Regular
DOGEUSDT,2025-05-02 08:00:00.000,6.873e-05,0.17926000,Regular
DOGEUSDT,2025-05-02 16:00:00.003,6.792e-05,0.18138000,Regular
DOGEUSDT,2025-05-03 00:00:00.000,4.762e-05,0.18142000,Regular
DOGEUSDT,2025-05-03 08:00:00.000,1.327e-05,0.17883717,Regular
DOGEUSDT,2025-05-03 16:00:00.000,4.606e-05,0.17844602,Regular
DOGEUSDT,2025-05-04 00:00:00.001,9.44e-06,0.17556496,Regular
DOGEUSDT,2025-05-04 08:00:00.001,-9.94e-06,0.17514000,Regular
DOGEUSDT,2025-05-04 16:00:00.002,-1.556e-05,0.17362000,Regular
DOGEUSDT,2025-05-05 00:00:00.000,-7.879e-05,0.17039000,Regular
DOGEUSDT,2025-05-05 08:00:00.000,-3.963e-05,0.17348896,Regular
DOGEUSDT,2025-05-05 16:00:00.006,-8.009e-05,0.16889000,Regular
DOGEUSDT,2025-05-06 00:00:00.002,-1.072e-05,0.17050000,Regular
DOGEUSDT,2025-05-06 08:00:00.005,1.705e-05,0.16929787,Regular
DOGEUSDT,2025-05-06 16:00:00.000,1.691e-05,0.16657000,Regular
DOGEUSDT,2025-05-07 00:00:00.002,7.112e-05,0.17211000,Regular
DOGEUSDT,2025-05-07 08:00:00.000,5.421e-05,0.17323000,Regular
DOGEUSDT,2025-05-07 16:00:00.006,5.902e-05,0.17077000,Regular
DOGEUSDT,2025-05-08 00:00:00.000,4.074e-05,0.17193921,Regular
DOGEUSDT,2025-05-08 08:00:00.001,0.0001,0.18142549,Regular
DOGEUSDT,2025-05-08 16:00:00.002,0.0001,0.18930944,Regular
DOGEUSDT,2025-05-09 00:00:00.001,0.0001,0.19811950,Regular
DOGEUSDT,2025-05-09 08:00:00.006,0.0001,0.20586094,Regular
DOGEUSDT,2025-05-09 16:00:00.000,0.0001,0.20420867,Regular
DOGEUSDT,2025-05-10 00:00:00.001,0.0001,0.20523264,Regular
DOGEUSDT,2025-05-10 08:00:00.000,0.0001,0.22411000,Regular
DOGEUSDT,2025-05-10 16:00:00.001,0.0001,0.22698000,Regular
DOGEUSDT,2025-05-11 00:00:00.000,0.0001,0.25050912,Regular
DOGEUSDT,2025-05-11 08:00:00.001,0.0001,0.23025000,Regular
DOGEUSDT,2025-05-11 16:00:00.001,5.785e-05,0.22686000,Regular
DOGEUSDT,2025-05-12 00:00:00.004,3.834e-05,0.23172000,Regular
DOGEUSDT,2025-05-12 08:00:00.000,8.624e-05,0.24398000,Regular
DOGEUSDT,2025-05-12 16:00:00.000,0.0001,0.23235000,Regular
DOGEUSDT,2025-05-13 00:00:00.000,2.17e-06,0.23090000,Regular
DOGEUSDT,2025-05-13 08:00:00.008,9.248e-05,0.22399248,Regular
DOGEUSDT,2025-05-13 16:00:00.001,9.394e-05,0.23292171,Regular
DOGEUSDT,2025-05-14 00:00:00.007,0.0001,0.24073075,Regular
DOGEUSDT,2025-05-14 08:00:00.000,0.0001,0.23704000,Regular
DOGEUSDT,2025-05-14 16:00:00.002,5.801e-05,0.23286000,Regular
DOGEUSDT,2025-05-15 00:00:00.000,8.215e-05,0.23267000,Regular
DOGEUSDT,2025-05-15 08:00:00.003,8.267e-05,0.22361000,Regular
DOGEUSDT,2025-05-15 16:00:00.000,-1.668e-05,0.22511256,Regular
DOGEUSDT,2025-05-16 00:00:00.001,-4.912e-05,0.21930050,Regular
DOGEUSDT,2025-05-16 08:00:00.000,1.871e-05,0.22571000,Regular
DOGEUSDT,2025-05-16 16:00:00.000,9.839e-05,0.22888103,Regular
DOGEUSDT,2025-05-17 00:00:00.000,1.92e-05,0.22102000,Regular
DOGEUSDT,2025-05-17 08:00:00.001,-4.771e-05,0.21705590,Regular
DOGEUSDT,2025-05-17 16:00:00.004,2.338e-05,0.21494863,Regular
DOGEUSDT,2025-05-18 00:00:00.000,2.615e-05,0.21450000,Regular
DOGEUSDT,2025-05-18 08:00:00.000,-1.153e-05,0.22177371,Regular
DOGEUSDT,2025-05-18 16:00:00.000,0.0001,0.23654228,Regular
DOGEUSDT,2025-05-19 00:00:00.000,8.583e-05,0.23296000,Regular
DOGEUSDT,2025-05-19 08:00:00.006,-6.235e-05,0.21779021,Regular
DOGEUSDT,2025-05-19 16:00:00.010,-6.722e-05,0.22114172,Regular
DOGEUSDT,2025-05-20 00:00:00.000,0.0001,0.22434100,Regular
DOGEUSDT,2025-05-20 08:00:00.002,8.232e-05,0.22240942,Regular
DOGEUSDT,2025-05-20 16:00:00.000,-6.344e-05,0.22050000,Regular
DOGEUSDT,2025-05-21 00:00:00.000,0.0001,0.22610000,Regular
DOGEUSDT,2025-05-21 08:00:00.001,0.0001,0.22652000,Regular
DOGEUSDT,2025-05-21 16:00:00.004,5.136e-05,0.23179317,Regular
DOGEUSDT,2025-05-22 00:00:00.001,0.0001,0.23397550,Regular
DOGEUSDT,2025-05-22 08:00:00.000,0.0001,0.24101000,Regular
DOGEUSDT,2025-05-22 16:00:00.002,0.0001,0.24120000,Regular
DOGEUSDT,2025-05-23 00:00:00.006,0.0001,0.24548490,Regular
DOGEUSDT,2025-05-23 08:00:00.000,0.0001,0.24339000,Regular
DOGEUSDT,2025-05-23 16:00:00.007,2.259e-05,0.23431000,Regular
DOGEUSDT,2025-05-24 00:00:00.010,8.052e-05,0.22506997,Regular
DOGEUSDT,2025-05-24 08:00:00.000,-4.39e-05,0.22722000,Regular
DOGEUSDT,2025-05-24 16:00:00.003,-9.352e-05,0.22760550,Regular
DOGEUSDT,2025-05-25 00:00:00.004,-5.088e-05,0.22500000,Regular
DOGEUSDT,2025-05-25 08:00:00.000,-1.04e-05,0.22126000,Regular
DOGEUSDT,2025-05-25 16:00:00.000,1.095e-05,0.21841000,Regular
DOGEUSDT,2025-05-26 00:00:00.000,1.289e-05,0.22478000,Regular
DOGEUSDT,2025-05-26 08:00:00.000,2.939e-05,0.22975332,Regular
DOGEUSDT,2025-05-26 16:00:00.002,9.827e-05,0.22684000,Regular
DOGEUSDT,2025-05-27 00:00:00.003,6.561e-05,0.22585559,Regular
DOGEUSDT,2025-05-27 08:00:00.001,0.0001,0.22765000,Regular
DOGEUSDT,2025-05-27 16:00:00.005,0.0001,0.22857487,Regular
DOGEUSDT,2025-05-28 00:00:00.002,3.18e-05,0.22588000,Regular
DOGEUSDT,2025-05-28 08:00:00.003,8.57e-06,0.22250000,Regular
DOGEUSDT,2025-05-28 16:00:00.002,1.04e-06,0.21823000,Regular
DOGEUSDT,2025-05-29 00:00:00.000,3.144e-05,0.22087268,Regular
DOGEUSDT,2025-05-29 08:00:00.006,0.0001,0.22428000,Regular
DOGEUSDT,2025-05-29 16:00:00.000,0.0001,0.21951000,Regular
DOGEUSDT,2025-05-30 00:00:00.003,-4.292e-05,0.21482620,Regular
DOGEUSDT,2025-05-30 08:00:00.003,4.087e-05,0.20418000,Regular
DOGEUSDT,2025-05-30 16:00:00.000,3.287e-05,0.20193977,Regular
DOGEUSDT,2025-05-31 00:00:00.000,5.564e-05,0.19349000,Regular
DOGEUSDT,2025-05-31 08:00:00.000,3.884e-05,0.18917000,Regular
DOGEUSDT,2025-05-31 16:00:00.000,2.822e-05,0.19169000,Regular
DOGEUSDT,2025-06-01 00:00:00.001,-1.869e-05,0.19242000,Regular
DOGEUSDT,2025-06-01 08:00:00.002,-3.376e-05,0.18999748,Regular
DOGEUSDT,2025-06-01 16:00:00.000,7.042e-05,0.19174124,Regular
DOGEUSDT,2025-06-02 00:00:00.001,7.157e-05,0.19353000,Regular
DOGEUSDT,2025-06-02 08:00:00.000,5.424e-05,0.19179000,Regular
DOGEUSDT,2025-06-02 16:00:00.000,7.448e-05,0.19181000,Regular
DOGEUSDT,2025-06-03 00:00:00.000,0.0001,0.19498000,Regular
DOGEUSDT,2025-06-03 08:00:00.000,1.244e-05,0.19515000,Regular
DOGEUSDT,2025-06-03 16:00:00.001,2.866e-05,0.19727000,Regular
DOGEUSDT,2025-06-04 00:00:00.000,6.535e-05,0.19302000,Regular
DOGEUSDT,2025-06-04 08:00:00.000,0.0001,0.19533986,Regular
DOGEUSDT,2025-06-04 16:00:00.000,1.4e-05,0.19274710,Regular
DOGEUSDT,2025-06-05 00:00:00.016,3.909e-05,0.18803326,Regular
DOGEUSDT,2025-06-05 08:00:00.000,6.495e-05,0.18840000,Regular
DOGEUSDT,2025-06-05 16:00:00.000,8.145e-05,0.18922691,Regular
DOGEUSDT,2025-06-06 00:00:00.002,-6.883e-05,0.17095000,Regular
DOGEUSDT,2025-06-06 08:00:00.000,-2.465e-05,0.17473000,Regular
DOGEUSDT,2025-06-06 16:00:00.006,6.223e-05,0.18178627,Regular
DOGEUSDT,2025-06-07 00:00:00.000,7.779e-05,0.17869000,Regular
DOGEUSDT,2025-06-07 08:00:00.000,5.17e-06,0.18524404,Regular
DOGEUSDT,2025-06-07 16:00:00.002,8.656e-05,0.18658617,Regular
DOGEUSDT,2025-06-08 00:00:00.000,-2.23e-06,0.18502000,Regular
DOGEUSDT,2025-06-08 08:00:00.000,4.005e-05,0.18291145,Regular
DOGEUSDT,2025-06-08 16:00:00.000,1.457e-05,0.18399000,Regular
DOGEUSDT,2025-06-09 00:00:00.000,6.928e-05,0.18409093,Regular
DOGEUSDT,2025-06-09 08:00:00.001,1.615e-05,0.18143123,Regular
DOGEUSDT,2025-06-09 16:00:00.001,6.878e-05,0.18439000,Regular
DOGEUSDT,2025-06-10 00:00:00.000,0.0001,0.19481000,Regular
DOGEUSDT,2025-06-10 08:00:00.001,0.0001,0.19090000,Regular
DOGEUSDT,2025-06-10 16:00:00.003,4.141e-05,0.19100000,Regular
DOGEUSDT,2025-06-11 00:00:00.000,0.0001,0.19840380,Regular
DOGEUSDT,2025-06-11 08:00:00.000,0.0001,0.20239000,Regular
DOGEUSDT,2025-06-11 16:00:00.010,8.119e-05,0.20314435,Regular
DOGEUSDT,2025-06-12 00:00:00.002,2.046e-05,0.19285043,Regular
DOGEUSDT,2025-06-12 08:00:00.003,1.603e-05,0.18946527,Regular
DOGEUSDT,2025-06-12 16:00:00.001,2.8e-06,0.18579665,Regular
DOGEUSDT,2025-06-13 00:00:00.000,1.933e-05,0.18103085,Regular
DOGEUSDT,2025-06-13 08:00:00.001,-3.676e-05,0.17428000,Regular
DOGEUSDT,2025-06-13 16:00:00.004,2.656e-05,0.17777000,Regular
DOGEUSDT,2025-06-14 00:00:00.000,9.142e-05,0.18032000,Regular
DOGEUSDT,2025-06-14 08:00:00.000,2.512e-05,0.17652272,Regular
DOGEUSDT,2025-06-14 16:00:00.000,8.163e-05,0.17666519,Regular
DOGEUSDT,2025-06-15 00:00:00.005,5.489e-05,0.17818000,Regular
DOGEUSDT,2025-06-15 08:00:00.009,6.502e-05,0.17551802,Regular
DOGEUSDT,2025-06-15 16:00:00.000,1.474e-05,0.17586000,Regular
DOGEUSDT,2025-06-16 00:00:00.000,3.646e-05,0.17544153,Regular
DOGEUSDT,2025-06-16 08:00:00.000,4.797e-05,0.17822000,Regular
DOGEUSDT,2025-06-16 16:00:00.003,5.295e-05,0.17749000,Regular
DOGEUSDT,2025-06-17 00:00:00.000,2.398e-05,0.17263561,Regular
DOGEUSDT,2025-06-17 08:00:00.006,5.482e-05,0.17374195,Regular
DOGEUSDT,2025-06-17 16:00:00.001,2.74e-05,0.16781000,Regular
DOGEUSDT,2025-06-18 00:00:00.001,6.803e-05,0.16928320,Regular
DOGEUSDT,2025-06-18 08:00:00.001,0.0001,0.17113000,Regular
DOGEUSDT,2025-06-18 16:00:00.001,7.46e-05,0.16808000,Regular
DOGEUSDT,2025-06-19 00:00:00.005,5.951e-05,0.17058312,Regular
DOGEUSDT,2025-06-19 08:00:00.003,7.045e-05,0.16991630,Regular
DOGEUSDT,2025-06-19 16:00:00.000,3.004e-05,0.16821000,Regular
DOGEUSDT,2025-06-20 00:00:00.000,6.766e-05,0.17085895,Regular
DOGEUSDT,2025-06-20 08:00:00.002,3.808e-05,0.17047000,Regular
DOGEUSDT,2025-06-20 16:00:00.001,-5.01e-06,0.16593000,Regular
DOGEUSDT,2025-06-21 00:00:00.002,-3.937e-05,0.16227000,Regular
DOGEUSDT,2025-06-21 08:00:00.005,6.688e-05,0.16277000,Regular
DOGEUSDT,2025-06-21 16:00:00.000,-5.45e-06,0.16013000,Regular
DOGEUSDT,2025-06-22 00:00:00.005,6.2e-06,0.15441073,Regular
DOGEUSDT,2025-06-22 08:00:00.000,0.0001,0.15622000,Regular
DOGEUSDT,2025-06-22 16:00:00.003,1.954e-05,0.14619737,Regular
DOGEUSDT,2025-06-23 00:00:00.000,4.515e-05,0.15119000,Regular
DOGEUSDT,2025-06-23 08:00:00.004,7.48e-06,0.15376873,Regular
DOGEUSDT,2025-06-23 16:00:00.013,-4.51e-06,0.15237000,Regular
DOGEUSDT,2025-06-24 00:00:00.003,6.537e-05,0.16371000,Regular
DOGEUSDT,2025-06-24 08:00:00.000,1.241e-05,0.16312137,Regular
DOGEUSDT,2025-06-24 16:00:00.000,2.437e-05,0.16350000,Regular
DOGEUSDT,2025-06-25 00:00:00.005,3.345e-05,0.16564813,Regular
DOGEUSDT,2025-06-25 08:00:00.000,6.808e-05,0.16623107,Regular
DOGEUSDT,2025-06-25 16:00:00.005,4.294e-05,0.16290000,Regular
DOGEUSDT,2025-06-26 00:00:00.000,6.114e-05,0.16451102,Regular
DOGEUSDT,2025-06-26 08:00:00.006,-5.207e-05,0.16478698,Regular
DOGEUSDT,2025-06-26 16:00:00.007,2.42e-06,0.16003708,Regular
DOGEUSDT,2025-06-27 00:00:00.000,7.86e-05,0.15994000,Regular
DOGEUSDT,2025-06-27 08:00:00.000,7.156e-05,0.16071324,Regular
DOGEUSDT,2025-06-27 16:00:00.009,-4.55e-05,0.16102000,Regular
DOGEUSDT,2025-06-28 00:00:00.001,8.521e-05,0.16096000,Regular
DOGEUSDT,2025-06-28 08:00:00.002,9.424e-05,0.16318000,Regular
DOGEUSDT,2025-06-28 16:00:00.000,2.765e-05,0.16286000,Regular
DOGEUSDT,2025-06-29 00:00:00.004,1.26e-05,0.16357000,Regular
DOGEUSDT,2025-06-29 08:00:00.001,6.53e-05,0.16385000,Regular
DOGEUSDT,2025-06-29 16:00:00.001,-3.892e-05,0.16328492,Regular
DOGEUSDT,2025-06-30 00:00:00.000,9.942e-05,0.16938000,Regular
DOGEUSDT,2025-06-30 08:00:00.005,6.437e-05,0.16574032,Regular
DOGEUSDT,2025-06-30 16:00:00.002,1.407e-05,0.16486129,Regular
DOGEUSDT,2025-07-01 00:00:00.007,6.636e-05,0.16509077,Regular
DOGEUSDT,2025-07-01 08:00:00.002,7.71e-05,0.16244646,Regular
DOGEUSDT,2025-07-01 16:00:00.000,8.45e-06,0.15928000,Regular
DOGEUSDT,2025-07-02 00:00:00.001,-6.097e-05,0.15769107,Regular
DOGEUSDT,2025-07-02 08:00:00.000,-5.59e-06,0.16077000,Regular
DOGEUSDT,2025-07-02 16:00:00.003,0.0001,0.16573000,Regular
DOGEUSDT,2025-07-03 00:00:00.006,0.0001,0.16867000,Regular
DOGEUSDT,2025-07-03 08:00:00.003,0.0001,0.17444000,Regular
DOGEUSDT,2025-07-03 16:00:00.003,0.0001,0.16956000,Regular
DOGEUSDT,2025-07-04 00:00:00.005,7.379e-05,0.17195000,Regular
DOGEUSDT,2025-07-04 08:00:00.003,9.048e-05,0.16656215,Regular
DOGEUSDT,2025-07-04 16:00:00.001,-2.565e-05,0.16308810,Regular
DOGEUSDT,2025-07-05 00:00:00.004,-7.207e-05,0.16279000,Regular
DOGEUSDT,2025-07-05 08:00:00.009,-3.317e-05,0.16435000,Regular
DOGEUSDT,2025-07-05 16:00:00.006,6.02e-05,0.16294000,Regular
DOGEUSDT,2025-07-06 00:00:00.001,-2.326e-05,0.16413000,Regular
DOGEUSDT,2025-07-06 08:00:00.002,1.653e-05,0.16373000,Regular
DOGEUSDT,2025-07-06 16:00:00.004,0.0001,0.17012000,Regular
DOGEUSDT,2025-07-07 00:00:00.000,0.0001,0.17191478,Regular
DOGEUSDT,2025-07-07 08:00:00.007,0.0001,0.17316038,Regular
DOGEUSDT,2025-07-07 16:00:00.000,1.03e-05,0.16848000,Regular
DOGEUSDT,2025-07-08 00:00:00.010,-3.2e-07,0.16782173,Regular
DOGEUSDT,2025-07-08 08:00:00.003,4.338e-05,0.16869000,Regular
DOGEUSDT,2025-07-08 16:00:00.000,8.556e-05,0.16917000,Regular
DOGEUSDT,2025-07-09 00:00:00.002,0.0001,0.17085000,Regular
DOGEUSDT,2025-07-09 08:00:00.006,7.082e-05,0.17184000,Regular
DOGEUSDT,2025-07-09 16:00:00.001,0.0001,0.17295000,Regular
DOGEUSDT,2025-07-10 00:00:00.003,0.0001,0.18051000,Regular
DOGEUSDT,2025-07-10 08:00:00.000,0.0001,0.18164000,Regular
DOGEUSDT,2025-07-10 16:00:00.004,0.0001,0.18051315,Regular
DOGEUSDT,2025-07-11 00:00:00.004,0.0001,0.19502257,Regular
DOGEUSDT,2025-07-11 08:00:00.007,0.0001,0.19642930,Regular
DOGEUSDT,2025-07-11 16:00:00.001,0.0001,0.20117623,Regular
DOGEUSDT,2025-07-12 00:00:00.000,0.0001,0.20104424,Regular
DOGEUSDT,2025-07-12 08:00:00.001,0.0001,0.20120000,Regular
DOGEUSDT,2025-07-12 16:00:00.002,0.0001,0.19309933,Regular
DOGEUSDT,2025-07-13 00:00:00.006,0.0001,0.19733000,Regular
DOGEUSDT,2025-07-13 08:00:00.001,0.0001,0.19931000,Regular
DOGEUSDT,2025-07-13 16:00:00.003,6.117e-05,0.20006597,Regular
DOGEUSDT,2025-07-14 00:00:00.000,9.44e-05,0.19845198,Regular
DOGEUSDT,2025-07-14 08:00:00.000,0.0001,0.20760000,Regular
DOGEUSDT,2025-07-14 16:00:00.000,0.0001,0.19927066,Regular
DOGEUSDT,2025-07-15 00:00:00.002,0.0001,0.19739298,Regular
DOGEUSDT,2025-07-15 08:00:00.000,0.0001,0.19067000,Regular
DOGEUSDT,2025-07-15 16:00:00.000,6.227e-05,0.19264000,Regular
DOGEUSDT,2025-07-16 00:00:00.000,0.0001,0.19916000,Regular
DOGEUSDT,2025-07-16 08:00:00.000,0.0001,0.19906625,Regular
DOGEUSDT,2025-07-16 16:00:00.008,0.0001,0.20324000,Regular
DOGEUSDT,2025-07-17 00:00:00.003,0.0001,0.21270866,Regular
DOGEUSDT,2025-07-17 08:00:00.000,0.0001,0.21200000,Regular
DOGEUSDT,2025-07-17 16:00:00.000,0.0001,0.21381537,Regular
DOGEUSDT,2025-07-18 00:00:00.004,0.0001,0.21825047,Regular
DOGEUSDT,2025-07-18 08:00:00.000,0.0001,0.23928000,Regular
DOGEUSDT,2025-07-18 16:00:00.000,0.0001,0.23724755,Regular
DOGEUSDT,2025-07-19 00:00:00.009,0.0001,0.23576000,Regular
DOGEUSDT,2025-07-19 08:00:00.000,0.0001,0.25374123,Regular
DOGEUSDT,2025-07-19 16:00:00.002,0.0001,0.24232000,Regular
DOGEUSDT,2025-07-20 00:00:00.000,0.0001,0.24136000,Regular
DOGEUSDT,2025-07-20 08:00:00.000,0.0001,0.25136000,Regular
DOGEUSDT,2025-07-20 16:00:00.000,0.0001,0.25413000,Regular
DOGEUSDT,2025-07-21 00:00:00.001,0.0001,0.27378000,Regular
DOGEUSDT,2025-07-21 08:00:00.000,0.0001,0.27356350,Regular
DOGEUSDT,2025-07-21 16:00:00.001,0.0001,0.28232000,Regular
DOGEUSDT,2025-07-22 00:00:00.000,0.0001,0.27140983,Regular
DOGEUSDT,2025-07-22 08:00:00.010,0.0001,0.26652936,Regular
DOGEUSDT,2025-07-22 16:00:00.007,0.0001,0.26656983,Regular
DOGEUSDT,2025-07-23 00:00:00.000,0.0001,0.27103661,Regular
DOGEUSDT,2025-07-23 08:00:00.004,0.0001,0.26016000,Regular
DOGEUSDT,2025-07-23 16:00:00.002,0.0001,0.24968585,Regular
DOGEUSDT,2025-07-24 00:00:00.000,0.0001,0.24066683,Regular
DOGEUSDT,2025-07-24 08:00:00.001,0.0001,0.23292655,Regular
DOGEUSDT,2025-07-24 16:00:00.000,0.0001,0.23997634,Regular
DOGEUSDT,2025-07-25 00:00:00.000,0.0001,0.23205000,Regular
DOGEUSDT,2025-07-25 08:00:00.000,0.0001,0.22587171,Regular
DOGEUSDT,2025-07-25 16:00:00.000,0.0001,0.22430289,Regular
DOGEUSDT,2025-07-26 00:00:00.001,0.0001,0.23663374,Regular
DOGEUSDT,2025-07-26 08:00:00.005,0.0001,0.23685000,Regular
DOGEUSDT,2025-07-26 16:00:00.001,0.0001,0.23865561,Regular
DOGEUSDT,2025-07-27 00:00:00.001,0.0001,0.23537000,Regular
DOGEUSDT,2025-07-27 08:00:00.000,0.0001,0.23690581,Regular
DOGEUSDT,2025-07-27 16:00:00.008,8.689e-05,0.23668398,Regular
DOGEUSDT,2025-07-28 00:00:00.005,0.0001,0.24058000,Regular
DOGEUSDT,2025-07-28 08:00:00.000,0.0001,0.24326322,Regular
DOGEUSDT,2025-07-28 16:00:00.000,0.0001,0.23213000,Regular
DOGEUSDT,2025-07-29 00:00:00.001,6.002e-05,0.22604553,Regular
DOGEUSDT,2025-07-29 08:00:00.000,2.6e-07,0.23169000,Regular
DOGEUSDT,2025-07-29 16:00:00.000,5.355e-05,0.22261380,Regular
DOGEUSDT,2025-07-30 00:00:00.011,8.098e-05,0.22381751,Regular
DOGEUSDT,2025-07-30 08:00:00.000,5.904e-05,0.22186857,Regular
DOGEUSDT,2025-07-30 16:00:00.008,4.271e-05,0.22133000,Regular
DOGEUSDT,2025-07-31 00:00:00.000,9.53e-05,0.21986707,Regular
DOGEUSDT,2025-07-31 08:00:00.009,0.0001,0.22346898,Regular
DOGEUSDT,2025-07-31 16:00:00.000,3.944e-05,0.21753167,Regular
DOGEUSDT,2025-08-01 00:00:00.001,7.237e-05,0.20967025,Regular
DOGEUSDT,2025-08-01 08:00:00.003,6.515e-05,0.20589503,Regular
DOGEUSDT,2025-08-01 16:00:00.000,7.968e-05,0.20953000,Regular
DOGEUSDT,2025-08-02 00:00:00.004,2.347e-05,0.20086000,Regular
DOGEUSDT,2025-08-02 08:00:00.000,7.798e-05,0.20007000,Regular
DOGEUSDT,2025-08-02 16:00:00.000,7.945e-05,0.19450056,Regular
DOGEUSDT,2025-08-03 00:00:00.000,6.425e-05,0.19093000,Regular
DOGEUSDT,2025-08-03 08:00:00.000,1.531e-05,0.19620000,Regular
DOGEUSDT,2025-08-03 16:00:00.003,8.074e-05,0.19885000,Regular
DOGEUSDT,2025-08-04 00:00:00.004,9.36e-05,0.19866000,Regular
DOGEUSDT,2025-08-04 08:00:00.000,2.434e-05,0.20299402,Regular
DOGEUSDT,2025-08-04 16:00:00.002,4.07e-05,0.20376884,Regular
DOGEUSDT,2025-08-05 00:00:00.000,1.65e-05,0.21030000,Regular
DOGEUSDT,2025-08-05 08:00:00.000,8.275e-05,0.20183861,Regular
DOGEUSDT,2025-08-05 16:00:00.000,1.607e-05,0.19814000,Regular
DOGEUSDT,2025-08-06 00:00:00.005,-1.167e-05,0.19971302,Regular
DOGEUSDT,2025-08-06 08:00:00.000,2.198e-05,0.20126000,Regular
DOGEUSDT,2025-08-06 16:00:00.000,6.671e-05,0.20514936,Regular
DOGEUSDT,2025-08-07 00:00:00.003,0.0001,0.20519318,Regular
DOGEUSDT,2025-08-07 08:00:00.002,0.0001,0.20566000,Regular
DOGEUSDT,2025-08-07 16:00:00.002,0.0001,0.21425000,Regular
DOGEUSDT,2025-08-08 00:00:00.002,4.61e-05,0.22217401,Regular
DOGEUSDT,2025-08-08 08:00:00.004,0.0001,0.22443000,Regular
DOGEUSDT,2025-08-08 16:00:00.000,9.65e-05,0.22115000,Regular
DOGEUSDT,2025-08-09 00:00:00.005,5.213e-05,0.23036000,Regular
DOGEUSDT,2025-08-09 08:00:00.000,2.556e-05,0.23571625,Regular
DOGEUSDT,2025-08-09 16:00:00.007,9.99e-05,0.24071376,Regular
DOGEUSDT,2025-08-10 00:00:00.003,9.793e-05,0.23989607,Regular
DOGEUSDT,2025-08-10 08:00:00.005,0.0001,0.23235203,Regular
DOGEUSDT,2025-08-10 16:00:00.002,0.0001,0.23254298,Regular
DOGEUSDT,2025-08-11 00:00:00.000,0.0001,0.23377000,Regular
DOGEUSDT,2025-08-11 08:00:00.000,7.432e-05,0.23333555,Regular
DOGEUSDT,2025-08-11 16:00:00.000,0.0001,0.23139024,Regular
DOGEUSDT,2025-08-12 00:00:00.000,0.0001,0.22198000,Regular
DOGEUSDT,2025-08-12 08:00:00.001,0.0001,0.22509000,Regular
DOGEUSDT,2025-08-12 16:00:00.005,4.695e-05,0.22945000,Regular
DOGEUSDT,2025-08-13 00:00:00.000,0.0001,0.23571255,Regular
DOGEUSDT,2025-08-13 08:00:00.002,0.0001,0.24479829,Regular
DOGEUSDT,2025-08-13 16:00:00.006,0.0001,0.24119406,Regular
DOGEUSDT,2025-08-14 00:00:00.002,0.0001,0.24479000,Regular
DOGEUSDT,2025-08-14 08:00:00.003,0.0001,0.24507250,Regular
DOGEUSDT,2025-08-14 16:00:00.000,0.0001,0.22531916,Regular
DOGEUSDT,2025-08-15 00:00:00.000,-6.509e-05,0.22370812,Regular
DOGEUSDT,2025-08-15 08:00:00.000,-2.987e-05,0.23054502,Regular
DOGEUSDT,2025-08-15 16:00:00.000,0.0001,0.22230000,Regular
DOGEUSDT,2025-08-16 00:00:00.004,2.897e-05,0.22875000,Regular
DOGEUSDT,2025-08-16 08:00:00.000,0.0001,0.23300000,Regular
DOGEUSDT,2025-08-16 16:00:00.002,8.389e-05,0.22854176,Regular
DOGEUSDT,2025-08-17 00:00:00.000,-5.12e-06,0.23103000,Regular
DOGEUSDT,2025-08-17 08:00:00.001,0.0001,0.23276930,Regular
DOGEUSDT,2025-08-17 16:00:00.007,6.571e-05,0.24149000,Regular
DOGEUSDT,2025-08-18 00:00:00.000,3.039e-05,0.23448331,Regular
DOGEUSDT,2025-08-18 08:00:00.001,7.1e-06,0.22168516,Regular
DOGEUSDT,2025-08-18 16:00:00.002,-3.96e-05,0.22351816,Regular
DOGEUSDT,2025-08-19 00:00:00.000,-1.654e-05,0.22253000,Regular
DOGEUSDT,2025-08-19 08:00:00.001,8.678e-05,0.21766000,Regular
DOGEUSDT,2025-08-19 16:00:00.000,6.159e-05,0.21431000,Regular
DOGEUSDT,2025-08-20 00:00:00.000,0.0001,0.20935392,Regular
DOGEUSDT,2025-08-20 08:00:00.000,2.249e-05,0.21253000,Regular
DOGEUSDT,2025-08-20 16:00:00.000,3.49e-05,0.21499000,Regular
DOGEUSDT,2025-08-21 00:00:00.006,5.1e-05,0.22160000,Regular
DOGEUSDT,2025-08-21 08:00:00.000,0.0001,0.22132000,Regular
DOGEUSDT,2025-08-21 16:00:00.003,8.069e-05,0.21537000,Regular
DOGEUSDT,2025-08-22 00:00:00.010,0.0001,0.21466000,Regular
DOGEUSDT,2025-08-22 08:00:00.007,7.351e-05,0.21786233,Regular
DOGEUSDT,2025-08-22 16:00:00.001,8.114e-05,0.23012114,Regular
DOGEUSDT,2025-08-23 00:00:00.004,0.0001,0.24050000,Regular
DOGEUSDT,2025-08-23 08:00:00.006,0.0001,0.23713317,Regular
DOGEUSDT,2025-08-23 16:00:00.000,0.0001,0.23639146,Regular
DOGEUSDT,2025-08-24 00:00:00.001,0.0001,0.23628293,Regular
DOGEUSDT,2025-08-24 08:00:00.002,0.0001,0.23215000,Regular
DOGEUSDT,2025-08-24 16:00:00.001,7.277e-05,0.23114643,Regular
DOGEUSDT,2025-08-25 00:00:00.000,9.743e-05,0.23177060,Regular
DOGEUSDT,2025-08-25 08:00:00.002,4.991e-05,0.22062996,Regular
DOGEUSDT,2025-08-25 16:00:00.002,-2.219e-05,0.21839000,Regular
DOGEUSDT,2025-08-26 00:00:00.000,-9.169e-05,0.20954000,Regular
DOGEUSDT,2025-08-26 08:00:00.000,-3.787e-05,0.21114000,Regular
DOGEUSDT,2025-08-26 16:00:00.000,-4.269e-05,0.21261230,Regular
DOGEUSDT,2025-08-27 00:00:00.003,7.187e-05,0.21833000,Regular
DOGEUSDT,2025-08-27 08:00:00.000,0.0001,0.21875000,Regular
DOGEUSDT,2025-08-27 16:00:00.009,0.0001,0.22154708,Regular
DOGEUSDT,2025-08-28 00:00:00.000,0.0001,0.21884360,Regular
DOGEUSDT,2025-08-28 08:00:00.005,0.0001,0.22390000,Regular
DOGEUSDT,2025-08-28 16:00:00.004,0.0001,0.22113392,Regular
DOGEUSDT,2025-08-29 00:00:00.000,0.0001,0.22430427,Regular
DOGEUSDT,2025-08-29 08:00:00.000,9.185e-05,0.21453000,Regular
DOGEUSDT,2025-08-29 16:00:00.005,7.561e-05,0.21316000,Regular
DOGEUSDT,2025-08-30 00:00:00.000,1.584e-05,0.21380000,Regular
DOGEUSDT,2025-08-30 08:00:00.002,0.0001,0.21717000,Regular
DOGEUSDT,2025-08-30 16:00:00.003,0.0001,0.21595000,Regular
DOGEUSDT,2025-08-31 00:00:00.016,0.0001,0.21586000,Regular
DOGEUSDT,2025-08-31 08:00:00.000,0.0001,0.21789000,Regular
DOGEUSDT,2025-08-31 16:00:00.001,0.0001,0.21848000,Regular
DOGEUSDT,2025-09-01 00:00:00.000,9.89e-05,0.21358222,Regular
DOGEUSDT,2025-09-01 08:00:00.000,5.901e-05,0.21790000,Regular
DOGEUSDT,2025-09-01 16:00:00.001,0.0001,0.21334168,Regular
DOGEUSDT,2025-09-02 00:00:00.000,9.92e-06,0.21063000,Regular
DOGEUSDT,2025-09-02 08:00:00.005,0.0001,0.21221339,Regular
DOGEUSDT,2025-09-02 16:00:00.007,9.922e-05,0.20928060,Regular
DOGEUSDT,2025-09-03 00:00:00.006,0.0001,0.21481000,Regular
DOGEUSDT,2025-09-03 08:00:00.002,0.0001,0.21602053,Regular
DOGEUSDT,2025-09-03 16:00:00.002,0.0001,0.21879000,Regular
DOGEUSDT,2025-09-04 00:00:00.002,0.0001,0.22023249,Regular
DOGEUSDT,2025-09-04 08:00:00.000,5.84e-05,0.21515186,Regular
DOGEUSDT,2025-09-04 16:00:00.000,2.616e-05,0.21222897,Regular
DOGEUSDT,2025-09-05 00:00:00.001,1.315e-05,0.21230074,Regular
DOGEUSDT,2025-09-05 08:00:00.006,0.0001,0.21801988,Regular
DOGEUSDT,2025-09-05 16:00:00.000,9.07e-05,0.21409045,Regular
DOGEUSDT,2025-09-06 00:00:00.000,0.0001,0.21777546,Regular
DOGEUSDT,2025-09-06 08:00:00.005,8.947e-05,0.21578341,Regular
DOGEUSDT,2025-09-06 16:00:00.000,-2.299e-05,0.21377206,Regular
DOGEUSDT,2025-09-07 00:00:00.000,-5.6e-07,0.21568488,Regular
DOGEUSDT,2025-09-07 08:00:00.000,0.0001,0.21720000,Regular
DOGEUSDT,2025-09-07 16:00:00.000,0.0001,0.22357081,Regular
DOGEUSDT,2025-09-08 00:00:00.007,9.278e-05,0.22868000,Regular
DOGEUSDT,2025-09-08 08:00:00.000,8.476e-05,0.23251794,Regular
DOGEUSDT,2025-09-08 16:00:00.000,0.0001,0.23830000,Regular
DOGEUSDT,2025-09-09 00:00:00.000,0.0001,0.24157000,Regular
DOGEUSDT,2025-09-09 08:00:00.000,0.0001,0.24018000,Regular
DOGEUSDT,2025-09-09 16:00:00.000,0.0001,0.23818000,Regular
DOGEUSDT,2025-09-10 00:00:00.000,4.374e-05,0.24051000,Regular
DOGEUSDT,2025-09-10 08:00:00.002,5.444e-05,0.24126000,Regular
DOGEUSDT,2025-09-10 16:00:00.000,0.0001,0.24359000,Regular
DOGEUSDT,2025-09-11 00:00:00.000,6.962e-05,0.24525711,Regular
DOGEUSDT,2025-09-11 08:00:00.000,0.0001,0.24958822,Regular
DOGEUSDT,2025-09-11 16:00:00.001,1.14e-05,0.24679000,Regular
DOGEUSDT,2025-09-12 00:00:00.002,6.04e-05,0.25596497,Regular
DOGEUSDT,2025-09-12 08:00:00.001,0.0001,0.26005206,Regular
DOGEUSDT,2025-09-12 16:00:00.005,0.0001,0.26628000,Regular
DOGEUSDT,2025-09-13 00:00:00.005,0.0001,0.27546561,Regular
DOGEUSDT,2025-09-13 08:00:00.002,0.0001,0.28303000,Regular
DOGEUSDT,2025-09-13 16:00:00.000,0.0001,0.29694251,Regular
DOGEUSDT,2025-09-14 00:00:00.006,0.0001,0.28928000,Regular
DOGEUSDT,2025-09-14 08:00:00.000,0.0001,0.29164417,Regular
DOGEUSDT,2025-09-14 16:00:00.001,0.0001,0.27380244,Regular
DOGEUSDT,2025-09-15 00:00:00.006,0.0001,0.27786201,Regular
DOGEUSDT,2025-09-15 08:00:00.002,0.0001,0.26819457,Regular
DOGEUSDT,2025-09-15 16:00:00.001,5.651e-05,0.26410753,Regular
DOGEUSDT,2025-09-16 00:00:00.001,1.87e-06,0.26818000,Regular
DOGEUSDT,2025-09-16 08:00:00.000,0.0001,0.26759000,Regular
DOGEUSDT,2025-09-16 16:00:00.000,2.46e-05,0.26614000,Regular
DOGEUSDT,2025-09-17 00:00:00.001,-2.969e-05,0.26984000,Regular
DOGEUSDT,2025-09-17 08:00:00.000,5.728e-05,0.26845000,Regular
DOGEUSDT,2025-09-17 16:00:00.003,3.869e-05,0.26529000,Regular
DOGEUSDT,2025-09-18 00:00:00.006,2.687e-05,0.28241000,Regular
DOGEUSDT,2025-09-18 08:00:00.002,9.133e-05,0.27972000,Regular
DOGEUSDT,2025-09-18 16:00:00.000,4.652e-05,0.28654399,Regular
DOGEUSDT,2025-09-19 00:00:00.000,8.947e-05,0.27839492,Regular
DOGEUSDT,2025-09-19 08:00:00.005,0.0001,0.27507800,Regular
DOGEUSDT,2025-09-19 16:00:00.000,9.696e-05,0.26645656,Regular
DOGEUSDT,2025-09-20 00:00:00.000,-4.87e-06,0.26514729,Regular
DOGEUSDT,2025-09-20 08:00:00.000,4.131e-05,0.26643315,Regular
DOGEUSDT,2025-09-20 16:00:00.002,2.204e-05,0.26869045,Regular
DOGEUSDT,2025-09-21 00:00:00.000,9.41e-06,0.26747000,Regular
DOGEUSDT,2025-09-21 08:00:00.000,4.324e-05,0.26808000,Regular
DOGEUSDT,2025-09-21 16:00:00.000,8.203e-05,0.26551000,Regular
DOGEUSDT,2025-09-22 00:00:00.005,2.913e-05,0.26061000,Regular
DOGEUSDT,2025-09-22 08:00:00.003,-9.48e-06,0.23760000,Regular
DOGEUSDT,2025-09-22 16:00:00.000,-2.725e-05,0.23940000,Regular
DOGEUSDT,2025-09-23 00:00:00.000,2.411e-05,0.24111195,Regular
DOGEUSDT,2025-09-23 08:00:00.001,6.534e-05,0.24136000,Regular
DOGEUSDT,2025-09-23 16:00:00.000,2.219e-05,0.24059000,Regular
DOGEUSDT,2025-09-24 00:00:00.003,8.144e-05,0.23699000,Regular
DOGEUSDT,2025-09-24 08:00:00.001,8.018e-05,0.23943000,Regular
DOGEUSDT,2025-09-24 16:00:00.002,8.73e-06,0.24546523,Regular
DOGEUSDT,2025-09-25 00:00:00.000,4e-05,0.24094513,Regular
DOGEUSDT,2025-09-25 08:00:00.001,-1.303e-05,0.23316909,Regular
DOGEUSDT,2025-09-25 16:00:00.000,2.999e-05,0.23098000,Regular
DOGEUSDT,2025-09-26 00:00:00.000,3.908e-05,0.22282000,Regular
DOGEUSDT,2025-09-26 08:00:00.000,5.649e-05,0.22697261,Regular
DOGEUSDT,2025-09-26 16:00:00.008,0.0001,0.22717700,Regular
DOGEUSDT,2025-09-27 00:00:00.000,6.492e-05,0.23232000,Regular
DOGEUSDT,2025-09-27 08:00:00.010,0.0001,0.23100520,Regular
DOGEUSDT,2025-09-27 16:00:00.003,0.0001,0.23009000,Regular
DOGEUSDT,2025-09-28 00:00:00.000,7.58e-05,0.23067000,Regular
DOGEUSDT,2025-09-28 08:00:00.000,1.48e-05,0.22908715,Regular
DOGEUSDT,2025-09-28 16:00:00.000,2.725e-05,0.22972000,Regular
DOGEUSDT,2025-09-29 00:00:00.000,0.0001,0.23722443,Regular
DOGEUSDT,2025-09-29 08:00:00.002,8.93e-05,0.23243150,Regular
DOGEUSDT,2025-09-29 16:00:00.001,-2.594e-05,0.23362000,Regular
DOGEUSDT,2025-09-30 00:00:00.002,5.367e-05,0.23469000,Regular
DOGEUSDT,2025-09-30 08:00:00.005,-2.92e-05,0.23194000,Regular
DOGEUSDT,2025-09-30 16:00:00.000,-6.72e-05,0.22789000,Regular
DOGEUSDT,2025-10-01 00:00:00.000,0.0001,0.23282000,Regular
DOGEUSDT,2025-10-01 08:00:00.000,0.0001,0.23335000,Regular
DOGEUSDT,2025-10-01 16:00:00.000,3.43e-05,0.24518000,Regular
DOGEUSDT,2025-10-02 00:00:00.000,6.658e-05,0.24896363,Regular
DOGEUSDT,2025-10-02 08:00:00.013,3.522e-05,0.25578000,Regular
DOGEUSDT,2025-10-02 16:00:00.000,0.0001,0.25481000,Regular
DOGEUSDT,2025-10-03 00:00:00.006,9.988e-05,0.26190146,Regular
DOGEUSDT,2025-10-03 08:00:00.006,0.0001,0.25529000,Regular
DOGEUSDT,2025-10-03 16:00:00.000,2.871e-05,0.26050000,Regular
DOGEUSDT,2025-10-04 00:00:00.001,0.0001,0.25811000,Regular
DOGEUSDT,2025-10-04 08:00:00.000,3.773e-05,0.25388825,Regular
DOGEUSDT,2025-10-04 16:00:00.000,-2.221e-05,0.24757000,Regular
DOGEUSDT,2025-10-05 00:00:00.000,1.203e-05,0.25073337,Regular
DOGEUSDT,2025-10-05 08:00:00.003,0.0001,0.26391000,Regular
DOGEUSDT,2025-10-05 16:00:00.009,0.0001,0.25623000,Regular
DOGEUSDT,2025-10-06 00:00:00.004,-2.685e-05,0.25269947,Regular
DOGEUSDT,2025-10-06 08:00:00.002,5.952e-05,0.25496000,Regular
DOGEUSDT,2025-10-06 16:00:00.004,0.0001,0.26684307,Regular
DOGEUSDT,2025-10-07 00:00:00.000,0.0001,0.26601000,Regular
DOGEUSDT,2025-10-07 08:00:00.003,0.0001,0.26025000,Regular
DOGEUSDT,2025-10-07 16:00:00.000,4.808e-05,0.25138000,Regular
DOGEUSDT,2025-10-08 00:00:00.000,-3.221e-05,0.24676960,Regular
DOGEUSDT,2025-10-08 08:00:00.006,6.845e-05,0.24650000,Regular
DOGEUSDT,2025-10-08 16:00:00.002,6.681e-05,0.25316000,Regular
DOGEUSDT,2025-10-09 00:00:00.001,0.0001,0.25559179,Regular
DOGEUSDT,2025-10-09 08:00:00.000,1.365e-05,0.24718000,Regular
DOGEUSDT,2025-10-09 16:00:00.000,2.15e-05,0.24466450,Regular
DOGEUSDT,2025-10-10 00:00:00.005,9.706e-05,0.24843000,Regular
DOGEUSDT,2025-10-10 08:00:00.002,0.0001,0.24719000,Regular
DOGEUSDT,2025-10-10 16:00:00.014,0.0001,0.23774000,Regular
DOGEUSDT,2025-10-11 00:00:00.000,0.00045253,0.19313000,Regular
DOGEUSDT,2025-10-11 08:00:00.003,-0.0002366,0.19110660,Regular
DOGEUSDT,2025-10-11 16:00:00.000,-0.00014742,0.19194000,Regular
DOGEUSDT,2025-10-12 00:00:00.004,-0.00011681,0.18515000,Regular
DOGEUSDT,2025-10-12 08:00:00.002,-0.00010444,0.18970000,Regular
DOGEUSDT,2025-10-12 16:00:00.000,-3.99e-05,0.20511953,Regular
DOGEUSDT,2025-10-13 00:00:00.003,-2.835e-05,0.20704000,Regular
DOGEUSDT,2025-10-13 08:00:00.002,-4.833e-05,0.20975707,Regular
DOGEUSDT,2025-10-13 16:00:00.003,-7.42e-06,0.20997000,Regular
DOGEUSDT,2025-10-14 00:00:00.000,6.155e-05,0.21371000,Regular
DOGEUSDT,2025-10-14 08:00:00.000,8.728e-05,0.19785827,Regular
DOGEUSDT,2025-10-14 16:00:00.000,-3.401e-05,0.20335238,Regular
DOGEUSDT,2025-10-15 00:00:00.006,2.415e-05,0.20427161,Regular
DOGEUSDT,2025-10-15 08:00:00.002,3.94e-05,0.20463796,Regular
DOGEUSDT,2025-10-15 16:00:00.000,-4.106e-05,0.19861196,Regular
DOGEUSDT,2025-10-16 00:00:00.000,-1.239e-05,0.19611000,Regular
DOGEUSDT,2025-10-16 08:00:00.003,-6.104e-05,0.19733231,Regular
DOGEUSDT,2025-10-16 16:00:00.002,-1.36e-06,0.18930182,Regular
DOGEUSDT,2025-10-17 00:00:00.001,-1.077e-05,0.18837000,Regular
DOGEUSDT,2025-10-17 08:00:00.005,-3.57e-06,0.17853000,Regular
DOGEUSDT,2025-10-17 16:00:00.003,-1.688e-05,0.18479146,Regular
DOGEUSDT,2025-10-18 00:00:00.000,-6.348e-05,0.18463000,Regular
DOGEUSDT,2025-10-18 08:00:00.002,-2.13e-05,0.18776000,Regular
DOGEUSDT,2025-10-18 16:00:00.001,-8.194e-05,0.18754000,Regular
DOGEUSDT,2025-10-19 00:00:00.001,-3.031e-05,0.18950829,Regular
DOGEUSDT,2025-10-19 08:00:00.001,-1.482e-05,0.18869000,Regular
DOGEUSDT,2025-10-19 16:00:00.001,4.724e-05,0.19642000,Regular
DOGEUSDT,2025-10-20 00:00:00.004,9.42e-05,0.19526115,Regular
DOGEUSDT,2025-10-20 08:00:00.001,8.284e-05,0.20117853,Regular
DOGEUSDT,2025-10-20 16:00:00.000,3.349e-05,0.19921481,Regular
DOGEUSDT,2025-10-21 00:00:00.009,0.0001,0.19991000,Regular
DOGEUSDT,2025-10-21 08:00:00.000,2.951e-05,0.19416549,Regular
DOGEUSDT,2025-10-21 16:00:00.000,9.551e-05,0.20432000,Regular
DOGEUSDT,2025-10-22 00:00:00.004,5.871e-05,0.19418000,Regular
DOGEUSDT,2025-10-22 08:00:00.000,-8.814e-05,0.19184000,Regular
DOGEUSDT,2025-10-22 16:00:00.000,-4.032e-05,0.19206000,Regular
DOGEUSDT,2025-10-23 00:00:00.000,8.654e-05,0.18980197,Regular
DOGEUSDT,2025-10-23 08:00:00.001,2.239e-05,0.19393000,Regular
DOGEUSDT,2025-10-23 16:00:00.004,8.653e-05,0.19542000,Regular
DOGEUSDT,2025-10-24 00:00:00.000,0.0001,0.19484575,Regular
DOGEUSDT,2025-10-24 08:00:00.000,0.0001,0.19667000,Regular
DOGEUSDT,2025-10-24 16:00:00.009,5.659e-05,0.19486000,Regular
DOGEUSDT,2025-10-25 00:00:00.000,0.0001,0.19768810,Regular
DOGEUSDT,2025-10-25 08:00:00.001,0.0001,0.19789297,Regular
DOGEUSDT,2025-10-25 16:00:00.001,7.87e-05,0.19616870,Regular
DOGEUSDT,2025-10-26 00:00:00.001,3.381e-05,0.19641998,Regular
DOGEUSDT,2025-10-26 08:00:00.001,2.4e-07,0.19660000,Regular
DOGEUSDT,2025-10-26 16:00:00.000,0.0001,0.20301000,Regular
DOGEUSDT,2025-10-27 00:00:00.000,0.0001,0.20573000,Regular
DOGEUSDT,2025-10-27 08:00:00.005,0.0001,0.20623000,Regular
DOGEUSDT,2025-10-27 16:00:00.000,4.055e-05,0.20291000,Regular
DOGEUSDT,2025-10-28 00:00:00.000,9.691e-05,0.20030000,Regular
DOGEUSDT,2025-10-28 08:00:00.000,6.89e-06,0.20022267,Regular
DOGEUSDT,2025-10-28 16:00:00.004,-3.8e-06,0.19965544,Regular
DOGEUSDT,2025-10-29 00:00:00.004,-7.161e-05,0.19352525,Regular
DOGEUSDT,2025-10-29 08:00:00.005,-0.00011307,0.19424703,Regular
DOGEUSDT,2025-10-29 16:00:00.000,-3.614e-05,0.19101000,Regular
DOGEUSDT,2025-10-30 00:00:00.004,7.491e-05,0.19228684,Regular
DOGEUSDT,2025-10-30 08:00:00.008,-2.011e-05,0.19256000,Regular
DOGEUSDT,2025-10-30 16:00:00.001,-0.00011438,0.18058000,Regular
DOGEUSDT,2025-10-31 00:00:00.000,-0.00014643,0.18256000,Regular
DOGEUSDT,2025-10-31 08:00:00.008,7.208e-05,0.18441000,Regular
DOGEUSDT,2025-10-31 16:00:00.007,2.53e-06,0.18592328,Regular
DOGEUSDT,2025-11-01 00:00:00.001,6.001e-05,0.18635000,Regular
DOGEUSDT,2025-11-01 08:00:00.000,6.47e-05,0.18700000,Regular
DOGEUSDT,2025-11-01 16:00:00.000,9.233e-05,0.18724000,Regular
DOGEUSDT,2025-11-02 00:00:00.007,5.004e-05,0.18726000,Regular
DOGEUSDT,2025-11-02 08:00:00.000,5.038e-05,0.18813000,Regular
DOGEUSDT,2025-11-02 16:00:00.001,2.611e-05,0.18335728,Regular
DOGEUSDT,2025-11-03 00:00:00.000,8.18e-05,0.18629763,Regular
DOGEUSDT,2025-11-03 08:00:00.010,-0.0001308,0.17342677,Regular
DOGEUSDT,2025-11-03 16:00:00.000,-0.00010886,0.16689000,Regular
DOGEUSDT,2025-11-04 00:00:00.002,3.099e-05,0.16733236,Regular
DOGEUSDT,2025-11-04 08:00:00.004,3.14e-05,0.16192000,Regular
DOGEUSDT,2025-11-04 16:00:00.000,8.12e-05,0.16388000,Regular
DOGEUSDT,2025-11-05 00:00:00.000,9.842e-05,0.16217392,Regular
DOGEUSDT,2025-11-05 08:00:00.000,9.22e-05,0.16484000,Regular
DOGEUSDT,2025-11-05 16:00:00.004,-4.63e-06,0.16720865,Regular
DOGEUSDT,2025-11-06 00:00:00.001,-3.123e-05,0.16713000,Regular
DOGEUSDT,2025-11-06 08:00:00.000,4.926e-05,0.16318615,Regular
DOGEUSDT,2025-11-06 16:00:00.001,-2.664e-05,0.15910929,Regular
DOGEUSDT,2025-11-07 00:00:00.005,2.685e-05,0.16155735,Regular
DOGEUSDT,2025-11-07 08:00:00.003,0.0001,0.16693136,Regular
DOGEUSDT,2025-11-07 16:00:00.005,0.0001,0.16894596,Regular
DOGEUSDT,2025-11-08 00:00:00.011,0.0001,0.17873173,Regular
DOGEUSDT,2025-11-08 08:00:00.015,0.0001,0.18013013,Regular
DOGEUSDT,2025-11-08 16:00:00.001,8.754e-05,0.17391374,Regular
DOGEUSDT,2025-11-09 00:00:00.004,-7.8e-06,0.17597000,Regular
DOGEUSDT,2025-11-09 08:00:00.000,6.61e-05,0.17512382,Regular
DOGEUSDT,2025-11-09 16:00:00.005,-5.37e-06,0.17800000,Regular
DOGEUSDT,2025-11-10 00:00:00.000,7.881e-05,0.17922000,Regular
DOGEUSDT,2025-11-10 08:00:00.000,5.265e-05,0.18123223,Regular
DOGEUSDT,2025-11-10 16:00:00.003,-1.329e-05,0.17915000,Regular
DOGEUSDT,2025-11-11 00:00:00.007,1.817e-05,0.18170000,Regular
DOGEUSDT,2025-11-11 08:00:00.000,-4.993e-05,0.17631249,Regular
DOGEUSDT,2025-11-11 16:00:00.009,6.972e-05,0.17609143,Regular
DOGEUSDT,2025-11-12 00:00:00.000,1.502e-05,0.17198000,Regular
DOGEUSDT,2025-11-12 08:00:00.002,8e-08,0.17133462,Regular
DOGEUSDT,2025-11-12 16:00:00.000,5.875e-05,0.17130101,Regular
DOGEUSDT,2025-11-13 00:00:00.002,-3.942e-05,0.17009000,Regular
DOGEUSDT,2025-11-13 08:00:00.000,6.768e-05,0.17567194,Regular
DOGEUSDT,2025-11-13 16:00:00.001,0.0001,0.17270865,Regular
DOGEUSDT,2025-11-14 00:00:00.000,-0.00012823,0.16374541,Regular
DOGEUSDT,2025-11-14 08:00:00.000,5.129e-05,0.16501000,Regular
DOGEUSDT,2025-11-14 16:00:00.001,6.219e-05,0.16280000,Regular
DOGEUSDT,2025-11-15 00:00:00.005,-2.683e-05,0.15758200,Regular
DOGEUSDT,2025-11-15 08:00:00.000,0.0001,0.16298000,Regular
DOGEUSDT,2025-11-15 16:00:00.001,9.089e-05,0.16304000,Regular
DOGEUSDT,2025-11-16 00:00:00.001,0.0001,0.16309000,Regular
DOGEUSDT,2025-11-16 08:00:00.000,6.791e-05,0.16400096,Regular
DOGEUSDT,2025-11-16 16:00:00.000,-1.359e-05,0.15852000,Regular
DOGEUSDT,2025-11-17 00:00:00.003,-1.494e-05,0.15850822,Regular
DOGEUSDT,2025-11-17 08:00:00.003,9.451e-05,0.16177549,Regular
DOGEUSDT,2025-11-17 16:00:00.000,9.084e-05,0.15835448,Regular
DOGEUSDT,2025-11-18 00:00:00.002,-0.00010361,0.15205000,Regular
DOGEUSDT,2025-11-18 08:00:00.004,0.0001,0.15503000,Regular
DOGEUSDT,2025-11-18 16:00:00.000,0.0001,0.15915000,Regular
DOGEUSDT,2025-11-19 00:00:00.000,0.0001,0.16168000,Regular
DOGEUSDT,2025-11-19 08:00:00.000,7.834e-05,0.15885000,Regular
DOGEUSDT,2025-11-19 16:00:00.008,6.143e-05,0.15446000,Regular
DOGEUSDT,2025-11-20 00:00:00.000,-4.22e-05,0.15453000,Regular
DOGEUSDT,2025-11-20 08:00:00.000,0.0001,0.15816000,Regular
DOGEUSDT,2025-11-20 16:00:00.000,0.0001,0.15735000,Regular
DOGEUSDT,2025-11-21 00:00:00.001,-7.973e-05,0.14888000,Regular
DOGEUSDT,2025-11-21 08:00:00.000,-8.081e-05,0.14029810,Regular
DOGEUSDT,2025-11-21 16:00:00.001,2.428e-05,0.13788000,Regular
DOGEUSDT,2025-11-22 00:00:00.004,2.808e-05,0.14022528,Regular
DOGEUSDT,2025-11-22 08:00:00.000,1.63e-05,0.13960447,Regular
DOGEUSDT,2025-11-22 16:00:00.000,-5.02e-06,0.13812000,Regular
DOGEUSDT,2025-11-23 00:00:00.000,4.6e-05,0.14018837,Regular
DOGEUSDT,2025-11-23 08:00:00.008,-7.686e-05,0.14283236,Regular
DOGEUSDT,2025-11-23 16:00:00.003,1.193e-05,0.14717000,Regular
DOGEUSDT,2025-11-24 00:00:00.004,-2.885e-05,0.14495657,Regular
DOGEUSDT,2025-11-24 08:00:00.000,7.5e-06,0.14618000,Regular
DOGEUSDT,2025-11-24 16:00:00.006,8.181e-05,0.14675000,Regular
DOGEUSDT,2025-11-25 00:00:00.000,9.329e-05,0.15174627,Regular
DOGEUSDT,2025-11-25 08:00:00.009,2.867e-05,0.14920000,Regular
DOGEUSDT,2025-11-25 16:00:00.007,-3.973e-05,0.14791000,Regular
DOGEUSDT,2025-11-26 00:00:00.001,9.307e-05,0.15295000,Regular
DOGEUSDT,2025-11-26 08:00:00.001,1.977e-05,0.15232813,Regular
DOGEUSDT,2025-11-26 16:00:00.000,-2.489e-05,0.15062000,Regular
DOGEUSDT,2025-11-27 00:00:00.013,0.0001,0.15467000,Regular
DOGEUSDT,2025-11-27 08:00:00.000,-5.7e-06,0.15417324,Regular
DOGEUSDT,2025-11-27 16:00:00.004,-3.123e-05,0.15390000,Regular
DOGEUSDT,2025-11-28 00:00:00.008,-8.81e-06,0.15256448,Regular
DOGEUSDT,2025-11-28 08:00:00.000,-4.313e-05,0.14976469,Regular
DOGEUSDT,2025-11-28 16:00:00.008,3.33e-06,0.15367000,Regular
DOGEUSDT,2025-11-29 00:00:00.000,-1.539e-05,0.15010201,Regular
DOGEUSDT,2025-11-29 08:00:00.005,3.616e-05,0.14897000,Regular
DOGEUSDT,2025-11-29 16:00:00.001,1.85e-06,0.14940136,Regular
DOGEUSDT,2025-11-30 00:00:00.003,6.812e-05,0.14829000,Regular
DOGEUSDT,2025-11-30 08:00:00.000,6.599e-05,0.14918369,Regular
DOGEUSDT,2025-11-30 16:00:00.004,-7.4e-07,0.14930000,Regular
DOGEUSDT,2025-12-01 00:00:00.000,-4.318e-05,0.14592296,Regular
DOGEUSDT,2025-12-01 08:00:00.004,-9.221e-05,0.13764350,Regular
DOGEUSDT,2025-12-01 16:00:00.000,-6.697e-05,0.13379528,Regular
DOGEUSDT,2025-12-02 00:00:00.004,-0.00011936,0.13538282,Regular
DOGEUSDT,2025-12-02 08:00:00.000,-3.572e-05,0.13554000,Regular
DOGEUSDT,2025-12-02 16:00:00.000,-6.62e-06,0.14627000,Regular
DOGEUSDT,2025-12-03 00:00:00.000,9.97e-05,0.14570909,Regular
DOGEUSDT,2025-12-03 08:00:00.000,5.609e-05,0.15045000,Regular
DOGEUSDT,2025-12-03 16:00:00.005,7.413e-05,0.14911386,Regular
DOGEUSDT,2025-12-04 00:00:00.012,7.079e-05,0.15161647,Regular
DOGEUSDT,2025-12-04 08:00:00.000,8.828e-05,0.14981000,Regular
DOGEUSDT,2025-12-04 16:00:00.011,9.58e-05,0.15016000,Regular
DOGEUSDT,2025-12-05 00:00:00.000,9.105e-05,0.14734000,Regular
DOGEUSDT,2025-12-05 08:00:00.000,4.694e-05,0.14739062,Regular
DOGEUSDT,2025-12-05 16:00:00.010,1.716e-05,0.14245128,Regular
DOGEUSDT,2025-12-06 00:00:00.001,-0.00010042,0.13947000,Regular
DOGEUSDT,2025-12-06 08:00:00.001,-3.412e-05,0.13922000,Regular
DOGEUSDT,2025-12-06 16:00:00.008,-3.965e-05,0.13952000,Regular
DOGEUSDT,2025-12-07 00:00:00.000,5.305e-05,0.13970000,Regular
DOGEUSDT,2025-12-07 08:00:00.004,-3.949e-05,0.13942000,Regular
DOGEUSDT,2025-12-07 16:00:00.000,-1.193e-05,0.13923419,Regular
DOGEUSDT,2025-12-08 00:00:00.000,-1.48e-05,0.13859000,Regular
DOGEUSDT,2025-12-08 08:00:00.000,8.003e-05,0.14214307,Regular
DOGEUSDT,2025-12-08 16:00:00.001,9.172e-05,0.14240326,Regular
DOGEUSDT,2025-12-09 00:00:00.001,0.0001,0.14254000,Regular
DOGEUSDT,2025-12-09 08:00:00.001,5.875e-05,0.14071139,Regular
DOGEUSDT,2025-12-09 16:00:00.007,5.382e-05,0.14624000,Regular
DOGEUSDT,2025-12-10 00:00:00.007,0.0001,0.14789000,Regular
DOGEUSDT,2025-12-10 08:00:00.002,-1.941e-05,0.14662000,Regular
DOGEUSDT,2025-12-10 16:00:00.012,-1.34e-06,0.14510038,Regular
DOGEUSDT,2025-12-11 00:00:00.001,4.415e-05,0.14328015,Regular
DOGEUSDT,2025-12-11 08:00:00.000,-8.866e-05,0.13803579,Regular
DOGEUSDT,2025-12-11 16:00:00.000,-7.076e-05,0.13705907,Regular
DOGEUSDT,2025-12-12 00:00:00.005,5.894e-05,0.14028000,Regular
DOGEUSDT,2025-12-12 08:00:00.007,2.417e-05,0.14054000,Regular
DOGEUSDT,2025-12-12 16:00:00.002,3.936e-05,0.13556664,Regular
DOGEUSDT,2025-12-13 00:00:00.001,-8.071e-05,0.13684382,Regular
DOGEUSDT,2025-12-13 08:00:00.006,4.469e-05,0.13770000,Regular
DOGEUSDT,2025-12-13 16:00:00.000,8.276e-05,0.13943823,Regular
DOGEUSDT,2025-12-14 00:00:00.000,0.0001,0.13897000,Regular
DOGEUSDT,2025-12-14 08:00:00.003,4.352e-05,0.13819000,Regular
DOGEUSDT,2025-12-14 16:00:00.005,-1.158e-05,0.13539140,Regular
DOGEUSDT,2025-12-15 00:00:00.000,-8.026e-05,0.13400000,Regular
DOGEUSDT,2025-12-15 08:00:00.000,5.18e-05,0.13626139,Regular
DOGEUSDT,2025-12-15 16:00:00.000,-4.43e-06,0.13065000,Regular
DOGEUSDT,2025-12-16 00:00:00.002,-0.00012442,0.12968000,Regular
DOGEUSDT,2025-12-16 08:00:00.000,1.14e-06,0.12836000,Regular
DOGEUSDT,2025-12-16 16:00:00.002,4.903e-05,0.13261000,Regular
DOGEUSDT,2025-12-17 00:00:00.004,3.811e-05,0.13171000,Regular
DOGEUSDT,2025-12-17 08:00:00.000,7.406e-05,0.13082248,Regular
DOGEUSDT,2025-12-17 16:00:00.000,5.487e-05,0.12988000,Regular
DOGEUSDT,2025-12-18 00:00:00.005,-2.463e-05,0.12626975,Regular
DOGEUSDT,2025-12-18 08:00:00.007,-5.158e-05,0.12477000,Regular
DOGEUSDT,2025-12-18 16:00:00.001,8.293e-05,0.12947000,Regular
DOGEUSDT,2025-12-19 00:00:00.000,-3.22e-05,0.12197837,Regular
DOGEUSDT,2025-12-19 08:00:00.001,5.932e-05,0.12790000,Regular
DOGEUSDT,2025-12-19 16:00:00.000,0.0001,0.12957185,Regular
DOGEUSDT,2025-12-20 00:00:00.005,8.939e-05,0.13215694,Regular
DOGEUSDT,2025-12-20 08:00:00.000,2.889e-05,0.13150474,Regular
DOGEUSDT,2025-12-20 16:00:00.002,6.068e-05,0.13205000,Regular
DOGEUSDT,2025-12-21 00:00:00.000,7.082e-05,0.13188000,Regular
DOGEUSDT,2025-12-21 08:00:00.009,2.93e-05,0.13130000,Regular
DOGEUSDT,2025-12-21 16:00:00.000,1.089e-05,0.12946522,Regular
DOGEUSDT,2025-12-22 00:00:00.000,-1.261e-05,0.13106000,Regular
DOGEUSDT,2025-12-22 08:00:00.005,1.239e-05,0.13203333,Regular
DOGEUSDT,2025-12-22 16:00:00.009,5.548e-05,0.13434000,Regular
DOGEUSDT,2025-12-23 00:00:00.000,-1.65e-05,0.13249000,Regular
DOGEUSDT,2025-12-23 08:00:00.000,6.691e-05,0.13040546,Regular
DOGEUSDT,2025-12-23 16:00:00.001,1.593e-05,0.12942216,Regular
DOGEUSDT,2025-12-24 00:00:00.001,4.177e-05,0.12923000,Regular
DOGEUSDT,2025-12-24 08:00:00.001,4.037e-05,0.12702000,Regular
DOGEUSDT,2025-12-24 16:00:00.000,1.289e-05,0.12832898,Regular
DOGEUSDT,2025-12-25 00:00:00.000,0.0001,0.12849000,Regular
DOGEUSDT,2025-12-25 08:00:00.001,6.815e-05,0.12788000,Regular
DOGEUSDT,2025-12-25 16:00:00.005,-2.609e-05,0.12757000,Regular
DOGEUSDT,2025-12-26 00:00:00.004,4.282e-05,0.12357480,Regular
DOGEUSDT,2025-12-26 08:00:00.001,6.091e-05,0.12532000,Regular
DOGEUSDT,2025-12-26 16:00:00.007,-3.004e-05,0.12206000,Regular
DOGEUSDT,2025-12-27 00:00:00.000,-8.976e-05,0.12206000,Regular
DOGEUSDT,2025-12-27 08:00:00.000,2.54e-05,0.12264766,Regular
DOGEUSDT,2025-12-27 16:00:00.011,5.477e-05,0.12297411,Regular
DOGEUSDT,2025-12-28 00:00:00.008,3.66e-06,0.12431000,Regular
DOGEUSDT,2025-12-28 08:00:00.000,8.404e-05,0.12409000,Regular
DOGEUSDT,2025-12-28 16:00:00.000,5.826e-05,0.12421000,Regular
DOGEUSDT,2025-12-29 00:00:00.016,4.2e-06,0.12388490,Regular
DOGEUSDT,2025-12-29 08:00:00.001,0.0001,0.12710000,Regular
DOGEUSDT,2025-12-29 16:00:00.000,-1.906e-05,0.12403000,Regular
DOGEUSDT,2025-12-30 00:00:00.005,-7.613e-05,0.12280000,Regular
DOGEUSDT,2025-12-30 08:00:00.001,-5.154e-05,0.12365000,Regular
DOGEUSDT,2025-12-30 16:00:00.003,8.116e-05,0.12449000,Regular
DOGEUSDT,2025-12-31 00:00:00.004,-1.727e-05,0.12328505,Regular
DOGEUSDT,2025-12-31 08:00:00.001,-5.672e-05,0.12332000,Regular
DOGEUSDT,2025-12-31 16:00:00.001,-4.87e-06,0.12109000,Regular
DOGEUSDT,2026-01-01 00:00:00.008,-9.368e-05,0.11741000,Regular
DOGEUSDT,2026-01-01 08:00:00.002,-2.743e-05,0.11838102,Regular
DOGEUSDT,2026-01-01 16:00:00.001,0.0001,0.12463000,Regular
DOGEUSDT,2026-01-02 00:00:00.006,0.0001,0.12679294,Regular
DOGEUSDT,2026-01-02 08:00:00.007,0.0001,0.12790000,Regular
DOGEUSDT,2026-01-02 16:00:00.000,0.0001,0.13524000,Regular
DOGEUSDT,2026-01-03 00:00:00.001,0.0001,0.14183488,Regular
DOGEUSDT,2026-01-03 08:00:00.000,0.0001,0.13998000,Regular
DOGEUSDT,2026-01-03 16:00:00.000,0.0001,0.14221147,Regular
DOGEUSDT,2026-01-04 00:00:00.000,0.0001,0.14308133,Regular
DOGEUSDT,2026-01-04 08:00:00.000,0.0001,0.15143388,Regular
DOGEUSDT,2026-01-04 16:00:00.001,0.0001,0.15139315,Regular
DOGEUSDT,2026-01-05 00:00:00.000,0.0001,0.14945899,Regular
DOGEUSDT,2026-01-05 08:00:00.000,5.494e-05,0.14992586,Regular
DOGEUSDT,2026-01-05 16:00:00.000,3.678e-05,0.14878639,Regular
DOGEUSDT,2026-01-06 00:00:00.010,8.963e-05,0.15165706,Regular
DOGEUSDT,2026-01-06 08:00:00.000,3.508e-05,0.14950000,Regular
DOGEUSDT,2026-01-06 16:00:00.000,5.316e-05,0.14990483,Regular
DOGEUSDT,2026-01-07 00:00:00.001,7.807e-05,0.15049000,Regular
DOGEUSDT,2026-01-07 08:00:00.001,5.284e-05,0.14899000,Regular
DOGEUSDT,2026-01-07 16:00:00.001,4.783e-05,0.14605221,Regular
DOGEUSDT,2026-01-08 00:00:00.001,6.238e-05,0.14633000,Regular
DOGEUSDT,2026-01-08 08:00:00.000,8.702e-05,0.14392000,Regular
DOGEUSDT,2026-01-08 16:00:00.000,3.5e-06,0.14181233,Regular
DOGEUSDT,2026-01-09 00:00:00.003,4.733e-05,0.14189000,Regular
DOGEUSDT,2026-01-09 08:00:00.000,4.77e-06,0.14190000,Regular
DOGEUSDT,2026-01-09 16:00:00.001,2.259e-05,0.14205000,Regular
DOGEUSDT,2026-01-10 00:00:00.000,2.896e-05,0.14065797,Regular
DOGEUSDT,2026-01-10 08:00:00.002,3.999e-05,0.14031515,Regular
DOGEUSDT,2026-01-10 16:00:00.001,-6.39e-06,0.13992687,Regular
DOGEUSDT,2026-01-11 00:00:00.003,5.36e-06,0.13958042,Regular
DOGEUSDT,2026-01-11 08:00:00.006,9.517e-05,0.13995289,Regular
DOGEUSDT,2026-01-11 16:00:00.000,9.3e-07,0.13808000,Regular
DOGEUSDT,2026-01-12 00:00:00.005,-4.23e-06,0.13795000,Regular
DOGEUSDT,2026-01-12 08:00:00.000,1.844e-05,0.13785000,Regular
DOGEUSDT,2026-01-12 16:00:00.000,1.627e-05,0.13841624,Regular
DOGEUSDT,2026-01-13 00:00:00.007,-2.02e-06,0.13654000,Regular
DOGEUSDT,2026-01-13 08:00:00.009,7.289e-05,0.13858596,Regular
DOGEUSDT,2026-01-13 16:00:00.002,0.0001,0.14205721,Regular
DOGEUSDT,2026-01-14 00:00:00.000,0.0001,0.14822000,Regular
DOGEUSDT,2026-01-14 08:00:00.001,0.0001,0.14841116,Regular
DOGEUSDT,2026-01-14 16:00:00.004,8.885e-05,0.14891000,Regular
DOGEUSDT,2026-01-15 00:00:00.000,7.726e-05,0.14712244,Regular
DOGEUSDT,2026-01-15 08:00:00.004,-1.98e-05,0.14410000,Regular
DOGEUSDT,2026-01-15 16:00:00.002,1.2e-06,0.14209000,Regular
DOGEUSDT,2026-01-16 00:00:00.000,-3.042e-05,0.13997901,Regular
DOGEUSDT,2026-01-16 08:00:00.000,2.522e-05,0.13994128,Regular
DOGEUSDT,2026-01-16 16:00:00.001,-3.83e-06,0.13595000,Regular
DOGEUSDT,2026-01-17 00:00:00.000,-3.47e-05,0.13805271,Regular
DOGEUSDT,2026-01-17 08:00:00.000,-1.522e-05,0.13725000,Regular
DOGEUSDT,2026-01-17 16:00:00.002,-1.609e-05,0.13946642,Regular
DOGEUSDT,2026-01-18 00:00:00.001,3.375e-05,0.13782836,Regular
DOGEUSDT,2026-01-18 08:00:00.000,-1.312e-05,0.13708000,Regular
DOGEUSDT,2026-01-18 16:00:00.000,-6.9e-07,0.13651000,Regular
DOGEUSDT,2026-01-19 00:00:00.007,2.438e-05,0.13158228,Regular
DOGEUSDT,2026-01-19 08:00:00.007,-1.481e-05,0.12713000,Regular
DOGEUSDT,2026-01-19 16:00:00.007,-2.592e-05,0.12774046,Regular
DOGEUSDT,2026-01-20 00:00:00.005,7.602e-05,0.12909000,Regular
DOGEUSDT,2026-01-20 08:00:00.001,4.471e-05,0.12671000,Regular
DOGEUSDT,2026-01-20 16:00:00.009,1.121e-05,0.12515404,Regular
DOGEUSDT,2026-01-21 00:00:00.001,-9.23e-06,0.12329168,Regular
DOGEUSDT,2026-01-21 08:00:00.011,2.726e-05,0.12492428,Regular
DOGEUSDT,2026-01-21 16:00:00.011,-2.782e-05,0.12631337,Regular
DOGEUSDT,2026-01-22 00:00:00.010,6.287e-05,0.12645110,Regular
DOGEUSDT,2026-01-22 08:00:00.003,5.905e-05,0.12605000,Regular
DOGEUSDT,2026-01-22 16:00:00.005,7.77e-06,0.12426229,Regular
DOGEUSDT,2026-01-23 00:00:00.005,-2.751e-05,0.12431000,Regular
DOGEUSDT,2026-01-23 08:00:00.000,2.076e-05,0.12500672,Regular
DOGEUSDT,2026-01-23 16:00:00.011,-3.507e-05,0.12464000,Regular
DOGEUSDT,2026-01-24 00:00:00.011,2.791e-05,0.12471000,Regular
DOGEUSDT,2026-01-24 08:00:00.002,5.92e-06,0.12412290,Regular
DOGEUSDT,2026-01-24 16:00:00.001,4.335e-05,0.12363265,Regular
DOGEUSDT,2026-01-25 00:00:00.002,5.142e-05,0.12415205,Regular
DOGEUSDT,2026-01-25 08:00:00.011,-5.83e-06,0.12294000,Regular
DOGEUSDT,2026-01-25 16:00:00.005,-4.02e-05,0.12223081,Regular
DOGEUSDT,2026-01-26 00:00:00.000,-0.00010208,0.11938175,Regular
DOGEUSDT,2026-01-26 08:00:00.003,5.045e-05,0.12168000,Regular
DOGEUSDT,2026-01-26 16:00:00.000,2.82e-06,0.12219000,Regular
DOGEUSDT,2026-01-27 00:00:00.002,2.538e-05,0.12228000,Regular
DOGEUSDT,2026-01-27 08:00:00.000,-3.757e-05,0.12211176,Regular
DOGEUSDT,2026-01-27 16:00:00.000,1.586e-05,0.12294394,Regular
DOGEUSDT,2026-01-28 00:00:00.000,8.395e-05,0.12614000,Regular
DOGEUSDT,2026-01-28 08:00:00.000,7.658e-05,0.12548000,Regular
DOGEUSDT,2026-01-28 16:00:00.000,6.919e-05,0.12456566,Regular
DOGEUSDT,2026-01-29 00:00:00.000,0.0001,0.12495346,Regular
DOGEUSDT,2026-01-29 08:00:00.009,-1.937e-05,0.12194000,Regular
DOGEUSDT,2026-01-29 16:00:00.000,-8.92e-05,0.11612000,Regular
DOGEUSDT,2026-01-30 00:00:00.008,-0.00016899,0.11720962,Regular
DOGEUSDT,2026-01-30 08:00:00.000,-0.00011255,0.11449102,Regular
DOGEUSDT,2026-01-30 16:00:00.001,-3.928e-05,0.11603817,Regular
DOGEUSDT,2026-01-31 00:00:00.000,2.929e-05,0.11576000,Regular
DOGEUSDT,2026-01-31 08:00:00.001,-8.74e-06,0.11274000,Regular
DOGEUSDT,2026-01-31 16:00:00.009,-0.00019169,0.10670000,Regular
DOGEUSDT,2026-02-01 00:00:00.001,-0.00026033,0.10417770,Regular
DOGEUSDT,2026-02-01 08:00:00.004,-0.00010038,0.10574902,Regular
DOGEUSDT,2026-02-01 16:00:00.000,3.141e-05,0.10405000,Regular
DOGEUSDT,2026-02-02 00:00:00.000,-4.013e-05,0.10421000,Regular
DOGEUSDT,2026-02-02 08:00:00.014,-4.36e-06,0.10305000,Regular
DOGEUSDT,2026-02-02 16:00:00.000,-3.823e-05,0.10947000,Regular
DOGEUSDT,2026-02-03 00:00:00.000,-0.00011637,0.10785000,Regular
DOGEUSDT,2026-02-03 08:00:00.007,-3.432e-05,0.10819303,Regular
DOGEUSDT,2026-02-03 16:00:00.000,-6.983e-05,0.11010000,Regular
DOGEUSDT,2026-02-04 00:00:00.002,2.147e-05,0.10595404,Regular
DOGEUSDT,2026-02-04 08:00:00.007,1.271e-05,0.10841000,Regular
DOGEUSDT,2026-02-04 16:00:00.000,-7.29e-05,0.10339000,Regular
DOGEUSDT,2026-02-05 00:00:00.011,1.451e-05,0.10378000,Regular
DOGEUSDT,2026-02-05 08:00:00.000,8.32e-06,0.10111000,Regular
DOGEUSDT,2026-02-05 16:00:00.007,-4.738e-05,0.09416000,Regular
DOGEUSDT,2026-02-06 00:00:00.000,-9.981e-05,0.08842538,Regular
DOGEUSDT,2026-02-06 08:00:00.001,-6.742e-05,0.09068000,Regular
DOGEUSDT,2026-02-06 16:00:00.000,-0.00012569,0.09637000,Regular
DOGEUSDT,2026-02-07 00:00:00.003,5.24e-06,0.09841215,Regular
DOGEUSDT,2026-02-07 08:00:00.000,3.26e-06,0.09583396,Regular
DOGEUSDT,2026-02-07 16:00:00.010,6.01e-05,0.09678000,Regular
DOGEUSDT,2026-02-08 00:00:00.003,3.901e-05,0.09819000,Regular
DOGEUSDT,2026-02-08 08:00:00.000,-1.745e-05,0.09682000,Regular
DOGEUSDT,2026-02-08 16:00:00.000,-8.154e-05,0.09727000,Regular
DOGEUSDT,2026-02-09 00:00:00.002,-5.827e-05,0.09657000,Regular
DOGEUSDT,2026-02-09 08:00:00.001,-6.378e-05,0.09527860,Regular
DOGEUSDT,2026-02-09 16:00:00.007,1.055e-05,0.09517000,Regular
DOGEUSDT,2026-02-10 00:00:00.000,4.066e-05,0.09607259,Regular
DOGEUSDT,2026-02-10 08:00:00.007,-4.048e-05,0.09361000,Regular
DOGEUSDT,2026-02-10 16:00:00.000,-0.0001043,0.09299000,Regular
DOGEUSDT,2026-02-11 00:00:00.000,-1.465e-05,0.09272000,Regular
DOGEUSDT,2026-02-11 08:00:00.006,-6.827e-05,0.09050766,Regular
DOGEUSDT,2026-02-11 16:00:00.000,-7.003e-05,0.08898000,Regular
DOGEUSDT,2026-02-12 00:00:00.000,-1.19e-05,0.09106100,Regular
DOGEUSDT,2026-02-12 08:00:00.001,-5.85e-06,0.09291346,Regular
DOGEUSDT,2026-02-12 16:00:00.001,9.84e-06,0.09319000,Regular
DOGEUSDT,2026-02-13 00:00:00.007,2.145e-05,0.09295409,Regular
DOGEUSDT,2026-02-13 08:00:00.003,7.096e-05,0.09300000,Regular
DOGEUSDT,2026-02-13 16:00:00.005,1.059e-05,0.09529714,Regular
DOGEUSDT,2026-02-14 00:00:00.002,3.844e-05,0.09666542,Regular
DOGEUSDT,2026-02-14 08:00:00.004,2.143e-05,0.09651310,Regular
DOGEUSDT,2026-02-14 16:00:00.002,6.395e-05,0.10394000,Regular
DOGEUSDT,2026-02-15 00:00:00.000,7.85e-05,0.11099449,Regular
DOGEUSDT,2026-02-15 08:00:00.002,1.861e-05,0.11602000,Regular
DOGEUSDT,2026-02-15 16:00:00.000,8.451e-05,0.10771000,Regular
DOGEUSDT,2026-02-16 00:00:00.001,-7.155e-05,0.10262000,Regular
DOGEUSDT,2026-02-16 08:00:00.003,-6.847e-05,0.10196392,Regular
DOGEUSDT,2026-02-16 16:00:00.000,-8.315e-05,0.09950090,Regular
DOGEUSDT,2026-02-17 00:00:00.008,-7.616e-05,0.10097000,Regular
DOGEUSDT,2026-02-17 08:00:00.001,-3.879e-05,0.09972000,Regular
DOGEUSDT,2026-02-17 16:00:00.002,7.71e-06,0.10044000,Regular
DOGEUSDT,2026-02-18 00:00:00.000,-7.484e-05,0.10061000,Regular
DOGEUSDT,2026-02-18 08:00:00.000,-8.343e-05,0.10137000,Regular
DOGEUSDT,2026-02-18 16:00:00.011,-1.407e-05,0.10105000,Regular
DOGEUSDT,2026-02-19 00:00:00.013,-4.235e-05,0.09850000,Regular
DOGEUSDT,2026-02-19 08:00:00.000,-6.52e-06,0.09830018,Regular
DOGEUSDT,2026-02-19 16:00:00.003,1.999e-05,0.09680000,Regular
DOGEUSDT,2026-02-20 00:00:00.000,5.58e-05,0.09832000,Regular
DOGEUSDT,2026-02-20 08:00:00.000,-4.929e-05,0.09855054,Regular
DOGEUSDT,2026-02-20 16:00:00.000,-2.488e-05,0.10026000,Regular
DOGEUSDT,2026-02-21 00:00:00.004,-2.2e-07,0.10005002,Regular
DOGEUSDT,2026-02-21 08:00:00.000,2.851e-05,0.10004000,Regular
DOGEUSDT,2026-02-21 16:00:00.005,-0.00011933,0.09996167,Regular
DOGEUSDT,2026-02-22 00:00:00.001,-6.956e-05,0.09838619,Regular
DOGEUSDT,2026-02-22 08:00:00.004,-9.87e-05,0.09724475,Regular
DOGEUSDT,2026-02-22 16:00:00.000,-8.514e-05,0.09570000,Regular
DOGEUSDT,2026-02-23 00:00:00.001,-8.585e-05,0.09552000,Regular
DOGEUSDT,2026-02-23 08:00:00.000,-3.756e-05,0.09483000,Regular
DOGEUSDT,2026-02-23 16:00:00.000,5.811e-05,0.09493076,Regular
DOGEUSDT,2026-02-24 00:00:00.007,-2.14e-05,0.09262108,Regular
DOGEUSDT,2026-02-24 08:00:00.000,-6.498e-05,0.09120000,Regular
DOGEUSDT,2026-02-24 16:00:00.001,-2.699e-05,0.09172155,Regular
DOGEUSDT,2026-02-25 00:00:00.001,3.966e-05,0.09132000,Regular
DOGEUSDT,2026-02-25 08:00:00.007,-9.097e-05,0.09278599,Regular
DOGEUSDT,2026-02-25 16:00:00.000,8.098e-05,0.10155046,Regular
DOGEUSDT,2026-02-26 00:00:00.000,0.0001,0.10092970,Regular
DOGEUSDT,2026-02-26 08:00:00.006,-2.959e-05,0.09952000,Regular
DOGEUSDT,2026-02-26 16:00:00.002,-3.64e-06,0.09855335,Regular
DOGEUSDT,2026-02-27 00:00:00.007,-1.476e-05,0.09695000,Regular
DOGEUSDT,2026-02-27 08:00:00.000,-2.79e-06,0.09837175,Regular
DOGEUSDT,2026-02-27 16:00:00.001,-4.753e-05,0.09397688,Regular
DOGEUSDT,2026-02-28 00:00:00.000,-0.00010157,0.09332001,Regular
DOGEUSDT,2026-02-28 08:00:00.000,-0.00010511,0.08929519,Regular
DOGEUSDT,2026-02-28 16:00:00.004,-0.00010575,0.09074000,Regular
DOGEUSDT,2026-03-01 00:00:00.005,-3.797e-05,0.09401408,Regular
DOGEUSDT,2026-03-01 08:00:00.000,5.895e-05,0.09480000,Regular
DOGEUSDT,2026-03-01 16:00:00.002,2.982e-05,0.09380000,Regular
DOGEUSDT,2026-03-02 00:00:00.001,4.6e-06,0.09185000,Regular
DOGEUSDT,2026-03-02 08:00:00.007,3.702e-05,0.09169000,Regular
DOGEUSDT,2026-03-02 16:00:00.000,-4.13e-06,0.09563219,Regular
DOGEUSDT,2026-03-03 00:00:00.000,8.053e-05,0.09352522,Regular
DOGEUSDT,2026-03-03 08:00:00.000,-0.00011761,0.09130380,Regular
DOGEUSDT,2026-03-03 16:00:00.007,-0.00017465,0.09015000,Regular
DOGEUSDT,2026-03-04 00:00:00.001,-0.00018443,0.08992399,Regular
DOGEUSDT,2026-03-04 08:00:00.005,-8.762e-05,0.09010515,Regular
DOGEUSDT,2026-03-04 16:00:00.000,8.455e-05,0.09899000,Regular
DOGEUSDT,2026-03-05 00:00:00.000,0.0001,0.09891235,Regular
DOGEUSDT,2026-03-05 08:00:00.000,1.045e-05,0.09565000,Regular
DOGEUSDT,2026-03-05 16:00:00.004,-6.87e-05,0.09423000,Regular
DOGEUSDT,2026-03-06 00:00:00.001,4.964e-05,0.09353674,Regular
DOGEUSDT,2026-03-06 08:00:00.001,-9.969e-05,0.09394000,Regular
DOGEUSDT,2026-03-06 16:00:00.004,-0.00012658,0.09019492,Regular
DOGEUSDT,2026-03-07 00:00:00.001,-0.00012826,0.09123000,Regular
DOGEUSDT,2026-03-07 08:00:00.012,-1.661e-05,0.09053000,Regular
DOGEUSDT,2026-03-07 16:00:00.001,-0.00014095,0.08995806,Regular
DOGEUSDT,2026-03-08 00:00:00.001,-0.00011339,0.08987000,Regular
DOGEUSDT,2026-03-08 08:00:00.000,-0.00013641,0.08927215,Regular
DOGEUSDT,2026-03-08 16:00:00.002,-0.00016514,0.08866175,Regular
DOGEUSDT,2026-03-09 00:00:00.000,-0.00013484,0.08908878,Regular
DOGEUSDT,2026-03-09 08:00:00.004,-1.365e-05,0.08993370,Regular
DOGEUSDT,2026-03-09 16:00:00.003,-8.71e-06,0.09108207,Regular
DOGEUSDT,2026-03-10 00:00:00.012,-8.843e-05,0.09043502,Regular
DOGEUSDT,2026-03-10 08:00:00.002,-8.741e-05,0.09228000,Regular
DOGEUSDT,2026-03-10 16:00:00.001,0.0001,0.09911989,Regular
DOGEUSDT,2026-03-11 00:00:00.000,9.159e-05,0.09447000,Regular
DOGEUSDT,2026-03-11 08:00:00.007,-0.00010238,0.09189000,Regular
DOGEUSDT,2026-03-11 16:00:00.010,-0.00011309,0.09231000,Regular
DOGEUSDT,2026-03-12 00:00:00.000,-7.38e-06,0.09284000,Regular
DOGEUSDT,2026-03-12 08:00:00.000,-0.00016651,0.09284000,Regular
DOGEUSDT,2026-03-12 16:00:00.000,7.767e-05,0.09406000,Regular
DOGEUSDT,2026-03-13 00:00:00.006,6.599e-05,0.09470000,Regular
DOGEUSDT,2026-03-13 08:00:00.001,4.334e-05,0.09647000,Regular
DOGEUSDT,2026-03-13 16:00:00.000,0.0001,0.09795789,Regular
DOGEUSDT,2026-03-14 00:00:00.001,0.0001,0.09592000,Regular
DOGEUSDT,2026-03-14 08:00:00.000,9.015e-05,0.09458005,Regular
DOGEUSDT,2026-03-14 16:00:00.007,-7.5e-06,0.09487526,Regular
DOGEUSDT,2026-03-15 00:00:00.000,8.8e-06,0.09598478,Regular
DOGEUSDT,2026-03-15 08:00:00.000,-5.212e-05,0.09557000,Regular
DOGEUSDT,2026-03-15 16:00:00.000,-4.953e-05,0.09492837,Regular
DOGEUSDT,2026-03-16 00:00:00.000,1.7e-07,0.09735000,Regular
DOGEUSDT,2026-03-16 08:00:00.010,0.0001,0.10200000,Regular
DOGEUSDT,2026-03-16 16:00:00.000,0.0001,0.10004000,Regular
DOGEUSDT,2026-03-17 00:00:00.000,0.0001,0.10299402,Regular
DOGEUSDT,2026-03-17 08:00:00.002,3.476e-05,0.10048110,Regular
DOGEUSDT,2026-03-17 16:00:00.011,-1.451e-05,0.09961581,Regular
DOGEUSDT,2026-03-18 00:00:00.002,6.063e-05,0.10012000,Regular
DOGEUSDT,2026-03-18 08:00:00.002,7.262e-05,0.09950670,Regular
DOGEUSDT,2026-03-18 16:00:00.005,-8.87e-05,0.09430720,Regular
DOGEUSDT,2026-03-19 00:00:00.000,-5.717e-05,0.09520000,Regular
DOGEUSDT,2026-03-19 08:00:00.003,3.931e-05,0.09433000,Regular
DOGEUSDT,2026-03-19 16:00:00.003,-4.674e-05,0.09282000,Regular
DOGEUSDT,2026-03-20 00:00:00.002,-5.902e-05,0.09349000,Regular
DOGEUSDT,2026-03-20 08:00:00.000,-1.404e-05,0.09402623,Regular
DOGEUSDT,2026-03-20 16:00:00.000,-2.568e-05,0.09417000,Regular
DOGEUSDT,2026-03-21 00:00:00.000,8.06e-06,0.09413000,Regular
DOGEUSDT,2026-03-21 08:00:00.000,-6.038e-05,0.09431015,Regular
DOGEUSDT,2026-03-21 16:00:00.014,-7.184e-05,0.09459582,Regular
DOGEUSDT,2026-03-22 00:00:00.012,-7.41e-05,0.09129593,Regular
DOGEUSDT,2026-03-22 08:00:00.007,-3.507e-05,0.09128467,Regular
DOGEUSDT,2026-03-22 16:00:00.002,-4.447e-05,0.09158182,Regular
DOGEUSDT,2026-03-23 00:00:00.000,-0.00011686,0.09009910,Regular
DOGEUSDT,2026-03-23 08:00:00.003,-4.453e-05,0.09039000,Regular
DOGEUSDT,2026-03-23 16:00:00.002,-5.97e-06,0.09376092,Regular
DOGEUSDT,2026-03-24 00:00:00.000,0.0001,0.09409000,Regular
DOGEUSDT,2026-03-24 08:00:00.000,1.168e-05,0.09521000,Regular
DOGEUSDT,2026-03-24 16:00:00.003,-3.422e-05,0.09331334,Regular
DOGEUSDT,2026-03-25 00:00:00.000,6.472e-05,0.09506073,Regular
DOGEUSDT,2026-03-25 08:00:00.000,0.0001,0.09677000,Regular
DOGEUSDT,2026-03-25 16:00:00.013,0.0001,0.09592974,Regular
DOGEUSDT,2026-03-26 00:00:00.001,8.915e-05,0.09613000,Regular
DOGEUSDT,2026-03-26 08:00:00.001,-5.046e-05,0.09269000,Regular
DOGEUSDT,2026-03-26 16:00:00.000,-0.00011762,0.09090565,Regular
DOGEUSDT,2026-03-27 00:00:00.006,-6.496e-05,0.09201000,Regular
DOGEUSDT,2026-03-27 08:00:00.000,8.57e-06,0.09217179,Regular
DOGEUSDT,2026-03-27 16:00:00.000,-0.00011541,0.09030981,Regular
DOGEUSDT,2026-03-28 00:00:00.005,-0.00010329,0.09005000,Regular
DOGEUSDT,2026-03-28 08:00:00.005,-3.903e-05,0.09117000,Regular
DOGEUSDT,2026-03-28 16:00:00.000,0.0001,0.09400018,Regular
DOGEUSDT,2026-03-29 00:00:00.003,7.74e-05,0.09092550,Regular
DOGEUSDT,2026-03-29 08:00:00.001,-4.965e-05,0.09114000,Regular
DOGEUSDT,2026-03-29 16:00:00.000,-6.654e-05,0.09011000,Regular
DOGEUSDT,2026-03-30 00:00:00.000,-2.588e-05,0.09039137,Regular
DOGEUSDT,2026-03-30 08:00:00.005,0.0001,0.09332000,Regular
DOGEUSDT,2026-03-30 16:00:00.000,0.0001,0.09287000,Regular
DOGEUSDT,2026-03-31 00:00:00.000,-7.58e-05,0.09078055,Regular
DOGEUSDT,2026-03-31 08:00:00.000,5.413e-05,0.09123000,Regular
DOGEUSDT,2026-03-31 16:00:00.000,-3.312e-05,0.09038000,Regular
DOGEUSDT,2026-04-01 00:00:00.000,0.0001,0.09228000,Regular
DOGEUSDT,2026-04-01 08:00:00.000,0.0001,0.09323000,Regular
DOGEUSDT,2026-04-01 16:00:00.000,-2.23e-06,0.09302000,Regular
DOGEUSDT,2026-04-02 00:00:00.003,9.762e-05,0.09215799,Regular
DOGEUSDT,2026-04-02 08:00:00.001,-0.00013452,0.09020241,Regular
DOGEUSDT,2026-04-02 16:00:00.001,-2.289e-05,0.09029000,Regular
DOGEUSDT,2026-04-03 00:00:00.000,1.761e-05,0.09035515,Regular
DOGEUSDT,2026-04-03 08:00:00.008,0.0001,0.09112255,Regular
DOGEUSDT,2026-04-03 16:00:00.008,0.0001,0.09148000,Regular
DOGEUSDT,2026-04-04 00:00:00.000,0.0001,0.09151896,Regular
DOGEUSDT,2026-04-04 08:00:00.003,-3.09e-05,0.09132000,Regular
DOGEUSDT,2026-04-04 16:00:00.000,-5.133e-05,0.09172077,Regular
DOGEUSDT,2026-04-05 00:00:00.008,0.0001,0.09203000,Regular
DOGEUSDT,2026-04-05 08:00:00.000,-5.838e-05,0.09003815,Regular
DOGEUSDT,2026-04-05 16:00:00.001,-8.998e-05,0.09062848,Regular
DOGEUSDT,2026-04-06 00:00:00.004,8.06e-05,0.09234000,Regular
DOGEUSDT,2026-04-06 08:00:00.001,0.0001,0.09205371,Regular
DOGEUSDT,2026-04-06 16:00:00.003,0.0001,0.09279000,Regular
DOGEUSDT,2026-04-07 00:00:00.000,-4.248e-05,0.09053692,Regular
DOGEUSDT,2026-04-07 08:00:00.000,-8.483e-05,0.09057159,Regular
DOGEUSDT,2026-04-07 16:00:00.000,-4.725e-05,0.09035000,Regular
DOGEUSDT,2026-04-08 00:00:00.000,0.0001,0.09490000,Regular
DOGEUSDT,2026-04-08 08:00:00.000,0.0001,0.09455000,Regular
DOGEUSDT,2026-04-08 16:00:00.006,0.0001,0.09338000,Regular
DOGEUSDT,2026-04-09 00:00:00.000,5.606e-05,0.09236010,Regular
DOGEUSDT,2026-04-09 08:00:00.010,-5.032e-05,0.09134614,Regular
DOGEUSDT,2026-04-09 16:00:00.001,-5.276e-05,0.09285000,Regular
DOGEUSDT,2026-04-10 00:00:00.000,0.0001,0.09256000,Regular
DOGEUSDT,2026-04-10 08:00:00.005,-2.501e-05,0.09223741,Regular
DOGEUSDT,2026-04-10 16:00:00.000,3.933e-05,0.09329000,Regular
DOGEUSDT,2026-04-11 00:00:00.000,0.0001,0.09365102,Regular
DOGEUSDT,2026-04-11 08:00:00.000,-4.554e-05,0.09284188,Regular
DOGEUSDT,2026-04-11 16:00:00.003,-6.403e-05,0.09270274,Regular
DOGEUSDT,2026-04-12 00:00:00.000,0.0001,0.09304000,Regular
DOGEUSDT,2026-04-12 08:00:00.000,-8.132e-05,0.09133439,Regular
DOGEUSDT,2026-04-12 16:00:00.000,-9.99e-05,0.09059206,Regular
DOGEUSDT,2026-04-13 00:00:00.011,-5.95e-05,0.09078593,Regular
DOGEUSDT,2026-04-13 08:00:00.006,-4.679e-05,0.09084000,Regular
DOGEUSDT,2026-04-13 16:00:00.000,7.985e-05,0.09167105,Regular
DOGEUSDT,2026-04-14 00:00:00.005,0.0001,0.09409000,Regular
DOGEUSDT,2026-04-14 08:00:00.003,4.455e-05,0.09356000,Regular
DOGEUSDT,2026-04-14 16:00:00.001,0.0001,0.09538000,Regular
DOGEUSDT,2026-04-15 00:00:00.000,-2.485e-05,0.09290000,Regular
DOGEUSDT,2026-04-15 08:00:00.000,-2.616e-05,0.09276298,Regular
DOGEUSDT,2026-04-15 16:00:00.000,9.84e-06,0.09353256,Regular
DOGEUSDT,2026-04-16 00:00:00.013,0.0001,0.09486000,Regular
DOGEUSDT,2026-04-16 08:00:00.000,0.0001,0.09644313,Regular
DOGEUSDT,2026-04-16 16:00:00.000,0.0001,0.09726878,Regular
DOGEUSDT,2026-04-17 00:00:00.001,0.0001,0.09917993,Regular
DOGEUSDT,2026-04-17 08:00:00.011,5.043e-05,0.09802000,Regular
DOGEUSDT,2026-04-17 16:00:00.001,3.821e-05,0.10053000,Regular
DOGEUSDT,2026-04-18 00:00:00.001,0.0001,0.09938673,Regular
DOGEUSDT,2026-04-18 08:00:00.006,2.917e-05,0.09881046,Regular
DOGEUSDT,2026-04-18 16:00:00.000,-7.036e-05,0.09594000,Regular
DOGEUSDT,2026-04-19 00:00:00.002,-8.729e-05,0.09472214,Regular
DOGEUSDT,2026-04-19 08:00:00.010,-3.64e-06,0.09409000,Regular
DOGEUSDT,2026-04-19 16:00:00.001,-3.509e-05,0.09554153,Regular
DOGEUSDT,2026-04-20 00:00:00.000,-2.116e-05,0.09296143,Regular
DOGEUSDT,2026-04-20 08:00:00.000,1.08e-05,0.09450000,Regular
DOGEUSDT,2026-04-20 16:00:00.001,2.277e-05,0.09491127,Regular
DOGEUSDT,2026-04-21 00:00:00.000,4.43e-05,0.09515000,Regular
DOGEUSDT,2026-04-21 08:00:00.004,-4.799e-05,0.09522000,Regular
DOGEUSDT,2026-04-21 16:00:00.004,3.1e-07,0.09473226,Regular
DOGEUSDT,2026-04-22 00:00:00.004,2.14e-06,0.09513080,Regular
DOGEUSDT,2026-04-22 08:00:00.000,0.0001,0.09749000,Regular
DOGEUSDT,2026-04-22 16:00:00.000,0.0001,0.09783472,Regular
DOGEUSDT,2026-04-23 00:00:00.000,6.031e-05,0.09558611,Regular
DOGEUSDT,2026-04-23 08:00:00.000,0.0001,0.09589608,Regular
DOGEUSDT,2026-04-23 16:00:00.004,0.0001,0.09733000,Regular
DOGEUSDT,2026-04-24 00:00:00.006,0.0001,0.09709000,Regular
DOGEUSDT,2026-04-24 08:00:00.000,0.0001,0.09778000,Regular
DOGEUSDT,2026-04-24 16:00:00.000,0.0001,0.09805064,Regular
DOGEUSDT,2026-04-25 00:00:00.000,0.0001,0.09839000,Regular
DOGEUSDT,2026-04-25 08:00:00.002,8.444e-05,0.09838000,Regular
DOGEUSDT,2026-04-25 16:00:00.002,7.376e-05,0.09814963,Regular
DOGEUSDT,2026-04-26 00:00:00.003,2.003e-05,0.09796028,Regular
DOGEUSDT,2026-04-26 08:00:00.007,5.31e-05,0.09853000,Regular
DOGEUSDT,2026-04-26 16:00:00.004,7.31e-05,0.09898000,Regular
DOGEUSDT,2026-04-27 00:00:00.004,1.391e-05,0.09916000,Regular
DOGEUSDT,2026-04-27 08:00:00.000,-2.544e-05,0.09777037,Regular
DOGEUSDT,2026-04-27 16:00:00.002,6.463e-05,0.09716714,Regular
DOGEUSDT,2026-04-28 00:00:00.001,0.0001,0.09890191,Regular
DOGEUSDT,2026-04-28 08:00:00.000,0.0001,0.09960000,Regular
DOGEUSDT,2026-04-28 16:00:00.004,0.0001,0.09950311,Regular
DOGEUSDT,2026-04-29 00:00:00.006,4.318e-05,0.09928679,Regular
DOGEUSDT,2026-04-29 08:00:00.011,0.0001,0.10492000,Regular
DOGEUSDT,2026-04-29 16:00:00.003,0.0001,0.10332000,Regular
DOGEUSDT,2026-04-30 00:00:00.002,-3.357e-05,0.10401273,Regular
DOGEUSDT,2026-04-30 08:00:00.000,8.341e-05,0.10694515,Regular
DOGEUSDT,2026-04-30 16:00:00.000,1.917e-05,0.10703138,Regular
DOGEUSDT,2026-05-01 00:00:00.000,-1.716e-05,0.10646531,Regular
DOGEUSDT,2026-05-01 08:00:00.005,3.054e-05,0.10819212,Regular
DOGEUSDT,2026-05-01 16:00:00.000,3.104e-05,0.10939785,Regular
DOGEUSDT,2026-05-02 00:00:00.006,-1.081e-05,0.10846187,Regular
DOGEUSDT,2026-05-02 08:00:00.000,1.943e-05,0.10785000,Regular
DOGEUSDT,2026-05-02 16:00:00.010,2.318e-05,0.10895376,Regular
DOGEUSDT,2026-05-03 00:00:00.005,4.413e-05,0.10845273,Regular
DOGEUSDT,2026-05-03 08:00:00.003,-1.114e-05,0.10786000,Regular
DOGEUSDT,2026-05-03 16:00:00.000,6.039e-05,0.10843000,Regular
DOGEUSDT,2026-05-04 00:00:00.000,5.19e-06,0.10822997,Regular
DOGEUSDT,2026-05-04 08:00:00.000,8.05e-05,0.11229000,Regular
DOGEUSDT,2026-05-04 16:00:00.003,2.113e-05,0.11020000,Regular
DOGEUSDT,2026-05-05 00:00:00.000,1.832e-05,0.11005000,Regular
DOGEUSDT,2026-05-05 08:00:00.011,6.311e-05,0.11140000,Regular
DOGEUSDT,2026-05-05 16:00:00.000,4.317e-05,0.11233000,Regular
DOGEUSDT,2026-05-06 00:00:00.010,9.555e-05,0.11478000,Regular
DOGEUSDT,2026-05-06 08:00:00.000,4.503e-05,0.11570000,Regular
DOGEUSDT,2026-05-06 16:00:00.002,-8.869e-05,0.11301133,Regular
DOGEUSDT,2026-05-07 00:00:00.000,-4.49e-06,0.11239095,Regular
DOGEUSDT,2026-05-07 08:00:00.000,-6.956e-05,0.11163093,Regular
DOGEUSDT,2026-05-07 16:00:00.004,1.665e-05,0.10793000,Regular
DOGEUSDT,2026-05-08 00:00:00.003,-4.021e-05,0.10779170,Regular
DOGEUSDT,2026-05-08 08:00:00.002,-1.252e-05,0.10626693,Regular
DOGEUSDT,2026-05-08 16:00:00.003,2.561e-05,0.10802000,Regular
DOGEUSDT,2026-05-09 00:00:00.000,1.241e-05,0.10948000,Regular
DOGEUSDT,2026-05-09 08:00:00.001,5.533e-05,0.11017000,Regular
DOGEUSDT,2026-05-09 16:00:00.002,6.837e-05,0.10856368,Regular
DOGEUSDT,2026-05-10 00:00:00.003,-2.009e-05,0.10868863,Regular
DOGEUSDT,2026-05-10 08:00:00.000,-4.175e-05,0.10848516,Regular
DOGEUSDT,2026-05-10 16:00:00.000,2.033e-05,0.10906259,Regular
DOGEUSDT,2026-05-11 00:00:00.000,9.789e-05,0.11242000,Regular
DOGEUSDT,2026-05-11 08:00:00.000,0.0001,0.10924000,Regular
DOGEUSDT,2026-05-11 16:00:00.000,0.0001,0.11089000,Regular
DOGEUSDT,2026-05-12 00:00:00.002,0.0001,0.11127872,Regular
DOGEUSDT,2026-05-12 08:00:00.008,0.0001,0.10983372,Regular
DOGEUSDT,2026-05-12 16:00:00.000,6.359e-05,0.10863000,Regular
DOGEUSDT,2026-05-13 00:00:00.010,0.0001,0.11012000,Regular
DOGEUSDT,2026-05-13 08:00:00.003,0.0001,0.11229000,Regular
DOGEUSDT,2026-05-13 16:00:00.001,0.0001,0.10989828,Regular
DOGEUSDT,2026-05-14 00:00:00.005,5.937e-05,0.11261000,Regular
DOGEUSDT,2026-05-14 08:00:00.000,9.732e-05,0.11386207,Regular
DOGEUSDT,2026-05-14 16:00:00.000,-7.676e-05,0.11383732,Regular
DOGEUSDT,2026-05-15 00:00:00.000,-3.496e-05,0.11539392,Regular
DOGEUSDT,2026-05-15 08:00:00.016,-6.7e-05,0.11482334,Regular
DOGEUSDT,2026-05-15 16:00:00.012,-7.203e-05,0.11151000,Regular
DOGEUSDT,2026-05-16 00:00:00.005,7.471e-05,0.11331000,Regular
DOGEUSDT,2026-05-16 08:00:00.000,-2.081e-05,0.11005699,Regular
DOGEUSDT,2026-05-16 16:00:00.005,-2.45e-06,0.10965000,Regular
DOGEUSDT,2026-05-17 00:00:00.000,7.144e-05,0.10933000,Regular
DOGEUSDT,2026-05-17 08:00:00.010,1.699e-05,0.11013185,Regular
DOGEUSDT,2026-05-17 16:00:00.009,6.188e-05,0.11039337,Regular
DOGEUSDT,2026-05-18 00:00:00.007,-4.78e-05,0.10893744,Regular
DOGEUSDT,2026-05-18 08:00:00.002,6.85e-06,0.10424443,Regular
DOGEUSDT,2026-05-18 16:00:00.007,-2.652e-05,0.10387000,Regular
DOGEUSDT,2026-05-19 00:00:00.001,-1.694e-05,0.10472000,Regular
DOGEUSDT,2026-05-19 08:00:00.001,-1.324e-05,0.10513000,Regular
DOGEUSDT,2026-05-19 16:00:00.009,6.08e-06,0.10354194,Regular
DOGEUSDT,2026-05-20 00:00:00.001,3.083e-05,0.10293553,Regular
DOGEUSDT,2026-05-20 08:00:00.006,1.22e-05,0.10356000,Regular
DOGEUSDT,2026-05-20 16:00:00.000,-5.7e-06,0.10414000,Regular
DOGEUSDT,2026-05-21 00:00:00.001,8.18e-06,0.10365000,Regular
DOGEUSDT,2026-05-21 08:00:00.000,3.599e-05,0.10560000,Regular
DOGEUSDT,2026-05-21 16:00:00.000,2.583e-05,0.10465009,Regular
DOGEUSDT,2026-05-22 00:00:00.000,0.0001,0.10562000,Regular
DOGEUSDT,2026-05-22 08:00:00.004,4.056e-05,0.10553102,Regular
DOGEUSDT,2026-05-22 16:00:00.001,4.339e-05,0.10603264,Regular
DOGEUSDT,2026-05-23 00:00:00.009,2.457e-05,0.10227347,Regular
DOGEUSDT,2026-05-23 08:00:00.001,-2.86e-06,0.09888650,Regular
DOGEUSDT,2026-05-23 16:00:00.003,4.92e-06,0.10103991,Regular
DOGEUSDT,2026-05-24 00:00:00.011,8.65e-05,0.10301340,Regular
DOGEUSDT,2026-05-24 08:00:00.008,2.937e-05,0.10284533,Regular
DOGEUSDT,2026-05-24 16:00:00.000,3.077e-05,0.10190000,Regular
DOGEUSDT,2026-05-25 00:00:00.001,9.76e-06,0.10221000,Regular
DOGEUSDT,2026-05-25 08:00:00.001,8.499e-05,0.10277000,Regular
DOGEUSDT,2026-05-25 16:00:00.001,5.759e-05,0.10294000,Regular
DOGEUSDT,2026-05-26 00:00:00.000,5.913e-05,0.10208224,Regular
DOGEUSDT,2026-05-26 08:00:00.003,8.1e-06,0.10112000,Regular
DOGEUSDT,2026-05-26 16:00:00.000,7.485e-05,0.10198218,Regular
DOGEUSDT,2026-05-27 00:00:00.000,-3.495e-05,0.10098192,Regular
DOGEUSDT,2026-05-27 08:00:00.004,7.714e-05,0.10212000,Regular
DOGEUSDT,2026-05-27 16:00:00.009,7.953e-05,0.10255000,Regular
DOGEUSDT,2026-05-28 00:00:00.001,-1.301e-05,0.10044000,Regular
DOGEUSDT,2026-05-28 08:00:00.000,-7.454e-05,0.09867138,Regular
DOGEUSDT,2026-05-28 16:00:00.001,4.507e-05,0.09842074,Regular
DOGEUSDT,2026-05-29 00:00:00.000,0.0001,0.09951121,Regular
DOGEUSDT,2026-05-29 08:00:00.001,0.0001,0.09958353,Regular
DOGEUSDT,2026-05-29 16:00:00.008,2.898e-05,0.10036539,Regular
DOGEUSDT,2026-05-30 00:00:00.000,7.49e-05,0.09965000,Regular
DOGEUSDT,2026-05-30 08:00:00.001,5.439e-05,0.10124245,Regular
DOGEUSDT,2026-05-30 16:00:00.000,-8.03e-06,0.10129000,Regular
DOGEUSDT,2026-05-31 00:00:00.000,7.738e-05,0.10056000,Regular
DOGEUSDT,2026-05-31 08:00:00.000,7.582e-05,0.10054142,Regular
DOGEUSDT,2026-05-31 16:00:00.004,3.376e-05,0.09980000,Regular
DOGEUSDT,2026-06-01 00:00:00.001,3.009e-05,0.10038707,Regular
DOGEUSDT,2026-06-01 08:00:00.001,5.635e-05,0.09916000,Regular
DOGEUSDT,2026-06-01 16:00:00.000,0.0001,0.09827846,Regular
DOGEUSDT,2026-06-02 00:00:00.000,0.0001,0.10105337,Regular
DOGEUSDT,2026-06-02 08:00:00.000,1.177e-05,0.09917414,Regular
DOGEUSDT,2026-06-02 16:00:00.000,-1.355e-05,0.09482183,Regular
DOGEUSDT,2026-06-03 00:00:00.013,-3.611e-05,0.09271000,Regular
DOGEUSDT,2026-06-03 08:00:00.000,8.397e-05,0.09414000,Regular
DOGEUSDT,2026-06-03 16:00:00.001,8.395e-05,0.09277000,Regular
DOGEUSDT,2026-06-04 00:00:00.009,1.319e-05,0.09137000,Regular
DOGEUSDT,2026-06-04 08:00:00.000,5.434e-05,0.08872328,Regular
DOGEUSDT,2026-06-04 16:00:00.003,-1.174e-05,0.08948083,Regular
DOGEUSDT,2026-06-05 00:00:00.000,-1.933e-05,0.08852906,Regular
DOGEUSDT,2026-06-05 08:00:00.004,-4.271e-05,0.08496000,Regular
DOGEUSDT,2026-06-05 16:00:00.009,2.475e-05,0.08151142,Regular
DOGEUSDT,2026-06-06 00:00:00.000,3.375e-05,0.08142713,Regular
DOGEUSDT,2026-06-06 08:00:00.000,3.534e-05,0.08146000,Regular
DOGEUSDT,2026-06-06 16:00:00.000,4.718e-05,0.08164000,Regular
DOGEUSDT,2026-06-07 00:00:00.001,-5.421e-05,0.08187184,Regular
DOGEUSDT,2026-06-07 08:00:00.000,-7.719e-05,0.08490749,Regular
DOGEUSDT,2026-06-07 16:00:00.000,7.999e-05,0.08460329,Regular
DOGEUSDT,2026-06-08 00:00:00.000,2.347e-05,0.08622000,Regular
DOGEUSDT,2026-06-08 08:00:00.005,1.083e-05,0.08562000,Regular
DOGEUSDT,2026-06-08 16:00:00.004,3.034e-05,0.08692000,Regular
DOGEUSDT,2026-06-09 00:00:00.000,-7.598e-05,0.08630000,Regular
DOGEUSDT,2026-06-09 08:00:00.000,8.798e-05,0.08636615,Regular
DOGEUSDT,2026-06-09 16:00:00.001,5.52e-06,0.08409000,Regular
DOGEUSDT,2026-06-10 00:00:00.001,8.528e-05,0.08476000,Regular
DOGEUSDT,2026-06-10 08:00:00.011,-2.574e-05,0.08419000,Regular
DOGEUSDT,2026-06-10 16:00:00.009,3.08e-06,0.08509000,Regular
DOGEUSDT,2026-06-11 00:00:00.000,1.304e-05,0.08290941,Regular
DOGEUSDT,2026-06-11 08:00:00.004,7.047e-05,0.08483221,Regular
DOGEUSDT,2026-06-11 16:00:00.000,7.26e-05,0.08491000,Regular
DOGEUSDT,2026-06-12 00:00:00.000,4.564e-05,0.08603000,Regular
DOGEUSDT,2026-06-12 08:00:00.000,1.291e-05,0.08591051,Regular
DOGEUSDT,2026-06-12 16:00:00.000,-1.718e-05,0.08738028,Regular
DOGEUSDT,2026-06-13 00:00:00.000,5.952e-05,0.08595000,Regular
DOGEUSDT,2026-06-13 08:00:00.007,-2.7e-05,0.08703000,Regular
DOGEUSDT,2026-06-13 16:00:00.002,0.0001,0.08831005,Regular
DOGEUSDT,2026-06-14 00:00:00.005,3.03e-06,0.08783000,Regular
DOGEUSDT,2026-06-14 08:00:00.009,1.088e-05,0.08713880,Regular
DOGEUSDT,2026-06-14 16:00:00.000,2.381e-05,0.08626000,Regular
DOGEUSDT,2026-06-15 00:00:00.013,7.95e-05,0.08886000,Regular
DOGEUSDT,2026-06-15 08:00:00.013,7.326e-05,0.08847464,Regular
DOGEUSDT,2026-06-15 16:00:00.004,9.537e-05,0.09064455,Regular
DOGEUSDT,2026-06-16 00:00:00.000,-1.369e-05,0.08809000,Regular
DOGEUSDT,2026-06-16 08:00:00.000,-5.967e-05,0.08780433,Regular
DOGEUSDT,2026-06-16 16:00:00.001,3.421e-05,0.08714824,Regular
DOGEUSDT,2026-06-17 00:00:00.012,0.0001,0.08712872,Regular
DOGEUSDT,2026-06-17 08:00:00.000,3.924e-05,0.08685892,Regular
DOGEUSDT,2026-06-17 16:00:00.000,-5.572e-05,0.08724466,Regular
DOGEUSDT,2026-06-18 00:00:00.002,2.51e-06,0.08588000,Regular
DOGEUSDT,2026-06-18 08:00:00.000,-3.073e-05,0.08488000,Regular
DOGEUSDT,2026-06-18 16:00:00.001,3.024e-05,0.08195000,Regular
DOGEUSDT,2026-06-19 00:00:00.005,4.183e-05,0.08348000,Regular
DOGEUSDT,2026-06-19 08:00:00.001,-4.223e-05,0.08229319,Regular
DOGEUSDT,2026-06-19 16:00:00.001,-3.099e-05,0.08317000,Regular
DOGEUSDT,2026-06-20 00:00:00.001,7.5e-07,0.08350579,Regular
DOGEUSDT,2026-06-20 08:00:00.000,4.9e-07,0.08404000,Regular
DOGEUSDT,2026-06-20 16:00:00.001,-4.583e-05,0.08369354,Regular
DOGEUSDT,2026-06-21 00:00:00.000,4.61e-05,0.08366787,Regular
DOGEUSDT,2026-06-21 08:00:00.000,-6.632e-05,0.08346000,Regular
DOGEUSDT,2026-06-21 16:00:00.000,4.411e-05,0.08340038,Regular
DOGEUSDT,2026-06-22 00:00:00.000,1.597e-05,0.08221000,Regular
DOGEUSDT,2026-06-22 08:00:00.000,2.027e-05,0.08347000,Regular
DOGEUSDT,2026-06-22 16:00:00.002,2.51e-05,0.08358973,Regular
DOGEUSDT,2026-06-23 00:00:00.003,-2.023e-05,0.08243000,Regular
DOGEUSDT,2026-06-23 08:00:00.005,-7.829e-05,0.07994000,Regular
DOGEUSDT,2026-06-23 16:00:00.002,-3.316e-05,0.07879000,Regular
DOGEUSDT,2026-06-24 00:00:00.005,-1.024e-05,0.07882841,Regular
DOGEUSDT,2026-06-24 08:00:00.005,-5.068e-05,0.07882000,Regular
DOGEUSDT,2026-06-24 16:00:00.003,-8.076e-05,0.07474000,Regular
DOGEUSDT,2026-06-25 00:00:00.000,5.894e-05,0.07609000,Regular
DOGEUSDT,2026-06-25 08:00:00.000,3.071e-05,0.07732000,Regular
DOGEUSDT,2026-06-25 16:00:00.000,1.45e-06,0.07339000,Regular
DOGEUSDT,2026-06-26 00:00:00.010,3.95e-05,0.07487000,Regular
DOGEUSDT,2026-06-26 08:00:00.002,6.373e-05,0.07506832,Regular
DOGEUSDT,2026-06-26 16:00:00.000,4.136e-05,0.07496000,Regular
DOGEUSDT,2026-06-27 00:00:00.000,4.581e-05,0.07575000,Regular
DOGEUSDT,2026-06-27 08:00:00.000,4.296e-05,0.07579000,Regular
DOGEUSDT,2026-06-27 16:00:00.009,-5.69e-06,0.07619154,Regular
DOGEUSDT,2026-06-28 00:00:00.000,-7.5e-07,0.07445816,Regular
DOGEUSDT,2026-06-28 08:00:00.013,-3.176e-05,0.07375453,Regular
DOGEUSDT,2026-06-28 16:00:00.000,-2.157e-05,0.07355000,Regular
DOGEUSDT,2026-06-29 00:00:00.006,-2.792e-05,0.07316645,Regular
DOGEUSDT,2026-06-29 08:00:00.013,2.851e-05,0.07276000,Regular
DOGEUSDT,2026-06-29 16:00:00.004,-9.47e-06,0.07279104,Regular
DOGEUSDT,2026-06-30 00:00:00.000,1.59e-05,0.07339128,Regular
DOGEUSDT,2026-06-30 08:00:00.000,-2.88e-06,0.07236185,Regular
DOGEUSDT,2026-06-30 16:00:00.005,-6.34e-06,0.07069044,Regular
DOGEUSDT,2026-07-01 00:00:00.000,8.955e-05,0.07204091,Regular
DOGEUSDT,2026-07-01 08:00:00.000,4.431e-05,0.07146192,Regular
DOGEUSDT,2026-07-01 16:00:00.000,6.791e-05,0.07334364,Regular
DOGEUSDT,2026-07-02 00:00:00.000,2.7e-07,0.07218889,Regular
DOGEUSDT,2026-07-02 08:00:00.000,2.435e-05,0.07250568,Regular
DOGEUSDT,2026-07-02 16:00:00.000,0.0001,0.07449000,Regular
DOGEUSDT,2026-07-03 00:00:00.000,4.714e-05,0.07415000,Regular
DOGEUSDT,2026-07-03 08:00:00.007,0.0001,0.07527000,Regular
DOGEUSDT,2026-07-03 16:00:00.000,0.0001,0.07631874,Regular
DOGEUSDT,2026-07-04 00:00:00.000,0.0001,0.07751413,Regular
DOGEUSDT,2026-07-04 08:00:00.000,0.0001,0.07691000,Regular
DOGEUSDT,2026-07-04 16:00:00.007,0.0001,0.07855000,Regular
DOGEUSDT,2026-07-05 00:00:00.003,0.0001,0.07762907,Regular
DOGEUSDT,2026-07-05 08:00:00.001,3.894e-05,0.07613730,Regular
DOGEUSDT,2026-07-05 16:00:00.000,0.0001,0.07713006,Regular
DOGEUSDT,2026-07-06 00:00:00.000,0.0001,0.07785000,Regular
DOGEUSDT,2026-07-06 08:00:00.000,8.336e-05,0.07689000,Regular
DOGEUSDT,2026-07-06 16:00:00.000,2.713e-05,0.07622000,Regular
DOGEUSDT,2026-07-07 00:00:00.000,0.0001,0.07663000,Regular
DOGEUSDT,2026-07-07 08:00:00.000,-1.677e-05,0.07494211,Regular
DOGEUSDT,2026-07-07 16:00:00.000,5.002e-05,0.07516000,Regular
DOGEUSDT,2026-07-08 00:00:00.000,4.686e-05,0.07413015,Regular
DOGEUSDT,2026-07-08 08:00:00.000,-5.2e-07,0.07241822,Regular
DOGEUSDT,2026-07-08 16:00:00.000,5.97e-06,0.07183203,Regular
DOGEUSDT,2026-07-09 00:00:00.000,6.866e-05,0.07238000,Regular
DOGEUSDT,2026-07-09 08:00:00.001,5.952e-05,0.07277658,Regular
DOGEUSDT,2026-07-09 16:00:00.001,5.165e-05,0.07261000,Regular
DOGEUSDT,2026-07-10 00:00:00.000,3.147e-05,0.07287000,Regular
DOGEUSDT,2026-07-10 08:00:00.005,9.544e-05,0.07373497,Regular
DOGEUSDT,2026-07-10 16:00:00.005,9.551e-05,0.07403000,Regular
DOGEUSDT,2026-07-11 00:00:00.000,9.327e-05,0.07408424,Regular
DOGEUSDT,2026-07-11 08:00:00.000,0.0001,0.07426149,Regular
DOGEUSDT,2026-07-11 16:00:00.000,0.0001,0.07530000,Regular
DOGEUSDT,2026-07-12 00:00:00.000,5.205e-05,0.07315743,Regular
DOGEUSDT,2026-07-12 08:00:00.003,-1.25e-05,0.07290000,Regular
DOGEUSDT,2026-07-12 16:00:00.000,4.567e-05,0.07369089,Regular
DOGEUSDT,2026-07-13 00:00:00.000,-3.63e-06,0.07269000,Regular
DOGEUSDT,2026-07-13 08:00:00.001,-4.602e-05,0.07233389,Regular
DOGEUSDT,2026-07-13 16:00:00.004,-1.82e-06,0.07204563,Regular
DOGEUSDT,2026-07-14 00:00:00.000,-1.11e-06,0.07194000,Regular
DOGEUSDT,2026-07-14 08:00:00.002,8.814e-05,0.07215000,Regular
DOGEUSDT,2026-07-14 16:00:00.001,0.0001,0.07488000,Regular
DOGEUSDT,2026-07-15 00:00:00.005,7.995e-05,0.07442000,Regular
DOGEUSDT,2026-07-15 08:00:00.002,9.404e-05,0.07396830,Regular
DOGEUSDT,2026-07-15 16:00:00.000,9.641e-05,0.07459000,Regular
DOGEUSDT,2026-07-16 00:00:00.000,0.0001,0.07405820,Regular
DOGEUSDT,2026-07-16 08:00:00.003,6.511e-05,0.07352045,Regular
DOGEUSDT,2026-07-16 16:00:00.002,6.116e-05,0.07360000,Regular
DOGEUSDT,2026-07-17 00:00:00.000,5.036e-05,0.07234658,Regular
DOGEUSDT,2026-07-17 08:00:00.010,-5.44e-05,0.07163000,Regular
DOGEUSDT,2026-07-17 16:00:00.004,1.845e-05,0.07212000,Regular
DOGEUSDT,2026-07-18 00:00:00.000,5.576e-05,0.07252000,Regular
DOGEUSDT,2026-07-18 08:00:00.000,7.48e-06,0.07227000,Regular
DOGEUSDT,2026-07-18 16:00:00.001,4.382e-05,0.07215063,Regular
DOGEUSDT,2026-07-19 00:00:00.003,8.69e-05,0.07248792,Regular
DOGEUSDT,2026-07-19 08:00:00.000,5.359e-05,0.07243000,Regular
DOGEUSDT,2026-07-19 16:00:00.001,5.285e-05,0.07243505,Regular
DOGEUSDT,2026-07-20 00:00:00.000,-1.342e-05,0.07238000,Regular
DOGEUSDT,2026-07-20 08:00:00.001,-3.45e-05,0.07182000,Regular
DOGEUSDT,2026-07-20 16:00:00.004,8.786e-05,0.07334260,Regular
DOGEUSDT,2026-07-21 00:00:00.001,0.0001,0.07215000,Regular
DOGEUSDT,2026-07-21 08:00:00.000,0.0001,0.07333000,Regular
DOGEUSDT,2026-07-21 16:00:00.002,0.0001,0.07345913,Regular
DOGEUSDT,2026-07-22 00:00:00.000,0.0001,0.07335880,Regular
DOGEUSDT,2026-07-22 08:00:00.000,4.835e-05,0.07218541,Regular
DOGEUSDT,2026-07-22 16:00:00.001,8.337e-05,0.07305660,Regular
DOGEUSDT,2026-07-23 00:00:00.000,-2.62e-06,0.07296000,Regular
DOGEUSDT,2026-07-23 08:00:00.000,-3.174e-05,0.07218000,Regular
DOGEUSDT,2026-07-23 16:00:00.000,-8.144e-05,0.06972000,Regular
DOGEUSDT,2026-07-24 00:00:00.000,-0.00013699,0.06916423,Regular
DOGEUSDT,2026-07-24 08:00:00.000,-3.38e-05,0.07002070,Regular
DOGEUSDT,2026-07-24 16:00:00.008,-2.812e-05,0.06918000,Regular
DOGEUSDT,2026-07-25 00:00:00.002,-1.336e-05,0.06953938,Regular
DOGEUSDT,2026-07-25 08:00:00.000,5.9e-07,0.06931000,Regular
DOGEUSDT,2026-07-25 16:00:00.000,4.723e-05,0.07119000,Regular
DOGEUSDT,2026-07-26 00:00:00.000,0.0001,0.07170000,Regular
DOGEUSDT,2026-07-26 08:00:00.002,0.0001,0.07324594,Regular
DOGEUSDT,2026-07-26 16:00:00.000,9.495e-05,0.07306000,Regular
DOGEUSDT,2026-07-27 00:00:00.010,4.026e-05,0.07336000,Regular
DOGEUSDT,2026-07-27 08:00:00.000,8.132e-05,0.07283000,Regular
DOGEUSDT,2026-07-27 16:00:00.001,3.523e-05,0.07132000,Regular
DOGEUSDT,2026-07-28 00:00:00.000,1.924e-05,0.07032827,Regular
DOGEUSDT,2026-07-28 08:00:00.000,-2.97e-06,0.07010005,Regular
DOGEUSDT,2026-07-28 16:00:00.000,5.786e-05,0.07077549,Regular
DOGEUSDT,2026-07-29 00:00:00.000,9.292e-05,0.07085235,Regular
DOGEUSDT,2026-07-29 08:00:00.002,8.902e-05,0.07096559,Regular
DOGEUSDT,2026-07-29 16:00:00.000,-1.396e-05,0.07016315,Regular
DOGEUSDT,2026-07-30 00:00:00.000,-1.126e-05,0.07012000,Regular
DOGEUSDT,2026-07-30 08:00:00.000,-9.3e-07,0.06975046,Regular
DOGEUSDT,2026-07-30 16:00:00.000,8.894e-05,0.07054000,Regular
DOGEUSDT,2026-07-31 00:00:00.003,7.61e-05,0.07055433,Regular
DOGEUSDT,2026-07-31 08:00:00.000,-4.701e-05,0.07000102,Regular
DOGEUSDT,2026-07-31 16:00:00.000,2.029e-05,0.06900456,Regular
DOGEUSDT,2026-08-01 00:00:00.001,4.982e-05,0.06957347,Regular
DOGEUSDT,2026-08-01 08:00:00.000,7.813e-05,0.06984077,Regular
DOGEUSDT,2026-08-01 16:00:00.000,0.0001,0.07009000,Regular
DOGEUSDT,2026-08-02 00:00:00.000,-6.625e-05,0.06910000,Regular
DOGEUSDT,2026-08-02 08:00:00.000,0.0001,0.07039000,Regular
DOGEUSDT,2026-08-02 16:00:00.000,0.0001,0.07028000,Regular
DOGEUSDT,2026-08-03 00:00:00.000,0.0001,0.07078322,Regular
DOGEUSDT,2026-08-03 08:00:00.000,2.717e-05,0.06924498,Regular
DOGEUSDT,2026-08-03 16:00:00.000,1.662e-05,0.07046737,Regular
DOGEUSDT,2026-08-04 00:00:00.004,0.0001,0.07020000,Regular
DOGEUSDT,2026-08-04 08:00:00.002,8.428e-05,0.07025000,Regular
DOGEUSDT,2026-08-04 16:00:00.000,0.0001,0.07021815,Regular
DOGEUSDT,2026-08-05 00:00:00.003,0.0001,0.07003241,Regular
DOGEUSDT,2026-08-05 08:00:00.004,2.573e-05,0.06982000,Regular
DOGEUSDT,2026-08-05 16:00:00.000,1.772e-05,0.06966000,Regular
DOGEUSDT,2026-08-06 00:00:00.002,8.119e-05,0.07000438,Regular
DOGEUSDT,2026-08-06 08:00:00.000,-2.49e-06,0.06977179,Regular
DOGEUSDT,2026-08-06 16:00:00.000,-7.279e-05,0.06899000,Regular
DOGEUSDT,2026-08-07 00:00:00.000,-9.48e-06,0.06906000,Regular
DOGEUSDT,2026-08-07 08:00:00.000,8.367e-05,0.06927000,Regular
DOGEUSDT,2026-08-07 16:00:00.000,0.0001,0.06992000,Regular
DOGEUSDT,2026-08-08 00:00:00.001,4.985e-05,0.06961000,Regular
DOGEUSDT,2026-08-08 08:00:00.000,9.25e-05,0.07022000,Regular
DOGEUSDT,2026-08-08 16:00:00.002,0.0001,0.07114000,Regular
DOGEUSDT,2026-08-09 00:00:00.000,0.0001,0.07040749,Regular
DOGEUSDT,2026-08-09 08:00:00.005,4.33e-05,0.07011869,Regular
DOGEUSDT,2026-08-09 16:00:00.000,0.0001,0.07067000,Regular
DOGEUSDT,2026-08-10 00:00:00.001,0.0001,0.06929680,Regular
DOGEUSDT,2026-08-10 08:00:00.005,5.562e-05,0.06999338,Regular
DOGEUSDT,2026-08-10 16:00:00.000,6.492e-05,0.06963228,Regular
DOGEUSDT,2026-08-11 00:00:00.000,0.0001,0.06966096,Regular
DOGEUSDT,2026-08-11 08:00:00.006,0.0001,0.07010000,Regular
DOGEUSDT,2026-08-11 16:00:00.000,0.0001,0.07057972,Regular
DOGEUSDT,2026-08-12 00:00:00.001,0.0001,0.07187000,Regular
DOGEUSDT,2026-08-12 08:00:00.000,0.0001,0.07168000,Regular
DOGEUSDT,2026-08-12 16:00:00.000,1.312e-05,0.07080092,Regular
DOGEUSDT,2026-08-13 00:00:00.000,-3.543e-05,0.06966000,Regular
DOGEUSDT,2026-08-13 08:00:00.000,7.15e-05,0.07054426,Regular
DOGEUSDT,2026-08-13 16:00:00.000,2.764e-05,0.06968521,Regular
DOGEUSDT,2026-08-14 00:00:00.000,4.707e-05,0.07014780,Regular
DOGEUSDT,2026-08-14 08:00:00.001,-4.61e-06,0.06964565,Regular
DOGEUSDT,2026-08-14 16:00:00.001,4.962e-05,0.06987143,Regular
DOGEUSDT,2026-08-15 00:00:00.003,0.0001,0.07005000,Regular
DOGEUSDT,2026-08-15 08:00:00.002,4.654e-05,0.07003000,Regular
DOGEUSDT,2026-08-15 16:00:00.000,8.893e-05,0.07003558,Regular
DOGEUSDT,2026-08-16 00:00:00.000,1.94e-05,0.06958000,Regular
DOGEUSDT,2026-08-16 08:00:00.002,6.131e-05,0.06987089,Regular
DOGEUSDT,2026-08-16 16:00:00.000,0.0001,0.07002235,Regular
DOGEUSDT,2026-08-17 00:00:00.001,-2.485e-05,0.06956000,Regular
DOGEUSDT,2026-08-17 08:00:00.003,0.0001,0.07028820,Regular
DOGEUSDT,2026-08-17 16:00:00.005,0.0001,0.07048000,Regular
DOGEUSDT,2026-08-18 00:00:00.006,6.074e-05,0.07037000,Regular
DOGEUSDT,2026-08-18 08:00:00.001,-5.95e-06,0.06984411,Regular
DOGEUSDT,2026-08-18 16:00:00.003,5.592e-05,0.07029000,Regular
DOGEUSDT,2026-08-19 00:00:00.000,4.191e-05,0.07023000,Regular
DOGEUSDT,2026-08-19 08:00:00.000,1.883e-05,0.06990710,Regular
DOGEUSDT,2026-08-19 16:00:00.004,0.0001,0.07249000,Regular
DOGEUSDT,2026-08-20 00:00:00.001,0.0001,0.07504195,Regular
DOGEUSDT,2026-08-20 08:00:00.000,0.0001,0.07530122,Regular
DOGEUSDT,2026-08-20 16:00:00.005,0.0001,0.08021508,Regular
DOGEUSDT,2026-08-21 00:00:00.004,0.0001,0.08044700,Regular
DOGEUSDT,2026-08-21 08:00:00.000,0.0001,0.08345000,Regular
DOGEUSDT,2026-08-21 16:00:00.001,0.0001,0.08380564,Regular
DOGEUSDT,2026-08-22 00:00:00.000,0.0001,0.09157000,Regular
DOGEUSDT,2026-08-22 08:00:00.000,0.0001,0.09306000,Regular
DOGEUSDT,2026-08-22 16:00:00.000,0.0001,0.09033818,Regular
DOGEUSDT,2026-08-23 00:00:00.000,0.0001,0.09188493,Regular
DOGEUSDT,2026-08-23 08:00:00.000,0.0001,0.09031267,Regular
DOGEUSDT,2026-08-23 16:00:00.006,0.0001,0.09244333,Regular
DOGEUSDT,2026-08-24 00:00:00.001,0.0001,0.09341146,Regular
DOGEUSDT,2026-08-24 08:00:00.002,0.0001,0.09137000,Regular
DOGEUSDT,2026-08-24 16:00:00.000,0.0001,0.09123954,Regular
DOGEUSDT,2026-08-25 00:00:00.001,0.0001,0.09010000,Regular
DOGEUSDT,2026-08-25 08:00:00.000,0.0001,0.09080662,Regular
DOGEUSDT,2026-08-25 16:00:00.005,0.0001,0.08917827,Regular
DOGEUSDT,2026-08-26 00:00:00.000,0.0001,0.08568000,Regular
DOGEUSDT,2026-08-26 08:00:00.005,0.0001,0.08660303,Regular
DOGEUSDT,2026-08-26 16:00:00.000,0.0001,0.08448257,Regular
DOGEUSDT,2026-08-27 00:00:00.000,0.0001,0.08764582,Regular
DOGEUSDT,2026-08-27 08:00:00.000,0.0001,0.08710675,Regular
DOGEUSDT,2026-08-27 16:00:00.013,6.949e-05,0.08865000,Regular
DOGEUSDT,2026-08-28 00:00:00.026,5.056e-05,0.08910000,Regular
DOGEUSDT,2026-08-28 08:00:00.000,5.664e-05,0.08748011,Regular
DOGEUSDT,2026-08-28 16:00:00.001,4.78e-06,0.08585000,Regular
DOGEUSDT,2026-08-29 00:00:00.000,5.062e-05,0.08522000,Regular
DOGEUSDT,2026-08-29 08:00:00.000,5.73e-05,0.08440027,Regular
DOGEUSDT,2026-08-29 16:00:00.002,6.018e-05,0.08512000,Regular
DOGEUSDT,2026-08-30 00:00:00.000,5.456e-05,0.08524657,Regular
DOGEUSDT,2026-08-30 08:00:00.000,3.858e-05,0.08458980,Regular
DOGEUSDT,2026-08-30 16:00:00.001,4.192e-05,0.08533000,Regular
DOGEUSDT,2026-08-31 00:00:00.002,9.94e-06,0.08200680,Regular
DOGEUSDT,2026-08-31 08:00:00.002,5.141e-05,0.08269000,Regular
DOGEUSDT,2026-08-31 16:00:00.001,8.336e-05,0.08279000,Regular
DOGEUSDT,2026-09-01 00:00:00.005,0.0001,0.08281750,Regular
DOGEUSDT,2026-09-01 08:00:00.000,5.065e-05,0.08333746,Regular
DOGEUSDT,2026-09-01 16:00:00.000,0.0001,0.08267000,Regular
DOGEUSDT,2026-09-02 00:00:00.000,8.36e-05,0.08164000,Regular
DOGEUSDT,2026-09-02 08:00:00.001,0.0001,0.08164000,Regular
DOGEUSDT,2026-09-02 16:00:00.005,9.669e-05,0.08163000,Regular
DOGEUSDT,2026-09-03 00:00:00.000,0.0001,0.08172719,Regular
DOGEUSDT,2026-09-03 08:00:00.000,7.59e-05,0.08286000,Regular
DOGEUSDT,2026-09-03 16:00:00.000,0.0001,0.08922000,Regular
DOGEUSDT,2026-09-04 00:00:00.000,0.0001,0.08780475,Regular
DOGEUSDT,2026-09-04 08:00:00.000,0.0001,0.08698947,Regular
DOGEUSDT,2026-09-04 16:00:00.009,5.403e-05,0.08436724,Regular
DOGEUSDT,2026-09-05 00:00:00.000,2.405e-05,0.08475000,Regular
DOGEUSDT,2026-09-05 08:00:00.000,0.0001,0.08576000,Regular
DOGEUSDT,2026-09-05 16:00:00.001,0.0001,0.08757000,Regular
DOGEUSDT,2026-09-06 00:00:00.000,0.0001,0.08963975,Regular
DOGEUSDT,2026-09-06 08:00:00.000,0.0001,0.09082265,Regular
DOGEUSDT,2026-09-06 16:00:00.004,8.146e-05,0.08893262,Regular
DOGEUSDT,2026-09-07 00:00:00.004,7.374e-05,0.09087484,Regular
DOGEUSDT,2026-09-07 08:00:00.000,0.0001,0.08936000,Regular
DOGEUSDT,2026-09-07 16:00:00.003,9.564e-05,0.08892000,Regular
DOGEUSDT,2026-09-08 00:00:00.004,5.611e-05,0.09046000,Regular
DOGEUSDT,2026-09-08 08:00:00.002,2.121e-05,0.08926000,Regular
DOGEUSDT,2026-09-08 16:00:00.001,8.837e-05,0.09061000,Regular
DOGEUSDT,2026-09-09 00:00:00.005,0.0001,0.09001000,Regular
DOGEUSDT,2026-09-09 08:00:00.004,9.227e-05,0.09084000,Regular
DOGEUSDT,2026-09-09 16:00:00.002,-1.205e-05,0.08888000,Regular
DOGEUSDT,2026-09-10 00:00:00.000,-4.654e-05,0.08611114,Regular
DOGEUSDT,2026-09-10 08:00:00.007,2.038e-05,0.08531111,Regular
DOGEUSDT,2026-09-10 16:00:00.002,4.9e-06,0.08368000,Regular
DOGEUSDT,2026-09-11 00:00:00.008,3.605e-05,0.08287167,Regular
DOGEUSDT,2026-09-11 08:00:00.000,2.45e-06,0.08377000,Regular
DOGEUSDT,2026-09-11 16:00:00.000,5.697e-05,0.08495000,Regular
DOGEUSDT,2026-09-12 00:00:00.001,3.176e-05,0.08426410,Regular
DOGEUSDT,2026-09-12 08:00:00.003,6.355e-05,0.08472000,Regular
DOGEUSDT,2026-09-12 16:00:00.000,0.0001,0.08507185,Regular
DOGEUSDT,2026-09-13 00:00:00.002,3.662e-05,0.08479000,Regular
DOGEUSDT,2026-09-13 08:00:00.000,2.152e-05,0.08413018,Regular
