symbol,fundingTime,fundingRate,markPrice,rateType
ETHUSDT,2023-09-14 16:00:00.000,-5.6e-06,,Regular
ETHUSDT,2023-09-15 00:00:00.000,7.26e-06,,Regular
ETHUSDT,2023-09-15 08:00:00.000,-2.473e-05,,Regular
ETHUSDT,2023-09-15 16:00:00.000,3.877e-05,,Regular
ETHUSDT,2023-09-16 00:00:00.000,0.0001,,Regular
ETHUSDT,2023-09-16 08:00:00.000,9.3e-06,,Regular
ETHUSDT,2023-09-16 16:00:00.000,2.24e-06,,Regular
ETHUSDT,2023-09-17 00:00:00.000,2.272e-05,,Regular
ETHUSDT,2023-09-17 08:00:00.000,-9.41e-06,,Regular
ETHUSDT,2023-09-17 16:00:00.000,4.182e-05,,Regular
ETHUSDT,2023-09-18 00:00:00.000,6.22e-06,,Regular
ETHUSDT,2023-09-18 08:00:00.000,1.365e-05,,Regular
ETHUSDT,2023-09-18 16:00:00.000,2.976e-05,,Regular
ETHUSDT,2023-09-19 00:00:00.000,-1.298e-05,,Regular
ETHUSDT,2023-09-19 08:00:00.001,-1.248e-05,,Regular
ETHUSDT,2023-09-19 16:00:00.000,1.153e-05,,Regular
ETHUSDT,2023-09-20 00:00:00.000,4.614e-05,,Regular
ETHUSDT,2023-09-20 08:00:00.000,2.387e-05,,Regular
ETHUSDT,2023-09-20 16:00:00.000,2.909e-05,,Regular
ETHUSDT,2023-09-21 00:00:00.001,3.804e-05,,Regular
ETHUSDT,2023-09-21 08:00:00.000,7.655e-05,,Regular
ETHUSDT,2023-09-21 16:00:00.000,-6.38e-06,,Regular
ETHUSDT,2023-09-22 00:00:00.000,2.241e-05,,Regular
ETHUSDT,2023-09-22 08:00:00.000,2.865e-05,,Regular
ETHUSDT,2023-09-22 16:00:00.000,3.523e-05,,Regular
ETHUSDT,2023-09-23 00:00:00.000,2.817e-05,,Regular
ETHUSDT,2023-09-23 08:00:00.000,2.963e-05,,Regular
ETHUSDT,2023-09-23 16:00:00.000,2.321e-05,,Regular
ETHUSDT,2023-09-24 00:00:00.000,2.991e-05,,Regular
ETHUSDT,2023-09-24 08:00:00.000,-5.58e-06,,Regular
ETHUSDT,2023-09-24 16:00:00.000,4.671e-05,,Regular
ETHUSDT,2023-09-25 00:00:00.000,2.857e-05,,Regular
ETHUSDT,2023-09-25 08:00:00.000,4.305e-05,,Regular
ETHUSDT,2023-09-25 16:00:00.000,5.13e-05,,Regular
ETHUSDT,2023-09-26 00:00:00.000,6.471e-05,,Regular
ETHUSDT,2023-09-26 08:00:00.000,1.558e-05,,Regular
ETHUSDT,2023-09-26 16:00:00.000,5.673e-05,,Regular
ETHUSDT,2023-09-27 00:00:00.000,0.0001,,Regular
ETHUSDT,2023-09-27 08:00:00.001,6.67e-06,,Regular
ETHUSDT,2023-09-27 16:00:00.000,4.982e-05,,Regular
ETHUSDT,2023-09-28 00:00:00.000,8.17e-06,,Regular
ETHUSDT,2023-09-28 08:00:00.000,4.301e-05,,Regular
ETHUSDT,2023-09-28 16:00:00.000,2.239e-05,,Regular
ETHUSDT,2023-09-29 00:00:00.000,-3.93e-06,,Regular
ETHUSDT,2023-09-29 08:00:00.000,4.429e-05,,Regular
ETHUSDT,2023-09-29 16:00:00.000,1.2e-07,,Regular
ETHUSDT,2023-09-30 00:00:00.000,9.07e-06,,Regular
ETHUSDT,2023-09-30 08:00:00.000,-2.413e-05,,Regular
ETHUSDT,2023-09-30 16:00:00.000,1.168e-05,,Regular
ETHUSDT,2023-10-01 00:00:00.000,-1.276e-05,,Regular
ETHUSDT,2023-10-01 08:00:00.000,8.22e-06,,Regular
ETHUSDT,2023-10-01 16:00:00.000,3.599e-05,,Regular
ETHUSDT,2023-10-02 00:00:00.000,0.0001,,Regular
ETHUSDT,2023-10-02 08:00:00.000,6.308e-05,,Regular
ETHUSDT,2023-10-02 16:00:00.000,6.372e-05,,Regular
ETHUSDT,2023-10-03 00:00:00.000,3.9e-07,,Regular
ETHUSDT,2023-10-03 08:00:00.000,1.728e-05,,Regular
ETHUSDT,2023-10-03 16:00:00.000,7.087e-05,,Regular
ETHUSDT,2023-10-04 00:00:00.000,4.62e-05,,Regular
ETHUSDT,2023-10-04 08:00:00.000,7.38e-06,,Regular
ETHUSDT,2023-10-04 16:00:00.000,2.618e-05,,Regular
ETHUSDT,2023-10-05 00:00:00.000,2.065e-05,,Regular
ETHUSDT,2023-10-05 08:00:00.000,2.685e-05,,Regular
ETHUSDT,2023-10-05 16:00:00.001,2.072e-05,,Regular
ETHUSDT,2023-10-06 00:00:00.000,0.0001,,Regular
ETHUSDT,2023-10-06 08:00:00.000,8.473e-05,,Regular
ETHUSDT,2023-10-06 16:00:00.000,5.905e-05,,Regular
ETHUSDT,2023-10-07 00:00:00.000,8.468e-05,,Regular
ETHUSDT,2023-10-07 08:00:00.000,3.736e-05,,Regular
ETHUSDT,2023-10-07 16:00:00.000,3.615e-05,,Regular
ETHUSDT,2023-10-08 00:00:00.000,9.048e-05,,Regular
ETHUSDT,2023-10-08 08:00:00.001,9.246e-05,,Regular
ETHUSDT,2023-10-08 16:00:00.000,9.791e-05,,Regular
ETHUSDT,2023-10-09 00:00:00.000,0.0001,,Regular
ETHUSDT,2023-10-09 08:00:00.000,6.572e-05,,Regular
ETHUSDT,2023-10-09 16:00:00.000,3.935e-05,,Regular
ETHUSDT,2023-10-10 00:00:00.000,6.268e-05,,Regular
ETHUSDT,2023-10-10 08:00:00.000,8.857e-05,,Regular
ETHUSDT,2023-10-10 16:00:00.000,5.511e-05,,Regular
ETHUSDT,2023-10-11 00:00:00.000,2.257e-05,,Regular
ETHUSDT,2023-10-11 08:00:00.000,5.392e-05,,Regular
ETHUSDT,2023-10-11 16:00:00.000,4.725e-05,,Regular
ETHUSDT,2023-10-12 00:00:00.000,4.026e-05,,Regular
ETHUSDT,2023-10-12 08:00:00.000,2.69e-05,,Regular
ETHUSDT,2023-10-12 16:00:00.000,7.112e-05,,Regular
ETHUSDT,2023-10-13 00:00:00.000,3.69e-05,,Regular
ETHUSDT,2023-10-13 08:00:00.000,3.476e-05,,Regular
ETHUSDT,2023-10-13 16:00:00.000,2.693e-05,,Regular
ETHUSDT,2023-10-14 00:00:00.000,1.068e-05,,Regular
ETHUSDT,2023-10-14 08:00:00.000,3.108e-05,,Regular
ETHUSDT,2023-10-14 16:00:00.000,6.65e-05,,Regular
ETHUSDT,2023-10-15 00:00:00.000,7.083e-05,,Regular
ETHUSDT,2023-10-15 08:00:00.000,5.253e-05,,Regular
ETHUSDT,2023-10-15 16:00:00.000,2.062e-05,,Regular
ETHUSDT,2023-10-16 00:00:00.000,5.18e-05,,Regular
ETHUSDT,2023-10-16 08:00:00.000,4.393e-05,,Regular
ETHUSDT,2023-10-16 16:00:00.000,8.412e-05,,Regular
ETHUSDT,2023-10-17 00:00:00.000,1.957e-05,,Regular
ETHUSDT,2023-10-17 08:00:00.000,2.557e-05,,Regular
ETHUSDT,2023-10-17 16:00:00.000,6.742e-05,,Regular
ETHUSDT,2023-10-18 00:00:00.000,5.947e-05,,Regular
ETHUSDT,2023-10-18 08:00:00.000,1.385e-05,,Regular
ETHUSDT,2023-10-18 16:00:00.000,6.495e-05,,Regular
ETHUSDT,2023-10-19 00:00:00.000,4.251e-05,,Regular
ETHUSDT,2023-10-19 08:00:00.001,2.988e-05,,Regular
ETHUSDT,2023-10-19 16:00:00.000,5.842e-05,,Regular
ETHUSDT,2023-10-20 00:00:00.000,3.868e-05,,Regular
ETHUSDT,2023-10-20 08:00:00.005,5.912e-05,,Regular
ETHUSDT,2023-10-20 16:00:00.000,7.072e-05,,Regular
ETHUSDT,2023-10-21 00:00:00.000,4.902e-05,,Regular
ETHUSDT,2023-10-21 08:00:00.000,1.735e-05,,Regular
ETHUSDT,2023-10-21 16:00:00.000,3.771e-05,,Regular
ETHUSDT,2023-10-22 00:00:00.000,7.554e-05,,Regular
ETHUSDT,2023-10-22 08:00:00.000,2.649e-05,,Regular
ETHUSDT,2023-10-22 16:00:00.000,6.03e-06,,Regular
ETHUSDT,2023-10-23 00:00:00.000,9.262e-05,,Regular
ETHUSDT,2023-10-23 08:00:00.001,1.593e-05,,Regular
ETHUSDT,2023-10-23 16:00:00.001,1.883e-05,,Regular
ETHUSDT,2023-10-24 00:00:00.000,0.0001,,Regular
ETHUSDT,2023-10-24 08:00:00.000,0.0001,,Regular
ETHUSDT,2023-10-24 16:00:00.000,0.0001,,Regular
ETHUSDT,2023-10-25 00:00:00.000,0.0001,,Regular
ETHUSDT,2023-10-25 08:00:00.000,0.0001,,Regular
ETHUSDT,2023-10-25 16:00:00.001,0.0001,,Regular
ETHUSDT,2023-10-26 00:00:00.001,0.0001,,Regular
ETHUSDT,2023-10-26 08:00:00.000,0.0001,,Regular
ETHUSDT,2023-10-26 16:00:00.000,0.0001,,Regular
ETHUSDT,2023-10-27 00:00:00.000,0.0001,,Regular
ETHUSDT,2023-10-27 08:00:00.000,0.0001,,Regular
ETHUSDT,2023-10-27 16:00:00.000,0.0001,,Regular
ETHUSDT,2023-10-28 00:00:00.000,0.0001,,Regular
ETHUSDT,2023-10-28 08:00:00.001,0.0001,,Regular
ETHUSDT,2023-10-28 16:00:00.000,0.0001,,Regular
ETHUSDT,2023-10-29 00:00:00.000,0.0001,,Regular
ETHUSDT,2023-10-29 08:00:00.000,0.0001,,Regular
ETHUSDT,2023-10-29 16:00:00.000,0.0001,,Regular
ETHUSDT,2023-10-30 00:00:00.000,0.0001,,Regular
ETHUSDT,2023-10-30 08:00:00.000,0.0001,,Regular
ETHUSDT,2023-10-30 16:00:00.000,0.0001,,Regular
ETHUSDT,2023-10-31 00:00:00.001,0.0001,,Regular
ETHUSDT,2023-10-31 08:00:00.000,0.0001,1791.03990329,Regular
ETHUSDT,2023-10-31 16:00:00.000,0.0001,1792.26000000,Regular
ETHUSDT,2023-11-01 00:00:00.000,0.0001,1815.68000000,Regular
ETHUSDT,2023-11-01 08:00:00.000,0.0001,1805.10087255,Regular
ETHUSDT,2023-11-01 16:00:00.000,0.0001,1792.96543725,Regular
ETHUSDT,2023-11-02 00:00:00.001,0.00026784,1848.05576938,Regular
ETHUSDT,2023-11-02 08:00:00.000,0.00020558,1836.13000000,Regular
ETHUSDT,2023-11-02 16:00:00.000,0.0001,1803.52000000,Regular
ETHUSDT,2023-11-03 00:00:00.000,0.0001,1800.57006471,Regular
ETHUSDT,2023-11-03 08:00:00.000,0.0001,1798.73000000,Regular
ETHUSDT,2023-11-03 16:00:00.000,0.0001,1812.01000000,Regular
ETHUSDT,2023-11-04 00:00:00.000,0.0001,1832.47692308,Regular
ETHUSDT,2023-11-04 08:00:00.000,0.0001,1833.60480143,Regular
ETHUSDT,2023-11-04 16:00:00.000,0.0001,1831.73655251,Regular
ETHUSDT,2023-11-05 00:00:00.000,0.0001,1856.08000000,Regular
ETHUSDT,2023-11-05 08:00:00.000,0.0001,1885.79966078,Regular
ETHUSDT,2023-11-05 16:00:00.000,0.0001,1874.83000000,Regular
ETHUSDT,2023-11-06 00:00:00.000,0.0001,1892.49000000,Regular
ETHUSDT,2023-11-06 08:00:00.001,0.0001,1878.96193263,Regular
ETHUSDT,2023-11-06 16:00:00.000,0.0001,1901.59677255,Regular
ETHUSDT,2023-11-07 00:00:00.001,0.0001,1901.42825373,Regular
ETHUSDT,2023-11-07 08:00:00.000,0.0001,1892.59000000,Regular
ETHUSDT,2023-11-07 16:00:00.000,0.0001,1863.48078903,Regular
ETHUSDT,2023-11-08 00:00:00.000,0.0001,1885.79000000,Regular
ETHUSDT,2023-11-08 08:00:00.000,0.0001,1875.34123516,Regular
ETHUSDT,2023-11-08 16:00:00.000,0.0001,1889.62000000,Regular
ETHUSDT,2023-11-09 00:00:00.000,0.0001,1888.71000000,Regular
ETHUSDT,2023-11-09 08:00:00.000,0.0001,1912.43154852,Regular
ETHUSDT,2023-11-09 16:00:00.000,0.00071131,2039.55000000,Regular
ETHUSDT,2023-11-10 00:00:00.000,0.00027525,2122.68432489,Regular
ETHUSDT,2023-11-10 08:00:00.000,0.00041432,2104.63937900,Regular
ETHUSDT,2023-11-10 16:00:00.000,0.00012656,2090.93946624,Regular
ETHUSDT,2023-11-11 00:00:00.000,0.00013604,2078.96735970,Regular
ETHUSDT,2023-11-11 08:00:00.000,0.00013371,2056.40684932,Regular
ETHUSDT,2023-11-11 16:00:00.000,0.00027449,2069.30000000,Regular
ETHUSDT,2023-11-12 00:00:00.000,0.00016325,2054.53000000,Regular
ETHUSDT,2023-11-12 08:00:00.000,0.0001,2058.90000000,Regular
ETHUSDT,2023-11-12 16:00:00.001,0.00024299,2058.36000000,Regular
ETHUSDT,2023-11-13 00:00:00.000,0.0003299,2046.01099578,Regular
ETHUSDT,2023-11-13 08:00:00.000,0.00022787,2049.37000000,Regular
ETHUSDT,2023-11-13 16:00:00.000,0.00022833,2106.88000000,Regular
ETHUSDT,2023-11-14 00:00:00.000,0.00018828,2054.99000000,Regular
ETHUSDT,2023-11-14 08:00:00.000,0.00013623,2061.59000000,Regular
ETHUSDT,2023-11-14 16:00:00.001,0.0001,2039.18813291,Regular
ETHUSDT,2023-11-15 00:00:00.000,0.0001,1979.75289030,Regular
ETHUSDT,2023-11-15 08:00:00.000,0.0001,1983.98000000,Regular
ETHUSDT,2023-11-15 16:00:00.000,0.0001,2022.15000000,Regular
ETHUSDT,2023-11-16 00:00:00.000,0.0001,2059.29000000,Regular
ETHUSDT,2023-11-16 08:00:00.000,0.0001,2054.31647619,Regular
ETHUSDT,2023-11-16 16:00:00.001,0.0001,1995.83000000,Regular
ETHUSDT,2023-11-17 00:00:00.000,0.0001,1962.07922344,Regular
ETHUSDT,2023-11-17 08:00:00.001,0.0001,1970.53057875,Regular
ETHUSDT,2023-11-17 16:00:00.001,0.0001,1918.85260256,Regular
ETHUSDT,2023-11-18 00:00:00.000,0.0001,1961.21000000,Regular
ETHUSDT,2023-11-18 08:00:00.000,0.0001,1936.47534066,Regular
ETHUSDT,2023-11-18 16:00:00.000,0.0001,1953.17340110,Regular
ETHUSDT,2023-11-19 00:00:00.000,0.0001,1963.03469597,Regular
ETHUSDT,2023-11-19 08:00:00.000,0.0001,1961.94580495,Regular
ETHUSDT,2023-11-19 16:00:00.000,0.0001,1966.83244139,Regular
ETHUSDT,2023-11-20 00:00:00.000,0.0001,2012.36017033,Regular
ETHUSDT,2023-11-20 08:00:00.000,0.0001,2019.69000000,Regular
ETHUSDT,2023-11-20 16:00:00.000,0.0001,2043.11663287,Regular
ETHUSDT,2023-11-21 00:00:00.000,0.0001,2022.53000000,Regular
ETHUSDT,2023-11-21 08:00:00.000,0.0001,2004.84465211,Regular
ETHUSDT,2023-11-21 16:00:00.000,0.0001,1988.95889744,Regular
ETHUSDT,2023-11-22 00:00:00.000,0.0001,1933.53839927,Regular
ETHUSDT,2023-11-22 08:00:00.000,0.0001,1993.97000000,Regular
ETHUSDT,2023-11-22 16:00:00.000,0.0001,2033.87000000,Regular
ETHUSDT,2023-11-23 00:00:00.000,0.0001,2063.90136264,Regular
ETHUSDT,2023-11-23 08:00:00.000,0.0001,2066.50000000,Regular
ETHUSDT,2023-11-23 16:00:00.001,0.0001,2042.49000000,Regular
ETHUSDT,2023-11-24 00:00:00.000,0.0001,2062.58464103,Regular
ETHUSDT,2023-11-24 08:00:00.000,0.0001,2080.50000000,Regular
ETHUSDT,2023-11-24 16:00:00.000,0.0001,2117.44002930,Regular
ETHUSDT,2023-11-25 00:00:00.000,0.0001,2081.11207013,Regular
ETHUSDT,2023-11-25 08:00:00.000,0.0001,2088.47000000,Regular
ETHUSDT,2023-11-25 16:00:00.000,0.0001,2078.00000000,Regular
ETHUSDT,2023-11-26 00:00:00.000,0.0001,2083.02988828,Regular
ETHUSDT,2023-11-26 08:00:00.000,0.0001,2089.19000000,Regular
ETHUSDT,2023-11-26 16:00:00.000,0.0001,2064.80736264,Regular
ETHUSDT,2023-11-27 00:00:00.000,0.0001,2061.97000000,Regular
ETHUSDT,2023-11-27 08:00:00.001,0.0001,2045.17966117,Regular
ETHUSDT,2023-11-27 16:00:00.000,0.0001,2002.77000000,Regular
ETHUSDT,2023-11-28 00:00:00.000,0.0001,2027.48098901,Regular
ETHUSDT,2023-11-28 08:00:00.000,0.0001,2014.43367582,Regular
ETHUSDT,2023-11-28 16:00:00.000,0.0001,2036.30000000,Regular
ETHUSDT,2023-11-29 00:00:00.001,0.0001,2048.20000000,Regular
ETHUSDT,2023-11-29 08:00:00.000,0.0001,2057.29296703,Regular
ETHUSDT,2023-11-29 16:00:00.000,0.0001,2031.31000000,Regular
ETHUSDT,2023-11-30 00:00:00.000,0.0001,2028.57204924,Regular
ETHUSDT,2023-11-30 08:00:00.000,0.0001,2035.52000000,Regular
ETHUSDT,2023-11-30 16:00:00.000,0.0001,2032.90660985,Regular
ETHUSDT,2023-12-01 00:00:00.000,0.0001,2051.77000000,Regular
ETHUSDT,2023-12-01 08:00:00.000,0.0001,2092.78875379,Regular
ETHUSDT,2023-12-01 16:00:00.000,0.0001,2079.57779167,Regular
ETHUSDT,2023-12-02 00:00:00.000,0.0001,2087.12103030,Regular
ETHUSDT,2023-12-02 08:00:00.000,0.0001,2095.65000000,Regular
ETHUSDT,2023-12-02 16:00:00.000,0.0001,2103.75000000,Regular
ETHUSDT,2023-12-03 00:00:00.000,0.0001,2165.35966872,Regular
ETHUSDT,2023-12-03 08:00:00.000,0.0001,2164.73536364,Regular
ETHUSDT,2023-12-03 16:00:00.000,0.0001,2160.35000000,Regular
ETHUSDT,2023-12-04 00:00:00.000,0.0001,2193.25000000,Regular
ETHUSDT,2023-12-04 08:00:00.000,0.0001,2247.34961789,Regular
ETHUSDT,2023-12-04 16:00:00.000,0.0001,2212.15000000,Regular
ETHUSDT,2023-12-05 00:00:00.000,0.0001,2243.60849242,Regular
ETHUSDT,2023-12-05 08:00:00.000,0.0001,2200.19000000,Regular
ETHUSDT,2023-12-05 16:00:00.000,0.0001,2228.84545455,Regular
ETHUSDT,2023-12-06 00:00:00.000,0.0001,2293.72126894,Regular
ETHUSDT,2023-12-06 08:00:00.000,0.0001,2266.40000000,Regular
ETHUSDT,2023-12-06 16:00:00.000,0.0001,2252.84000000,Regular
ETHUSDT,2023-12-07 00:00:00.000,0.0001,2233.16621970,Regular
ETHUSDT,2023-12-07 08:00:00.000,0.0001,2261.96000000,Regular
ETHUSDT,2023-12-07 16:00:00.000,0.0001,2322.41451515,Regular
ETHUSDT,2023-12-08 00:00:00.000,0.00022693,2357.04000000,Regular
ETHUSDT,2023-12-08 08:00:00.000,0.00012399,2354.37000000,Regular
ETHUSDT,2023-12-08 16:00:00.000,0.00010417,2347.44000000,Regular
ETHUSDT,2023-12-09 00:00:00.000,0.00022528,2360.37334848,Regular
ETHUSDT,2023-12-09 08:00:00.000,0.00031293,2385.42000000,Regular
ETHUSDT,2023-12-09 16:00:00.000,0.00033485,2364.32306626,Regular
ETHUSDT,2023-12-10 00:00:00.000,0.00016658,2342.21000000,Regular
ETHUSDT,2023-12-10 08:00:00.000,0.00015944,2355.49000000,Regular
ETHUSDT,2023-12-10 16:00:00.000,0.00022842,2353.53000000,Regular
ETHUSDT,2023-12-11 00:00:00.000,0.00024112,2353.81954878,Regular
ETHUSDT,2023-12-11 08:00:00.000,0.0001,2237.15000000,Regular
ETHUSDT,2023-12-11 16:00:00.000,0.0001,2220.05000000,Regular
ETHUSDT,2023-12-12 00:00:00.000,0.0001,2225.56000000,Regular
ETHUSDT,2023-12-12 08:00:00.000,0.0001,2233.91000000,Regular
ETHUSDT,2023-12-12 16:00:00.000,0.0001,2194.72817073,Regular
ETHUSDT,2023-12-13 00:00:00.000,0.00012813,2204.45285985,Regular
ETHUSDT,2023-12-13 08:00:00.000,0.00015058,2174.28468939,Regular
ETHUSDT,2023-12-13 16:00:00.001,0.00010581,2218.58796591,Regular
ETHUSDT,2023-12-14 00:00:00.000,0.0001,2261.17753030,Regular
ETHUSDT,2023-12-14 08:00:00.000,0.0001,2283.20000000,Regular
ETHUSDT,2023-12-14 16:00:00.000,0.0001,2275.96000000,Regular
ETHUSDT,2023-12-15 00:00:00.000,0.0001,2316.53000000,Regular
ETHUSDT,2023-12-15 08:00:00.000,0.0001,2272.49000000,Regular
ETHUSDT,2023-12-15 16:00:00.000,0.00010419,2232.83531818,Regular
ETHUSDT,2023-12-16 00:00:00.000,0.0001,2221.42673485,Regular
ETHUSDT,2023-12-16 08:00:00.000,0.0001,2242.50926810,Regular
ETHUSDT,2023-12-16 16:00:00.001,0.0001,2257.44000000,Regular
ETHUSDT,2023-12-17 00:00:00.000,0.0001,2229.64000000,Regular
ETHUSDT,2023-12-17 08:00:00.000,0.0001,2209.78000000,Regular
ETHUSDT,2023-12-17 16:00:00.000,0.00011402,2223.06390530,Regular
ETHUSDT,2023-12-18 00:00:00.000,0.00015083,2197.34822348,Regular
ETHUSDT,2023-12-18 08:00:00.001,0.0001,2170.05000000,Regular
ETHUSDT,2023-12-18 16:00:00.000,0.0001,2156.12584848,Regular
ETHUSDT,2023-12-19 00:00:00.000,0.0001,2220.52000000,Regular
ETHUSDT,2023-12-19 08:00:00.000,0.0001,2248.57000000,Regular
ETHUSDT,2023-12-19 16:00:00.000,0.0001,2192.86000000,Regular
ETHUSDT,2023-12-20 00:00:00.000,0.0001,2178.71327812,Regular
ETHUSDT,2023-12-20 08:00:00.000,0.0001,2217.69000000,Regular
ETHUSDT,2023-12-20 16:00:00.000,0.00023154,2248.59913636,Regular
ETHUSDT,2023-12-21 00:00:00.000,0.00026163,2203.87649002,Regular
ETHUSDT,2023-12-21 08:00:00.000,0.0002655,2216.76559091,Regular
ETHUSDT,2023-12-21 16:00:00.000,0.00042074,2234.50000000,Regular
ETHUSDT,2023-12-22 00:00:00.000,0.00044152,2241.35000000,Regular
ETHUSDT,2023-12-22 08:00:00.000,0.00043341,2275.26000000,Regular
ETHUSDT,2023-12-22 16:00:00.000,0.00051141,2321.73000000,Regular
ETHUSDT,2023-12-23 00:00:00.000,0.0001854,2326.23586742,Regular
ETHUSDT,2023-12-23 08:00:00.001,0.00012586,2284.95796970,Regular
ETHUSDT,2023-12-23 16:00:00.000,0.00017945,2286.91638696,Regular
ETHUSDT,2023-12-24 00:00:00.000,0.00013318,2310.34407935,Regular
ETHUSDT,2023-12-24 08:00:00.000,0.00021857,2296.15000000,Regular
ETHUSDT,2023-12-24 16:00:00.000,0.00019769,2294.48000000,Regular
ETHUSDT,2023-12-25 00:00:00.000,0.00013827,2265.43000000,Regular
ETHUSDT,2023-12-25 08:00:00.000,0.00021479,2282.03294697,Regular
ETHUSDT,2023-12-25 16:00:00.000,0.0004388,2288.44595833,Regular
ETHUSDT,2023-12-26 00:00:00.000,0.00050051,2273.21000000,Regular
ETHUSDT,2023-12-26 08:00:00.000,0.00029501,2242.49000000,Regular
ETHUSDT,2023-12-26 16:00:00.000,0.00036888,2230.50639015,Regular
ETHUSDT,2023-12-27 00:00:00.000,0.0003153,2232.44000000,Regular
ETHUSDT,2023-12-27 08:00:00.000,0.00040955,2230.44007562,Regular
ETHUSDT,2023-12-27 16:00:00.000,0.00049072,2344.62087879,Regular
ETHUSDT,2023-12-28 00:00:00.000,0.00027263,2380.28011742,Regular
ETHUSDT,2023-12-28 08:00:00.000,0.00057135,2383.06000000,Regular
ETHUSDT,2023-12-28 16:00:00.000,0.00049862,2360.96809848,Regular
ETHUSDT,2023-12-29 00:00:00.001,0.00044508,2345.66000000,Regular
ETHUSDT,2023-12-29 08:00:00.000,0.00049499,2334.99907197,Regular
ETHUSDT,2023-12-29 16:00:00.000,0.00047123,2328.83000000,Regular
ETHUSDT,2023-12-30 00:00:00.001,0.00027255,2300.60762699,Regular
ETHUSDT,2023-12-30 08:00:00.000,0.00031443,2297.61885247,Regular
ETHUSDT,2023-12-30 16:00:00.000,0.00026513,2314.57000000,Regular
ETHUSDT,2023-12-31 00:00:00.000,0.00021714,2293.07001515,Regular
ETHUSDT,2023-12-31 08:00:00.001,0.00027824,2296.94000000,Regular
ETHUSDT,2023-12-31 16:00:00.000,0.00031621,2300.60000000,Regular
ETHUSDT,2024-01-01 00:00:00.000,0.00027858,2283.75151515,Regular
ETHUSDT,2024-01-01 08:00:00.000,0.00031096,2286.35660167,Regular
ETHUSDT,2024-01-01 16:00:00.000,0.00043011,2316.73945076,Regular
ETHUSDT,2024-01-02 00:00:00.000,0.00053505,2354.62000000,Regular
ETHUSDT,2024-01-02 08:00:00.000,0.0005124,2387.83000000,Regular
ETHUSDT,2024-01-02 16:00:00.000,0.00063801,2359.18379545,Regular
ETHUSDT,2024-01-03 00:00:00.000,0.00028538,2356.81500379,Regular
ETHUSDT,2024-01-03 08:00:00.000,0.00024384,2362.82000000,Regular
ETHUSDT,2024-01-03 16:00:00.000,0.0001,2240.81591288,Regular
ETHUSDT,2024-01-04 00:00:00.000,0.0001,2210.33935985,Regular
ETHUSDT,2024-01-04 08:00:00.000,0.0001,2222.58849621,Regular
ETHUSDT,2024-01-04 16:00:00.000,0.0001,2277.70839015,Regular
ETHUSDT,2024-01-05 00:00:00.001,0.0001,2267.60702033,Regular
ETHUSDT,2024-01-05 08:00:00.000,0.0001,2252.67449242,Regular
ETHUSDT,2024-01-05 16:00:00.000,0.0001,2225.09448106,Regular
ETHUSDT,2024-01-06 00:00:00.000,0.0001,2268.55259756,Regular
ETHUSDT,2024-01-06 08:00:00.000,0.0001,2233.09000000,Regular
ETHUSDT,2024-01-06 16:00:00.000,0.0001,2246.27000000,Regular
ETHUSDT,2024-01-07 00:00:00.000,0.0001,2240.44394318,Regular
ETHUSDT,2024-01-07 08:00:00.001,0.0001,2248.88000000,Regular
ETHUSDT,2024-01-07 16:00:00.001,0.0001,2229.90000000,Regular
ETHUSDT,2024-01-08 00:00:00.000,0.0001,2220.87000000,Regular
ETHUSDT,2024-01-08 08:00:00.000,0.0001,2223.68509630,Regular
ETHUSDT,2024-01-08 16:00:00.000,0.0001,2269.52795076,Regular
ETHUSDT,2024-01-09 00:00:00.001,0.0001,2331.05410707,Regular
ETHUSDT,2024-01-09 08:00:00.000,0.0001,2306.09000000,Regular
ETHUSDT,2024-01-09 16:00:00.000,0.0001,2257.03263258,Regular
ETHUSDT,2024-01-10 00:00:00.000,0.0001,2344.44000000,Regular
ETHUSDT,2024-01-10 08:00:00.000,0.0001,2369.32956857,Regular
ETHUSDT,2024-01-10 16:00:00.000,0.0001,2450.23000000,Regular
ETHUSDT,2024-01-11 00:00:00.000,0.0001,2584.42903030,Regular
ETHUSDT,2024-01-11 08:00:00.000,0.0001,2589.40712879,Regular
ETHUSDT,2024-01-11 16:00:00.000,0.0001,2614.23185606,Regular
ETHUSDT,2024-01-12 00:00:00.001,0.0001,2618.59000000,Regular
ETHUSDT,2024-01-12 08:00:00.000,0.0001,2597.21351515,Regular
ETHUSDT,2024-01-12 16:00:00.000,0.0001,2648.56000000,Regular
ETHUSDT,2024-01-13 00:00:00.000,0.0001,2523.12903409,Regular
ETHUSDT,2024-01-13 08:00:00.000,0.0001,2550.91017803,Regular
ETHUSDT,2024-01-13 16:00:00.001,0.0001,2564.28000000,Regular
ETHUSDT,2024-01-14 00:00:00.000,0.0001,2578.43028788,Regular
ETHUSDT,2024-01-14 08:00:00.000,0.0001,2551.43821591,Regular
ETHUSDT,2024-01-14 16:00:00.001,0.0001,2538.17000000,Regular
ETHUSDT,2024-01-15 00:00:00.000,0.0001,2474.13000000,Regular
ETHUSDT,2024-01-15 08:00:00.000,0.0001,2514.25229167,Regular
ETHUSDT,2024-01-15 16:00:00.000,0.0001,2515.37000000,Regular
ETHUSDT,2024-01-16 00:00:00.000,0.0001,2512.20000000,Regular
ETHUSDT,2024-01-16 08:00:00.000,0.0001,2527.97039394,Regular
ETHUSDT,2024-01-16 16:00:00.001,0.0001,2559.46878409,Regular
ETHUSDT,2024-01-17 00:00:00.000,0.0001,2587.57931818,Regular
ETHUSDT,2024-01-17 08:00:00.000,0.0001,2552.39315909,Regular
ETHUSDT,2024-01-17 16:00:00.000,0.0001,2539.47984977,Regular
ETHUSDT,2024-01-18 00:00:00.001,0.0001,2530.53208712,Regular
ETHUSDT,2024-01-18 08:00:00.000,0.0001,2538.88000000,Regular
ETHUSDT,2024-01-18 16:00:00.000,0.0001,2526.12000000,Regular
ETHUSDT,2024-01-19 00:00:00.000,0.0001,2470.45503788,Regular
ETHUSDT,2024-01-19 08:00:00.000,0.0001,2465.61653409,Regular
ETHUSDT,2024-01-19 16:00:00.002,0.0001,2463.45000000,Regular
ETHUSDT,2024-01-20 00:00:00.000,0.0001,2492.21768490,Regular
ETHUSDT,2024-01-20 08:00:00.003,0.0001,2478.74349199,Regular
ETHUSDT,2024-01-20 16:00:00.000,0.0001,2464.20482955,Regular
ETHUSDT,2024-01-21 00:00:00.000,0.0001,2472.24386483,Regular
ETHUSDT,2024-01-21 08:00:00.000,0.0001,2475.83113636,Regular
ETHUSDT,2024-01-21 16:00:00.000,0.0001,2468.10000000,Regular
ETHUSDT,2024-01-22 00:00:00.000,0.0001,2456.79434848,Regular
ETHUSDT,2024-01-22 08:00:00.000,0.0001,2420.75290152,Regular
ETHUSDT,2024-01-22 16:00:00.000,0.0001,2379.05630682,Regular
ETHUSDT,2024-01-23 00:00:00.000,0.0001,2314.33000000,Regular
ETHUSDT,2024-01-23 08:00:00.000,0.0001,2323.48176136,Regular
ETHUSDT,2024-01-23 16:00:00.000,0.0001,2219.42948864,Regular
ETHUSDT,2024-01-24 00:00:00.000,0.0001,2241.92282927,Regular
ETHUSDT,2024-01-24 08:00:00.000,0.0001,2233.49910227,Regular
ETHUSDT,2024-01-24 16:00:00.000,0.0001,2234.18259630,Regular
ETHUSDT,2024-01-25 00:00:00.000,0.0001,2234.62000000,Regular
ETHUSDT,2024-01-25 08:00:00.001,0.0001,2227.10170732,Regular
ETHUSDT,2024-01-25 16:00:00.000,0.0001,2187.70160227,Regular
ETHUSDT,2024-01-26 00:00:00.001,0.0001,2218.01000000,Regular
ETHUSDT,2024-01-26 08:00:00.000,0.0001,2196.99000000,Regular
ETHUSDT,2024-01-26 16:00:00.000,0.0001,2256.71063415,Regular
ETHUSDT,2024-01-27 00:00:00.000,6.877e-05,2266.73000000,Regular
ETHUSDT,2024-01-27 08:00:00.000,0.0001,2257.79000000,Regular
ETHUSDT,2024-01-27 16:00:00.000,0.0001,2269.29000000,Regular
ETHUSDT,2024-01-28 00:00:00.000,6.557e-05,2266.99000000,Regular
ETHUSDT,2024-01-28 08:00:00.000,6.135e-05,2281.84000000,Regular
ETHUSDT,2024-01-28 16:00:00.000,8.266e-05,2269.16000000,Regular
ETHUSDT,2024-01-29 00:00:00.000,0.0001,2256.11057011,Regular
ETHUSDT,2024-01-29 08:00:00.001,0.0001,2258.42000000,Regular
ETHUSDT,2024-01-29 16:00:00.000,0.0001,2275.16400000,Regular
ETHUSDT,2024-01-30 00:00:00.000,0.0001,2316.79295076,Regular
ETHUSDT,2024-01-30 08:00:00.000,6.195e-05,2308.27000000,Regular
ETHUSDT,2024-01-30 16:00:00.001,0.0001,2340.43000000,Regular
ETHUSDT,2024-01-31 00:00:00.000,0.0001,2342.25398864,Regular
ETHUSDT,2024-01-31 08:00:00.000,0.0001,2340.24780303,Regular
ETHUSDT,2024-01-31 16:00:00.000,0.0001,2328.82088258,Regular
ETHUSDT,2024-02-01 00:00:00.000,5.527e-05,2282.15384470,Regular
ETHUSDT,2024-02-01 08:00:00.000,7.871e-05,2270.91404545,Regular
ETHUSDT,2024-02-01 16:00:00.002,0.0001,2288.28000000,Regular
ETHUSDT,2024-02-02 00:00:00.000,0.0001,2303.55129231,Regular
ETHUSDT,2024-02-02 08:00:00.000,3.678e-05,2312.60050140,Regular
ETHUSDT,2024-02-02 16:00:00.000,0.0001,2313.09896591,Regular
ETHUSDT,2024-02-03 00:00:00.000,8.15e-05,2308.21922729,Regular
ETHUSDT,2024-02-03 08:00:00.000,0.0001,2313.44000000,Regular
ETHUSDT,2024-02-03 16:00:00.001,4.476e-05,2302.83000000,Regular
ETHUSDT,2024-02-04 00:00:00.000,3.18e-05,2295.43727831,Regular
ETHUSDT,2024-02-04 08:00:00.004,9.094e-05,2289.78281160,Regular
ETHUSDT,2024-02-04 16:00:00.000,0.0001,2300.98432317,Regular
ETHUSDT,2024-02-05 00:00:00.000,0.0001,2288.76719557,Regular
ETHUSDT,2024-02-05 08:00:00.000,0.0001,2309.74000000,Regular
ETHUSDT,2024-02-05 16:00:00.000,0.0001,2297.57946970,Regular
ETHUSDT,2024-02-06 00:00:00.000,5.691e-05,2300.83000000,Regular
ETHUSDT,2024-02-06 08:00:00.001,0.0001,2326.24939394,Regular
ETHUSDT,2024-02-06 16:00:00.000,0.0001,2342.86334470,Regular
ETHUSDT,2024-02-07 00:00:00.000,7.659e-05,2371.74000000,Regular
ETHUSDT,2024-02-07 08:00:00.000,4.883e-05,2362.07000000,Regular
ETHUSDT,2024-02-07 16:00:00.000,4.309e-05,2368.69000000,Regular
ETHUSDT,2024-02-08 00:00:00.000,0.0001,2424.22000000,Regular
ETHUSDT,2024-02-08 08:00:00.000,7.523e-05,2420.32784230,Regular
ETHUSDT,2024-02-08 16:00:00.000,9.802e-05,2452.61854924,Regular
ETHUSDT,2024-02-09 00:00:00.000,7.752e-05,2418.77000000,Regular
ETHUSDT,2024-02-09 08:00:00.000,0.0001,2452.86000000,Regular
ETHUSDT,2024-02-09 16:00:00.001,0.0001,2494.26447154,Regular
ETHUSDT,2024-02-10 00:00:00.001,7.838e-05,2485.29861789,Regular
ETHUSDT,2024-02-10 08:00:00.000,9.615e-05,2494.18473171,Regular
ETHUSDT,2024-02-10 16:00:00.000,9.995e-05,2489.74925610,Regular
ETHUSDT,2024-02-11 00:00:00.000,0.0001,2499.41170383,Regular
ETHUSDT,2024-02-11 08:00:00.001,0.0001,2526.93000000,Regular
ETHUSDT,2024-02-11 16:00:00.000,4.792e-05,2507.85180174,Regular
ETHUSDT,2024-02-12 00:00:00.000,5.076e-05,2506.11000000,Regular
ETHUSDT,2024-02-12 08:00:00.000,9.971e-05,2500.90000000,Regular
ETHUSDT,2024-02-12 16:00:00.000,0.0001,2557.33000000,Regular
ETHUSDT,2024-02-13 00:00:00.000,0.0001,2660.11561382,Regular
ETHUSDT,2024-02-13 08:00:00.000,0.0001,2650.26000000,Regular
ETHUSDT,2024-02-13 16:00:00.000,0.0001,2632.47865909,Regular
ETHUSDT,2024-02-14 00:00:00.000,0.0001,2640.72000000,Regular
ETHUSDT,2024-02-14 08:00:00.000,0.0001,2653.62000000,Regular
ETHUSDT,2024-02-14 16:00:00.000,0.00013082,2750.43993939,Regular
ETHUSDT,2024-02-15 00:00:00.000,0.0001,2776.15000000,Regular
ETHUSDT,2024-02-15 08:00:00.000,0.00012136,2773.76693182,Regular
ETHUSDT,2024-02-15 16:00:00.000,0.00015412,2827.40701515,Regular
ETHUSDT,2024-02-16 00:00:00.000,0.00011125,2824.38874621,Regular
ETHUSDT,2024-02-16 08:00:00.000,0.00011597,2817.08000000,Regular
ETHUSDT,2024-02-16 16:00:00.000,0.0001,2776.94585227,Regular
ETHUSDT,2024-02-17 00:00:00.000,0.0001,2803.37953030,Regular
ETHUSDT,2024-02-17 08:00:00.000,0.0001,2797.20009091,Regular
ETHUSDT,2024-02-17 16:00:00.000,0.00013519,2756.34000000,Regular
ETHUSDT,2024-02-18 00:00:00.000,0.0001,2787.41532509,Regular
ETHUSDT,2024-02-18 08:00:00.000,0.0001114,2802.28000000,Regular
ETHUSDT,2024-02-18 16:00:00.000,0.0001,2808.47803659,Regular
ETHUSDT,2024-02-19 00:00:00.000,0.0001,2882.59928788,Regular
ETHUSDT,2024-02-19 08:00:00.000,0.0001,2927.87375379,Regular
ETHUSDT,2024-02-19 16:00:00.000,0.0001,2910.37000000,Regular
ETHUSDT,2024-02-20 00:00:00.000,0.000265,2946.80467073,Regular
ETHUSDT,2024-02-20 08:00:00.000,0.0001,2923.08121591,Regular
ETHUSDT,2024-02-20 16:00:00.000,0.00025431,2926.77094318,Regular
ETHUSDT,2024-02-21 00:00:00.000,0.00020319,3017.13858333,Regular
ETHUSDT,2024-02-21 08:00:00.000,0.00011802,2941.49182955,Regular
ETHUSDT,2024-02-21 16:00:00.000,0.0001,2915.43171212,Regular
ETHUSDT,2024-02-22 00:00:00.001,0.0001,2969.40000000,Regular
ETHUSDT,2024-02-22 08:00:00.001,0.0001,2995.60000000,Regular
ETHUSDT,2024-02-22 16:00:00.000,0.0001,2988.32000000,Regular
ETHUSDT,2024-02-23 00:00:00.000,0.0001,2972.68395455,Regular
ETHUSDT,2024-02-23 08:00:00.000,0.0001,2935.00000000,Regular
ETHUSDT,2024-02-23 16:00:00.000,0.0001,2916.80000000,Regular
ETHUSDT,2024-02-24 00:00:00.000,0.0001,2922.82679924,Regular
ETHUSDT,2024-02-24 08:00:00.001,0.0001,2964.89457197,Regular
ETHUSDT,2024-02-24 16:00:00.000,0.0001,2956.51000000,Regular
ETHUSDT,2024-02-25 00:00:00.001,0.0001,2994.38000000,Regular
ETHUSDT,2024-02-25 08:00:00.000,0.00025856,3032.26183537,Regular
ETHUSDT,2024-02-25 16:00:00.000,0.0002111,3045.49000000,Regular
ETHUSDT,2024-02-26 00:00:00.000,0.00059496,3115.08441870,Regular
ETHUSDT,2024-02-26 08:00:00.000,0.00018258,3089.23470325,Regular
ETHUSDT,2024-02-26 16:00:00.000,0.00020172,3146.94853862,Regular
ETHUSDT,2024-02-27 00:00:00.000,0.00028561,3178.60000000,Regular
ETHUSDT,2024-02-27 08:00:00.000,0.00066751,3219.38048106,Regular
ETHUSDT,2024-02-27 16:00:00.000,0.00029666,3231.53806061,Regular
ETHUSDT,2024-02-28 00:00:00.000,0.00033546,3244.81687121,Regular
ETHUSDT,2024-02-28 08:00:00.000,0.00032021,3305.31056061,Regular
ETHUSDT,2024-02-28 16:00:00.000,0.00043581,3350.69000000,Regular
ETHUSDT,2024-02-29 00:00:00.000,0.00062574,3386.44542803,Regular
ETHUSDT,2024-02-29 08:00:00.000,0.00073381,3470.79112879,Regular
ETHUSDT,2024-02-29 16:00:00.000,0.00075727,3470.41000000,Regular
ETHUSDT,2024-03-01 00:00:00.000,0.0005304,3343.06219697,Regular
ETHUSDT,2024-03-01 08:00:00.000,0.00039096,3367.47848485,Regular
ETHUSDT,2024-03-01 16:00:00.000,0.00052446,3393.63000000,Regular
ETHUSDT,2024-03-02 00:00:00.000,0.00048856,3435.82000000,Regular
ETHUSDT,2024-03-02 08:00:00.001,0.00057488,3433.70000000,Regular
ETHUSDT,2024-03-02 16:00:00.000,0.00055344,3421.37000000,Regular
ETHUSDT,2024-03-03 00:00:00.000,0.00039105,3424.23709091,Regular
ETHUSDT,2024-03-03 08:00:00.000,0.00038668,3394.38000000,Regular
ETHUSDT,2024-03-03 16:00:00.000,0.00037021,3424.31000000,Regular
ETHUSDT,2024-03-04 00:00:00.000,0.00041907,3491.58519697,Regular
ETHUSDT,2024-03-04 08:00:00.000,0.00028996,3480.37000000,Regular
ETHUSDT,2024-03-04 16:00:00.000,0.00050061,3562.64000000,Regular
ETHUSDT,2024-03-05 00:00:00.000,0.00038776,3629.16078030,Regular
ETHUSDT,2024-03-05 08:00:00.000,0.00101724,3678.01000000,Regular
ETHUSDT,2024-03-05 16:00:00.000,0.00082409,3786.70000000,Regular
ETHUSDT,2024-03-06 00:00:00.000,0.0002058,3555.01046970,Regular
ETHUSDT,2024-03-06 08:00:00.001,0.00038362,3789.66000000,Regular
ETHUSDT,2024-03-06 16:00:00.000,0.00040511,3793.30100758,Regular
ETHUSDT,2024-03-07 00:00:00.000,0.00035699,3821.36624797,Regular
ETHUSDT,2024-03-07 08:00:00.000,0.00039169,3792.06000000,Regular
ETHUSDT,2024-03-07 16:00:00.000,0.00044218,3840.37000000,Regular
ETHUSDT,2024-03-08 00:00:00.000,0.00042931,3871.69000000,Regular
ETHUSDT,2024-03-08 08:00:00.000,0.00057985,3913.42878455,Regular
ETHUSDT,2024-03-08 16:00:00.000,0.00048823,3904.59637602,Regular
ETHUSDT,2024-03-09 00:00:00.000,0.00033201,3886.03000000,Regular
ETHUSDT,2024-03-09 08:00:00.001,0.0003653,3928.65231818,Regular
ETHUSDT,2024-03-09 16:00:00.000,0.00035498,3920.24000000,Regular
ETHUSDT,2024-03-10 00:00:00.000,0.00034688,3908.15000000,Regular
ETHUSDT,2024-03-10 08:00:00.000,0.00049375,3948.48000000,Regular
ETHUSDT,2024-03-10 16:00:00.000,0.00029818,3886.00000000,Regular
ETHUSDT,2024-03-11 00:00:00.000,0.00029368,3880.96000000,Regular
ETHUSDT,2024-03-11 08:00:00.000,0.00067235,4013.23932317,Regular
ETHUSDT,2024-03-11 16:00:00.000,0.00064296,4020.36000000,Regular
ETHUSDT,2024-03-12 00:00:00.000,0.00068106,4070.52000000,Regular
ETHUSDT,2024-03-12 08:00:00.000,0.00037542,4030.06338258,Regular
ETHUSDT,2024-03-12 16:00:00.000,0.00048306,3991.80411017,Regular
ETHUSDT,2024-03-13 00:00:00.000,0.00046983,3983.90856818,Regular
ETHUSDT,2024-03-13 08:00:00.001,0.00060121,4043.26235606,Regular
ETHUSDT,2024-03-13 16:00:00.000,0.00044242,3965.67000000,Regular
ETHUSDT,2024-03-14 00:00:00.001,0.00040995,4008.67287750,Regular
ETHUSDT,2024-03-14 08:00:00.000,0.00050365,3966.67000000,Regular
ETHUSDT,2024-03-14 16:00:00.000,0.00035217,3848.40000000,Regular
ETHUSDT,2024-03-15 00:00:00.000,0.00040271,3885.00000000,Regular
ETHUSDT,2024-03-15 08:00:00.000,0.00023171,3756.08000000,Regular
ETHUSDT,2024-03-15 16:00:00.000,0.00033557,3691.55970455,Regular
ETHUSDT,2024-03-16 00:00:00.000,0.00018856,3743.72145455,Regular
ETHUSDT,2024-03-16 08:00:00.000,0.0002749,3742.92765152,Regular
ETHUSDT,2024-03-16 16:00:00.000,0.00028914,3681.49000000,Regular
ETHUSDT,2024-03-17 00:00:00.000,0.00013396,3525.57000000,Regular
ETHUSDT,2024-03-17 08:00:00.000,0.00011824,3474.48000000,Regular
ETHUSDT,2024-03-17 16:00:00.000,0.00030376,3629.96000000,Regular
ETHUSDT,2024-03-18 00:00:00.000,0.00017304,3646.99000000,Regular
ETHUSDT,2024-03-18 08:00:00.000,0.00026393,3628.86566667,Regular
ETHUSDT,2024-03-18 16:00:00.001,0.00029608,3527.93000000,Regular
ETHUSDT,2024-03-19 00:00:00.000,0.00028148,3522.92542045,Regular
ETHUSDT,2024-03-19 08:00:00.000,0.00023311,3361.60000000,Regular
ETHUSDT,2024-03-19 16:00:00.001,0.00013469,3304.63000000,Regular
ETHUSDT,2024-03-20 00:00:00.000,0.00016096,3161.03000000,Regular
ETHUSDT,2024-03-20 08:00:00.004,0.0001,3220.02000000,Regular
ETHUSDT,2024-03-20 16:00:00.000,0.0001,3294.56567026,Regular
ETHUSDT,2024-03-21 00:00:00.000,0.00019507,3517.80000000,Regular
ETHUSDT,2024-03-21 08:00:00.000,0.00013771,3518.80000000,Regular
ETHUSDT,2024-03-21 16:00:00.000,0.00017743,3499.52586742,Regular
ETHUSDT,2024-03-22 00:00:00.000,0.00022775,3495.16000000,Regular
ETHUSDT,2024-03-22 08:00:00.000,0.00023317,3514.12125379,Regular
ETHUSDT,2024-03-22 16:00:00.000,0.00016092,3351.01666667,Regular
ETHUSDT,2024-03-23 00:00:00.000,0.00010552,3337.90121591,Regular
ETHUSDT,2024-03-23 08:00:00.000,0.00012459,3367.62000000,Regular
ETHUSDT,2024-03-23 16:00:00.000,0.00013906,3407.55015152,Regular
ETHUSDT,2024-03-24 00:00:00.000,0.00012767,3330.83000000,Regular
ETHUSDT,2024-03-24 08:00:00.000,0.00017907,3344.28006818,Regular
ETHUSDT,2024-03-24 16:00:00.000,0.00017171,3399.54067424,Regular
ETHUSDT,2024-03-25 00:00:00.000,0.00020242,3456.55247727,Regular
ETHUSDT,2024-03-25 08:00:00.001,0.00011009,3446.71000000,Regular
ETHUSDT,2024-03-25 16:00:00.000,0.00022958,3583.72524242,Regular
ETHUSDT,2024-03-26 00:00:00.000,0.00039028,3592.94000000,Regular
ETHUSDT,2024-03-26 08:00:00.000,0.00018,3637.47000000,Regular
ETHUSDT,2024-03-26 16:00:00.000,0.00026242,3595.92137879,Regular
ETHUSDT,2024-03-27 00:00:00.000,0.00024667,3589.64000000,Regular
ETHUSDT,2024-03-27 08:00:00.001,0.00021635,3567.44473864,Regular
ETHUSDT,2024-03-27 16:00:00.000,0.00035332,3517.15614015,Regular
ETHUSDT,2024-03-28 00:00:00.000,0.00038952,3504.60600758,Regular
ETHUSDT,2024-03-28 08:00:00.000,0.00035672,3576.64290530,Regular
ETHUSDT,2024-03-28 16:00:00.000,0.00036879,3580.63596212,Regular
ETHUSDT,2024-03-29 00:00:00.000,0.00034117,3563.42986742,Regular
ETHUSDT,2024-03-29 08:00:00.000,0.00030332,3522.13951894,Regular
ETHUSDT,2024-03-29 16:00:00.000,0.00037327,3489.53121591,Regular
ETHUSDT,2024-03-30 00:00:00.000,0.00024188,3512.46000000,Regular
ETHUSDT,2024-03-30 08:00:00.000,0.00024854,3495.00009091,Regular
ETHUSDT,2024-03-30 16:00:00.000,0.00045204,3539.97000000,Regular
ETHUSDT,2024-03-31 00:00:00.000,0.00026461,3508.24947348,Regular
ETHUSDT,2024-03-31 08:00:00.000,0.00065366,3629.17000000,Regular
ETHUSDT,2024-03-31 16:00:00.001,0.00058292,3620.88062879,Regular
ETHUSDT,2024-04-01 00:00:00.000,0.00060909,3648.79000000,Regular
ETHUSDT,2024-04-01 08:00:00.000,0.00035798,3548.55600379,Regular
ETHUSDT,2024-04-01 16:00:00.000,0.00019362,3445.71054924,Regular
ETHUSDT,2024-04-02 00:00:00.007,0.00015034,3506.13451136,Regular
ETHUSDT,2024-04-02 08:00:00.015,0.0001,3364.75000000,Regular
ETHUSDT,2024-04-02 16:00:00.000,0.00012642,3242.43000000,Regular
ETHUSDT,2024-04-03 00:00:00.000,0.0001,3280.01081818,Regular
ETHUSDT,2024-04-03 08:00:00.000,0.0001,3306.98953762,Regular
ETHUSDT,2024-04-03 16:00:00.000,0.0001,3330.77000000,Regular
ETHUSDT,2024-04-04 00:00:00.000,0.0001,3312.84034091,Regular
ETHUSDT,2024-04-04 08:00:00.000,0.0001,3324.65300758,Regular
ETHUSDT,2024-04-04 16:00:00.000,0.0001,3365.82736364,Regular
ETHUSDT,2024-04-05 00:00:00.000,0.0001,3329.66000000,Regular
ETHUSDT,2024-04-05 08:00:00.000,0.0001,3289.18000000,Regular
ETHUSDT,2024-04-05 16:00:00.000,0.0001,3328.80000000,Regular
ETHUSDT,2024-04-06 00:00:00.000,0.00016732,3319.65000000,Regular
ETHUSDT,2024-04-06 08:00:00.000,0.0001,3331.72000000,Regular
ETHUSDT,2024-04-06 16:00:00.000,0.0001,3336.70000000,Regular
ETHUSDT,2024-04-07 00:00:00.000,0.0001,3352.92760606,Regular
ETHUSDT,2024-04-07 08:00:00.000,0.0001,3386.99000000,Regular
ETHUSDT,2024-04-07 16:00:00.000,0.0001,3390.77987879,Regular
ETHUSDT,2024-04-08 00:00:00.001,0.0001,3455.86471970,Regular
ETHUSDT,2024-04-08 08:00:00.000,0.0001,3475.27906740,Regular
ETHUSDT,2024-04-08 16:00:00.006,0.00031896,3631.54253030,Regular
ETHUSDT,2024-04-09 00:00:00.000,0.00024848,3697.25567424,Regular
ETHUSDT,2024-04-09 08:00:00.001,0.00010159,3643.66609091,Regular
ETHUSDT,2024-04-09 16:00:00.001,0.00015222,3531.61968182,Regular
ETHUSDT,2024-04-10 00:00:00.000,0.00018733,3508.45000000,Regular
ETHUSDT,2024-04-10 08:00:00.001,0.00015363,3538.91000000,Regular
ETHUSDT,2024-04-10 16:00:00.000,0.00013253,3481.08000000,Regular
ETHUSDT,2024-04-11 00:00:00.000,0.0001,3547.08987461,Regular
ETHUSDT,2024-04-11 08:00:00.000,0.00015483,3585.20656818,Regular
ETHUSDT,2024-04-11 16:00:00.000,0.0001,3509.94000000,Regular
ETHUSDT,2024-04-12 00:00:00.000,0.0001,3503.71525000,Regular
ETHUSDT,2024-04-12 08:00:00.001,0.0001,3518.69534091,Regular
ETHUSDT,2024-04-12 16:00:00.000,0.0001,3442.42000000,Regular
ETHUSDT,2024-04-13 00:00:00.000,0.0001,3238.48000000,Regular
ETHUSDT,2024-04-13 08:00:00.000,0.0001,3258.56000000,Regular
ETHUSDT,2024-04-13 16:00:00.001,0.0001,3273.12000000,Regular
ETHUSDT,2024-04-14 00:00:00.000,0.0001,3005.46000000,Regular
ETHUSDT,2024-04-14 08:00:00.000,0.0001,3083.33000000,Regular
ETHUSDT,2024-04-14 16:00:00.000,0.0001,3055.18000000,Regular
ETHUSDT,2024-04-15 00:00:00.000,0.0001,3153.43000000,Regular
ETHUSDT,2024-04-15 08:00:00.001,5.422e-05,3241.15834848,Regular
ETHUSDT,2024-04-15 16:00:00.000,8.871e-05,3162.27000000,Regular
ETHUSDT,2024-04-16 00:00:00.001,7.898e-05,3100.72000000,Regular
ETHUSDT,2024-04-16 08:00:00.000,8.536e-05,3105.88000000,Regular
ETHUSDT,2024-04-16 16:00:00.000,5.787e-05,3008.14000000,Regular
ETHUSDT,2024-04-17 00:00:00.000,9.805e-05,3082.95012879,Regular
ETHUSDT,2024-04-17 08:00:00.000,5.11e-06,3074.97742424,Regular
ETHUSDT,2024-04-17 16:00:00.000,4.92e-06,2945.75264394,Regular
ETHUSDT,2024-04-18 00:00:00.000,3.509e-05,2983.63953788,Regular
ETHUSDT,2024-04-18 08:00:00.000,2.246e-05,2974.11378788,Regular
ETHUSDT,2024-04-18 16:00:00.000,6.353e-05,3067.13127273,Regular
ETHUSDT,2024-04-19 00:00:00.001,3.973e-05,3062.85000000,Regular
ETHUSDT,2024-04-19 08:00:00.000,8.503e-05,3082.57000000,Regular
ETHUSDT,2024-04-19 16:00:00.000,5.417e-05,3079.54848485,Regular
ETHUSDT,2024-04-20 00:00:00.000,0.0001,3055.10238636,Regular
ETHUSDT,2024-04-20 08:00:00.000,2.386e-05,3059.77000000,Regular
ETHUSDT,2024-04-20 16:00:00.000,5.114e-05,3108.82762121,Regular
ETHUSDT,2024-04-21 00:00:00.000,5.559e-05,3154.37176515,Regular
ETHUSDT,2024-04-21 08:00:00.000,-6.27e-06,3177.91000000,Regular
ETHUSDT,2024-04-21 16:00:00.000,4.395e-05,3158.23000000,Regular
ETHUSDT,2024-04-22 00:00:00.000,3.417e-05,3145.95092504,Regular
ETHUSDT,2024-04-22 08:00:00.000,4.908e-05,3202.57000000,Regular
ETHUSDT,2024-04-22 16:00:00.000,-1.974e-05,3182.05000000,Regular
ETHUSDT,2024-04-23 00:00:00.000,6.74e-06,3198.66105303,Regular
ETHUSDT,2024-04-23 08:00:00.000,1.147e-05,3158.94000000,Regular
ETHUSDT,2024-04-23 16:00:00.001,6.979e-05,3223.96000000,Regular
ETHUSDT,2024-04-24 00:00:00.000,4.713e-05,3218.18430024,Regular
ETHUSDT,2024-04-24 08:00:00.000,1.937e-05,3248.57771212,Regular
ETHUSDT,2024-04-24 16:00:00.000,4.804e-05,3174.63587121,Regular
ETHUSDT,2024-04-25 00:00:00.000,4.66e-06,3138.87962121,Regular
ETHUSDT,2024-04-25 08:00:00.000,1.706e-05,3134.87000000,Regular
ETHUSDT,2024-04-25 16:00:00.010,0.0001,3159.38000000,Regular
ETHUSDT,2024-04-26 00:00:00.001,1.631e-05,3154.43000000,Regular
ETHUSDT,2024-04-26 08:00:00.000,3.847e-05,3133.56897727,Regular
ETHUSDT,2024-04-26 16:00:00.000,4.582e-05,3116.44000000,Regular
ETHUSDT,2024-04-27 00:00:00.000,0.0001,3129.98000000,Regular
ETHUSDT,2024-04-27 08:00:00.001,7.026e-05,3118.83000000,Regular
ETHUSDT,2024-04-27 16:00:00.000,2.355e-05,3143.30000000,Regular
ETHUSDT,2024-04-28 00:00:00.000,9.322e-05,3254.12254545,Regular
ETHUSDT,2024-04-28 08:00:00.000,8.3e-05,3316.27000000,Regular
ETHUSDT,2024-04-28 16:00:00.000,8.272e-05,3319.43587774,Regular
ETHUSDT,2024-04-29 00:00:00.000,8.816e-05,3262.28000000,Regular
ETHUSDT,2024-04-29 08:00:00.000,0.0001,3186.93000000,Regular
ETHUSDT,2024-04-29 16:00:00.000,5.981e-05,3180.59000000,Regular
ETHUSDT,2024-04-30 00:00:00.000,7.518e-05,3215.18000000,Regular
ETHUSDT,2024-04-30 08:00:00.000,7.389e-05,3155.76212879,Regular
ETHUSDT,2024-04-30 16:00:00.000,3.887e-05,2992.76000000,Regular
ETHUSDT,2024-05-01 00:00:00.000,1.865e-05,3012.59016458,Regular
ETHUSDT,2024-05-01 08:00:00.000,4.89e-05,2868.23000000,Regular
ETHUSDT,2024-05-01 16:00:00.000,7.347e-05,2884.59865909,Regular
ETHUSDT,2024-05-02 00:00:00.000,-8.6e-07,2970.90318182,Regular
ETHUSDT,2024-05-02 08:00:00.000,9.579e-05,2920.03863636,Regular
ETHUSDT,2024-05-02 16:00:00.002,7.757e-05,2988.65000000,Regular
ETHUSDT,2024-05-03 00:00:00.000,4.044e-05,2984.80000000,Regular
ETHUSDT,2024-05-03 08:00:00.000,2.157e-05,2967.68443939,Regular
ETHUSDT,2024-05-03 16:00:00.000,3.457e-05,3074.11000000,Regular
ETHUSDT,2024-05-04 00:00:00.000,4.29e-05,3101.51019098,Regular
ETHUSDT,2024-05-04 08:00:00.000,8.465e-05,3094.80000000,Regular
ETHUSDT,2024-05-04 16:00:00.000,7.001e-05,3125.48252273,Regular
ETHUSDT,2024-05-05 00:00:00.000,8.848e-05,3115.59733333,Regular
ETHUSDT,2024-05-05 08:00:00.000,9.394e-05,3103.99419139,Regular
ETHUSDT,2024-05-05 16:00:00.000,5.578e-05,3159.07000000,Regular
ETHUSDT,2024-05-06 00:00:00.000,5.569e-05,3135.24000000,Regular
ETHUSDT,2024-05-06 08:00:00.000,0.0001,3179.66952273,Regular
ETHUSDT,2024-05-06 16:00:00.000,9.025e-05,3088.40698485,Regular
ETHUSDT,2024-05-07 00:00:00.000,7.342e-05,3061.51000000,Regular
ETHUSDT,2024-05-07 08:00:00.000,4.028e-05,3076.23419697,Regular
ETHUSDT,2024-05-07 16:00:00.000,6.978e-05,3070.20000000,Regular
ETHUSDT,2024-05-08 00:00:00.000,7.764e-05,3004.94619697,Regular
ETHUSDT,2024-05-08 08:00:00.000,7.236e-05,2994.23000000,Regular
ETHUSDT,2024-05-08 16:00:00.000,0.0001,3006.00000000,Regular
ETHUSDT,2024-05-09 00:00:00.000,0.0001,2973.41762879,Regular
ETHUSDT,2024-05-09 08:00:00.000,0.0001,2982.41468939,Regular
ETHUSDT,2024-05-09 16:00:00.000,0.0001,3004.95351515,Regular
ETHUSDT,2024-05-10 00:00:00.000,9.04e-05,3034.84137121,Regular
ETHUSDT,2024-05-10 08:00:00.000,0.0001,3040.50732576,Regular
ETHUSDT,2024-05-10 16:00:00.000,5.137e-05,2917.31586364,Regular
ETHUSDT,2024-05-11 00:00:00.000,7.578e-05,2908.85000000,Regular
ETHUSDT,2024-05-11 08:00:00.000,6.69e-05,2920.90000000,Regular
ETHUSDT,2024-05-11 16:00:00.000,8.517e-05,2924.50000000,Regular
ETHUSDT,2024-05-12 00:00:00.000,8.01e-05,2911.54623485,Regular
ETHUSDT,2024-05-12 08:00:00.000,7.264e-05,2906.48000000,Regular
ETHUSDT,2024-05-12 16:00:00.000,6.269e-05,2936.83000000,Regular
ETHUSDT,2024-05-13 00:00:00.001,5.829e-05,2927.72000000,Regular
ETHUSDT,2024-05-13 08:00:00.001,0.0001,2953.49000000,Regular
ETHUSDT,2024-05-13 16:00:00.000,0.0001,2960.20000000,Regular
ETHUSDT,2024-05-14 00:00:00.000,0.0001,2949.86293182,Regular
ETHUSDT,2024-05-14 08:00:00.000,8.14e-05,2918.84685606,Regular
ETHUSDT,2024-05-14 16:00:00.000,9.124e-05,2897.53000000,Regular
ETHUSDT,2024-05-15 00:00:00.000,0.0001,2880.87000000,Regular
ETHUSDT,2024-05-15 08:00:00.000,8.171e-05,2914.65150758,Regular
ETHUSDT,2024-05-15 16:00:00.000,9.162e-05,2976.66000000,Regular
ETHUSDT,2024-05-16 00:00:00.004,0.0001,3030.87753030,Regular
ETHUSDT,2024-05-16 08:00:00.000,6.453e-05,3015.12305303,Regular
ETHUSDT,2024-05-16 16:00:00.000,5.401e-05,2955.53000000,Regular
ETHUSDT,2024-05-17 00:00:00.000,5.324e-05,2943.22000000,Regular
ETHUSDT,2024-05-17 08:00:00.000,8.531e-05,3023.83881661,Regular
ETHUSDT,2024-05-17 16:00:00.000,4.333e-05,3109.84000000,Regular
ETHUSDT,2024-05-18 00:00:00.000,7.513e-05,3090.65673197,Regular
ETHUSDT,2024-05-18 08:00:00.000,3.431e-05,3100.25000000,Regular
ETHUSDT,2024-05-18 16:00:00.000,7.815e-05,3109.42477273,Regular
ETHUSDT,2024-05-19 00:00:00.000,7.388e-05,3121.61511404,Regular
ETHUSDT,2024-05-19 08:00:00.000,3.451e-05,3114.49316667,Regular
ETHUSDT,2024-05-19 16:00:00.000,8.825e-05,3076.34246212,Regular
ETHUSDT,2024-05-20 00:00:00.000,9.672e-05,3069.99000000,Regular
ETHUSDT,2024-05-20 08:00:00.000,1.916e-05,3091.11618182,Regular
ETHUSDT,2024-05-20 16:00:00.003,4.643e-05,3116.95000000,Regular
ETHUSDT,2024-05-21 00:00:00.000,0.0001,3664.24743182,Regular
ETHUSDT,2024-05-21 08:00:00.001,0.00019404,3662.98655303,Regular
ETHUSDT,2024-05-21 16:00:00.000,0.0001,3779.13625758,Regular
ETHUSDT,2024-05-22 00:00:00.000,0.00012452,3792.16673485,Regular
ETHUSDT,2024-05-22 08:00:00.000,0.00015189,3748.85868939,Regular
ETHUSDT,2024-05-22 16:00:00.000,0.0001,3763.32000000,Regular
ETHUSDT,2024-05-23 00:00:00.000,0.0001,3740.25000000,Regular
ETHUSDT,2024-05-23 08:00:00.000,0.0001,3815.69087879,Regular
ETHUSDT,2024-05-23 16:00:00.000,0.0001,3815.08000000,Regular
ETHUSDT,2024-05-24 00:00:00.000,0.0001,3784.80000000,Regular
ETHUSDT,2024-05-24 08:00:00.000,0.0001,3681.26000000,Regular
ETHUSDT,2024-05-24 16:00:00.000,0.0001,3695.60718182,Regular
ETHUSDT,2024-05-25 00:00:00.000,0.0001,3729.62000000,Regular
ETHUSDT,2024-05-25 08:00:00.000,0.0001,3747.90000000,Regular
ETHUSDT,2024-05-25 16:00:00.000,0.0001,3745.54691667,Regular
ETHUSDT,2024-05-26 00:00:00.000,0.0001,3751.15000000,Regular
ETHUSDT,2024-05-26 08:00:00.000,0.0001,3787.58000000,Regular
ETHUSDT,2024-05-26 16:00:00.000,0.0001,3834.53000000,Regular
ETHUSDT,2024-05-27 00:00:00.000,0.0001,3827.53000000,Regular
ETHUSDT,2024-05-27 08:00:00.000,0.0001,3915.42000000,Regular
ETHUSDT,2024-05-27 16:00:00.000,0.0001,3965.83840909,Regular
ETHUSDT,2024-05-28 00:00:00.000,0.0001,3896.09000000,Regular
ETHUSDT,2024-05-28 08:00:00.000,0.0001,3850.32068939,Regular
ETHUSDT,2024-05-28 16:00:00.000,0.0001219,3863.33000000,Regular
ETHUSDT,2024-05-29 00:00:00.001,0.00017485,3847.00000000,Regular
ETHUSDT,2024-05-29 08:00:00.000,0.0001,3823.40307576,Regular
ETHUSDT,2024-05-29 16:00:00.000,0.000177,3762.03720455,Regular
ETHUSDT,2024-05-30 00:00:00.000,0.00025357,3770.00000000,Regular
ETHUSDT,2024-05-30 08:00:00.000,0.00014202,3722.16000000,Regular
ETHUSDT,2024-05-30 16:00:00.000,0.00018706,3778.20893939,Regular
ETHUSDT,2024-05-31 00:00:00.000,0.0001,3749.90932576,Regular
ETHUSDT,2024-05-31 08:00:00.000,0.00010793,3730.65599242,Regular
ETHUSDT,2024-05-31 16:00:00.000,0.00012319,3747.25000000,Regular
ETHUSDT,2024-06-01 00:00:00.000,0.00017131,3764.04343182,Regular
ETHUSDT,2024-06-01 08:00:00.000,0.00013009,3775.30400000,Regular
ETHUSDT,2024-06-01 16:00:00.001,0.00011557,3801.17321212,Regular
ETHUSDT,2024-06-02 00:00:00.000,0.00015695,3817.50000000,Regular
ETHUSDT,2024-06-02 08:00:00.000,0.0001,3795.13000000,Regular
ETHUSDT,2024-06-02 16:00:00.000,0.0001,3801.12573166,Regular
ETHUSDT,2024-06-03 00:00:00.000,0.00012702,3783.62659848,Regular
ETHUSDT,2024-06-03 08:00:00.000,0.00015803,3819.99000000,Regular
ETHUSDT,2024-06-03 16:00:00.000,0.00012815,3797.88131818,Regular
ETHUSDT,2024-06-04 00:00:00.000,0.0001,3769.15000000,Regular
ETHUSDT,2024-06-04 08:00:00.000,0.0001,3776.79000000,Regular
ETHUSDT,2024-06-04 16:00:00.000,0.000108,3813.09632576,Regular
ETHUSDT,2024-06-05 00:00:00.000,0.00016969,3813.02937121,Regular
ETHUSDT,2024-06-05 08:00:00.000,0.0001,3811.35000000,Regular
ETHUSDT,2024-06-05 16:00:00.000,0.00010659,3816.56893182,Regular
ETHUSDT,2024-06-06 00:00:00.000,0.00019461,3867.99527273,Regular
ETHUSDT,2024-06-06 08:00:00.008,0.00020328,3854.28742947,Regular
ETHUSDT,2024-06-06 16:00:00.000,0.00014989,3847.09508333,Regular
ETHUSDT,2024-06-07 00:00:00.000,0.00016105,3815.77000000,Regular
ETHUSDT,2024-06-07 08:00:00.000,0.00013228,3819.01178030,Regular
ETHUSDT,2024-06-07 16:00:00.000,0.00017029,3802.93818182,Regular
ETHUSDT,2024-06-08 00:00:00.000,0.0001,3679.82000000,Regular
ETHUSDT,2024-06-08 08:00:00.000,0.0001,3710.26000000,Regular
ETHUSDT,2024-06-08 16:00:00.000,0.0001,3689.33000000,Regular
ETHUSDT,2024-06-09 00:00:00.000,0.0001,3682.11000000,Regular
ETHUSDT,2024-06-09 08:00:00.000,0.0001,3687.10000000,Regular
ETHUSDT,2024-06-09 16:00:00.001,0.0001,3691.62000000,Regular
ETHUSDT,2024-06-10 00:00:00.000,0.0001,3707.55763278,Regular
ETHUSDT,2024-06-10 08:00:00.000,0.0001,3650.44409091,Regular
ETHUSDT,2024-06-10 16:00:00.001,0.0001,3703.16574242,Regular
ETHUSDT,2024-06-11 00:00:00.001,0.0001,3669.65000000,Regular
ETHUSDT,2024-06-11 08:00:00.000,0.0001,3535.23000000,Regular
ETHUSDT,2024-06-11 16:00:00.000,0.0001,3448.26362879,Regular
ETHUSDT,2024-06-12 00:00:00.000,0.0001,3497.97481061,Regular
ETHUSDT,2024-06-12 08:00:00.000,0.0001,3526.99000000,Regular
ETHUSDT,2024-06-12 16:00:00.000,0.0001,3617.92588636,Regular
ETHUSDT,2024-06-13 00:00:00.000,0.0001,3560.35896212,Regular
ETHUSDT,2024-06-13 08:00:00.001,0.0001,3507.48000000,Regular
ETHUSDT,2024-06-13 16:00:00.000,0.0001,3442.84977273,Regular
ETHUSDT,2024-06-14 00:00:00.000,0.0001,3469.19000000,Regular
ETHUSDT,2024-06-14 08:00:00.000,0.0001,3515.97947727,Regular
ETHUSDT,2024-06-14 16:00:00.000,0.0001,3461.87205303,Regular
ETHUSDT,2024-06-15 00:00:00.000,0.0001,3480.87528788,Regular
ETHUSDT,2024-06-15 08:00:00.000,0.0001,3529.34816667,Regular
ETHUSDT,2024-06-15 16:00:00.000,0.0001,3565.31000000,Regular
ETHUSDT,2024-06-16 00:00:00.001,0.0001,3567.93938636,Regular
ETHUSDT,2024-06-16 08:00:00.000,0.0001,3561.37000000,Regular
ETHUSDT,2024-06-16 16:00:00.000,0.0001,3591.36355303,Regular
ETHUSDT,2024-06-17 00:00:00.000,0.0001,3623.15286643,Regular
ETHUSDT,2024-06-17 08:00:00.000,0.0001,3551.57000000,Regular
ETHUSDT,2024-06-17 16:00:00.000,9.137e-05,3495.80000000,Regular
ETHUSDT,2024-06-18 00:00:00.000,6.649e-05,3509.76769697,Regular
ETHUSDT,2024-06-18 08:00:00.000,7.836e-05,3442.50000000,Regular
ETHUSDT,2024-06-18 16:00:00.000,6.211e-05,3422.85571970,Regular
ETHUSDT,2024-06-19 00:00:00.001,0.0001,3482.34000000,Regular
ETHUSDT,2024-06-19 08:00:00.001,0.0001,3543.08000000,Regular
ETHUSDT,2024-06-19 16:00:00.000,6.122e-05,3527.99000000,Regular
ETHUSDT,2024-06-20 00:00:00.000,0.0001,3559.10481851,Regular
ETHUSDT,2024-06-20 08:00:00.000,6.409e-05,3606.10950000,Regular
ETHUSDT,2024-06-20 16:00:00.000,3.148e-05,3505.36793182,Regular
ETHUSDT,2024-06-21 00:00:00.000,7.46e-06,3511.60560606,Regular
ETHUSDT,2024-06-21 08:00:00.000,2.103e-05,3473.58000000,Regular
ETHUSDT,2024-06-21 16:00:00.000,0.0001,3491.39000000,Regular
ETHUSDT,2024-06-22 00:00:00.000,4.564e-05,3517.18000000,Regular
ETHUSDT,2024-06-22 08:00:00.000,5.837e-05,3492.53000000,Regular
ETHUSDT,2024-06-22 16:00:00.000,3.914e-05,3504.60000000,Regular
ETHUSDT,2024-06-23 00:00:00.000,6.71e-05,3494.26000000,Regular
ETHUSDT,2024-06-23 08:00:00.000,4.594e-05,3510.92535606,Regular
ETHUSDT,2024-06-23 16:00:00.000,3.591e-05,3473.12753030,Regular
ETHUSDT,2024-06-24 00:00:00.002,7.672e-05,3419.57059091,Regular
ETHUSDT,2024-06-24 08:00:00.000,0.0001,3367.68000000,Regular
ETHUSDT,2024-06-24 16:00:00.000,7.41e-05,3278.79000000,Regular
ETHUSDT,2024-06-25 00:00:00.000,0.0001,3352.00000000,Regular
ETHUSDT,2024-06-25 08:00:00.000,0.0001,3360.18204545,Regular
ETHUSDT,2024-06-25 16:00:00.000,0.0001,3418.83318182,Regular
ETHUSDT,2024-06-26 00:00:00.002,0.0001,3393.16864394,Regular
ETHUSDT,2024-06-26 08:00:00.000,0.0001,3400.60412879,Regular
ETHUSDT,2024-06-26 16:00:00.000,0.0001,3360.80000000,Regular
ETHUSDT,2024-06-27 00:00:00.000,0.0001,3370.66046212,Regular
ETHUSDT,2024-06-27 08:00:00.001,0.0001,3374.47000000,Regular
ETHUSDT,2024-06-27 16:00:00.000,0.0001,3452.00560606,Regular
ETHUSDT,2024-06-28 00:00:00.000,0.0001,3450.33018025,Regular
ETHUSDT,2024-06-28 08:00:00.000,0.0001,3431.27000000,Regular
ETHUSDT,2024-06-28 16:00:00.000,0.0001,3412.13582576,Regular
ETHUSDT,2024-06-29 00:00:00.001,0.0001,3379.57099242,Regular
ETHUSDT,2024-06-29 08:00:00.000,0.0001,3398.18000000,Regular
ETHUSDT,2024-06-29 16:00:00.000,0.0001,3393.45000000,Regular
ETHUSDT,2024-06-30 00:00:00.000,0.0001,3377.62159848,Regular
ETHUSDT,2024-06-30 08:00:00.000,0.0001,3393.06000000,Regular
ETHUSDT,2024-06-30 16:00:00.000,0.0001,3398.87000000,Regular
ETHUSDT,2024-07-01 00:00:00.000,0.0001,3436.73000000,Regular
ETHUSDT,2024-07-01 08:00:00.000,0.0001,3489.25000000,Regular
ETHUSDT,2024-07-01 16:00:00.001,0.0001,3473.87000000,Regular
ETHUSDT,2024-07-02 00:00:00.000,0.0001,3441.12724242,Regular
ETHUSDT,2024-07-02 08:00:00.000,0.0001,3438.50177273,Regular
ETHUSDT,2024-07-02 16:00:00.000,0.0001,3414.68000000,Regular
ETHUSDT,2024-07-03 00:00:00.000,0.0001,3420.43000000,Regular
ETHUSDT,2024-07-03 08:00:00.001,0.0001,3352.15688636,Regular
ETHUSDT,2024-07-03 16:00:00.000,0.0001,3302.94937121,Regular
ETHUSDT,2024-07-04 00:00:00.000,0.0001,3294.76000000,Regular
ETHUSDT,2024-07-04 08:00:00.000,0.0001,3181.58994697,Regular
ETHUSDT,2024-07-04 16:00:00.000,0.0001,3137.62000000,Regular
ETHUSDT,2024-07-05 00:00:00.000,0.0001,3059.23636364,Regular
ETHUSDT,2024-07-05 08:00:00.000,9.55e-05,2881.26000000,Regular
ETHUSDT,2024-07-05 16:00:00.000,4.923e-05,2990.22177273,Regular
ETHUSDT,2024-07-06 00:00:00.000,9.007e-05,2980.67000000,Regular
ETHUSDT,2024-07-06 08:00:00.000,6.597e-05,3003.19609091,Regular
ETHUSDT,2024-07-06 16:00:00.000,5.847e-05,3018.48308777,Regular
ETHUSDT,2024-07-07 00:00:00.001,3.941e-05,3065.50000000,Regular
ETHUSDT,2024-07-07 08:00:00.000,8.938e-05,3002.97278947,Regular
ETHUSDT,2024-07-07 16:00:00.000,5.389e-05,2969.63110606,Regular
ETHUSDT,2024-07-08 00:00:00.000,0.0001,2930.23000000,Regular
ETHUSDT,2024-07-08 08:00:00.000,3.423e-05,2925.58000000,Regular
ETHUSDT,2024-07-08 16:00:00.000,9.357e-05,2968.31426515,Regular
ETHUSDT,2024-07-09 00:00:00.000,5.681e-05,3017.93328030,Regular
ETHUSDT,2024-07-09 08:00:00.001,1.078e-05,3061.01000000,Regular
ETHUSDT,2024-07-09 16:00:00.000,7.754e-05,3066.14312879,Regular
ETHUSDT,2024-07-10 00:00:00.000,3.746e-05,3065.06000000,Regular
ETHUSDT,2024-07-10 08:00:00.000,1.713e-05,3095.87054075,Regular
ETHUSDT,2024-07-10 16:00:00.000,0.0001,3121.18937121,Regular
ETHUSDT,2024-07-11 00:00:00.002,4.282e-05,3099.48730303,Regular
ETHUSDT,2024-07-11 08:00:00.002,8.656e-05,3116.99000000,Regular
ETHUSDT,2024-07-11 16:00:00.004,5.603e-05,3116.72000000,Regular
ETHUSDT,2024-07-12 00:00:00.000,0.0001,3098.24000000,Regular
ETHUSDT,2024-07-12 08:00:00.000,4.73e-05,3071.31193182,Regular
ETHUSDT,2024-07-12 16:00:00.000,7.154e-05,3130.18000000,Regular
ETHUSDT,2024-07-13 00:00:00.000,0.0001,3133.24000000,Regular
ETHUSDT,2024-07-13 08:00:00.000,0.0001,3139.09000000,Regular
ETHUSDT,2024-07-13 16:00:00.000,7.584e-05,3153.75693182,Regular
ETHUSDT,2024-07-14 00:00:00.000,0.0001,3174.03778213,Regular
ETHUSDT,2024-07-14 08:00:00.000,6.352e-05,3194.34000000,Regular
ETHUSDT,2024-07-14 16:00:00.000,3.194e-05,3188.72962382,Regular
ETHUSDT,2024-07-15 00:00:00.000,9.653e-05,3244.10000000,Regular
ETHUSDT,2024-07-15 08:00:00.000,4.043e-05,3354.38000000,Regular
ETHUSDT,2024-07-15 16:00:00.000,4.69e-05,3366.12075000,Regular
ETHUSDT,2024-07-16 00:00:00.000,2.643e-05,3481.83237879,Regular
ETHUSDT,2024-07-16 08:00:00.000,9.799e-05,3376.01753788,Regular
ETHUSDT,2024-07-16 16:00:00.000,6.395e-05,3474.92496212,Regular
ETHUSDT,2024-07-17 00:00:00.000,5.824e-05,3442.87250758,Regular
ETHUSDT,2024-07-17 08:00:00.001,8.064e-05,3484.69353030,Regular
ETHUSDT,2024-07-17 16:00:00.000,6.113e-05,3436.30719697,Regular
ETHUSDT,2024-07-18 00:00:00.000,0.0001,3386.04000000,Regular
ETHUSDT,2024-07-18 08:00:00.000,6.727e-05,3431.72000000,Regular
ETHUSDT,2024-07-18 16:00:00.000,3.237e-05,3387.83491667,Regular
ETHUSDT,2024-07-19 00:00:00.000,4.387e-05,3424.99000000,Regular
ETHUSDT,2024-07-19 08:00:00.000,8.153e-05,3390.58000000,Regular
ETHUSDT,2024-07-19 16:00:00.000,0.0001,3463.76000000,Regular
ETHUSDT,2024-07-20 00:00:00.001,5.271e-05,3502.18000000,Regular
ETHUSDT,2024-07-20 08:00:00.000,8.573e-05,3485.99000000,Regular
ETHUSDT,2024-07-20 16:00:00.000,2.468e-05,3501.81000000,Regular
ETHUSDT,2024-07-21 00:00:00.000,0.0001,3515.94928788,Regular
ETHUSDT,2024-07-21 08:00:00.000,1.524e-05,3482.90283333,Regular
ETHUSDT,2024-07-21 16:00:00.000,6.721e-05,3498.66479545,Regular
ETHUSDT,2024-07-22 00:00:00.000,9.867e-05,3534.26000000,Regular
ETHUSDT,2024-07-22 08:00:00.000,7.749e-05,3477.03909091,Regular
ETHUSDT,2024-07-22 16:00:00.000,2.82e-05,3455.70000000,Regular
ETHUSDT,2024-07-23 00:00:00.000,7.792e-05,3438.32583333,Regular
ETHUSDT,2024-07-23 08:00:00.000,0.0001,3453.30000000,Regular
ETHUSDT,2024-07-23 16:00:00.000,9.013e-05,3453.76132576,Regular
ETHUSDT,2024-07-24 00:00:00.000,7.865e-05,3481.01000000,Regular
ETHUSDT,2024-07-24 08:00:00.000,8.396e-05,3445.74000000,Regular
ETHUSDT,2024-07-24 16:00:00.000,6.706e-05,3413.49000000,Regular
ETHUSDT,2024-07-25 00:00:00.000,9.46e-05,3334.25000000,Regular
ETHUSDT,2024-07-25 08:00:00.000,2.04e-06,3170.41348485,Regular
ETHUSDT,2024-07-25 16:00:00.000,3.72e-05,3140.81000000,Regular
ETHUSDT,2024-07-26 00:00:00.000,3.903e-05,3173.67000000,Regular
ETHUSDT,2024-07-26 08:00:00.000,4.196e-05,3249.62000000,Regular
ETHUSDT,2024-07-26 16:00:00.000,4.001e-05,3253.84000000,Regular
ETHUSDT,2024-07-27 00:00:00.000,3.05e-05,3273.01850758,Regular
ETHUSDT,2024-07-27 08:00:00.000,7.422e-05,3270.41000000,Regular
ETHUSDT,2024-07-27 16:00:00.000,1.78e-05,3279.78000000,Regular
ETHUSDT,2024-07-28 00:00:00.000,0.0001,3248.17000000,Regular
ETHUSDT,2024-07-28 08:00:00.000,0.0001,3226.68000000,Regular
ETHUSDT,2024-07-28 16:00:00.001,0.0001,3267.55000000,Regular
ETHUSDT,2024-07-29 00:00:00.001,8.174e-05,3268.27439075,Regular
ETHUSDT,2024-07-29 08:00:00.000,0.0001,3366.02474242,Regular
ETHUSDT,2024-07-29 16:00:00.001,0.0001,3307.06362879,Regular
ETHUSDT,2024-07-30 00:00:00.000,0.0001,3316.62000000,Regular
ETHUSDT,2024-07-30 08:00:00.001,0.0001,3339.65157576,Regular
ETHUSDT,2024-07-30 16:00:00.000,0.0001,3319.81270455,Regular
ETHUSDT,2024-07-31 00:00:00.000,0.0001,3278.18000000,Regular
ETHUSDT,2024-07-31 08:00:00.000,0.0001,3316.51846212,Regular
ETHUSDT,2024-07-31 16:00:00.000,0.0001,3301.20000000,Regular
ETHUSDT,2024-08-01 00:00:00.000,0.0001,3231.48000000,Regular
ETHUSDT,2024-08-01 08:00:00.000,5.973e-05,3165.59420455,Regular
ETHUSDT,2024-08-01 16:00:00.000,0.0001,3115.41645455,Regular
ETHUSDT,2024-08-02 00:00:00.000,7.641e-05,3201.93043182,Regular
ETHUSDT,2024-08-02 08:00:00.001,7.771e-05,3146.57568939,Regular
ETHUSDT,2024-08-02 16:00:00.000,3.785e-05,3037.91004545,Regular
ETHUSDT,2024-08-03 00:00:00.000,8.493e-05,2988.52112121,Regular
ETHUSDT,2024-08-03 08:00:00.000,2.92e-05,2983.00000000,Regular
ETHUSDT,2024-08-03 16:00:00.001,4.82e-05,2941.27083333,Regular
ETHUSDT,2024-08-04 00:00:00.000,4.181e-05,2902.08109848,Regular
ETHUSDT,2024-08-04 08:00:00.000,1.635e-05,2892.00000000,Regular
ETHUSDT,2024-08-04 16:00:00.000,6.815e-05,2826.05545455,Regular
ETHUSDT,2024-08-05 00:00:00.000,-1.7e-05,2687.60000000,Regular
ETHUSDT,2024-08-05 08:00:00.000,-4.58e-06,2357.71056061,Regular
ETHUSDT,2024-08-05 16:00:00.000,-5.766e-05,2448.97000000,Regular
ETHUSDT,2024-08-06 00:00:00.000,-2.276e-05,2417.88000000,Regular
ETHUSDT,2024-08-06 08:00:00.000,-0.00010667,2522.33484091,Regular
ETHUSDT,2024-08-06 16:00:00.000,-1.11e-05,2526.35828030,Regular
ETHUSDT,2024-08-07 00:00:00.000,-4.25e-05,2460.33297727,Regular
ETHUSDT,2024-08-07 08:00:00.001,-6.16e-06,2509.77000000,Regular
ETHUSDT,2024-08-07 16:00:00.000,-4.478e-05,2411.71000000,Regular
ETHUSDT,2024-08-08 00:00:00.001,-4.377e-05,2341.44000000,Regular
ETHUSDT,2024-08-08 08:00:00.000,-1.083e-05,2412.92000000,Regular
ETHUSDT,2024-08-08 16:00:00.000,-3.437e-05,2505.85000000,Regular
ETHUSDT,2024-08-09 00:00:00.000,1.139e-05,2682.32086364,Regular
ETHUSDT,2024-08-09 08:00:00.000,4.212e-05,2668.97000000,Regular
ETHUSDT,2024-08-09 16:00:00.000,-2.753e-05,2557.41975758,Regular
ETHUSDT,2024-08-10 00:00:00.000,-4.249e-05,2597.89000000,Regular
ETHUSDT,2024-08-10 08:00:00.000,3.504e-05,2633.07000000,Regular
ETHUSDT,2024-08-10 16:00:00.000,1.614e-05,2598.24000000,Regular
ETHUSDT,2024-08-11 00:00:00.000,-8.82e-06,2608.77000000,Regular
ETHUSDT,2024-08-11 08:00:00.000,9.73e-06,2676.00000000,Regular
ETHUSDT,2024-08-11 16:00:00.001,3.46e-06,2612.82000000,Regular
ETHUSDT,2024-08-12 00:00:00.000,1.047e-05,2554.65000000,Regular
ETHUSDT,2024-08-12 08:00:00.000,6.766e-05,2566.07606061,Regular
ETHUSDT,2024-08-12 16:00:00.000,6.424e-05,2687.88237879,Regular
ETHUSDT,2024-08-13 00:00:00.000,7.892e-05,2721.15000000,Regular
ETHUSDT,2024-08-13 08:00:00.000,-6.036e-05,2647.14000000,Regular
ETHUSDT,2024-08-13 16:00:00.000,-4.532e-05,2650.88137121,Regular
ETHUSDT,2024-08-14 00:00:00.000,5.55e-06,2701.01000000,Regular
ETHUSDT,2024-08-14 08:00:00.000,3.166e-05,2726.46000000,Regular
ETHUSDT,2024-08-14 16:00:00.000,-3.462e-05,2672.94227273,Regular
ETHUSDT,2024-08-15 00:00:00.000,5.044e-05,2659.95137879,Regular
ETHUSDT,2024-08-15 08:00:00.000,7.775e-05,2613.84000000,Regular
ETHUSDT,2024-08-15 16:00:00.000,6.62e-06,2667.19000000,Regular
ETHUSDT,2024-08-16 00:00:00.000,-1.182e-05,2568.81935606,Regular
ETHUSDT,2024-08-16 08:00:00.000,2.105e-05,2616.02889394,Regular
ETHUSDT,2024-08-16 16:00:00.000,3.363e-05,2568.34188636,Regular
ETHUSDT,2024-08-17 00:00:00.000,2.448e-05,2591.52000000,Regular
ETHUSDT,2024-08-17 08:00:00.000,-2.485e-05,2599.01752273,Regular
ETHUSDT,2024-08-17 16:00:00.000,-3.471e-05,2605.56000000,Regular
ETHUSDT,2024-08-18 00:00:00.000,7.82e-06,2613.18000000,Regular
ETHUSDT,2024-08-18 08:00:00.000,-4.706e-05,2606.84133333,Regular
ETHUSDT,2024-08-18 16:00:00.000,-1.42e-06,2671.00000000,Regular
ETHUSDT,2024-08-19 00:00:00.000,-3.66e-05,2610.67000000,Regular
ETHUSDT,2024-08-19 08:00:00.000,8.59e-06,2612.88430303,Regular
ETHUSDT,2024-08-19 16:00:00.002,-1.53e-05,2583.43204545,Regular
ETHUSDT,2024-08-20 00:00:00.000,9.69e-06,2635.29000000,Regular
ETHUSDT,2024-08-20 08:00:00.000,1.977e-05,2673.63000000,Regular
ETHUSDT,2024-08-20 16:00:00.001,-2.726e-05,2573.65617424,Regular
ETHUSDT,2024-08-21 00:00:00.001,1.33e-05,2571.58093939,Regular
ETHUSDT,2024-08-21 08:00:00.000,2.306e-05,2599.22000000,Regular
ETHUSDT,2024-08-21 16:00:00.001,4.139e-05,2600.81306061,Regular
ETHUSDT,2024-08-22 00:00:00.000,-9.46e-06,2629.38000000,Regular
ETHUSDT,2024-08-22 08:00:00.000,3.544e-05,2635.02609848,Regular
ETHUSDT,2024-08-22 16:00:00.008,2.01e-05,2598.30000000,Regular
ETHUSDT,2024-08-23 00:00:00.000,6.601e-05,2622.00000000,Regular
ETHUSDT,2024-08-23 08:00:00.000,6.071e-05,2668.07000000,Regular
ETHUSDT,2024-08-23 16:00:00.000,-1.72e-06,2669.80000000,Regular
ETHUSDT,2024-08-24 00:00:00.000,-1.504e-05,2761.58000000,Regular
ETHUSDT,2024-08-24 08:00:00.005,9.7e-06,2757.39533333,Regular
ETHUSDT,2024-08-24 16:00:00.000,5.81e-06,2759.62509848,Regular
ETHUSDT,2024-08-25 00:00:00.000,-3.389e-05,2767.26575758,Regular
ETHUSDT,2024-08-25 08:00:00.000,3.311e-05,2742.47151515,Regular
ETHUSDT,2024-08-25 16:00:00.000,2.579e-05,2762.79000000,Regular
ETHUSDT,2024-08-26 00:00:00.000,2.145e-05,2744.90300758,Regular
ETHUSDT,2024-08-26 08:00:00.001,5.677e-05,2732.33410606,Regular
ETHUSDT,2024-08-26 16:00:00.000,6.339e-05,2720.58960031,Regular
ETHUSDT,2024-08-27 00:00:00.001,9.438e-05,2679.59469697,Regular
ETHUSDT,2024-08-27 08:00:00.000,5.093e-05,2686.91000000,Regular
ETHUSDT,2024-08-27 16:00:00.000,7.429e-05,2578.03712121,Regular
ETHUSDT,2024-08-28 00:00:00.000,-6.098e-05,2455.98000000,Regular
ETHUSDT,2024-08-28 08:00:00.000,-7.62e-06,2435.86000000,Regular
ETHUSDT,2024-08-28 16:00:00.001,1.459e-05,2495.44611364,Regular
ETHUSDT,2024-08-29 00:00:00.000,1.16e-05,2527.32000000,Regular
ETHUSDT,2024-08-29 08:00:00.001,2.12e-06,2546.07893939,Regular
ETHUSDT,2024-08-29 16:00:00.000,-4.09e-06,2574.71375000,Regular
ETHUSDT,2024-08-30 00:00:00.000,5.49e-05,2526.63606061,Regular
ETHUSDT,2024-08-30 08:00:00.000,3.483e-05,2516.10566667,Regular
ETHUSDT,2024-08-30 16:00:00.000,1.032e-05,2448.03000000,Regular
ETHUSDT,2024-08-31 00:00:00.000,7.976e-05,2524.99000000,Regular
ETHUSDT,2024-08-31 08:00:00.000,7.237e-05,2519.81428788,Regular
ETHUSDT,2024-08-31 16:00:00.000,7.811e-05,2518.01000000,Regular
ETHUSDT,2024-09-01 00:00:00.000,4.499e-05,2512.10891667,Regular
ETHUSDT,2024-09-01 08:00:00.001,5.272e-05,2485.62000000,Regular
ETHUSDT,2024-09-01 16:00:00.000,4.183e-05,2479.54416667,Regular
ETHUSDT,2024-09-02 00:00:00.001,-2.406e-05,2425.24272727,Regular
ETHUSDT,2024-09-02 08:00:00.001,3.904e-05,2439.94000000,Regular
ETHUSDT,2024-09-02 16:00:00.000,7.064e-05,2512.29000000,Regular
ETHUSDT,2024-09-03 00:00:00.000,5.67e-05,2536.93559848,Regular
ETHUSDT,2024-09-03 08:00:00.001,4.883e-05,2518.89000000,Regular
ETHUSDT,2024-09-03 16:00:00.000,5.216e-05,2443.45323485,Regular
ETHUSDT,2024-09-04 00:00:00.000,8.054e-05,2424.19488636,Regular
ETHUSDT,2024-09-04 08:00:00.000,-1.109e-05,2399.88940909,Regular
ETHUSDT,2024-09-04 16:00:00.000,5.833e-05,2454.17973485,Regular
ETHUSDT,2024-09-05 00:00:00.000,4.539e-05,2449.69385606,Regular
ETHUSDT,2024-09-05 08:00:00.000,2.41e-05,2411.50000000,Regular
ETHUSDT,2024-09-05 16:00:00.005,3.166e-05,2370.53785606,Regular
ETHUSDT,2024-09-06 00:00:00.000,3.662e-05,2367.47462121,Regular
ETHUSDT,2024-09-06 08:00:00.001,4.871e-05,2343.32471787,Regular
ETHUSDT,2024-09-06 16:00:00.000,4.007e-05,2289.45653788,Regular
ETHUSDT,2024-09-07 00:00:00.000,2.41e-06,2223.99711364,Regular
ETHUSDT,2024-09-07 08:00:00.000,-5.37e-06,2287.29786364,Regular
ETHUSDT,2024-09-07 16:00:00.000,2.652e-05,2299.30000000,Regular
ETHUSDT,2024-09-08 00:00:00.000,5.363e-05,2272.63397727,Regular
ETHUSDT,2024-09-08 08:00:00.000,3.089e-05,2293.69532576,Regular
ETHUSDT,2024-09-08 16:00:00.000,1.827e-05,2244.47000000,Regular
ETHUSDT,2024-09-09 00:00:00.000,7.67e-06,2296.27520455,Regular
ETHUSDT,2024-09-09 08:00:00.000,3.085e-05,2313.49376515,Regular
ETHUSDT,2024-09-09 16:00:00.001,-1.156e-05,2291.50000000,Regular
ETHUSDT,2024-09-10 00:00:00.000,1.082e-05,2358.25805303,Regular
ETHUSDT,2024-09-10 08:00:00.000,-3.453e-05,2362.34147727,Regular
ETHUSDT,2024-09-10 16:00:00.000,2.28e-06,2323.63000000,Regular
ETHUSDT,2024-09-11 00:00:00.000,2.484e-05,2387.63000000,Regular
ETHUSDT,2024-09-11 08:00:00.000,1.804e-05,2340.48028997,Regular
ETHUSDT,2024-09-11 16:00:00.000,-1.796e-05,2325.06475000,Regular
ETHUSDT,2024-09-12 00:00:00.000,2.592e-05,2339.50906818,Regular
ETHUSDT,2024-09-12 08:00:00.000,2.496e-05,2358.51614394,Regular
ETHUSDT,2024-09-12 16:00:00.000,1.134e-05,2321.92672727,Regular
ETHUSDT,2024-09-13 00:00:00.000,4.291e-05,2360.79000000,Regular
ETHUSDT,2024-09-13 08:00:00.001,5.003e-05,2347.64000000,Regular
ETHUSDT,2024-09-13 16:00:00.001,5.073e-05,2406.80000000,Regular
ETHUSDT,2024-09-14 00:00:00.000,8.45e-06,2438.15000000,Regular
ETHUSDT,2024-09-14 08:00:00.000,-4.15e-06,2419.30369906,Regular
ETHUSDT,2024-09-14 16:00:00.001,1.35e-06,2417.36000000,Regular
ETHUSDT,2024-09-15 00:00:00.000,-2.67e-06,2416.65000000,Regular
ETHUSDT,2024-09-15 08:00:00.000,1.355e-05,2421.60000000,Regular
ETHUSDT,2024-09-15 16:00:00.000,2.131e-05,2407.59000000,Regular
ETHUSDT,2024-09-16 00:00:00.000,3.228e-05,2314.86000000,Regular
ETHUSDT,2024-09-16 08:00:00.001,-6.942e-05,2309.36154545,Regular
ETHUSDT,2024-09-16 16:00:00.000,-1.149e-05,2286.71000000,Regular
ETHUSDT,2024-09-17 00:00:00.001,7.742e-05,2294.73073485,Regular
ETHUSDT,2024-09-17 08:00:00.000,2.423e-05,2308.10396212,Regular
ETHUSDT,2024-09-17 16:00:00.000,5.73e-05,2382.87000000,Regular
ETHUSDT,2024-09-18 00:00:00.000,4.792e-05,2340.61881061,Regular
ETHUSDT,2024-09-18 08:00:00.000,3.074e-05,2328.79163793,Regular
ETHUSDT,2024-09-18 16:00:00.004,2.329e-05,2295.11064394,Regular
ETHUSDT,2024-09-19 00:00:00.000,7.727e-05,2373.72314394,Regular
ETHUSDT,2024-09-19 08:00:00.000,8.266e-05,2436.37435737,Regular
ETHUSDT,2024-09-19 16:00:00.001,2.391e-05,2439.05709091,Regular
ETHUSDT,2024-09-20 00:00:00.000,0.0001,2464.55000000,Regular
ETHUSDT,2024-09-20 08:00:00.001,9.734e-05,2559.65922727,Regular
ETHUSDT,2024-09-20 16:00:00.000,0.0001,2559.17000000,Regular
ETHUSDT,2024-09-21 00:00:00.001,6.668e-05,2560.22775000,Regular
ETHUSDT,2024-09-21 08:00:00.000,6.665e-05,2554.64264394,Regular
ETHUSDT,2024-09-21 16:00:00.000,4.536e-05,2558.55585606,Regular
ETHUSDT,2024-09-22 00:00:00.000,4.896e-05,2611.63898119,Regular
ETHUSDT,2024-09-22 08:00:00.000,5.198e-05,2586.73000000,Regular
ETHUSDT,2024-09-22 16:00:00.000,0.0001,2569.75564394,Regular
ETHUSDT,2024-09-23 00:00:00.000,2.548e-05,2580.14776515,Regular
ETHUSDT,2024-09-23 08:00:00.000,6.821e-05,2645.28000000,Regular
ETHUSDT,2024-09-23 16:00:00.000,6.476e-05,2674.07000000,Regular
ETHUSDT,2024-09-24 00:00:00.000,3.85e-05,2645.99311364,Regular
ETHUSDT,2024-09-24 08:00:00.000,4.791e-05,2645.98000000,Regular
ETHUSDT,2024-09-24 16:00:00.001,4.739e-05,2611.67000000,Regular
ETHUSDT,2024-09-25 00:00:00.000,2.445e-05,2652.00000000,Regular
ETHUSDT,2024-09-25 08:00:00.003,5.722e-05,2620.58424242,Regular
ETHUSDT,2024-09-25 16:00:00.000,3.538e-05,2599.91000000,Regular
ETHUSDT,2024-09-26 00:00:00.005,7.493e-05,2578.81250758,Regular
ETHUSDT,2024-09-26 08:00:00.000,8.119e-05,2628.89389498,Regular
ETHUSDT,2024-09-26 16:00:00.000,0.0001,2651.09612879,Regular
ETHUSDT,2024-09-27 00:00:00.000,9.625e-05,2631.15838636,Regular
ETHUSDT,2024-09-27 08:00:00.000,7.694e-05,2656.06000000,Regular
ETHUSDT,2024-09-27 16:00:00.000,6.276e-05,2682.35957576,Regular
ETHUSDT,2024-09-28 00:00:00.000,0.0001,2693.53000000,Regular
ETHUSDT,2024-09-28 08:00:00.001,6.231e-05,2676.99000000,Regular
ETHUSDT,2024-09-28 16:00:00.000,7.162e-05,2668.81135088,Regular
ETHUSDT,2024-09-29 00:00:00.001,3.315e-05,2673.89000000,Regular
ETHUSDT,2024-09-29 08:00:00.000,6.785e-05,2639.59000000,Regular
ETHUSDT,2024-09-29 16:00:00.000,8.854e-05,2664.95000000,Regular
ETHUSDT,2024-09-30 00:00:00.000,6.161e-05,2656.53223485,Regular
ETHUSDT,2024-09-30 08:00:00.001,8.62e-05,2636.70000000,Regular
ETHUSDT,2024-09-30 16:00:00.000,0.0001,2595.04000000,Regular
ETHUSDT,2024-10-01 00:00:00.000,0.0001,2601.50855303,Regular
ETHUSDT,2024-10-01 08:00:00.000,0.0001,2644.79000000,Regular
ETHUSDT,2024-10-01 16:00:00.001,8.397e-05,2524.43405303,Regular
ETHUSDT,2024-10-02 00:00:00.000,0.0001,2447.37462121,Regular
ETHUSDT,2024-10-02 08:00:00.000,6.859e-05,2480.93055303,Regular
ETHUSDT,2024-10-02 16:00:00.000,0.0001,2459.84993182,Regular
ETHUSDT,2024-10-03 00:00:00.000,2.418e-05,2363.05760606,Regular
ETHUSDT,2024-10-03 08:00:00.000,4.124e-05,2363.74407576,Regular
ETHUSDT,2024-10-03 16:00:00.000,4.621e-05,2339.54000000,Regular
ETHUSDT,2024-10-04 00:00:00.000,5.138e-05,2348.74142424,Regular
ETHUSDT,2024-10-04 08:00:00.000,3.739e-05,2380.55000000,Regular
ETHUSDT,2024-10-04 16:00:00.001,3.9e-05,2415.86506061,Regular
ETHUSDT,2024-10-05 00:00:00.000,0.0001,2413.38000000,Regular
ETHUSDT,2024-10-05 08:00:00.000,7.909e-05,2414.26390909,Regular
ETHUSDT,2024-10-05 16:00:00.000,5.458e-05,2414.17883333,Regular
ETHUSDT,2024-10-06 00:00:00.000,9.056e-05,2413.61399687,Regular
ETHUSDT,2024-10-06 08:00:00.001,5.234e-05,2416.25000000,Regular
ETHUSDT,2024-10-06 16:00:00.000,3.309e-05,2445.67000000,Regular
ETHUSDT,2024-10-07 00:00:00.000,3.36e-05,2439.00112121,Regular
ETHUSDT,2024-10-07 08:00:00.000,9.258e-05,2479.56000000,Regular
ETHUSDT,2024-10-07 16:00:00.001,2.612e-05,2473.23508333,Regular
ETHUSDT,2024-10-08 00:00:00.000,6.592e-05,2421.75000000,Regular
ETHUSDT,2024-10-08 08:00:00.000,0.0001,2427.54000000,Regular
ETHUSDT,2024-10-08 16:00:00.000,8.377e-05,2418.43456061,Regular
ETHUSDT,2024-10-09 00:00:00.000,0.0001,2439.94553030,Regular
ETHUSDT,2024-10-09 08:00:00.000,3.64e-05,2434.91602273,Regular
ETHUSDT,2024-10-09 16:00:00.000,0.0001,2460.34000000,Regular
ETHUSDT,2024-10-10 00:00:00.000,6.663e-05,2369.63528997,Regular
ETHUSDT,2024-10-10 08:00:00.000,0.0001,2394.70969697,Regular
ETHUSDT,2024-10-10 16:00:00.000,0.0001,2403.95000000,Regular
ETHUSDT,2024-10-11 00:00:00.000,0.0001,2385.24000000,Regular
ETHUSDT,2024-10-11 08:00:00.000,9.474e-05,2406.74475758,Regular
ETHUSDT,2024-10-11 16:00:00.001,5.977e-05,2443.01857576,Regular
ETHUSDT,2024-10-12 00:00:00.000,4.445e-05,2438.46000000,Regular
ETHUSDT,2024-10-12 08:00:00.001,0.0001,2445.52084091,Regular
ETHUSDT,2024-10-12 16:00:00.000,7.35e-05,2471.79351515,Regular
ETHUSDT,2024-10-13 00:00:00.000,7.928e-05,2475.09000000,Regular
ETHUSDT,2024-10-13 08:00:00.000,3.958e-05,2463.98000000,Regular
ETHUSDT,2024-10-13 16:00:00.000,1.763e-05,2439.30859848,Regular
ETHUSDT,2024-10-14 00:00:00.000,6.559e-05,2467.88007576,Regular
ETHUSDT,2024-10-14 08:00:00.000,0.0001,2534.75000000,Regular
ETHUSDT,2024-10-14 16:00:00.000,0.0001,2634.95000000,Regular
ETHUSDT,2024-10-15 00:00:00.000,0.0001,2629.02475000,Regular
ETHUSDT,2024-10-15 08:00:00.000,0.0001,2615.20000000,Regular
ETHUSDT,2024-10-15 16:00:00.000,0.0001,2572.58000000,Regular
ETHUSDT,2024-10-16 00:00:00.000,0.0001,2606.85259091,Regular
ETHUSDT,2024-10-16 08:00:00.001,0.0001,2606.13990596,Regular
ETHUSDT,2024-10-16 16:00:00.000,0.0001,2606.71000000,Regular
ETHUSDT,2024-10-17 00:00:00.000,0.0001,2610.39000000,Regular
ETHUSDT,2024-10-17 08:00:00.000,0.0001,2627.87656061,Regular
ETHUSDT,2024-10-17 16:00:00.001,0.0001,2630.41000000,Regular
ETHUSDT,2024-10-18 00:00:00.010,0.0001,2605.01000000,Regular
ETHUSDT,2024-10-18 08:00:00.001,0.0001,2643.73988245,Regular
ETHUSDT,2024-10-18 16:00:00.000,0.0001,2652.12000000,Regular
ETHUSDT,2024-10-19 00:00:00.000,0.0001,2641.11000000,Regular
ETHUSDT,2024-10-19 08:00:00.000,0.0001,2640.05533575,Regular
ETHUSDT,2024-10-19 16:00:00.000,0.0001,2644.96379310,Regular
ETHUSDT,2024-10-20 00:00:00.000,0.0001,2647.45000000,Regular
ETHUSDT,2024-10-20 08:00:00.000,0.0001,2645.39000000,Regular
ETHUSDT,2024-10-20 16:00:00.000,0.0001,2705.92874242,Regular
ETHUSDT,2024-10-21 00:00:00.000,0.0001,2746.99113636,Regular
ETHUSDT,2024-10-21 08:00:00.000,0.0001,2722.69000000,Regular
ETHUSDT,2024-10-21 16:00:00.000,0.0001,2680.20000000,Regular
ETHUSDT,2024-10-22 00:00:00.000,0.0001,2666.60318182,Regular
ETHUSDT,2024-10-22 08:00:00.000,0.0001,2646.60909091,Regular
ETHUSDT,2024-10-22 16:00:00.000,0.0001,2624.00577273,Regular
ETHUSDT,2024-10-23 00:00:00.000,0.0001,2621.77483333,Regular
ETHUSDT,2024-10-23 08:00:00.000,0.0001,2602.15659875,Regular
ETHUSDT,2024-10-23 16:00:00.000,0.0001,2539.59437879,Regular
ETHUSDT,2024-10-24 00:00:00.000,0.0001,2523.84000000,Regular
ETHUSDT,2024-10-24 08:00:00.000,0.0001,2544.08723354,Regular
ETHUSDT,2024-10-24 16:00:00.000,0.0001,2525.31296212,Regular
ETHUSDT,2024-10-25 00:00:00.000,0.0001,2535.40438636,Regular
ETHUSDT,2024-10-25 08:00:00.000,0.0001,2483.30000000,Regular
ETHUSDT,2024-10-25 16:00:00.000,0.0001,2524.56563636,Regular
ETHUSDT,2024-10-26 00:00:00.000,0.0001,2440.19591693,Regular
ETHUSDT,2024-10-26 08:00:00.001,0.0001,2464.72000000,Regular
ETHUSDT,2024-10-26 16:00:00.000,0.0001,2456.86000000,Regular
ETHUSDT,2024-10-27 00:00:00.000,0.0001,2482.04000000,Regular
ETHUSDT,2024-10-27 08:00:00.000,0.0001,2480.12572727,Regular
ETHUSDT,2024-10-27 16:00:00.000,0.0001,2501.09000000,Regular
ETHUSDT,2024-10-28 00:00:00.000,0.0001,2507.43000000,Regular
ETHUSDT,2024-10-28 08:00:00.001,0.0001,2511.06000000,Regular
ETHUSDT,2024-10-28 16:00:00.000,0.0001,2500.30000000,Regular
ETHUSDT,2024-10-29 00:00:00.000,0.0001,2566.49000000,Regular
ETHUSDT,2024-10-29 08:00:00.000,0.0001,2612.70363636,Regular
ETHUSDT,2024-10-29 16:00:00.004,0.0001,2648.46282576,Regular
ETHUSDT,2024-10-30 00:00:00.000,0.0001,2639.28000000,Regular
ETHUSDT,2024-10-30 08:00:00.000,0.0001,2669.43000000,Regular
ETHUSDT,2024-10-30 16:00:00.013,0.0001,2683.58000000,Regular
ETHUSDT,2024-10-31 00:00:00.000,0.0001,2659.36000000,Regular
ETHUSDT,2024-10-31 08:00:00.000,0.0001,2647.04000000,Regular
ETHUSDT,2024-10-31 16:00:00.000,0.0001,2562.98285266,Regular
ETHUSDT,2024-11-01 00:00:00.000,0.0001,2518.59175758,Regular
ETHUSDT,2024-11-01 08:00:00.000,0.0001,2504.22762879,Regular
ETHUSDT,2024-11-01 16:00:00.000,0.0001,2500.03000000,Regular
ETHUSDT,2024-11-02 00:00:00.000,0.0001,2511.64234330,Regular
ETHUSDT,2024-11-02 08:00:00.000,0.0001,2507.47772727,Regular
ETHUSDT,2024-11-02 16:00:00.000,0.0001,2488.35234848,Regular
ETHUSDT,2024-11-03 00:00:00.000,0.0001,2493.71793182,Regular
ETHUSDT,2024-11-03 08:00:00.000,0.0001,2449.71112281,Regular
ETHUSDT,2024-11-03 16:00:00.000,0.0001,2442.84556818,Regular
ETHUSDT,2024-11-04 00:00:00.000,0.0001,2457.33609848,Regular
ETHUSDT,2024-11-04 08:00:00.000,0.0001,2458.97773171,Regular
ETHUSDT,2024-11-04 16:00:00.000,0.0001,2442.03068939,Regular
ETHUSDT,2024-11-05 00:00:00.000,0.0001,2397.69198485,Regular
ETHUSDT,2024-11-05 08:00:00.003,0.0001,2442.41237879,Regular
ETHUSDT,2024-11-05 16:00:00.001,0.0001,2439.95318182,Regular
ETHUSDT,2024-11-06 00:00:00.000,9.511e-05,2421.41000000,Regular
ETHUSDT,2024-11-06 08:00:00.000,0.0001,2594.62043182,Regular
ETHUSDT,2024-11-06 16:00:00.000,0.0001,2634.31947727,Regular
ETHUSDT,2024-11-07 00:00:00.000,0.0001,2722.59809848,Regular
ETHUSDT,2024-11-07 08:00:00.000,0.00014885,2821.55919697,Regular
ETHUSDT,2024-11-07 16:00:00.000,0.0001,2848.17000000,Regular
ETHUSDT,2024-11-08 00:00:00.000,0.0001,2895.32496212,Regular
ETHUSDT,2024-11-08 08:00:00.000,0.0001,2912.93000000,Regular
ETHUSDT,2024-11-08 16:00:00.000,0.0001,2937.37760188,Regular
ETHUSDT,2024-11-09 00:00:00.000,0.0001,2961.99611364,Regular
ETHUSDT,2024-11-09 08:00:00.000,0.0001,3030.61000000,Regular
ETHUSDT,2024-11-09 16:00:00.000,0.0001,3041.29000000,Regular
ETHUSDT,2024-11-10 00:00:00.000,0.0001,3127.02000000,Regular
ETHUSDT,2024-11-10 08:00:00.000,0.0001,3186.94784848,Regular
ETHUSDT,2024-11-10 16:00:00.000,0.00026708,3212.08415152,Regular
ETHUSDT,2024-11-11 00:00:00.001,0.00028976,3185.19000000,Regular
ETHUSDT,2024-11-11 08:00:00.000,0.0001881,3141.41000000,Regular
ETHUSDT,2024-11-11 16:00:00.000,0.00017298,3239.51057576,Regular
ETHUSDT,2024-11-12 00:00:00.002,0.00017687,3375.01000000,Regular
ETHUSDT,2024-11-12 08:00:00.000,0.0005762,3371.20585606,Regular
ETHUSDT,2024-11-12 16:00:00.000,0.00046001,3263.00402038,Regular
ETHUSDT,2024-11-13 00:00:00.000,0.00013607,3245.38177273,Regular
ETHUSDT,2024-11-13 08:00:00.010,0.00033556,3162.23196384,Regular
ETHUSDT,2024-11-13 16:00:00.000,0.00012894,3312.07000000,Regular
ETHUSDT,2024-11-14 00:00:00.001,0.0001058,3188.90000000,Regular
ETHUSDT,2024-11-14 08:00:00.000,0.0001,3219.52860163,Regular
ETHUSDT,2024-11-14 16:00:00.000,0.0001,3079.25000000,Regular
ETHUSDT,2024-11-15 00:00:00.000,0.00013133,3061.03000000,Regular
ETHUSDT,2024-11-15 08:00:00.000,0.00013108,3041.09000000,Regular
ETHUSDT,2024-11-15 16:00:00.000,0.0001,3025.00000000,Regular
ETHUSDT,2024-11-16 00:00:00.001,0.00018215,3091.75000000,Regular
ETHUSDT,2024-11-16 08:00:00.001,0.0001,3108.59000000,Regular
ETHUSDT,2024-11-16 16:00:00.000,0.00011351,3143.18000000,Regular
ETHUSDT,2024-11-17 00:00:00.000,0.0001,3134.03664634,Regular
ETHUSDT,2024-11-17 08:00:00.000,0.0001,3138.71667480,Regular
ETHUSDT,2024-11-17 16:00:00.001,0.00019685,3088.26000000,Regular
ETHUSDT,2024-11-18 00:00:00.000,0.00019865,3077.96172358,Regular
ETHUSDT,2024-11-18 08:00:00.000,0.00031651,3133.17667368,Regular
ETHUSDT,2024-11-18 16:00:00.000,0.00019762,3146.40000000,Regular
ETHUSDT,2024-11-19 00:00:00.000,0.00040458,3210.48000000,Regular
ETHUSDT,2024-11-19 08:00:00.000,0.00021234,3120.42000000,Regular
ETHUSDT,2024-11-19 16:00:00.000,0.00015353,3106.47000000,Regular
ETHUSDT,2024-11-20 00:00:00.003,0.00017369,3109.03724390,Regular
ETHUSDT,2024-11-20 08:00:00.000,0.00019505,3111.12000000,Regular
ETHUSDT,2024-11-20 16:00:00.000,0.00013619,3131.98000000,Regular
ETHUSDT,2024-11-21 00:00:00.001,0.0001,3070.99000000,Regular
ETHUSDT,2024-11-21 08:00:00.000,0.0001,3139.03000000,Regular
ETHUSDT,2024-11-21 16:00:00.001,0.00020146,3278.67979394,Regular
ETHUSDT,2024-11-22 00:00:00.000,0.0003418,3358.68000000,Regular
ETHUSDT,2024-11-22 08:00:00.000,0.00029201,3365.52929545,Regular
ETHUSDT,2024-11-22 16:00:00.001,0.00022123,3316.36000000,Regular
ETHUSDT,2024-11-23 00:00:00.000,0.00015103,3329.61233333,Regular
ETHUSDT,2024-11-23 08:00:00.000,0.00032558,3343.76475000,Regular
ETHUSDT,2024-11-23 16:00:00.000,0.00037006,3463.05068182,Regular
ETHUSDT,2024-11-24 00:00:00.001,0.00027011,3396.10584091,Regular
ETHUSDT,2024-11-24 08:00:00.000,0.00023721,3424.98000000,Regular
ETHUSDT,2024-11-24 16:00:00.000,0.00027264,3296.86402821,Regular
ETHUSDT,2024-11-25 00:00:00.000,0.00017259,3362.97000000,Regular
ETHUSDT,2024-11-25 08:00:00.000,0.00023935,3401.66000000,Regular
ETHUSDT,2024-11-25 16:00:00.000,0.00031797,3521.34000000,Regular
ETHUSDT,2024-11-26 00:00:00.000,0.0002448,3416.46168939,Regular
ETHUSDT,2024-11-26 08:00:00.000,0.0001227,3396.99000000,Regular
ETHUSDT,2024-11-26 16:00:00.000,0.0001819,3298.08000000,Regular
ETHUSDT,2024-11-27 00:00:00.000,0.00021068,3327.17000000,Regular
ETHUSDT,2024-11-27 08:00:00.000,0.00020895,3426.06000000,Regular
ETHUSDT,2024-11-27 16:00:00.001,0.00015706,3554.42000000,Regular
ETHUSDT,2024-11-28 00:00:00.000,0.00015948,3655.59450758,Regular
ETHUSDT,2024-11-28 08:00:00.000,0.0001647,3594.47405303,Regular
ETHUSDT,2024-11-28 16:00:00.000,0.0001,3542.64016667,Regular
ETHUSDT,2024-11-29 00:00:00.000,0.0001,3581.44333072,Regular
ETHUSDT,2024-11-29 08:00:00.000,0.00015354,3547.16385606,Regular
ETHUSDT,2024-11-29 16:00:00.000,0.0001,3615.20000000,Regular
ETHUSDT,2024-11-30 00:00:00.000,0.00017097,3594.51000000,Regular
ETHUSDT,2024-11-30 08:00:00.000,0.0002474,3705.28774242,Regular
ETHUSDT,2024-11-30 16:00:00.000,0.00012425,3676.60000000,Regular
ETHUSDT,2024-12-01 00:00:00.000,0.00011863,3705.41968182,Regular
ETHUSDT,2024-12-01 08:00:00.000,0.00013737,3704.67849242,Regular
ETHUSDT,2024-12-01 16:00:00.000,0.00015064,3730.99000000,Regular
ETHUSDT,2024-12-02 00:00:00.001,0.00036131,3711.24000000,Regular
ETHUSDT,2024-12-02 08:00:00.001,0.0002931,3669.22102273,Regular
ETHUSDT,2024-12-02 16:00:00.000,0.00028383,3674.54000000,Regular
ETHUSDT,2024-12-03 00:00:00.000,0.00026464,3646.27000000,Regular
ETHUSDT,2024-12-03 08:00:00.000,0.00034689,3619.60000000,Regular
ETHUSDT,2024-12-03 16:00:00.000,0.00014297,3573.61879545,Regular
ETHUSDT,2024-12-04 00:00:00.000,0.00018732,3616.78947727,Regular
ETHUSDT,2024-12-04 08:00:00.000,0.00015899,3717.78000000,Regular
ETHUSDT,2024-12-04 16:00:00.000,0.00019842,3824.29992424,Regular
ETHUSDT,2024-12-05 00:00:00.001,0.00023652,3841.13000000,Regular
ETHUSDT,2024-12-05 08:00:00.000,0.00049482,3852.64968182,Regular
ETHUSDT,2024-12-05 16:00:00.000,0.00031177,3890.40000000,Regular
ETHUSDT,2024-12-06 00:00:00.000,0.00014294,3787.30000000,Regular
ETHUSDT,2024-12-06 08:00:00.000,0.0002554,3896.68563636,Regular
ETHUSDT,2024-12-06 16:00:00.000,0.0002635,3996.27962121,Regular
ETHUSDT,2024-12-07 00:00:00.000,0.0003059,4001.74286364,Regular
ETHUSDT,2024-12-07 08:00:00.000,0.00024299,3989.09000000,Regular
ETHUSDT,2024-12-07 16:00:00.000,0.00023099,4007.67000000,Regular
ETHUSDT,2024-12-08 00:00:00.000,0.00020864,3999.36495455,Regular
ETHUSDT,2024-12-08 08:00:00.000,0.00023941,3983.18000000,Regular
ETHUSDT,2024-12-08 16:00:00.000,0.00018574,3993.64846212,Regular
ETHUSDT,2024-12-09 00:00:00.000,0.00020272,4006.47402273,Regular
ETHUSDT,2024-12-09 08:00:00.000,0.0001,3919.89340152,Regular
ETHUSDT,2024-12-09 16:00:00.001,0.00013421,3826.04000000,Regular
ETHUSDT,2024-12-10 00:00:00.007,0.0001,3714.03181818,Regular
ETHUSDT,2024-12-10 08:00:00.000,0.0001,3734.51000000,Regular
ETHUSDT,2024-12-10 16:00:00.000,0.0001,3566.68454545,Regular
ETHUSDT,2024-12-11 00:00:00.000,0.0001,3628.34049242,Regular
ETHUSDT,2024-12-11 08:00:00.000,0.0001,3652.17000000,Regular
ETHUSDT,2024-12-11 16:00:00.001,0.0001,3786.25952273,Regular
ETHUSDT,2024-12-12 00:00:00.001,0.0001,3830.46375000,Regular
ETHUSDT,2024-12-12 08:00:00.000,0.0001,3904.09295455,Regular
ETHUSDT,2024-12-12 16:00:00.001,0.0001,3956.90000000,Regular
ETHUSDT,2024-12-13 00:00:00.000,0.0001,3880.57898485,Regular
ETHUSDT,2024-12-13 08:00:00.000,0.0001,3884.14000000,Regular
ETHUSDT,2024-12-13 16:00:00.001,0.0001,3885.20000000,Regular
ETHUSDT,2024-12-14 00:00:00.000,0.0001,3905.59000000,Regular
ETHUSDT,2024-12-14 08:00:00.000,0.0001,3920.31000000,Regular
ETHUSDT,2024-12-14 16:00:00.000,0.0001,3887.45480303,Regular
ETHUSDT,2024-12-15 00:00:00.000,0.0001,3868.89247687,Regular
ETHUSDT,2024-12-15 08:00:00.000,0.0001,3843.45000000,Regular
ETHUSDT,2024-12-15 16:00:00.000,9.404e-05,3893.85392424,Regular
ETHUSDT,2024-12-16 00:00:00.000,8.662e-05,3958.27000000,Regular
ETHUSDT,2024-12-16 08:00:00.001,0.0001,3973.40130303,Regular
ETHUSDT,2024-12-16 16:00:00.000,0.0001,3940.78566667,Regular
ETHUSDT,2024-12-17 00:00:00.000,0.0001,3984.95412879,Regular
ETHUSDT,2024-12-17 08:00:00.000,0.0001,3993.12712879,Regular
ETHUSDT,2024-12-17 16:00:00.000,0.0001,3937.66000000,Regular
ETHUSDT,2024-12-18 00:00:00.000,8.046e-05,3891.04875000,Regular
ETHUSDT,2024-12-18 08:00:00.000,0.0001,3845.84731061,Regular
ETHUSDT,2024-12-18 16:00:00.000,0.0001,3867.00562121,Regular
ETHUSDT,2024-12-19 00:00:00.000,6.104e-05,3625.66968939,Regular
ETHUSDT,2024-12-19 08:00:00.000,7.438e-05,3691.68740909,Regular
ETHUSDT,2024-12-19 16:00:00.000,7.373e-05,3614.08556061,Regular
ETHUSDT,2024-12-20 00:00:00.000,0.0001,3416.70000000,Regular
ETHUSDT,2024-12-20 08:00:00.001,0.0001,3390.32762121,Regular
ETHUSDT,2024-12-20 16:00:00.014,0.0001,3373.10965909,Regular
ETHUSDT,2024-12-21 00:00:00.000,6.352e-05,3470.94545455,Regular
ETHUSDT,2024-12-21 08:00:00.000,0.0001,3521.66000000,Regular
ETHUSDT,2024-12-21 16:00:00.001,0.0001,3389.12000000,Regular
ETHUSDT,2024-12-22 00:00:00.000,0.0001,3337.53000000,Regular
ETHUSDT,2024-12-22 08:00:00.000,0.0001,3331.32000000,Regular
ETHUSDT,2024-12-22 16:00:00.000,5.37e-05,3300.95000000,Regular
ETHUSDT,2024-12-23 00:00:00.000,5.686e-05,3280.74000000,Regular
ETHUSDT,2024-12-23 08:00:00.000,5.398e-05,3303.43000000,Regular
ETHUSDT,2024-12-23 16:00:00.001,8.674e-05,3276.40000000,Regular
ETHUSDT,2024-12-24 00:00:00.000,0.0001,3420.95183333,Regular
ETHUSDT,2024-12-24 08:00:00.000,8.121e-05,3399.92000000,Regular
ETHUSDT,2024-12-24 16:00:00.001,2.757e-05,3491.42672727,Regular
ETHUSDT,2024-12-25 00:00:00.001,4.454e-05,3491.97000000,Regular
ETHUSDT,2024-12-25 08:00:00.000,6.55e-05,3488.08760606,Regular
ETHUSDT,2024-12-25 16:00:00.000,1.254e-05,3471.58000000,Regular
ETHUSDT,2024-12-26 00:00:00.000,0.0001,3495.39000000,Regular
ETHUSDT,2024-12-26 08:00:00.000,0.0001,3420.83000000,Regular
ETHUSDT,2024-12-26 16:00:00.000,6.305e-05,3342.43617424,Regular
ETHUSDT,2024-12-27 00:00:00.000,0.0001,3333.53222727,Regular
ETHUSDT,2024-12-27 08:00:00.000,8.428e-05,3324.55045455,Regular
ETHUSDT,2024-12-27 16:00:00.000,5.349e-05,3325.00000000,Regular
ETHUSDT,2024-12-28 00:00:00.001,0.0001,3332.09000000,Regular
ETHUSDT,2024-12-28 08:00:00.000,0.0001,3334.44495574,Regular
ETHUSDT,2024-12-28 16:00:00.000,9.336e-05,3366.70000000,Regular
ETHUSDT,2024-12-29 00:00:00.000,5.941e-05,3402.98461364,Regular
ETHUSDT,2024-12-29 08:00:00.000,5.146e-05,3405.79325235,Regular
ETHUSDT,2024-12-29 16:00:00.000,9.485e-05,3372.38333333,Regular
ETHUSDT,2024-12-30 00:00:00.000,0.0001,3355.47000000,Regular
ETHUSDT,2024-12-30 08:00:00.001,0.0001,3426.63934848,Regular
ETHUSDT,2024-12-30 16:00:00.000,0.0001,3323.48000000,Regular
ETHUSDT,2024-12-31 00:00:00.000,0.0001,3360.23223485,Regular
ETHUSDT,2024-12-31 08:00:00.000,8.514e-05,3352.60000000,Regular
ETHUSDT,2024-12-31 16:00:00.000,0.0001,3412.90488636,Regular
ETHUSDT,2025-01-01 00:00:00.015,0.0001,3336.65582576,Regular
ETHUSDT,2025-01-01 08:00:00.000,0.0001,3345.84000000,Regular
ETHUSDT,2025-01-01 16:00:00.001,0.0001,3352.09496411,Regular
ETHUSDT,2025-01-02 00:00:00.000,0.0001,3359.36000000,Regular
ETHUSDT,2025-01-02 08:00:00.006,0.0001,3419.70487879,Regular
ETHUSDT,2025-01-02 16:00:00.000,0.0001,3462.76000000,Regular
ETHUSDT,2025-01-03 00:00:00.000,0.0001,3455.04366746,Regular
ETHUSDT,2025-01-03 08:00:00.000,0.0001,3432.56215517,Regular
ETHUSDT,2025-01-03 16:00:00.000,0.0001,3564.48346970,Regular
ETHUSDT,2025-01-04 00:00:00.000,0.0001,3607.89000000,Regular
ETHUSDT,2025-01-04 08:00:00.000,0.0001,3593.04000000,Regular
ETHUSDT,2025-01-04 16:00:00.000,0.0001,3606.81199242,Regular
ETHUSDT,2025-01-05 00:00:00.000,0.0001,3655.99000000,Regular
ETHUSDT,2025-01-05 08:00:00.000,0.0001,3630.37000000,Regular
ETHUSDT,2025-01-05 16:00:00.000,0.0001,3628.45000000,Regular
ETHUSDT,2025-01-06 00:00:00.000,0.0001,3634.96000000,Regular
ETHUSDT,2025-01-06 08:00:00.001,0.0001,3649.43421212,Regular
ETHUSDT,2025-01-06 16:00:00.000,0.0001,3712.15000000,Regular
ETHUSDT,2025-01-07 00:00:00.000,0.0001,3686.16854545,Regular
ETHUSDT,2025-01-07 08:00:00.000,0.0001,3666.62087719,Regular
ETHUSDT,2025-01-07 16:00:00.008,0.0001,3462.06815909,Regular
ETHUSDT,2025-01-08 00:00:00.001,9.658e-05,3379.66537121,Regular
ETHUSDT,2025-01-08 08:00:00.000,0.0001,3353.51190909,Regular
ETHUSDT,2025-01-08 16:00:00.000,0.0001,3345.99000000,Regular
ETHUSDT,2025-01-09 00:00:00.000,6.609e-05,3325.60962121,Regular
ETHUSDT,2025-01-09 08:00:00.000,0.0001,3288.17000000,Regular
ETHUSDT,2025-01-09 16:00:00.000,0.0001,3318.79000000,Regular
ETHUSDT,2025-01-10 00:00:00.000,7.573e-05,3218.24000000,Regular
ETHUSDT,2025-01-10 08:00:00.000,6.162e-05,3294.73666928,Regular
ETHUSDT,2025-01-10 16:00:00.000,0.0001,3243.70000000,Regular
ETHUSDT,2025-01-11 00:00:00.000,6.574e-05,3265.64516667,Regular
ETHUSDT,2025-01-11 08:00:00.000,5.65e-05,3234.79000000,Regular
ETHUSDT,2025-01-11 16:00:00.000,0.0001,3270.07000000,Regular
ETHUSDT,2025-01-12 00:00:00.000,0.0001,3281.85000000,Regular
ETHUSDT,2025-01-12 08:00:00.000,0.0001,3265.74000000,Regular
ETHUSDT,2025-01-12 16:00:00.000,8.134e-05,3284.40000000,Regular
ETHUSDT,2025-01-13 00:00:00.000,0.0001,3265.70000000,Regular
ETHUSDT,2025-01-13 08:00:00.000,9.353e-05,3200.54000000,Regular
ETHUSDT,2025-01-13 16:00:00.000,3.392e-05,3048.06267480,Regular
ETHUSDT,2025-01-14 00:00:00.000,5.423e-05,3136.13000000,Regular
ETHUSDT,2025-01-14 08:00:00.000,7.452e-05,3170.39000000,Regular
ETHUSDT,2025-01-14 16:00:00.000,7.652e-05,3197.87000000,Regular
ETHUSDT,2025-01-15 00:00:00.000,4.503e-05,3223.99000000,Regular
ETHUSDT,2025-01-15 08:00:00.000,5.924e-05,3231.31000000,Regular
ETHUSDT,2025-01-15 16:00:00.000,5.443e-05,3333.19000000,Regular
ETHUSDT,2025-01-16 00:00:00.000,0.0001,3449.80000000,Regular
ETHUSDT,2025-01-16 08:00:00.000,8.311e-05,3382.61535772,Regular
ETHUSDT,2025-01-16 16:00:00.000,5.275e-05,3332.05626423,Regular
ETHUSDT,2025-01-17 00:00:00.004,0.0001,3306.94000000,Regular
ETHUSDT,2025-01-17 08:00:00.000,0.0001,3371.64284693,Regular
ETHUSDT,2025-01-17 16:00:00.008,0.0001,3420.44000000,Regular
ETHUSDT,2025-01-18 00:00:00.000,0.0001,3472.37000000,Regular
ETHUSDT,2025-01-18 08:00:00.007,0.0001,3286.58371545,Regular
ETHUSDT,2025-01-18 16:00:00.000,0.0001,3305.47000000,Regular
ETHUSDT,2025-01-19 00:00:00.000,0.0001,3306.79597561,Regular
ETHUSDT,2025-01-19 08:00:00.000,0.0001,3275.02000000,Regular
ETHUSDT,2025-01-19 16:00:00.000,0.0001,3383.98005046,Regular
ETHUSDT,2025-01-20 00:00:00.000,0.0001,3213.98000000,Regular
ETHUSDT,2025-01-20 08:00:00.009,0.0001,3381.85902439,Regular
ETHUSDT,2025-01-20 16:00:00.000,0.0001,3335.67609756,Regular
ETHUSDT,2025-01-21 00:00:00.000,0.0001,3283.20000000,Regular
ETHUSDT,2025-01-21 08:00:00.000,0.0001,3254.31536179,Regular
ETHUSDT,2025-01-21 16:00:00.000,0.0001,3294.29530894,Regular
ETHUSDT,2025-01-22 00:00:00.000,0.0001,3326.91778385,Regular
ETHUSDT,2025-01-22 08:00:00.000,0.0001,3286.92000000,Regular
ETHUSDT,2025-01-22 16:00:00.000,0.0001,3277.47000000,Regular
ETHUSDT,2025-01-23 00:00:00.001,0.0001,3241.99000000,Regular
ETHUSDT,2025-01-23 08:00:00.000,0.0001,3232.07000000,Regular
ETHUSDT,2025-01-23 16:00:00.000,0.0001,3258.51000000,Regular
ETHUSDT,2025-01-24 00:00:00.000,0.0001,3337.88000000,Regular
ETHUSDT,2025-01-24 08:00:00.000,0.0001,3380.59000000,Regular
ETHUSDT,2025-01-24 16:00:00.000,0.0001,3382.95525397,Regular
ETHUSDT,2025-01-25 00:00:00.000,6.904e-05,3308.62136508,Regular
ETHUSDT,2025-01-25 08:00:00.000,7.065e-05,3289.99000000,Regular
ETHUSDT,2025-01-25 16:00:00.001,8.41e-05,3333.22352381,Regular
ETHUSDT,2025-01-26 00:00:00.000,9.663e-05,3317.90000000,Regular
ETHUSDT,2025-01-26 08:00:00.000,9.725e-05,3337.74384127,Regular
ETHUSDT,2025-01-26 16:00:00.000,3.849e-05,3313.92919841,Regular
ETHUSDT,2025-01-27 00:00:00.000,-2.76e-06,3231.86504762,Regular
ETHUSDT,2025-01-27 08:00:00.000,3.922e-05,3069.22191270,Regular
ETHUSDT,2025-01-27 16:00:00.000,3.069e-05,3131.06000000,Regular
ETHUSDT,2025-01-28 00:00:00.000,0.0001,3180.78452381,Regular
ETHUSDT,2025-01-28 08:00:00.000,4.046e-05,3194.66126190,Regular
ETHUSDT,2025-01-28 16:00:00.000,5.904e-05,3180.16000000,Regular
ETHUSDT,2025-01-29 00:00:00.000,0.0001,3075.95000000,Regular
ETHUSDT,2025-01-29 08:00:00.000,6.567e-05,3155.64000000,Regular
ETHUSDT,2025-01-29 16:00:00.000,8.686e-05,3099.82631746,Regular
ETHUSDT,2025-01-30 00:00:00.000,2.287e-05,3112.54000000,Regular
ETHUSDT,2025-01-30 08:00:00.000,0.0001,3189.70955556,Regular
ETHUSDT,2025-01-30 16:00:00.000,7.055e-05,3254.00000000,Regular
ETHUSDT,2025-01-31 00:00:00.000,9.386e-05,3245.86000000,Regular
ETHUSDT,2025-01-31 08:00:00.000,7.998e-05,3240.66432540,Regular
ETHUSDT,2025-01-31 16:00:00.000,0.0001,3427.00000000,Regular
ETHUSDT,2025-02-01 00:00:00.000,8.432e-05,3299.50000000,Regular
ETHUSDT,2025-02-01 08:00:00.000,9.742e-05,3279.00000000,Regular
ETHUSDT,2025-02-01 16:00:00.000,3.573e-05,3249.40000000,Regular
ETHUSDT,2025-02-02 00:00:00.001,7.609e-05,3116.38138889,Regular
ETHUSDT,2025-02-02 08:00:00.000,0.0001,3100.08000000,Regular
ETHUSDT,2025-02-02 16:00:00.000,2.6e-05,3079.51029365,Regular
ETHUSDT,2025-02-03 00:00:00.000,3.237e-05,2868.28196032,Regular
ETHUSDT,2025-02-03 08:00:00.000,-0.00016657,2619.54513492,Regular
ETHUSDT,2025-02-03 16:00:00.000,-0.00025121,2699.12000000,Regular
ETHUSDT,2025-02-04 00:00:00.000,-0.00010653,2878.85095238,Regular
ETHUSDT,2025-02-04 08:00:00.001,1.07e-05,2701.90771429,Regular
ETHUSDT,2025-02-04 16:00:00.000,-8.177e-05,2775.60000000,Regular
ETHUSDT,2025-02-05 00:00:00.001,-8.329e-05,2729.84000000,Regular
ETHUSDT,2025-02-05 08:00:00.001,5.754e-05,2758.18000000,Regular
ETHUSDT,2025-02-05 16:00:00.000,-2.404e-05,2772.15000000,Regular
ETHUSDT,2025-02-06 00:00:00.001,4.939e-05,2787.00000000,Regular
ETHUSDT,2025-02-06 08:00:00.001,-5.35e-06,2830.40000000,Regular
ETHUSDT,2025-02-06 16:00:00.000,-7.747e-05,2704.38000000,Regular
ETHUSDT,2025-02-07 00:00:00.000,2.439e-05,2685.49575397,Regular
ETHUSDT,2025-02-07 08:00:00.000,2.905e-05,2711.75472085,Regular
ETHUSDT,2025-02-07 16:00:00.000,-1.197e-05,2720.66266667,Regular
ETHUSDT,2025-02-08 00:00:00.000,-1.894e-05,2620.66288095,Regular
ETHUSDT,2025-02-08 08:00:00.000,9.532e-05,2628.33000000,Regular
ETHUSDT,2025-02-08 16:00:00.000,6.93e-05,2604.17014286,Regular
ETHUSDT,2025-02-09 00:00:00.000,-3.64e-06,2631.00000000,Regular
ETHUSDT,2025-02-09 08:00:00.000,5.479e-05,2661.30000000,Regular
ETHUSDT,2025-02-09 16:00:00.000,5.02e-05,2651.97135714,Regular
ETHUSDT,2025-02-10 00:00:00.000,9.11e-06,2626.00000000,Regular
ETHUSDT,2025-02-10 08:00:00.000,7.074e-05,2636.11000000,Regular
ETHUSDT,2025-02-10 16:00:00.000,5.396e-05,2657.38649206,Regular
ETHUSDT,2025-02-11 00:00:00.000,-5.72e-06,2660.07700000,Regular
ETHUSDT,2025-02-11 08:00:00.000,4.26e-05,2711.35780159,Regular
ETHUSDT,2025-02-11 16:00:00.000,-1.236e-05,2661.42000000,Regular
ETHUSDT,2025-02-12 00:00:00.000,6.151e-05,2601.52231746,Regular
ETHUSDT,2025-02-12 08:00:00.000,3.35e-05,2617.51000000,Regular
ETHUSDT,2025-02-12 16:00:00.001,8.407e-05,2605.99000000,Regular
ETHUSDT,2025-02-13 00:00:00.001,9.54e-05,2737.14000000,Regular
ETHUSDT,2025-02-13 08:00:00.000,0.0001,2680.13588889,Regular
ETHUSDT,2025-02-13 16:00:00.001,1.027e-05,2646.97477833,Regular
ETHUSDT,2025-02-14 00:00:00.000,2.39e-06,2674.52000000,Regular
ETHUSDT,2025-02-14 08:00:00.001,8.242e-05,2698.21374603,Regular
ETHUSDT,2025-02-14 16:00:00.000,7.834e-05,2733.36000000,Regular
ETHUSDT,2025-02-15 00:00:00.000,4.385e-05,2724.41000000,Regular
ETHUSDT,2025-02-15 08:00:00.000,3.822e-05,2696.89234921,Regular
ETHUSDT,2025-02-15 16:00:00.000,8.44e-06,2689.85000000,Regular
ETHUSDT,2025-02-16 00:00:00.000,3.859e-05,2691.90181746,Regular
ETHUSDT,2025-02-16 08:00:00.000,5.945e-05,2694.55437302,Regular
ETHUSDT,2025-02-16 16:00:00.000,3.775e-05,2693.10178571,Regular
ETHUSDT,2025-02-17 00:00:00.000,3.649e-05,2660.36088095,Regular
ETHUSDT,2025-02-17 08:00:00.000,5.61e-05,2680.76096032,Regular
ETHUSDT,2025-02-17 16:00:00.000,0.0001,2755.01133333,Regular
ETHUSDT,2025-02-18 00:00:00.000,4.742e-05,2742.99604762,Regular
ETHUSDT,2025-02-18 08:00:00.000,-1.595e-05,2671.01000000,Regular
ETHUSDT,2025-02-18 16:00:00.000,5.441e-05,2672.38000000,Regular
ETHUSDT,2025-02-19 00:00:00.000,4.964e-05,2670.57000000,Regular
ETHUSDT,2025-02-19 08:00:00.000,7.273e-05,2707.09558292,Regular
ETHUSDT,2025-02-19 16:00:00.000,3.185e-05,2695.61807143,Regular
ETHUSDT,2025-02-20 00:00:00.000,-2.07e-06,2714.23273016,Regular
ETHUSDT,2025-02-20 08:00:00.000,5.629e-05,2729.18799206,Regular
ETHUSDT,2025-02-20 16:00:00.000,6.405e-05,2710.93000000,Regular
ETHUSDT,2025-02-21 00:00:00.001,3.574e-05,2736.87000000,Regular
ETHUSDT,2025-02-21 08:00:00.000,6.624e-05,2754.90000000,Regular
ETHUSDT,2025-02-21 16:00:00.000,4.228e-05,2722.25000000,Regular
ETHUSDT,2025-02-22 00:00:00.000,3.254e-05,2661.00246032,Regular
ETHUSDT,2025-02-22 08:00:00.000,-1.427e-05,2682.81000000,Regular
ETHUSDT,2025-02-22 16:00:00.000,3.41e-05,2774.99000000,Regular
ETHUSDT,2025-02-23 00:00:00.000,9.726e-05,2762.16142063,Regular
ETHUSDT,2025-02-23 08:00:00.000,3.796e-05,2823.78114286,Regular
ETHUSDT,2025-02-23 16:00:00.000,2.13e-06,2781.67002381,Regular
ETHUSDT,2025-02-24 00:00:00.000,7.127e-05,2818.55000000,Regular
ETHUSDT,2025-02-24 08:00:00.000,9.24e-06,2720.74977778,Regular
ETHUSDT,2025-02-24 16:00:00.000,3.082e-05,2657.59000000,Regular
ETHUSDT,2025-02-25 00:00:00.000,-3.589e-05,2513.08800000,Regular
ETHUSDT,2025-02-25 08:00:00.000,4.71e-06,2368.46179803,Regular
ETHUSDT,2025-02-25 16:00:00.000,2.913e-05,2408.56378489,Regular
ETHUSDT,2025-02-26 00:00:00.000,1.86e-05,2494.21000000,Regular
ETHUSDT,2025-02-26 08:00:00.000,6.103e-05,2482.67000000,Regular
ETHUSDT,2025-02-26 16:00:00.000,3.433e-05,2427.58000000,Regular
ETHUSDT,2025-02-27 00:00:00.001,8.515e-05,2335.43765079,Regular
ETHUSDT,2025-02-27 08:00:00.000,0.0001,2355.38000000,Regular
ETHUSDT,2025-02-27 16:00:00.000,5.027e-05,2322.58465079,Regular
ETHUSDT,2025-02-28 00:00:00.001,4.097e-05,2306.65000000,Regular
ETHUSDT,2025-02-28 08:00:00.000,1.219e-05,2105.62862698,Regular
ETHUSDT,2025-02-28 16:00:00.000,1.248e-05,2221.68000000,Regular
ETHUSDT,2025-03-01 00:00:00.000,4.855e-05,2236.07630952,Regular
ETHUSDT,2025-03-01 08:00:00.000,-1.061e-05,2228.15000000,Regular
ETHUSDT,2025-03-01 16:00:00.001,-9.31e-06,2172.35000000,Regular
ETHUSDT,2025-03-02 00:00:00.000,3.173e-05,2216.50000000,Regular
ETHUSDT,2025-03-02 08:00:00.000,6.221e-05,2220.24000000,Regular
ETHUSDT,2025-03-02 16:00:00.000,6.102e-05,2228.34704762,Regular
ETHUSDT,2025-03-03 00:00:00.001,-7.88e-06,2517.34928571,Regular
ETHUSDT,2025-03-03 08:00:00.000,3.061e-05,2386.80000000,Regular
ETHUSDT,2025-03-03 16:00:00.000,6.25e-06,2286.32000000,Regular
ETHUSDT,2025-03-04 00:00:00.001,-4.308e-05,2148.22000000,Regular
ETHUSDT,2025-03-04 08:00:00.005,-3.762e-05,2079.65000000,Regular
ETHUSDT,2025-03-04 16:00:00.000,2.04e-06,2073.64000000,Regular
ETHUSDT,2025-03-05 00:00:00.000,6.417e-05,2170.51000000,Regular
ETHUSDT,2025-03-05 08:00:00.000,7.146e-05,2206.99475397,Regular
ETHUSDT,2025-03-05 16:00:00.000,2.539e-05,2185.78508730,Regular
ETHUSDT,2025-03-06 00:00:00.000,-1.037e-05,2240.45000000,Regular
ETHUSDT,2025-03-06 08:00:00.001,1.125e-05,2285.20772222,Regular
ETHUSDT,2025-03-06 16:00:00.000,2.685e-05,2256.60609524,Regular
ETHUSDT,2025-03-07 00:00:00.000,-2.474e-05,2201.34000000,Regular
ETHUSDT,2025-03-07 08:00:00.001,2.874e-05,2191.78992857,Regular
ETHUSDT,2025-03-07 16:00:00.000,5.628e-05,2208.49550794,Regular
ETHUSDT,2025-03-08 00:00:00.000,3.124e-05,2140.72000000,Regular
ETHUSDT,2025-03-08 08:00:00.001,3.76e-05,2136.91946032,Regular
ETHUSDT,2025-03-08 16:00:00.001,6.837e-05,2180.40000000,Regular
ETHUSDT,2025-03-09 00:00:00.001,6.871e-05,2202.84000000,Regular
ETHUSDT,2025-03-09 08:00:00.000,3.637e-05,2184.17950000,Regular
ETHUSDT,2025-03-09 16:00:00.000,-1.3e-07,2096.15786508,Regular
ETHUSDT,2025-03-10 00:00:00.000,-4.249e-05,2019.25000000,Regular
ETHUSDT,2025-03-10 08:00:00.000,2.575e-05,2074.40057937,Regular
ETHUSDT,2025-03-10 16:00:00.000,3.433e-05,2016.94127778,Regular
ETHUSDT,2025-03-11 00:00:00.000,-4.045e-05,1864.36000000,Regular
ETHUSDT,2025-03-11 08:00:00.000,2.173e-05,1903.50981938,Regular
ETHUSDT,2025-03-11 16:00:00.001,7.553e-05,1913.58000000,Regular
ETHUSDT,2025-03-12 00:00:00.000,1.672e-05,1922.60000000,Regular
ETHUSDT,2025-03-12 08:00:00.000,1.107e-05,1910.49414286,Regular
ETHUSDT,2025-03-12 16:00:00.001,-3.413e-05,1868.99963492,Regular
ETHUSDT,2025-03-13 00:00:00.000,2.931e-05,1907.37000000,Regular
ETHUSDT,2025-03-13 08:00:00.000,-5e-08,1871.20000000,Regular
ETHUSDT,2025-03-13 16:00:00.000,4.218e-05,1874.72000000,Regular
ETHUSDT,2025-03-14 00:00:00.000,2.744e-05,1863.98951560,Regular
ETHUSDT,2025-03-14 08:00:00.000,7.681e-05,1892.13000000,Regular
ETHUSDT,2025-03-14 16:00:00.000,5.537e-05,1921.17000000,Regular
ETHUSDT,2025-03-15 00:00:00.000,2.924e-05,1910.98000000,Regular
ETHUSDT,2025-03-15 08:00:00.000,5.445e-05,1916.86000000,Regular
ETHUSDT,2025-03-15 16:00:00.000,1.25e-05,1936.80000000,Regular
ETHUSDT,2025-03-16 00:00:00.000,-3.041e-05,1936.27000000,Regular
ETHUSDT,2025-03-16 08:00:00.000,-2.357e-05,1925.21000000,Regular
ETHUSDT,2025-03-16 16:00:00.000,-2.967e-05,1894.21000000,Regular
ETHUSDT,2025-03-17 00:00:00.000,2.057e-05,1886.20129060,Regular
ETHUSDT,2025-03-17 08:00:00.000,5.669e-05,1900.13000000,Regular
ETHUSDT,2025-03-17 16:00:00.000,3.697e-05,1918.50000000,Regular
ETHUSDT,2025-03-18 00:00:00.000,5.319e-05,1925.37789819,Regular
ETHUSDT,2025-03-18 08:00:00.000,4.099e-05,1904.15778571,Regular
ETHUSDT,2025-03-18 16:00:00.000,1.465e-05,1879.97000000,Regular
ETHUSDT,2025-03-19 00:00:00.000,5.983e-05,1930.68823016,Regular
ETHUSDT,2025-03-19 08:00:00.000,8.986e-05,1930.98000000,Regular
ETHUSDT,2025-03-19 16:00:00.000,6.676e-05,2047.87000000,Regular
ETHUSDT,2025-03-20 00:00:00.000,-1.704e-05,2055.29887302,Regular
ETHUSDT,2025-03-20 08:00:00.000,1.553e-05,2006.47000000,Regular
ETHUSDT,2025-03-20 16:00:00.000,-8.57e-06,1971.36017460,Regular
ETHUSDT,2025-03-21 00:00:00.000,5.235e-05,1982.98311111,Regular
ETHUSDT,2025-03-21 08:00:00.000,6.749e-05,1976.00000000,Regular
ETHUSDT,2025-03-21 16:00:00.000,2.613e-05,1949.78000000,Regular
ETHUSDT,2025-03-22 00:00:00.000,-1.402e-05,1964.88967460,Regular
ETHUSDT,2025-03-22 08:00:00.004,-2.617e-05,1983.15000000,Regular
ETHUSDT,2025-03-22 16:00:00.000,2.587e-05,1985.42480159,Regular
ETHUSDT,2025-03-23 00:00:00.000,1.553e-05,1979.84956349,Regular
ETHUSDT,2025-03-23 08:00:00.000,6.053e-05,2007.20000000,Regular
ETHUSDT,2025-03-23 16:00:00.000,-3.36e-06,2006.25524603,Regular
ETHUSDT,2025-03-24 00:00:00.000,-1.29e-05,2005.00000000,Regular
ETHUSDT,2025-03-24 08:00:00.000,9.456e-05,2068.40000000,Regular
ETHUSDT,2025-03-24 16:00:00.000,3.069e-05,2088.80000000,Regular
ETHUSDT,2025-03-25 00:00:00.001,6.736e-05,2080.41000000,Regular
ETHUSDT,2025-03-25 08:00:00.000,1.456e-05,2054.80000000,Regular
ETHUSDT,2025-03-25 16:00:00.000,-4.75e-06,2066.59089683,Regular
ETHUSDT,2025-03-26 00:00:00.000,2.976e-05,2065.24099343,Regular
ETHUSDT,2025-03-26 08:00:00.000,1.074e-05,2068.54289683,Regular
ETHUSDT,2025-03-26 16:00:00.001,-2.235e-05,2011.88234921,Regular
ETHUSDT,2025-03-27 00:00:00.001,4.542e-05,2008.69000000,Regular
ETHUSDT,2025-03-27 08:00:00.001,7.427e-05,2025.49000794,Regular
ETHUSDT,2025-03-27 16:00:00.002,3.127e-05,2004.54466667,Regular
ETHUSDT,2025-03-28 00:00:00.001,6.551e-05,2002.80000000,Regular
ETHUSDT,2025-03-28 08:00:00.001,-2.896e-05,1909.08424603,Regular
ETHUSDT,2025-03-28 16:00:00.000,-1.109e-05,1871.49325397,Regular
ETHUSDT,2025-03-29 00:00:00.000,3.56e-06,1896.03000000,Regular
ETHUSDT,2025-03-29 08:00:00.000,4.498e-05,1879.55482540,Regular
ETHUSDT,2025-03-29 16:00:00.000,3.469e-05,1838.40000000,Regular
ETHUSDT,2025-03-30 00:00:00.000,-1.072e-05,1827.32000000,Regular
ETHUSDT,2025-03-30 08:00:00.000,-1.999e-05,1836.69000000,Regular
ETHUSDT,2025-03-30 16:00:00.000,1.191e-05,1812.82000000,Regular
ETHUSDT,2025-03-31 00:00:00.000,-3.26e-06,1807.00000000,Regular
ETHUSDT,2025-03-31 08:00:00.000,2.663e-05,1798.05000000,Regular
ETHUSDT,2025-03-31 16:00:00.000,2.009e-05,1841.39123016,Regular
ETHUSDT,2025-04-01 00:00:00.000,-6.52e-06,1821.59000000,Regular
ETHUSDT,2025-04-01 08:00:00.001,2.877e-05,1853.39356349,Regular
ETHUSDT,2025-04-01 16:00:00.000,3.314e-05,1917.90000000,Regular
ETHUSDT,2025-04-02 00:00:00.001,3.676e-05,1904.20000000,Regular
ETHUSDT,2025-04-02 08:00:00.000,-4.5e-07,1864.30988889,Regular
ETHUSDT,2025-04-02 16:00:00.000,4.262e-05,1900.10000000,Regular
ETHUSDT,2025-04-03 00:00:00.000,-6.39e-06,1794.26434127,Regular
ETHUSDT,2025-04-03 08:00:00.000,6.39e-05,1814.69311987,Regular
ETHUSDT,2025-04-03 16:00:00.000,-6.15e-06,1781.23825944,Regular
ETHUSDT,2025-04-04 00:00:00.000,6.701e-05,1816.30000000,Regular
ETHUSDT,2025-04-04 08:00:00.000,-2.093e-05,1816.87000000,Regular
ETHUSDT,2025-04-04 16:00:00.000,3.78e-05,1794.47000000,Regular
ETHUSDT,2025-04-05 00:00:00.000,2.181e-05,1816.18508730,Regular
ETHUSDT,2025-04-05 08:00:00.000,5.939e-05,1812.40000000,Regular
ETHUSDT,2025-04-05 16:00:00.000,-7.82e-06,1781.10160317,Regular
ETHUSDT,2025-04-06 00:00:00.000,2.389e-05,1805.04000000,Regular
ETHUSDT,2025-04-06 08:00:00.000,5.41e-05,1796.86100794,Regular
ETHUSDT,2025-04-06 16:00:00.002,-2.372e-05,1759.59000000,Regular
ETHUSDT,2025-04-07 00:00:00.000,-3.784e-05,1579.98000000,Regular
ETHUSDT,2025-04-07 08:00:00.000,-9.65e-06,1459.71000000,Regular
ETHUSDT,2025-04-07 16:00:00.000,-3.451e-05,1556.02875397,Regular
ETHUSDT,2025-04-08 00:00:00.000,-4.38e-06,1552.44000000,Regular
ETHUSDT,2025-04-08 08:00:00.000,1.155e-05,1569.98000000,Regular
ETHUSDT,2025-04-08 16:00:00.000,-1.429e-05,1530.89000000,Regular
ETHUSDT,2025-04-09 00:00:00.000,-4.82e-05,1472.68000000,Regular
ETHUSDT,2025-04-09 08:00:00.001,-6.596e-05,1482.90000000,Regular
ETHUSDT,2025-04-09 16:00:00.000,1.591e-05,1484.58000000,Regular
ETHUSDT,2025-04-10 00:00:00.000,0.0001,1668.69000000,Regular
ETHUSDT,2025-04-10 08:00:00.000,3.042e-05,1595.02000000,Regular
ETHUSDT,2025-04-10 16:00:00.000,-7.8e-07,1494.94000000,Regular
ETHUSDT,2025-04-11 00:00:00.001,-9.18e-06,1521.79074603,Regular
ETHUSDT,2025-04-11 08:00:00.000,-5.857e-05,1551.99000000,Regular
ETHUSDT,2025-04-11 16:00:00.000,-4.61e-06,1564.80000000,Regular
ETHUSDT,2025-04-12 00:00:00.000,2.511e-05,1565.96000000,Regular
ETHUSDT,2025-04-12 08:00:00.001,-6e-06,1581.23000000,Regular
ETHUSDT,2025-04-12 16:00:00.000,2.416e-05,1655.20279146,Regular
ETHUSDT,2025-04-13 00:00:00.000,7.676e-05,1643.60000000,Regular
ETHUSDT,2025-04-13 08:00:00.000,5.203e-05,1612.94861640,Regular
ETHUSDT,2025-04-13 16:00:00.000,5.299e-05,1586.15506349,Regular
ETHUSDT,2025-04-14 00:00:00.000,7.387e-05,1596.93000000,Regular
ETHUSDT,2025-04-14 08:00:00.000,5.913e-05,1634.92172222,Regular
ETHUSDT,2025-04-14 16:00:00.000,5.384e-05,1627.19251232,Regular
ETHUSDT,2025-04-15 00:00:00.000,2.56e-05,1623.03000000,Regular
ETHUSDT,2025-04-15 08:00:00.000,1.812e-05,1644.24902778,Regular
ETHUSDT,2025-04-15 16:00:00.001,3.35e-06,1620.11000000,Regular
ETHUSDT,2025-04-16 00:00:00.000,4.294e-05,1588.05889163,Regular
ETHUSDT,2025-04-16 08:00:00.000,-2.96e-05,1563.51188013,Regular
ETHUSDT,2025-04-16 16:00:00.000,-2.514e-05,1589.76000000,Regular
ETHUSDT,2025-04-17 00:00:00.001,4.479e-05,1576.74085714,Regular
ETHUSDT,2025-04-17 08:00:00.000,5.184e-05,1600.99000000,Regular
ETHUSDT,2025-04-17 16:00:00.001,-1.791e-05,1582.34000000,Regular
ETHUSDT,2025-04-18 00:00:00.000,-3.125e-05,1582.88586243,Regular
ETHUSDT,2025-04-18 08:00:00.000,2.747e-05,1583.45000000,Regular
ETHUSDT,2025-04-18 16:00:00.000,-1.492e-05,1582.35157143,Regular
ETHUSDT,2025-04-19 00:00:00.000,-2.388e-05,1587.92270252,Regular
ETHUSDT,2025-04-19 08:00:00.000,8.846e-05,1600.28000000,Regular
ETHUSDT,2025-04-19 16:00:00.000,7.189e-05,1606.66150583,Regular
ETHUSDT,2025-04-20 00:00:00.000,5.765e-05,1612.66000000,Regular
ETHUSDT,2025-04-20 08:00:00.000,7.724e-05,1596.67526984,Regular
ETHUSDT,2025-04-20 16:00:00.000,-5.358e-05,1572.81000000,Regular
ETHUSDT,2025-04-21 00:00:00.000,-1.24e-06,1586.62694048,Regular
ETHUSDT,2025-04-21 08:00:00.005,0.0001,1645.12210317,Regular
ETHUSDT,2025-04-21 16:00:00.003,8.017e-05,1622.50000000,Regular
ETHUSDT,2025-04-22 00:00:00.008,-3.6e-05,1578.67764286,Regular
ETHUSDT,2025-04-22 08:00:00.000,2.2e-07,1618.74385714,Regular
ETHUSDT,2025-04-22 16:00:00.000,8.105e-05,1702.06476190,Regular
ETHUSDT,2025-04-23 00:00:00.000,6.679e-05,1755.58000000,Regular
ETHUSDT,2025-04-23 08:00:00.002,9.616e-05,1791.51582102,Regular
ETHUSDT,2025-04-23 16:00:00.000,0.0001,1794.38221127,Regular
ETHUSDT,2025-04-24 00:00:00.000,0.0001,1794.46000000,Regular
ETHUSDT,2025-04-24 08:00:00.001,7.229e-05,1755.61000000,Regular
ETHUSDT,2025-04-24 16:00:00.001,6.2e-06,1763.83000000,Regular
ETHUSDT,2025-04-25 00:00:00.007,5.922e-05,1768.80000000,Regular
ETHUSDT,2025-04-25 08:00:00.002,7.829e-05,1776.59313615,Regular
ETHUSDT,2025-04-25 16:00:00.003,-9.65e-06,1805.70000000,Regular
ETHUSDT,2025-04-26 00:00:00.002,8.3e-06,1783.77000000,Regular
ETHUSDT,2025-04-26 08:00:00.000,-2.999e-05,1799.44000000,Regular
ETHUSDT,2025-04-26 16:00:00.002,7.28e-06,1799.38000000,Regular
ETHUSDT,2025-04-27 00:00:00.001,5.635e-05,1819.99000000,Regular
ETHUSDT,2025-04-27 08:00:00.000,-6.737e-05,1802.97000000,Regular
ETHUSDT,2025-04-27 16:00:00.000,-3.852e-05,1792.89000000,Regular
ETHUSDT,2025-04-28 00:00:00.001,1.32e-06,1790.27458993,Regular
ETHUSDT,2025-04-28 08:00:00.003,-4.703e-05,1803.96000000,Regular
ETHUSDT,2025-04-28 16:00:00.005,-8.681e-05,1762.19000000,Regular
ETHUSDT,2025-04-29 00:00:00.000,8.281e-05,1799.17000000,Regular
ETHUSDT,2025-04-29 08:00:00.000,5.79e-05,1820.79297674,Regular
ETHUSDT,2025-04-29 16:00:00.010,-1.396e-05,1814.21000000,Regular
ETHUSDT,2025-04-30 00:00:00.001,-7.371e-05,1797.10017054,Regular
ETHUSDT,2025-04-30 08:00:00.000,9.04e-06,1795.55000000,Regular
ETHUSDT,2025-04-30 16:00:00.003,-6.069e-05,1764.03953101,Regular
ETHUSDT,2025-05-01 00:00:00.000,5.43e-05,1792.81359690,Regular
ETHUSDT,2025-05-01 08:00:00.000,4.5e-05,1809.74000000,Regular
ETHUSDT,2025-05-01 16:00:00.001,7.23e-06,1851.99000000,Regular
ETHUSDT,2025-05-02 00:00:00.000,-5.91e-06,1837.35080746,Regular
ETHUSDT,2025-05-02 08:00:00.000,-5.797e-05,1815.24087597,Regular
ETHUSDT,2025-05-02 16:00:00.003,-5.88e-06,1840.38514729,Regular
ETHUSDT,2025-05-03 00:00:00.000,4.901e-05,1841.21000000,Regular
ETHUSDT,2025-05-03 08:00:00.000,1.565e-05,1825.66213178,Regular
ETHUSDT,2025-05-03 16:00:00.000,2.092e-05,1833.71244186,Regular
ETHUSDT,2025-05-04 00:00:00.001,6.708e-05,1832.81789922,Regular
ETHUSDT,2025-05-04 08:00:00.001,3.289e-05,1840.24000000,Regular
ETHUSDT,2025-05-04 16:00:00.002,-2.67e-05,1829.85000000,Regular
ETHUSDT,2025-05-05 00:00:00.000,1.81e-06,1807.88000000,Regular
ETHUSDT,2025-05-05 08:00:00.000,1.998e-05,1825.74000000,Regular
ETHUSDT,2025-05-05 16:00:00.006,1.194e-05,1800.17766667,Regular
ETHUSDT,2025-05-06 00:00:00.002,6.899e-05,1819.43000000,Regular
ETHUSDT,2025-05-06 08:00:00.005,-1.836e-05,1805.07810078,Regular
ETHUSDT,2025-05-06 16:00:00.000,-3.589e-05,1769.25000000,Regular
ETHUSDT,2025-05-07 00:00:00.002,3.273e-05,1816.22000000,Regular
ETHUSDT,2025-05-07 08:00:00.000,8.548e-05,1837.32937984,Regular
ETHUSDT,2025-05-07 16:00:00.006,-6.48e-06,1816.73000000,Regular
ETHUSDT,2025-05-08 00:00:00.000,4.564e-05,1810.30300775,Regular
ETHUSDT,2025-05-08 08:00:00.001,0.0001,1927.66530620,Regular
ETHUSDT,2025-05-08 16:00:00.002,8.717e-05,2050.93411628,Regular
ETHUSDT,2025-05-09 00:00:00.001,0.0001,2207.38250388,Regular
ETHUSDT,2025-05-09 08:00:00.006,0.0001,2364.22000000,Regular
ETHUSDT,2025-05-09 16:00:00.000,0.0001,2300.55000000,Regular
ETHUSDT,2025-05-10 00:00:00.001,0.0001,2344.29000000,Regular
ETHUSDT,2025-05-10 08:00:00.000,9.797e-05,2398.56000000,Regular
ETHUSDT,2025-05-10 16:00:00.001,9.016e-05,2433.00000000,Regular
ETHUSDT,2025-05-11 00:00:00.000,0.0001,2583.07662403,Regular
ETHUSDT,2025-05-11 08:00:00.001,7.363e-05,2472.73715310,Regular
ETHUSDT,2025-05-11 16:00:00.001,2.438e-05,2461.22000000,Regular
ETHUSDT,2025-05-12 00:00:00.004,7.088e-05,2513.58951938,Regular
ETHUSDT,2025-05-12 08:00:00.000,0.0001,2553.45000000,Regular
ETHUSDT,2025-05-12 16:00:00.000,5.717e-05,2486.74000000,Regular
ETHUSDT,2025-05-13 00:00:00.000,6.233e-05,2494.35227132,Regular
ETHUSDT,2025-05-13 08:00:00.008,0.0001,2459.93641085,Regular
ETHUSDT,2025-05-13 16:00:00.001,0.0001,2564.75327519,Regular
ETHUSDT,2025-05-14 00:00:00.007,0.0001,2678.83579845,Regular
ETHUSDT,2025-05-14 08:00:00.000,5.48e-05,2639.65352132,Regular
ETHUSDT,2025-05-14 16:00:00.002,4.737e-05,2596.28000000,Regular
ETHUSDT,2025-05-15 00:00:00.000,0.0001,2608.71000000,Regular
ETHUSDT,2025-05-15 08:00:00.003,0.0001,2529.71000000,Regular
ETHUSDT,2025-05-15 16:00:00.000,5.698e-05,2563.09405814,Regular
ETHUSDT,2025-05-16 00:00:00.001,6.801e-05,2547.44981395,Regular
ETHUSDT,2025-05-16 08:00:00.000,0.0001,2600.60682558,Regular
ETHUSDT,2025-05-16 16:00:00.000,7.202e-05,2594.43856202,Regular
ETHUSDT,2025-05-17 00:00:00.000,2.543e-05,2536.20335271,Regular
ETHUSDT,2025-05-17 08:00:00.001,-1.883e-05,2491.50000000,Regular
ETHUSDT,2025-05-17 16:00:00.004,2.339e-05,2473.24241667,Regular
ETHUSDT,2025-05-18 00:00:00.000,5.366e-05,2474.09000000,Regular
ETHUSDT,2025-05-18 08:00:00.000,4.909e-05,2507.83256799,Regular
ETHUSDT,2025-05-18 16:00:00.000,1.3e-06,2577.87000000,Regular
ETHUSDT,2025-05-19 00:00:00.000,-4.925e-05,2496.74000000,Regular
ETHUSDT,2025-05-19 08:00:00.006,6.531e-05,2402.61575969,Regular
ETHUSDT,2025-05-19 16:00:00.010,9.181e-05,2465.55531783,Regular
ETHUSDT,2025-05-20 00:00:00.000,8.013e-05,2526.47294574,Regular
ETHUSDT,2025-05-20 08:00:00.002,6.807e-05,2531.79813756,Regular
ETHUSDT,2025-05-20 16:00:00.000,1.174e-05,2481.40000000,Regular
ETHUSDT,2025-05-21 00:00:00.000,3.663e-05,2523.08000000,Regular
ETHUSDT,2025-05-21 08:00:00.001,9.338e-05,2550.72000000,Regular
ETHUSDT,2025-05-21 16:00:00.004,6.47e-06,2566.00000000,Regular
ETHUSDT,2025-05-22 00:00:00.001,1.141e-05,2550.01000000,Regular
ETHUSDT,2025-05-22 08:00:00.000,0.0001,2633.82000000,Regular
ETHUSDT,2025-05-22 16:00:00.002,0.0001,2662.86000000,Regular
ETHUSDT,2025-05-23 00:00:00.006,0.0001,2663.73000000,Regular
ETHUSDT,2025-05-23 08:00:00.000,0.0001,2654.70000000,Regular
ETHUSDT,2025-05-23 16:00:00.007,-7.26e-06,2567.15597287,Regular
ETHUSDT,2025-05-24 00:00:00.010,0.0001,2525.58000000,Regular
ETHUSDT,2025-05-24 08:00:00.000,4.033e-05,2545.79000000,Regular
ETHUSDT,2025-05-24 16:00:00.003,2.114e-05,2554.51168992,Regular
ETHUSDT,2025-05-25 00:00:00.004,6.041e-05,2529.27000000,Regular
ETHUSDT,2025-05-25 08:00:00.000,3.75e-05,2493.29000000,Regular
ETHUSDT,2025-05-25 16:00:00.000,8.487e-05,2510.47000000,Regular
ETHUSDT,2025-05-26 00:00:00.000,3.85e-06,2549.92378295,Regular
ETHUSDT,2025-05-26 08:00:00.000,8.047e-05,2579.70000000,Regular
ETHUSDT,2025-05-26 16:00:00.002,4.711e-05,2564.76000000,Regular
ETHUSDT,2025-05-27 00:00:00.003,4.026e-05,2562.70241821,Regular
ETHUSDT,2025-05-27 08:00:00.001,0.0001,2606.56000000,Regular
ETHUSDT,2025-05-27 16:00:00.005,0.0001,2667.09000000,Regular
ETHUSDT,2025-05-28 00:00:00.002,0.0001,2659.89356202,Regular
ETHUSDT,2025-05-28 08:00:00.003,0.0001,2635.36000000,Regular
ETHUSDT,2025-05-28 16:00:00.002,0.0001,2625.99000000,Regular
ETHUSDT,2025-05-29 00:00:00.000,0.0001,2680.57340310,Regular
ETHUSDT,2025-05-29 08:00:00.006,0.0001,2730.00000000,Regular
ETHUSDT,2025-05-29 16:00:00.000,8.321e-05,2642.45000000,Regular
ETHUSDT,2025-05-30 00:00:00.003,7.477e-05,2630.57163566,Regular
ETHUSDT,2025-05-30 08:00:00.003,0.0001,2617.68000000,Regular
ETHUSDT,2025-05-30 16:00:00.000,5.699e-05,2596.91371502,Regular
ETHUSDT,2025-05-31 00:00:00.000,3.389e-05,2529.90736628,Regular
ETHUSDT,2025-05-31 08:00:00.000,8.054e-05,2520.00000000,Regular
ETHUSDT,2025-05-31 16:00:00.000,2.739e-05,2535.05310078,Regular
ETHUSDT,2025-06-01 00:00:00.001,7.52e-05,2527.09000000,Regular
ETHUSDT,2025-06-01 08:00:00.002,3.946e-05,2507.65977519,Regular
ETHUSDT,2025-06-01 16:00:00.000,3.37e-05,2522.00000000,Regular
ETHUSDT,2025-06-02 00:00:00.001,1.586e-05,2538.09462016,Regular
ETHUSDT,2025-06-02 08:00:00.000,5.378e-05,2505.79000000,Regular
ETHUSDT,2025-06-02 16:00:00.000,8.588e-05,2543.24000000,Regular
ETHUSDT,2025-06-03 00:00:00.000,3.263e-05,2606.48000000,Regular
ETHUSDT,2025-06-03 08:00:00.000,6.067e-05,2608.68000000,Regular
ETHUSDT,2025-06-03 16:00:00.001,5.397e-05,2622.56000000,Regular
ETHUSDT,2025-06-04 00:00:00.000,4.39e-05,2592.16000000,Regular
ETHUSDT,2025-06-04 08:00:00.000,7.623e-05,2626.51640991,Regular
ETHUSDT,2025-06-04 16:00:00.000,7.897e-05,2666.91000000,Regular
ETHUSDT,2025-06-05 00:00:00.016,2.359e-05,2606.63000000,Regular
ETHUSDT,2025-06-05 08:00:00.000,8.508e-05,2603.21000000,Regular
ETHUSDT,2025-06-05 16:00:00.000,6.396e-05,2588.34000000,Regular
ETHUSDT,2025-06-06 00:00:00.002,-1.147e-05,2412.93361240,Regular
ETHUSDT,2025-06-06 08:00:00.000,2.643e-05,2454.18000000,Regular
ETHUSDT,2025-06-06 16:00:00.006,2.684e-05,2508.55342442,Regular
ETHUSDT,2025-06-07 00:00:00.000,8.699e-05,2475.37000000,Regular
ETHUSDT,2025-06-07 08:00:00.000,5.456e-05,2490.21000000,Regular
ETHUSDT,2025-06-07 16:00:00.002,6.753e-05,2518.77600775,Regular
ETHUSDT,2025-06-08 00:00:00.000,0.0001,2523.68777132,Regular
ETHUSDT,2025-06-08 08:00:00.000,9.522e-05,2513.55530233,Regular
ETHUSDT,2025-06-08 16:00:00.000,4.695e-05,2513.39986434,Regular
ETHUSDT,2025-06-09 00:00:00.000,2.206e-05,2508.49123256,Regular
ETHUSDT,2025-06-09 08:00:00.001,1.95e-05,2490.55416667,Regular
ETHUSDT,2025-06-09 16:00:00.001,8.643e-05,2532.98000000,Regular
ETHUSDT,2025-06-10 00:00:00.000,0.0001,2679.23765891,Regular
ETHUSDT,2025-06-10 08:00:00.001,0.0001,2676.48000000,Regular
ETHUSDT,2025-06-10 16:00:00.003,0.0001,2731.83000000,Regular
ETHUSDT,2025-06-11 00:00:00.000,0.0001,2815.75000000,Regular
ETHUSDT,2025-06-11 08:00:00.000,0.0001,2790.85000000,Regular
ETHUSDT,2025-06-11 16:00:00.010,0.0001,2864.21000000,Regular
ETHUSDT,2025-06-12 00:00:00.002,6.036e-05,2770.61909933,Regular
ETHUSDT,2025-06-12 08:00:00.003,0.0001,2739.99036250,Regular
ETHUSDT,2025-06-12 16:00:00.001,5.333e-05,2718.25000000,Regular
ETHUSDT,2025-06-13 00:00:00.000,-1.372e-05,2641.31365116,Regular
ETHUSDT,2025-06-13 08:00:00.001,-1.069e-05,2525.00000000,Regular
ETHUSDT,2025-06-13 16:00:00.004,2.083e-05,2550.26000000,Regular
ETHUSDT,2025-06-14 00:00:00.000,4.572e-05,2578.08000000,Regular
ETHUSDT,2025-06-14 08:00:00.000,1.962e-05,2536.12897714,Regular
ETHUSDT,2025-06-14 16:00:00.000,4.4e-06,2518.30475581,Regular
ETHUSDT,2025-06-15 00:00:00.005,1.767e-05,2529.67000000,Regular
ETHUSDT,2025-06-15 08:00:00.009,8.487e-05,2527.49070155,Regular
ETHUSDT,2025-06-15 16:00:00.000,7.131e-05,2540.80593023,Regular
ETHUSDT,2025-06-16 00:00:00.000,4.573e-05,2546.33974031,Regular
ETHUSDT,2025-06-16 08:00:00.000,9.06e-05,2627.71000000,Regular
ETHUSDT,2025-06-16 16:00:00.003,3.96e-05,2630.87000000,Regular
ETHUSDT,2025-06-17 00:00:00.000,-9.06e-06,2542.89843992,Regular
ETHUSDT,2025-06-17 08:00:00.006,0.0001,2581.28983333,Regular
ETHUSDT,2025-06-17 16:00:00.001,5.558e-05,2497.82614729,Regular
ETHUSDT,2025-06-18 00:00:00.001,5.83e-05,2508.98000000,Regular
ETHUSDT,2025-06-18 08:00:00.001,6.782e-05,2532.33000000,Regular
ETHUSDT,2025-06-18 16:00:00.001,2.338e-05,2507.99563566,Regular
ETHUSDT,2025-06-19 00:00:00.005,5.403e-05,2523.80623643,Regular
ETHUSDT,2025-06-19 08:00:00.003,4.793e-05,2517.80142248,Regular
ETHUSDT,2025-06-19 16:00:00.000,4.883e-05,2491.89000000,Regular
ETHUSDT,2025-06-20 00:00:00.000,8.145e-05,2520.18000000,Regular
ETHUSDT,2025-06-20 08:00:00.002,8.963e-05,2548.35000000,Regular
ETHUSDT,2025-06-20 16:00:00.001,2.59e-05,2492.46000000,Regular
ETHUSDT,2025-06-21 00:00:00.002,-4.99e-05,2405.43000000,Regular
ETHUSDT,2025-06-21 08:00:00.005,-1.379e-05,2425.65727132,Regular
ETHUSDT,2025-06-21 16:00:00.000,5.011e-05,2422.48512791,Regular
ETHUSDT,2025-06-22 00:00:00.005,-7.98e-06,2294.25720142,Regular
ETHUSDT,2025-06-22 08:00:00.000,-1.761e-05,2269.63000000,Regular
ETHUSDT,2025-06-22 16:00:00.003,4.714e-05,2174.25338195,Regular
ETHUSDT,2025-06-23 00:00:00.000,2.289e-05,2226.66781783,Regular
ETHUSDT,2025-06-23 08:00:00.004,-1.401e-05,2257.83166667,Regular
ETHUSDT,2025-06-23 16:00:00.013,1.3e-06,2247.35465504,Regular
ETHUSDT,2025-06-24 00:00:00.003,2.127e-05,2410.39000000,Regular
ETHUSDT,2025-06-24 08:00:00.000,1.201e-05,2392.05589535,Regular
ETHUSDT,2025-06-24 16:00:00.000,4.46e-06,2436.85000000,Regular
ETHUSDT,2025-06-25 00:00:00.005,-8.33e-06,2447.58000000,Regular
ETHUSDT,2025-06-25 08:00:00.000,-2.6e-07,2443.44000000,Regular
ETHUSDT,2025-06-25 16:00:00.005,1.198e-05,2404.64666667,Regular
ETHUSDT,2025-06-26 00:00:00.000,2.757e-05,2417.27000000,Regular
ETHUSDT,2025-06-26 08:00:00.006,8.057e-05,2489.24298837,Regular
ETHUSDT,2025-06-26 16:00:00.007,9.06e-06,2432.17414147,Regular
ETHUSDT,2025-06-27 00:00:00.000,3.79e-06,2414.93000000,Regular
ETHUSDT,2025-06-27 08:00:00.000,5.06e-06,2441.19000000,Regular
ETHUSDT,2025-06-27 16:00:00.009,5.546e-05,2437.43000000,Regular
ETHUSDT,2025-06-28 00:00:00.001,8.436e-05,2421.99000000,Regular
ETHUSDT,2025-06-28 08:00:00.002,6.58e-06,2430.45193411,Regular
ETHUSDT,2025-06-28 16:00:00.000,4.011e-05,2435.08000000,Regular
ETHUSDT,2025-06-29 00:00:00.004,6.176e-05,2434.80000000,Regular
ETHUSDT,2025-06-29 08:00:00.001,8.777e-05,2439.10803876,Regular
ETHUSDT,2025-06-29 16:00:00.001,4.2e-07,2435.60000000,Regular
ETHUSDT,2025-06-30 00:00:00.000,5.102e-05,2499.38032171,Regular
ETHUSDT,2025-06-30 08:00:00.005,9.119e-05,2479.70235271,Regular
ETHUSDT,2025-06-30 16:00:00.002,3.94e-06,2473.80902519,Regular
ETHUSDT,2025-07-01 00:00:00.007,8.191e-05,2484.33713566,Regular
ETHUSDT,2025-07-01 08:00:00.002,1.541e-05,2463.71000000,Regular
ETHUSDT,2025-07-01 16:00:00.000,-1.429e-05,2422.48000000,Regular
ETHUSDT,2025-07-02 00:00:00.001,1.952e-05,2403.74040310,Regular
ETHUSDT,2025-07-02 08:00:00.000,4.864e-05,2445.88160078,Regular
ETHUSDT,2025-07-02 16:00:00.003,5.236e-05,2498.33576357,Regular
ETHUSDT,2025-07-03 00:00:00.006,0.0001,2569.56654651,Regular
ETHUSDT,2025-07-03 08:00:00.003,9.82e-05,2599.24000000,Regular
ETHUSDT,2025-07-03 16:00:00.003,4.398e-05,2569.31682558,Regular
ETHUSDT,2025-07-04 00:00:00.005,1.353e-05,2590.17000000,Regular
ETHUSDT,2025-07-04 08:00:00.003,6.619e-05,2533.84000000,Regular
ETHUSDT,2025-07-04 16:00:00.001,2.691e-05,2499.61877132,Regular
ETHUSDT,2025-07-05 00:00:00.004,1.406e-05,2506.87000000,Regular
ETHUSDT,2025-07-05 08:00:00.009,3.958e-05,2520.36000000,Regular
ETHUSDT,2025-07-05 16:00:00.006,5.542e-05,2506.89000000,Regular
ETHUSDT,2025-07-06 00:00:00.001,3.909e-05,2515.26000000,Regular
ETHUSDT,2025-07-06 08:00:00.002,6.583e-05,2516.90000000,Regular
ETHUSDT,2025-07-06 16:00:00.004,8.149e-05,2557.70000000,Regular
ETHUSDT,2025-07-07 00:00:00.000,0.0001,2569.50603101,Regular
ETHUSDT,2025-07-07 08:00:00.007,0.0001,2577.57985659,Regular
ETHUSDT,2025-07-07 16:00:00.000,-3.011e-05,2532.61000000,Regular
ETHUSDT,2025-07-08 00:00:00.010,7.589e-05,2541.20732946,Regular
ETHUSDT,2025-07-08 08:00:00.003,2.787e-05,2552.16904651,Regular
ETHUSDT,2025-07-08 16:00:00.000,6.466e-05,2563.60000000,Regular
ETHUSDT,2025-07-09 00:00:00.002,4.903e-05,2613.98000000,Regular
ETHUSDT,2025-07-09 08:00:00.006,6.771e-05,2623.77394186,Regular
ETHUSDT,2025-07-09 16:00:00.001,6.268e-05,2655.40000000,Regular
ETHUSDT,2025-07-10 00:00:00.003,0.0001,2767.79068217,Regular
ETHUSDT,2025-07-10 08:00:00.000,2.808e-05,2789.75650775,Regular
ETHUSDT,2025-07-10 16:00:00.004,3.187e-05,2768.34000000,Regular
ETHUSDT,2025-07-11 00:00:00.004,0.0001,2951.00392196,Regular
ETHUSDT,2025-07-11 08:00:00.007,0.0001,2968.35000000,Regular
ETHUSDT,2025-07-11 16:00:00.001,0.0001,2950.27991920,Regular
ETHUSDT,2025-07-12 00:00:00.000,8.032e-05,2957.03212403,Regular
ETHUSDT,2025-07-12 08:00:00.001,7.671e-05,2961.79344574,Regular
ETHUSDT,2025-07-12 16:00:00.002,6.119e-05,2914.74546899,Regular
ETHUSDT,2025-07-13 00:00:00.006,4.151e-05,2941.87000000,Regular
ETHUSDT,2025-07-13 08:00:00.001,4.407e-05,2961.48118605,Regular
ETHUSDT,2025-07-13 16:00:00.003,7.205e-05,2991.26778682,Regular
ETHUSDT,2025-07-14 00:00:00.000,9.98e-06,2970.48246124,Regular
ETHUSDT,2025-07-14 08:00:00.000,0.0001,3043.65000000,Regular
ETHUSDT,2025-07-14 16:00:00.000,0.0001,3011.18300388,Regular
ETHUSDT,2025-07-15 00:00:00.002,6.134e-05,3012.55427519,Regular
ETHUSDT,2025-07-15 08:00:00.000,0.0001,2976.35000000,Regular
ETHUSDT,2025-07-15 16:00:00.000,0.0001,3038.99000000,Regular
ETHUSDT,2025-07-16 00:00:00.000,0.0001,3138.47018605,Regular
ETHUSDT,2025-07-16 08:00:00.000,0.0001,3160.84107752,Regular
ETHUSDT,2025-07-16 16:00:00.008,0.0001,3243.40000000,Regular
ETHUSDT,2025-07-17 00:00:00.003,0.0001,3371.07215891,Regular
ETHUSDT,2025-07-17 08:00:00.000,0.0001,3448.20200000,Regular
ETHUSDT,2025-07-17 16:00:00.000,0.0001,3420.15697674,Regular
ETHUSDT,2025-07-18 00:00:00.004,0.0001,3476.66000000,Regular
ETHUSDT,2025-07-18 08:00:00.000,0.0001,3608.01628876,Regular
ETHUSDT,2025-07-18 16:00:00.000,0.0001,3565.00000000,Regular
ETHUSDT,2025-07-19 00:00:00.009,0.0001,3546.36000000,Regular
ETHUSDT,2025-07-19 08:00:00.000,0.0001,3570.57573643,Regular
ETHUSDT,2025-07-19 16:00:00.002,0.0001,3551.36022093,Regular
ETHUSDT,2025-07-20 00:00:00.000,0.0001,3591.31000000,Regular
ETHUSDT,2025-07-20 08:00:00.000,0.0001,3667.19986434,Regular
ETHUSDT,2025-07-20 16:00:00.000,0.0001,3785.38000000,Regular
ETHUSDT,2025-07-21 00:00:00.001,0.0001,3755.99508915,Regular
ETHUSDT,2025-07-21 08:00:00.000,0.0001,3786.97000000,Regular
ETHUSDT,2025-07-21 16:00:00.001,0.0001,3808.90000000,Regular
ETHUSDT,2025-07-22 00:00:00.000,0.0001,3760.96000000,Regular
ETHUSDT,2025-07-22 08:00:00.010,0.0001,3676.29012403,Regular
ETHUSDT,2025-07-22 16:00:00.007,0.0001,3717.78744186,Regular
ETHUSDT,2025-07-23 00:00:00.000,0.0001,3746.14636047,Regular
ETHUSDT,2025-07-23 08:00:00.004,0.0001,3672.59889922,Regular
ETHUSDT,2025-07-23 16:00:00.002,0.0001,3643.58769574,Regular
ETHUSDT,2025-07-24 00:00:00.000,0.0001,3627.41000000,Regular
ETHUSDT,2025-07-24 08:00:00.001,0.0001,3590.44418992,Regular
ETHUSDT,2025-07-24 16:00:00.000,0.0001,3730.40000000,Regular
ETHUSDT,2025-07-25 00:00:00.000,0.0001,3705.61000000,Regular
ETHUSDT,2025-07-25 08:00:00.000,0.0001,3631.66711628,Regular
ETHUSDT,2025-07-25 16:00:00.000,0.0001,3632.12027907,Regular
ETHUSDT,2025-07-26 00:00:00.001,0.0001,3724.17000000,Regular
ETHUSDT,2025-07-26 08:00:00.005,0.0001,3741.03000000,Regular
ETHUSDT,2025-07-26 16:00:00.001,0.0001,3734.52000000,Regular
ETHUSDT,2025-07-27 00:00:00.001,9.322e-05,3740.00000000,Regular
ETHUSDT,2025-07-27 08:00:00.000,8.879e-05,3766.68744961,Regular
ETHUSDT,2025-07-27 16:00:00.008,0.0001,3817.84531977,Regular
ETHUSDT,2025-07-28 00:00:00.005,0.0001,3871.48000000,Regular
ETHUSDT,2025-07-28 08:00:00.000,0.0001,3892.24032171,Regular
ETHUSDT,2025-07-28 16:00:00.000,0.0001,3806.41156504,Regular
ETHUSDT,2025-07-29 00:00:00.001,4.494e-05,3796.29532927,Regular
ETHUSDT,2025-07-29 08:00:00.000,0.0001,3876.53000000,Regular
ETHUSDT,2025-07-29 16:00:00.000,0.0001,3760.15457752,Regular
ETHUSDT,2025-07-30 00:00:00.011,2.488e-05,3791.72222093,Regular
ETHUSDT,2025-07-30 08:00:00.000,5.083e-05,3809.50083721,Regular
ETHUSDT,2025-07-30 16:00:00.008,1.54e-05,3795.76000000,Regular
ETHUSDT,2025-07-31 00:00:00.000,5.162e-05,3808.66000000,Regular
ETHUSDT,2025-07-31 08:00:00.009,0.0001,3862.30686822,Regular
ETHUSDT,2025-07-31 16:00:00.000,-1.18e-05,3786.17831395,Regular
ETHUSDT,2025-08-01 00:00:00.001,-3.749e-05,3696.57000000,Regular
ETHUSDT,2025-08-01 08:00:00.003,1.113e-05,3649.40456589,Regular
ETHUSDT,2025-08-01 16:00:00.000,4.859e-05,3614.54152713,Regular
ETHUSDT,2025-08-02 00:00:00.004,5.795e-05,3486.42000000,Regular
ETHUSDT,2025-08-02 08:00:00.000,6.57e-06,3517.54000000,Regular
ETHUSDT,2025-08-02 16:00:00.000,7.965e-05,3457.78000000,Regular
ETHUSDT,2025-08-03 00:00:00.000,6.733e-05,3392.41000000,Regular
ETHUSDT,2025-08-03 08:00:00.000,5.752e-05,3454.28105814,Regular
ETHUSDT,2025-08-03 16:00:00.003,3.767e-05,3474.80000000,Regular
ETHUSDT,2025-08-04 00:00:00.004,1.719e-05,3495.01000000,Regular
ETHUSDT,2025-08-04 08:00:00.000,1.113e-05,3550.47000000,Regular
ETHUSDT,2025-08-04 16:00:00.002,3.611e-05,3646.90090310,Regular
ETHUSDT,2025-08-05 00:00:00.000,1.47e-06,3719.41000000,Regular
ETHUSDT,2025-08-05 08:00:00.000,3.116e-05,3611.75000000,Regular
ETHUSDT,2025-08-05 16:00:00.000,1.37e-05,3569.54463953,Regular
ETHUSDT,2025-08-06 00:00:00.005,2.413e-05,3610.19000000,Regular
ETHUSDT,2025-08-06 08:00:00.000,8.2e-05,3638.40000000,Regular
ETHUSDT,2025-08-06 16:00:00.000,6.246e-05,3663.51893411,Regular
ETHUSDT,2025-08-07 00:00:00.003,6.227e-05,3681.32459302,Regular
ETHUSDT,2025-08-07 08:00:00.002,4.285e-05,3701.00000000,Regular
ETHUSDT,2025-08-07 16:00:00.002,0.0001,3835.15000000,Regular
ETHUSDT,2025-08-08 00:00:00.002,4.26e-05,3908.70249885,Regular
ETHUSDT,2025-08-08 08:00:00.004,0.0001,3914.88000000,Regular
ETHUSDT,2025-08-08 16:00:00.000,0.0001,3953.00564865,Regular
ETHUSDT,2025-08-09 00:00:00.005,0.0001,4009.04000000,Regular
ETHUSDT,2025-08-09 08:00:00.000,0.0001,4169.71000000,Regular
ETHUSDT,2025-08-09 16:00:00.007,0.0001,4207.61204505,Regular
ETHUSDT,2025-08-10 00:00:00.003,9.916e-05,4259.25177027,Regular
ETHUSDT,2025-08-10 08:00:00.005,0.0001,4184.36000000,Regular
ETHUSDT,2025-08-10 16:00:00.002,0.0001,4216.37707658,Regular
ETHUSDT,2025-08-11 00:00:00.000,8.873e-05,4248.78000000,Regular
ETHUSDT,2025-08-11 08:00:00.000,9.354e-05,4273.17322868,Regular
ETHUSDT,2025-08-11 16:00:00.000,0.0001,4328.87000000,Regular
ETHUSDT,2025-08-12 00:00:00.000,3.659e-05,4221.31000000,Regular
ETHUSDT,2025-08-12 08:00:00.001,0.0001,4314.23000000,Regular
ETHUSDT,2025-08-12 16:00:00.005,0.0001,4470.98000000,Regular
ETHUSDT,2025-08-13 00:00:00.000,0.0001,4589.31000000,Regular
ETHUSDT,2025-08-13 08:00:00.002,0.0001,4624.29000000,Regular
ETHUSDT,2025-08-13 16:00:00.006,0.0001,4664.38954070,Regular
ETHUSDT,2025-08-14 00:00:00.002,0.0001,4748.37000000,Regular
ETHUSDT,2025-08-14 08:00:00.003,0.0001,4747.72583333,Regular
ETHUSDT,2025-08-14 16:00:00.000,0.0001,4618.00000000,Regular
ETHUSDT,2025-08-15 00:00:00.000,0.0001,4545.65822868,Regular
ETHUSDT,2025-08-15 08:00:00.000,9.765e-05,4639.52553876,Regular
ETHUSDT,2025-08-15 16:00:00.000,6.474e-05,4428.82236822,Regular
ETHUSDT,2025-08-16 00:00:00.004,5.967e-05,4437.36567568,Regular
ETHUSDT,2025-08-16 08:00:00.000,8.99e-05,4449.25000000,Regular
ETHUSDT,2025-08-16 16:00:00.002,1.968e-05,4398.62610811,Regular
ETHUSDT,2025-08-17 00:00:00.000,4.669e-05,4420.21000000,Regular
ETHUSDT,2025-08-17 08:00:00.001,-6.68e-06,4465.00000000,Regular
ETHUSDT,2025-08-17 16:00:00.007,5.334e-05,4559.57000000,Regular
ETHUSDT,2025-08-18 00:00:00.000,6.32e-06,4470.87273874,Regular
ETHUSDT,2025-08-18 08:00:00.001,9.191e-05,4255.03000000,Regular
ETHUSDT,2025-08-18 16:00:00.002,8.959e-05,4343.33752713,Regular
ETHUSDT,2025-08-19 00:00:00.000,0.0001,4311.97000000,Regular
ETHUSDT,2025-08-19 08:00:00.001,0.0001,4232.60000000,Regular
ETHUSDT,2025-08-19 16:00:00.000,0.0001,4190.33000000,Regular
ETHUSDT,2025-08-20 00:00:00.000,0.0001,4073.93000000,Regular
ETHUSDT,2025-08-20 08:00:00.000,3.18e-06,4183.66000000,Regular
ETHUSDT,2025-08-20 16:00:00.000,9.07e-05,4253.61408915,Regular
ETHUSDT,2025-08-21 00:00:00.006,6.232e-05,4334.50000000,Regular
ETHUSDT,2025-08-21 08:00:00.000,5.834e-05,4309.00000000,Regular
ETHUSDT,2025-08-21 16:00:00.003,2.689e-05,4240.90000000,Regular
ETHUSDT,2025-08-22 00:00:00.010,6.376e-05,4223.69000000,Regular
ETHUSDT,2025-08-22 08:00:00.007,6.67e-05,4326.35375388,Regular
ETHUSDT,2025-08-22 16:00:00.001,6.004e-05,4613.93000000,Regular
ETHUSDT,2025-08-23 00:00:00.004,0.0001,4829.83000000,Regular
ETHUSDT,2025-08-23 08:00:00.006,0.0001,4712.85000000,Regular
ETHUSDT,2025-08-23 16:00:00.000,0.0001,4749.55669380,Regular
ETHUSDT,2025-08-24 00:00:00.001,0.0001,4777.42490540,Regular
ETHUSDT,2025-08-24 08:00:00.002,0.0001,4757.66000000,Regular
ETHUSDT,2025-08-24 16:00:00.001,0.0001,4796.45056589,Regular
ETHUSDT,2025-08-25 00:00:00.000,4.932e-05,4778.33000000,Regular
ETHUSDT,2025-08-25 08:00:00.002,4.567e-05,4589.77243023,Regular
ETHUSDT,2025-08-25 16:00:00.002,1.732e-05,4610.84970543,Regular
ETHUSDT,2025-08-26 00:00:00.000,-7.39e-06,4374.35998450,Regular
ETHUSDT,2025-08-26 08:00:00.000,1.08e-05,4427.38000000,Regular
ETHUSDT,2025-08-26 16:00:00.000,1.029e-05,4517.19067829,Regular
ETHUSDT,2025-08-27 00:00:00.003,-8.19e-06,4598.68597674,Regular
ETHUSDT,2025-08-27 08:00:00.000,1.933e-05,4578.60000000,Regular
ETHUSDT,2025-08-27 16:00:00.009,4.152e-05,4655.31000000,Regular
ETHUSDT,2025-08-28 00:00:00.000,5.965e-05,4504.93858140,Regular
ETHUSDT,2025-08-28 08:00:00.005,2.643e-05,4594.81000000,Regular
ETHUSDT,2025-08-28 16:00:00.004,2.175e-05,4502.00051550,Regular
ETHUSDT,2025-08-29 00:00:00.000,1.728e-05,4509.34136822,Regular
ETHUSDT,2025-08-29 08:00:00.000,4.981e-05,4379.50601938,Regular
ETHUSDT,2025-08-29 16:00:00.005,1.496e-05,4313.86000000,Regular
ETHUSDT,2025-08-30 00:00:00.000,4.162e-05,4358.64000000,Regular
ETHUSDT,2025-08-30 08:00:00.002,-1.108e-05,4400.08000000,Regular
ETHUSDT,2025-08-30 16:00:00.003,4.057e-05,4374.27000000,Regular
ETHUSDT,2025-08-31 00:00:00.016,-1.39e-05,4371.99000000,Regular
ETHUSDT,2025-08-31 08:00:00.000,5.543e-05,4449.41955039,Regular
ETHUSDT,2025-08-31 16:00:00.001,-1.154e-05,4482.69935271,Regular
ETHUSDT,2025-09-01 00:00:00.000,-2.114e-05,4390.47237485,Regular
ETHUSDT,2025-09-01 08:00:00.000,-1.3e-05,4461.17395349,Regular
ETHUSDT,2025-09-01 16:00:00.001,1.22e-06,4360.43208915,Regular
ETHUSDT,2025-09-02 00:00:00.000,4.06e-06,4313.01000000,Regular
ETHUSDT,2025-09-02 08:00:00.005,5.513e-05,4376.35000000,Regular
ETHUSDT,2025-09-02 16:00:00.007,3.026e-05,4293.55000000,Regular
ETHUSDT,2025-09-03 00:00:00.006,1.812e-05,4324.59000000,Regular
ETHUSDT,2025-09-03 08:00:00.002,-1.11e-06,4308.42511240,Regular
ETHUSDT,2025-09-03 16:00:00.002,3.174e-05,4477.11681783,Regular
ETHUSDT,2025-09-04 00:00:00.002,2.311e-05,4448.63827907,Regular
ETHUSDT,2025-09-04 08:00:00.000,-2.012e-05,4368.81000000,Regular
ETHUSDT,2025-09-04 16:00:00.000,-2.527e-05,4303.28791860,Regular
ETHUSDT,2025-09-05 00:00:00.001,-5.54e-05,4296.12586822,Regular
ETHUSDT,2025-09-05 08:00:00.006,-3.456e-05,4415.35654651,Regular
ETHUSDT,2025-09-05 16:00:00.000,2.866e-05,4280.61000000,Regular
ETHUSDT,2025-09-06 00:00:00.000,-2.104e-05,4305.70000000,Regular
ETHUSDT,2025-09-06 08:00:00.005,3.956e-05,4310.42317442,Regular
ETHUSDT,2025-09-06 16:00:00.000,4.06e-05,4267.82208915,Regular
ETHUSDT,2025-09-07 00:00:00.000,5.946e-05,4271.31000000,Regular
ETHUSDT,2025-09-07 08:00:00.000,8.938e-05,4292.99000000,Regular
ETHUSDT,2025-09-07 16:00:00.000,3.335e-05,4297.20504651,Regular
ETHUSDT,2025-09-08 00:00:00.007,2.556e-05,4304.15389147,Regular
ETHUSDT,2025-09-08 08:00:00.000,2.063e-05,4289.82000000,Regular
ETHUSDT,2025-09-08 16:00:00.000,9.082e-05,4369.83000000,Regular
ETHUSDT,2025-09-09 00:00:00.000,4.706e-05,4303.98665891,Regular
ETHUSDT,2025-09-09 08:00:00.000,0.0001,4360.43000000,Regular
ETHUSDT,2025-09-09 16:00:00.000,6.645e-05,4282.78335659,Regular
ETHUSDT,2025-09-10 00:00:00.000,6.156e-05,4308.55254264,Regular
ETHUSDT,2025-09-10 08:00:00.002,8.82e-05,4327.97353876,Regular
ETHUSDT,2025-09-10 16:00:00.000,0.0001,4403.50000000,Regular
ETHUSDT,2025-09-11 00:00:00.000,1.341e-05,4347.83000000,Regular
ETHUSDT,2025-09-11 08:00:00.000,0.0001,4439.00000000,Regular
ETHUSDT,2025-09-11 16:00:00.001,8.501e-05,4410.41000000,Regular
ETHUSDT,2025-09-12 00:00:00.002,4.858e-05,4456.91765504,Regular
ETHUSDT,2025-09-12 08:00:00.001,0.0001,4524.39000000,Regular
ETHUSDT,2025-09-12 16:00:00.005,0.0001,4540.16000000,Regular
ETHUSDT,2025-09-13 00:00:00.005,0.0001,4710.92940698,Regular
ETHUSDT,2025-09-13 08:00:00.002,9.815e-05,4709.88593023,Regular
ETHUSDT,2025-09-13 16:00:00.000,0.0001,4651.44000000,Regular
ETHUSDT,2025-09-14 00:00:00.006,3.75e-06,4664.46632946,Regular
ETHUSDT,2025-09-14 08:00:00.000,8.307e-05,4648.80000000,Regular
ETHUSDT,2025-09-14 16:00:00.001,5.553e-05,4580.66847655,Regular
ETHUSDT,2025-09-15 00:00:00.006,7.366e-05,4602.25855426,Regular
ETHUSDT,2025-09-15 08:00:00.002,6.603e-05,4595.07828682,Regular
ETHUSDT,2025-09-15 16:00:00.001,3.563e-05,4498.40769380,Regular
ETHUSDT,2025-09-16 00:00:00.001,4.54e-05,4521.54000000,Regular
ETHUSDT,2025-09-16 08:00:00.000,4.526e-05,4510.65000000,Regular
ETHUSDT,2025-09-16 16:00:00.000,2.037e-05,4465.73000000,Regular
ETHUSDT,2025-09-17 00:00:00.001,2.419e-05,4499.53808915,Regular
ETHUSDT,2025-09-17 08:00:00.000,5.358e-05,4542.26000000,Regular
ETHUSDT,2025-09-17 16:00:00.003,4.406e-05,4487.65000000,Regular
ETHUSDT,2025-09-18 00:00:00.006,5.15e-05,4588.68344186,Regular
ETHUSDT,2025-09-18 08:00:00.002,4.292e-05,4573.10000000,Regular
ETHUSDT,2025-09-18 16:00:00.000,1.971e-05,4597.16415504,Regular
ETHUSDT,2025-09-19 00:00:00.000,5.745e-05,4585.31000000,Regular
ETHUSDT,2025-09-19 08:00:00.005,-9.04e-06,4536.85290698,Regular
ETHUSDT,2025-09-19 16:00:00.000,-4.324e-05,4472.12543411,Regular
ETHUSDT,2025-09-20 00:00:00.000,-4.366e-05,4466.49000000,Regular
ETHUSDT,2025-09-20 08:00:00.000,-5.97e-06,4480.82192248,Regular
ETHUSDT,2025-09-20 16:00:00.002,4.189e-05,4496.36000000,Regular
ETHUSDT,2025-09-21 00:00:00.000,-2.372e-05,4478.27366667,Regular
ETHUSDT,2025-09-21 08:00:00.000,4.828e-05,4475.86645736,Regular
ETHUSDT,2025-09-21 16:00:00.000,3.039e-05,4480.92020930,Regular
ETHUSDT,2025-09-22 00:00:00.005,-2.051e-05,4443.33000000,Regular
ETHUSDT,2025-09-22 08:00:00.003,-5.18e-06,4191.68000000,Regular
ETHUSDT,2025-09-22 16:00:00.000,5.08e-06,4165.82000000,Regular
ETHUSDT,2025-09-23 00:00:00.000,-1.93e-06,4196.97614729,Regular
ETHUSDT,2025-09-23 08:00:00.001,5.594e-05,4203.24000000,Regular
ETHUSDT,2025-09-23 16:00:00.000,-2.189e-05,4179.12000000,Regular
ETHUSDT,2025-09-24 00:00:00.003,9.73e-06,4162.24000000,Regular
ETHUSDT,2025-09-24 08:00:00.001,7.19e-06,4173.43000000,Regular
ETHUSDT,2025-09-24 16:00:00.002,-3.616e-05,4163.81000000,Regular
ETHUSDT,2025-09-25 00:00:00.000,-8.602e-05,4150.51304651,Regular
ETHUSDT,2025-09-25 08:00:00.001,-8.11e-05,4006.94000000,Regular
ETHUSDT,2025-09-25 16:00:00.000,0.0001,4000.97000000,Regular
ETHUSDT,2025-09-26 00:00:00.000,8.976e-05,3873.10000000,Regular
ETHUSDT,2025-09-26 08:00:00.000,3.202e-05,3936.60000000,Regular
ETHUSDT,2025-09-26 16:00:00.008,4.775e-05,3944.84769767,Regular
ETHUSDT,2025-09-27 00:00:00.000,-1.608e-05,4030.50897674,Regular
ETHUSDT,2025-09-27 08:00:00.010,4.387e-05,4005.99000000,Regular
ETHUSDT,2025-09-27 16:00:00.003,0.0001,4017.20000000,Regular
ETHUSDT,2025-09-28 00:00:00.000,7.975e-05,4017.01000000,Regular
ETHUSDT,2025-09-28 08:00:00.000,4.229e-05,4013.00000000,Regular
ETHUSDT,2025-09-28 16:00:00.000,8.2e-05,4019.93404651,Regular
ETHUSDT,2025-09-29 00:00:00.000,3.512e-05,4140.63316279,Regular
ETHUSDT,2025-09-29 08:00:00.002,3.842e-05,4106.69554264,Regular
ETHUSDT,2025-09-29 16:00:00.001,-3.49e-05,4162.67086822,Regular
ETHUSDT,2025-09-30 00:00:00.002,9.16e-06,4213.26955814,Regular
ETHUSDT,2025-09-30 08:00:00.005,-1.307e-05,4181.00000000,Regular
ETHUSDT,2025-09-30 16:00:00.000,4.72e-06,4118.09000000,Regular
ETHUSDT,2025-10-01 00:00:00.000,-1.572e-05,4142.98000000,Regular
ETHUSDT,2025-10-01 08:00:00.000,2.569e-05,4144.52900962,Regular
ETHUSDT,2025-10-01 16:00:00.000,-7.44e-06,4325.01000000,Regular
ETHUSDT,2025-10-02 00:00:00.000,1.487e-05,4346.06000000,Regular
ETHUSDT,2025-10-02 08:00:00.013,3.033e-05,4373.65557364,Regular
ETHUSDT,2025-10-02 16:00:00.000,3.733e-05,4435.81462791,Regular
ETHUSDT,2025-10-03 00:00:00.006,1.312e-05,4481.70000000,Regular
ETHUSDT,2025-10-03 08:00:00.006,7.933e-05,4460.84000000,Regular
ETHUSDT,2025-10-03 16:00:00.000,5.593e-05,4532.88000000,Regular
ETHUSDT,2025-10-04 00:00:00.001,5.57e-05,4510.94000000,Regular
ETHUSDT,2025-10-04 08:00:00.000,7.25e-06,4496.24000000,Regular
ETHUSDT,2025-10-04 16:00:00.000,4.8e-05,4452.22000000,Regular
ETHUSDT,2025-10-05 00:00:00.000,5.761e-05,4485.32701550,Regular
ETHUSDT,2025-10-05 08:00:00.003,0.0001,4604.91000000,Regular
ETHUSDT,2025-10-05 16:00:00.009,9.708e-05,4530.60000000,Regular
ETHUSDT,2025-10-06 00:00:00.004,7.894e-05,4512.50461240,Regular
ETHUSDT,2025-10-06 08:00:00.002,0.0001,4531.30000000,Regular
ETHUSDT,2025-10-06 16:00:00.004,0.0001,4671.46368992,Regular
ETHUSDT,2025-10-07 00:00:00.000,0.0001,4682.42000000,Regular
ETHUSDT,2025-10-07 08:00:00.003,0.0001,4676.83000000,Regular
ETHUSDT,2025-10-07 16:00:00.000,0.0001,4510.41339535,Regular
ETHUSDT,2025-10-08 00:00:00.000,1.254e-05,4445.60000000,Regular
ETHUSDT,2025-10-08 08:00:00.006,6.038e-05,4461.08000000,Regular
ETHUSDT,2025-10-08 16:00:00.002,1.261e-05,4445.23296124,Regular
ETHUSDT,2025-10-09 00:00:00.001,3.613e-05,4523.67000000,Regular
ETHUSDT,2025-10-09 08:00:00.000,-2.26e-06,4424.43000000,Regular
ETHUSDT,2025-10-09 16:00:00.000,5.752e-05,4313.13313953,Regular
ETHUSDT,2025-10-10 00:00:00.005,2.565e-05,4365.89155974,Regular
ETHUSDT,2025-10-10 08:00:00.002,2.511e-05,4321.08889147,Regular
ETHUSDT,2025-10-10 16:00:00.014,-5.147e-05,4100.48000000,Regular
ETHUSDT,2025-10-11 00:00:00.000,0.0001,3820.04284109,Regular
ETHUSDT,2025-10-11 08:00:00.003,-0.00013094,3757.27000000,Regular
ETHUSDT,2025-10-11 16:00:00.000,-1.73e-06,3822.65671318,Regular
ETHUSDT,2025-10-12 00:00:00.004,-6.965e-05,3744.54000000,Regular
ETHUSDT,2025-10-12 08:00:00.002,8.39e-06,3825.69493023,Regular
ETHUSDT,2025-10-12 16:00:00.000,-4.563e-05,4033.07592248,Regular
ETHUSDT,2025-10-13 00:00:00.003,-2.591e-05,4150.00000000,Regular
ETHUSDT,2025-10-13 08:00:00.002,5.255e-05,4176.37485271,Regular
ETHUSDT,2025-10-13 16:00:00.003,5.202e-05,4133.44000000,Regular
ETHUSDT,2025-10-14 00:00:00.000,5.602e-05,4239.70000000,Regular
ETHUSDT,2025-10-14 08:00:00.000,3.52e-06,3979.88000000,Regular
ETHUSDT,2025-10-14 16:00:00.000,2.693e-05,4084.13926357,Regular
ETHUSDT,2025-10-15 00:00:00.006,1.42e-05,4123.05000000,Regular
ETHUSDT,2025-10-15 08:00:00.002,4.258e-05,4120.11372093,Regular
ETHUSDT,2025-10-15 16:00:00.000,2.5e-05,3979.78179845,Regular
ETHUSDT,2025-10-16 00:00:00.000,-4.99e-06,3983.80000000,Regular
ETHUSDT,2025-10-16 08:00:00.003,7.65e-06,4003.38165891,Regular
ETHUSDT,2025-10-16 16:00:00.002,6.18e-06,3906.25694186,Regular
ETHUSDT,2025-10-17 00:00:00.001,3.354e-05,3892.18452713,Regular
ETHUSDT,2025-10-17 08:00:00.005,5.63e-05,3755.06874419,Regular
ETHUSDT,2025-10-17 16:00:00.003,2.963e-05,3796.16006977,Regular
ETHUSDT,2025-10-18 00:00:00.000,1.423e-05,3830.02745736,Regular
ETHUSDT,2025-10-18 08:00:00.002,1.51e-05,3890.47000000,Regular
ETHUSDT,2025-10-18 16:00:00.001,6.086e-05,3876.05548062,Regular
ETHUSDT,2025-10-19 00:00:00.001,6.239e-05,3887.01000000,Regular
ETHUSDT,2025-10-19 08:00:00.001,2.101e-05,3886.70000000,Regular
ETHUSDT,2025-10-19 16:00:00.001,3.514e-05,3977.55000000,Regular
ETHUSDT,2025-10-20 00:00:00.004,2.481e-05,3980.85823256,Regular
ETHUSDT,2025-10-20 08:00:00.001,5.413e-05,4053.55528682,Regular
ETHUSDT,2025-10-20 16:00:00.000,5.999e-05,4002.92856202,Regular
ETHUSDT,2025-10-21 00:00:00.009,3.53e-05,3977.55000000,Regular
ETHUSDT,2025-10-21 08:00:00.000,4.7e-07,3890.72004651,Regular
ETHUSDT,2025-10-21 16:00:00.000,7.724e-05,4080.42079070,Regular
ETHUSDT,2025-10-22 00:00:00.004,-2.491e-05,3871.11000000,Regular
ETHUSDT,2025-10-22 08:00:00.000,2.192e-05,3866.99136728,Regular
ETHUSDT,2025-10-22 16:00:00.000,2.392e-05,3839.72000000,Regular
ETHUSDT,2025-10-23 00:00:00.000,5.29e-06,3803.71000000,Regular
ETHUSDT,2025-10-23 08:00:00.001,4.173e-05,3879.85388372,Regular
ETHUSDT,2025-10-23 16:00:00.004,5.185e-05,3874.88000000,Regular
ETHUSDT,2025-10-24 00:00:00.000,8.88e-06,3855.43300775,Regular
ETHUSDT,2025-10-24 08:00:00.000,9.418e-05,3947.65000000,Regular
ETHUSDT,2025-10-24 16:00:00.009,3.074e-05,3887.10000000,Regular
ETHUSDT,2025-10-25 00:00:00.000,1.282e-05,3933.20000000,Regular
ETHUSDT,2025-10-25 08:00:00.001,1.546e-05,3927.29000000,Regular
ETHUSDT,2025-10-25 16:00:00.001,6.413e-05,3931.49100000,Regular
ETHUSDT,2025-10-26 00:00:00.001,0.0001,3952.26246899,Regular
ETHUSDT,2025-10-26 08:00:00.001,2.079e-05,3949.72000000,Regular
ETHUSDT,2025-10-26 16:00:00.000,0.0001,4073.54621705,Regular
ETHUSDT,2025-10-27 00:00:00.000,0.0001,4157.36870543,Regular
ETHUSDT,2025-10-27 08:00:00.005,0.0001,4199.99000000,Regular
ETHUSDT,2025-10-27 16:00:00.000,7.827e-05,4171.24000000,Regular
ETHUSDT,2025-10-28 00:00:00.000,3.936e-05,4118.47000000,Regular
ETHUSDT,2025-10-28 08:00:00.000,4.615e-05,4115.70196899,Regular
ETHUSDT,2025-10-28 16:00:00.004,1.796e-05,4095.35000000,Regular
ETHUSDT,2025-10-29 00:00:00.004,-5.159e-05,3977.58941085,Regular
ETHUSDT,2025-10-29 08:00:00.005,-1.008e-05,4022.83000000,Regular
ETHUSDT,2025-10-29 16:00:00.000,3.915e-05,3950.23000000,Regular
ETHUSDT,2025-10-30 00:00:00.004,-3.389e-05,3900.84131783,Regular
ETHUSDT,2025-10-30 08:00:00.008,-2.243e-05,3938.48378295,Regular
ETHUSDT,2025-10-30 16:00:00.001,-6.394e-05,3771.81851938,Regular
ETHUSDT,2025-10-31 00:00:00.000,3.219e-05,3802.31000000,Regular
ETHUSDT,2025-10-31 08:00:00.008,7.777e-05,3829.62250388,Regular
ETHUSDT,2025-10-31 16:00:00.007,-1.283e-05,3859.04427132,Regular
ETHUSDT,2025-11-01 00:00:00.001,6.032e-05,3846.41000000,Regular
ETHUSDT,2025-11-01 08:00:00.000,7.748e-05,3859.28000000,Regular
ETHUSDT,2025-11-01 16:00:00.000,0.0001,3893.12116680,Regular
ETHUSDT,2025-11-02 00:00:00.007,6.688e-05,3872.13000000,Regular
ETHUSDT,2025-11-02 08:00:00.000,9.258e-05,3905.13814729,Regular
ETHUSDT,2025-11-02 16:00:00.001,3.269e-05,3851.64000000,Regular
ETHUSDT,2025-11-03 00:00:00.000,8.937e-05,3905.02096124,Regular
ETHUSDT,2025-11-03 08:00:00.010,2.373e-05,3713.11919380,Regular
ETHUSDT,2025-11-03 16:00:00.000,5.24e-06,3587.37000000,Regular
ETHUSDT,2025-11-04 00:00:00.002,7.89e-05,3602.37986822,Regular
ETHUSDT,2025-11-04 08:00:00.004,8.984e-05,3492.95644186,Regular
ETHUSDT,2025-11-04 16:00:00.000,4.875e-05,3505.85000000,Regular
ETHUSDT,2025-11-05 00:00:00.000,1.174e-05,3285.29000000,Regular
ETHUSDT,2025-11-05 08:00:00.000,6.56e-06,3329.26889147,Regular
ETHUSDT,2025-11-05 16:00:00.004,4.337e-05,3396.32000000,Regular
ETHUSDT,2025-11-06 00:00:00.001,4.919e-05,3423.36609690,Regular
ETHUSDT,2025-11-06 08:00:00.000,4.986e-05,3379.00000000,Regular
ETHUSDT,2025-11-06 16:00:00.001,7.1e-07,3300.00000000,Regular
ETHUSDT,2025-11-07 00:00:00.005,7.583e-05,3313.86843411,Regular
ETHUSDT,2025-11-07 08:00:00.003,4.78e-05,3356.50945870,Regular
ETHUSDT,2025-11-07 16:00:00.005,8.277e-05,3296.61312403,Regular
ETHUSDT,2025-11-08 00:00:00.011,7.722e-05,3434.90193023,Regular
ETHUSDT,2025-11-08 08:00:00.015,8.414e-05,3446.59017054,Regular
ETHUSDT,2025-11-08 16:00:00.001,6.487e-05,3375.68000000,Regular
ETHUSDT,2025-11-09 00:00:00.004,1.158e-05,3400.07000000,Regular
ETHUSDT,2025-11-09 08:00:00.000,6.622e-05,3421.21175194,Regular
ETHUSDT,2025-11-09 16:00:00.005,4.71e-05,3514.06362791,Regular
ETHUSDT,2025-11-10 00:00:00.000,3.686e-05,3581.40451938,Regular
ETHUSDT,2025-11-10 08:00:00.000,9.099e-05,3608.31591473,Regular
ETHUSDT,2025-11-10 16:00:00.003,7.806e-05,3518.59824806,Regular
ETHUSDT,2025-11-11 00:00:00.007,2.962e-05,3566.38000000,Regular
ETHUSDT,2025-11-11 08:00:00.000,-2.557e-05,3542.83000000,Regular
ETHUSDT,2025-11-11 16:00:00.009,2.827e-05,3479.61000000,Regular
ETHUSDT,2025-11-12 00:00:00.000,3.618e-05,3416.32000000,Regular
ETHUSDT,2025-11-12 08:00:00.002,-3.94e-05,3426.89084496,Regular
ETHUSDT,2025-11-12 16:00:00.000,7.04e-05,3427.16393023,Regular
ETHUSDT,2025-11-13 00:00:00.002,6.967e-05,3413.45000000,Regular
ETHUSDT,2025-11-13 08:00:00.000,0.0001,3538.14021705,Regular
ETHUSDT,2025-11-13 16:00:00.001,2.321e-05,3386.08135659,Regular
ETHUSDT,2025-11-14 00:00:00.000,-3.82e-06,3230.12706977,Regular
ETHUSDT,2025-11-14 08:00:00.000,3.573e-05,3214.12926357,Regular
ETHUSDT,2025-11-14 16:00:00.001,7.962e-05,3195.87000000,Regular
ETHUSDT,2025-11-15 00:00:00.005,4.979e-05,3111.41544106,Regular
ETHUSDT,2025-11-15 08:00:00.000,4.397e-05,3174.99000000,Regular
ETHUSDT,2025-11-15 16:00:00.001,4.679e-05,3184.50000000,Regular
ETHUSDT,2025-11-16 00:00:00.001,0.0001,3166.55000000,Regular
ETHUSDT,2025-11-16 08:00:00.000,0.0001,3218.40003101,Regular
ETHUSDT,2025-11-16 16:00:00.000,7.779e-05,3103.51000000,Regular
ETHUSDT,2025-11-17 00:00:00.003,0.0001,3095.01727132,Regular
ETHUSDT,2025-11-17 08:00:00.003,0.0001,3197.29000000,Regular
ETHUSDT,2025-11-17 16:00:00.000,5.992e-05,3119.24000000,Regular
ETHUSDT,2025-11-18 00:00:00.002,9.056e-05,3030.07000000,Regular
ETHUSDT,2025-11-18 08:00:00.004,0.0001,3024.38991473,Regular
ETHUSDT,2025-11-18 16:00:00.000,5.928e-05,3105.25403769,Regular
ETHUSDT,2025-11-19 00:00:00.000,0.0001,3122.20000000,Regular
ETHUSDT,2025-11-19 08:00:00.000,6.727e-05,3083.92845736,Regular
ETHUSDT,2025-11-19 16:00:00.008,3.204e-05,2972.28232558,Regular
ETHUSDT,2025-11-20 00:00:00.000,7.097e-05,3024.09000000,Regular
ETHUSDT,2025-11-20 08:00:00.000,7.838e-05,3038.21689147,Regular
ETHUSDT,2025-11-20 16:00:00.000,6.788e-05,2954.52000000,Regular
ETHUSDT,2025-11-21 00:00:00.001,3.335e-05,2833.48894574,Regular
ETHUSDT,2025-11-21 08:00:00.000,1.947e-05,2719.22072868,Regular
ETHUSDT,2025-11-21 16:00:00.001,5.44e-05,2703.69000000,Regular
ETHUSDT,2025-11-22 00:00:00.004,1.859e-05,2764.63000000,Regular
ETHUSDT,2025-11-22 08:00:00.000,7.195e-05,2755.13000000,Regular
ETHUSDT,2025-11-22 16:00:00.000,4.657e-05,2737.64817054,Regular
ETHUSDT,2025-11-23 00:00:00.000,6.445e-05,2769.13278295,Regular
ETHUSDT,2025-11-23 08:00:00.008,-2.356e-05,2792.32000000,Regular
ETHUSDT,2025-11-23 16:00:00.003,-5.87e-06,2835.31565116,Regular
ETHUSDT,2025-11-24 00:00:00.004,-1e-07,2800.96685245,Regular
ETHUSDT,2025-11-24 08:00:00.000,7.615e-05,2828.77000000,Regular
ETHUSDT,2025-11-24 16:00:00.006,4.931e-05,2845.26537209,Regular
ETHUSDT,2025-11-25 00:00:00.000,4.02e-05,2952.18000000,Regular
ETHUSDT,2025-11-25 08:00:00.009,3.624e-05,2901.54000000,Regular
ETHUSDT,2025-11-25 16:00:00.007,5.56e-06,2894.18000000,Regular
ETHUSDT,2025-11-26 00:00:00.001,4.707e-05,2958.29194574,Regular
ETHUSDT,2025-11-26 08:00:00.001,-9.2e-06,2943.11770543,Regular
ETHUSDT,2025-11-26 16:00:00.000,1.886e-05,2926.63055814,Regular
ETHUSDT,2025-11-27 00:00:00.013,2.467e-05,3025.05000000,Regular
ETHUSDT,2025-11-27 08:00:00.000,1.646e-05,3032.24509302,Regular
ETHUSDT,2025-11-27 16:00:00.004,9.88e-06,3009.75889922,Regular
ETHUSDT,2025-11-28 00:00:00.008,-1.45e-06,3013.89000000,Regular
ETHUSDT,2025-11-28 08:00:00.000,2.638e-05,3000.26055000,Regular
ETHUSDT,2025-11-28 16:00:00.008,-9.03e-06,3072.13665196,Regular
ETHUSDT,2025-11-29 00:00:00.000,2.574e-05,3029.80000000,Regular
ETHUSDT,2025-11-29 08:00:00.005,5.1e-06,3003.23000000,Regular
ETHUSDT,2025-11-29 16:00:00.001,-1.52e-06,3006.09641139,Regular
ETHUSDT,2025-11-30 00:00:00.003,7.916e-05,2987.96000000,Regular
ETHUSDT,2025-11-30 08:00:00.000,4.019e-05,3003.55172093,Regular
ETHUSDT,2025-11-30 16:00:00.004,3.707e-05,3027.88000000,Regular
ETHUSDT,2025-12-01 00:00:00.000,5.374e-05,2990.24148837,Regular
ETHUSDT,2025-12-01 08:00:00.004,7.757e-05,2838.60395750,Regular
ETHUSDT,2025-12-01 16:00:00.000,-2.535e-05,2745.14208527,Regular
ETHUSDT,2025-12-02 00:00:00.004,6.949e-05,2797.62505426,Regular
ETHUSDT,2025-12-02 08:00:00.000,5.552e-05,2804.33772093,Regular
ETHUSDT,2025-12-02 16:00:00.000,4.147e-05,3005.55000000,Regular
ETHUSDT,2025-12-03 00:00:00.000,4.698e-05,2994.63000000,Regular
ETHUSDT,2025-12-03 08:00:00.000,1.107e-05,3056.40000000,Regular
ETHUSDT,2025-12-03 16:00:00.005,5.015e-05,3084.84000000,Regular
ETHUSDT,2025-12-04 00:00:00.012,6.305e-05,3187.29982946,Regular
ETHUSDT,2025-12-04 08:00:00.000,0.0001,3189.02000000,Regular
ETHUSDT,2025-12-04 16:00:00.011,9.628e-05,3206.70000000,Regular
ETHUSDT,2025-12-05 00:00:00.000,2.405e-05,3132.00000000,Regular
ETHUSDT,2025-12-05 08:00:00.000,9.771e-05,3172.27000000,Regular
ETHUSDT,2025-12-05 16:00:00.010,4.884e-05,3105.37104264,Regular
ETHUSDT,2025-12-06 00:00:00.001,4.481e-05,3020.33458140,Regular
ETHUSDT,2025-12-06 08:00:00.001,4.55e-06,3024.98000000,Regular
ETHUSDT,2025-12-06 16:00:00.008,3.188e-05,3040.10000000,Regular
ETHUSDT,2025-12-07 00:00:00.000,3.716e-05,3036.53000000,Regular
ETHUSDT,2025-12-07 08:00:00.004,-9.74e-06,3036.00000000,Regular
ETHUSDT,2025-12-07 16:00:00.000,1.448e-05,3027.53720930,Regular
ETHUSDT,2025-12-08 00:00:00.000,2.807e-05,3058.13000000,Regular
ETHUSDT,2025-12-08 08:00:00.000,7.24e-05,3132.81955814,Regular
ETHUSDT,2025-12-08 16:00:00.001,4.139e-05,3099.69000000,Regular
ETHUSDT,2025-12-09 00:00:00.001,5.283e-05,3123.15000000,Regular
ETHUSDT,2025-12-09 08:00:00.001,6.214e-05,3120.99000000,Regular
ETHUSDT,2025-12-09 16:00:00.007,3.873e-05,3244.57465116,Regular
ETHUSDT,2025-12-10 00:00:00.007,0.0001,3316.50000000,Regular
ETHUSDT,2025-12-10 08:00:00.002,7.429e-05,3325.66941860,Regular
ETHUSDT,2025-12-10 16:00:00.012,3.462e-05,3326.70315504,Regular
ETHUSDT,2025-12-11 00:00:00.001,6.92e-05,3322.84322481,Regular
ETHUSDT,2025-12-11 08:00:00.000,1.38e-06,3200.04512831,Regular
ETHUSDT,2025-12-11 16:00:00.000,2.616e-05,3178.20453488,Regular
ETHUSDT,2025-12-12 00:00:00.005,-2.48e-06,3235.78000000,Regular
ETHUSDT,2025-12-12 08:00:00.007,3.217e-05,3245.00000000,Regular
ETHUSDT,2025-12-12 16:00:00.002,-2.36e-06,3072.10405814,Regular
ETHUSDT,2025-12-13 00:00:00.001,1.07e-06,3083.34000000,Regular
ETHUSDT,2025-12-13 08:00:00.006,-1.354e-05,3093.20392793,Regular
ETHUSDT,2025-12-13 16:00:00.000,3.292e-05,3108.65233270,Regular
ETHUSDT,2025-12-14 00:00:00.000,8.266e-05,3113.00076744,Regular
ETHUSDT,2025-12-14 08:00:00.003,4.872e-05,3113.88258140,Regular
ETHUSDT,2025-12-14 16:00:00.005,8.259e-05,3083.33000000,Regular
ETHUSDT,2025-12-15 00:00:00.000,6.154e-05,3061.33000000,Regular
ETHUSDT,2025-12-15 08:00:00.000,3.415e-05,3127.34000000,Regular
ETHUSDT,2025-12-15 16:00:00.000,2.051e-05,3009.47985565,Regular
ETHUSDT,2025-12-16 00:00:00.002,-6.41e-06,2963.26000000,Regular
ETHUSDT,2025-12-16 08:00:00.000,2.281e-05,2922.62000000,Regular
ETHUSDT,2025-12-16 16:00:00.002,-1.87e-05,2961.85000000,Regular
ETHUSDT,2025-12-17 00:00:00.004,3.52e-06,2960.73833333,Regular
ETHUSDT,2025-12-17 08:00:00.000,3.718e-05,2946.59000000,Regular
ETHUSDT,2025-12-17 16:00:00.000,8.6e-07,2903.39000000,Regular
ETHUSDT,2025-12-18 00:00:00.005,-1.833e-05,2832.00000000,Regular
ETHUSDT,2025-12-18 08:00:00.007,-3.186e-05,2834.98000000,Regular
ETHUSDT,2025-12-18 16:00:00.001,5.89e-05,2964.16000000,Regular
ETHUSDT,2025-12-19 00:00:00.000,5.783e-05,2827.28557364,Regular
ETHUSDT,2025-12-19 08:00:00.001,7.285e-05,2950.56593023,Regular
ETHUSDT,2025-12-19 16:00:00.000,9.196e-05,2963.53419006,Regular
ETHUSDT,2025-12-20 00:00:00.005,1.997e-05,2978.40965891,Regular
ETHUSDT,2025-12-20 08:00:00.000,1.909e-05,2980.30465891,Regular
ETHUSDT,2025-12-20 16:00:00.002,9.03e-06,2975.58000000,Regular
ETHUSDT,2025-12-21 00:00:00.000,1.836e-05,2976.54000000,Regular
ETHUSDT,2025-12-21 08:00:00.009,4.198e-05,2979.86175194,Regular
ETHUSDT,2025-12-21 16:00:00.000,3.37e-06,2973.41665891,Regular
ETHUSDT,2025-12-22 00:00:00.000,-2.332e-05,3000.72510853,Regular
ETHUSDT,2025-12-22 08:00:00.005,5.76e-06,3028.38000000,Regular
ETHUSDT,2025-12-22 16:00:00.009,-5.69e-06,3051.42631783,Regular
ETHUSDT,2025-12-23 00:00:00.000,3.812e-05,3008.10000000,Regular
ETHUSDT,2025-12-23 08:00:00.000,6.79e-05,2963.57000000,Regular
ETHUSDT,2025-12-23 16:00:00.001,2.64e-05,2927.74589922,Regular
ETHUSDT,2025-12-24 00:00:00.001,2.584e-05,2963.29000000,Regular
ETHUSDT,2025-12-24 08:00:00.001,6.186e-05,2931.36000000,Regular
ETHUSDT,2025-12-24 16:00:00.000,5.629e-05,2924.43882171,Regular
ETHUSDT,2025-12-25 00:00:00.000,6.527e-05,2946.23000000,Regular
ETHUSDT,2025-12-25 08:00:00.001,6.688e-05,2940.84000000,Regular
ETHUSDT,2025-12-25 16:00:00.005,4.97e-05,2959.48000000,Regular
ETHUSDT,2025-12-26 00:00:00.004,5.028e-05,2902.63771318,Regular
ETHUSDT,2025-12-26 08:00:00.001,6.473e-05,2955.52842636,Regular
ETHUSDT,2025-12-26 16:00:00.007,3.451e-05,2921.51000000,Regular
ETHUSDT,2025-12-27 00:00:00.000,4.038e-05,2926.82235365,Regular
ETHUSDT,2025-12-27 08:00:00.000,-5.19e-06,2931.47000000,Regular
ETHUSDT,2025-12-27 16:00:00.011,8.133e-05,2925.53000000,Regular
ETHUSDT,2025-12-28 00:00:00.008,5.105e-05,2947.61000000,Regular
ETHUSDT,2025-12-28 08:00:00.000,7.91e-05,2937.78866667,Regular
ETHUSDT,2025-12-28 16:00:00.000,4.862e-05,2948.08154264,Regular
ETHUSDT,2025-12-29 00:00:00.016,9.172e-05,2949.59000000,Regular
ETHUSDT,2025-12-29 08:00:00.001,8.496e-05,3018.46000000,Regular
ETHUSDT,2025-12-29 16:00:00.000,1.862e-05,2934.04247287,Regular
ETHUSDT,2025-12-30 00:00:00.005,-1.536e-05,2936.46000000,Regular
ETHUSDT,2025-12-30 08:00:00.001,3.92e-05,2949.50734964,Regular
ETHUSDT,2025-12-30 16:00:00.003,0.0001,2988.49000000,Regular
ETHUSDT,2025-12-31 00:00:00.004,5.157e-05,2972.28718605,Regular
ETHUSDT,2025-12-31 08:00:00.001,1.205e-05,2975.56608527,Regular
ETHUSDT,2025-12-31 16:00:00.001,3.527e-05,2984.30000000,Regular
ETHUSDT,2026-01-01 00:00:00.008,0.0001,2970.46519820,Regular
ETHUSDT,2026-01-01 08:00:00.002,8.799e-05,2977.34010078,Regular
ETHUSDT,2026-01-01 16:00:00.001,-5.6e-06,2988.45000000,Regular
ETHUSDT,2026-01-02 00:00:00.006,5.053e-05,3002.50000000,Regular
ETHUSDT,2026-01-02 08:00:00.007,3.09e-05,3016.99000000,Regular
ETHUSDT,2026-01-02 16:00:00.000,0.0001,3085.09000000,Regular
ETHUSDT,2026-01-03 00:00:00.001,5.187e-05,3123.89000000,Regular
ETHUSDT,2026-01-03 08:00:00.000,3.421e-05,3089.51000000,Regular
ETHUSDT,2026-01-03 16:00:00.000,3.231e-05,3099.91000000,Regular
ETHUSDT,2026-01-04 00:00:00.000,7.598e-05,3125.59455039,Regular
ETHUSDT,2026-01-04 08:00:00.000,2.12e-06,3139.60639535,Regular
ETHUSDT,2026-01-04 16:00:00.001,7.231e-05,3134.42257364,Regular
ETHUSDT,2026-01-05 00:00:00.000,7.926e-05,3143.75382171,Regular
ETHUSDT,2026-01-05 08:00:00.000,9.66e-06,3156.17000000,Regular
ETHUSDT,2026-01-05 16:00:00.000,5.085e-05,3195.50585806,Regular
ETHUSDT,2026-01-06 00:00:00.010,8.035e-05,3223.72000000,Regular
ETHUSDT,2026-01-06 08:00:00.000,6.876e-05,3218.05831783,Regular
ETHUSDT,2026-01-06 16:00:00.000,4.25e-05,3270.74000000,Regular
ETHUSDT,2026-01-07 00:00:00.001,7.658e-05,3295.45000000,Regular
ETHUSDT,2026-01-07 08:00:00.001,7.268e-05,3254.00000000,Regular
ETHUSDT,2026-01-07 16:00:00.001,3.902e-05,3163.52000000,Regular
ETHUSDT,2026-01-08 00:00:00.001,7.044e-05,3167.31000000,Regular
ETHUSDT,2026-01-08 08:00:00.000,7.658e-05,3126.43916279,Regular
ETHUSDT,2026-01-08 16:00:00.000,4.9e-07,3103.45000000,Regular
ETHUSDT,2026-01-09 00:00:00.003,6.634e-05,3105.14000000,Regular
ETHUSDT,2026-01-09 08:00:00.000,3.789e-05,3109.75000000,Regular
ETHUSDT,2026-01-09 16:00:00.001,5.562e-05,3111.39000000,Regular
ETHUSDT,2026-01-10 00:00:00.000,8.959e-05,3087.15000000,Regular
ETHUSDT,2026-01-10 08:00:00.002,0.0001,3091.50000000,Regular
ETHUSDT,2026-01-10 16:00:00.001,5.277e-05,3094.12000000,Regular
ETHUSDT,2026-01-11 00:00:00.003,9.824e-05,3085.47162016,Regular
ETHUSDT,2026-01-11 08:00:00.006,6.573e-05,3094.03000000,Regular
ETHUSDT,2026-01-11 16:00:00.000,5.876e-05,3117.21564341,Regular
ETHUSDT,2026-01-12 00:00:00.005,0.0001,3122.46500775,Regular
ETHUSDT,2026-01-12 08:00:00.000,3.472e-05,3133.95000000,Regular
ETHUSDT,2026-01-12 16:00:00.000,6.663e-05,3128.99000000,Regular
ETHUSDT,2026-01-13 00:00:00.007,4.704e-05,3093.98831783,Regular
ETHUSDT,2026-01-13 08:00:00.009,9.164e-05,3121.08000000,Regular
ETHUSDT,2026-01-13 16:00:00.002,2.672e-05,3183.10000000,Regular
ETHUSDT,2026-01-14 00:00:00.000,0.0001,3324.69000000,Regular
ETHUSDT,2026-01-14 08:00:00.001,0.0001,3334.88000000,Regular
ETHUSDT,2026-01-14 16:00:00.004,8.331e-05,3344.20000000,Regular
ETHUSDT,2026-01-15 00:00:00.000,5.358e-05,3353.28000000,Regular
ETHUSDT,2026-01-15 08:00:00.004,6.58e-06,3328.64000000,Regular
ETHUSDT,2026-01-15 16:00:00.002,9.722e-05,3330.13646124,Regular
ETHUSDT,2026-01-16 00:00:00.000,3.284e-05,3317.02828682,Regular
ETHUSDT,2026-01-16 08:00:00.000,3.558e-05,3308.16000000,Regular
ETHUSDT,2026-01-16 16:00:00.001,2.767e-05,3263.05000000,Regular
ETHUSDT,2026-01-17 00:00:00.000,8.371e-05,3294.69000000,Regular
ETHUSDT,2026-01-17 08:00:00.000,8.079e-05,3290.17573643,Regular
ETHUSDT,2026-01-17 16:00:00.002,6.017e-05,3328.13000000,Regular
ETHUSDT,2026-01-18 00:00:00.001,3.761e-05,3308.91089147,Regular
ETHUSDT,2026-01-18 08:00:00.000,1.351e-05,3305.66000000,Regular
ETHUSDT,2026-01-18 16:00:00.000,2.477e-05,3332.52959941,Regular
ETHUSDT,2026-01-19 00:00:00.007,5.221e-05,3283.10320930,Regular
ETHUSDT,2026-01-19 08:00:00.007,-1.14e-05,3205.71000000,Regular
ETHUSDT,2026-01-19 16:00:00.007,1.428e-05,3214.56658915,Regular
ETHUSDT,2026-01-20 00:00:00.005,8.611e-05,3188.17400901,Regular
ETHUSDT,2026-01-20 08:00:00.001,6.101e-05,3121.56937209,Regular
ETHUSDT,2026-01-20 16:00:00.009,1.232e-05,3031.71069767,Regular
ETHUSDT,2026-01-21 00:00:00.001,5.52e-06,2938.29662016,Regular
ETHUSDT,2026-01-21 08:00:00.011,5.3e-06,2969.25408527,Regular
ETHUSDT,2026-01-21 16:00:00.011,1.113e-05,3001.22000000,Regular
ETHUSDT,2026-01-22 00:00:00.010,2.119e-05,2980.80246512,Regular
ETHUSDT,2026-01-22 08:00:00.003,7.681e-05,3000.01000000,Regular
ETHUSDT,2026-01-22 16:00:00.005,-2.933e-05,2941.55707752,Regular
ETHUSDT,2026-01-23 00:00:00.005,1.674e-05,2951.21000000,Regular
ETHUSDT,2026-01-23 08:00:00.000,2.868e-05,2946.97571318,Regular
ETHUSDT,2026-01-23 16:00:00.011,5.045e-05,2951.24000000,Regular
ETHUSDT,2026-01-24 00:00:00.011,3.675e-05,2955.08000000,Regular
ETHUSDT,2026-01-24 08:00:00.002,1.171e-05,2956.00000000,Regular
ETHUSDT,2026-01-24 16:00:00.001,1.292e-05,2955.54000000,Regular
ETHUSDT,2026-01-25 00:00:00.002,4.065e-05,2952.08000000,Regular
ETHUSDT,2026-01-25 08:00:00.011,6.759e-05,2938.43000000,Regular
ETHUSDT,2026-01-25 16:00:00.005,4.059e-05,2925.57100775,Regular
ETHUSDT,2026-01-26 00:00:00.000,-0.00013629,2815.96000000,Regular
ETHUSDT,2026-01-26 08:00:00.003,6.54e-05,2903.00000000,Regular
ETHUSDT,2026-01-26 16:00:00.000,1.326e-05,2898.08531008,Regular
ETHUSDT,2026-01-27 00:00:00.002,7.255e-05,2928.90000000,Regular
ETHUSDT,2026-01-27 08:00:00.000,8.694e-05,2927.95000000,Regular
ETHUSDT,2026-01-27 16:00:00.000,9.488e-05,2936.46734964,Regular
ETHUSDT,2026-01-28 00:00:00.000,8.698e-05,3024.92000000,Regular
ETHUSDT,2026-01-28 08:00:00.000,9.559e-05,3004.06000000,Regular
ETHUSDT,2026-01-28 16:00:00.000,4.501e-05,3006.11000000,Regular
ETHUSDT,2026-01-29 00:00:00.000,4.731e-05,3009.43262791,Regular
ETHUSDT,2026-01-29 08:00:00.009,4.078e-05,2960.11000000,Regular
ETHUSDT,2026-01-29 16:00:00.000,-1.167e-05,2822.98037690,Regular
ETHUSDT,2026-01-30 00:00:00.008,4.73e-06,2821.16860465,Regular
ETHUSDT,2026-01-30 08:00:00.000,-3.08e-06,2738.97818605,Regular
ETHUSDT,2026-01-30 16:00:00.001,-5.6e-07,2728.23081395,Regular
ETHUSDT,2026-01-31 00:00:00.000,-7.003e-05,2705.70828682,Regular
ETHUSDT,2026-01-31 08:00:00.001,1.854e-05,2678.85000000,Regular
ETHUSDT,2026-01-31 16:00:00.009,-8.908e-05,2532.73000000,Regular
ETHUSDT,2026-02-01 00:00:00.001,-0.00016427,2450.28496124,Regular
ETHUSDT,2026-02-01 08:00:00.004,1.415e-05,2410.09168992,Regular
ETHUSDT,2026-02-01 16:00:00.000,-7.308e-05,2313.97000000,Regular
ETHUSDT,2026-02-02 00:00:00.000,-0.00015302,2269.04000000,Regular
ETHUSDT,2026-02-02 08:00:00.014,-8.208e-05,2227.81549612,Regular
ETHUSDT,2026-02-02 16:00:00.000,-0.00010921,2370.86000000,Regular
ETHUSDT,2026-02-03 00:00:00.000,-0.00015482,2345.61148757,Regular
ETHUSDT,2026-02-03 08:00:00.007,1.01e-05,2322.00000000,Regular
ETHUSDT,2026-02-03 16:00:00.000,-3.903e-05,2302.36555814,Regular
ETHUSDT,2026-02-04 00:00:00.002,-2.474e-05,2232.23000000,Regular
ETHUSDT,2026-02-04 08:00:00.007,2.076e-05,2282.97981395,Regular
ETHUSDT,2026-02-04 16:00:00.000,-6.117e-05,2150.29837610,Regular
ETHUSDT,2026-02-05 00:00:00.011,5.503e-05,2147.46000000,Regular
ETHUSDT,2026-02-05 08:00:00.000,-5.04e-06,2090.27147955,Regular
ETHUSDT,2026-02-05 16:00:00.007,-7.797e-05,1959.31603876,Regular
ETHUSDT,2026-02-06 00:00:00.000,-0.00027709,1825.43212403,Regular
ETHUSDT,2026-02-06 08:00:00.001,-8.43e-05,1897.98374419,Regular
ETHUSDT,2026-02-06 16:00:00.000,1.852e-05,1979.44000000,Regular
ETHUSDT,2026-02-07 00:00:00.003,0.0001,2062.55000000,Regular
ETHUSDT,2026-02-07 08:00:00.000,-1.83e-06,2027.29000000,Regular
ETHUSDT,2026-02-07 16:00:00.010,1.636e-05,2051.48000000,Regular
ETHUSDT,2026-02-08 00:00:00.003,2.665e-05,2086.11494387,Regular
ETHUSDT,2026-02-08 08:00:00.000,-3.046e-05,2083.49000000,Regular
ETHUSDT,2026-02-08 16:00:00.000,-5.398e-05,2107.30000000,Regular
ETHUSDT,2026-02-09 00:00:00.002,-4.033e-05,2088.75428682,Regular
ETHUSDT,2026-02-09 08:00:00.001,-4.865e-05,2064.47652713,Regular
ETHUSDT,2026-02-09 16:00:00.007,-3.34e-06,2060.83712403,Regular
ETHUSDT,2026-02-10 00:00:00.000,4.269e-05,2103.96000000,Regular
ETHUSDT,2026-02-10 08:00:00.007,-0.0001521,2006.06000000,Regular
ETHUSDT,2026-02-10 16:00:00.000,-0.00019437,2021.35000000,Regular
ETHUSDT,2026-02-11 00:00:00.000,-8.436e-05,2021.51000000,Regular
ETHUSDT,2026-02-11 08:00:00.006,-0.00012968,1949.68625581,Regular
ETHUSDT,2026-02-11 16:00:00.000,-0.00012326,1928.52912403,Regular
ETHUSDT,2026-02-12 00:00:00.000,-2.549e-05,1941.76651938,Regular
ETHUSDT,2026-02-12 08:00:00.001,2.239e-05,1968.92914729,Regular
ETHUSDT,2026-02-12 16:00:00.001,-4.103e-05,1947.61516279,Regular
ETHUSDT,2026-02-13 00:00:00.007,-0.00010652,1947.15000000,Regular
ETHUSDT,2026-02-13 08:00:00.003,-2.874e-05,1934.88000000,Regular
ETHUSDT,2026-02-13 16:00:00.005,4.26e-05,2033.96000000,Regular
ETHUSDT,2026-02-14 00:00:00.002,-2.68e-06,2047.88078619,Regular
ETHUSDT,2026-02-14 08:00:00.004,1.442e-05,2056.14024806,Regular
ETHUSDT,2026-02-14 16:00:00.002,-1.921e-05,2086.68243384,Regular
ETHUSDT,2026-02-15 00:00:00.000,-6.367e-05,2085.43000000,Regular
ETHUSDT,2026-02-15 08:00:00.002,6.204e-05,2090.58000000,Regular
ETHUSDT,2026-02-15 16:00:00.000,-7.55e-05,2010.49714729,Regular
ETHUSDT,2026-02-16 00:00:00.001,-5.314e-05,1965.48000000,Regular
ETHUSDT,2026-02-16 08:00:00.003,-5.925e-05,1970.21229457,Regular
ETHUSDT,2026-02-16 16:00:00.000,-3.499e-05,1955.64000000,Regular
ETHUSDT,2026-02-17 00:00:00.008,5.298e-05,1997.35000000,Regular
ETHUSDT,2026-02-17 08:00:00.001,8.43e-06,1984.85000000,Regular
ETHUSDT,2026-02-17 16:00:00.002,-4.733e-05,1967.70000000,Regular
ETHUSDT,2026-02-18 00:00:00.000,1.121e-05,1990.67000000,Regular
ETHUSDT,2026-02-18 08:00:00.000,-3.783e-05,2017.19000000,Regular
ETHUSDT,2026-02-18 16:00:00.011,-8.66e-06,1984.71284496,Regular
ETHUSDT,2026-02-19 00:00:00.013,-0.00010561,1954.81500775,Regular
ETHUSDT,2026-02-19 08:00:00.000,-3.009e-05,1980.92974419,Regular
ETHUSDT,2026-02-19 16:00:00.003,-7.865e-05,1925.28112403,Regular
ETHUSDT,2026-02-20 00:00:00.000,-4.637e-05,1948.15000000,Regular
ETHUSDT,2026-02-20 08:00:00.000,-3.19e-05,1959.93202326,Regular
ETHUSDT,2026-02-20 16:00:00.000,-7.16e-05,1963.06000000,Regular
ETHUSDT,2026-02-21 00:00:00.004,3.05e-05,1967.91587597,Regular
ETHUSDT,2026-02-21 08:00:00.000,4.592e-05,1962.01000000,Regular
ETHUSDT,2026-02-21 16:00:00.005,6.628e-05,1987.20836006,Regular
ETHUSDT,2026-02-22 00:00:00.001,3.845e-05,1972.79506202,Regular
ETHUSDT,2026-02-22 08:00:00.004,1.584e-05,1975.00000000,Regular
ETHUSDT,2026-02-22 16:00:00.000,-4.379e-05,1953.10791099,Regular
ETHUSDT,2026-02-23 00:00:00.001,-3.343e-05,1957.01000000,Regular
ETHUSDT,2026-02-23 08:00:00.000,-0.00036526,1884.29258140,Regular
ETHUSDT,2026-02-23 16:00:00.000,1.654e-05,1895.00985271,Regular
ETHUSDT,2026-02-24 00:00:00.007,2.61e-05,1855.60082171,Regular
ETHUSDT,2026-02-24 08:00:00.000,-4.446e-05,1824.77000000,Regular
ETHUSDT,2026-02-24 16:00:00.001,-2.974e-05,1846.81313953,Regular
ETHUSDT,2026-02-25 00:00:00.001,-2.455e-05,1851.10000000,Regular
ETHUSDT,2026-02-25 08:00:00.007,4.558e-05,1892.48311628,Regular
ETHUSDT,2026-02-25 16:00:00.000,5.753e-05,2012.98563566,Regular
ETHUSDT,2026-02-26 00:00:00.000,7.787e-05,2056.85373643,Regular
ETHUSDT,2026-02-26 08:00:00.006,-2.591e-05,2052.48000000,Regular
ETHUSDT,2026-02-26 16:00:00.002,3.926e-05,2032.33000000,Regular
ETHUSDT,2026-02-27 00:00:00.007,1.39e-05,2026.70000000,Regular
ETHUSDT,2026-02-27 08:00:00.000,3.34e-06,2031.54000000,Regular
ETHUSDT,2026-02-27 16:00:00.001,-0.00011015,1947.49694066,Regular
ETHUSDT,2026-02-28 00:00:00.000,-8.821e-05,1928.71803128,Regular
ETHUSDT,2026-02-28 08:00:00.000,-9.456e-05,1865.63000000,Regular
ETHUSDT,2026-02-28 16:00:00.004,-7.186e-05,1897.78000000,Regular
ETHUSDT,2026-03-01 00:00:00.005,-3.406e-05,1963.60241085,Regular
ETHUSDT,2026-03-01 08:00:00.000,4.986e-05,2006.28889147,Regular
ETHUSDT,2026-03-01 16:00:00.002,5.291e-05,1992.10000000,Regular
ETHUSDT,2026-03-02 00:00:00.001,-7.621e-05,1938.57000000,Regular
ETHUSDT,2026-03-02 08:00:00.007,-4.31e-05,1940.25000000,Regular
ETHUSDT,2026-03-02 16:00:00.000,-6.736e-05,2046.41481395,Regular
ETHUSDT,2026-03-03 00:00:00.000,4.93e-05,2026.70000000,Regular
ETHUSDT,2026-03-03 08:00:00.000,-2.809e-05,1995.33233761,Regular
ETHUSDT,2026-03-03 16:00:00.007,-9.532e-05,1968.23864074,Regular
ETHUSDT,2026-03-04 00:00:00.001,-3.92e-06,1981.85000000,Regular
ETHUSDT,2026-03-04 08:00:00.005,-7.107e-05,2006.39296124,Regular
ETHUSDT,2026-03-04 16:00:00.000,6.615e-05,2149.30000000,Regular
ETHUSDT,2026-03-05 00:00:00.000,-1.331e-05,2126.39948837,Regular
ETHUSDT,2026-03-05 08:00:00.000,-8.37e-06,2104.43954264,Regular
ETHUSDT,2026-03-05 16:00:00.004,-1.463e-05,2086.19674419,Regular
ETHUSDT,2026-03-06 00:00:00.001,4.376e-05,2072.10115504,Regular
ETHUSDT,2026-03-06 08:00:00.001,-2.383e-05,2081.89000000,Regular
ETHUSDT,2026-03-06 16:00:00.004,-9.858e-05,1976.72941860,Regular
ETHUSDT,2026-03-07 00:00:00.001,-4.995e-05,1977.78678295,Regular
ETHUSDT,2026-03-07 08:00:00.012,-9.16e-06,1982.18000000,Regular
ETHUSDT,2026-03-07 16:00:00.001,-2.26e-05,1980.18000000,Regular
ETHUSDT,2026-03-08 00:00:00.001,-4.775e-05,1968.40000000,Regular
ETHUSDT,2026-03-08 08:00:00.000,-8.766e-05,1954.22631783,Regular
ETHUSDT,2026-03-08 16:00:00.002,-7.522e-05,1942.16876744,Regular
ETHUSDT,2026-03-09 00:00:00.000,-0.00022545,1936.17904170,Regular
ETHUSDT,2026-03-09 08:00:00.004,2.557e-05,1982.61000000,Regular
ETHUSDT,2026-03-09 16:00:00.003,5.482e-05,2021.88922481,Regular
ETHUSDT,2026-03-10 00:00:00.012,4.253e-05,1992.63307752,Regular
ETHUSDT,2026-03-10 08:00:00.002,5.082e-05,2049.99000000,Regular
ETHUSDT,2026-03-10 16:00:00.001,2.672e-05,2078.40825581,Regular
ETHUSDT,2026-03-11 00:00:00.000,-3.94e-06,2035.59637984,Regular
ETHUSDT,2026-03-11 08:00:00.007,-7.4e-07,2011.58000000,Regular
ETHUSDT,2026-03-11 16:00:00.010,2.992e-05,2048.84000000,Regular
ETHUSDT,2026-03-12 00:00:00.000,9.02e-06,2051.23000000,Regular
ETHUSDT,2026-03-12 08:00:00.000,-6.811e-05,2039.95117054,Regular
ETHUSDT,2026-03-12 16:00:00.000,-1.513e-05,2071.52148062,Regular
ETHUSDT,2026-03-13 00:00:00.006,2.264e-05,2072.68000000,Regular
ETHUSDT,2026-03-13 08:00:00.001,-6.3e-07,2098.45000000,Regular
ETHUSDT,2026-03-13 16:00:00.000,2.099e-05,2127.21085271,Regular
ETHUSDT,2026-03-14 00:00:00.001,2.679e-05,2091.60681395,Regular
ETHUSDT,2026-03-14 08:00:00.000,-2.367e-05,2076.46232663,Regular
ETHUSDT,2026-03-14 16:00:00.007,-4.1e-05,2073.66222481,Regular
ETHUSDT,2026-03-15 00:00:00.000,-4.662e-05,2095.28000000,Regular
ETHUSDT,2026-03-15 08:00:00.000,1.371e-05,2104.96000000,Regular
ETHUSDT,2026-03-15 16:00:00.000,3.459e-05,2092.93000000,Regular
ETHUSDT,2026-03-16 00:00:00.000,7.611e-05,2177.73000000,Regular
ETHUSDT,2026-03-16 08:00:00.010,0.0001,2248.44000000,Regular
ETHUSDT,2026-03-16 16:00:00.000,7.073e-05,2272.54772868,Regular
ETHUSDT,2026-03-17 00:00:00.000,5.155e-05,2351.67000000,Regular
ETHUSDT,2026-03-17 08:00:00.002,1.964e-05,2327.07070543,Regular
ETHUSDT,2026-03-17 16:00:00.011,-1.057e-05,2314.99991473,Regular
ETHUSDT,2026-03-18 00:00:00.002,1.504e-05,2316.45000000,Regular
ETHUSDT,2026-03-18 08:00:00.002,1.301e-05,2316.60000000,Regular
ETHUSDT,2026-03-18 16:00:00.005,-1.399e-05,2186.25000000,Regular
ETHUSDT,2026-03-19 00:00:00.000,-3.8e-06,2202.12897674,Regular
ETHUSDT,2026-03-19 08:00:00.003,-8.71e-06,2165.24121318,Regular
ETHUSDT,2026-03-19 16:00:00.003,6.6e-07,2117.61000000,Regular
ETHUSDT,2026-03-20 00:00:00.002,-6.348e-05,2136.68000000,Regular
ETHUSDT,2026-03-20 08:00:00.000,-5.947e-05,2149.38421705,Regular
ETHUSDT,2026-03-20 16:00:00.000,-7.2e-07,2133.08000000,Regular
ETHUSDT,2026-03-21 00:00:00.000,2.359e-05,2145.21475969,Regular
ETHUSDT,2026-03-21 08:00:00.000,1.136e-05,2154.40000000,Regular
ETHUSDT,2026-03-21 16:00:00.014,2.063e-05,2154.26000000,Regular
ETHUSDT,2026-03-22 00:00:00.012,-1.052e-05,2084.01704651,Regular
ETHUSDT,2026-03-22 08:00:00.007,1.14e-05,2092.89450388,Regular
ETHUSDT,2026-03-22 16:00:00.002,-7.418e-05,2082.05246512,Regular
ETHUSDT,2026-03-23 00:00:00.000,-5.929e-05,2052.99970543,Regular
ETHUSDT,2026-03-23 08:00:00.003,-3.16e-06,2043.32076744,Regular
ETHUSDT,2026-03-23 16:00:00.002,6.11e-05,2127.55000000,Regular
ETHUSDT,2026-03-24 00:00:00.000,2.88e-05,2151.06048062,Regular
ETHUSDT,2026-03-24 08:00:00.000,2.122e-05,2164.49000000,Regular
ETHUSDT,2026-03-24 16:00:00.003,-2.682e-05,2134.52000000,Regular
ETHUSDT,2026-03-25 00:00:00.000,3.54e-05,2155.29000000,Regular
ETHUSDT,2026-03-25 08:00:00.000,-4.168e-05,2163.70000000,Regular
ETHUSDT,2026-03-25 16:00:00.013,5.27e-06,2161.67000000,Regular
ETHUSDT,2026-03-26 00:00:00.001,4.453e-05,2168.08242636,Regular
ETHUSDT,2026-03-26 08:00:00.001,7.15e-06,2122.43552713,Regular
ETHUSDT,2026-03-26 16:00:00.000,-8.212e-05,2069.59154264,Regular
ETHUSDT,2026-03-27 00:00:00.006,-2.08e-06,2059.18000000,Regular
ETHUSDT,2026-03-27 08:00:00.000,-5.164e-05,2064.86000000,Regular
ETHUSDT,2026-03-27 16:00:00.000,-0.00018104,1990.35509302,Regular
ETHUSDT,2026-03-28 00:00:00.005,-4.999e-05,1991.75000000,Regular
ETHUSDT,2026-03-28 08:00:00.005,-8.079e-05,2005.96252713,Regular
ETHUSDT,2026-03-28 16:00:00.000,4.5e-07,2025.69879845,Regular
ETHUSDT,2026-03-29 00:00:00.003,-1.122e-05,1993.66239374,Regular
ETHUSDT,2026-03-29 08:00:00.001,-3.677e-05,2005.00000000,Regular
ETHUSDT,2026-03-29 16:00:00.000,-3.76e-05,1991.80000000,Regular
ETHUSDT,2026-03-30 00:00:00.000,-2.586e-05,1983.27000000,Regular
ETHUSDT,2026-03-30 08:00:00.005,1.177e-05,2058.86000000,Regular
ETHUSDT,2026-03-30 16:00:00.000,4.113e-05,2073.54000000,Regular
ETHUSDT,2026-03-31 00:00:00.000,2.57e-06,2025.69000000,Regular
ETHUSDT,2026-03-31 08:00:00.000,1.748e-05,2055.00000000,Regular
ETHUSDT,2026-03-31 16:00:00.000,-9.62e-06,2053.67000000,Regular
ETHUSDT,2026-04-01 00:00:00.000,-2.57e-06,2104.65000000,Regular
ETHUSDT,2026-04-01 08:00:00.000,4.782e-05,2130.24000000,Regular
ETHUSDT,2026-04-01 16:00:00.000,4.428e-05,2134.01000000,Regular
ETHUSDT,2026-04-02 00:00:00.003,-8.956e-05,2138.81169607,Regular
ETHUSDT,2026-04-02 08:00:00.001,-0.00013372,2054.80000000,Regular
ETHUSDT,2026-04-02 16:00:00.001,-7.283e-05,2058.84375194,Regular
ETHUSDT,2026-04-03 00:00:00.000,-2.988e-05,2056.16189922,Regular
ETHUSDT,2026-04-03 08:00:00.008,6.37e-06,2064.90000000,Regular
ETHUSDT,2026-04-03 16:00:00.008,-9.58e-06,2050.31030233,Regular
ETHUSDT,2026-04-04 00:00:00.000,-3e-07,2053.00000000,Regular
ETHUSDT,2026-04-04 08:00:00.003,4.915e-05,2052.73000000,Regular
ETHUSDT,2026-04-04 16:00:00.000,7.35e-06,2055.16693694,Regular
ETHUSDT,2026-04-05 00:00:00.008,2.442e-05,2064.43732558,Regular
ETHUSDT,2026-04-05 08:00:00.000,6.23e-06,2036.27572693,Regular
ETHUSDT,2026-04-05 16:00:00.001,-4.34e-05,2053.27900962,Regular
ETHUSDT,2026-04-06 00:00:00.004,2.356e-05,2109.35000000,Regular
ETHUSDT,2026-04-06 08:00:00.001,6.201e-05,2134.02000000,Regular
ETHUSDT,2026-04-06 16:00:00.003,2.033e-05,2163.49493798,Regular
ETHUSDT,2026-04-07 00:00:00.000,-3.933e-05,2106.37611628,Regular
ETHUSDT,2026-04-07 08:00:00.000,-2.975e-05,2103.19301123,Regular
ETHUSDT,2026-04-07 16:00:00.000,1.031e-05,2079.37158140,Regular
ETHUSDT,2026-04-08 00:00:00.000,0.0001,2239.40704651,Regular
ETHUSDT,2026-04-08 08:00:00.000,5.834e-05,2252.81156757,Regular
ETHUSDT,2026-04-08 16:00:00.006,6.711e-05,2214.57000000,Regular
ETHUSDT,2026-04-09 00:00:00.000,3.32e-05,2189.13055734,Regular
ETHUSDT,2026-04-09 08:00:00.010,-1.493e-05,2179.96000000,Regular
ETHUSDT,2026-04-09 16:00:00.001,1.917e-05,2217.00000000,Regular
ETHUSDT,2026-04-10 00:00:00.000,1.25e-05,2189.27786822,Regular
ETHUSDT,2026-04-10 08:00:00.005,2.83e-06,2178.62000000,Regular
ETHUSDT,2026-04-10 16:00:00.000,-4.48e-06,2222.95000000,Regular
ETHUSDT,2026-04-11 00:00:00.000,-6.627e-05,2243.90127718,Regular
ETHUSDT,2026-04-11 08:00:00.000,-7.635e-05,2231.68000000,Regular
ETHUSDT,2026-04-11 16:00:00.003,-3.26e-05,2248.51793023,Regular
ETHUSDT,2026-04-12 00:00:00.000,8.271e-05,2283.85000000,Regular
ETHUSDT,2026-04-12 08:00:00.000,-3.576e-05,2217.04066961,Regular
ETHUSDT,2026-04-12 16:00:00.000,-5.477e-05,2185.27000000,Regular
ETHUSDT,2026-04-13 00:00:00.011,-9.86e-06,2190.46409383,Regular
ETHUSDT,2026-04-13 08:00:00.006,3.028e-05,2185.50000000,Regular
ETHUSDT,2026-04-13 16:00:00.000,3.014e-05,2208.26037209,Regular
ETHUSDT,2026-04-14 00:00:00.005,0.0001,2368.81000000,Regular
ETHUSDT,2026-04-14 08:00:00.003,0.0001,2376.97000000,Regular
ETHUSDT,2026-04-14 16:00:00.001,3.49e-05,2363.42000000,Regular
ETHUSDT,2026-04-15 00:00:00.000,1.802e-05,2321.24203101,Regular
ETHUSDT,2026-04-15 08:00:00.000,1.648e-05,2315.53000000,Regular
ETHUSDT,2026-04-15 16:00:00.000,2.61e-06,2331.16779070,Regular
ETHUSDT,2026-04-16 00:00:00.013,-1.717e-05,2358.87000000,Regular
ETHUSDT,2026-04-16 08:00:00.000,-5.141e-05,2340.52567442,Regular
ETHUSDT,2026-04-16 16:00:00.000,-3.792e-05,2337.75872093,Regular
ETHUSDT,2026-04-17 00:00:00.001,8.61e-06,2347.05294574,Regular
ETHUSDT,2026-04-17 08:00:00.011,8.22e-06,2333.23000000,Regular
ETHUSDT,2026-04-17 16:00:00.001,1.819e-05,2440.71000000,Regular
ETHUSDT,2026-04-18 00:00:00.001,-2.327e-05,2418.04379845,Regular
ETHUSDT,2026-04-18 08:00:00.006,-1.075e-05,2402.51363566,Regular
ETHUSDT,2026-04-18 16:00:00.000,-0.00015064,2361.98000000,Regular
ETHUSDT,2026-04-19 00:00:00.002,-0.00010377,2349.03208527,Regular
ETHUSDT,2026-04-19 08:00:00.010,-0.00011438,2314.27000000,Regular
ETHUSDT,2026-04-19 16:00:00.001,-0.00022976,2329.46000000,Regular
ETHUSDT,2026-04-20 00:00:00.000,-9.27e-06,2261.93000000,Regular
ETHUSDT,2026-04-20 08:00:00.000,-1.408e-05,2296.83000000,Regular
ETHUSDT,2026-04-20 16:00:00.001,8.1e-06,2312.71000000,Regular
ETHUSDT,2026-04-21 00:00:00.000,-4.382e-05,2312.60000000,Regular
ETHUSDT,2026-04-21 08:00:00.004,-3.72e-05,2316.96000000,Regular
ETHUSDT,2026-04-21 16:00:00.004,-3.676e-05,2309.31000000,Regular
ETHUSDT,2026-04-22 00:00:00.004,-2.128e-05,2326.13000000,Regular
ETHUSDT,2026-04-22 08:00:00.000,0.0001,2389.25000000,Regular
ETHUSDT,2026-04-22 16:00:00.000,7.797e-05,2402.68000000,Regular
ETHUSDT,2026-04-23 00:00:00.000,0.0001,2373.05000000,Regular
ETHUSDT,2026-04-23 08:00:00.000,-1.984e-05,2342.82000000,Regular
ETHUSDT,2026-04-23 16:00:00.004,-6.025e-05,2332.23521652,Regular
ETHUSDT,2026-04-24 00:00:00.006,-3.645e-05,2329.03075676,Regular
ETHUSDT,2026-04-24 08:00:00.000,-6.98e-05,2310.49000000,Regular
ETHUSDT,2026-04-24 16:00:00.000,-0.00012145,2322.99572805,Regular
ETHUSDT,2026-04-25 00:00:00.000,-4.387e-05,2313.88000000,Regular
ETHUSDT,2026-04-25 08:00:00.002,-2.141e-05,2315.40000000,Regular
ETHUSDT,2026-04-25 16:00:00.002,-4.431e-05,2306.77290698,Regular
ETHUSDT,2026-04-26 00:00:00.003,-1.131e-05,2318.21440310,Regular
ETHUSDT,2026-04-26 08:00:00.007,-1.931e-05,2330.21000000,Regular
ETHUSDT,2026-04-26 16:00:00.004,-2.842e-05,2347.02646512,Regular
ETHUSDT,2026-04-27 00:00:00.004,-6.636e-05,2368.51000000,Regular
ETHUSDT,2026-04-27 08:00:00.000,-7.865e-05,2314.42000000,Regular
ETHUSDT,2026-04-27 16:00:00.002,-7.593e-05,2273.98913953,Regular
ETHUSDT,2026-04-28 00:00:00.001,-0.00016104,2302.29286047,Regular
ETHUSDT,2026-04-28 08:00:00.000,-0.00011678,2286.49000000,Regular
ETHUSDT,2026-04-28 16:00:00.004,2.5e-07,2278.66517829,Regular
ETHUSDT,2026-04-29 00:00:00.006,2.842e-05,2288.37000000,Regular
ETHUSDT,2026-04-29 08:00:00.011,4.666e-05,2322.88062791,Regular
ETHUSDT,2026-04-29 16:00:00.003,4.782e-05,2270.97000000,Regular
ETHUSDT,2026-04-30 00:00:00.002,-6.092e-05,2251.52000000,Regular
ETHUSDT,2026-04-30 08:00:00.000,-4.636e-05,2258.99000000,Regular
ETHUSDT,2026-04-30 16:00:00.000,-7.717e-05,2264.65000000,Regular
ETHUSDT,2026-05-01 00:00:00.000,-4e-05,2256.49000000,Regular
ETHUSDT,2026-05-01 08:00:00.005,-1.877e-05,2278.55000000,Regular
ETHUSDT,2026-05-01 16:00:00.000,-2.131e-05,2306.97617054,Regular
ETHUSDT,2026-05-02 00:00:00.006,-4.36e-06,2294.58083658,Regular
ETHUSDT,2026-05-02 08:00:00.000,-3.82e-05,2299.77000000,Regular
ETHUSDT,2026-05-02 16:00:00.010,-3.88e-06,2307.94787639,Regular
ETHUSDT,2026-05-03 00:00:00.005,3.52e-05,2315.94772654,Regular
ETHUSDT,2026-05-03 08:00:00.003,-1.628e-05,2308.19000000,Regular
ETHUSDT,2026-05-03 16:00:00.000,8.747e-05,2327.28890537,Regular
ETHUSDT,2026-05-04 00:00:00.000,4.305e-05,2321.67000000,Regular
ETHUSDT,2026-05-04 08:00:00.000,8.648e-05,2361.95456757,Regular
ETHUSDT,2026-05-04 16:00:00.003,-2.09e-06,2348.55000000,Regular
ETHUSDT,2026-05-05 00:00:00.000,-1.957e-05,2346.11000000,Regular
ETHUSDT,2026-05-05 08:00:00.011,-2.41e-05,2379.29967295,Regular
ETHUSDT,2026-05-05 16:00:00.000,-6.52e-05,2379.74000000,Regular
ETHUSDT,2026-05-06 00:00:00.010,-2.041e-05,2359.47060465,Regular
ETHUSDT,2026-05-06 08:00:00.000,-9.447e-05,2370.64217723,Regular
ETHUSDT,2026-05-06 16:00:00.002,-5.114e-05,2358.01905426,Regular
ETHUSDT,2026-05-07 00:00:00.000,-6.585e-05,2349.72656375,Regular
ETHUSDT,2026-05-07 08:00:00.000,-0.00011993,2343.72275969,Regular
ETHUSDT,2026-05-07 16:00:00.004,-4.319e-05,2293.25000000,Regular
ETHUSDT,2026-05-08 00:00:00.003,-9.68e-06,2289.92000000,Regular
ETHUSDT,2026-05-08 08:00:00.002,-2.849e-05,2280.05375969,Regular
ETHUSDT,2026-05-08 16:00:00.003,-3.358e-05,2292.29000000,Regular
ETHUSDT,2026-05-09 00:00:00.000,6.199e-05,2306.16622088,Regular
ETHUSDT,2026-05-09 08:00:00.001,4.314e-05,2313.53673346,Regular
ETHUSDT,2026-05-09 16:00:00.002,8.76e-05,2316.81679070,Regular
ETHUSDT,2026-05-10 00:00:00.003,0.0001,2325.31050450,Regular
ETHUSDT,2026-05-10 08:00:00.000,8.268e-05,2326.30384685,Regular
ETHUSDT,2026-05-10 16:00:00.000,6.714e-05,2346.78000000,Regular
ETHUSDT,2026-05-11 00:00:00.000,7.463e-05,2370.21000000,Regular
ETHUSDT,2026-05-11 08:00:00.000,1.995e-05,2329.52000000,Regular
ETHUSDT,2026-05-11 16:00:00.000,3.355e-05,2332.40000000,Regular
ETHUSDT,2026-05-12 00:00:00.002,3.946e-05,2338.62000000,Regular
ETHUSDT,2026-05-12 08:00:00.008,7.08e-06,2294.19661187,Regular
ETHUSDT,2026-05-12 16:00:00.000,3.956e-05,2260.94334109,Regular
ETHUSDT,2026-05-13 00:00:00.010,1.323e-05,2273.89015504,Regular
ETHUSDT,2026-05-13 08:00:00.003,5.046e-05,2300.12000000,Regular
ETHUSDT,2026-05-13 16:00:00.001,5.45e-06,2235.69406202,Regular
ETHUSDT,2026-05-14 00:00:00.005,5.942e-05,2257.56153153,Regular
ETHUSDT,2026-05-14 08:00:00.000,5.526e-05,2264.23000000,Regular
ETHUSDT,2026-05-14 16:00:00.000,3.946e-05,2297.79276263,Regular
ETHUSDT,2026-05-15 00:00:00.000,-6.93e-06,2282.06000000,Regular
ETHUSDT,2026-05-15 08:00:00.016,3.88e-06,2263.95515504,Regular
ETHUSDT,2026-05-15 16:00:00.012,1.397e-05,2222.07602137,Regular
ETHUSDT,2026-05-16 00:00:00.005,7.065e-05,2223.66000000,Regular
ETHUSDT,2026-05-16 08:00:00.000,4.496e-05,2193.64284685,Regular
ETHUSDT,2026-05-16 16:00:00.005,6.508e-05,2178.96686047,Regular
ETHUSDT,2026-05-17 00:00:00.000,7.161e-05,2179.66177626,Regular
ETHUSDT,2026-05-17 08:00:00.010,4.855e-05,2185.55332432,Regular
ETHUSDT,2026-05-17 16:00:00.009,5.341e-05,2185.49000000,Regular
ETHUSDT,2026-05-18 00:00:00.007,1.925e-05,2129.97725581,Regular
ETHUSDT,2026-05-18 08:00:00.002,6.52e-06,2119.54518605,Regular
ETHUSDT,2026-05-18 16:00:00.007,5.159e-05,2106.66000000,Regular
ETHUSDT,2026-05-19 00:00:00.001,0.0001,2129.07768645,Regular
ETHUSDT,2026-05-19 08:00:00.001,5.687e-05,2139.98153195,Regular
ETHUSDT,2026-05-19 16:00:00.009,3.588e-05,2109.37000000,Regular
ETHUSDT,2026-05-20 00:00:00.001,5.523e-05,2111.00000000,Regular
ETHUSDT,2026-05-20 08:00:00.006,3.051e-05,2128.80000000,Regular
ETHUSDT,2026-05-20 16:00:00.000,5.29e-05,2135.90934643,Regular
ETHUSDT,2026-05-21 00:00:00.001,5.867e-05,2128.60000000,Regular
ETHUSDT,2026-05-21 08:00:00.000,2.532e-05,2134.06349612,Regular
ETHUSDT,2026-05-21 16:00:00.000,3.837e-05,2131.54118290,Regular
ETHUSDT,2026-05-22 00:00:00.000,4.926e-05,2132.90000000,Regular
ETHUSDT,2026-05-22 08:00:00.004,3.093e-05,2127.51238739,Regular
ETHUSDT,2026-05-22 16:00:00.001,5.943e-05,2118.51000000,Regular
ETHUSDT,2026-05-23 00:00:00.009,5.72e-05,2064.98000000,Regular
ETHUSDT,2026-05-23 08:00:00.001,4.466e-05,2027.49017829,Regular
ETHUSDT,2026-05-23 16:00:00.003,6.36e-05,2059.46097674,Regular
ETHUSDT,2026-05-24 00:00:00.011,8.02e-05,2116.74018605,Regular
ETHUSDT,2026-05-24 08:00:00.008,8.039e-05,2120.25000000,Regular
ETHUSDT,2026-05-24 16:00:00.000,4.195e-05,2095.10000000,Regular
ETHUSDT,2026-05-25 00:00:00.001,5.359e-05,2098.74000000,Regular
ETHUSDT,2026-05-25 08:00:00.001,5.508e-05,2115.29000000,Regular
ETHUSDT,2026-05-25 16:00:00.001,3.249e-05,2126.01000000,Regular
ETHUSDT,2026-05-26 00:00:00.000,3.458e-05,2111.73914595,Regular
ETHUSDT,2026-05-26 08:00:00.003,3.793e-05,2094.42855039,Regular
ETHUSDT,2026-05-26 16:00:00.000,3.408e-05,2086.29189922,Regular
ETHUSDT,2026-05-27 00:00:00.000,7.351e-05,2072.81908108,Regular
ETHUSDT,2026-05-27 08:00:00.004,3.072e-05,2082.82949612,Regular
ETHUSDT,2026-05-27 16:00:00.009,6.097e-05,2070.86000000,Regular
ETHUSDT,2026-05-28 00:00:00.001,2.421e-05,2023.74209302,Regular
ETHUSDT,2026-05-28 08:00:00.000,2.543e-05,1994.32491473,Regular
ETHUSDT,2026-05-28 16:00:00.001,2.984e-05,1989.83351938,Regular
ETHUSDT,2026-05-29 00:00:00.000,8.553e-05,2009.05085271,Regular
ETHUSDT,2026-05-29 08:00:00.001,7.04e-05,2006.61951938,Regular
ETHUSDT,2026-05-29 16:00:00.008,6.595e-05,2030.83000000,Regular
ETHUSDT,2026-05-30 00:00:00.000,4.54e-05,2013.41068217,Regular
ETHUSDT,2026-05-30 08:00:00.001,6.842e-05,2015.38418018,Regular
ETHUSDT,2026-05-30 16:00:00.000,5.705e-05,2025.95000000,Regular
ETHUSDT,2026-05-31 00:00:00.000,9.397e-05,2021.60352399,Regular
ETHUSDT,2026-05-31 08:00:00.000,7.226e-05,2023.13000000,Regular
ETHUSDT,2026-05-31 16:00:00.004,1.691e-05,2009.50000000,Regular
ETHUSDT,2026-06-01 00:00:00.001,6.445e-05,2006.31000000,Regular
ETHUSDT,2026-06-01 08:00:00.001,5.339e-05,1975.50624806,Regular
ETHUSDT,2026-06-01 16:00:00.000,9.572e-05,1967.67821705,Regular
ETHUSDT,2026-06-02 00:00:00.000,0.0001,2006.05918605,Regular
ETHUSDT,2026-06-02 08:00:00.000,0.0001,1980.90000000,Regular
ETHUSDT,2026-06-02 16:00:00.000,5.699e-05,1914.30556589,Regular
ETHUSDT,2026-06-03 00:00:00.013,2.021e-05,1859.15000000,Regular
ETHUSDT,2026-06-03 08:00:00.000,9.862e-05,1877.56199225,Regular
ETHUSDT,2026-06-03 16:00:00.001,7.361e-05,1835.99000000,Regular
ETHUSDT,2026-06-04 00:00:00.009,7.651e-05,1812.45000000,Regular
ETHUSDT,2026-06-04 08:00:00.000,4.482e-05,1776.58986822,Regular
ETHUSDT,2026-06-04 16:00:00.003,3.946e-05,1776.07138332,Regular
ETHUSDT,2026-06-05 00:00:00.000,4.67e-05,1770.00626704,Regular
ETHUSDT,2026-06-05 08:00:00.004,-3.129e-05,1678.49504651,Regular
ETHUSDT,2026-06-05 16:00:00.009,-7.387e-05,1582.68741860,Regular
ETHUSDT,2026-06-06 00:00:00.000,-7.917e-05,1582.45377519,Regular
ETHUSDT,2026-06-06 08:00:00.000,-3.161e-05,1574.54000000,Regular
ETHUSDT,2026-06-06 16:00:00.000,-3.461e-05,1559.71000000,Regular
ETHUSDT,2026-06-07 00:00:00.001,-6.624e-05,1568.65382171,Regular
ETHUSDT,2026-06-07 08:00:00.000,-0.00010189,1614.22820155,Regular
ETHUSDT,2026-06-07 16:00:00.000,4.72e-06,1629.20000000,Regular
ETHUSDT,2026-06-08 00:00:00.000,-8.235e-05,1689.61651938,Regular
ETHUSDT,2026-06-08 08:00:00.005,-6.599e-05,1672.70000000,Regular
ETHUSDT,2026-06-08 16:00:00.004,-4.515e-05,1690.57000000,Regular
ETHUSDT,2026-06-09 00:00:00.000,-4.506e-05,1689.34211628,Regular
ETHUSDT,2026-06-09 08:00:00.000,3.6e-07,1679.19000000,Regular
ETHUSDT,2026-06-09 16:00:00.001,-5.182e-05,1636.00245736,Regular
ETHUSDT,2026-06-10 00:00:00.001,-4.089e-05,1638.64000000,Regular
ETHUSDT,2026-06-10 08:00:00.011,-4.578e-05,1639.32000000,Regular
ETHUSDT,2026-06-10 16:00:00.009,-3.121e-05,1657.11075194,Regular
ETHUSDT,2026-06-11 00:00:00.000,-3.684e-05,1620.76478295,Regular
ETHUSDT,2026-06-11 08:00:00.004,7.54e-06,1653.74918605,Regular
ETHUSDT,2026-06-11 16:00:00.000,-2.432e-05,1644.64000000,Regular
ETHUSDT,2026-06-12 00:00:00.000,-2.404e-05,1672.57000000,Regular
ETHUSDT,2026-06-12 08:00:00.000,-5.854e-05,1661.16000000,Regular
ETHUSDT,2026-06-12 16:00:00.000,-2.216e-05,1658.98000000,Regular
ETHUSDT,2026-06-13 00:00:00.000,-6.31e-06,1665.48000000,Regular
ETHUSDT,2026-06-13 08:00:00.007,3.562e-05,1675.52189147,Regular
ETHUSDT,2026-06-13 16:00:00.002,2.664e-05,1681.46893798,Regular
ETHUSDT,2026-06-14 00:00:00.005,-6.44e-06,1680.49144747,Regular
ETHUSDT,2026-06-14 08:00:00.009,-1.08e-05,1674.92628308,Regular
ETHUSDT,2026-06-14 16:00:00.000,-1.919e-05,1662.04000000,Regular
ETHUSDT,2026-06-15 00:00:00.013,2.92e-05,1724.83686047,Regular
ETHUSDT,2026-06-15 08:00:00.013,-7.45e-06,1715.65389922,Regular
ETHUSDT,2026-06-15 16:00:00.004,6.867e-05,1844.39000000,Regular
ETHUSDT,2026-06-16 00:00:00.000,2.969e-05,1795.18700000,Regular
ETHUSDT,2026-06-16 08:00:00.000,-2.07e-05,1773.26823256,Regular
ETHUSDT,2026-06-16 16:00:00.001,3.16e-05,1781.55242636,Regular
ETHUSDT,2026-06-17 00:00:00.012,3.038e-05,1792.32000000,Regular
ETHUSDT,2026-06-17 08:00:00.000,2.339e-05,1784.40000000,Regular
ETHUSDT,2026-06-17 16:00:00.000,-7.37e-06,1772.66861240,Regular
ETHUSDT,2026-06-18 00:00:00.002,4.63e-05,1749.84497674,Regular
ETHUSDT,2026-06-18 08:00:00.000,6.87e-06,1748.88811628,Regular
ETHUSDT,2026-06-18 16:00:00.001,-6.91e-06,1681.45000000,Regular
ETHUSDT,2026-06-19 00:00:00.005,6.551e-05,1710.18087597,Regular
ETHUSDT,2026-06-19 08:00:00.001,-2.067e-05,1695.15000000,Regular
ETHUSDT,2026-06-19 16:00:00.001,-2.7e-07,1706.91000000,Regular
ETHUSDT,2026-06-20 00:00:00.001,2.505e-05,1710.32427132,Regular
ETHUSDT,2026-06-20 08:00:00.000,3.17e-05,1725.16000000,Regular
ETHUSDT,2026-06-20 16:00:00.001,3.209e-05,1739.83814729,Regular
ETHUSDT,2026-06-21 00:00:00.000,2.892e-05,1740.13237209,Regular
ETHUSDT,2026-06-21 08:00:00.000,2.602e-05,1731.47858140,Regular
ETHUSDT,2026-06-21 16:00:00.000,7.57e-06,1729.90000000,Regular
ETHUSDT,2026-06-22 00:00:00.000,3.88e-05,1706.32900962,Regular
ETHUSDT,2026-06-22 08:00:00.000,1.941e-05,1745.76000000,Regular
ETHUSDT,2026-06-22 16:00:00.002,7.89e-06,1744.01000000,Regular
ETHUSDT,2026-06-23 00:00:00.003,2.37e-05,1727.36007752,Regular
ETHUSDT,2026-06-23 08:00:00.005,3.35e-06,1681.97000000,Regular
ETHUSDT,2026-06-23 16:00:00.002,-3.854e-05,1658.93058140,Regular
ETHUSDT,2026-06-24 00:00:00.005,4.579e-05,1666.39000000,Regular
ETHUSDT,2026-06-24 08:00:00.005,2.212e-05,1672.10217054,Regular
ETHUSDT,2026-06-24 16:00:00.003,4.3e-07,1617.82000000,Regular
ETHUSDT,2026-06-25 00:00:00.000,5.42e-06,1621.54000000,Regular
ETHUSDT,2026-06-25 08:00:00.000,4.282e-05,1656.49374098,Regular
ETHUSDT,2026-06-25 16:00:00.000,-8.135e-05,1569.43000000,Regular
ETHUSDT,2026-06-26 00:00:00.010,-1.665e-05,1566.87000000,Regular
ETHUSDT,2026-06-26 08:00:00.002,-1.968e-05,1579.92611628,Regular
ETHUSDT,2026-06-26 16:00:00.000,5.22e-06,1579.50000000,Regular
ETHUSDT,2026-06-27 00:00:00.000,1.807e-05,1577.86000000,Regular
ETHUSDT,2026-06-27 08:00:00.000,-5.97e-06,1584.81836808,Regular
ETHUSDT,2026-06-27 16:00:00.009,1.769e-05,1604.87000000,Regular
ETHUSDT,2026-06-28 00:00:00.000,-5.389e-05,1573.10000000,Regular
ETHUSDT,2026-06-28 08:00:00.013,-2.947e-05,1575.03000000,Regular
ETHUSDT,2026-06-28 16:00:00.000,1.924e-05,1579.85000000,Regular
ETHUSDT,2026-06-29 00:00:00.006,-1.85e-06,1571.17271318,Regular
ETHUSDT,2026-06-29 08:00:00.013,2.16e-06,1579.36000000,Regular
ETHUSDT,2026-06-29 16:00:00.004,2.144e-05,1579.56007752,Regular
ETHUSDT,2026-06-30 00:00:00.000,4.49e-05,1612.31918605,Regular
ETHUSDT,2026-06-30 08:00:00.000,4.566e-05,1591.67116279,Regular
ETHUSDT,2026-06-30 16:00:00.005,3.059e-05,1564.56000000,Regular
ETHUSDT,2026-07-01 00:00:00.000,6.151e-05,1571.48000000,Regular
ETHUSDT,2026-07-01 08:00:00.000,5.33e-05,1577.70000000,Regular
ETHUSDT,2026-07-01 16:00:00.000,2.077e-05,1619.44704651,Regular
ETHUSDT,2026-07-02 00:00:00.000,1.96e-05,1608.88000000,Regular
ETHUSDT,2026-07-02 08:00:00.000,5.02e-05,1615.58000000,Regular
ETHUSDT,2026-07-02 16:00:00.000,7.321e-05,1696.33000000,Regular
ETHUSDT,2026-07-03 00:00:00.000,7.837e-05,1699.94000000,Regular
ETHUSDT,2026-07-03 08:00:00.007,0.0001,1717.00000000,Regular
ETHUSDT,2026-07-03 16:00:00.000,5.241e-05,1730.43320930,Regular
ETHUSDT,2026-07-04 00:00:00.000,9.748e-05,1757.52903101,Regular
ETHUSDT,2026-07-04 08:00:00.000,7.642e-05,1757.61844961,Regular
ETHUSDT,2026-07-04 16:00:00.007,5.167e-05,1790.43000000,Regular
ETHUSDT,2026-07-05 00:00:00.003,7.818e-05,1779.98000000,Regular
ETHUSDT,2026-07-05 08:00:00.001,6.162e-05,1769.25858140,Regular
ETHUSDT,2026-07-05 16:00:00.000,4.748e-05,1773.91200775,Regular
ETHUSDT,2026-07-06 00:00:00.000,8.332e-05,1785.20895349,Regular
ETHUSDT,2026-07-06 08:00:00.000,4.679e-05,1771.44907752,Regular
ETHUSDT,2026-07-06 16:00:00.000,6.963e-05,1787.86000000,Regular
ETHUSDT,2026-07-07 00:00:00.000,7.62e-05,1798.84000000,Regular
ETHUSDT,2026-07-07 08:00:00.000,3.271e-05,1770.55000000,Regular
ETHUSDT,2026-07-07 16:00:00.000,4.088e-05,1796.73000000,Regular
ETHUSDT,2026-07-08 00:00:00.000,1.519e-05,1770.42000000,Regular
ETHUSDT,2026-07-08 08:00:00.000,2.984e-05,1756.00599225,Regular
ETHUSDT,2026-07-08 16:00:00.000,4.537e-05,1722.26238573,Regular
ETHUSDT,2026-07-09 00:00:00.000,7.189e-05,1742.68000000,Regular
ETHUSDT,2026-07-09 08:00:00.001,5.342e-05,1752.52930233,Regular
ETHUSDT,2026-07-09 16:00:00.001,2.748e-05,1738.61000000,Regular
ETHUSDT,2026-07-10 00:00:00.000,2.613e-05,1744.25797674,Regular
ETHUSDT,2026-07-10 08:00:00.005,3.355e-05,1772.50000000,Regular
ETHUSDT,2026-07-10 16:00:00.005,4.632e-05,1790.49000000,Regular
ETHUSDT,2026-07-11 00:00:00.000,5.051e-05,1796.03000000,Regular
ETHUSDT,2026-07-11 08:00:00.000,2.19e-05,1799.09901550,Regular
ETHUSDT,2026-07-11 16:00:00.000,6.296e-05,1814.11000000,Regular
ETHUSDT,2026-07-12 00:00:00.000,6.46e-06,1786.84562016,Regular
ETHUSDT,2026-07-12 08:00:00.003,9.96e-06,1797.97000000,Regular
ETHUSDT,2026-07-12 16:00:00.000,3.016e-05,1820.02386822,Regular
ETHUSDT,2026-07-13 00:00:00.000,2.248e-05,1805.93000000,Regular
ETHUSDT,2026-07-13 08:00:00.001,5.42e-06,1786.66000000,Regular
ETHUSDT,2026-07-13 16:00:00.004,1.969e-05,1776.04021705,Regular
ETHUSDT,2026-07-14 00:00:00.000,1.26e-06,1776.04445736,Regular
ETHUSDT,2026-07-14 08:00:00.002,3.639e-05,1780.10071318,Regular
ETHUSDT,2026-07-14 16:00:00.001,6.925e-05,1874.38000000,Regular
ETHUSDT,2026-07-15 00:00:00.005,3.834e-05,1890.79000000,Regular
ETHUSDT,2026-07-15 08:00:00.002,5.006e-05,1869.18749612,Regular
ETHUSDT,2026-07-15 16:00:00.000,8.736e-05,1931.01001550,Regular
ETHUSDT,2026-07-16 00:00:00.000,4.35e-05,1916.99717322,Regular
ETHUSDT,2026-07-16 08:00:00.003,6.079e-05,1909.96761427,Regular
ETHUSDT,2026-07-16 16:00:00.002,3.526e-05,1880.89000000,Regular
ETHUSDT,2026-07-17 00:00:00.000,6.892e-05,1863.80848062,Regular
ETHUSDT,2026-07-17 08:00:00.010,4.774e-05,1827.37000000,Regular
ETHUSDT,2026-07-17 16:00:00.004,2.442e-05,1830.20000000,Regular
ETHUSDT,2026-07-18 00:00:00.000,2.552e-05,1841.08000000,Regular
ETHUSDT,2026-07-18 08:00:00.000,3.939e-05,1843.43431008,Regular
ETHUSDT,2026-07-18 16:00:00.001,3.042e-05,1843.14000000,Regular
ETHUSDT,2026-07-19 00:00:00.003,-1.262e-05,1861.75000000,Regular
ETHUSDT,2026-07-19 08:00:00.000,4.255e-05,1869.35000000,Regular
ETHUSDT,2026-07-19 16:00:00.001,7.448e-05,1870.14404651,Regular
ETHUSDT,2026-07-20 00:00:00.000,2.897e-05,1871.49000000,Regular
ETHUSDT,2026-07-20 08:00:00.001,2.124e-05,1863.35000000,Regular
ETHUSDT,2026-07-20 16:00:00.004,2.476e-05,1901.67177519,Regular
ETHUSDT,2026-07-21 00:00:00.001,2.585e-05,1903.51539535,Regular
ETHUSDT,2026-07-21 08:00:00.000,4.126e-05,1933.31420930,Regular
ETHUSDT,2026-07-21 16:00:00.002,3.598e-05,1931.05158380,Regular
ETHUSDT,2026-07-22 00:00:00.000,1.055e-05,1929.30000000,Regular
ETHUSDT,2026-07-22 08:00:00.000,1.429e-05,1913.32614729,Regular
ETHUSDT,2026-07-22 16:00:00.001,6.454e-05,1942.33989922,Regular
ETHUSDT,2026-07-23 00:00:00.000,4.14e-06,1933.31000000,Regular
ETHUSDT,2026-07-23 08:00:00.000,-3.313e-05,1914.61000000,Regular
ETHUSDT,2026-07-23 16:00:00.000,-3.252e-05,1894.49000000,Regular
ETHUSDT,2026-07-24 00:00:00.000,-1.139e-05,1877.41000000,Regular
ETHUSDT,2026-07-24 08:00:00.000,1.776e-05,1895.00000000,Regular
ETHUSDT,2026-07-24 16:00:00.008,1.716e-05,1861.27000000,Regular
ETHUSDT,2026-07-25 00:00:00.002,5.412e-05,1860.65644961,Regular
ETHUSDT,2026-07-25 08:00:00.000,2.278e-05,1855.14522481,Regular
ETHUSDT,2026-07-25 16:00:00.000,3.434e-05,1867.04000000,Regular
ETHUSDT,2026-07-26 00:00:00.000,-1.884e-05,1873.95805426,Regular
ETHUSDT,2026-07-26 08:00:00.002,2.358e-05,1880.85000000,Regular
ETHUSDT,2026-07-26 16:00:00.000,1.943e-05,1913.97012403,Regular
ETHUSDT,2026-07-27 00:00:00.010,0.0001,1953.90018605,Regular
ETHUSDT,2026-07-27 08:00:00.000,8.16e-05,1963.58000000,Regular
ETHUSDT,2026-07-27 16:00:00.001,1.607e-05,1926.77000000,Regular
ETHUSDT,2026-07-28 00:00:00.000,1.456e-05,1891.48551323,Regular
ETHUSDT,2026-07-28 08:00:00.000,-3.657e-05,1882.77988372,Regular
ETHUSDT,2026-07-28 16:00:00.000,2.816e-05,1919.46104651,Regular
ETHUSDT,2026-07-29 00:00:00.000,5.737e-05,1921.17683721,Regular
ETHUSDT,2026-07-29 08:00:00.002,6.871e-05,1923.26640310,Regular
ETHUSDT,2026-07-29 16:00:00.000,2.143e-05,1891.45877519,Regular
ETHUSDT,2026-07-30 00:00:00.000,3.854e-05,1909.80514729,Regular
ETHUSDT,2026-07-30 08:00:00.000,4.661e-05,1902.38000000,Regular
ETHUSDT,2026-07-30 16:00:00.000,1.99e-05,1918.01699225,Regular
ETHUSDT,2026-07-31 00:00:00.003,5.729e-05,1917.38048062,Regular
ETHUSDT,2026-07-31 08:00:00.000,1.208e-05,1889.04277519,Regular
ETHUSDT,2026-07-31 16:00:00.000,-2.045e-05,1862.07726357,Regular
ETHUSDT,2026-08-01 00:00:00.001,6.744e-05,1861.69911628,Regular
ETHUSDT,2026-08-01 08:00:00.000,2.308e-05,1868.91000000,Regular
ETHUSDT,2026-08-01 16:00:00.000,5.777e-05,1869.20182883,Regular
ETHUSDT,2026-08-02 00:00:00.000,2.775e-05,1844.16000000,Regular
ETHUSDT,2026-08-02 08:00:00.000,5.607e-05,1875.32000000,Regular
ETHUSDT,2026-08-02 16:00:00.000,1.434e-05,1857.77000000,Regular
ETHUSDT,2026-08-03 00:00:00.000,0.0001,1884.38000000,Regular
ETHUSDT,2026-08-03 08:00:00.000,-8.69e-06,1842.99000000,Regular
ETHUSDT,2026-08-03 16:00:00.000,3.664e-05,1862.55382946,Regular
ETHUSDT,2026-08-04 00:00:00.004,5.396e-05,1859.78000000,Regular
ETHUSDT,2026-08-04 08:00:00.002,5.342e-05,1863.25552713,Regular
ETHUSDT,2026-08-04 16:00:00.000,7.309e-05,1872.25000000,Regular
ETHUSDT,2026-08-05 00:00:00.003,3.467e-05,1868.96170543,Regular
ETHUSDT,2026-08-05 08:00:00.004,6.13e-06,1871.85000000,Regular
ETHUSDT,2026-08-05 16:00:00.000,3.054e-05,1873.10000000,Regular
ETHUSDT,2026-08-06 00:00:00.002,3.94e-06,1908.00668217,Regular
ETHUSDT,2026-08-06 08:00:00.000,9.87e-06,1908.52000000,Regular
ETHUSDT,2026-08-06 16:00:00.000,9.87e-06,1909.87000000,Regular
ETHUSDT,2026-08-07 00:00:00.000,-5.62e-06,1903.17640310,Regular
ETHUSDT,2026-08-07 08:00:00.000,5.102e-05,1901.66000000,Regular
ETHUSDT,2026-08-07 16:00:00.000,3.625e-05,1916.99000000,Regular
ETHUSDT,2026-08-08 00:00:00.001,3.4e-07,1913.09973643,Regular
ETHUSDT,2026-08-08 08:00:00.000,2.738e-05,1914.29340310,Regular
ETHUSDT,2026-08-08 16:00:00.002,7.172e-05,1921.85000000,Regular
ETHUSDT,2026-08-09 00:00:00.000,3.196e-05,1915.98186822,Regular
ETHUSDT,2026-08-09 08:00:00.005,4.185e-05,1918.29000000,Regular
ETHUSDT,2026-08-09 16:00:00.000,7.977e-05,1925.74613178,Regular
ETHUSDT,2026-08-10 00:00:00.001,4.828e-05,1909.65627132,Regular
ETHUSDT,2026-08-10 08:00:00.005,3.426e-05,1924.73000000,Regular
ETHUSDT,2026-08-10 16:00:00.000,1.434e-05,1876.14303101,Regular
ETHUSDT,2026-08-11 00:00:00.000,1.104e-05,1872.32758140,Regular
ETHUSDT,2026-08-11 08:00:00.006,6.272e-05,1876.85789922,Regular
ETHUSDT,2026-08-11 16:00:00.000,5.425e-05,1862.14805426,Regular
ETHUSDT,2026-08-12 00:00:00.001,0.0001,1881.83728682,Regular
ETHUSDT,2026-08-12 08:00:00.000,7.29e-05,1890.81000000,Regular
ETHUSDT,2026-08-12 16:00:00.000,5.726e-05,1891.76241860,Regular
ETHUSDT,2026-08-13 00:00:00.000,5.218e-05,1878.88434884,Regular
ETHUSDT,2026-08-13 08:00:00.000,8.523e-05,1894.61528682,Regular
ETHUSDT,2026-08-13 16:00:00.000,5.923e-05,1879.05000000,Regular
ETHUSDT,2026-08-14 00:00:00.000,2.697e-05,1885.39605426,Regular
ETHUSDT,2026-08-14 08:00:00.001,-6.75e-06,1872.38310853,Regular
ETHUSDT,2026-08-14 16:00:00.001,6.86e-06,1880.82613953,Regular
ETHUSDT,2026-08-15 00:00:00.003,5.131e-05,1881.39000000,Regular
ETHUSDT,2026-08-15 08:00:00.002,4.368e-05,1879.59324806,Regular
ETHUSDT,2026-08-15 16:00:00.000,5.945e-05,1884.08260360,Regular
ETHUSDT,2026-08-16 00:00:00.000,-4.23e-06,1881.73000000,Regular
ETHUSDT,2026-08-16 08:00:00.002,1.949e-05,1880.83205405,Regular
ETHUSDT,2026-08-16 16:00:00.000,3.97e-05,1883.31891473,Regular
ETHUSDT,2026-08-17 00:00:00.001,2.723e-05,1875.22000000,Regular
ETHUSDT,2026-08-17 08:00:00.003,6.731e-05,1900.09000000,Regular
ETHUSDT,2026-08-17 16:00:00.005,6.471e-05,1912.44000000,Regular
ETHUSDT,2026-08-18 00:00:00.006,4.633e-05,1912.70000000,Regular
ETHUSDT,2026-08-18 08:00:00.001,2.206e-05,1897.76300775,Regular
ETHUSDT,2026-08-18 16:00:00.003,4.443e-05,1916.87000000,Regular
ETHUSDT,2026-08-19 00:00:00.000,3.595e-05,1917.09000000,Regular
ETHUSDT,2026-08-19 08:00:00.000,2.64e-05,1915.20502326,Regular
ETHUSDT,2026-08-19 16:00:00.004,0.0001,2085.49749612,Regular
ETHUSDT,2026-08-20 00:00:00.001,0.0001,2252.23189922,Regular
ETHUSDT,2026-08-20 08:00:00.000,0.0001,2251.52236167,Regular
ETHUSDT,2026-08-20 16:00:00.005,0.0001,2325.58238760,Regular
ETHUSDT,2026-08-21 00:00:00.004,9.031e-05,2326.18000000,Regular
ETHUSDT,2026-08-21 08:00:00.000,0.0001,2371.21069767,Regular
ETHUSDT,2026-08-21 16:00:00.001,0.0001,2392.99000000,Regular
ETHUSDT,2026-08-22 00:00:00.000,0.0001,2516.11883721,Regular
ETHUSDT,2026-08-22 08:00:00.000,0.0001,2432.30000000,Regular
ETHUSDT,2026-08-22 16:00:00.000,0.0001,2410.36000000,Regular
ETHUSDT,2026-08-23 00:00:00.000,0.0001,2421.66045309,Regular
ETHUSDT,2026-08-23 08:00:00.000,0.0001,2388.20000000,Regular
ETHUSDT,2026-08-23 16:00:00.006,0.0001,2437.78087811,Regular
ETHUSDT,2026-08-24 00:00:00.001,0.0001,2462.34000000,Regular
ETHUSDT,2026-08-24 08:00:00.002,0.0001,2453.53000000,Regular
ETHUSDT,2026-08-24 16:00:00.000,0.0001,2486.64000000,Regular
ETHUSDT,2026-08-25 00:00:00.001,9.302e-05,2481.23326357,Regular
ETHUSDT,2026-08-25 08:00:00.000,6.736e-05,2477.98295349,Regular
ETHUSDT,2026-08-25 16:00:00.005,7.398e-05,2481.56000000,Regular
ETHUSDT,2026-08-26 00:00:00.000,3.144e-05,2441.72000000,Regular
ETHUSDT,2026-08-26 08:00:00.005,0.0001,2460.67399225,Regular
ETHUSDT,2026-08-26 16:00:00.000,7.451e-05,2448.98000000,Regular
ETHUSDT,2026-08-27 00:00:00.000,0.0001,2505.79220155,Regular
ETHUSDT,2026-08-27 08:00:00.000,6.226e-05,2496.37151163,Regular
ETHUSDT,2026-08-27 16:00:00.013,1.082e-05,2520.58000000,Regular
ETHUSDT,2026-08-28 00:00:00.026,2.071e-05,2509.69564341,Regular
ETHUSDT,2026-08-28 08:00:00.000,-1.33e-06,2495.34000000,Regular
ETHUSDT,2026-08-28 16:00:00.001,5.622e-05,2470.35000000,Regular
ETHUSDT,2026-08-29 00:00:00.000,1.591e-05,2441.96697674,Regular
ETHUSDT,2026-08-29 08:00:00.000,2.808e-05,2435.28757364,Regular
ETHUSDT,2026-08-29 16:00:00.002,6.071e-05,2443.54950388,Regular
ETHUSDT,2026-08-30 00:00:00.000,3.166e-05,2456.50000000,Regular
ETHUSDT,2026-08-30 08:00:00.000,2.817e-05,2454.19902326,Regular
ETHUSDT,2026-08-30 16:00:00.001,4.116e-05,2479.92000000,Regular
ETHUSDT,2026-08-31 00:00:00.002,2.364e-05,2415.85573643,Regular
ETHUSDT,2026-08-31 08:00:00.002,3.522e-05,2439.02000000,Regular
ETHUSDT,2026-08-31 16:00:00.001,7.702e-05,2466.41000000,Regular
ETHUSDT,2026-09-01 00:00:00.005,5.716e-05,2466.63000000,Regular
ETHUSDT,2026-09-01 08:00:00.000,8.569e-05,2471.44000000,Regular
ETHUSDT,2026-09-01 16:00:00.000,1.1e-05,2447.89395349,Regular
ETHUSDT,2026-09-02 00:00:00.000,9.2e-07,2417.48121705,Regular
ETHUSDT,2026-09-02 08:00:00.001,5.096e-05,2416.69371318,Regular
ETHUSDT,2026-09-02 16:00:00.005,5.184e-05,2390.18441860,Regular
ETHUSDT,2026-09-03 00:00:00.000,8.972e-05,2390.91482171,Regular
ETHUSDT,2026-09-03 08:00:00.000,8.397e-05,2397.35413178,Regular
ETHUSDT,2026-09-03 16:00:00.000,8.789e-05,2516.00000000,Regular
ETHUSDT,2026-09-04 00:00:00.000,9.533e-05,2506.42000000,Regular
ETHUSDT,2026-09-04 08:00:00.000,6.004e-05,2503.53000000,Regular
ETHUSDT,2026-09-04 16:00:00.009,5.94e-06,2450.95000000,Regular
ETHUSDT,2026-09-05 00:00:00.000,2.001e-05,2454.57000000,Regular
ETHUSDT,2026-09-05 08:00:00.000,6.104e-05,2456.23710853,Regular
ETHUSDT,2026-09-05 16:00:00.001,1.86e-05,2458.66386047,Regular
ETHUSDT,2026-09-06 00:00:00.000,7.02e-05,2479.17000000,Regular
ETHUSDT,2026-09-06 08:00:00.000,7.14e-05,2495.74814729,Regular
ETHUSDT,2026-09-06 16:00:00.004,1.85e-05,2478.45390698,Regular
ETHUSDT,2026-09-07 00:00:00.004,6.753e-05,2513.57115076,Regular
ETHUSDT,2026-09-07 08:00:00.000,9.65e-06,2488.00000000,Regular
ETHUSDT,2026-09-07 16:00:00.003,2.859e-05,2468.76000000,Regular
ETHUSDT,2026-09-08 00:00:00.004,4.234e-05,2488.91000000,Regular
ETHUSDT,2026-09-08 08:00:00.002,-4.89e-06,2478.33000000,Regular
ETHUSDT,2026-09-08 16:00:00.001,5.222e-05,2497.81609302,Regular
ETHUSDT,2026-09-09 00:00:00.005,5.214e-05,2483.88000000,Regular
ETHUSDT,2026-09-09 08:00:00.004,8.538e-05,2509.53191473,Regular
ETHUSDT,2026-09-09 16:00:00.002,3.07e-05,2488.97000000,Regular
ETHUSDT,2026-09-10 00:00:00.000,-1.168e-05,2466.98020155,Regular
ETHUSDT,2026-09-10 08:00:00.007,5.093e-05,2471.53048062,Regular
ETHUSDT,2026-09-10 16:00:00.002,-0.0001081,2440.00000000,Regular
ETHUSDT,2026-09-11 00:00:00.008,6.31e-06,2437.04000000,Regular
ETHUSDT,2026-09-11 08:00:00.000,6.11e-05,2466.50000000,Regular
ETHUSDT,2026-09-11 16:00:00.000,4.999e-05,2558.62000000,Regular
ETHUSDT,2026-09-12 00:00:00.001,5.5e-07,2515.59898450,Regular
ETHUSDT,2026-09-12 08:00:00.003,6.37e-06,2523.00693023,Regular
ETHUSDT,2026-09-12 16:00:00.000,5.163e-05,2534.00000000,Regular
ETHUSDT,2026-09-13 00:00:00.002,4.541e-05,2524.80000000,Regular
ETHUSDT,2026-09-13 08:00:00.000,5.809e-05,2516.75134884,Regular
