openTime,open,high,low,close,vol
2023-09-14 16:00:00,1634.02,1644.16,1622.64,1625.65,454596.349
2023-09-15 00:00:00,1625.65,1635.19,1621.14,1627.18,326368.613
2023-09-15 08:00:00,1627.19,1631.13,1610.0,1618.62,491297.413
2023-09-15 16:00:00,1618.61,1653.91,1616.6,1640.67,609300.176
2023-09-16 00:00:00,1640.66,1652.97,1633.66,1636.21,363996.362
2023-09-16 08:00:00,1636.21,1638.61,1630.37,1633.71,249824.716
2023-09-16 16:00:00,1633.71,1638.94,1630.67,1633.68,164978.961
2023-09-17 00:00:00,1633.68,1633.84,1618.0,1626.85,345156.532
2023-09-17 08:00:00,1626.85,1634.43,1626.33,1628.61,202156.292
2023-09-17 16:00:00,1628.61,1628.77,1610.81,1621.62,398762.78
2023-09-18 00:00:00,1621.63,1638.0,1598.58,1633.22,662900.226
2023-09-18 08:00:00,1633.21,1668.64,1629.98,1654.7,1038764.95
2023-09-18 16:00:00,1654.69,1659.94,1632.0,1635.63,668264.536
2023-09-19 00:00:00,1635.63,1639.4,1625.02,1635.42,339445.899
2023-09-19 08:00:00,1635.41,1660.69,1633.27,1656.32,983919.231
2023-09-19 16:00:00,1656.31,1658.91,1636.01,1642.49,453252.546
2023-09-20 00:00:00,1642.48,1648.68,1629.59,1633.84,406205.831
2023-09-20 08:00:00,1633.84,1637.51,1616.33,1628.41,695231.532
2023-09-20 16:00:00,1628.4,1640.0,1602.0,1621.6,771381.437
2023-09-21 00:00:00,1621.6,1624.81,1612.5,1617.48,326031.124
2023-09-21 08:00:00,1617.47,1622.18,1565.5,1583.0,1398343.477
2023-09-21 16:00:00,1583.0,1592.7,1581.26,1583.0,325358.026
2023-09-22 00:00:00,1583.0,1597.0,1575.46,1595.0,416866.529
2023-09-22 08:00:00,1595.0,1602.28,1592.03,1592.65,398645.187
2023-09-22 16:00:00,1592.65,1598.55,1585.8,1592.28,305919.326
2023-09-23 00:00:00,1592.28,1597.6,1588.96,1593.73,200902.735
2023-09-23 08:00:00,1593.73,1594.5,1586.53,1589.75,161105.622
2023-09-23 16:00:00,1589.75,1594.87,1588.08,1592.97,150669.878
2023-09-24 00:00:00,1592.97,1594.36,1589.95,1591.0,92346.361
2023-09-24 08:00:00,1590.99,1595.98,1587.04,1589.87,184442.026
2023-09-24 16:00:00,1589.87,1600.95,1568.28,1579.99,607616.325
2023-09-25 00:00:00,1579.99,1587.69,1562.0,1580.51,568538.814
2023-09-25 08:00:00,1580.52,1589.47,1563.0,1583.88,590230.731
2023-09-25 16:00:00,1583.88,1597.13,1583.47,1587.69,465328.234
2023-09-26 00:00:00,1587.68,1594.56,1585.32,1588.21,258629.283
2023-09-26 08:00:00,1588.2,1599.4,1578.61,1582.17,563803.329
2023-09-26 16:00:00,1582.18,1595.0,1581.04,1593.3,364256.48
2023-09-27 00:00:00,1593.3,1597.71,1588.54,1591.71,296256.666
2023-09-27 08:00:00,1591.7,1633.98,1589.35,1600.99,1530474.505
2023-09-27 16:00:00,1600.98,1602.45,1582.64,1597.89,479104.739
2023-09-28 00:00:00,1597.89,1621.2,1597.17,1618.44,588724.482
2023-09-28 08:00:00,1618.44,1654.51,1613.59,1652.02,1311454.64
2023-09-28 16:00:00,1652.01,1668.0,1642.03,1652.13,932740.974
2023-09-29 00:00:00,1652.13,1687.65,1647.5,1685.59,697505.761
2023-09-29 08:00:00,1685.6,1686.0,1654.62,1671.38,943516.225
2023-09-29 16:00:00,1671.37,1672.6,1656.0,1666.61,355082.519
2023-09-30 00:00:00,1666.61,1674.99,1665.27,1671.07,200282.32
2023-09-30 08:00:00,1671.07,1694.11,1670.52,1682.53,518412.876
2023-09-30 16:00:00,1682.53,1685.61,1666.0,1670.18,344892.117
2023-10-01 00:00:00,1670.17,1679.89,1669.49,1677.52,199090.219
2023-10-01 08:00:00,1677.51,1692.0,1675.55,1683.13,496969.039
2023-10-01 16:00:00,1683.13,1780.0,1666.69,1733.39,1066680.17
2023-10-02 00:00:00,1733.4,1734.8,1710.0,1729.48,632977.746
2023-10-02 08:00:00,1729.48,1743.99,1686.82,1690.96,1183490.988
2023-10-02 16:00:00,1690.96,1693.08,1619.99,1661.49,1323590.388
2023-10-03 00:00:00,1661.49,1669.94,1659.19,1661.64,343540.405
2023-10-03 08:00:00,1661.64,1666.94,1642.03,1647.6,743801.558
2023-10-03 16:00:00,1647.61,1659.47,1645.0,1656.18,486844.854
2023-10-04 00:00:00,1656.19,1657.05,1615.0,1644.25,585656.822
2023-10-04 08:00:00,1644.25,1652.32,1626.22,1631.9,596018.802
2023-10-04 16:00:00,1631.9,1654.2,1631.0,1645.75,578983.734
2023-10-05 00:00:00,1645.76,1655.13,1631.12,1635.36,365378.438
2023-10-05 08:00:00,1635.37,1648.85,1601.28,1617.4,1038415.004
2023-10-05 16:00:00,1617.4,1620.85,1605.13,1611.23,525270.431
2023-10-06 00:00:00,1611.24,1632.19,1611.18,1630.34,368979.103
2023-10-06 08:00:00,1630.34,1649.0,1610.59,1642.16,1119466.223
2023-10-06 16:00:00,1642.16,1664.6,1633.42,1644.33,589995.619
2023-10-07 00:00:00,1644.32,1647.16,1635.15,1636.0,238411.385
2023-10-07 08:00:00,1636.0,1642.74,1634.0,1637.83,261944.314
2023-10-07 16:00:00,1637.83,1638.81,1629.03,1633.18,229615.805
2023-10-08 00:00:00,1633.17,1640.9,1622.65,1628.14,300116.364
2023-10-08 08:00:00,1628.13,1637.42,1615.19,1630.63,562263.93
2023-10-08 16:00:00,1630.64,1638.76,1626.61,1632.02,290960.418
2023-10-09 00:00:00,1632.03,1635.81,1616.16,1620.0,381920.848
2023-10-09 08:00:00,1620.0,1621.23,1580.09,1585.64,1237932.769
2023-10-09 16:00:00,1585.63,1586.55,1544.3,1579.4,1330270.432
2023-10-10 00:00:00,1579.39,1593.71,1575.27,1589.52,429774.708
2023-10-10 08:00:00,1589.52,1594.4,1562.71,1567.25,954568.884
2023-10-10 16:00:00,1567.26,1572.23,1545.6,1566.89,692531.415
2023-10-11 00:00:00,1566.89,1575.38,1541.78,1556.16,728276.71
2023-10-11 08:00:00,1556.15,1577.89,1553.05,1558.77,997088.091
2023-10-11 16:00:00,1558.78,1568.88,1547.99,1566.07,656456.182
2023-10-12 00:00:00,1566.08,1568.06,1555.37,1558.64,392724.967
2023-10-12 08:00:00,1558.64,1560.35,1533.21,1540.96,1052924.978
2023-10-12 16:00:00,1540.96,1544.6,1514.5,1538.81,853540.178
2023-10-13 00:00:00,1538.82,1554.25,1537.27,1548.67,433496.544
2023-10-13 08:00:00,1548.66,1553.19,1536.65,1538.76,538380.744
2023-10-13 16:00:00,1538.77,1575.53,1538.44,1551.55,823604.14
2023-10-14 00:00:00,1551.55,1555.95,1544.22,1547.34,302363.135
2023-10-14 08:00:00,1547.35,1557.76,1543.83,1555.66,241227.797
2023-10-14 16:00:00,1555.65,1561.7,1551.81,1554.15,248136.37
2023-10-15 00:00:00,1554.15,1557.0,1548.74,1554.29,160885.623
2023-10-15 08:00:00,1554.29,1559.97,1546.14,1553.13,329346.179
2023-10-15 16:00:00,1553.12,1567.0,1549.51,1557.25,510281.468
2023-10-16 00:00:00,1557.25,1588.51,1554.1,1578.02,829036.611
2023-10-16 08:00:00,1578.02,1642.0,1565.0,1577.04,1953349.195
2023-10-16 16:00:00,1577.05,1604.3,1572.34,1598.61,731521.523
2023-10-17 00:00:00,1598.61,1599.83,1581.73,1589.66,423246.568
2023-10-17 08:00:00,1589.66,1593.75,1562.0,1574.67,814811.977
2023-10-17 16:00:00,1574.66,1579.7,1541.0,1563.99,583103.936
2023-10-18 00:00:00,1564.0,1581.97,1561.3,1571.6,584103.422
2023-10-18 08:00:00,1571.6,1584.9,1567.81,1569.48,686548.367
2023-10-18 16:00:00,1569.48,1574.31,1554.7,1562.65,452066.063
2023-10-19 00:00:00,1562.66,1566.66,1539.0,1551.08,599427.531
2023-10-19 08:00:00,1551.07,1565.0,1540.53,1560.34,688425.817
2023-10-19 16:00:00,1560.34,1574.34,1559.0,1565.89,626341.463
2023-10-20 00:00:00,1565.9,1594.59,1560.37,1582.76,800389.674
2023-10-20 08:00:00,1582.77,1630.01,1582.15,1604.81,1458742.438
2023-10-20 16:00:00,1604.81,1609.47,1596.31,1603.14,332181.523
2023-10-21 00:00:00,1603.15,1606.5,1591.25,1605.67,356678.757
2023-10-21 08:00:00,1605.67,1628.98,1601.87,1627.63,566954.631
2023-10-21 16:00:00,1627.64,1643.84,1619.15,1628.29,706985.421
2023-10-22 00:00:00,1628.29,1650.41,1622.27,1629.43,725435.183
2023-10-22 08:00:00,1629.43,1636.87,1620.0,1625.05,522650.497
2023-10-22 16:00:00,1625.04,1667.5,1623.41,1662.83,674472.296
2023-10-23 00:00:00,1662.82,1705.25,1656.25,1675.52,1406610.088
2023-10-23 08:00:00,1675.52,1684.8,1661.2,1675.63,908730.946
2023-10-23 16:00:00,1675.62,1803.0,1670.0,1766.35,2725143.612
2023-10-24 00:00:00,1766.35,1850.0,1757.73,1809.82,2023591.961
2023-10-24 08:00:00,1809.82,1854.87,1761.29,1777.67,2011104.344
2023-10-24 16:00:00,1777.66,1800.18,1755.28,1784.31,1113616.19
2023-10-25 00:00:00,1784.3,1806.38,1760.12,1768.85,810585.834
2023-10-25 08:00:00,1768.85,1818.55,1759.16,1806.36,1135806.083
2023-10-25 16:00:00,1806.35,1815.4,1774.94,1786.71,759794.038
2023-10-26 00:00:00,1786.7,1859.0,1778.67,1850.56,1154865.896
2023-10-26 08:00:00,1850.57,1872.64,1763.5,1778.04,2088218.614
2023-10-26 16:00:00,1778.05,1811.85,1757.25,1803.3,803319.92
2023-10-27 00:00:00,1803.31,1803.92,1772.0,1776.8,718450.607
2023-10-27 08:00:00,1776.79,1797.75,1770.3,1783.32,899352.686
2023-10-27 16:00:00,1783.33,1785.3,1735.5,1780.02,822304.688
2023-10-28 00:00:00,1780.03,1796.6,1779.09,1788.23,326236.454
2023-10-28 08:00:00,1788.24,1806.23,1775.39,1791.37,497304.895
2023-10-28 16:00:00,1791.36,1791.76,1767.37,1776.76,251002.375
2023-10-29 00:00:00,1776.76,1784.68,1762.49,1783.47,304787.279
2023-10-29 08:00:00,1783.48,1802.0,1783.32,1792.62,493723.647
2023-10-29 16:00:00,1792.62,1813.1,1786.48,1795.49,516605.522
2023-10-30 00:00:00,1795.48,1798.96,1778.03,1787.32,515370.729
2023-10-30 08:00:00,1787.32,1832.65,1784.47,1820.84,1146002.217
2023-10-30 16:00:00,1820.83,1820.84,1776.94,1809.81,673444.558
2023-10-31 00:00:00,1809.82,1820.91,1786.24,1791.26,615135.416
2023-10-31 08:00:00,1791.2,1815.0,1781.0,1792.26,972806.475
2023-10-31 16:00:00,1792.26,1818.95,1788.34,1815.67,567923.225
2023-11-01 00:00:00,1815.66,1831.28,1798.01,1805.44,598214.593
2023-11-01 08:00:00,1805.44,1829.0,1782.73,1792.94,1298667.029
2023-11-01 16:00:00,1792.95,1861.63,1792.55,1848.2,1699788.523
2023-11-02 00:00:00,1848.2,1876.26,1828.55,1836.13,1136558.898
2023-11-02 08:00:00,1836.13,1844.29,1800.27,1803.51,1073237.917
2023-11-02 16:00:00,1803.51,1813.72,1784.0,1800.68,692970.251
2023-11-03 00:00:00,1800.68,1803.1,1775.36,1798.74,664433.006
2023-11-03 08:00:00,1798.74,1814.37,1780.51,1812.79,836206.716
2023-11-03 16:00:00,1812.79,1834.32,1798.14,1832.49,784007.207
2023-11-04 00:00:00,1832.49,1840.0,1823.32,1833.77,464890.081
2023-11-04 08:00:00,1833.77,1847.99,1827.92,1832.01,463026.997
2023-11-04 16:00:00,1832.01,1870.68,1831.21,1856.08,440817.57
2023-11-05 00:00:00,1856.08,1896.5,1846.21,1885.81,886914.344
2023-11-05 08:00:00,1885.82,1902.72,1865.0,1874.91,1017821.932
2023-11-05 16:00:00,1874.91,1914.96,1852.91,1892.49,1144264.369
2023-11-06 00:00:00,1892.49,1901.4,1869.13,1879.0,577419.122
2023-11-06 08:00:00,1879.0,1916.8,1873.43,1901.88,1063258.841
2023-11-06 16:00:00,1901.89,1907.87,1881.3,1901.71,719440.61
2023-11-07 00:00:00,1901.72,1904.69,1877.94,1892.59,551117.204
2023-11-07 08:00:00,1892.59,1895.72,1857.04,1863.85,929999.54
2023-11-07 16:00:00,1863.85,1908.47,1850.1,1885.79,1266537.73
2023-11-08 00:00:00,1885.79,1893.61,1873.13,1875.46,363114.387
2023-11-08 08:00:00,1875.46,1893.51,1874.04,1889.62,468884.043
2023-11-08 16:00:00,1889.62,1906.2,1883.02,1888.42,839722.047
2023-11-09 00:00:00,1888.42,1930.7,1881.79,1912.5,1260981.58
2023-11-09 08:00:00,1912.49,2065.0,1904.49,2039.56,3356869.935
2023-11-09 16:00:00,2039.55,2134.3,1973.0,2122.92,3484276.97
2023-11-10 00:00:00,2122.92,2139.6,2096.06,2104.64,1379058.7
2023-11-10 08:00:00,2104.64,2111.02,2066.0,2085.32,1335697.02
2023-11-10 16:00:00,2091.11,2105.07,2070.31,2079.1,795445.958
2023-11-11 00:00:00,2079.1,2086.29,2021.0,2056.58,968605.572
2023-11-11 08:00:00,2056.6,2091.4,2047.25,2069.32,721876.804
2023-11-11 16:00:00,2069.34,2091.97,2032.0,2054.52,793566.574
2023-11-12 00:00:00,2054.53,2061.88,2011.5,2058.9,680103.043
2023-11-12 08:00:00,2058.9,2068.96,2036.6,2058.35,513599.695
2023-11-12 16:00:00,2058.36,2068.5,2030.0,2046.08,525593.258
2023-11-13 00:00:00,2046.07,2076.0,2030.0,2049.36,972606.264
2023-11-13 08:00:00,2049.37,2109.89,2040.0,2106.67,1512078.726
2023-11-13 16:00:00,2106.67,2120.0,2044.6,2055.18,1522922.667
2023-11-14 00:00:00,2055.18,2065.71,2032.34,2061.5,657120.458
2023-11-14 08:00:00,2061.5,2066.39,2018.9,2039.61,1320127.576
2023-11-14 16:00:00,2039.6,2055.75,1920.0,1980.11,1826688.978
2023-11-15 00:00:00,1980.11,1992.63,1967.85,1984.15,528697.241
2023-11-15 08:00:00,1984.15,2024.68,1982.01,2022.05,952871.366
2023-11-15 16:00:00,2022.06,2064.08,2001.28,2059.29,1563148.757
2023-11-16 00:00:00,2059.3,2082.8,2049.14,2054.71,706966.583
2023-11-16 08:00:00,2054.71,2093.0,1980.1,1996.43,2099532.171
2023-11-16 16:00:00,1996.43,2015.96,1938.4,1962.13,1541835.875
2023-11-17 00:00:00,1962.14,1992.26,1959.91,1971.11,636742.49
2023-11-17 08:00:00,1971.12,1982.99,1913.01,1919.44,1397598.645
2023-11-17 16:00:00,1919.45,1970.11,1903.81,1961.21,1194044.383
2023-11-18 00:00:00,1961.21,1962.2,1916.0,1936.61,558783.081
2023-11-18 08:00:00,1936.61,1955.62,1931.35,1953.42,508090.086
2023-11-18 16:00:00,1953.41,1972.06,1950.5,1963.19,576280.992
2023-11-19 00:00:00,1963.19,1967.74,1943.44,1962.52,410634.31
2023-11-19 08:00:00,1962.52,1969.8,1945.05,1967.22,485241.851
2023-11-19 16:00:00,1967.22,2016.45,1966.0,2012.46,830393.411
2023-11-20 00:00:00,2012.45,2028.2,1993.85,2020.2,583225.853
2023-11-20 08:00:00,2020.23,2051.56,1981.96,2043.11,1383224.137
2023-11-20 16:00:00,2043.11,2068.8,2010.78,2022.41,1314395.805
2023-11-21 00:00:00,2022.41,2036.06,2003.72,2004.89,570355.135
2023-11-21 08:00:00,2004.89,2018.75,1952.0,1988.84,1591909.13
2023-11-21 16:00:00,1988.82,2025.0,1929.85,1933.44,1942842.767
2023-11-22 00:00:00,1933.44,2002.62,1928.74,1993.97,749962.606
2023-11-22 08:00:00,1993.97,2046.61,1992.13,2033.87,1195392.419
2023-11-22 16:00:00,2033.87,2093.78,2028.02,2063.91,1580329.067
2023-11-23 00:00:00,2063.92,2072.21,2053.64,2066.45,471886.921
2023-11-23 08:00:00,2066.45,2089.75,2033.5,2042.49,1150207.616
2023-11-23 16:00:00,2042.5,2078.41,2040.45,2062.68,479187.79
2023-11-24 00:00:00,2062.67,2085.0,2059.63,2080.5,450461.77
2023-11-24 08:00:00,2080.5,2135.0,2075.14,2117.46,1634680.431
2023-11-24 16:00:00,2117.45,2126.5,2057.77,2081.16,1146827.615
2023-11-25 00:00:00,2081.16,2090.49,2072.96,2088.47,347154.265
2023-11-25 08:00:00,2088.47,2090.79,2065.59,2078.0,419850.519
2023-11-25 16:00:00,2078.0,2086.94,2074.0,2082.87,260453.909
2023-11-26 00:00:00,2082.87,2093.46,2067.04,2089.19,435983.823
2023-11-26 08:00:00,2089.19,2094.96,2060.0,2064.5,802169.201
2023-11-26 16:00:00,2064.5,2082.79,2035.0,2061.97,1027399.026
2023-11-27 00:00:00,2061.97,2071.0,2027.7,2045.1,661766.49
2023-11-27 08:00:00,2045.1,2052.87,1998.0,2003.15,1237939.299
2023-11-27 16:00:00,2003.15,2029.96,1985.0,2027.57,995695.685
2023-11-28 00:00:00,2027.57,2041.36,1994.85,2014.17,763067.051
2023-11-28 08:00:00,2014.18,2042.51,2005.42,2036.3,713563.888
2023-11-28 16:00:00,2036.31,2075.87,2034.93,2048.2,1124948.508
2023-11-29 00:00:00,2048.21,2063.8,2039.0,2057.55,467896.934
2023-11-29 08:00:00,2057.55,2077.0,2020.0,2031.53,1045852.97
2023-11-29 16:00:00,2031.52,2042.21,2018.56,2028.41,576549.351
2023-11-30 00:00:00,2028.41,2043.7,2022.0,2035.51,478917.168
2023-11-30 08:00:00,2035.52,2052.78,2020.4,2033.29,829971.187
2023-11-30 16:00:00,2033.29,2054.97,2028.29,2051.76,394013.057
2023-12-01 00:00:00,2051.77,2108.83,2044.35,2092.29,1076787.644
2023-12-01 08:00:00,2092.3,2111.5,2070.3,2079.43,955236.203
2023-12-01 16:00:00,2079.44,2110.0,2077.45,2086.99,876712.705
2023-12-02 00:00:00,2086.99,2106.47,2085.63,2095.65,342535.775
2023-12-02 08:00:00,2095.66,2108.99,2091.81,2103.59,498724.029
2023-12-02 16:00:00,2103.59,2199.99,2097.0,2165.28,1862612.913
2023-12-03 00:00:00,2165.26,2177.94,2152.81,2165.07,482648.5
2023-12-03 08:00:00,2165.07,2168.85,2148.17,2160.35,609988.762
2023-12-03 16:00:00,2160.36,2219.17,2149.14,2193.24,1045738.767
2023-12-04 00:00:00,2193.25,2267.0,2191.52,2247.57,1349828.045
2023-12-04 08:00:00,2247.58,2276.84,2200.9,2212.52,1674900.976
2023-12-04 16:00:00,2212.52,2254.8,2210.17,2243.66,758649.856
2023-12-05 00:00:00,2243.67,2253.6,2186.0,2200.19,864519.963
2023-12-05 08:00:00,2200.19,2234.81,2190.03,2228.43,983999.885
2023-12-05 16:00:00,2228.44,2311.51,2219.53,2293.97,2273199.712
2023-12-06 00:00:00,2293.97,2314.98,2258.83,2266.41,950428.886
2023-12-06 08:00:00,2266.41,2288.88,2232.82,2252.84,1136723.482
2023-12-06 16:00:00,2252.85,2285.82,2218.49,2233.29,848024.573
2023-12-07 00:00:00,2233.32,2270.0,2230.79,2261.96,449940.254
2023-12-07 08:00:00,2261.96,2332.89,2222.08,2322.81,1563531.192
2023-12-07 16:00:00,2322.82,2387.2,2317.5,2357.04,1578596.7
2023-12-08 00:00:00,2357.05,2397.44,2353.21,2354.99,840392.004
2023-12-08 08:00:00,2355.0,2380.0,2333.36,2347.44,1168628.821
2023-12-08 16:00:00,2347.43,2379.56,2340.54,2360.82,682960.398
2023-12-09 00:00:00,2360.82,2390.2,2350.08,2385.4,532587.238
2023-12-09 08:00:00,2385.27,2407.63,2336.9,2364.54,1318933.464
2023-12-09 16:00:00,2364.55,2367.35,2328.0,2342.4,570734.668
2023-12-10 00:00:00,2342.41,2360.69,2341.48,2355.38,334083.829
2023-12-10 08:00:00,2355.31,2357.96,2323.0,2353.52,630108.928
2023-12-10 16:00:00,2353.53,2379.98,2342.11,2353.97,545595.947
2023-12-11 00:00:00,2353.99,2356.73,2114.63,2237.15,2092880.192
2023-12-11 08:00:00,2237.16,2253.8,2199.5,2220.05,961438.237
2023-12-11 16:00:00,2220.05,2227.99,2156.0,2225.56,1660867.951
2023-12-12 00:00:00,2225.55,2245.37,2213.12,2233.92,738194.949
2023-12-12 08:00:00,2233.92,2239.17,2186.42,2194.71,1022194.648
2023-12-12 16:00:00,2194.7,2207.91,2164.82,2204.7,1101518.295
2023-12-13 00:00:00,2204.71,2208.47,2145.33,2174.44,1171687.019
2023-12-13 08:00:00,2174.45,2227.0,2168.9,2218.78,955718.152
2023-12-13 16:00:00,2218.78,2285.91,2202.27,2261.44,1273413.561
2023-12-14 00:00:00,2261.45,2284.27,2246.13,2283.2,658778.743
2023-12-14 08:00:00,2283.2,2319.0,2212.04,2275.95,1827997.366
2023-12-14 16:00:00,2275.94,2333.29,2275.05,2316.54,792266.183
2023-12-15 00:00:00,2316.53,2319.32,2256.75,2272.5,831026.845
2023-12-15 08:00:00,2272.49,2288.17,2225.57,2233.19,1058547.438
2023-12-15 16:00:00,2233.18,2253.77,2195.28,2221.71,730010.75
2023-12-16 00:00:00,2221.71,2261.0,2211.16,2242.54,612700.061
2023-12-16 08:00:00,2242.54,2260.73,2240.03,2257.82,468388.407
2023-12-16 16:00:00,2257.83,2264.95,2220.0,2229.64,534308.986
2023-12-17 00:00:00,2229.63,2234.98,2201.28,2209.79,519993.628
2023-12-17 08:00:00,2209.79,2227.99,2200.0,2223.55,550743.533
2023-12-17 16:00:00,2223.56,2251.24,2190.0,2197.93,818039.089
2023-12-18 00:00:00,2197.93,2206.89,2161.57,2170.05,870892.988
2023-12-18 08:00:00,2170.05,2179.31,2116.56,2156.17,1389345.525
2023-12-18 16:00:00,2156.17,2226.52,2150.31,2220.48,843551.465
2023-12-19 00:00:00,2220.49,2255.48,2212.69,2248.57,741683.5
2023-12-19 08:00:00,2248.57,2256.64,2180.02,2192.85,1026400.309
2023-12-19 16:00:00,2192.85,2207.96,2135.03,2179.02,1154703.716
2023-12-20 00:00:00,2179.01,2224.69,2171.3,2217.69,683374.062
2023-12-20 08:00:00,2217.7,2269.56,2204.19,2249.11,1271034.667
2023-12-20 16:00:00,2249.12,2251.6,2156.0,2203.95,1310195.585
2023-12-21 00:00:00,2203.95,2221.89,2184.9,2216.81,571732.527
2023-12-21 08:00:00,2216.81,2282.41,2200.0,2234.5,1617915.949
2023-12-21 16:00:00,2234.5,2266.0,2220.0,2241.35,976212.505
2023-12-22 00:00:00,2241.47,2302.31,2232.56,2275.27,1424810.736
2023-12-22 08:00:00,2275.27,2345.95,2270.11,2321.74,1901636.002
2023-12-22 16:00:00,2321.73,2343.0,2303.98,2326.53,772610.907
2023-12-23 00:00:00,2326.54,2332.75,2265.0,2285.36,909161.545
2023-12-23 08:00:00,2285.35,2299.99,2282.36,2287.09,435358.464
2023-12-23 16:00:00,2287.09,2317.95,2284.3,2309.86,521390.459
2023-12-24 00:00:00,2309.86,2328.79,2275.7,2296.11,784129.355
2023-12-24 08:00:00,2296.12,2309.13,2275.0,2294.6,532019.207
2023-12-24 16:00:00,2294.61,2299.47,2241.2,2265.43,746001.42
2023-12-25 00:00:00,2265.42,2291.98,2254.38,2282.15,472101.946
2023-12-25 08:00:00,2282.16,2308.0,2264.96,2288.73,775975.692
2023-12-25 16:00:00,2288.5,2291.11,2258.04,2273.07,646258.151
2023-12-26 00:00:00,2273.08,2277.51,2219.03,2242.5,869967.414
2023-12-26 08:00:00,2242.5,2253.0,2216.86,2230.64,836264.859
2023-12-26 16:00:00,2230.64,2234.57,2178.84,2232.44,1011174.289
2023-12-27 00:00:00,2232.45,2236.43,2213.68,2230.45,399476.742
2023-12-27 08:00:00,2230.45,2358.8,2228.72,2345.01,1902831.818
2023-12-27 16:00:00,2345.01,2395.0,2335.64,2380.31,1268414.486
2023-12-28 00:00:00,2380.32,2455.52,2365.0,2383.06,1512023.345
2023-12-28 08:00:00,2383.06,2416.75,2345.0,2360.81,1756722.54
2023-12-28 16:00:00,2360.82,2385.91,2336.02,2345.96,991717.173
2023-12-29 00:00:00,2345.98,2366.61,2311.07,2335.43,1204743.526
2023-12-29 08:00:00,2335.43,2388.74,2318.0,2328.84,1168275.206
2023-12-29 16:00:00,2328.84,2335.56,2254.72,2300.6,1493733.247
2023-12-30 00:00:00,2300.61,2311.62,2289.11,2297.92,400170.21
2023-12-30 08:00:00,2297.91,2318.94,2269.15,2314.41,805513.569
2023-12-30 16:00:00,2314.39,2325.0,2273.86,2293.26,604272.752
2023-12-31 00:00:00,2293.26,2306.83,2278.84,2296.94,402146.914
2023-12-31 08:00:00,2296.95,2324.78,2291.43,2300.6,682863.619
2023-12-31 16:00:00,2300.59,2311.74,2258.0,2283.85,586707.464
2024-01-01 00:00:00,2283.84,2308.74,2266.67,2286.46,481072.344
2024-01-01 08:00:00,2286.46,2321.0,2281.82,2316.97,466417.837
2024-01-01 16:00:00,2316.97,2354.95,2308.36,2354.62,711073.237
2024-01-02 00:00:00,2354.63,2402.64,2349.57,2387.83,962647.964
2024-01-02 08:00:00,2387.84,2434.49,2353.47,2359.6,1519993.005
2024-01-02 16:00:00,2359.61,2382.65,2335.0,2356.93,893532.761
2024-01-03 00:00:00,2356.92,2387.28,2348.46,2362.82,561616.35
2024-01-03 08:00:00,2362.82,2387.48,2067.16,2241.02,3315757.775
2024-01-03 16:00:00,2241.23,2246.62,2188.88,2210.39,1119545.553
2024-01-04 00:00:00,2210.39,2245.94,2202.1,2222.99,605074.856
2024-01-04 08:00:00,2223.0,2286.99,2205.42,2277.86,1048794.35
2024-01-04 16:00:00,2277.86,2295.55,2260.0,2267.85,858931.05
2024-01-05 00:00:00,2267.85,2275.6,2207.03,2252.39,785471.008
2024-01-05 08:00:00,2252.4,2270.09,2216.2,2225.23,970364.076
2024-01-05 16:00:00,2225.22,2278.16,2206.0,2268.93,884906.883
2024-01-06 00:00:00,2268.92,2270.34,2215.56,2233.09,531659.907
2024-01-06 08:00:00,2233.09,2248.59,2228.18,2246.27,355028.344
2024-01-06 16:00:00,2246.28,2254.64,2230.03,2240.36,314622.493
2024-01-07 00:00:00,2240.36,2254.0,2235.08,2248.89,322187.416
2024-01-07 08:00:00,2248.89,2257.98,2221.21,2229.9,649672.967
2024-01-07 16:00:00,2229.9,2251.23,2201.06,2220.87,637936.314
2024-01-08 00:00:00,2220.87,2230.16,2165.43,2223.51,1098301.783
2024-01-08 08:00:00,2223.5,2285.27,2204.16,2269.94,1096534.687
2024-01-08 16:00:00,2269.94,2359.63,2259.17,2331.11,1284103.046
2024-01-09 00:00:00,2331.12,2337.0,2288.01,2306.1,665299.635
2024-01-09 08:00:00,2306.09,2311.68,2222.44,2256.91,1303871.574
2024-01-09 16:00:00,2256.91,2377.36,2243.26,2344.44,2401339.724
2024-01-10 00:00:00,2344.33,2402.6,2340.0,2369.42,1225966.146
2024-01-10 08:00:00,2369.42,2463.37,2336.28,2450.01,2568753.39
2024-01-10 16:00:00,2450.01,2645.65,2401.21,2585.82,3946176.06
2024-01-11 00:00:00,2585.81,2630.6,2565.69,2590.0,1350362.6
2024-01-11 08:00:00,2590.01,2691.9,2586.76,2614.66,2426969.419
2024-01-11 16:00:00,2614.65,2633.72,2571.28,2618.59,1384095.0
2024-01-12 00:00:00,2618.6,2627.9,2581.09,2597.22,765391.916
2024-01-12 08:00:00,2597.23,2719.89,2585.01,2648.4,2528318.827
2024-01-12 16:00:00,2648.4,2691.23,2458.38,2523.3,3191286.223
2024-01-13 00:00:00,2523.3,2562.0,2497.79,2550.91,858778.382
2024-01-13 08:00:00,2550.91,2567.0,2521.24,2564.29,847099.572
2024-01-13 16:00:00,2564.3,2591.29,2548.87,2578.5,803319.633
2024-01-14 00:00:00,2578.51,2579.13,2543.01,2551.63,518306.496
2024-01-14 08:00:00,2551.63,2555.0,2524.82,2538.16,528642.352
2024-01-14 16:00:00,2538.17,2544.86,2470.0,2474.36,1079350.04
2024-01-15 00:00:00,2474.3,2522.42,2472.04,2514.32,630353.809
2024-01-15 08:00:00,2514.32,2549.79,2505.39,2515.02,644308.7
2024-01-15 16:00:00,2515.01,2555.0,2500.0,2512.21,543896.33
2024-01-16 00:00:00,2512.2,2543.0,2505.01,2528.57,460638.552
2024-01-16 08:00:00,2528.57,2572.0,2500.0,2559.43,1125781.256
2024-01-16 16:00:00,2559.43,2613.8,2547.21,2587.4,870210.261
2024-01-17 00:00:00,2587.4,2593.01,2551.25,2552.14,536637.777
2024-01-17 08:00:00,2552.13,2575.26,2532.0,2539.31,1061494.113
2024-01-17 16:00:00,2539.32,2545.56,2505.76,2530.62,701397.397
2024-01-18 00:00:00,2530.61,2540.0,2509.25,2538.88,478824.901
2024-01-18 08:00:00,2538.87,2549.99,2503.0,2526.12,822041.711
2024-01-18 16:00:00,2526.12,2526.73,2428.22,2471.29,1627883.038
2024-01-19 00:00:00,2471.29,2474.96,2442.98,2465.48,513832.485
2024-01-19 08:00:00,2465.48,2500.95,2460.37,2463.66,811802.744
2024-01-19 16:00:00,2463.67,2505.16,2415.55,2492.46,1268839.546
2024-01-20 00:00:00,2492.46,2492.46,2475.4,2479.0,289585.808
2024-01-20 08:00:00,2478.99,2480.52,2457.6,2464.34,385138.077
2024-01-20 16:00:00,2464.34,2474.73,2453.79,2472.27,264172.277
2024-01-21 00:00:00,2472.26,2481.92,2465.16,2475.84,194041.35
2024-01-21 08:00:00,2475.85,2482.7,2463.66,2468.0,256908.516
2024-01-21 16:00:00,2468.01,2478.66,2451.0,2457.02,257341.503
2024-01-22 00:00:00,2457.02,2466.46,2401.2,2420.98,843921.584
2024-01-22 08:00:00,2420.98,2420.99,2352.64,2380.0,1463936.597
2024-01-22 16:00:00,2379.99,2386.3,2302.21,2314.33,1337254.78
2024-01-23 00:00:00,2314.33,2351.76,2312.44,2323.57,566598.72
2024-01-23 08:00:00,2323.56,2327.19,2167.5,2219.07,2696212.744
2024-01-23 16:00:00,2219.06,2247.31,2180.41,2241.67,1116349.73
2024-01-24 00:00:00,2241.67,2255.0,2211.31,2233.83,693508.037
2024-01-24 08:00:00,2233.83,2264.44,2217.18,2233.95,840039.55
2024-01-24 16:00:00,2233.95,2244.32,2195.0,2234.62,722525.413
2024-01-25 00:00:00,2234.62,2239.4,2202.41,2226.94,451383.011
2024-01-25 08:00:00,2226.94,2242.55,2181.03,2187.61,858905.389
2024-01-25 16:00:00,2187.61,2231.1,2169.04,2218.02,772538.304
2024-01-26 00:00:00,2218.01,2237.98,2195.15,2196.99,476563.398
2024-01-26 08:00:00,2196.98,2264.92,2195.29,2256.62,1087986.79
2024-01-26 16:00:00,2256.62,2281.96,2249.58,2266.72,697059.759
2024-01-27 00:00:00,2266.73,2283.35,2252.31,2257.8,357964.535
2024-01-27 08:00:00,2257.8,2274.45,2250.33,2269.29,313849.483
2024-01-27 16:00:00,2269.29,2276.95,2260.04,2266.99,273019.543
2024-01-28 00:00:00,2267.0,2308.0,2261.94,2281.84,555099.405
2024-01-28 08:00:00,2281.83,2301.81,2260.57,2269.16,553993.571
2024-01-28 16:00:00,2269.16,2275.31,2236.56,2256.0,487576.146
2024-01-29 00:00:00,2256.0,2277.49,2249.58,2258.5,364548.36
2024-01-29 08:00:00,2258.5,2276.8,2232.0,2274.99,704491.975
2024-01-29 16:00:00,2274.99,2322.53,2264.57,2316.52,890221.055
2024-01-30 00:00:00,2316.53,2327.68,2299.57,2308.27,465575.52
2024-01-30 08:00:00,2308.26,2347.67,2295.1,2340.43,884303.668
2024-01-30 16:00:00,2340.43,2392.84,2334.51,2341.95,1034056.683
2024-01-31 00:00:00,2341.96,2351.23,2326.11,2339.73,496478.733
2024-01-31 08:00:00,2339.72,2342.58,2279.24,2328.49,1109891.226
2024-01-31 16:00:00,2328.49,2349.95,2261.88,2282.0,1001539.409
2024-02-01 00:00:00,2281.99,2289.25,2237.0,2270.92,638066.612
2024-02-01 08:00:00,2270.92,2307.92,2261.76,2288.28,664651.651
2024-02-01 16:00:00,2288.29,2311.51,2267.08,2303.33,591519.16
2024-02-02 00:00:00,2303.32,2320.0,2295.45,2312.51,405261.979
2024-02-02 08:00:00,2312.51,2324.9,2280.05,2313.01,685683.147
2024-02-02 16:00:00,2313.0,2323.52,2285.29,2307.99,423270.725
2024-02-03 00:00:00,2308.0,2330.45,2305.73,2313.44,333675.805
2024-02-03 08:00:00,2313.45,2315.61,2291.0,2302.83,367357.338
2024-02-03 16:00:00,2302.83,2312.77,2292.12,2295.42,237249.13
2024-02-04 00:00:00,2295.41,2305.78,2285.0,2289.66,259359.102
2024-02-04 08:00:00,2289.67,2309.58,2285.35,2300.89,282885.614
2024-02-04 16:00:00,2300.88,2311.0,2261.51,2288.66,651556.939
2024-02-05 00:00:00,2288.66,2311.96,2267.62,2309.74,402701.459
2024-02-05 08:00:00,2309.74,2338.0,2292.75,2297.21,767983.649
2024-02-05 16:00:00,2297.21,2312.31,2282.0,2300.83,518548.256
2024-02-06 00:00:00,2300.83,2329.3,2297.74,2326.05,469493.602
2024-02-06 08:00:00,2326.05,2350.0,2308.16,2342.85,1019711.349
2024-02-06 16:00:00,2342.84,2392.0,2340.0,2371.74,708302.899
2024-02-07 00:00:00,2371.74,2389.96,2355.89,2362.07,406823.222
2024-02-07 08:00:00,2362.07,2385.0,2352.06,2368.69,633131.161
2024-02-07 16:00:00,2368.69,2445.0,2367.29,2424.22,1114548.57
2024-02-08 00:00:00,2424.21,2443.43,2410.16,2420.2,489826.629
2024-02-08 08:00:00,2420.2,2463.28,2415.0,2452.52,781321.797
2024-02-08 16:00:00,2452.47,2454.56,2412.0,2418.76,638930.406
2024-02-09 00:00:00,2418.77,2466.0,2418.26,2452.86,700092.393
2024-02-09 08:00:00,2452.86,2528.66,2452.46,2494.24,1421092.455
2024-02-09 16:00:00,2494.24,2522.56,2477.13,2485.24,787340.132
2024-02-10 00:00:00,2485.24,2515.2,2481.65,2494.06,367070.873
2024-02-10 08:00:00,2494.06,2498.28,2470.04,2489.42,472762.605
2024-02-10 16:00:00,2489.43,2516.12,2482.24,2499.2,480228.71
2024-02-11 00:00:00,2499.2,2538.46,2492.47,2526.93,603810.008
2024-02-11 08:00:00,2526.93,2539.2,2503.37,2507.64,521093.314
2024-02-11 16:00:00,2507.65,2519.47,2492.16,2506.1,397060.353
2024-02-12 00:00:00,2506.11,2525.0,2479.36,2500.89,529417.351
2024-02-12 08:00:00,2500.89,2563.37,2470.05,2557.33,1046575.756
2024-02-12 16:00:00,2557.33,2667.74,2535.56,2660.91,1596407.13
2024-02-13 00:00:00,2660.91,2688.8,2637.46,2650.26,670303.676
2024-02-13 08:00:00,2650.26,2688.14,2585.7,2632.72,1790246.225
2024-02-13 16:00:00,2632.72,2651.24,2593.0,2640.83,859421.673
2024-02-14 00:00:00,2640.88,2656.13,2619.12,2653.63,442636.126
2024-02-14 08:00:00,2653.62,2775.0,2648.36,2751.37,1711493.29
2024-02-14 16:00:00,2751.36,2788.88,2728.09,2776.14,691490.227
2024-02-15 00:00:00,2776.14,2829.41,2758.57,2773.93,1047794.794
2024-02-15 08:00:00,2773.92,2870.98,2770.02,2828.35,1459027.726
2024-02-15 16:00:00,2828.34,2848.54,2787.03,2824.54,937594.331
2024-02-16 00:00:00,2824.53,2859.83,2813.5,2817.09,639752.1
2024-02-16 08:00:00,2817.08,2849.44,2732.7,2777.45,1381430.589
2024-02-16 16:00:00,2777.44,2812.14,2756.75,2803.69,715640.081
2024-02-17 00:00:00,2803.7,2806.09,2778.39,2797.2,364492.888
2024-02-17 08:00:00,2797.2,2797.21,2718.35,2756.35,978660.62
2024-02-17 16:00:00,2756.35,2804.33,2744.35,2787.43,433759.242
2024-02-18 00:00:00,2787.44,2808.99,2764.8,2802.29,538749.679
2024-02-18 08:00:00,2802.28,2825.0,2786.41,2808.6,607625.069
2024-02-18 16:00:00,2808.6,2899.0,2794.97,2883.58,965293.771
2024-02-19 00:00:00,2883.56,2934.0,2856.4,2927.89,853113.162
2024-02-19 08:00:00,2927.89,2929.66,2888.2,2910.38,778314.264
2024-02-19 16:00:00,2910.37,2988.22,2888.57,2946.55,1261817.512
2024-02-20 00:00:00,2946.55,2958.3,2905.0,2923.32,750316.006
2024-02-20 08:00:00,2923.32,3009.68,2873.6,2926.95,2421480.282
2024-02-20 16:00:00,2926.94,3036.83,2885.0,3017.21,1426321.127
2024-02-21 00:00:00,3017.22,3020.0,2922.6,2941.89,969467.321
2024-02-21 08:00:00,2941.88,2958.56,2867.87,2915.62,1958990.622
2024-02-21 16:00:00,2915.61,2982.24,2886.0,2969.65,1141280.821
2024-02-22 00:00:00,2969.65,2999.96,2907.16,2995.94,1022476.285
2024-02-22 08:00:00,2995.95,3036.0,2932.42,2988.33,1861830.268
2024-02-22 16:00:00,2988.33,3044.0,2962.02,2972.8,1168497.702
2024-02-23 00:00:00,2972.8,2996.0,2923.17,2935.0,865257.862
2024-02-23 08:00:00,2935.0,2964.1,2913.28,2916.8,1014713.62
2024-02-23 16:00:00,2916.81,2955.41,2906.62,2923.35,621313.0
2024-02-24 00:00:00,2923.36,2968.0,2907.16,2965.18,510753.268
2024-02-24 08:00:00,2965.18,2970.65,2949.1,2956.51,352546.043
2024-02-24 16:00:00,2956.51,3009.29,2956.36,2994.39,587054.907
2024-02-25 00:00:00,2994.39,3055.19,2985.23,3032.5,856006.258
2024-02-25 08:00:00,3032.49,3078.0,3012.0,3045.54,974015.025
2024-02-25 16:00:00,3045.54,3131.0,3028.57,3115.24,1125675.284
2024-02-26 00:00:00,3115.24,3141.83,3087.02,3089.35,742244.759
2024-02-26 08:00:00,3089.34,3151.0,3037.25,3149.1,1566137.713
2024-02-26 16:00:00,3149.1,3200.0,3129.04,3178.6,1520002.044
2024-02-27 00:00:00,3178.6,3295.57,3168.29,3219.57,1335488.611
2024-02-27 08:00:00,3219.57,3292.46,3218.78,3231.74,1246945.19
2024-02-27 16:00:00,3231.73,3273.0,3205.0,3244.98,824159.209
2024-02-28 00:00:00,3244.99,3309.99,3233.05,3306.43,630705.633
2024-02-28 08:00:00,3306.44,3381.11,3280.0,3350.3,2522176.272
2024-02-28 16:00:00,3350.31,3502.07,3152.94,3387.07,3442756.179
2024-02-29 00:00:00,3387.07,3499.0,3379.8,3471.58,1343921.251
2024-02-29 08:00:00,3471.59,3531.0,3445.8,3470.42,1559108.467
2024-02-29 16:00:00,3470.42,3473.93,3300.39,3343.15,1838237.189
2024-03-01 00:00:00,3343.16,3402.36,3342.18,3367.73,598247.972
2024-03-01 08:00:00,3367.73,3454.19,3355.24,3393.63,1095663.041
2024-03-01 16:00:00,3393.63,3456.0,3383.52,3435.82,603163.986
2024-03-02 00:00:00,3435.83,3475.0,3390.0,3433.71,610402.573
2024-03-02 08:00:00,3433.71,3439.65,3397.07,3421.37,477273.288
2024-03-02 16:00:00,3421.37,3435.75,3405.1,3424.43,298564.754
2024-03-03 00:00:00,3424.43,3450.0,3355.88,3394.76,659495.376
2024-03-03 08:00:00,3394.76,3452.74,3377.55,3424.31,620608.851
2024-03-03 16:00:00,3424.31,3496.78,3421.21,3491.77,609132.309
2024-03-04 00:00:00,3491.78,3538.19,3420.22,3480.36,953097.878
2024-03-04 08:00:00,3480.37,3577.0,3460.0,3562.65,1493343.968
2024-03-04 16:00:00,3562.64,3644.77,3531.21,3629.72,1461686.506
2024-03-05 00:00:00,3629.72,3751.11,3610.12,3678.0,1748856.566
2024-03-05 08:00:00,3678.0,3827.93,3656.0,3786.85,1801876.823
2024-03-05 16:00:00,3786.85,3800.3,3205.0,3555.43,4880073.553
2024-03-06 00:00:00,3555.43,3793.56,3501.0,3789.84,1616219.492
2024-03-06 08:00:00,3789.85,3906.42,3725.0,3793.55,2349601.871
2024-03-06 16:00:00,3793.57,3896.96,3766.67,3822.36,1004828.891
2024-03-07 00:00:00,3822.35,3857.6,3736.44,3792.06,894889.213
2024-03-07 08:00:00,3792.07,3858.0,3767.98,3840.37,1058734.073
2024-03-07 16:00:00,3840.37,3939.0,3816.36,3871.69,898919.915
2024-03-08 00:00:00,3871.69,3954.43,3866.61,3913.52,742542.277
2024-03-08 08:00:00,3913.52,4003.33,3889.29,3904.01,1401925.953
2024-03-08 16:00:00,3904.02,3983.43,3826.08,3886.04,1461399.304
2024-03-09 00:00:00,3886.04,3945.88,3880.35,3928.92,316716.485
2024-03-09 08:00:00,3928.91,3939.85,3890.01,3920.24,363370.733
2024-03-09 16:00:00,3920.23,3924.35,3871.46,3908.15,376909.764
2024-03-10 00:00:00,3908.16,3956.48,3902.29,3948.47,429756.154
2024-03-10 08:00:00,3948.48,3970.84,3860.0,3886.0,764193.886
2024-03-10 16:00:00,3886.0,3929.93,3791.19,3881.22,624027.764
2024-03-11 00:00:00,3881.32,4027.2,3719.0,4013.37,1669638.502
2024-03-11 08:00:00,4013.37,4072.21,3992.24,4020.68,1371073.298
2024-03-11 16:00:00,4020.69,4095.16,4001.49,4070.52,756555.93
2024-03-12 00:00:00,4070.52,4098.64,4002.1,4030.09,681417.461
2024-03-12 08:00:00,4030.07,4072.0,3950.0,3992.53,1438558.585
2024-03-12 16:00:00,3992.53,3996.28,3831.95,3984.18,1521774.708
2024-03-13 00:00:00,3984.18,4085.9,3976.94,4043.28,595530.364
2024-03-13 08:00:00,4043.29,4091.65,3935.0,3965.66,1256110.945
2024-03-13 16:00:00,3965.67,4025.84,3955.5,4008.76,594160.19
2024-03-14 00:00:00,4008.76,4015.45,3942.01,3966.68,661547.596
2024-03-14 08:00:00,3966.68,4002.89,3820.0,3848.4,1452656.132
2024-03-14 16:00:00,3848.41,3900.51,3725.03,3884.99,1708515.278
2024-03-15 00:00:00,3884.99,3938.16,3623.0,3756.08,2162304.811
2024-03-15 08:00:00,3756.09,3765.0,3566.0,3691.94,1882904.001
2024-03-15 16:00:00,3691.94,3811.1,3606.0,3745.0,1348265.908
2024-03-16 00:00:00,3745.01,3784.87,3692.9,3743.39,532245.602
2024-03-16 08:00:00,3743.4,3744.54,3640.39,3681.49,672771.446
2024-03-16 16:00:00,3681.49,3683.53,3468.84,3525.58,1532192.305
2024-03-17 00:00:00,3525.57,3585.4,3414.72,3474.33,1066837.405
2024-03-17 08:00:00,3474.32,3650.0,3462.35,3629.96,1203558.759
2024-03-17 16:00:00,3629.95,3682.95,3604.3,3646.99,487157.72
2024-03-18 00:00:00,3646.99,3648.78,3560.0,3628.97,658930.828
2024-03-18 08:00:00,3628.96,3629.47,3489.0,3528.17,1220502.73
2024-03-18 16:00:00,3528.17,3568.0,3454.72,3523.43,923185.49
2024-03-19 00:00:00,3523.44,3551.99,3306.45,3361.6,1922460.135
2024-03-19 08:00:00,3361.6,3361.66,3205.03,3304.63,2441930.65
2024-03-19 16:00:00,3304.63,3363.27,3153.0,3161.0,1529934.668
2024-03-20 00:00:00,3160.99,3266.31,3055.0,3219.73,2225446.933
2024-03-20 08:00:00,3219.73,3399.58,3207.02,3295.09,2029277.161
2024-03-20 16:00:00,3295.08,3539.16,3142.0,3517.8,2890452.171
2024-03-21 00:00:00,3517.8,3564.61,3450.0,3518.79,1109425.269
2024-03-21 08:00:00,3518.8,3590.53,3480.05,3500.83,1214724.29
2024-03-21 16:00:00,3500.82,3549.46,3414.06,3495.16,1125199.898
2024-03-22 00:00:00,3495.16,3545.36,3455.17,3514.52,730244.115
2024-03-22 08:00:00,3514.53,3527.19,3282.77,3351.21,1906295.399
2024-03-22 16:00:00,3351.21,3364.56,3250.1,3339.0,1214039.666
2024-03-23 00:00:00,3338.99,3386.81,3271.38,3367.61,707582.232
2024-03-23 08:00:00,3367.61,3425.93,3330.08,3407.57,822304.737
2024-03-23 16:00:00,3407.58,3438.0,3328.0,3330.96,535456.926
2024-03-24 00:00:00,3330.96,3370.91,3301.46,3344.3,468555.674
2024-03-24 08:00:00,3344.3,3417.64,3337.78,3399.94,580536.473
2024-03-24 16:00:00,3399.94,3474.16,3334.31,3457.16,815475.565
2024-03-25 00:00:00,3457.16,3508.8,3422.18,3446.71,550332.296
2024-03-25 08:00:00,3446.72,3591.31,3430.41,3584.48,1042116.278
2024-03-25 16:00:00,3584.48,3665.1,3568.07,3592.94,938442.538
2024-03-26 00:00:00,3592.94,3684.45,3584.0,3637.91,674223.848
2024-03-26 08:00:00,3637.91,3674.0,3545.63,3596.0,1132177.564
2024-03-26 16:00:00,3595.99,3617.3,3545.8,3589.64,627008.694
2024-03-27 00:00:00,3589.65,3631.0,3561.16,3567.55,472560.75
2024-03-27 08:00:00,3567.55,3671.94,3500.45,3517.3,1720710.952
2024-03-27 16:00:00,3517.3,3535.0,3461.18,3504.99,715325.468
2024-03-28 00:00:00,3504.99,3583.0,3466.97,3577.28,678155.229
2024-03-28 08:00:00,3577.32,3615.83,3554.95,3581.6,857451.627
2024-03-28 16:00:00,3581.6,3584.06,3535.22,3563.99,435577.494
2024-03-29 00:00:00,3564.0,3588.93,3515.0,3522.38,517723.141
2024-03-29 08:00:00,3522.38,3567.64,3481.01,3490.25,775368.161
2024-03-29 16:00:00,3490.25,3527.85,3475.0,3512.46,437548.846
2024-03-30 00:00:00,3512.47,3536.91,3488.26,3495.2,406702.847
2024-03-30 08:00:00,3495.2,3569.97,3493.98,3539.97,476353.053
2024-03-30 16:00:00,3539.98,3551.74,3486.51,3508.66,375723.558
2024-03-31 00:00:00,3508.66,3638.85,3507.39,3630.17,627112.896
2024-03-31 08:00:00,3630.18,3645.5,3603.16,3621.04,473392.43
2024-03-31 16:00:00,3621.04,3661.08,3616.42,3648.79,434896.744
2024-04-01 00:00:00,3648.8,3649.67,3500.0,3548.69,945361.21
2024-04-01 08:00:00,3548.69,3574.3,3438.88,3446.04,1100900.945
2024-04-01 16:00:00,3446.03,3518.75,3413.0,3506.52,708238.354
2024-04-02 00:00:00,3506.52,3508.44,3315.45,3364.82,1293169.895
2024-04-02 08:00:00,3364.81,3374.22,3232.67,3241.97,1709525.17
2024-04-02 16:00:00,3241.97,3307.74,3212.0,3280.76,969017.999
2024-04-03 00:00:00,3280.67,3327.75,3203.12,3307.19,875193.113
2024-04-03 08:00:00,3307.2,3366.38,3291.04,3330.77,1064477.636
2024-04-03 16:00:00,3330.78,3370.0,3282.07,3313.29,720513.923
2024-04-04 00:00:00,3313.28,3336.88,3252.59,3324.8,692395.769
2024-04-04 08:00:00,3324.8,3398.0,3320.91,3366.11,645375.047
2024-04-04 16:00:00,3366.11,3446.48,3277.55,3329.65,1108784.216
2024-04-05 00:00:00,3329.65,3337.8,3241.71,3289.18,841557.253
2024-04-05 08:00:00,3289.18,3332.25,3208.0,3328.52,1292410.037
2024-04-05 16:00:00,3328.53,3352.07,3307.73,3319.66,483424.818
2024-04-06 00:00:00,3319.66,3355.44,3308.0,3331.72,347103.034
2024-04-06 08:00:00,3331.73,3363.59,3315.01,3336.7,372121.785
2024-04-06 16:00:00,3336.69,3402.72,3332.56,3353.15,412494.704
2024-04-07 00:00:00,3353.16,3417.11,3345.51,3386.99,431730.042
2024-04-07 08:00:00,3386.98,3422.77,3377.76,3391.37,414801.292
2024-04-07 16:00:00,3391.38,3462.19,3368.14,3455.99,597563.204
2024-04-08 00:00:00,3456.0,3482.8,3407.33,3476.16,513312.645
2024-04-08 08:00:00,3476.17,3675.42,3472.09,3631.65,1623555.068
2024-04-08 16:00:00,3631.64,3735.31,3629.93,3697.6,709066.916
2024-04-09 00:00:00,3697.59,3730.0,3632.4,3644.11,945279.584
2024-04-09 08:00:00,3644.1,3650.0,3480.88,3532.12,1723866.977
2024-04-09 16:00:00,3532.12,3535.34,3452.3,3508.45,778936.276
2024-04-10 00:00:00,3508.46,3556.97,3467.56,3538.91,738798.08
2024-04-10 08:00:00,3538.92,3543.94,3413.2,3481.08,1323012.586
2024-04-10 16:00:00,3481.08,3567.18,3471.0,3547.64,770546.711
2024-04-11 00:00:00,3547.64,3609.0,3525.97,3585.41,513099.61
2024-04-11 08:00:00,3585.42,3621.74,3488.0,3509.94,1203526.448
2024-04-11 16:00:00,3509.94,3534.48,3475.03,3504.43,518358.183
2024-04-12 00:00:00,3504.42,3555.0,3503.14,3518.79,388378.291
2024-04-12 08:00:00,3518.79,3545.0,3440.44,3442.42,903218.52
2024-04-12 16:00:00,3442.42,3456.13,3062.04,3238.3,2605269.02
2024-04-13 00:00:00,3238.31,3273.84,3143.3,3258.55,917997.513
2024-04-13 08:00:00,3258.56,3305.42,3248.46,3273.12,679491.011
2024-04-13 16:00:00,3273.12,3281.0,2791.61,3005.46,3711028.293
2024-04-14 00:00:00,3005.47,3102.84,2903.0,3083.33,1485223.944
2024-04-14 08:00:00,3083.33,3098.95,3005.06,3055.19,1053539.301
2024-04-14 16:00:00,3055.18,3173.32,2976.6,3153.16,1411441.512
2024-04-15 00:00:00,3153.16,3254.29,3097.95,3240.96,1022698.358
2024-04-15 08:00:00,3240.97,3277.74,3101.09,3162.26,1333621.79
2024-04-15 16:00:00,3162.26,3179.0,3022.08,3100.75,1498716.783
2024-04-16 00:00:00,3100.76,3127.41,2976.43,3105.87,1155145.802
2024-04-16 08:00:00,3105.87,3110.38,2999.03,3007.61,1438996.926
2024-04-16 16:00:00,3007.62,3119.3,2991.14,3082.85,857816.769
2024-04-17 00:00:00,3082.84,3123.12,3061.0,3074.66,591481.734
2024-04-17 08:00:00,3074.66,3086.61,2924.0,2945.77,1574925.497
2024-04-17 16:00:00,2945.6,3042.82,2912.45,2983.25,1145322.476
2024-04-18 00:00:00,2983.26,3034.35,2949.54,2973.66,787019.84
2024-04-18 08:00:00,2973.66,3093.59,2952.0,3066.99,1326067.662
2024-04-18 16:00:00,3066.99,3081.95,3016.41,3062.85,562458.118
2024-04-19 00:00:00,3062.85,3128.52,2861.76,3082.6,2189122.567
2024-04-19 08:00:00,3082.57,3123.41,3053.0,3079.32,1034565.858
2024-04-19 16:00:00,3079.31,3107.29,3018.14,3054.91,784114.361
2024-04-20 00:00:00,3054.91,3070.45,3016.4,3059.77,453879.993
2024-04-20 08:00:00,3059.79,3113.88,3027.88,3108.48,483614.699
2024-04-20 16:00:00,3108.48,3173.83,3086.14,3154.31,687574.011
2024-04-21 00:00:00,3154.3,3196.41,3124.78,3177.92,587925.12
2024-04-21 08:00:00,3177.92,3185.81,3134.79,3158.23,481664.892
2024-04-21 16:00:00,3158.22,3168.49,3114.15,3145.73,505575.827
2024-04-22 00:00:00,3145.74,3235.0,3127.14,3202.57,851202.785
2024-04-22 08:00:00,3202.56,3222.96,3164.16,3182.04,667545.839
2024-04-22 16:00:00,3182.04,3223.0,3167.17,3198.66,528692.238
2024-04-23 00:00:00,3198.66,3221.85,3150.31,3158.93,458145.01
2024-04-23 08:00:00,3158.93,3266.91,3151.02,3224.48,801931.085
2024-04-23 16:00:00,3224.48,3245.86,3184.4,3218.04,403030.283
2024-04-24 00:00:00,3218.03,3274.0,3208.55,3248.4,485187.423
2024-04-24 08:00:00,3248.4,3293.38,3165.0,3174.6,1113925.843
2024-04-24 16:00:00,3174.59,3192.27,3102.5,3138.84,883714.013
2024-04-25 00:00:00,3138.84,3169.98,3124.26,3134.99,538228.394
2024-04-25 08:00:00,3134.99,3168.0,3070.16,3158.83,1301475.358
2024-04-25 16:00:00,3158.84,3189.97,3144.11,3154.44,608372.166
2024-04-26 00:00:00,3154.44,3163.3,3122.68,3133.48,490031.662
2024-04-26 08:00:00,3133.48,3167.2,3100.38,3116.44,883335.874
2024-04-26 16:00:00,3116.45,3154.45,3103.52,3129.98,390948.58
2024-04-27 00:00:00,3129.98,3137.64,3062.8,3119.12,676364.876
2024-04-27 08:00:00,3119.15,3165.44,3106.12,3143.3,516406.659
2024-04-27 16:00:00,3143.29,3283.54,3141.01,3253.97,1007041.952
2024-04-28 00:00:00,3253.97,3340.86,3248.8,3316.27,683706.22
2024-04-28 08:00:00,3316.26,3327.78,3272.56,3319.24,672490.804
2024-04-28 16:00:00,3319.23,3365.69,3251.0,3262.28,643684.24
2024-04-29 00:00:00,3262.29,3286.29,3150.0,3186.93,1194022.226
2024-04-29 08:00:00,3186.93,3194.56,3113.02,3181.07,1137031.497
2024-04-29 16:00:00,3181.06,3234.52,3153.32,3215.27,629081.626
2024-04-30 00:00:00,3215.28,3250.0,3148.0,3155.66,800670.772
2024-04-30 08:00:00,3155.66,3160.69,2963.33,2992.67,2109652.129
2024-04-30 16:00:00,2992.66,3027.91,2918.33,3012.58,1368165.535
2024-05-01 00:00:00,3012.57,3021.94,2851.0,2868.49,1282352.257
2024-05-01 08:00:00,2868.48,2932.7,2814.44,2884.31,1498832.869
2024-05-01 16:00:00,2884.32,3014.94,2866.78,2970.61,1496202.181
2024-05-02 00:00:00,2970.61,2980.67,2890.0,2919.88,667542.276
2024-05-02 08:00:00,2919.89,3012.0,2915.09,2988.65,1079673.385
2024-05-02 16:00:00,2988.66,3016.38,2967.54,2984.8,545797.116
2024-05-03 00:00:00,2984.8,3035.0,2957.2,2967.83,554842.174
2024-05-03 08:00:00,2967.83,3085.57,2956.86,3074.12,1179939.513
2024-05-03 16:00:00,3074.12,3126.44,3060.89,3100.83,620780.145
2024-05-04 00:00:00,3100.83,3129.0,3090.75,3094.79,381003.395
2024-05-04 08:00:00,3094.8,3167.45,3094.37,3125.23,655962.254
2024-05-04 16:00:00,3125.24,3146.13,3102.66,3115.46,334688.321
2024-05-05 00:00:00,3115.46,3125.68,3071.1,3103.98,492703.703
2024-05-05 08:00:00,3103.97,3171.15,3101.99,3159.07,727749.777
2024-05-05 16:00:00,3159.08,3164.85,3120.2,3135.24,349825.037
2024-05-06 00:00:00,3135.24,3191.55,3123.0,3179.1,559712.33
2024-05-06 08:00:00,3179.1,3221.95,3054.67,3088.29,1528124.242
2024-05-06 16:00:00,3088.29,3096.26,3043.92,3061.5,550870.452
2024-05-07 00:00:00,3061.5,3096.13,3018.0,3076.19,654585.975
2024-05-07 08:00:00,3076.2,3128.59,3044.03,3070.2,940560.658
2024-05-07 16:00:00,3070.21,3078.43,2996.53,3004.55,606390.073
2024-05-08 00:00:00,3004.55,3037.52,2987.24,2994.23,570965.708
2024-05-08 08:00:00,2994.22,3031.98,2976.14,3006.0,903666.112
2024-05-08 16:00:00,3005.99,3024.32,2930.64,2972.93,720977.779
2024-05-09 00:00:00,2972.94,3014.94,2971.03,2982.37,398499.631
2024-05-09 08:00:00,2982.37,3019.88,2949.0,3004.82,755223.418
2024-05-09 16:00:00,3004.83,3058.23,2988.0,3034.75,555792.925
2024-05-10 00:00:00,3034.75,3053.52,3015.56,3040.39,344670.235
2024-05-10 08:00:00,3040.4,3044.0,2905.0,2917.03,1127398.607
2024-05-10 16:00:00,2917.02,2933.7,2877.0,2908.85,792098.593
2024-05-11 00:00:00,2908.85,2935.0,2903.03,2920.9,292794.497
2024-05-11 08:00:00,2920.89,2946.6,2884.6,2924.5,524697.775
2024-05-11 16:00:00,2924.5,2940.0,2905.16,2911.27,297739.633
2024-05-12 00:00:00,2911.27,2931.94,2898.97,2906.54,260936.974
2024-05-12 08:00:00,2906.53,2943.38,2901.0,2936.82,410660.492
2024-05-12 16:00:00,2936.82,2954.94,2911.13,2927.73,331843.915
2024-05-13 00:00:00,2927.73,2958.21,2863.8,2953.09,1099433.952
2024-05-13 08:00:00,2953.08,2996.44,2946.66,2960.2,941512.503
2024-05-13 16:00:00,2960.21,2977.09,2925.06,2949.71,448558.273
2024-05-14 00:00:00,2949.72,2959.79,2880.0,2918.75,683393.989
2024-05-14 08:00:00,2918.75,2925.0,2868.14,2897.53,962439.048
2024-05-14 16:00:00,2897.53,2902.24,2858.14,2880.87,441174.306
2024-05-15 00:00:00,2880.87,2920.0,2861.71,2914.55,451463.193
2024-05-15 08:00:00,2914.56,2992.0,2885.25,2975.54,1402641.684
2024-05-15 16:00:00,2975.54,3039.52,2968.4,3030.66,684836.497
2024-05-16 00:00:00,3030.67,3039.95,2989.32,3015.06,530962.014
2024-05-16 08:00:00,3015.07,3026.94,2929.14,2955.53,979573.37
2024-05-16 16:00:00,2955.53,2959.68,2920.93,2943.22,521019.552
2024-05-17 00:00:00,2943.22,3032.71,2931.36,3023.58,684950.73
2024-05-17 08:00:00,3023.59,3116.9,3016.15,3109.85,1399896.204
2024-05-17 16:00:00,3109.85,3119.0,3066.0,3090.48,489025.304
2024-05-18 00:00:00,3090.47,3125.7,3081.59,3100.26,458950.0
2024-05-18 08:00:00,3100.25,3146.36,3093.62,3109.26,660958.885
2024-05-18 16:00:00,3109.26,3125.96,3103.99,3121.59,215600.702
2024-05-19 00:00:00,3121.6,3135.58,3101.99,3114.17,283891.484
2024-05-19 08:00:00,3114.16,3124.2,3061.0,3076.14,643868.229
2024-05-19 16:00:00,3076.14,3083.36,3051.3,3069.98,420926.003
2024-05-20 00:00:00,3069.98,3138.14,3045.06,3090.39,840646.023
2024-05-20 08:00:00,3090.39,3120.0,3075.0,3116.95,588150.684
2024-05-20 16:00:00,3116.96,3698.86,3109.08,3664.39,3965576.26
2024-05-21 00:00:00,3664.39,3725.69,3628.0,3663.29,1407114.484
2024-05-21 08:00:00,3663.29,3842.17,3651.59,3779.08,2594671.471
2024-05-21 16:00:00,3779.09,3849.26,3677.4,3792.32,1627356.345
2024-05-22 00:00:00,3792.33,3816.84,3722.58,3749.24,793481.22
2024-05-22 08:00:00,3749.24,3782.34,3655.0,3763.31,1748475.241
2024-05-22 16:00:00,3763.32,3799.92,3701.98,3740.25,1084886.91
2024-05-23 00:00:00,3740.25,3838.0,3738.2,3815.79,821311.867
2024-05-23 08:00:00,3815.79,3952.89,3732.0,3815.09,3031738.668
2024-05-23 16:00:00,3815.08,3908.0,3524.55,3784.8,3782123.776
2024-05-24 00:00:00,3784.79,3832.0,3651.73,3681.26,1212391.21
2024-05-24 08:00:00,3681.26,3734.9,3627.0,3695.69,1225568.297
2024-05-24 16:00:00,3695.7,3761.94,3655.34,3729.61,777854.722
2024-05-25 00:00:00,3729.61,3782.82,3710.14,3747.9,437096.956
2024-05-25 08:00:00,3747.91,3776.91,3721.0,3746.01,492716.103
2024-05-25 16:00:00,3746.01,3768.4,3730.0,3751.15,217421.203
2024-05-26 00:00:00,3751.16,3797.94,3732.06,3787.58,421384.804
2024-05-26 08:00:00,3787.58,3878.69,3778.63,3834.53,930457.849
2024-05-26 16:00:00,3834.54,3887.26,3820.0,3827.53,551544.877
2024-05-27 00:00:00,3827.54,3946.05,3824.7,3915.43,840085.399
2024-05-27 08:00:00,3915.43,3980.0,3886.0,3966.13,1111201.861
2024-05-27 16:00:00,3966.12,3977.08,3856.0,3896.09,813842.023
2024-05-28 00:00:00,3896.09,3914.41,3823.0,3850.52,783497.624
2024-05-28 08:00:00,3850.52,3934.42,3833.33,3863.32,1157176.189
2024-05-28 16:00:00,3863.33,3875.0,3775.42,3847.0,802795.192
2024-05-29 00:00:00,3847.01,3891.79,3822.6,3824.72,631869.233
2024-05-29 08:00:00,3824.71,3842.29,3753.1,3763.04,1084635.858
2024-05-29 16:00:00,3763.03,3796.66,3746.41,3770.0,605559.126
2024-05-30 00:00:00,3770.01,3805.0,3713.13,3722.15,711027.441
2024-05-30 08:00:00,3722.16,3800.96,3704.7,3778.4,945884.044
2024-05-30 16:00:00,3778.4,3828.74,3720.72,3750.39,680661.922
2024-05-31 00:00:00,3750.38,3773.29,3726.93,3731.89,377107.753
2024-05-31 08:00:00,3731.88,3859.53,3729.5,3747.25,1219601.128
2024-05-31 16:00:00,3747.25,3804.34,3725.16,3764.35,648793.37
2024-06-01 00:00:00,3764.35,3796.86,3754.36,3775.61,332478.865
2024-06-01 08:00:00,3775.61,3817.0,3775.1,3801.38,400267.027
2024-06-01 16:00:00,3801.39,3837.2,3792.13,3817.49,258225.106
2024-06-02 00:00:00,3817.49,3841.7,3793.61,3795.13,466203.627
2024-06-02 08:00:00,3795.13,3812.29,3772.35,3801.48,544436.556
2024-06-02 16:00:00,3801.53,3806.16,3753.8,3783.98,389357.421
2024-06-03 00:00:00,3783.98,3847.42,3763.0,3819.99,577705.563
2024-06-03 08:00:00,3820.0,3854.0,3760.0,3798.22,909586.782
2024-06-03 16:00:00,3798.22,3800.0,3760.44,3769.15,429487.78
2024-06-04 00:00:00,3769.14,3787.78,3720.0,3777.0,466096.7
2024-06-04 08:00:00,3777.0,3821.91,3743.15,3813.1,762099.864
2024-06-04 16:00:00,3813.11,3835.11,3777.77,3813.12,529313.758
2024-06-05 00:00:00,3813.11,3845.0,3778.91,3811.35,603577.359
2024-06-05 08:00:00,3811.36,3827.47,3783.21,3816.63,567258.645
2024-06-05 16:00:00,3816.62,3892.06,3798.21,3868.61,768324.258
2024-06-06 00:00:00,3868.6,3881.99,3843.0,3854.43,336586.915
2024-06-06 08:00:00,3854.43,3869.86,3817.72,3847.1,511487.221
2024-06-06 16:00:00,3847.1,3857.0,3760.0,3815.76,702687.357
2024-06-07 00:00:00,3815.77,3828.32,3793.1,3819.25,270787.295
2024-06-07 08:00:00,3819.25,3844.32,3774.3,3802.96,860587.437
2024-06-07 16:00:00,3802.96,3810.88,3555.02,3679.82,1486224.053
2024-06-08 00:00:00,3679.82,3711.28,3675.0,3710.26,237239.096
2024-06-08 08:00:00,3710.26,3710.67,3659.0,3689.33,361691.087
2024-06-08 16:00:00,3689.33,3696.3,3671.0,3682.11,194631.772
2024-06-09 00:00:00,3682.12,3693.01,3666.71,3687.26,207631.606
2024-06-09 08:00:00,3687.3,3714.93,3682.05,3691.63,284464.563
2024-06-09 16:00:00,3691.62,3724.73,3690.41,3707.67,223104.017
2024-06-10 00:00:00,3707.67,3708.08,3642.6,3649.16,322306.946
2024-06-10 08:00:00,3649.16,3715.49,3648.0,3703.59,468152.368
2024-06-10 16:00:00,3703.59,3707.0,3651.35,3669.66,358577.35
2024-06-11 00:00:00,3669.65,3675.0,3501.12,3535.24,1298224.05
2024-06-11 08:00:00,3535.34,3550.37,3427.09,3448.47,1284567.931
2024-06-11 16:00:00,3448.47,3510.0,3432.3,3498.16,579263.208
2024-06-12 00:00:00,3498.17,3533.95,3462.09,3526.99,475536.259
2024-06-12 08:00:00,3527.0,3657.77,3516.7,3617.62,1318930.84
2024-06-12 16:00:00,3617.61,3626.16,3512.07,3560.45,1067039.283
2024-06-13 00:00:00,3560.44,3562.33,3476.26,3507.48,581750.99
2024-06-13 08:00:00,3507.48,3540.7,3433.34,3442.08,1200523.127
2024-06-13 16:00:00,3442.08,3492.48,3426.01,3469.18,475167.256
2024-06-14 00:00:00,3469.18,3533.82,3457.29,3515.83,467794.312
2024-06-14 08:00:00,3515.84,3530.54,3461.01,3461.79,593938.692
2024-06-14 16:00:00,3461.79,3529.0,3361.05,3480.51,1461301.38
2024-06-15 00:00:00,3480.5,3557.54,3472.34,3528.92,602824.487
2024-06-15 08:00:00,3528.91,3594.99,3518.0,3565.31,612226.447
2024-06-15 16:00:00,3565.31,3574.98,3534.58,3567.87,361479.145
2024-06-16 00:00:00,3567.88,3573.68,3540.0,3561.37,258614.236
2024-06-16 08:00:00,3561.37,3611.1,3545.73,3591.07,573201.859
2024-06-16 16:00:00,3591.06,3653.73,3585.84,3622.96,503843.162
2024-06-17 00:00:00,3622.96,3637.47,3536.4,3551.56,825372.787
2024-06-17 08:00:00,3551.57,3560.31,3480.55,3495.81,1146401.438
2024-06-17 16:00:00,3495.81,3576.54,3464.0,3509.56,962727.7
2024-06-18 00:00:00,3509.56,3515.87,3341.85,3442.5,1314777.963
2024-06-18 08:00:00,3442.5,3450.63,3367.73,3422.77,1182649.528
2024-06-18 16:00:00,3422.76,3488.8,3385.38,3482.34,815514.777
2024-06-19 00:00:00,3482.33,3585.0,3463.91,3543.07,1017315.294
2024-06-19 08:00:00,3543.07,3563.4,3510.03,3527.79,714072.189
2024-06-19 16:00:00,3527.79,3587.63,3521.09,3558.85,612828.945
2024-06-20 00:00:00,3558.84,3614.68,3531.44,3606.02,706309.146
2024-06-20 08:00:00,3606.02,3625.0,3489.46,3504.37,1285299.799
2024-06-20 16:00:00,3504.37,3541.63,3483.63,3511.26,512561.987
2024-06-21 00:00:00,3511.27,3534.89,3466.31,3473.55,545068.751
2024-06-21 08:00:00,3473.54,3531.5,3443.8,3491.55,1394693.269
2024-06-21 16:00:00,3491.54,3546.66,3469.35,3517.18,565100.779
2024-06-22 00:00:00,3517.18,3520.0,3486.77,3492.53,291112.288
2024-06-22 08:00:00,3492.53,3509.54,3472.57,3504.6,354429.73
2024-06-22 16:00:00,3504.59,3507.43,3483.0,3494.26,198540.784
2024-06-23 00:00:00,3494.25,3519.7,3493.33,3510.79,209557.419
2024-06-23 08:00:00,3510.8,3511.71,3470.07,3473.0,577518.583
2024-06-23 16:00:00,3472.99,3481.2,3397.87,3419.38,621072.714
2024-06-24 00:00:00,3419.38,3434.75,3352.47,3367.68,936906.714
2024-06-24 08:00:00,3367.68,3393.38,3213.0,3278.8,1725005.187
2024-06-24 16:00:00,3278.8,3363.11,3241.0,3352.0,1519421.674
2024-06-25 00:00:00,3351.99,3393.98,3335.58,3360.49,647931.538
2024-06-25 08:00:00,3360.49,3423.5,3345.0,3417.63,750878.317
2024-06-25 16:00:00,3417.63,3431.27,3380.2,3393.06,574649.938
2024-06-26 00:00:00,3393.07,3425.0,3375.0,3400.37,446081.886
2024-06-26 08:00:00,3400.37,3401.94,3345.26,3360.75,586404.336
2024-06-26 16:00:00,3360.76,3416.95,3325.54,3370.76,762326.748
2024-06-27 00:00:00,3370.78,3392.0,3360.22,3374.47,404292.769
2024-06-27 08:00:00,3374.47,3476.6,3367.68,3451.77,1017670.459
2024-06-27 16:00:00,3451.77,3467.46,3438.46,3450.34,302711.46
2024-06-28 00:00:00,3450.34,3487.98,3424.82,3431.27,592160.154
2024-06-28 08:00:00,3431.27,3475.0,3400.07,3411.79,885697.48
2024-06-28 16:00:00,3411.8,3415.65,3362.0,3379.51,604893.823
2024-06-29 00:00:00,3379.5,3407.0,3378.87,3398.18,316248.33
2024-06-29 08:00:00,3398.18,3405.0,3381.21,3393.46,252857.229
2024-06-29 16:00:00,3393.46,3395.57,3369.07,3377.62,166778.228
2024-06-30 00:00:00,3377.63,3399.39,3348.5,3393.06,419548.292
2024-06-30 08:00:00,3393.07,3404.24,3377.9,3398.87,307771.24
2024-06-30 16:00:00,3398.87,3459.77,3390.55,3436.73,447424.835
2024-07-01 00:00:00,3436.72,3524.16,3430.93,3489.25,690883.532
2024-07-01 08:00:00,3489.25,3494.18,3451.34,3473.86,553590.718
2024-07-01 16:00:00,3473.87,3498.91,3420.0,3440.46,480422.07
2024-07-02 00:00:00,3440.47,3463.84,3432.66,3438.35,306778.448
2024-07-02 08:00:00,3438.35,3463.07,3399.22,3414.68,649496.733
2024-07-02 16:00:00,3414.68,3433.32,3407.4,3420.43,258118.133
2024-07-03 00:00:00,3420.43,3431.36,3328.01,3351.11,740102.573
2024-07-03 08:00:00,3351.1,3356.09,3272.92,3302.59,1112271.602
2024-07-03 16:00:00,3302.59,3321.31,3250.1,3294.75,667978.56
2024-07-04 00:00:00,3294.75,3312.59,3152.54,3181.17,1333689.16
2024-07-04 08:00:00,3181.17,3195.38,3088.05,3137.87,1723517.34
2024-07-04 16:00:00,3137.86,3168.98,3049.39,3059.31,804838.422
2024-07-05 00:00:00,3059.3,3108.28,2800.0,2880.99,3299352.612
2024-07-05 08:00:00,2880.98,3007.86,2821.84,2989.98,1821507.926
2024-07-05 16:00:00,2989.97,3000.5,2956.52,2980.43,632209.656
2024-07-06 00:00:00,2980.37,3026.4,2953.45,3002.82,621147.268
2024-07-06 08:00:00,3002.81,3029.4,2983.73,3018.44,495279.905
2024-07-06 16:00:00,3018.44,3080.0,3015.0,3065.5,479391.651
2024-07-07 00:00:00,3065.49,3072.0,2991.52,3002.98,550403.33
2024-07-07 08:00:00,3002.98,3031.83,2954.08,2969.61,627042.655
2024-07-07 16:00:00,2969.6,3008.84,2922.0,2930.24,623024.623
2024-07-08 00:00:00,2930.23,2951.07,2821.26,2925.86,1447816.866
2024-07-08 08:00:00,2925.85,3098.0,2886.62,2968.22,2449706.525
2024-07-08 16:00:00,2968.22,3044.77,2943.45,3017.51,696296.753
2024-07-09 00:00:00,3017.51,3088.96,3002.56,3061.01,786160.351
2024-07-09 08:00:00,3061.0,3115.8,3034.58,3065.75,966431.244
2024-07-09 16:00:00,3065.75,3087.9,3045.11,3065.06,467667.45
2024-07-10 00:00:00,3065.05,3129.0,3022.57,3095.63,777019.273
2024-07-10 08:00:00,3095.63,3128.75,3075.84,3120.76,817943.537
2024-07-10 16:00:00,3120.75,3150.0,3078.0,3099.12,562410.464
2024-07-11 00:00:00,3099.12,3129.15,3052.75,3117.0,573624.093
2024-07-11 08:00:00,3117.0,3216.6,3103.0,3116.66,1468691.526
2024-07-11 16:00:00,3116.66,3146.7,3084.06,3098.25,559023.776
2024-07-12 00:00:00,3098.24,3116.92,3053.84,3070.64,609368.417
2024-07-12 08:00:00,3070.65,3139.18,3044.51,3130.18,801223.205
2024-07-12 16:00:00,3130.03,3156.6,3088.19,3133.24,522080.686
2024-07-13 00:00:00,3133.24,3141.87,3112.12,3139.08,255124.505
2024-07-13 08:00:00,3139.08,3170.99,3127.5,3153.92,402507.745
2024-07-13 16:00:00,3153.92,3200.72,3142.81,3174.01,391853.187
2024-07-14 00:00:00,3174.0,3206.09,3162.06,3194.34,434959.201
2024-07-14 08:00:00,3194.33,3224.0,3171.47,3188.56,472641.934
2024-07-14 16:00:00,3188.56,3268.66,3181.61,3243.56,459113.682
2024-07-15 00:00:00,3243.52,3368.64,3231.03,3354.39,976226.849
2024-07-15 08:00:00,3354.39,3392.96,3325.69,3365.72,660858.799
2024-07-15 16:00:00,3365.71,3493.94,3356.29,3481.62,1086527.322
2024-07-16 00:00:00,3481.62,3497.74,3371.0,3375.67,948319.404
2024-07-16 08:00:00,3375.67,3484.23,3345.0,3474.54,1168885.891
2024-07-16 16:00:00,3474.53,3493.0,3412.85,3442.83,728558.621
2024-07-17 00:00:00,3442.84,3517.14,3440.36,3484.53,798210.538
2024-07-17 08:00:00,3484.52,3499.82,3431.0,3436.17,790066.512
2024-07-17 16:00:00,3436.17,3437.9,3374.53,3386.0,682897.966
2024-07-18 00:00:00,3386.01,3452.5,3381.83,3431.9,576250.85
2024-07-18 08:00:00,3431.9,3487.99,3382.9,3387.26,820828.442
2024-07-18 16:00:00,3387.25,3435.9,3364.62,3424.99,516081.939
2024-07-19 00:00:00,3424.99,3449.47,3381.61,3390.59,637683.136
2024-07-19 08:00:00,3390.59,3473.98,3375.25,3463.59,953598.072
2024-07-19 16:00:00,3463.44,3539.38,3463.0,3502.18,798022.225
2024-07-20 00:00:00,3502.18,3507.0,3478.01,3485.99,284387.434
2024-07-20 08:00:00,3485.99,3507.07,3478.84,3501.82,313369.935
2024-07-20 16:00:00,3501.83,3538.38,3489.01,3516.03,450401.623
2024-07-21 00:00:00,3516.03,3527.9,3472.54,3482.87,297769.461
2024-07-21 08:00:00,3482.87,3515.75,3481.0,3498.64,343744.413
2024-07-21 16:00:00,3498.63,3547.84,3408.13,3534.29,1116596.06
2024-07-22 00:00:00,3534.3,3562.33,3457.26,3477.02,596215.421
2024-07-22 08:00:00,3477.01,3505.88,3433.33,3455.7,671207.699
2024-07-22 16:00:00,3455.7,3498.37,3421.0,3438.08,678617.266
2024-07-23 00:00:00,3438.09,3489.86,3423.36,3453.3,729502.838
2024-07-23 08:00:00,3453.3,3540.94,3427.75,3452.96,1974097.588
2024-07-23 16:00:00,3452.96,3500.0,3384.61,3481.01,1282161.441
2024-07-24 00:00:00,3481.01,3486.73,3425.76,3445.74,467791.788
2024-07-24 08:00:00,3445.74,3471.32,3407.03,3413.5,733856.398
2024-07-24 16:00:00,3413.5,3431.66,3285.69,3334.24,1094652.155
2024-07-25 00:00:00,3334.23,3342.02,3125.37,3170.22,1842404.03
2024-07-25 08:00:00,3170.22,3186.58,3103.5,3140.81,1280996.514
2024-07-25 16:00:00,3140.81,3198.0,3085.57,3173.67,1080882.309
2024-07-26 00:00:00,3173.67,3274.95,3169.14,3249.62,954710.524
2024-07-26 08:00:00,3249.62,3269.98,3218.0,3253.84,863701.115
2024-07-26 16:00:00,3253.83,3284.93,3241.16,3272.82,438982.148
2024-07-27 00:00:00,3272.81,3276.41,3241.52,3270.41,336885.154
2024-07-27 08:00:00,3270.41,3326.9,3261.0,3279.79,684707.408
2024-07-27 16:00:00,3279.79,3293.95,3188.89,3248.17,1159918.098
2024-07-28 00:00:00,3248.16,3255.41,3195.84,3226.29,434935.37
2024-07-28 08:00:00,3226.64,3278.52,3214.36,3267.56,427660.468
2024-07-28 16:00:00,3267.56,3284.57,3250.0,3268.03,251846.631
2024-07-29 00:00:00,3268.03,3388.0,3265.18,3366.01,906579.781
2024-07-29 08:00:00,3366.0,3396.07,3288.4,3306.88,1037345.08
2024-07-29 16:00:00,3306.88,3351.71,3256.56,3316.87,953348.464
2024-07-30 00:00:00,3316.86,3354.05,3280.17,3339.51,647110.075
2024-07-30 08:00:00,3339.5,3365.0,3290.01,3319.26,704154.207
2024-07-30 16:00:00,3319.25,3326.67,3230.1,3278.17,649566.193
2024-07-31 00:00:00,3278.17,3331.42,3260.22,3316.25,545040.734
2024-07-31 08:00:00,3316.25,3348.74,3294.5,3301.2,624820.91
2024-07-31 16:00:00,3301.2,3329.37,3212.32,3231.48,1003723.439
2024-08-01 00:00:00,3231.49,3241.83,3134.03,3165.35,927266.148
2024-08-01 08:00:00,3165.35,3206.35,3100.84,3115.67,878767.919
2024-08-01 16:00:00,3115.68,3219.2,3078.4,3201.67,1034052.781
2024-08-02 00:00:00,3201.66,3217.06,3125.0,3146.02,678277.679
2024-08-02 08:00:00,3146.03,3181.99,2983.57,3037.51,1647813.603
2024-08-02 16:00:00,3037.5,3047.25,2965.27,2988.11,1083206.102
2024-08-03 00:00:00,2988.1,3002.49,2912.5,2982.42,735336.055
2024-08-03 08:00:00,2982.42,3016.61,2937.06,2940.49,548792.835
2024-08-03 16:00:00,2940.52,2954.45,2855.0,2901.94,1337763.689
2024-08-04 00:00:00,2901.95,2934.66,2875.01,2891.55,418349.707
2024-08-04 08:00:00,2891.53,2924.8,2818.0,2826.06,886382.698
2024-08-04 16:00:00,2826.08,2837.96,2613.3,2687.6,2404561.39
2024-08-05 00:00:00,2687.6,2695.93,2112.0,2356.42,7377217.866
2024-08-05 08:00:00,2356.42,2460.0,2181.61,2448.97,4273934.517
2024-08-05 16:00:00,2448.96,2518.27,2363.0,2418.6,1906571.714
2024-08-06 00:00:00,2418.6,2545.91,2414.63,2522.19,1322348.502
2024-08-06 08:00:00,2522.18,2558.24,2412.35,2526.09,1831210.882
2024-08-06 16:00:00,2526.1,2549.08,2445.0,2459.87,1203127.541
2024-08-07 00:00:00,2459.86,2533.56,2423.5,2509.78,1316988.902
2024-08-07 08:00:00,2509.78,2549.85,2363.24,2411.71,2150492.922
2024-08-07 16:00:00,2411.71,2414.79,2307.0,2341.41,1439307.221
2024-08-08 00:00:00,2341.4,2464.28,2318.64,2413.04,1194721.64
2024-08-08 08:00:00,2413.07,2526.0,2407.08,2505.83,1834928.234
2024-08-08 16:00:00,2505.87,2723.77,2501.99,2681.59,1791320.476
2024-08-09 00:00:00,2681.59,2708.8,2644.44,2668.97,969485.51
2024-08-09 08:00:00,2668.98,2681.08,2555.25,2557.33,1530011.143
2024-08-09 16:00:00,2557.33,2612.55,2551.23,2597.9,652184.501
2024-08-10 00:00:00,2597.89,2644.43,2574.54,2633.06,562532.986
2024-08-10 08:00:00,2633.06,2642.02,2595.08,2598.45,429371.987
2024-08-10 16:00:00,2598.48,2622.28,2587.85,2608.76,319574.431
2024-08-11 00:00:00,2608.77,2682.0,2604.5,2676.16,516716.573
2024-08-11 08:00:00,2676.2,2720.78,2592.5,2612.63,1093008.281
2024-08-11 16:00:00,2612.63,2645.0,2537.76,2554.65,1019764.376
2024-08-12 00:00:00,2554.66,2581.93,2506.13,2565.84,853943.07
2024-08-12 08:00:00,2565.83,2721.96,2556.62,2687.76,2303855.45
2024-08-12 16:00:00,2687.76,2749.97,2626.26,2721.15,969198.7
2024-08-13 00:00:00,2721.15,2737.38,2633.51,2647.14,928726.807
2024-08-13 08:00:00,2647.14,2673.7,2610.04,2650.75,1002458.719
2024-08-13 16:00:00,2650.75,2733.32,2648.39,2701.01,1085264.076
2024-08-14 00:00:00,2701.01,2749.0,2684.14,2726.46,614020.049
2024-08-14 08:00:00,2726.46,2788.88,2631.0,2672.73,1879711.308
2024-08-14 16:00:00,2672.72,2678.79,2639.69,2659.82,602797.336
2024-08-15 00:00:00,2659.82,2672.26,2586.5,2613.82,816403.101
2024-08-15 08:00:00,2613.83,2674.17,2604.29,2667.05,950663.623
2024-08-15 16:00:00,2666.94,2673.69,2513.65,2568.73,1452201.016
2024-08-16 00:00:00,2568.73,2627.65,2551.0,2616.0,649402.919
2024-08-16 08:00:00,2616.01,2625.49,2549.15,2567.5,1186357.114
2024-08-16 16:00:00,2567.5,2630.73,2562.54,2591.52,830735.823
2024-08-17 00:00:00,2591.53,2606.81,2585.81,2598.88,239671.532
2024-08-17 08:00:00,2598.89,2618.29,2591.2,2605.56,306898.542
2024-08-17 16:00:00,2605.55,2628.0,2598.54,2613.18,274038.494
2024-08-18 00:00:00,2613.18,2638.36,2593.0,2606.75,405013.401
2024-08-18 08:00:00,2606.74,2688.25,2604.17,2671.0,752635.371
2024-08-18 16:00:00,2671.0,2677.33,2608.05,2610.67,458127.117
2024-08-19 00:00:00,2610.67,2647.29,2601.8,2612.59,607019.973
2024-08-19 08:00:00,2612.59,2620.85,2560.9,2583.05,901140.418
2024-08-19 16:00:00,2583.05,2639.98,2572.22,2635.15,614087.894
2024-08-20 00:00:00,2635.16,2694.96,2617.05,2673.67,775301.494
2024-08-20 08:00:00,2673.67,2674.75,2552.5,2573.34,1149209.687
2024-08-20 16:00:00,2573.35,2608.78,2562.04,2571.51,579998.232
2024-08-21 00:00:00,2571.51,2605.59,2554.33,2599.22,375348.316
2024-08-21 08:00:00,2599.22,2616.88,2533.51,2600.44,1208337.529
2024-08-21 16:00:00,2600.45,2663.55,2591.01,2629.38,830705.73
2024-08-22 00:00:00,2629.37,2641.95,2582.27,2635.0,513833.998
2024-08-22 08:00:00,2634.99,2644.0,2588.39,2598.3,710478.514
2024-08-22 16:00:00,2598.29,2631.27,2596.06,2622.0,407323.127
2024-08-23 00:00:00,2622.0,2688.86,2619.86,2668.07,664575.479
2024-08-23 08:00:00,2668.07,2698.69,2631.01,2669.45,1265571.059
2024-08-23 16:00:00,2669.46,2798.88,2661.62,2761.58,1358727.065
2024-08-24 00:00:00,2761.58,2768.44,2736.92,2757.23,386969.993
2024-08-24 08:00:00,2757.23,2785.78,2750.0,2759.79,561722.674
2024-08-24 16:00:00,2759.79,2819.35,2729.15,2766.4,1175656.65
2024-08-25 00:00:00,2766.4,2782.62,2731.63,2742.05,466714.931
2024-08-25 08:00:00,2742.05,2772.0,2735.9,2762.79,368196.823
2024-08-25 16:00:00,2762.78,2791.66,2738.0,2744.47,393144.144
2024-08-26 00:00:00,2744.48,2760.97,2715.07,2731.92,493069.897
2024-08-26 08:00:00,2731.92,2747.96,2700.62,2720.53,737325.514
2024-08-26 16:00:00,2720.52,2731.35,2665.0,2679.25,677316.662
2024-08-27 00:00:00,2679.26,2699.11,2665.16,2686.91,511234.227
2024-08-27 08:00:00,2686.91,2691.0,2556.0,2577.64,1451752.966
2024-08-27 16:00:00,2577.63,2590.96,2388.0,2455.98,1873586.236
2024-08-28 00:00:00,2455.98,2484.59,2416.56,2435.92,980045.731
2024-08-28 08:00:00,2435.92,2549.3,2427.65,2494.7,1450332.336
2024-08-28 16:00:00,2494.71,2554.19,2455.04,2527.31,1244330.369
2024-08-29 00:00:00,2527.32,2559.14,2509.12,2546.05,509638.171
2024-08-29 08:00:00,2546.05,2594.0,2536.16,2574.51,852199.951
2024-08-29 16:00:00,2574.51,2584.68,2504.11,2526.28,794910.606
2024-08-30 00:00:00,2526.28,2534.28,2502.84,2515.91,498149.372
2024-08-30 08:00:00,2515.91,2552.32,2433.75,2448.04,1265505.247
2024-08-30 16:00:00,2448.03,2540.0,2431.0,2524.99,941741.512
2024-08-31 00:00:00,2524.99,2533.29,2517.0,2519.78,189334.98
2024-08-31 08:00:00,2519.79,2528.76,2510.16,2518.02,261002.713
2024-08-31 16:00:00,2518.02,2527.5,2490.62,2511.91,335495.108
2024-09-01 00:00:00,2511.91,2514.97,2457.5,2485.62,546595.182
2024-09-01 08:00:00,2485.63,2491.96,2436.54,2479.49,744814.675
2024-09-01 16:00:00,2479.49,2514.77,2397.23,2424.55,1004390.501
2024-09-02 00:00:00,2424.55,2465.96,2421.8,2439.94,665612.144
2024-09-02 08:00:00,2439.94,2537.57,2437.26,2512.29,1143657.053
2024-09-02 16:00:00,2512.29,2564.49,2504.22,2536.74,480729.922
2024-09-03 00:00:00,2536.76,2552.55,2511.25,2518.89,442458.714
2024-09-03 08:00:00,2518.89,2519.64,2434.5,2442.93,977064.102
2024-09-03 16:00:00,2442.92,2470.4,2405.14,2424.05,632512.917
2024-09-04 00:00:00,2424.05,2448.0,2304.87,2400.1,1611618.813
2024-09-04 08:00:00,2400.11,2457.9,2385.84,2453.88,1119225.999
2024-09-04 16:00:00,2453.87,2489.34,2437.37,2449.67,660284.897
2024-09-05 00:00:00,2449.67,2465.23,2375.36,2411.5,816361.7
2024-09-05 08:00:00,2411.49,2415.24,2354.01,2370.16,1187260.066
2024-09-05 16:00:00,2370.16,2395.0,2346.05,2367.37,607460.06
2024-09-06 00:00:00,2367.33,2407.75,2319.63,2343.14,886143.589
2024-09-06 08:00:00,2343.14,2409.34,2264.4,2289.02,2076225.844
2024-09-06 16:00:00,2289.03,2292.0,2150.0,2223.7,2513649.005
2024-09-07 00:00:00,2223.7,2292.99,2220.76,2287.03,688209.665
2024-09-07 08:00:00,2287.03,2310.0,2274.03,2299.17,570561.499
2024-09-07 16:00:00,2299.18,2303.31,2255.0,2272.21,573999.079
2024-09-08 00:00:00,2272.21,2303.9,2262.0,2293.69,366631.088
2024-09-08 08:00:00,2293.7,2309.0,2238.88,2244.67,705558.867
2024-09-08 16:00:00,2244.68,2333.98,2242.17,2295.89,861634.799
2024-09-09 00:00:00,2295.9,2320.0,2281.04,2313.03,610244.331
2024-09-09 08:00:00,2313.03,2338.74,2271.22,2291.59,1111135.268
2024-09-09 16:00:00,2291.61,2382.51,2290.0,2358.19,1212195.919
2024-09-10 00:00:00,2358.19,2366.0,2325.83,2362.21,525247.757
2024-09-10 08:00:00,2362.2,2371.34,2319.09,2323.64,818482.929
2024-09-10 16:00:00,2323.64,2399.99,2323.0,2387.63,804370.689
2024-09-11 00:00:00,2387.63,2388.39,2317.48,2340.42,808136.399
2024-09-11 08:00:00,2340.41,2354.7,2275.8,2324.87,1553687.575
2024-09-11 16:00:00,2324.86,2368.0,2323.74,2339.22,774324.139
2024-09-12 00:00:00,2339.18,2392.0,2338.26,2358.48,643564.906
2024-09-12 08:00:00,2358.47,2366.21,2313.16,2321.76,903182.724
2024-09-12 16:00:00,2321.76,2372.99,2321.0,2360.79,594918.581
2024-09-13 00:00:00,2360.79,2363.8,2336.2,2347.63,317070.367
2024-09-13 08:00:00,2347.63,2412.19,2340.05,2406.83,1116968.719
2024-09-13 16:00:00,2406.83,2463.77,2395.0,2438.15,880939.951
2024-09-14 00:00:00,2438.16,2439.61,2412.27,2419.23,380712.148
2024-09-14 08:00:00,2419.23,2422.59,2406.72,2417.37,301686.78
2024-09-14 16:00:00,2417.37,2421.76,2373.82,2416.65,392638.117
2024-09-15 00:00:00,2416.65,2429.44,2412.65,2421.6,169039.11
2024-09-15 08:00:00,2421.61,2422.2,2395.13,2407.6,338849.615
2024-09-15 16:00:00,2407.59,2407.98,2282.0,2314.85,1156430.586
2024-09-16 00:00:00,2314.85,2321.36,2251.06,2309.23,1016843.132
2024-09-16 08:00:00,2309.24,2334.9,2268.0,2286.71,1054137.869
2024-09-16 16:00:00,2286.71,2310.37,2266.14,2294.61,751078.424
2024-09-17 00:00:00,2294.61,2309.88,2262.0,2308.09,459634.352
2024-09-17 08:00:00,2308.09,2392.62,2300.76,2382.68,1352185.361
2024-09-17 16:00:00,2382.68,2388.88,2326.2,2340.59,804601.825
2024-09-18 00:00:00,2340.59,2343.9,2308.15,2328.65,507068.031
2024-09-18 08:00:00,2328.65,2328.66,2275.25,2295.04,886739.357
2024-09-18 16:00:00,2295.05,2376.0,2286.72,2373.93,1468101.295
2024-09-19 00:00:00,2373.93,2442.24,2371.37,2436.61,1131490.396
2024-09-19 08:00:00,2436.61,2451.83,2419.5,2439.0,818821.451
2024-09-19 16:00:00,2439.0,2494.68,2432.01,2464.56,998243.156
2024-09-20 00:00:00,2464.55,2572.18,2436.11,2559.63,1388317.629
2024-09-20 08:00:00,2559.63,2569.45,2515.31,2559.18,1142869.331
2024-09-20 16:00:00,2559.19,2568.48,2523.75,2560.29,531071.159
2024-09-21 00:00:00,2560.3,2586.91,2527.69,2554.54,622239.368
2024-09-21 08:00:00,2554.55,2575.74,2543.49,2558.54,406989.749
2024-09-21 16:00:00,2558.53,2623.85,2555.0,2611.4,475987.254
2024-09-22 00:00:00,2611.4,2633.3,2575.0,2586.74,620924.116
2024-09-22 08:00:00,2586.73,2595.0,2553.07,2569.57,563817.379
2024-09-22 16:00:00,2569.57,2593.0,2522.57,2579.94,784703.699
2024-09-23 00:00:00,2579.95,2686.5,2538.24,2645.28,1424287.369
2024-09-23 08:00:00,2645.27,2685.0,2630.04,2674.07,910369.194
2024-09-23 16:00:00,2674.07,2702.0,2637.42,2645.84,784178.632
2024-09-24 00:00:00,2645.84,2650.63,2607.74,2645.99,733360.414
2024-09-24 08:00:00,2645.99,2667.21,2590.1,2611.82,1148346.538
2024-09-24 16:00:00,2611.82,2669.94,2609.94,2652.0,836378.756
2024-09-25 00:00:00,2652.0,2673.06,2609.04,2620.44,698721.258
2024-09-25 08:00:00,2620.44,2629.9,2593.67,2599.9,641689.356
2024-09-25 16:00:00,2599.91,2608.43,2552.44,2578.9,792923.909
2024-09-26 00:00:00,2578.9,2634.01,2557.5,2628.59,737947.39
2024-09-26 08:00:00,2628.59,2663.05,2606.6,2651.05,1177280.802
2024-09-26 16:00:00,2651.05,2666.17,2616.0,2631.11,725836.938
2024-09-27 00:00:00,2631.16,2667.99,2614.22,2656.06,585434.752
2024-09-27 08:00:00,2656.05,2698.8,2639.63,2682.17,1017743.946
2024-09-27 16:00:00,2682.16,2727.66,2677.0,2693.53,770646.925
2024-09-28 00:00:00,2693.52,2703.3,2672.76,2677.0,408644.967
2024-09-28 08:00:00,2676.99,2677.64,2648.32,2668.78,657805.373
2024-09-28 16:00:00,2668.78,2683.84,2653.85,2673.9,326497.71
2024-09-29 00:00:00,2673.91,2683.0,2633.03,2639.6,449719.958
2024-09-29 08:00:00,2639.6,2668.24,2632.8,2664.96,497644.035
2024-09-29 16:00:00,2664.96,2672.88,2646.15,2656.3,443172.407
2024-09-30 00:00:00,2656.3,2662.81,2601.0,2636.7,915012.136
2024-09-30 08:00:00,2636.7,2642.48,2590.72,2595.05,1112440.443
2024-09-30 16:00:00,2595.05,2616.86,2572.82,2601.49,832149.164
2024-10-01 00:00:00,2601.49,2658.63,2590.57,2644.79,714946.273
2024-10-01 08:00:00,2644.78,2646.35,2480.0,2523.54,1835702.848
2024-10-01 16:00:00,2523.54,2530.5,2412.4,2446.85,2088778.308
2024-10-02 00:00:00,2446.85,2498.0,2441.17,2480.75,702904.108
2024-10-02 08:00:00,2480.76,2486.25,2416.92,2459.43,1325281.341
2024-10-02 16:00:00,2459.44,2478.0,2350.0,2363.0,1541917.895
2024-10-03 00:00:00,2363.0,2402.29,2351.6,2363.59,726092.029
2024-10-03 08:00:00,2363.59,2369.52,2308.09,2339.54,1794550.066
2024-10-03 16:00:00,2339.55,2356.84,2310.65,2348.74,669424.976
2024-10-04 00:00:00,2348.74,2386.69,2338.27,2380.55,651192.477
2024-10-04 08:00:00,2380.56,2417.27,2351.18,2415.99,1161141.608
2024-10-04 16:00:00,2416.0,2440.0,2408.2,2413.38,721172.749
2024-10-05 00:00:00,2413.38,2427.94,2388.66,2414.18,462751.725
2024-10-05 08:00:00,2414.18,2427.0,2403.88,2413.99,308379.045
2024-10-05 16:00:00,2413.99,2418.85,2389.01,2413.42,332349.706
2024-10-06 00:00:00,2413.42,2421.99,2405.76,2416.25,230237.536
2024-10-06 08:00:00,2416.24,2457.11,2414.36,2445.68,534913.036
2024-10-06 16:00:00,2445.67,2452.0,2413.8,2438.77,454284.166
2024-10-07 00:00:00,2438.76,2512.5,2434.5,2479.55,917921.133
2024-10-07 08:00:00,2479.55,2520.25,2436.48,2472.88,1428432.731
2024-10-07 16:00:00,2472.87,2479.92,2401.08,2421.75,999154.748
2024-10-08 00:00:00,2421.75,2447.56,2409.11,2427.54,619957.8
2024-10-08 08:00:00,2427.55,2452.0,2400.01,2418.39,914953.136
2024-10-08 16:00:00,2418.39,2466.63,2410.12,2439.84,727825.347
2024-10-09 00:00:00,2439.84,2472.9,2426.0,2434.8,596083.675
2024-10-09 08:00:00,2434.8,2471.64,2422.07,2460.34,855156.226
2024-10-09 16:00:00,2460.35,2461.65,2350.0,2369.6,1238270.692
2024-10-10 00:00:00,2369.6,2410.9,2365.81,2394.56,587260.821
2024-10-10 08:00:00,2394.56,2408.0,2366.38,2403.94,1019112.883
2024-10-10 16:00:00,2403.94,2421.5,2329.44,2385.24,1256835.972
2024-10-11 00:00:00,2385.24,2417.84,2380.81,2406.49,585082.893
2024-10-11 08:00:00,2406.48,2452.7,2401.45,2442.36,981271.673
2024-10-11 16:00:00,2442.36,2470.0,2432.0,2438.46,772961.061
2024-10-12 00:00:00,2438.45,2451.58,2433.2,2445.36,306493.207
2024-10-12 08:00:00,2445.35,2482.91,2441.5,2471.74,496524.105
2024-10-12 16:00:00,2471.73,2489.95,2465.0,2475.09,315463.458
2024-10-13 00:00:00,2475.08,2484.0,2449.76,2463.98,325741.128
2024-10-13 08:00:00,2463.98,2471.29,2435.0,2439.29,452756.526
2024-10-13 16:00:00,2439.28,2483.89,2436.67,2467.79,516184.92
2024-10-14 00:00:00,2467.79,2547.99,2442.0,2534.74,1417301.196
2024-10-14 08:00:00,2534.74,2643.03,2518.56,2634.95,1634880.261
2024-10-14 16:00:00,2634.95,2653.44,2615.0,2628.88,625011.163
2024-10-15 00:00:00,2628.87,2636.7,2590.0,2615.2,661194.356
2024-10-15 08:00:00,2615.2,2688.76,2536.64,2572.58,2366942.106
2024-10-15 16:00:00,2572.58,2618.85,2562.41,2606.53,885000.855
2024-10-16 00:00:00,2606.54,2629.68,2588.01,2606.02,520201.787
2024-10-16 08:00:00,2606.02,2647.51,2594.22,2606.7,1209126.503
2024-10-16 16:00:00,2606.7,2627.67,2590.3,2610.39,400257.596
2024-10-17 00:00:00,2610.39,2647.9,2609.02,2627.8,567913.932
2024-10-17 08:00:00,2627.79,2632.5,2581.95,2630.29,913543.476
2024-10-17 16:00:00,2630.29,2630.92,2573.73,2605.01,583207.73
2024-10-18 00:00:00,2605.01,2651.05,2595.61,2643.62,718119.913
2024-10-18 08:00:00,2643.62,2664.0,2611.39,2652.12,921849.218
2024-10-18 16:00:00,2652.12,2675.12,2628.46,2641.11,669352.965
2024-10-19 00:00:00,2641.11,2662.66,2633.72,2639.98,295058.055
2024-10-19 08:00:00,2639.98,2653.88,2630.05,2644.87,329206.4
2024-10-19 16:00:00,2644.88,2654.85,2636.0,2647.45,187155.001
2024-10-20 00:00:00,2647.46,2652.85,2634.53,2645.49,211453.644
2024-10-20 08:00:00,2645.5,2720.0,2640.67,2705.71,859286.975
2024-10-20 16:00:00,2705.71,2759.62,2685.17,2746.98,816048.725
2024-10-21 00:00:00,2746.98,2770.0,2722.23,2722.68,737183.203
2024-10-21 08:00:00,2722.69,2730.0,2659.02,2680.21,1208596.448
2024-10-21 16:00:00,2680.21,2684.6,2655.52,2666.63,495184.632
2024-10-22 00:00:00,2666.62,2671.59,2613.77,2646.65,724104.569
2024-10-22 08:00:00,2646.65,2649.35,2606.0,2623.75,1074019.254
2024-10-22 16:00:00,2623.76,2643.56,2606.11,2621.78,433388.798
2024-10-23 00:00:00,2621.79,2629.51,2600.1,2602.1,458766.751
2024-10-23 08:00:00,2602.11,2610.45,2529.0,2539.53,1302402.527
2024-10-23 16:00:00,2539.53,2541.8,2443.01,2523.84,1427953.203
2024-10-24 00:00:00,2523.85,2561.83,2507.76,2543.88,627161.704
2024-10-24 08:00:00,2543.88,2550.98,2507.68,2525.15,833353.719
2024-10-24 16:00:00,2525.16,2560.0,2506.27,2535.39,564362.881
2024-10-25 00:00:00,2535.39,2538.19,2460.98,2483.3,784137.589
2024-10-25 08:00:00,2483.29,2565.94,2476.79,2524.26,1284540.728
2024-10-25 16:00:00,2524.27,2536.0,2380.63,2440.1,1955774.484
2024-10-26 00:00:00,2440.1,2479.12,2429.34,2464.71,636314.578
2024-10-26 08:00:00,2464.72,2478.37,2441.68,2456.87,502824.824
2024-10-26 16:00:00,2456.86,2507.1,2454.6,2482.04,431002.445
2024-10-27 00:00:00,2482.04,2486.16,2468.16,2480.08,221977.25
2024-10-27 08:00:00,2480.07,2505.0,2462.86,2501.1,479116.295
2024-10-27 16:00:00,2501.1,2527.25,2485.01,2507.22,420075.667
2024-10-28 00:00:00,2507.21,2526.21,2470.41,2511.11,614440.7
2024-10-28 08:00:00,2511.11,2545.0,2497.5,2500.3,1144557.937
2024-10-28 16:00:00,2500.29,2590.78,2485.0,2566.49,1140030.312
2024-10-29 00:00:00,2566.48,2631.78,2560.3,2613.1,935408.545
2024-10-29 08:00:00,2613.09,2651.1,2610.93,2648.12,877372.723
2024-10-29 16:00:00,2648.11,2681.83,2606.23,2639.28,1198644.012
2024-10-30 00:00:00,2639.28,2686.27,2599.9,2669.43,870561.824
2024-10-30 08:00:00,2669.43,2724.65,2653.69,2683.59,1678701.815
2024-10-30 16:00:00,2683.59,2696.9,2634.03,2659.36,953888.154
2024-10-31 00:00:00,2659.35,2669.74,2631.81,2647.05,534203.655
2024-10-31 08:00:00,2647.05,2649.0,2540.87,2562.89,1588600.159
2024-10-31 16:00:00,2562.89,2564.04,2502.5,2518.37,1082399.016
2024-11-01 00:00:00,2518.37,2533.0,2467.3,2504.14,997966.505
2024-11-01 08:00:00,2504.13,2587.86,2481.44,2500.03,1587870.861
2024-11-01 16:00:00,2500.03,2538.99,2486.0,2511.57,865185.271
2024-11-02 00:00:00,2511.57,2523.8,2498.86,2507.2,270862.837
2024-11-02 08:00:00,2507.2,2510.18,2467.1,2488.18,712573.161
2024-11-02 16:00:00,2488.18,2497.49,2478.76,2493.61,230298.337
2024-11-03 00:00:00,2493.61,2496.21,2420.63,2449.72,915178.111
2024-11-03 08:00:00,2449.73,2462.91,2412.67,2442.2,1163179.502
2024-11-03 16:00:00,2442.19,2475.0,2410.35,2457.29,849421.481
2024-11-04 00:00:00,2457.3,2491.0,2434.13,2458.89,562965.074
2024-11-04 08:00:00,2458.9,2485.55,2430.7,2441.96,736994.267
2024-11-04 16:00:00,2441.96,2445.81,2356.0,2397.37,1383459.65
2024-11-05 00:00:00,2397.36,2444.79,2379.48,2442.32,670600.007
2024-11-05 08:00:00,2442.33,2479.6,2426.0,2440.22,1002648.046
2024-11-05 16:00:00,2440.22,2474.97,2400.23,2421.42,884611.178
2024-11-06 00:00:00,2421.41,2644.77,2419.2,2595.4,3109313.085
2024-11-06 08:00:00,2595.4,2668.0,2572.4,2634.28,1846021.446
2024-11-06 16:00:00,2634.28,2746.02,2633.65,2722.49,1285607.739
2024-11-07 00:00:00,2722.5,2882.56,2700.31,2821.63,2335082.692
2024-11-07 08:00:00,2821.63,2850.52,2772.38,2848.14,1249064.594
2024-11-07 16:00:00,2848.14,2916.56,2824.55,2895.76,1623551.02
2024-11-08 00:00:00,2895.76,2956.99,2886.47,2912.94,1088043.608
2024-11-08 08:00:00,2912.93,2958.0,2893.63,2937.59,1286685.658
2024-11-08 16:00:00,2937.6,2982.75,2890.04,2962.12,1495437.742
2024-11-09 00:00:00,2962.12,3059.91,2954.1,3030.6,1436203.597
2024-11-09 08:00:00,3030.61,3056.59,3021.51,3041.01,760974.799
2024-11-09 16:00:00,3041.0,3158.66,2990.01,3127.03,1476138.848
2024-11-10 00:00:00,3127.02,3220.0,3104.08,3187.08,1740767.273
2024-11-10 08:00:00,3187.08,3241.0,3168.0,3212.17,1477025.077
2024-11-10 16:00:00,3212.17,3252.28,3073.86,3185.19,2397736.534
2024-11-11 00:00:00,3185.19,3224.91,3107.15,3141.58,1214129.533
2024-11-11 08:00:00,3141.59,3265.12,3133.36,3240.64,2189258.122
2024-11-11 16:00:00,3240.63,3392.06,3236.26,3375.02,2844162.345
2024-11-12 00:00:00,3375.02,3399.32,3250.01,3372.03,2030708.024
2024-11-12 08:00:00,3372.02,3449.0,3211.54,3263.4,3575665.885
2024-11-12 16:00:00,3263.4,3307.23,3211.15,3245.98,1292586.584
2024-11-13 00:00:00,3245.99,3288.73,3120.0,3162.99,1781550.917
2024-11-13 08:00:00,3163.0,3331.2,3144.17,3312.05,2107240.916
2024-11-13 16:00:00,3312.05,3335.0,3120.0,3188.9,2056841.054
2024-11-14 00:00:00,3188.9,3242.31,3164.87,3219.66,1017250.326
2024-11-14 08:00:00,3219.65,3232.97,3057.14,3079.25,1791284.743
2024-11-14 16:00:00,3079.24,3184.1,3031.6,3061.03,1368851.73
2024-11-15 00:00:00,3061.04,3095.31,3016.11,3041.19,939042.598
2024-11-15 08:00:00,3041.19,3133.68,3016.5,3025.07,1471735.873
2024-11-15 16:00:00,3025.07,3122.99,3016.87,3091.75,1106765.893
2024-11-16 00:00:00,3091.75,3167.2,3073.47,3108.59,678149.572
2024-11-16 08:00:00,3108.59,3222.69,3105.05,3143.18,1318224.11
2024-11-16 16:00:00,3143.18,3186.81,3123.04,3134.72,520949.054
2024-11-17 00:00:00,3134.71,3155.88,3035.0,3139.22,1128390.383
2024-11-17 08:00:00,3139.22,3164.8,3068.07,3088.25,1043866.074
2024-11-17 16:00:00,3088.26,3117.77,3043.38,3078.09,831093.852
2024-11-18 00:00:00,3078.09,3153.15,3071.37,3133.35,758194.865
2024-11-18 08:00:00,3133.36,3160.6,3051.5,3146.14,1579140.158
2024-11-18 16:00:00,3146.13,3228.0,3091.96,3210.48,1803189.346
2024-11-19 00:00:00,3210.48,3224.83,3110.31,3120.42,896409.183
2024-11-19 08:00:00,3120.42,3152.53,3076.95,3106.73,1180998.813
2024-11-19 16:00:00,3106.73,3148.0,3066.4,3109.34,986429.659
2024-11-20 00:00:00,3109.33,3134.89,3073.56,3111.12,594932.453
2024-11-20 08:00:00,3111.04,3162.25,3083.24,3131.99,1284856.3
2024-11-20 16:00:00,3131.98,3137.47,3030.5,3071.05,1263416.193
2024-11-21 00:00:00,3071.05,3145.92,3033.32,3139.11,1352307.746
2024-11-21 08:00:00,3139.12,3374.92,3120.14,3279.2,3295657.45
2024-11-21 16:00:00,3279.21,3389.99,3279.06,3358.42,1345786.064
2024-11-22 00:00:00,3358.69,3429.99,3307.03,3365.66,1322466.145
2024-11-22 08:00:00,3365.65,3387.06,3260.42,3316.37,1661365.627
2024-11-22 16:00:00,3316.36,3332.83,3266.61,3330.05,846547.627
2024-11-23 00:00:00,3330.04,3368.48,3315.28,3344.31,919106.315
2024-11-23 08:00:00,3344.32,3498.94,3339.01,3463.13,1911989.982
2024-11-23 16:00:00,3463.13,3473.64,3381.0,3396.33,1260555.985
2024-11-24 00:00:00,3396.32,3453.0,3391.3,3424.99,653123.649
2024-11-24 08:00:00,3424.99,3431.62,3282.48,3297.13,1758342.966
2024-11-24 16:00:00,3297.12,3374.0,3290.0,3362.98,708043.603
2024-11-25 00:00:00,3362.98,3422.45,3301.96,3401.65,846889.494
2024-11-25 08:00:00,3401.66,3541.99,3351.0,3521.26,3211149.569
2024-11-25 16:00:00,3521.18,3549.91,3366.31,3416.92,2184800.282
2024-11-26 00:00:00,3416.91,3464.95,3384.02,3396.98,1080857.584
2024-11-26 08:00:00,3396.98,3399.82,3282.0,3298.07,2230424.055
2024-11-26 16:00:00,3298.08,3347.34,3254.19,3327.17,1284393.838
2024-11-27 00:00:00,3327.17,3448.43,3305.0,3426.06,1265573.954
2024-11-27 08:00:00,3426.06,3575.61,3404.16,3555.07,1833053.698
2024-11-27 16:00:00,3555.07,3688.0,3535.45,3655.88,1656788.114
2024-11-28 00:00:00,3655.89,3664.31,3563.33,3594.6,1130025.196
2024-11-28 08:00:00,3594.6,3644.3,3537.3,3543.41,1554898.559
2024-11-28 16:00:00,3543.41,3602.25,3531.0,3581.58,645778.471
2024-11-29 00:00:00,3581.58,3605.0,3535.52,3547.59,773219.495
2024-11-29 08:00:00,3547.58,3649.28,3547.58,3615.21,1074152.913
2024-11-29 16:00:00,3615.21,3621.97,3561.27,3594.5,698604.584
2024-11-30 00:00:00,3594.51,3730.0,3570.2,3705.64,1317985.07
2024-11-30 08:00:00,3705.64,3720.98,3629.96,3676.6,869709.792
2024-11-30 16:00:00,3676.6,3742.18,3660.0,3705.73,679075.877
2024-12-01 00:00:00,3705.74,3734.12,3661.35,3705.05,890189.274
2024-12-01 08:00:00,3705.05,3750.67,3677.38,3731.0,779107.689
2024-12-01 16:00:00,3730.99,3747.21,3681.11,3711.24,789155.743
2024-12-02 00:00:00,3711.22,3766.0,3650.03,3669.25,1523492.179
2024-12-02 08:00:00,3669.26,3683.0,3572.35,3674.54,1854162.463
2024-12-02 16:00:00,3674.54,3684.61,3557.61,3646.26,1231614.279
2024-12-03 00:00:00,3646.26,3673.9,3602.32,3619.54,875500.955
2024-12-03 08:00:00,3619.54,3638.45,3502.01,3574.23,1862114.937
2024-12-03 16:00:00,3574.19,3637.09,3540.67,3616.82,889527.825
2024-12-04 00:00:00,3616.83,3724.77,3616.82,3717.79,1446405.113
2024-12-04 08:00:00,3717.79,3858.19,3690.46,3824.39,2199328.331
2024-12-04 16:00:00,3824.38,3891.0,3736.01,3840.75,2063595.981
2024-12-05 00:00:00,3840.74,3912.0,3769.75,3853.65,2049613.635
2024-12-05 08:00:00,3853.66,3960.0,3853.65,3890.78,1837476.608
2024-12-05 16:00:00,3890.78,3930.0,3615.0,3787.31,2320309.161
2024-12-06 00:00:00,3787.3,3932.96,3780.0,3896.5,1171691.629
2024-12-06 08:00:00,3896.5,4046.0,3835.36,3996.28,2122839.387
2024-12-06 16:00:00,3996.29,4092.83,3983.38,4001.75,1350595.827
2024-12-07 00:00:00,4001.75,4027.82,3970.0,3989.09,631851.226
2024-12-07 08:00:00,3989.09,4012.5,3976.29,4007.66,512617.734
2024-12-07 16:00:00,4007.66,4028.69,3989.16,3999.79,405108.034
2024-12-08 00:00:00,3999.8,4012.38,3960.93,3983.19,427706.329
2024-12-08 08:00:00,3983.18,4006.98,3926.0,3993.92,896841.544
2024-12-08 16:00:00,3993.92,4019.57,3966.68,4007.3,463124.254
2024-12-09 00:00:00,4007.31,4010.67,3883.0,3920.5,1135508.161
2024-12-09 08:00:00,3920.51,3947.74,3805.02,3826.42,1798910.664
2024-12-09 16:00:00,3826.43,3869.36,3475.0,3712.55,3607672.224
2024-12-10 00:00:00,3712.55,3781.29,3616.0,3734.5,1636318.012
2024-12-10 08:00:00,3734.51,3774.0,3554.46,3568.08,2023832.512
2024-12-10 16:00:00,3568.12,3673.26,3512.71,3628.4,2014432.668
2024-12-11 00:00:00,3628.41,3681.62,3562.65,3652.17,845911.481
2024-12-11 08:00:00,3652.16,3820.0,3651.0,3786.75,1295897.835
2024-12-11 16:00:00,3786.76,3846.95,3752.48,3830.44,865949.173
2024-12-12 00:00:00,3830.44,3947.62,3795.25,3904.58,1175128.629
2024-12-12 08:00:00,3904.58,3986.94,3890.25,3956.9,1513337.104
2024-12-12 16:00:00,3956.91,3985.3,3835.0,3880.52,1248768.8
2024-12-13 00:00:00,3880.52,3940.0,3851.8,3884.58,816966.465
2024-12-13 08:00:00,3884.57,3967.96,3870.85,3884.71,1025939.193
2024-12-13 16:00:00,3884.71,3946.42,3879.0,3905.6,672111.349
2024-12-14 00:00:00,3905.59,3944.99,3894.06,3920.31,479599.631
2024-12-14 08:00:00,3920.3,3930.74,3845.18,3887.21,712278.597
2024-12-14 16:00:00,3887.2,3896.88,3822.37,3868.6,701951.368
2024-12-15 00:00:00,3868.6,3912.87,3829.0,3843.44,532189.965
2024-12-15 08:00:00,3843.45,3909.09,3835.1,3893.42,543029.764
2024-12-15 16:00:00,3893.42,3973.67,3842.2,3958.5,855537.876
2024-12-16 00:00:00,3958.5,4024.86,3927.15,3973.15,1064303.069
2024-12-16 08:00:00,3973.15,3975.29,3882.22,3940.17,1220836.762
2024-12-16 16:00:00,3940.17,4109.99,3938.05,3984.76,1905842.696
2024-12-17 00:00:00,3984.76,4039.99,3942.0,3993.05,910965.774
2024-12-17 08:00:00,3993.05,4030.93,3913.75,3937.43,1290305.933
2024-12-17 16:00:00,3937.42,3983.41,3844.59,3890.81,1169048.729
2024-12-18 00:00:00,3890.81,3901.67,3802.35,3845.4,1087338.557
2024-12-18 08:00:00,3845.41,3889.82,3823.01,3866.62,828696.793
2024-12-18 16:00:00,3866.63,3908.0,3615.01,3625.4,2524417.777
2024-12-19 00:00:00,3625.41,3695.0,3540.0,3691.53,1507443.097
2024-12-19 08:00:00,3691.52,3718.47,3571.12,3612.46,1425551.637
2024-12-19 16:00:00,3612.46,3635.9,3322.2,3416.7,4097386.148
2024-12-20 00:00:00,3416.69,3464.98,3327.03,3389.67,1572699.386
2024-12-20 08:00:00,3389.67,3395.0,3100.0,3373.32,4947860.518
2024-12-20 16:00:00,3373.33,3496.54,3365.28,3470.88,1449495.761
2024-12-21 00:00:00,3470.88,3553.76,3442.41,3521.65,817823.942
2024-12-21 08:00:00,3521.65,3525.78,3344.19,3389.12,1537856.348
2024-12-21 16:00:00,3389.12,3401.16,3291.03,3337.6,1048930.945
2024-12-22 00:00:00,3337.61,3373.47,3293.52,3331.31,778754.254
2024-12-22 08:00:00,3331.31,3402.08,3273.0,3300.95,1092754.178
2024-12-22 16:00:00,3300.95,3337.7,3219.59,3280.8,1094690.624
2024-12-23 00:00:00,3280.81,3362.68,3214.81,3303.34,1273186.008
2024-12-23 08:00:00,3303.33,3359.98,3267.04,3276.2,1238334.621
2024-12-23 16:00:00,3276.01,3465.75,3270.0,3420.74,1450937.744
2024-12-24 00:00:00,3420.75,3433.99,3356.01,3399.92,710162.68
2024-12-24 08:00:00,3399.91,3509.5,3384.03,3491.57,978517.717
2024-12-24 16:00:00,3491.58,3539.4,3430.0,3491.97,916587.074
2024-12-25 00:00:00,3491.98,3509.08,3456.21,3487.66,440089.74
2024-12-25 08:00:00,3487.65,3547.01,3455.08,3471.59,795581.443
2024-12-25 16:00:00,3471.58,3498.9,3439.0,3495.72,459599.059
2024-12-26 00:00:00,3495.73,3514.32,3415.0,3420.84,630925.093
2024-12-26 08:00:00,3420.84,3424.37,3326.0,3342.32,1133686.35
2024-12-26 16:00:00,3342.32,3363.93,3302.73,3333.15,757447.405
2024-12-27 00:00:00,3333.15,3397.92,3315.04,3324.04,787381.468
2024-12-27 08:00:00,3324.04,3444.0,3306.0,3325.01,1355075.222
2024-12-27 16:00:00,3325.0,3365.98,3306.46,3332.09,708662.159
2024-12-28 00:00:00,3332.1,3362.0,3320.92,3334.08,332528.913
2024-12-28 08:00:00,3334.08,3394.99,3331.73,3366.7,470347.026
2024-12-28 16:00:00,3366.71,3427.5,3364.32,3402.54,342100.519
2024-12-29 00:00:00,3402.53,3406.38,3373.99,3405.61,317160.138
2024-12-29 08:00:00,3405.6,3413.0,3352.84,3372.0,485005.345
2024-12-29 16:00:00,3372.01,3375.17,3324.63,3355.46,531355.589
2024-12-30 00:00:00,3355.46,3436.86,3346.07,3426.39,729341.693
2024-12-30 08:00:00,3426.38,3433.88,3302.2,3323.49,1168605.953
2024-12-30 16:00:00,3323.49,3419.34,3307.44,3360.11,1055894.581
2024-12-31 00:00:00,3360.1,3363.67,3313.96,3352.59,446004.646
2024-12-31 08:00:00,3352.6,3452.0,3351.53,3412.58,879127.515
2024-12-31 16:00:00,3412.59,3416.91,3327.07,3336.57,768114.27
2025-01-01 00:00:00,3336.58,3368.02,3334.76,3345.84,317147.628
2025-01-01 08:00:00,3345.83,3359.09,3312.62,3352.07,542480.317
2025-01-01 16:00:00,3352.06,3374.14,3321.11,3359.36,411651.895
2025-01-02 00:00:00,3359.35,3427.7,3353.5,3419.69,599658.523
2025-01-02 08:00:00,3419.7,3511.14,3414.18,3462.76,1147804.866
2025-01-02 16:00:00,3462.75,3488.87,3420.0,3454.83,662616.892
2025-01-03 00:00:00,3454.83,3476.48,3431.01,3432.62,462526.751
2025-01-03 08:00:00,3432.62,3578.19,3421.56,3564.32,1061995.652
2025-01-03 16:00:00,3564.32,3630.0,3564.31,3607.89,966305.371
2025-01-04 00:00:00,3607.9,3619.9,3581.44,3593.04,361504.995
2025-01-04 08:00:00,3593.05,3664.0,3570.66,3606.44,912061.234
2025-01-04 16:00:00,3606.44,3670.0,3600.3,3655.99,455616.374
2025-01-05 00:00:00,3655.98,3674.71,3626.83,3630.38,288170.597
2025-01-05 08:00:00,3630.37,3637.79,3592.14,3628.45,603409.192
2025-01-05 16:00:00,3628.45,3656.29,3611.25,3634.96,378493.916
2025-01-06 00:00:00,3634.96,3698.0,3609.0,3649.39,780149.438
2025-01-06 08:00:00,3649.39,3714.0,3620.74,3712.99,1056110.271
2025-01-06 16:00:00,3712.99,3744.28,3653.88,3685.72,849802.249
2025-01-07 00:00:00,3685.72,3700.31,3657.4,3666.61,348323.999
2025-01-07 08:00:00,3666.61,3678.52,3409.0,3461.21,2108012.082
2025-01-07 16:00:00,3461.21,3490.89,3353.59,3379.38,1606321.426
2025-01-08 00:00:00,3379.37,3413.55,3306.01,3353.19,1124659.843
2025-01-08 08:00:00,3353.19,3384.9,3321.6,3346.0,1095403.184
2025-01-08 16:00:00,3346.0,3347.07,3206.54,3325.38,1739195.67
2025-01-09 00:00:00,3325.38,3355.85,3280.64,3288.18,758023.713
2025-01-09 08:00:00,3288.17,3337.64,3208.34,3318.79,1469776.153
2025-01-09 16:00:00,3318.8,3326.39,3156.0,3218.24,1412062.781
2025-01-10 00:00:00,3218.24,3312.55,3212.62,3294.65,645213.707
2025-01-10 08:00:00,3294.65,3320.0,3193.43,3243.7,1542025.955
2025-01-10 16:00:00,3243.69,3323.0,3230.18,3265.52,773554.918
2025-01-11 00:00:00,3265.51,3268.98,3223.56,3234.66,333503.143
2025-01-11 08:00:00,3234.66,3282.5,3217.36,3270.07,505280.655
2025-01-11 16:00:00,3270.06,3319.3,3257.54,3281.84,344024.033
2025-01-12 00:00:00,3281.85,3290.35,3262.0,3265.74,218623.715
2025-01-12 08:00:00,3265.73,3294.91,3222.4,3284.39,695330.162
2025-01-12 16:00:00,3284.39,3299.0,3232.58,3265.7,434902.603
2025-01-13 00:00:00,3265.7,3338.32,3179.49,3200.53,1279890.313
2025-01-13 08:00:00,3200.54,3205.0,2900.0,3047.37,3436609.052
2025-01-13 16:00:00,3047.38,3142.28,2985.0,3136.14,1390220.965
2025-01-14 00:00:00,3136.13,3189.0,3123.47,3170.39,669776.776
2025-01-14 08:00:00,3170.39,3255.84,3168.02,3197.87,1384965.821
2025-01-14 16:00:00,3197.87,3239.46,3171.02,3223.99,659662.767
2025-01-15 00:00:00,3223.99,3251.69,3203.4,3231.3,577983.677
2025-01-15 08:00:00,3231.3,3353.0,3185.09,3332.95,1513797.684
2025-01-15 16:00:00,3332.96,3472.93,3322.83,3449.8,1200131.407
2025-01-16 00:00:00,3449.81,3458.99,3343.76,3382.42,741645.434
2025-01-16 08:00:00,3382.42,3384.0,3263.06,3332.0,1661316.956
2025-01-16 16:00:00,3331.99,3365.0,3266.3,3306.94,855795.357
2025-01-17 00:00:00,3306.93,3396.65,3306.41,3371.36,827498.455
2025-01-17 08:00:00,3371.37,3450.0,3370.83,3420.44,1097659.678
2025-01-17 16:00:00,3420.44,3524.85,3406.0,3472.38,1103538.339
2025-01-18 00:00:00,3472.38,3492.95,3280.0,3286.42,1421729.301
2025-01-18 08:00:00,3286.42,3346.99,3225.65,3305.99,1808265.695
2025-01-18 16:00:00,3305.99,3320.97,3246.72,3306.7,860681.507
2025-01-19 00:00:00,3306.71,3377.7,3258.17,3275.02,1052367.042
2025-01-19 08:00:00,3275.02,3425.99,3129.63,3383.66,3243624.525
2025-01-19 16:00:00,3383.66,3449.77,3155.0,3214.15,2631136.538
2025-01-20 00:00:00,3214.16,3455.76,3141.25,3383.33,2444410.051
2025-01-20 08:00:00,3383.33,3412.9,3255.0,3335.93,1975238.752
2025-01-20 16:00:00,3335.95,3391.39,3200.0,3283.2,2189886.051
2025-01-21 00:00:00,3283.21,3289.47,3203.5,3254.01,1048900.913
2025-01-21 08:00:00,3254.01,3334.98,3233.34,3294.15,1106541.743
2025-01-21 16:00:00,3294.15,3367.95,3289.18,3326.72,878113.739
2025-01-22 00:00:00,3326.71,3365.97,3285.82,3286.9,520196.404
2025-01-22 08:00:00,3286.91,3331.72,3266.01,3277.48,808907.601
2025-01-22 16:00:00,3277.47,3291.39,3220.82,3242.0,694966.858
2025-01-23 00:00:00,3241.99,3261.1,3177.0,3232.07,666368.566
2025-01-23 08:00:00,3232.08,3286.0,3187.2,3258.5,1168676.148
2025-01-23 16:00:00,3258.51,3347.7,3192.63,3337.88,1700662.476
2025-01-24 00:00:00,3337.87,3420.74,3273.94,3380.58,1124855.848
2025-01-24 08:00:00,3380.59,3429.99,3353.54,3382.62,953624.315
2025-01-24 16:00:00,3382.61,3408.51,3302.01,3308.62,834517.765
2025-01-25 00:00:00,3308.61,3324.18,3266.53,3289.78,548320.913
2025-01-25 08:00:00,3289.79,3343.83,3270.0,3332.87,519614.822
2025-01-25 16:00:00,3332.88,3349.8,3313.11,3317.91,345789.91
2025-01-26 00:00:00,3317.91,3363.0,3312.37,3337.52,330952.693
2025-01-26 08:00:00,3337.52,3342.41,3290.68,3313.61,474964.435
2025-01-26 16:00:00,3313.61,3344.26,3226.57,3230.5,788721.764
2025-01-27 00:00:00,3230.5,3253.19,3020.17,3069.13,2023911.78
2025-01-27 08:00:00,3069.12,3150.81,3032.4,3132.04,1567860.225
2025-01-27 16:00:00,3132.04,3238.0,3043.53,3180.99,1347223.275
2025-01-28 00:00:00,3181.0,3221.98,3150.26,3194.62,663864.785
2025-01-28 08:00:00,3194.63,3215.79,3154.28,3180.15,707502.641
2025-01-28 16:00:00,3180.15,3181.81,3038.0,3075.96,1220206.113
2025-01-29 00:00:00,3075.96,3158.79,3075.18,3155.64,566887.266
2025-01-29 08:00:00,3155.65,3163.39,3078.93,3099.69,757992.362
2025-01-29 16:00:00,3099.68,3180.93,3052.88,3112.55,1538586.981
2025-01-30 00:00:00,3112.54,3214.85,3089.0,3189.54,771418.116
2025-01-30 08:00:00,3189.55,3279.99,3180.0,3254.39,1024708.606
2025-01-30 16:00:00,3254.4,3282.6,3225.25,3245.86,679250.852
2025-01-31 00:00:00,3245.86,3279.72,3212.31,3239.99,699445.334
2025-01-31 08:00:00,3240.0,3427.8,3232.05,3426.21,1644901.613
2025-01-31 16:00:00,3426.21,3436.39,3277.01,3299.5,1785937.967
2025-02-01 00:00:00,3299.5,3330.82,3271.0,3278.99,543781.612
2025-02-01 08:00:00,3279.0,3285.48,3222.31,3249.4,882522.651
2025-02-01 16:00:00,3249.4,3266.0,3100.67,3116.22,1207304.449
2025-02-02 00:00:00,3116.23,3161.86,3066.83,3099.88,1105345.125
2025-02-02 08:00:00,3099.87,3122.99,3049.01,3079.48,1150846.905
2025-02-02 16:00:00,3079.48,3080.38,2736.01,2868.05,4132604.072
2025-02-03 00:00:00,2868.06,2871.8,2080.19,2619.27,6718465.713
2025-02-03 08:00:00,2619.27,2725.8,2523.56,2698.75,4094829.45
2025-02-03 16:00:00,2698.75,2919.34,2665.06,2878.69,2790445.475
2025-02-04 00:00:00,2878.68,2888.8,2661.22,2702.36,2060008.457
2025-02-04 08:00:00,2702.36,2844.68,2675.28,2775.6,2203648.584
2025-02-04 16:00:00,2775.61,2868.3,2630.5,2730.03,2330113.998
2025-02-05 00:00:00,2730.06,2787.23,2697.95,2758.17,1207154.896
2025-02-05 08:00:00,2758.17,2827.98,2745.04,2772.12,1365076.723
2025-02-05 16:00:00,2772.11,2802.64,2713.05,2787.0,1492658.929
2025-02-06 00:00:00,2787.0,2854.95,2753.65,2830.41,805051.876
2025-02-06 08:00:00,2830.4,2857.43,2680.32,2704.25,1614793.209
2025-02-06 16:00:00,2704.26,2726.09,2650.0,2685.25,1257677.269
2025-02-07 00:00:00,2685.26,2738.99,2666.7,2711.63,821027.956
2025-02-07 08:00:00,2711.63,2796.12,2703.69,2720.33,1592200.468
2025-02-07 16:00:00,2720.34,2728.83,2560.68,2620.66,1656451.851
2025-02-08 00:00:00,2620.66,2667.15,2592.72,2628.33,857065.054
2025-02-08 08:00:00,2628.33,2635.68,2587.05,2604.06,642317.336
2025-02-08 16:00:00,2604.06,2648.83,2588.43,2630.99,443178.536
2025-02-09 00:00:00,2630.99,2698.0,2625.35,2661.3,541960.217
2025-02-09 08:00:00,2661.3,2672.41,2610.0,2651.91,672391.112
2025-02-09 16:00:00,2651.92,2665.78,2518.12,2626.07,1267771.848
2025-02-10 00:00:00,2626.07,2659.92,2556.91,2636.0,1070383.729
2025-02-10 08:00:00,2636.0,2685.65,2630.0,2657.31,981472.435
2025-02-10 16:00:00,2657.31,2692.99,2648.66,2659.99,658787.289
2025-02-11 00:00:00,2659.99,2724.49,2659.36,2710.68,913512.33
2025-02-11 08:00:00,2710.67,2720.54,2624.11,2661.16,1147195.307
2025-02-11 16:00:00,2661.16,2669.69,2552.88,2601.03,1285626.317
2025-02-12 00:00:00,2601.03,2623.4,2566.9,2617.27,671200.179
2025-02-12 08:00:00,2617.26,2664.68,2542.21,2605.99,1945657.141
2025-02-12 16:00:00,2606.0,2794.99,2582.0,2737.14,1682864.573
2025-02-13 00:00:00,2737.14,2756.51,2670.5,2680.13,813834.051
2025-02-13 08:00:00,2680.12,2687.6,2612.08,2646.27,1300466.528
2025-02-13 16:00:00,2646.28,2678.92,2610.72,2674.52,750203.638
2025-02-14 00:00:00,2674.52,2720.7,2662.97,2698.0,553247.563
2025-02-14 08:00:00,2698.01,2746.6,2676.33,2733.34,998617.935
2025-02-14 16:00:00,2733.35,2791.0,2704.23,2724.74,1160820.493
2025-02-15 00:00:00,2724.75,2738.0,2692.2,2696.37,429881.645
2025-02-15 08:00:00,2696.36,2713.82,2655.31,2689.86,528356.951
2025-02-15 16:00:00,2689.85,2707.49,2677.35,2691.73,328340.917
2025-02-16 00:00:00,2691.74,2726.27,2686.0,2694.39,375226.287
2025-02-16 08:00:00,2694.39,2711.87,2674.61,2692.96,522165.16
2025-02-16 16:00:00,2692.96,2702.7,2643.75,2660.0,597352.143
2025-02-17 00:00:00,2660.01,2694.76,2632.81,2680.47,633855.02
2025-02-17 08:00:00,2680.48,2848.76,2675.39,2754.74,2150279.239
2025-02-17 16:00:00,2754.73,2777.2,2685.48,2743.0,1330357.91
2025-02-18 00:00:00,2742.99,2755.85,2650.31,2671.01,998790.792
2025-02-18 08:00:00,2671.0,2731.74,2651.42,2672.38,1241515.766
2025-02-18 16:00:00,2672.38,2683.82,2604.18,2670.57,1339280.924
2025-02-19 00:00:00,2670.56,2716.62,2654.82,2707.0,744327.575
2025-02-19 08:00:00,2707.0,2736.12,2675.79,2695.59,1042416.03
2025-02-19 16:00:00,2695.59,2735.0,2693.19,2714.06,617820.876
2025-02-20 00:00:00,2714.06,2758.53,2708.21,2728.88,640588.656
2025-02-20 08:00:00,2728.87,2770.5,2706.0,2711.25,957500.745
2025-02-20 16:00:00,2711.24,2767.57,2705.64,2736.87,765564.901
2025-02-21 00:00:00,2736.86,2768.93,2724.15,2754.99,452788.795
2025-02-21 08:00:00,2754.99,2845.0,2666.15,2722.25,2881616.588
2025-02-21 16:00:00,2722.25,2768.24,2614.76,2660.85,2667902.63
2025-02-22 00:00:00,2660.86,2696.29,2651.24,2682.8,638760.416
2025-02-22 08:00:00,2682.81,2785.0,2675.16,2774.62,1147866.351
2025-02-22 16:00:00,2774.61,2797.21,2755.55,2762.01,719044.928
2025-02-23 00:00:00,2762.0,2828.5,2743.62,2823.64,883077.098
2025-02-23 08:00:00,2823.64,2831.0,2771.85,2781.75,1291162.05
2025-02-23 16:00:00,2781.76,2860.9,2781.04,2818.54,930766.559
2025-02-24 00:00:00,2818.54,2839.0,2691.07,2720.41,1600608.393
2025-02-24 08:00:00,2720.42,2721.01,2633.51,2657.59,1954882.395
2025-02-24 16:00:00,2657.59,2681.61,2466.34,2512.27,2335673.673
2025-02-25 00:00:00,2512.26,2529.4,2287.13,2366.83,3328000.764
2025-02-25 08:00:00,2366.83,2448.0,2355.36,2408.99,3174154.184
2025-02-25 16:00:00,2409.0,2532.89,2382.39,2494.45,1704428.72
2025-02-26 00:00:00,2494.46,2506.45,2470.33,2482.67,825875.474
2025-02-26 08:00:00,2482.66,2494.62,2368.29,2427.7,2093413.457
2025-02-26 16:00:00,2427.7,2433.5,2252.78,2335.33,3676880.547
2025-02-27 00:00:00,2335.34,2373.16,2302.01,2355.38,1241533.388
2025-02-27 08:00:00,2355.38,2381.44,2289.67,2322.32,1634615.64
2025-02-27 16:00:00,2322.32,2336.96,2229.0,2306.66,1697938.736
2025-02-28 00:00:00,2306.65,2313.24,2070.0,2104.89,4778184.161
2025-02-28 08:00:00,2104.88,2227.77,2074.61,2221.64,3097890.821
2025-02-28 16:00:00,2221.64,2255.4,2192.56,2236.59,1435900.762
2025-03-01 00:00:00,2236.59,2279.75,2211.79,2228.15,1054908.085
2025-03-01 08:00:00,2228.15,2238.77,2141.17,2172.34,1422856.116
2025-03-01 16:00:00,2172.34,2234.99,2168.17,2216.6,995199.848
2025-03-02 00:00:00,2216.59,2234.77,2200.11,2220.24,752811.804
2025-03-02 08:00:00,2220.23,2290.63,2170.09,2229.02,2387828.269
2025-03-02 16:00:00,2229.02,2550.0,2211.68,2517.12,5044557.409
2025-03-03 00:00:00,2517.12,2522.84,2351.67,2385.85,1780286.717
2025-03-03 08:00:00,2385.85,2388.44,2265.84,2286.33,2523107.018
2025-03-03 16:00:00,2286.32,2295.88,2094.76,2148.22,3462717.388
2025-03-04 00:00:00,2148.21,2166.21,2001.09,2079.67,3017162.575
2025-03-04 08:00:00,2079.67,2158.19,2024.5,2073.79,2964056.306
2025-03-04 16:00:00,2073.78,2221.77,1979.99,2170.51,3169957.321
2025-03-05 00:00:00,2170.51,2212.29,2153.7,2206.02,978937.34
2025-03-05 08:00:00,2206.02,2272.94,2165.3,2185.61,2354484.598
2025-03-05 16:00:00,2185.61,2252.2,2160.47,2240.45,1293533.044
2025-03-06 00:00:00,2240.44,2318.99,2232.16,2285.21,1286993.312
2025-03-06 08:00:00,2285.2,2304.93,2206.32,2256.41,1728206.962
2025-03-06 16:00:00,2256.42,2264.58,2175.5,2201.34,1559230.648
2025-03-07 00:00:00,2201.33,2226.45,2100.75,2191.52,2060067.442
2025-03-07 08:00:00,2191.51,2259.34,2164.37,2208.94,2020394.904
2025-03-07 16:00:00,2208.95,2214.85,2113.1,2140.72,2045213.193
2025-03-08 00:00:00,2140.72,2155.37,2103.07,2136.65,686680.257
2025-03-08 08:00:00,2136.65,2198.0,2125.4,2180.41,976529.738
2025-03-08 16:00:00,2180.41,2234.4,2160.2,2202.84,1003856.14
2025-03-09 00:00:00,2202.83,2211.27,2170.83,2184.07,536702.31
2025-03-09 08:00:00,2184.07,2187.0,2082.0,2095.86,1467893.426
2025-03-09 16:00:00,2095.85,2108.3,1986.8,2019.2,2788564.213
2025-03-10 00:00:00,2019.34,2078.55,1993.54,2074.2,1164939.72
2025-03-10 08:00:00,2074.2,2152.99,1995.47,2016.99,3454283.071
2025-03-10 16:00:00,2016.99,2024.29,1807.75,1864.51,4655957.375
2025-03-11 00:00:00,1864.52,1913.49,1752.5,1903.11,3448581.003
2025-03-11 08:00:00,1903.07,1969.77,1839.41,1913.58,3814461.89
2025-03-11 16:00:00,1913.58,1962.45,1885.37,1922.61,1872963.503
2025-03-12 00:00:00,1922.6,1932.0,1851.33,1910.47,2090514.668
2025-03-12 08:00:00,1910.47,1955.9,1828.87,1868.55,4288419.633
2025-03-12 16:00:00,1868.51,1914.72,1861.78,1907.24,1124842.53
2025-03-13 00:00:00,1907.23,1916.54,1856.93,1871.21,1188193.06
2025-03-13 08:00:00,1871.2,1922.0,1852.18,1874.72,2461648.782
2025-03-13 16:00:00,1874.72,1882.9,1820.2,1863.76,1656041.958
2025-03-14 00:00:00,1863.75,1904.94,1860.41,1892.33,742288.531
2025-03-14 08:00:00,1892.34,1941.81,1873.0,1921.2,1774895.05
2025-03-14 16:00:00,1921.2,1945.62,1907.39,1910.79,977289.348
2025-03-15 00:00:00,1910.78,1934.77,1902.47,1916.86,629468.0
2025-03-15 08:00:00,1916.85,1938.88,1911.4,1936.81,540919.941
2025-03-15 16:00:00,1936.81,1957.68,1927.28,1936.27,707326.409
2025-03-16 00:00:00,1936.26,1940.0,1915.22,1925.21,553088.061
2025-03-16 08:00:00,1925.2,1926.18,1865.49,1894.22,1399166.118
2025-03-16 16:00:00,1894.21,1923.9,1857.08,1885.97,1215481.217
2025-03-17 00:00:00,1885.96,1914.88,1878.66,1900.13,801780.621
2025-03-17 08:00:00,1900.13,1947.0,1886.29,1918.49,1365439.545
2025-03-17 16:00:00,1918.5,1951.76,1906.44,1925.37,1040552.887
2025-03-18 00:00:00,1925.36,1929.57,1892.9,1903.99,941198.422
2025-03-18 08:00:00,1903.99,1912.3,1871.14,1879.97,1330524.315
2025-03-18 16:00:00,1879.97,1935.44,1872.35,1930.64,962764.2
2025-03-19 00:00:00,1930.63,1948.5,1927.12,1931.21,884680.674
2025-03-19 08:00:00,1931.21,2056.48,1930.73,2047.87,3278309.841
2025-03-19 16:00:00,2047.88,2069.69,1994.16,2055.21,2221309.485
2025-03-20 00:00:00,2055.22,2067.15,2003.7,2006.45,969393.905
2025-03-20 08:00:00,2006.46,2020.57,1964.95,1971.06,2044210.4
2025-03-20 16:00:00,1971.03,1984.2,1951.15,1982.72,1020179.232
2025-03-21 00:00:00,1982.72,1995.8,1965.44,1976.0,731316.283
2025-03-21 08:00:00,1976.0,1981.87,1932.0,1949.63,1344083.365
2025-03-21 16:00:00,1949.58,1982.42,1945.0,1964.81,756880.799
2025-03-22 00:00:00,1964.81,1992.3,1963.41,1983.16,569980.943
2025-03-22 08:00:00,1983.15,2006.0,1980.3,1985.27,685504.111
2025-03-22 16:00:00,1985.27,2003.31,1973.13,1979.56,463430.973
2025-03-23 00:00:00,1979.55,2020.0,1975.51,2007.2,671871.587
2025-03-23 08:00:00,2007.2,2019.87,2001.2,2006.21,770428.014
2025-03-23 16:00:00,2006.22,2007.08,1978.78,2005.0,716148.875
2025-03-24 00:00:00,2005.0,2079.23,1976.46,2068.47,1846223.772
2025-03-24 08:00:00,2068.48,2104.24,2067.93,2088.8,1766419.108
2025-03-24 16:00:00,2088.79,2101.3,2066.38,2080.41,1055301.646
2025-03-25 00:00:00,2080.4,2097.21,2036.0,2054.8,1296897.194
2025-03-25 08:00:00,2054.8,2079.16,2050.7,2066.46,1139527.605
2025-03-25 16:00:00,2066.45,2083.21,2052.2,2065.22,805728.469
2025-03-26 00:00:00,2065.22,2077.7,2040.9,2068.34,882866.039
2025-03-26 08:00:00,2068.34,2074.85,2005.0,2011.21,1634292.651
2025-03-26 16:00:00,2011.2,2021.48,1980.41,2008.69,1362886.251
2025-03-27 00:00:00,2008.69,2036.88,2006.07,2025.44,720757.602
2025-03-27 08:00:00,2025.43,2035.0,1985.71,2004.57,1776201.089
2025-03-27 16:00:00,2004.58,2020.83,1992.48,2002.8,767589.762
2025-03-28 00:00:00,2002.8,2015.09,1896.7,1909.04,2288201.317
2025-03-28 08:00:00,1909.04,1924.0,1854.2,1871.45,2376790.344
2025-03-28 16:00:00,1871.45,1901.41,1861.07,1896.02,1027213.023
2025-03-29 00:00:00,1896.03,1912.94,1874.16,1879.37,906983.555
2025-03-29 08:00:00,1879.37,1886.58,1832.29,1839.22,1752462.378
2025-03-29 16:00:00,1839.28,1847.0,1796.13,1827.32,1725402.252
2025-03-30 00:00:00,1827.31,1846.24,1811.35,1836.7,793782.382
2025-03-30 08:00:00,1836.69,1848.08,1782.0,1812.81,1205114.311
2025-03-30 16:00:00,1812.81,1834.57,1766.04,1806.99,1859665.387
2025-03-31 00:00:00,1806.99,1823.01,1775.92,1797.91,1537430.864
2025-03-31 08:00:00,1797.9,1853.34,1776.56,1841.37,2523798.929
2025-03-31 16:00:00,1841.37,1846.4,1815.22,1821.59,1151300.92
2025-04-01 00:00:00,1821.59,1866.98,1816.64,1853.34,998461.415
2025-04-01 08:00:00,1853.34,1927.79,1841.2,1917.89,2692395.954
2025-04-01 16:00:00,1917.89,1923.63,1895.9,1904.21,980887.234
2025-04-02 00:00:00,1904.21,1908.01,1850.69,1864.07,1334396.005
2025-04-02 08:00:00,1864.06,1918.0,1853.12,1900.09,2350245.348
2025-04-02 16:00:00,1900.1,1957.97,1780.52,1794.1,3395213.85
2025-04-03 00:00:00,1794.11,1844.97,1787.9,1814.52,1353916.051
2025-04-03 08:00:00,1814.51,1823.49,1747.47,1781.42,2603952.852
2025-04-03 16:00:00,1781.42,1821.5,1766.29,1816.48,1228499.446
2025-04-04 00:00:00,1816.48,1822.69,1770.0,1816.88,1277398.51
2025-04-04 08:00:00,1816.87,1834.7,1757.52,1794.47,3435796.368
2025-04-04 16:00:00,1794.48,1828.71,1782.15,1815.97,1507919.624
2025-04-05 00:00:00,1815.97,1826.63,1803.04,1812.4,531298.54
2025-04-05 08:00:00,1812.39,1821.26,1776.34,1781.1,1002301.35
2025-04-05 16:00:00,1781.1,1809.3,1761.18,1805.15,825327.225
2025-04-06 00:00:00,1805.14,1816.38,1790.08,1796.84,623551.624
2025-04-06 08:00:00,1796.85,1797.28,1735.01,1758.8,1743742.906
2025-04-06 16:00:00,1758.8,1759.21,1535.27,1579.98,7020748.235
2025-04-07 00:00:00,1579.98,1613.51,1410.0,1459.52,6368684.206
2025-04-07 08:00:00,1459.51,1638.47,1454.8,1555.54,8499169.344
2025-04-07 16:00:00,1555.54,1584.58,1525.21,1552.44,2764217.802
2025-04-08 00:00:00,1552.44,1618.0,1540.19,1569.98,1943949.575
2025-04-08 08:00:00,1569.97,1592.79,1517.12,1530.75,3114390.183
2025-04-08 16:00:00,1530.75,1532.24,1441.62,1472.67,4139527.072
2025-04-09 00:00:00,1472.68,1491.68,1384.0,1482.9,4645129.993
2025-04-09 08:00:00,1482.89,1501.03,1439.03,1484.8,4711648.645
2025-04-09 16:00:00,1484.79,1688.0,1481.15,1668.69,6759791.985
2025-04-10 00:00:00,1668.7,1669.19,1582.5,1595.03,2334103.61
2025-04-10 08:00:00,1595.03,1627.61,1482.56,1495.0,4578566.487
2025-04-10 16:00:00,1494.99,1533.0,1470.84,1521.57,3032522.944
2025-04-11 00:00:00,1521.56,1561.95,1503.63,1551.99,1918095.625
2025-04-11 08:00:00,1551.99,1585.18,1536.47,1564.79,3115054.726
2025-04-11 16:00:00,1564.8,1590.88,1554.9,1565.96,1434932.335
2025-04-12 00:00:00,1565.97,1584.53,1545.06,1581.24,1193938.915
2025-04-12 08:00:00,1581.23,1669.85,1580.01,1655.1,2866890.985
2025-04-12 16:00:00,1655.09,1661.57,1627.42,1643.6,1543684.087
2025-04-13 00:00:00,1643.6,1649.2,1596.21,1612.77,1585982.366
2025-04-13 08:00:00,1612.78,1627.45,1565.11,1585.92,2047528.361
2025-04-13 16:00:00,1585.92,1648.73,1559.4,1596.92,2861851.765
2025-04-14 00:00:00,1596.93,1659.81,1594.73,1634.92,1896012.792
2025-04-14 08:00:00,1634.92,1691.57,1618.29,1626.96,3396680.587
2025-04-14 16:00:00,1626.97,1650.8,1603.0,1623.02,1679482.551
2025-04-15 00:00:00,1623.02,1648.0,1613.65,1644.18,1271483.075
2025-04-15 08:00:00,1644.18,1660.68,1600.01,1620.12,2557649.355
2025-04-15 16:00:00,1620.11,1627.19,1582.14,1588.0,1500965.148
2025-04-16 00:00:00,1588.0,1603.81,1550.0,1563.45,1950314.292
2025-04-16 08:00:00,1563.44,1614.95,1555.72,1589.91,2313513.041
2025-04-16 16:00:00,1589.91,1612.36,1537.56,1576.58,2958268.449
2025-04-17 00:00:00,1576.57,1609.9,1574.0,1600.99,1109383.783
2025-04-17 08:00:00,1600.99,1603.5,1562.26,1582.42,1705780.684
2025-04-17 16:00:00,1582.43,1616.81,1575.36,1582.84,2127350.075
2025-04-18 00:00:00,1582.84,1588.69,1572.65,1583.45,723882.457
2025-04-18 08:00:00,1583.46,1596.63,1577.56,1582.27,944914.208
2025-04-18 16:00:00,1582.28,1600.0,1580.95,1587.91,731667.072
2025-04-19 00:00:00,1587.91,1613.0,1584.01,1600.27,832158.635
2025-04-19 08:00:00,1600.28,1612.0,1593.23,1606.59,768741.604
2025-04-19 16:00:00,1606.6,1632.29,1597.76,1612.44,903070.87
2025-04-20 00:00:00,1612.45,1618.46,1580.0,1596.62,897406.079
2025-04-20 08:00:00,1596.63,1596.88,1564.69,1572.8,1364961.026
2025-04-20 16:00:00,1572.8,1600.0,1570.45,1586.56,838553.882
2025-04-21 00:00:00,1586.57,1658.0,1585.28,1645.1,2554280.479
2025-04-21 08:00:00,1645.11,1654.64,1607.63,1622.5,2374945.089
2025-04-21 16:00:00,1622.5,1625.41,1560.62,1578.64,2540852.786
2025-04-22 00:00:00,1578.63,1623.5,1535.0,1618.6,2611679.919
2025-04-22 08:00:00,1618.6,1725.93,1612.41,1702.41,4556092.241
2025-04-22 16:00:00,1702.41,1779.02,1681.42,1755.57,3139897.295
2025-04-23 00:00:00,1755.58,1817.98,1744.3,1791.27,3173145.636
2025-04-23 08:00:00,1791.28,1838.0,1761.0,1793.7,3756947.202
2025-04-23 16:00:00,1793.71,1809.6,1773.43,1794.46,1379430.282
2025-04-24 00:00:00,1794.45,1802.27,1750.8,1755.61,1531755.034
2025-04-24 08:00:00,1755.6,1777.33,1721.22,1763.83,2473589.228
2025-04-24 16:00:00,1763.83,1776.85,1745.09,1768.8,1241989.109
2025-04-25 00:00:00,1768.79,1789.88,1737.4,1776.38,1485614.301
2025-04-25 08:00:00,1776.39,1826.91,1755.81,1805.7,3163294.307
2025-04-25 16:00:00,1805.69,1809.81,1781.32,1783.77,1340201.568
2025-04-26 00:00:00,1783.76,1815.05,1783.76,1799.54,1165536.278
2025-04-26 08:00:00,1799.54,1841.49,1777.31,1799.39,2048911.121
2025-04-26 16:00:00,1799.38,1830.78,1795.0,1820.0,751140.45
2025-04-27 00:00:00,1819.99,1857.0,1788.88,1802.98,1794128.665
2025-04-27 08:00:00,1802.98,1814.99,1780.25,1792.88,1147641.212
2025-04-27 16:00:00,1792.88,1807.77,1783.1,1790.21,677785.729
2025-04-28 00:00:00,1790.22,1811.82,1750.99,1803.95,1832350.958
2025-04-28 08:00:00,1803.95,1826.71,1751.42,1762.08,2590456.527
2025-04-28 16:00:00,1762.08,1806.87,1742.15,1799.22,1929921.202
2025-04-29 00:00:00,1799.21,1824.24,1786.68,1820.77,1419336.238
2025-04-29 08:00:00,1820.77,1842.82,1801.0,1814.21,2283534.393
2025-04-29 16:00:00,1814.2,1831.49,1779.36,1796.57,1612447.814
2025-04-30 00:00:00,1796.57,1812.48,1787.72,1795.55,998105.552
2025-04-30 08:00:00,1795.54,1816.0,1730.6,1763.72,3158704.368
2025-04-30 16:00:00,1763.72,1809.19,1755.02,1792.71,1469733.568
2025-05-01 00:00:00,1792.71,1818.18,1791.55,1809.74,988153.404
2025-05-01 08:00:00,1809.74,1872.71,1807.74,1851.99,3226847.358
2025-05-01 16:00:00,1852.0,1869.4,1831.8,1837.19,1145707.276
2025-05-02 00:00:00,1837.18,1850.86,1815.0,1815.3,1247486.405
2025-05-02 08:00:00,1815.29,1853.58,1812.0,1840.21,1804864.187
2025-05-02 16:00:00,1840.21,1871.06,1830.79,1841.22,1277619.752
2025-05-03 00:00:00,1841.22,1842.44,1823.39,1825.58,643284.934
2025-05-03 08:00:00,1825.58,1839.27,1816.23,1833.51,1001012.864
2025-05-03 16:00:00,1833.51,1848.0,1807.75,1832.55,1157345.762
2025-05-04 00:00:00,1832.55,1849.53,1825.28,1840.24,987253.466
2025-05-04 08:00:00,1840.24,1840.73,1817.03,1829.63,1018347.401
2025-05-04 16:00:00,1829.64,1841.76,1801.71,1807.87,1050156.489
2025-05-05 00:00:00,1807.87,1829.07,1780.02,1825.74,1614423.797
2025-05-05 08:00:00,1825.73,1830.72,1793.29,1800.14,1713002.051
2025-05-05 16:00:00,1800.14,1832.98,1797.79,1819.43,1313929.517
2025-05-06 00:00:00,1819.43,1820.3,1791.57,1805.0,1001401.764
2025-05-06 08:00:00,1804.99,1805.17,1750.0,1769.31,2349203.853
2025-05-06 16:00:00,1769.31,1818.62,1761.0,1816.22,1993585.943
2025-05-07 00:00:00,1816.23,1850.0,1813.47,1837.26,1892096.153
2025-05-07 08:00:00,1837.27,1846.5,1813.36,1816.73,1562736.922
2025-05-07 16:00:00,1816.72,1824.73,1786.0,1810.14,2314374.888
2025-05-08 00:00:00,1810.13,1944.0,1807.72,1927.8,3320072.053
2025-05-08 08:00:00,1927.81,2075.1,1925.0,2050.56,4842613.427
2025-05-08 16:00:00,2050.56,2227.0,2035.79,2206.54,5127486.243
2025-05-09 00:00:00,2206.53,2393.67,2183.59,2363.81,4610889.148
2025-05-09 08:00:00,2363.71,2490.75,2270.0,2300.55,7654637.483
2025-05-09 16:00:00,2300.55,2355.0,2273.63,2344.3,1658891.306
2025-05-10 00:00:00,2344.31,2416.5,2315.09,2399.17,1789600.852
2025-05-10 08:00:00,2399.2,2449.99,2360.0,2432.38,3442777.363
2025-05-10 16:00:00,2432.38,2600.76,2427.65,2581.91,4105376.532
2025-05-11 00:00:00,2581.9,2608.0,2452.61,2472.61,3381329.191
2025-05-11 08:00:00,2472.61,2534.8,2434.89,2461.22,2397519.635
2025-05-11 16:00:00,2461.22,2527.71,2439.08,2513.48,1714895.735
2025-05-12 00:00:00,2513.48,2624.84,2484.02,2553.44,3184471.746
2025-05-12 08:00:00,2553.45,2585.05,2478.0,2485.94,3563154.089
2025-05-12 16:00:00,2485.95,2511.94,2406.55,2494.16,2449435.03
2025-05-13 00:00:00,2494.16,2494.9,2414.36,2459.9,1831900.206
2025-05-13 08:00:00,2459.89,2573.0,2450.57,2564.89,2858855.154
2025-05-13 16:00:00,2564.88,2738.62,2558.61,2678.59,4005423.647
2025-05-14 00:00:00,2678.58,2724.96,2620.8,2639.14,2448475.579
2025-05-14 08:00:00,2639.15,2644.71,2557.0,2596.28,3003685.902
2025-05-14 16:00:00,2596.28,2616.82,2545.0,2608.74,1462116.67
2025-05-15 00:00:00,2608.75,2646.1,2513.8,2529.6,2137473.976
2025-05-15 08:00:00,2529.59,2578.99,2475.61,2562.9,3553793.765
2025-05-15 16:00:00,2562.91,2603.52,2510.49,2547.75,2424409.881
2025-05-16 00:00:00,2547.76,2619.39,2533.15,2600.5,1503995.868
2025-05-16 08:00:00,2600.51,2648.68,2556.65,2593.94,2645373.209
2025-05-16 16:00:00,2593.93,2600.96,2527.14,2535.72,1365456.045
2025-05-17 00:00:00,2535.71,2537.63,2450.62,2491.49,2505658.068
2025-05-17 08:00:00,2491.49,2495.06,2442.65,2473.22,1447368.868
2025-05-17 16:00:00,2473.22,2495.55,2446.7,2474.09,1135837.084
2025-05-18 00:00:00,2474.09,2514.77,2466.74,2508.35,893718.655
2025-05-18 08:00:00,2508.35,2587.52,2486.65,2578.06,1936719.085
2025-05-18 16:00:00,2578.07,2582.92,2312.62,2496.98,5248626.524
2025-05-19 00:00:00,2496.98,2513.38,2346.99,2402.54,3401709.087
2025-05-19 08:00:00,2402.53,2473.0,2383.0,2465.59,2596549.079
2025-05-19 16:00:00,2465.59,2546.97,2449.82,2526.87,2874636.425
2025-05-20 00:00:00,2526.87,2588.0,2509.52,2531.2,2390816.949
2025-05-20 08:00:00,2531.21,2539.0,2463.0,2481.52,2227508.696
2025-05-20 16:00:00,2481.52,2540.47,2438.39,2523.09,2327637.987
2025-05-21 00:00:00,2523.08,2615.46,2506.31,2550.72,2410661.411
2025-05-21 08:00:00,2550.72,2581.96,2513.21,2566.01,2683191.896
2025-05-21 16:00:00,2566.01,2614.99,2450.72,2550.26,5506193.469
2025-05-22 00:00:00,2550.26,2647.25,2543.37,2634.41,2719391.964
2025-05-22 08:00:00,2634.41,2692.61,2618.59,2663.53,2906728.797
2025-05-22 16:00:00,2663.54,2675.34,2625.28,2663.72,1358933.924
2025-05-23 00:00:00,2663.72,2734.3,2643.76,2654.69,2870644.068
2025-05-23 08:00:00,2654.69,2687.8,2497.0,2567.38,4257160.468
2025-05-23 16:00:00,2567.37,2585.94,2502.1,2525.39,1933740.294
2025-05-24 00:00:00,2525.38,2562.33,2513.97,2545.79,1003169.754
2025-05-24 08:00:00,2545.78,2574.5,2542.34,2554.32,972920.793
2025-05-24 16:00:00,2554.32,2566.4,2511.13,2529.27,776437.401
2025-05-25 00:00:00,2529.27,2538.38,2473.36,2493.38,1357302.236
2025-05-25 08:00:00,2493.38,2524.99,2457.6,2510.47,1634798.58
2025-05-25 16:00:00,2510.47,2553.0,2495.0,2550.03,1044645.717
2025-05-26 00:00:00,2550.03,2598.6,2535.0,2579.71,1380822.057
2025-05-26 08:00:00,2579.7,2581.8,2537.68,2565.0,1243504.461
2025-05-26 16:00:00,2565.0,2584.74,2521.29,2562.43,1126507.82
2025-05-27 00:00:00,2562.42,2619.61,2508.0,2606.95,2179604.444
2025-05-27 08:00:00,2606.97,2683.76,2606.7,2667.46,2954234.124
2025-05-27 16:00:00,2667.47,2711.8,2651.0,2659.84,1807334.345
2025-05-28 00:00:00,2659.83,2660.85,2617.0,2635.35,1197849.448
2025-05-28 08:00:00,2635.36,2689.13,2606.0,2626.17,2432206.888
2025-05-28 16:00:00,2626.2,2686.0,2610.01,2680.4,1526077.071
2025-05-29 00:00:00,2680.4,2788.88,2669.43,2730.0,3097816.867
2025-05-29 08:00:00,2730.0,2744.0,2620.26,2642.46,2928083.498
2025-05-29 16:00:00,2642.46,2672.85,2617.11,2630.3,1562457.59
2025-05-30 00:00:00,2630.3,2648.42,2556.0,2617.55,2386357.708
2025-05-30 08:00:00,2617.55,2627.09,2571.17,2597.01,2202168.08
2025-05-30 16:00:00,2597.01,2603.0,2503.37,2529.63,2396321.554
2025-05-31 00:00:00,2529.62,2538.39,2474.0,2520.0,1717088.808
2025-05-31 08:00:00,2520.0,2550.0,2506.27,2534.85,1123798.09
2025-05-31 16:00:00,2534.85,2550.0,2521.05,2527.08,605942.437
2025-06-01 00:00:00,2527.08,2529.67,2488.52,2507.62,858172.37
2025-06-01 08:00:00,2507.62,2524.47,2465.0,2522.0,1309034.522
2025-06-01 16:00:00,2522.0,2547.0,2491.56,2537.89,1317664.837
2025-06-02 00:00:00,2537.89,2540.89,2482.0,2505.78,1240883.308
2025-06-02 08:00:00,2505.79,2556.34,2472.74,2543.24,2222439.555
2025-06-02 16:00:00,2543.25,2614.2,2522.88,2606.48,1812123.521
2025-06-03 00:00:00,2606.49,2649.0,2588.05,2608.68,1955922.072
2025-06-03 08:00:00,2608.69,2654.98,2593.47,2622.56,1853765.043
2025-06-03 16:00:00,2622.55,2627.77,2563.0,2592.16,1382220.065
2025-06-04 00:00:00,2592.16,2644.17,2582.41,2626.31,1227879.619
2025-06-04 08:00:00,2626.32,2679.64,2593.2,2666.91,2539947.684
2025-06-04 16:00:00,2666.92,2668.29,2596.95,2606.62,1516760.23
2025-06-05 00:00:00,2606.62,2633.76,2600.0,2603.21,1046592.837
2025-06-05 08:00:00,2603.22,2640.0,2560.01,2588.34,2825466.954
2025-06-05 16:00:00,2588.35,2590.7,2390.0,2412.9,4620340.929
2025-06-06 00:00:00,2412.9,2468.43,2379.62,2454.18,1899398.147
2025-06-06 08:00:00,2454.19,2529.67,2452.71,2508.29,2464320.298
2025-06-06 16:00:00,2508.28,2517.39,2471.51,2475.38,1055301.098
2025-06-07 00:00:00,2475.38,2501.15,2455.85,2490.21,998474.891
2025-06-07 08:00:00,2490.21,2522.91,2480.25,2518.5,912840.51
2025-06-07 16:00:00,2518.5,2545.0,2505.61,2523.4,781599.36
2025-06-08 00:00:00,2523.41,2525.0,2507.25,2513.45,500358.556
2025-06-08 08:00:00,2513.46,2527.26,2483.28,2513.39,1061444.81
2025-06-08 16:00:00,2513.38,2548.02,2497.41,2508.32,1071149.173
2025-06-09 00:00:00,2508.31,2510.64,2475.83,2490.67,988080.787
2025-06-09 08:00:00,2490.67,2547.97,2483.03,2532.98,2148183.768
2025-06-09 16:00:00,2532.98,2693.2,2532.66,2679.12,2436278.751
2025-06-10 00:00:00,2679.13,2726.83,2655.0,2676.67,2305424.45
2025-06-10 08:00:00,2676.67,2798.72,2669.01,2731.83,3890853.463
2025-06-10 16:00:00,2731.84,2827.0,2727.05,2815.74,2633879.602
2025-06-11 00:00:00,2815.74,2834.23,2771.14,2790.86,1408967.383
2025-06-11 08:00:00,2790.86,2879.0,2753.01,2864.01,3505898.164
2025-06-11 16:00:00,2864.0,2874.98,2742.57,2770.34,2999013.022
2025-06-12 00:00:00,2770.35,2783.9,2729.13,2739.45,1640101.197
2025-06-12 08:00:00,2739.45,2772.52,2710.78,2718.25,2506630.615
2025-06-12 16:00:00,2718.24,2769.97,2614.24,2641.38,3259162.455
2025-06-13 00:00:00,2641.38,2644.32,2433.8,2525.13,6189043.827
2025-06-13 08:00:00,2525.14,2562.57,2502.65,2550.26,3128108.656
2025-06-13 16:00:00,2550.26,2585.0,2508.7,2578.09,1848730.513
2025-06-14 00:00:00,2578.1,2578.18,2524.08,2535.82,923056.068
2025-06-14 08:00:00,2535.82,2545.4,2503.3,2518.22,1124925.267
2025-06-14 16:00:00,2518.21,2539.16,2486.68,2529.66,1517343.048
2025-06-15 00:00:00,2529.66,2552.23,2521.01,2527.33,925430.7
2025-06-15 08:00:00,2527.32,2555.0,2507.38,2540.79,1245444.271
2025-06-15 16:00:00,2540.8,2559.76,2490.38,2546.32,1327306.719
2025-06-16 00:00:00,2546.32,2637.7,2513.38,2627.71,2176658.119
2025-06-16 08:00:00,2627.72,2656.51,2591.62,2630.86,2042956.834
2025-06-16 16:00:00,2630.86,2680.0,2533.1,2543.12,2882035.043
2025-06-17 00:00:00,2543.11,2617.74,2524.0,2581.13,2336165.769
2025-06-17 08:00:00,2581.13,2584.37,2480.0,2497.75,2717023.021
2025-06-17 16:00:00,2497.76,2542.71,2451.97,2508.99,2950932.198
2025-06-18 00:00:00,2508.99,2545.1,2505.0,2532.33,1086814.918
2025-06-18 08:00:00,2532.33,2547.35,2465.0,2507.84,3168336.81
2025-06-18 16:00:00,2507.84,2536.75,2465.0,2523.49,2438553.94
2025-06-19 00:00:00,2523.5,2546.29,2505.52,2517.56,969544.632
2025-06-19 08:00:00,2517.56,2544.0,2488.76,2491.89,1459894.291
2025-06-19 16:00:00,2491.88,2531.85,2483.58,2520.18,1237307.758
2025-06-20 00:00:00,2520.17,2552.0,2502.44,2548.6,1176855.912
2025-06-20 08:00:00,2548.6,2568.56,2486.0,2492.46,2698349.655
2025-06-20 16:00:00,2492.47,2495.1,2363.88,2405.42,3848966.22
2025-06-21 00:00:00,2405.43,2431.44,2394.66,2425.63,803865.201
2025-06-21 08:00:00,2425.63,2447.96,2410.89,2422.37,1374989.158
2025-06-21 16:00:00,2422.36,2427.39,2213.07,2294.63,4168927.09
2025-06-22 00:00:00,2294.64,2312.96,2243.19,2269.74,2938502.315
2025-06-22 08:00:00,2269.74,2286.64,2155.1,2173.91,4963133.986
2025-06-22 16:00:00,2173.9,2236.0,2111.0,2226.33,3074790.077
2025-06-23 00:00:00,2226.33,2277.77,2221.0,2257.5,1694487.633
2025-06-23 08:00:00,2257.51,2317.0,2231.02,2247.17,2875129.467
2025-06-23 16:00:00,2247.16,2440.0,2187.01,2410.39,5549984.937
2025-06-24 00:00:00,2410.4,2434.1,2388.05,2391.79,1911733.988
2025-06-24 08:00:00,2391.78,2455.98,2374.9,2437.0,2811691.768
2025-06-24 16:00:00,2437.0,2481.28,2416.0,2447.58,1949184.216
2025-06-25 00:00:00,2447.58,2467.84,2422.77,2443.45,1180197.018
2025-06-25 08:00:00,2443.44,2447.61,2388.23,2404.48,2668207.451
2025-06-25 16:00:00,2404.48,2455.27,2400.22,2417.28,1151720.744
2025-06-26 00:00:00,2417.28,2520.0,2415.68,2489.0,2033486.31
2025-06-26 08:00:00,2489.01,2499.65,2408.01,2432.0,2413855.99
2025-06-26 16:00:00,2432.0,2456.58,2392.12,2414.54,1257652.212
2025-06-27 00:00:00,2414.59,2458.88,2377.0,2441.19,1408683.117
2025-06-27 08:00:00,2441.2,2463.38,2412.5,2437.61,1630236.151
2025-06-27 16:00:00,2437.61,2448.69,2387.01,2422.06,1336563.226
2025-06-28 00:00:00,2422.07,2433.0,2404.75,2430.55,531322.183
2025-06-28 08:00:00,2430.55,2443.99,2418.29,2435.08,474860.213
2025-06-28 16:00:00,2435.09,2447.42,2425.8,2434.8,527729.363
2025-06-29 00:00:00,2434.8,2441.68,2423.12,2439.58,373260.615
2025-06-29 08:00:00,2439.58,2463.96,2431.7,2435.36,1084750.535
2025-06-29 16:00:00,2435.36,2524.41,2406.45,2499.25,1608784.05
2025-06-30 00:00:00,2499.25,2523.43,2453.94,2479.63,1542951.122
2025-06-30 08:00:00,2479.63,2488.12,2431.87,2473.54,2139851.602
2025-06-30 16:00:00,2473.54,2521.59,2460.05,2484.3,1489683.981
2025-07-01 00:00:00,2484.3,2499.6,2443.88,2464.02,1250679.261
2025-07-01 08:00:00,2464.02,2464.02,2405.05,2422.49,1907960.661
2025-07-01 16:00:00,2422.49,2433.24,2383.33,2403.65,1347536.108
2025-07-02 00:00:00,2403.66,2453.53,2367.53,2445.75,1423166.482
2025-07-02 08:00:00,2445.76,2502.97,2430.42,2497.74,1903126.342
2025-07-02 16:00:00,2497.73,2618.2,2494.04,2569.37,3282773.945
2025-07-03 00:00:00,2569.37,2604.84,2555.25,2599.24,1311118.963
2025-07-03 08:00:00,2599.24,2635.0,2563.77,2569.14,3045896.243
2025-07-03 16:00:00,2569.14,2602.76,2563.75,2590.17,911742.038
2025-07-04 00:00:00,2590.18,2601.96,2528.0,2533.85,1469887.305
2025-07-04 08:00:00,2533.85,2558.0,2494.42,2499.61,2144013.841
2025-07-04 16:00:00,2499.61,2519.6,2473.07,2506.86,1419770.574
2025-07-05 00:00:00,2506.87,2528.86,2496.79,2520.35,637951.184
2025-07-05 08:00:00,2520.36,2524.73,2503.71,2506.88,629266.063
2025-07-05 16:00:00,2506.88,2521.74,2486.31,2515.25,744595.764
2025-07-06 00:00:00,2515.25,2526.09,2507.45,2516.9,461433.364
2025-07-06 08:00:00,2516.91,2569.4,2502.25,2557.69,1580681.366
2025-07-06 16:00:00,2557.69,2607.08,2522.69,2569.14,1558050.433
2025-07-07 00:00:00,2569.14,2589.88,2549.03,2577.28,985420.217
2025-07-07 08:00:00,2577.28,2587.73,2525.88,2532.56,1991751.592
2025-07-07 16:00:00,2532.56,2557.0,2505.37,2541.37,1590685.964
2025-07-08 00:00:00,2541.36,2563.0,2522.07,2552.16,1039673.299
2025-07-08 08:00:00,2552.16,2600.0,2542.0,2563.83,1725711.3
2025-07-08 16:00:00,2563.83,2627.83,2558.43,2613.97,1709071.645
2025-07-09 00:00:00,2613.97,2649.0,2588.49,2623.74,1448574.204
2025-07-09 08:00:00,2623.75,2674.5,2602.54,2655.41,2489785.568
2025-07-09 16:00:00,2655.41,2795.73,2650.88,2767.7,3330820.023
2025-07-10 00:00:00,2767.69,2822.23,2754.08,2789.54,1809963.888
2025-07-10 08:00:00,2789.54,2795.87,2756.72,2768.49,1829262.862
2025-07-10 16:00:00,2768.5,3010.44,2767.49,2950.62,4937145.332
2025-07-11 00:00:00,2950.61,3028.48,2913.72,2967.8,2912860.831
2025-07-11 08:00:00,2967.79,3040.95,2935.05,2950.45,3273075.446
2025-07-11 16:00:00,2950.46,3009.55,2921.98,2956.93,1970382.404
2025-07-12 00:00:00,2956.94,2978.0,2929.13,2961.7,886935.181
2025-07-12 08:00:00,2961.69,2979.0,2902.8,2914.83,1662328.803
2025-07-12 16:00:00,2914.83,2947.0,2909.38,2941.87,729758.666
2025-07-13 00:00:00,2941.88,2967.89,2934.88,2961.46,709192.083
2025-07-13 08:00:00,2961.47,3019.52,2943.05,2990.98,1517347.319
2025-07-13 16:00:00,2990.98,3009.78,2930.0,2970.37,1276576.524
2025-07-14 00:00:00,2970.37,3066.0,2961.44,3043.65,2423940.392
2025-07-14 08:00:00,3043.65,3083.0,2990.69,3011.0,3033664.893
2025-07-14 16:00:00,3011.0,3029.0,2980.0,3012.26,1199163.354
2025-07-15 00:00:00,3012.26,3022.5,2930.99,2976.35,2353312.92
2025-07-15 08:00:00,2976.36,3066.6,2958.0,3039.0,3390916.039
2025-07-15 16:00:00,3038.99,3144.48,3029.37,3137.62,2951433.578
2025-07-16 00:00:00,3137.62,3174.0,3099.6,3160.55,1938221.036
2025-07-16 08:00:00,3160.55,3265.88,3143.0,3243.4,3305312.214
2025-07-16 16:00:00,3243.41,3423.47,3233.58,3370.55,4160752.417
2025-07-17 00:00:00,3370.54,3472.2,3311.0,3448.37,2739088.85
2025-07-17 08:00:00,3448.37,3482.62,3362.0,3420.07,3042117.841
2025-07-17 16:00:00,3420.06,3524.0,3365.01,3476.65,3050309.608
2025-07-18 00:00:00,3476.66,3674.43,3458.0,3607.1,3721854.142
2025-07-18 08:00:00,3607.11,3673.72,3530.55,3564.7,3558213.269
2025-07-18 16:00:00,3564.7,3624.71,3476.1,3546.36,2660142.45
2025-07-19 00:00:00,3546.36,3608.0,3505.0,3570.54,1194637.75
2025-07-19 08:00:00,3570.54,3577.77,3525.72,3551.36,1209398.186
2025-07-19 16:00:00,3551.36,3598.0,3531.53,3591.31,1047508.481
2025-07-20 00:00:00,3591.32,3695.0,3578.05,3667.38,1851600.438
2025-07-20 08:00:00,3667.37,3790.0,3667.37,3785.39,2523472.273
2025-07-20 16:00:00,3785.39,3826.0,3680.0,3755.67,2860269.641
2025-07-21 00:00:00,3755.68,3812.0,3700.19,3786.97,1670074.866
2025-07-21 08:00:00,3786.96,3857.82,3755.06,3808.9,2728363.686
2025-07-21 16:00:00,3808.89,3815.86,3716.35,3760.96,2274140.759
2025-07-22 00:00:00,3760.95,3798.58,3651.0,3676.44,2774680.328
2025-07-22 08:00:00,3676.44,3728.97,3616.53,3717.74,3327596.351
2025-07-22 16:00:00,3717.74,3751.61,3654.54,3746.01,1829509.527
2025-07-23 00:00:00,3746.02,3764.08,3663.0,3672.27,1626933.257
2025-07-23 08:00:00,3672.27,3698.49,3580.0,3643.55,2905262.061
2025-07-23 16:00:00,3643.55,3643.55,3526.5,3627.49,2429989.059
2025-07-24 00:00:00,3627.5,3664.87,3505.0,3589.94,2425313.343
2025-07-24 08:00:00,3589.94,3772.63,3579.12,3730.46,3439082.041
2025-07-24 16:00:00,3730.47,3753.65,3665.8,3706.2,1921474.231
2025-07-25 00:00:00,3706.22,3707.46,3570.13,3630.68,3119086.474
2025-07-25 08:00:00,3630.68,3746.42,3600.0,3631.91,3054159.526
2025-07-25 16:00:00,3631.91,3729.53,3615.11,3724.17,1240111.205
2025-07-26 00:00:00,3724.18,3766.83,3694.56,3741.03,970618.108
2025-07-26 08:00:00,3741.04,3783.62,3714.14,3734.51,1388771.204
2025-07-26 16:00:00,3734.52,3795.2,3705.92,3740.0,968440.756
2025-07-27 00:00:00,3740.0,3810.28,3728.36,3766.5,974876.443
2025-07-27 08:00:00,3766.5,3840.0,3747.32,3817.66,1632946.989
2025-07-27 16:00:00,3817.67,3878.53,3807.83,3871.47,1453512.326
2025-07-28 00:00:00,3871.48,3940.81,3841.69,3892.01,2222012.333
2025-07-28 08:00:00,3892.0,3903.2,3770.01,3806.09,2523928.385
2025-07-28 16:00:00,3806.09,3821.0,3751.03,3796.0,1544850.208
2025-07-29 00:00:00,3795.99,3879.57,3727.21,3876.56,2030933.177
2025-07-29 08:00:00,3876.56,3885.43,3745.01,3759.52,2637229.661
2025-07-29 16:00:00,3759.52,3799.78,3712.24,3791.55,1878081.321
2025-07-30 00:00:00,3791.55,3832.61,3753.69,3809.13,1193855.414
2025-07-30 08:00:00,3809.12,3830.94,3742.0,3795.76,2037610.217
2025-07-30 16:00:00,3795.77,3821.36,3670.0,3808.67,2527323.107
2025-07-31 00:00:00,3808.67,3878.0,3799.78,3862.16,1196794.702
2025-07-31 08:00:00,3862.15,3872.98,3760.16,3786.01,1968049.973
2025-07-31 16:00:00,3786.01,3816.99,3682.23,3696.58,2232490.081
2025-08-01 00:00:00,3696.57,3722.9,3613.67,3648.67,2709715.949
2025-08-01 08:00:00,3648.66,3674.84,3562.05,3614.49,3174288.169
2025-08-01 16:00:00,3614.5,3632.74,3428.86,3486.42,3309568.149
2025-08-02 00:00:00,3486.41,3536.48,3453.14,3517.68,1451777.959
2025-08-02 08:00:00,3517.67,3523.0,3449.42,3457.5,1487457.857
2025-08-02 16:00:00,3457.5,3479.6,3366.5,3392.42,2484830.674
2025-08-03 00:00:00,3392.42,3458.67,3353.51,3454.23,1213721.934
2025-08-03 08:00:00,3454.23,3514.0,3451.82,3474.65,1382380.871
2025-08-03 16:00:00,3474.66,3520.97,3465.97,3495.0,831428.422
2025-08-04 00:00:00,3495.01,3575.0,3489.28,3550.66,1390941.73
2025-08-04 08:00:00,3550.67,3663.88,3539.79,3646.59,2077514.168
2025-08-04 16:00:00,3646.6,3735.0,3646.41,3719.42,1848056.495
2025-08-05 00:00:00,3719.41,3720.1,3598.74,3611.76,1623646.427
2025-08-05 08:00:00,3611.76,3692.3,3555.0,3568.46,2862409.527
2025-08-05 16:00:00,3568.46,3623.98,3542.58,3610.19,1329112.192
2025-08-06 00:00:00,3610.19,3661.4,3562.34,3638.4,1346024.846
2025-08-06 08:00:00,3638.39,3668.0,3571.05,3662.65,1766980.225
2025-08-06 16:00:00,3662.66,3697.39,3636.78,3681.21,1086032.115
2025-08-07 00:00:00,3681.21,3716.38,3645.78,3701.0,1050678.194
2025-08-07 08:00:00,3701.0,3864.54,3700.88,3835.15,3017277.364
2025-08-07 16:00:00,3835.15,3926.38,3777.14,3908.4,1869146.668
2025-08-08 00:00:00,3908.4,3968.81,3876.7,3914.88,1780409.486
2025-08-08 08:00:00,3914.87,4011.09,3883.11,3953.0,2519934.498
2025-08-08 16:00:00,3953.0,4070.0,3949.41,4009.05,1844998.873
2025-08-09 00:00:00,4009.04,4220.0,4005.02,4169.7,2381141.27
2025-08-09 08:00:00,4169.71,4248.87,4152.57,4207.51,2224331.7
2025-08-09 16:00:00,4207.52,4325.24,4191.0,4259.1,1942559.76
2025-08-10 00:00:00,4259.11,4331.99,4175.51,4184.36,2158249.358
2025-08-10 08:00:00,4184.36,4237.87,4160.0,4216.12,1584247.506
2025-08-10 16:00:00,4216.11,4257.96,4184.05,4248.77,1002627.787
2025-08-11 00:00:00,4248.77,4349.67,4236.36,4272.93,1952578.116
2025-08-11 08:00:00,4272.93,4331.5,4164.23,4328.88,3232813.864
2025-08-11 16:00:00,4328.88,4370.0,4185.6,4221.31,2095246.365
2025-08-12 00:00:00,4221.31,4320.63,4216.61,4314.23,1444200.757
2025-08-12 08:00:00,4314.23,4482.3,4255.56,4470.98,3797517.145
2025-08-12 16:00:00,4470.98,4640.0,4438.0,4589.31,3236999.261
2025-08-13 00:00:00,4589.31,4682.0,4562.59,4624.29,2065531.424
2025-08-13 08:00:00,4624.29,4736.76,4607.0,4664.79,3370626.054
2025-08-13 16:00:00,4664.79,4783.62,4660.82,4748.37,2523875.007
2025-08-14 00:00:00,4748.36,4794.0,4706.0,4748.99,2037502.701
2025-08-14 08:00:00,4748.99,4767.0,4455.0,4617.61,5753166.574
2025-08-14 16:00:00,4617.61,4623.22,4451.0,4545.26,2651890.395
2025-08-15 00:00:00,4545.26,4661.63,4535.27,4639.46,1461298.418
2025-08-15 08:00:00,4639.46,4670.23,4392.53,4428.72,3439665.54
2025-08-15 16:00:00,4428.72,4489.3,4364.0,4437.16,2519369.183
2025-08-16 00:00:00,4437.15,4488.33,4407.0,4449.48,1100944.031
2025-08-16 08:00:00,4449.48,4457.44,4370.0,4398.0,1518841.231
2025-08-16 16:00:00,4398.0,4440.0,4388.0,4420.22,567169.586
2025-08-17 00:00:00,4420.22,4488.82,4392.45,4465.0,1013276.083
2025-08-17 08:00:00,4464.99,4574.95,4456.63,4559.58,1542498.188
2025-08-17 16:00:00,4559.58,4564.59,4417.17,4470.66,1590354.905
2025-08-18 00:00:00,4470.66,4480.0,4228.0,4255.03,3635130.89
2025-08-18 08:00:00,4255.03,4368.01,4224.1,4343.22,3046117.824
2025-08-18 16:00:00,4343.23,4386.21,4297.59,4311.73,1551737.045
2025-08-19 00:00:00,4311.72,4354.22,4192.01,4232.61,2136362.861
2025-08-19 08:00:00,4232.61,4340.0,4167.0,4190.32,2952707.523
2025-08-19 16:00:00,4190.33,4205.29,4064.96,4073.94,2552041.802
2025-08-20 00:00:00,4073.93,4209.83,4060.0,4183.66,1809209.482
2025-08-20 08:00:00,4183.66,4306.55,4104.33,4253.47,3617809.944
2025-08-20 16:00:00,4253.46,4376.13,4252.72,4334.5,2242990.084
2025-08-21 00:00:00,4334.5,4338.94,4268.33,4309.16,1212907.083
2025-08-21 08:00:00,4309.16,4327.46,4224.5,4240.91,2345612.752
2025-08-21 16:00:00,4240.91,4273.17,4202.0,4223.7,1378849.467
2025-08-22 00:00:00,4223.69,4344.0,4220.08,4325.99,1448052.206
2025-08-22 08:00:00,4326.0,4666.0,4206.0,4613.93,5933473.723
2025-08-22 16:00:00,4613.93,4888.49,4613.93,4830.37,4602757.704
2025-08-23 00:00:00,4830.36,4830.37,4662.25,4712.85,2083742.527
2025-08-23 08:00:00,4712.86,4769.0,4688.95,4749.17,1282454.741
2025-08-23 16:00:00,4749.17,4797.24,4725.31,4777.26,631082.393
2025-08-24 00:00:00,4777.25,4816.55,4752.13,4757.66,888445.807
2025-08-24 08:00:00,4757.66,4829.66,4717.68,4796.28,1374950.072
2025-08-24 16:00:00,4796.28,4957.67,4702.47,4778.32,4097999.972
2025-08-25 00:00:00,4778.33,4796.8,4580.82,4589.6,2346454.637
2025-08-25 08:00:00,4589.6,4683.26,4518.0,4610.31,3184976.862
2025-08-25 16:00:00,4610.31,4644.71,4331.15,4374.25,3573045.426
2025-08-26 00:00:00,4374.25,4453.78,4310.0,4427.16,2106865.814
2025-08-26 08:00:00,4427.15,4576.31,4403.0,4516.17,3033911.118
2025-08-26 16:00:00,4516.16,4632.92,4494.19,4598.49,1692346.783
2025-08-27 00:00:00,4598.5,4643.93,4538.0,4578.59,1534982.207
2025-08-27 08:00:00,4578.59,4662.5,4553.0,4655.31,2146494.129
2025-08-27 16:00:00,4655.31,4655.92,4479.01,4504.84,2085142.378
2025-08-28 00:00:00,4504.86,4600.0,4465.0,4594.81,1174708.461
2025-08-28 08:00:00,4594.81,4633.12,4482.01,4502.04,1815169.366
2025-08-28 16:00:00,4502.04,4528.77,4425.0,4509.1,1436560.092
2025-08-29 00:00:00,4509.1,4514.66,4365.1,4379.03,1454759.387
2025-08-29 08:00:00,4379.03,4456.24,4264.29,4313.87,3417587.754
2025-08-29 16:00:00,4313.88,4378.5,4293.6,4358.65,1337306.97
2025-08-30 00:00:00,4358.65,4414.45,4254.97,4399.8,1570918.306
2025-08-30 08:00:00,4399.8,4406.03,4329.45,4373.71,905622.965
2025-08-30 16:00:00,4373.71,4376.6,4332.0,4372.0,466173.721
2025-08-31 00:00:00,4372.0,4489.85,4370.33,4448.77,1183227.362
2025-08-31 08:00:00,4448.77,4498.0,4438.0,4482.47,1024614.463
2025-08-31 16:00:00,4482.48,4489.0,4374.66,4389.58,948185.709
2025-09-01 00:00:00,4389.58,4462.47,4356.61,4461.11,1602620.329
2025-09-01 08:00:00,4461.1,4490.0,4342.03,4359.69,1751217.696
2025-09-01 16:00:00,4359.68,4369.78,4205.49,4313.0,2093655.858
2025-09-02 00:00:00,4313.0,4414.73,4289.12,4375.44,1261965.699
2025-09-02 08:00:00,4375.44,4407.06,4268.87,4293.12,2475188.579
2025-09-02 16:00:00,4293.12,4336.08,4254.33,4324.59,1385453.216
2025-09-03 00:00:00,4324.58,4354.0,4281.0,4307.83,1011493.242
2025-09-03 08:00:00,4307.84,4484.26,4300.31,4477.0,2029845.357
2025-09-03 16:00:00,4476.99,4488.36,4437.1,4448.22,839052.562
2025-09-04 00:00:00,4448.22,4480.99,4353.36,4368.8,1420246.591
2025-09-04 08:00:00,4368.8,4432.0,4291.0,4302.61,2183547.378
2025-09-04 16:00:00,4302.62,4351.23,4263.0,4295.68,1290322.717
2025-09-05 00:00:00,4295.68,4426.77,4287.16,4415.0,1239624.52
2025-09-05 08:00:00,4415.0,4494.45,4252.47,4280.44,4031817.717
2025-09-05 16:00:00,4280.45,4340.88,4270.0,4305.71,1054915.248
2025-09-06 00:00:00,4305.71,4327.0,4288.4,4310.35,421052.642
2025-09-06 08:00:00,4310.35,4313.36,4260.11,4267.68,640986.775
2025-09-06 16:00:00,4267.69,4304.0,4220.0,4271.69,1085515.35
2025-09-07 00:00:00,4271.68,4305.88,4269.0,4293.0,488003.39
2025-09-07 08:00:00,4293.0,4313.99,4286.52,4297.16,551816.924
2025-09-07 16:00:00,4297.17,4336.05,4267.44,4303.84,671650.238
2025-09-08 00:00:00,4303.83,4329.5,4276.21,4289.82,739692.259
2025-09-08 08:00:00,4289.82,4382.75,4285.78,4369.82,1717351.654
2025-09-08 16:00:00,4369.82,4371.88,4280.22,4303.98,1089366.702
2025-09-09 00:00:00,4303.97,4380.77,4275.0,4360.43,1184613.295
2025-09-09 08:00:00,4360.42,4366.43,4275.0,4282.64,1760894.003
2025-09-09 16:00:00,4282.64,4318.71,4276.0,4308.4,578052.317
2025-09-10 00:00:00,4308.41,4332.25,4283.0,4327.66,722070.502
2025-09-10 08:00:00,4327.67,4453.56,4305.57,4403.5,2204598.671
2025-09-10 16:00:00,4403.49,4407.35,4297.01,4347.83,1505554.301
2025-09-11 00:00:00,4347.83,4450.27,4336.8,4439.0,1179758.986
2025-09-11 08:00:00,4439.0,4483.44,4328.88,4410.41,2317085.688
2025-09-11 16:00:00,4410.4,4467.85,4405.0,4456.86,738985.963
2025-09-12 00:00:00,4456.87,4562.0,4448.35,4524.39,1521025.307
2025-09-12 08:00:00,4524.39,4570.0,4501.66,4540.16,1215413.832
2025-09-12 16:00:00,4540.15,4750.0,4531.76,4710.83,2082762.065
2025-09-13 00:00:00,4710.82,4768.0,4690.4,4709.69,1066427.382
2025-09-13 08:00:00,4709.7,4738.33,4635.0,4651.44,1163836.779
2025-09-13 16:00:00,4651.44,4670.94,4603.0,4664.74,941423.654
2025-09-14 00:00:00,4664.74,4691.3,4630.82,4648.81,613644.46
2025-09-14 08:00:00,4648.81,4672.61,4575.0,4580.22,1274367.384
2025-09-14 16:00:00,4580.22,4635.0,4577.5,4602.0,623248.067
2025-09-15 00:00:00,4602.0,4668.0,4578.01,4594.94,1116629.304
2025-09-15 08:00:00,4594.94,4594.94,4463.0,4497.46,2409534.494
2025-09-15 16:00:00,4497.46,4528.0,4472.49,4521.54,650241.194
2025-09-16 00:00:00,4521.54,4536.31,4485.02,4510.65,661260.853
2025-09-16 08:00:00,4510.64,4529.9,4421.01,4465.74,1473241.642
2025-09-16 16:00:00,4465.73,4523.19,4444.49,4499.41,975356.274
2025-09-17 00:00:00,4499.41,4554.09,4461.38,4542.33,1149961.394
2025-09-17 08:00:00,4542.33,4543.98,4465.0,4487.65,1047492.533
2025-09-17 16:00:00,4487.64,4615.26,4404.08,4588.3,2927053.226
2025-09-18 00:00:00,4588.31,4642.6,4551.75,4573.1,1085387.626
2025-09-18 08:00:00,4573.11,4623.0,4555.17,4597.15,1082302.659
2025-09-18 16:00:00,4597.14,4634.84,4568.4,4585.31,760703.406
2025-09-19 00:00:00,4585.32,4619.5,4515.65,4536.56,1166836.705
2025-09-19 08:00:00,4536.55,4546.78,4442.3,4472.29,1534351.537
2025-09-19 16:00:00,4472.29,4486.78,4433.0,4466.49,710150.288
2025-09-20 00:00:00,4466.48,4484.59,4451.62,4480.72,327357.443
2025-09-20 08:00:00,4480.72,4505.45,4453.21,4496.37,490967.678
2025-09-20 16:00:00,4496.36,4506.75,4467.27,4478.27,391771.855
2025-09-21 00:00:00,4478.26,4491.39,4454.29,4475.85,338603.972
2025-09-21 08:00:00,4475.85,4484.79,4440.07,4480.63,467301.463
2025-09-21 16:00:00,4480.62,4497.01,4440.01,4443.01,560350.137
2025-09-22 00:00:00,4443.0,4454.01,4000.88,4191.45,3477910.996
2025-09-22 08:00:00,4191.46,4217.49,4135.0,4165.82,1623302.175
2025-09-22 16:00:00,4165.83,4207.33,4119.16,4196.86,999172.907
2025-09-23 00:00:00,4196.87,4215.0,4112.43,4203.23,1242101.063
2025-09-23 08:00:00,4203.24,4230.06,4158.21,4178.8,1150057.226
2025-09-23 16:00:00,4178.8,4205.96,4135.32,4162.25,1099031.293
2025-09-24 00:00:00,4162.25,4193.0,4070.0,4173.43,1437917.855
2025-09-24 08:00:00,4173.43,4204.99,4145.0,4163.82,976615.781
2025-09-24 16:00:00,4163.82,4192.0,4126.01,4150.51,632720.73
2025-09-25 00:00:00,4150.51,4158.95,3961.0,4006.94,2863041.024
2025-09-25 08:00:00,4006.94,4052.05,3911.39,4001.0,2568071.21
2025-09-25 16:00:00,4001.0,4004.77,3822.0,3873.1,3020907.507
2025-09-26 00:00:00,3873.1,3975.99,3866.0,3936.6,1453363.783
2025-09-26 08:00:00,3936.61,3985.0,3871.0,3944.42,1892768.116
2025-09-26 16:00:00,3944.41,4066.39,3941.0,4030.17,1394865.836
2025-09-27 00:00:00,4030.17,4031.2,4001.8,4005.99,365043.15
2025-09-27 08:00:00,4006.0,4038.62,3971.45,4017.2,887860.675
2025-09-27 16:00:00,4017.21,4031.99,3979.6,4017.01,510186.314
2025-09-28 00:00:00,4017.01,4030.55,3992.09,4013.0,511251.019
2025-09-28 08:00:00,4013.01,4027.87,3963.1,4019.91,851919.149
2025-09-28 16:00:00,4019.92,4143.05,4019.91,4139.55,1151660.131
2025-09-29 00:00:00,4139.54,4143.99,4086.23,4106.6,738021.824
2025-09-29 08:00:00,4106.6,4202.69,4080.0,4162.72,1953192.935
2025-09-29 16:00:00,4162.71,4234.27,4125.21,4212.98,1090181.927
2025-09-30 00:00:00,4212.99,4246.87,4167.22,4180.99,976250.554
2025-09-30 08:00:00,4180.99,4182.0,4091.51,4118.09,1490196.679
2025-09-30 16:00:00,4118.09,4199.89,4091.0,4142.75,1226445.709
2025-10-01 00:00:00,4142.75,4172.47,4120.61,4143.99,772780.619
2025-10-01 08:00:00,4143.98,4343.29,4141.37,4325.01,2627225.718
2025-10-01 16:00:00,4325.01,4356.07,4284.55,4345.85,1036499.02
2025-10-02 00:00:00,4345.85,4422.3,4330.11,4373.65,1493316.171
2025-10-02 08:00:00,4373.65,4441.67,4332.23,4435.49,1570190.936
2025-10-02 16:00:00,4435.5,4516.65,4423.33,4481.7,1408159.137
2025-10-03 00:00:00,4481.7,4559.0,4451.46,4460.84,1138155.793
2025-10-03 08:00:00,4460.84,4540.77,4426.0,4533.2,1393031.104
2025-10-03 16:00:00,4533.2,4590.83,4446.9,4511.11,1890141.175
2025-10-04 00:00:00,4511.12,4515.8,4460.0,4496.23,630439.686
2025-10-04 08:00:00,4496.24,4509.89,4438.8,4453.13,809886.631
2025-10-04 16:00:00,4453.14,4492.42,4438.0,4484.79,447215.051
2025-10-05 00:00:00,4484.79,4614.19,4465.01,4604.91,1512607.822
2025-10-05 08:00:00,4604.91,4618.44,4521.61,4530.61,1181730.266
2025-10-05 16:00:00,4530.6,4539.53,4470.74,4512.34,782027.619
2025-10-06 00:00:00,4512.35,4576.58,4486.05,4530.98,1058795.024
2025-10-06 08:00:00,4530.99,4692.91,4530.99,4671.24,1767169.324
2025-10-06 16:00:00,4671.24,4734.99,4657.56,4682.43,1162585.625
2025-10-07 00:00:00,4682.42,4730.65,4660.03,4676.83,875949.818
2025-10-07 08:00:00,4676.84,4754.0,4472.94,4510.3,3250655.286
2025-10-07 16:00:00,4510.3,4522.33,4422.44,4445.76,1819851.568
2025-10-08 00:00:00,4445.77,4497.05,4408.69,4461.08,1066490.076
2025-10-08 08:00:00,4461.08,4522.0,4434.59,4445.11,1432884.966
2025-10-08 16:00:00,4445.1,4556.75,4436.55,4523.67,1255708.41
2025-10-09 00:00:00,4523.66,4529.15,4400.0,4424.43,1196458.31
2025-10-09 08:00:00,4424.42,4425.17,4290.0,4312.81,2643457.735
2025-10-09 16:00:00,4312.81,4381.42,4262.55,4365.83,1262654.611
2025-10-10 00:00:00,4365.83,4392.0,4312.53,4321.06,1043455.648
2025-10-10 08:00:00,4321.05,4388.43,4067.44,4100.48,2938908.658
2025-10-10 16:00:00,4100.49,4136.08,3400.0,3819.99,8034754.741
2025-10-11 00:00:00,3820.0,3874.28,3725.0,3757.27,2127400.755
2025-10-11 08:00:00,3757.27,3856.0,3746.62,3822.58,1437920.23
2025-10-11 16:00:00,3822.58,3845.98,3640.0,3744.99,1650267.483
2025-10-12 00:00:00,3744.99,3842.18,3692.96,3825.25,1682817.366
2025-10-12 08:00:00,3825.26,4077.96,3791.79,4032.38,4329597.121
2025-10-12 16:00:00,4032.37,4200.0,4032.37,4149.99,3459852.903
2025-10-13 00:00:00,4150.0,4219.43,4113.45,4176.29,2191723.281
2025-10-13 08:00:00,4176.28,4193.89,4034.12,4133.44,3527937.044
2025-10-13 16:00:00,4133.45,4293.03,4126.81,4239.7,2147756.215
2025-10-14 00:00:00,4239.7,4262.0,3964.4,3979.28,2863511.393
2025-10-14 08:00:00,3979.29,4087.7,3885.09,4083.25,3485926.451
2025-10-14 16:00:00,4083.25,4163.25,4042.83,4123.05,2120575.43
2025-10-15 00:00:00,4123.06,4144.49,4059.0,4120.0,1132441.794
2025-10-15 08:00:00,4120.0,4216.12,3957.47,3979.23,2638190.782
2025-10-15 16:00:00,3979.23,4011.56,3925.0,3983.81,1612611.434
2025-10-16 00:00:00,3983.8,4050.0,3973.76,4002.48,1054628.547
2025-10-16 08:00:00,4002.51,4089.34,3890.0,3905.04,2528334.714
2025-10-16 16:00:00,3905.03,3966.29,3822.5,3892.02,2148737.518
2025-10-17 00:00:00,3892.02,3948.06,3751.0,3754.79,1685939.318
2025-10-17 08:00:00,3754.78,3817.4,3671.0,3796.02,3669229.14
2025-10-17 16:00:00,3796.03,3882.0,3777.0,3829.99,1298547.406
2025-10-18 00:00:00,3830.0,3926.0,3817.21,3890.47,878346.832
2025-10-18 08:00:00,3890.46,3903.8,3846.11,3875.99,610215.013
2025-10-18 16:00:00,3876.0,3907.92,3851.95,3887.01,450223.253
2025-10-19 00:00:00,3887.01,3919.48,3853.53,3886.7,579648.89
2025-10-19 08:00:00,3886.7,4001.0,3810.0,3977.55,1902079.379
2025-10-19 16:00:00,3977.54,4030.0,3957.0,3980.59,896439.902
2025-10-20 00:00:00,3980.6,4085.0,3906.89,4053.36,1469058.569
2025-10-20 08:00:00,4053.35,4069.89,4001.0,4002.73,1237890.629
2025-10-20 16:00:00,4002.73,4002.73,3920.3,3977.54,1257244.508
2025-10-21 00:00:00,3977.54,3984.68,3838.21,3890.52,1311545.734
2025-10-21 08:00:00,3890.53,4083.78,3850.02,4080.41,2317063.301
2025-10-21 16:00:00,4080.41,4108.41,3855.55,3871.11,2436849.716
2025-10-22 00:00:00,3871.11,3887.45,3815.37,3866.87,1078461.5
2025-10-22 08:00:00,3866.88,3875.56,3765.0,3839.73,2280221.009
2025-10-22 16:00:00,3839.72,3859.64,3706.31,3803.93,1656240.356
2025-10-23 00:00:00,3803.94,3896.0,3794.89,3879.76,879029.339
2025-10-23 08:00:00,3879.76,3905.47,3807.01,3874.87,1590886.49
2025-10-23 16:00:00,3874.87,3933.4,3816.88,3855.21,1234021.087
2025-10-24 00:00:00,3855.22,3988.0,3844.02,3947.64,1181841.466
2025-10-24 08:00:00,3947.65,4026.48,3870.0,3887.09,1782754.207
2025-10-24 16:00:00,3887.09,3943.81,3864.28,3933.19,690835.782
2025-10-25 00:00:00,3933.2,3963.26,3910.0,3927.29,448752.155
2025-10-25 08:00:00,3927.3,3955.0,3922.83,3931.48,483307.45
2025-10-25 16:00:00,3931.47,3968.93,3926.6,3952.25,362851.474
2025-10-26 00:00:00,3952.24,3960.0,3914.3,3949.72,369930.438
2025-10-26 08:00:00,3949.72,4098.0,3948.84,4073.45,1612747.31
2025-10-26 16:00:00,4073.45,4179.27,4043.43,4156.37,946709.116
2025-10-27 00:00:00,4156.36,4253.0,4145.27,4200.0,1320064.975
2025-10-27 08:00:00,4199.99,4200.42,4122.02,4171.25,1555769.685
2025-10-27 16:00:00,4171.25,4231.64,4090.61,4118.47,1302127.142
2025-10-28 00:00:00,4118.46,4140.26,4064.29,4115.36,1010041.682
2025-10-28 08:00:00,4115.36,4174.08,4066.0,4095.35,1396907.306
2025-10-28 16:00:00,4095.36,4149.87,3925.01,3977.56,1885027.23
2025-10-29 00:00:00,3977.56,4034.99,3962.28,4022.83,728888.333
2025-10-29 08:00:00,4022.83,4028.01,3939.14,3950.23,1213496.796
2025-10-29 16:00:00,3950.23,4017.11,3836.0,3900.38,2515825.205
2025-10-30 00:00:00,3900.38,3947.0,3836.82,3938.18,1595357.381
2025-10-30 08:00:00,3938.19,3938.41,3755.81,3771.61,2170468.199
2025-10-30 16:00:00,3771.61,3805.0,3677.7,3802.8,2003348.361
2025-10-31 00:00:00,3802.8,3872.0,3794.13,3829.43,1278492.763
2025-10-31 08:00:00,3829.43,3887.02,3816.29,3858.58,1377322.588
2025-10-31 16:00:00,3858.58,3904.9,3802.64,3846.42,1160152.171
2025-11-01 00:00:00,3846.42,3867.66,3828.8,3859.28,368233.177
2025-11-01 08:00:00,3859.29,3901.36,3855.66,3893.01,512109.663
2025-11-01 16:00:00,3893.02,3907.61,3860.44,3872.14,390142.166
2025-11-02 00:00:00,3872.14,3917.0,3860.01,3904.57,426669.106
2025-11-02 08:00:00,3904.58,3909.34,3837.04,3851.63,894819.789
2025-11-02 16:00:00,3851.63,3915.0,3838.23,3904.8,495364.894
2025-11-03 00:00:00,3904.79,3913.34,3682.0,3713.1,2221585.668
2025-11-03 08:00:00,3713.09,3747.36,3578.4,3587.38,2487799.001
2025-11-03 16:00:00,3587.38,3681.23,3556.0,3602.15,1890089.828
2025-11-04 00:00:00,3602.15,3653.65,3470.58,3492.79,2388009.889
2025-11-04 08:00:00,3492.78,3586.12,3460.0,3506.0,2295083.189
2025-11-04 16:00:00,3505.99,3518.95,3055.0,3285.28,5995177.918
2025-11-05 00:00:00,3285.28,3353.8,3165.41,3329.1,2091401.986
2025-11-05 08:00:00,3329.09,3397.67,3272.24,3396.31,1934251.593
2025-11-05 16:00:00,3396.32,3479.0,3368.05,3423.06,1504255.399
2025-11-06 00:00:00,3423.06,3455.0,3357.94,3378.9,1226269.631
2025-11-06 08:00:00,3378.89,3414.3,3275.19,3300.01,1984937.352
2025-11-06 16:00:00,3300.01,3351.81,3245.0,3313.7,1712212.413
2025-11-07 00:00:00,3313.7,3370.0,3273.04,3356.32,1066781.979
2025-11-07 08:00:00,3356.31,3359.29,3192.92,3295.99,2374165.221
2025-11-07 16:00:00,3296.0,3472.23,3271.76,3434.36,1562996.228
2025-11-08 00:00:00,3434.37,3490.0,3404.93,3446.41,972545.01
2025-11-08 08:00:00,3446.41,3468.43,3367.81,3375.68,1034747.446
2025-11-08 16:00:00,3375.69,3414.33,3353.31,3400.07,656093.763
2025-11-09 00:00:00,3400.08,3425.68,3356.74,3421.05,624769.061
2025-11-09 08:00:00,3421.06,3563.19,3380.71,3513.58,1544761.466
2025-11-09 16:00:00,3513.58,3624.4,3500.0,3581.31,1072574.322
2025-11-10 00:00:00,3581.31,3658.0,3548.88,3607.5,1163146.179
2025-11-10 08:00:00,3607.51,3630.3,3506.66,3518.1,1518485.743
2025-11-10 16:00:00,3518.1,3582.69,3505.55,3566.38,1050460.787
2025-11-11 00:00:00,3566.38,3647.54,3528.8,3542.88,1486146.837
2025-11-11 08:00:00,3542.88,3593.0,3466.0,3479.62,1704318.023
2025-11-11 16:00:00,3479.62,3499.1,3403.02,3416.32,1319979.084
2025-11-12 00:00:00,3416.33,3455.79,3408.14,3426.52,768833.99
2025-11-12 08:00:00,3426.51,3587.24,3416.27,3426.34,2331692.105
2025-11-12 16:00:00,3426.33,3455.0,3370.0,3413.46,1784527.344
2025-11-13 00:00:00,3413.45,3565.0,3375.09,3537.15,1725766.145
2025-11-13 08:00:00,3537.16,3549.0,3365.0,3385.52,2467569.12
2025-11-13 16:00:00,3385.52,3397.96,3152.49,3230.12,3559916.525
2025-11-14 00:00:00,3230.13,3250.0,3104.0,3213.82,2670466.678
2025-11-14 08:00:00,3213.82,3233.66,3068.0,3195.73,3612042.822
2025-11-14 16:00:00,3195.73,3255.95,3088.0,3111.2,1825145.983
2025-11-15 00:00:00,3111.2,3192.8,3109.16,3174.98,775475.988
2025-11-15 08:00:00,3174.99,3197.5,3132.66,3184.5,755191.664
2025-11-15 16:00:00,3184.5,3230.56,3151.33,3166.55,851879.963
2025-11-16 00:00:00,3166.56,3219.75,3130.01,3218.21,847348.266
2025-11-16 08:00:00,3218.22,3248.5,3095.84,3103.52,1718614.703
2025-11-16 16:00:00,3103.52,3127.21,3001.01,3094.05,2948088.823
2025-11-17 00:00:00,3094.04,3209.77,3067.77,3197.11,1356332.42
2025-11-17 08:00:00,3197.11,3223.22,3093.43,3119.46,2395215.779
2025-11-17 16:00:00,3119.47,3142.1,2958.0,3030.06,2968893.78
2025-11-18 00:00:00,3030.06,3049.0,2943.31,3022.93,2640160.221
2025-11-18 08:00:00,3022.94,3123.17,3020.01,3105.19,2245938.702
2025-11-18 16:00:00,3105.19,3169.28,3095.99,3122.2,1332563.919
2025-11-19 00:00:00,3122.2,3125.05,2990.15,3083.69,1725159.378
2025-11-19 08:00:00,3083.69,3112.96,2966.0,2971.58,2454528.307
2025-11-19 16:00:00,2971.57,3026.57,2873.0,3024.09,3576240.182
2025-11-20 00:00:00,3024.08,3063.0,3003.41,3038.09,1477456.963
2025-11-20 08:00:00,3038.1,3048.0,2950.0,2954.53,2210052.519
2025-11-20 16:00:00,2954.52,2960.11,2788.01,2832.97,4322047.633
2025-11-21 00:00:00,2832.96,2885.84,2642.65,2718.66,3234251.14
2025-11-21 08:00:00,2718.67,2779.56,2620.0,2703.7,5032594.091
2025-11-21 16:00:00,2703.69,2805.94,2673.58,2764.69,2460327.873
2025-11-22 00:00:00,2764.7,2783.34,2725.24,2755.13,839329.337
2025-11-22 08:00:00,2755.14,2755.36,2702.87,2737.62,1231408.364
2025-11-22 16:00:00,2737.61,2798.0,2732.34,2769.06,639083.192
2025-11-23 00:00:00,2769.06,2850.94,2766.87,2792.16,1232408.4
2025-11-23 08:00:00,2792.16,2857.0,2792.02,2835.01,1066948.575
2025-11-23 16:00:00,2835.01,2845.53,2785.0,2800.73,989606.742
2025-11-24 00:00:00,2800.74,2884.8,2761.38,2828.77,2108396.997
2025-11-24 08:00:00,2828.76,2859.5,2782.2,2845.16,1835305.955
2025-11-24 16:00:00,2845.15,2986.98,2841.29,2952.19,2214672.199
2025-11-25 00:00:00,2952.18,2952.51,2900.01,2901.56,1066101.914
2025-11-25 08:00:00,2901.56,2933.5,2855.0,2894.18,2108455.701
2025-11-25 16:00:00,2894.19,2979.31,2870.03,2958.24,1599701.259
2025-11-26 00:00:00,2958.24,2983.8,2918.56,2943.04,902294.023
2025-11-26 08:00:00,2943.04,2949.25,2887.09,2926.63,1592160.425
2025-11-26 16:00:00,2926.63,3044.46,2924.74,3025.02,1778973.336
2025-11-27 00:00:00,3025.02,3070.0,3002.0,3032.12,1169620.818
2025-11-27 08:00:00,3032.12,3044.0,2983.81,3009.68,1147368.69
2025-11-27 16:00:00,3009.68,3043.5,3002.0,3013.8,642034.029
2025-11-28 00:00:00,3013.81,3028.0,2992.1,3000.14,744208.883
2025-11-28 08:00:00,3000.13,3099.0,2999.7,3071.77,1946373.553
2025-11-28 16:00:00,3071.77,3072.53,3009.36,3029.8,1188391.171
2025-11-29 00:00:00,3029.8,3051.46,2989.12,3003.23,749141.801
2025-11-29 08:00:00,3003.22,3015.0,2982.3,3006.0,743740.656
2025-11-29 16:00:00,3006.0,3011.1,2960.01,2987.96,765509.986
2025-11-30 00:00:00,2987.96,3011.97,2974.0,3003.54,496558.56
2025-11-30 08:00:00,3003.54,3052.21,2996.69,3027.65,864796.61
2025-11-30 16:00:00,3027.65,3048.44,2988.28,2990.02,617484.13
2025-12-01 00:00:00,2990.02,2998.84,2805.55,2838.44,2676435.269
2025-12-01 08:00:00,2838.43,2854.56,2718.07,2745.01,2406547.688
2025-12-01 16:00:00,2745.01,2818.0,2718.63,2797.47,1658847.763
2025-12-02 00:00:00,2797.48,2825.57,2781.38,2804.2,810282.945
2025-12-02 08:00:00,2804.2,3026.04,2780.6,3005.55,2589381.78
2025-12-02 16:00:00,3005.55,3034.94,2970.04,2994.63,1681326.128
2025-12-03 00:00:00,2994.63,3084.34,2983.76,3056.41,1315262.058
2025-12-03 08:00:00,3056.41,3145.14,3030.0,3084.84,2366723.568
2025-12-03 16:00:00,3084.84,3216.53,3062.72,3187.07,1779262.428
2025-12-04 00:00:00,3187.08,3239.27,3170.06,3189.02,1527428.018
2025-12-04 08:00:00,3189.01,3227.66,3138.15,3206.56,1590511.499
2025-12-04 16:00:00,3206.56,3225.0,3064.81,3132.01,1883159.594
2025-12-05 00:00:00,3132.01,3192.72,3131.05,3172.47,866691.035
2025-12-05 08:00:00,3172.47,3172.47,3081.09,3105.39,2262082.022
2025-12-05 16:00:00,3105.39,3107.48,2978.0,3020.38,2249954.953
2025-12-06 00:00:00,3020.38,3044.8,3011.0,3024.98,428115.904
2025-12-06 08:00:00,3024.98,3068.58,3012.0,3040.1,738428.249
2025-12-06 16:00:00,3040.1,3065.59,3023.0,3036.53,452069.005
2025-12-07 00:00:00,3036.53,3056.78,3029.16,3035.91,348768.17
2025-12-07 08:00:00,3035.9,3052.8,2903.75,3025.82,1804126.468
2025-12-07 16:00:00,3025.83,3150.0,2997.59,3058.14,2163192.687
2025-12-08 00:00:00,3058.14,3140.15,3038.76,3132.62,1033076.897
2025-12-08 08:00:00,3132.61,3179.99,3087.34,3099.69,2140998.302
2025-12-08 16:00:00,3099.69,3152.0,3066.17,3123.14,1124556.599
2025-12-09 00:00:00,3123.15,3142.3,3089.01,3121.57,882476.451
2025-12-09 08:00:00,3121.58,3256.0,3090.0,3244.91,1895906.72
2025-12-09 16:00:00,3244.92,3397.5,3244.3,3316.49,2811389.194
2025-12-10 00:00:00,3316.5,3334.92,3286.58,3325.65,650584.029
2025-12-10 08:00:00,3325.64,3374.93,3295.56,3326.63,1414488.465
2025-12-10 16:00:00,3326.63,3446.12,3316.9,3322.79,2746941.602
2025-12-11 00:00:00,3322.8,3326.74,3165.0,3199.97,1850038.672
2025-12-11 08:00:00,3199.97,3212.0,3142.92,3177.71,1549996.322
2025-12-11 16:00:00,3177.71,3272.43,3153.78,3235.77,1782928.111
2025-12-12 00:00:00,3235.78,3264.78,3183.33,3245.0,840310.045
2025-12-12 08:00:00,3244.99,3254.74,3050.0,3070.0,2055526.067
2025-12-12 16:00:00,3070.01,3098.28,3041.1,3083.34,1720881.529
2025-12-13 00:00:00,3083.34,3094.23,3077.0,3093.19,317448.653
2025-12-13 08:00:00,3093.2,3135.0,3090.91,3108.1,773367.147
2025-12-13 16:00:00,3108.1,3118.99,3075.0,3113.01,359483.721
2025-12-14 00:00:00,3113.0,3128.65,3101.27,3113.78,327858.991
2025-12-14 08:00:00,3113.77,3118.72,3048.32,3083.33,1159670.826
2025-12-14 16:00:00,3083.32,3107.0,3022.51,3062.02,1202464.491
2025-12-15 00:00:00,3062.01,3150.0,3055.25,3127.34,1172325.264
2025-12-15 08:00:00,3127.34,3177.0,2985.0,3009.48,2579564.592
2025-12-15 16:00:00,3009.48,3016.55,2890.51,2963.25,2328803.116
2025-12-16 00:00:00,2963.25,2976.94,2870.0,2922.62,1348701.345
2025-12-16 08:00:00,2922.61,2982.1,2885.46,2961.73,2032727.747
2025-12-16 16:00:00,2961.73,2966.98,2910.01,2960.84,1119986.617
2025-12-17 00:00:00,2960.83,2973.52,2912.36,2946.59,793938.283
2025-12-17 08:00:00,2946.59,3030.0,2882.49,2903.23,2732808.905
2025-12-17 16:00:00,2903.23,2924.79,2789.52,2832.0,2359346.377
2025-12-18 00:00:00,2831.99,2846.81,2820.12,2834.98,655219.754
2025-12-18 08:00:00,2834.99,2997.05,2830.26,2963.89,2761963.051
2025-12-18 16:00:00,2963.9,2966.28,2772.97,2827.3,2938658.79
2025-12-19 00:00:00,2827.32,2984.0,2806.15,2950.4,1979343.985
2025-12-19 08:00:00,2950.39,3017.99,2936.64,2963.48,1794829.018
2025-12-19 16:00:00,2963.48,3006.76,2933.0,2978.33,1250268.539
2025-12-20 00:00:00,2978.34,2992.81,2969.23,2980.25,340486.167
2025-12-20 08:00:00,2980.26,2992.97,2965.28,2975.57,548994.152
2025-12-20 16:00:00,2975.58,2984.75,2971.28,2976.54,148451.752
2025-12-21 00:00:00,2976.55,2981.68,2960.13,2979.83,255141.127
2025-12-21 08:00:00,2979.83,3011.99,2943.0,2973.23,1104282.038
2025-12-21 16:00:00,2973.23,3011.34,2965.93,3000.62,521515.312
2025-12-22 00:00:00,3000.61,3060.39,2966.0,3028.38,1323403.902
2025-12-22 08:00:00,3028.38,3077.99,3020.4,3051.22,1497425.066
2025-12-22 16:00:00,3051.22,3058.61,2961.0,3008.49,1207176.799
2025-12-23 00:00:00,3008.5,3035.0,2945.0,2963.58,1086406.129
2025-12-23 08:00:00,2963.57,2974.46,2899.3,2927.39,1481342.932
2025-12-23 16:00:00,2927.39,2987.74,2907.28,2963.29,1458187.093
2025-12-24 00:00:00,2963.29,2976.48,2916.11,2931.5,902898.856
2025-12-24 08:00:00,2931.49,2938.71,2886.75,2924.2,1108897.737
2025-12-24 16:00:00,2924.2,2962.69,2920.04,2946.23,610855.337
2025-12-25 00:00:00,2946.23,2955.92,2934.66,2940.83,274581.8
2025-12-25 08:00:00,2940.83,2969.99,2910.14,2959.68,796502.264
2025-12-25 16:00:00,2959.67,2966.49,2888.88,2902.32,762811.778
2025-12-26 00:00:00,2902.32,2994.0,2892.72,2955.43,1473226.13
2025-12-26 08:00:00,2955.44,2984.93,2893.0,2921.5,1496169.139
2025-12-26 16:00:00,2921.51,2938.0,2905.5,2926.82,542548.69
2025-12-27 00:00:00,2926.83,2936.66,2920.0,2931.47,202852.881
2025-12-27 08:00:00,2931.46,2939.82,2914.63,2925.53,342930.599
2025-12-27 16:00:00,2925.54,2959.84,2915.74,2947.61,353729.215
2025-12-28 00:00:00,2947.61,2950.63,2927.76,2937.96,289440.812
2025-12-28 08:00:00,2937.96,2959.99,2930.01,2948.0,399329.394
2025-12-28 16:00:00,2948.0,2954.5,2922.84,2949.6,467570.451
2025-12-29 00:00:00,2949.6,3056.0,2943.1,3018.46,1771071.316
2025-12-29 08:00:00,3018.47,3025.0,2908.58,2934.02,2415304.751
2025-12-29 16:00:00,2934.02,2944.79,2911.1,2936.45,789084.619
2025-12-30 00:00:00,2936.45,2957.5,2917.48,2949.43,616630.398
2025-12-30 08:00:00,2949.43,3008.67,2948.81,2988.48,1717517.96
2025-12-30 16:00:00,2988.49,2993.6,2941.27,2972.22,826329.717
2025-12-31 00:00:00,2972.23,2983.97,2960.9,2975.52,433713.42
2025-12-31 08:00:00,2975.52,3027.73,2962.21,2984.3,1309913.702
2025-12-31 16:00:00,2984.3,2996.43,2957.59,2970.4,667887.675
2026-01-01 00:00:00,2970.4,2988.48,2970.0,2977.18,255212.425
2026-01-01 08:00:00,2977.18,2993.91,2976.0,2988.44,349272.674
2026-01-01 16:00:00,2988.45,3008.56,2979.47,3002.49,473618.822
2026-01-02 00:00:00,3002.5,3038.42,2990.67,3017.0,847576.386
2026-01-02 08:00:00,3017.0,3112.15,3014.27,3085.09,2262720.631
2026-01-02 16:00:00,3085.09,3149.0,3077.9,3123.89,1521986.708
2026-01-03 00:00:00,3123.88,3135.0,3074.52,3089.51,631419.23
2026-01-03 08:00:00,3089.52,3114.11,3082.63,3099.92,526014.327
2026-01-03 16:00:00,3099.91,3129.7,3096.75,3125.47,309164.043
2026-01-04 00:00:00,3125.46,3165.99,3124.76,3139.51,840665.675
2026-01-04 08:00:00,3139.52,3147.37,3115.0,3134.14,561993.195
2026-01-04 16:00:00,3134.14,3155.0,3117.0,3143.32,485243.92
2026-01-05 00:00:00,3143.33,3221.0,3131.47,3156.0,1629356.623
2026-01-05 08:00:00,3156.0,3205.0,3132.58,3194.49,1410381.114
2026-01-05 16:00:00,3194.48,3266.0,3157.01,3223.71,1491217.763
2026-01-06 00:00:00,3223.72,3254.94,3201.91,3218.01,942675.549
2026-01-06 08:00:00,3218.0,3308.0,3212.8,3270.74,1839153.54
2026-01-06 16:00:00,3270.74,3301.64,3180.71,3295.46,1805206.392
2026-01-07 00:00:00,3295.46,3295.79,3238.0,3253.99,850269.398
2026-01-07 08:00:00,3253.99,3262.0,3142.82,3163.53,2339492.349
2026-01-07 16:00:00,3163.53,3181.81,3123.01,3167.52,1350564.401
2026-01-08 00:00:00,3167.53,3183.68,3086.26,3126.41,1166989.939
2026-01-08 08:00:00,3126.41,3135.7,3052.43,3102.89,2056280.508
2026-01-08 16:00:00,3102.89,3138.44,3087.35,3105.45,1021704.986
2026-01-09 00:00:00,3105.44,3148.0,3077.46,3109.75,762653.146
2026-01-09 08:00:00,3109.76,3142.0,3056.79,3111.39,1870730.495
2026-01-09 16:00:00,3111.39,3144.99,3064.0,3087.15,1055573.144
2026-01-10 00:00:00,3087.16,3093.53,3077.22,3091.5,242666.468
2026-01-10 08:00:00,3091.49,3102.75,3086.13,3094.12,274107.914
2026-01-10 16:00:00,3094.12,3097.56,3077.08,3085.47,173701.937
2026-01-11 00:00:00,3085.47,3101.0,3083.23,3094.03,185993.471
2026-01-11 08:00:00,3094.03,3129.6,3091.35,3116.89,464388.571
2026-01-11 16:00:00,3116.9,3147.0,3090.7,3122.0,863729.541
2026-01-12 00:00:00,3122.0,3170.88,3095.28,3133.96,1146443.621
2026-01-12 08:00:00,3133.96,3146.13,3061.35,3128.66,1611551.763
2026-01-12 16:00:00,3128.66,3145.93,3083.0,3093.84,1121351.355
2026-01-13 00:00:00,3093.85,3145.71,3090.18,3121.08,813688.977
2026-01-13 08:00:00,3121.08,3188.08,3121.05,3183.11,1553630.869
2026-01-13 16:00:00,3183.11,3383.63,3170.23,3324.69,2354235.971
2026-01-14 00:00:00,3324.68,3365.66,3314.01,3334.88,1135985.386
2026-01-14 08:00:00,3334.88,3361.02,3280.0,3344.19,1855082.21
2026-01-14 16:00:00,3344.19,3403.77,3313.94,3353.27,1893086.238
2026-01-15 00:00:00,3353.28,3354.61,3275.36,3328.63,982088.725
2026-01-15 08:00:00,3328.64,3383.07,3282.07,3328.93,1977957.094
2026-01-15 16:00:00,3328.92,3336.22,3266.0,3317.0,1171937.005
2026-01-16 00:00:00,3317.0,3325.34,3274.05,3308.16,722308.947
2026-01-16 08:00:00,3308.16,3319.43,3251.42,3263.04,1077351.989
2026-01-16 16:00:00,3263.04,3298.86,3258.0,3294.77,750521.22
2026-01-17 00:00:00,3294.77,3296.02,3282.39,3290.09,186517.835
2026-01-17 08:00:00,3290.08,3328.21,3288.0,3328.13,581051.089
2026-01-17 16:00:00,3328.13,3328.36,3295.42,3308.87,381058.933
2026-01-18 00:00:00,3308.86,3319.77,3294.52,3305.66,282969.677
2026-01-18 08:00:00,3305.67,3346.7,3301.56,3332.31,617489.234
2026-01-18 16:00:00,3332.31,3367.98,3277.42,3282.77,916059.559
2026-01-19 00:00:00,3282.77,3283.2,3175.0,3205.74,2197974.008
2026-01-19 08:00:00,3205.74,3234.71,3196.0,3214.47,690404.566
2026-01-19 16:00:00,3214.47,3226.19,3165.0,3188.01,677509.126
2026-01-20 00:00:00,3188.01,3199.73,3106.66,3121.5,1472841.096
2026-01-20 08:00:00,3121.49,3122.54,2990.91,3031.06,2658608.57
2026-01-20 16:00:00,3031.06,3041.58,2910.0,2938.24,1731767.952
2026-01-21 00:00:00,2938.25,3001.01,2920.08,2969.01,1085378.941
2026-01-21 08:00:00,2969.02,3026.06,2900.31,3001.22,2314285.912
2026-01-21 16:00:00,3001.23,3069.34,2864.29,2980.66,3130029.664
2026-01-22 00:00:00,2980.67,3037.49,2979.28,2999.71,732788.489
2026-01-22 08:00:00,2999.72,3015.58,2904.11,2940.72,1883934.539
2026-01-22 16:00:00,2940.73,2971.84,2922.12,2951.21,894313.195
2026-01-23 00:00:00,2951.21,2983.62,2933.56,2946.84,654876.325
2026-01-23 08:00:00,2946.84,2965.0,2890.2,2951.08,1363443.422
2026-01-23 16:00:00,2951.08,3020.45,2929.0,2955.08,1402781.419
2026-01-24 00:00:00,2955.08,2968.75,2947.72,2956.0,253004.562
2026-01-24 08:00:00,2956.01,2966.93,2942.0,2955.55,291197.266
2026-01-24 16:00:00,2955.54,2967.3,2947.0,2952.09,238383.449
2026-01-25 00:00:00,2952.09,2959.27,2933.05,2938.43,323399.222
2026-01-25 08:00:00,2938.44,2947.0,2918.55,2925.54,550094.188
2026-01-25 16:00:00,2925.54,2926.35,2784.15,2815.49,2765775.797
2026-01-26 00:00:00,2815.49,2911.0,2810.72,2902.99,1828250.437
2026-01-26 08:00:00,2903.0,2950.0,2872.78,2898.12,2021848.144
2026-01-26 16:00:00,2898.13,2945.6,2884.93,2928.9,1362525.989
2026-01-27 00:00:00,2928.89,2958.0,2910.93,2927.94,653538.132
2026-01-27 08:00:00,2927.94,2944.26,2898.89,2936.17,1043037.99
2026-01-27 16:00:00,2936.16,3034.99,2916.51,3024.92,2196352.696
2026-01-28 00:00:00,3024.92,3028.5,2991.53,3004.06,563186.866
2026-01-28 08:00:00,3004.07,3045.0,2981.7,3006.25,1357418.628
2026-01-28 16:00:00,3006.25,3038.1,2987.89,3009.36,1054645.253
2026-01-29 00:00:00,3009.36,3012.04,2936.39,2960.11,992212.949
2026-01-29 08:00:00,2960.11,2969.0,2795.03,2822.65,2296064.147
2026-01-29 16:00:00,2822.66,2858.88,2752.5,2821.0,2468228.911
2026-01-30 00:00:00,2821.0,2827.27,2673.33,2738.43,2455164.583
2026-01-30 08:00:00,2738.43,2767.8,2689.0,2727.63,1889030.506
2026-01-30 16:00:00,2727.63,2760.0,2634.63,2705.66,2739610.819
2026-01-31 00:00:00,2705.66,2713.43,2665.0,2678.86,630498.138
2026-01-31 08:00:00,2678.86,2682.6,2507.47,2532.61,3213703.484
2026-01-31 16:00:00,2532.61,2549.98,2202.4,2450.38,5753130.303
2026-02-01 00:00:00,2450.38,2474.98,2392.04,2409.99,1283617.331
2026-02-01 08:00:00,2409.99,2437.95,2284.68,2314.57,2923917.315
2026-02-01 16:00:00,2314.57,2378.09,2218.0,2269.04,3277065.657
2026-02-02 00:00:00,2269.03,2322.71,2156.0,2227.57,4608468.29
2026-02-02 08:00:00,2227.56,2395.4,2227.56,2370.88,3665279.531
2026-02-02 16:00:00,2370.87,2385.56,2311.47,2345.55,1502796.763
2026-02-03 00:00:00,2345.56,2358.6,2282.01,2322.0,1796897.419
2026-02-03 08:00:00,2322.0,2331.86,2250.66,2302.16,2710190.89
2026-02-03 16:00:00,2302.16,2353.97,2103.4,2232.23,6341120.168
2026-02-04 00:00:00,2232.23,2295.0,2221.77,2282.93,1454703.81
2026-02-04 08:00:00,2282.93,2285.29,2135.0,2150.44,3648590.122
2026-02-04 16:00:00,2150.45,2195.0,2073.68,2147.01,5482170.684
2026-02-05 00:00:00,2147.01,2173.0,2061.22,2090.57,3640733.734
2026-02-05 08:00:00,2090.56,2149.38,1925.41,1959.21,6181799.88
2026-02-05 16:00:00,1959.21,2017.49,1813.44,1824.95,6832927.127
2026-02-06 00:00:00,1824.94,1974.83,1736.02,1898.21,5429136.281
2026-02-06 08:00:00,1898.21,2001.86,1865.24,1979.49,3833157.391
2026-02-06 16:00:00,1979.49,2095.1,1969.99,2062.54,3729848.256
2026-02-07 00:00:00,2062.55,2118.87,1993.34,2026.09,2516998.874
2026-02-07 08:00:00,2026.09,2075.61,1998.52,2051.49,2104174.865
2026-02-07 16:00:00,2051.49,2125.0,2009.0,2085.93,4621262.762
2026-02-08 00:00:00,2085.94,2106.0,2065.28,2083.48,849597.717
2026-02-08 08:00:00,2083.49,2144.35,2077.01,2107.31,2116384.505
2026-02-08 16:00:00,2107.3,2152.0,2070.46,2088.6,1589197.057
2026-02-09 00:00:00,2088.59,2102.42,2052.92,2064.42,1368088.788
2026-02-09 08:00:00,2064.42,2072.92,2008.0,2060.27,2546755.205
2026-02-09 16:00:00,2060.28,2148.0,2046.41,2103.96,2197545.388
2026-02-10 00:00:00,2103.96,2123.7,1996.06,2006.05,2247383.461
2026-02-10 08:00:00,2006.06,2038.72,1983.77,2021.32,2252033.611
2026-02-10 16:00:00,2021.32,2046.1,1994.11,2021.51,1220122.654
2026-02-11 00:00:00,2021.51,2031.0,1937.0,1949.56,1918428.639
2026-02-11 08:00:00,1949.55,2015.43,1901.22,1928.05,3117360.365
2026-02-11 16:00:00,1928.04,1987.47,1907.53,1940.07,1965927.603
2026-02-12 00:00:00,1940.07,1982.36,1940.07,1966.97,1005877.337
2026-02-12 08:00:00,1966.97,2000.9,1943.44,1947.47,1911814.574
2026-02-12 16:00:00,1947.47,1952.27,1893.77,1947.15,2331760.24
2026-02-13 00:00:00,1947.15,1957.94,1923.29,1934.88,994529.037
2026-02-13 08:00:00,1934.89,2049.99,1932.88,2033.71,2439172.597
2026-02-13 16:00:00,2033.78,2073.0,2030.13,2047.6,1323223.306
2026-02-14 00:00:00,2047.6,2059.99,2041.0,2056.1,391530.421
2026-02-14 08:00:00,2056.09,2107.02,2055.9,2086.38,1489925.336
2026-02-14 16:00:00,2086.38,2098.94,2066.48,2085.43,670354.061
2026-02-15 00:00:00,2085.43,2102.73,2034.35,2090.58,1506021.031
2026-02-15 08:00:00,2090.58,2096.0,1992.0,2010.25,1854570.989
2026-02-15 16:00:00,2010.25,2010.33,1926.83,1965.47,1902496.662
2026-02-16 00:00:00,1965.48,1980.64,1947.24,1970.12,895862.481
2026-02-16 08:00:00,1970.12,2023.3,1935.39,1955.63,2303860.272
2026-02-16 16:00:00,1955.63,2003.29,1955.13,1997.35,1022760.888
2026-02-17 00:00:00,1997.36,2008.64,1963.5,1984.85,881926.023
2026-02-17 08:00:00,1984.84,2003.43,1940.01,1967.63,1844115.715
2026-02-17 16:00:00,1967.64,2014.91,1952.61,1990.68,1689221.924
2026-02-18 00:00:00,1990.68,2022.0,1967.27,2017.19,882259.06
2026-02-18 08:00:00,2017.2,2038.27,1953.2,1984.56,2329721.805
2026-02-18 16:00:00,1984.56,1986.99,1921.64,1954.77,1735212.613
2026-02-19 00:00:00,1954.77,1986.91,1949.1,1980.82,745401.096
2026-02-19 08:00:00,1980.82,1981.79,1910.0,1925.2,2195896.83
2026-02-19 16:00:00,1925.21,1953.0,1905.5,1948.15,1228025.277
2026-02-20 00:00:00,1948.15,1967.96,1928.52,1959.65,1094253.278
2026-02-20 08:00:00,1959.65,1980.27,1921.53,1963.05,2111619.383
2026-02-20 16:00:00,1963.05,1980.73,1937.6,1967.85,1408824.692
2026-02-21 00:00:00,1967.85,1969.99,1955.07,1962.0,334707.215
2026-02-21 08:00:00,1962.0,1996.64,1961.26,1987.04,979294.624
2026-02-21 16:00:00,1987.04,1994.59,1967.03,1972.54,638312.439
2026-02-22 00:00:00,1972.54,1982.83,1966.1,1975.01,433588.708
2026-02-22 08:00:00,1975.01,1982.67,1942.24,1952.81,1090425.581
2026-02-22 16:00:00,1952.81,1960.0,1933.0,1957.01,657530.823
2026-02-23 00:00:00,1957.0,1957.58,1844.46,1884.13,2613365.471
2026-02-23 08:00:00,1884.13,1935.27,1875.6,1894.72,2217698.398
2026-02-23 16:00:00,1894.73,1899.34,1836.06,1855.47,1765759.415
2026-02-24 00:00:00,1855.47,1868.94,1810.46,1824.63,2029083.096
2026-02-24 08:00:00,1824.63,1849.59,1796.0,1846.37,2164364.955
2026-02-24 16:00:00,1846.36,1864.58,1837.01,1851.09,1258417.134
2026-02-25 00:00:00,1851.1,1945.7,1845.7,1892.35,2266074.4
2026-02-25 08:00:00,1892.36,2027.93,1889.24,2012.86,2889166.563
2026-02-25 16:00:00,2012.85,2149.95,2012.14,2056.5,3353165.349
2026-02-26 00:00:00,2056.51,2083.09,2037.83,2052.48,1264703.994
2026-02-26 08:00:00,2052.49,2082.65,2010.38,2032.33,2088827.772
2026-02-26 16:00:00,2032.33,2042.6,1973.49,2026.71,1964374.076
2026-02-27 00:00:00,2026.7,2063.71,1999.2,2031.54,1331112.09
2026-02-27 08:00:00,2031.54,2045.59,1936.0,1947.39,2643813.258
2026-02-27 16:00:00,1947.39,1947.75,1885.0,1928.5,1790352.892
2026-02-28 00:00:00,1928.51,1937.37,1834.06,1865.36,2119207.642
2026-02-28 08:00:00,1865.37,1914.99,1843.19,1897.78,2328996.658
2026-02-28 16:00:00,1897.77,1984.22,1884.13,1963.48,1965783.198
2026-03-01 00:00:00,1963.48,2054.67,1942.42,2006.27,2424526.239
2026-03-01 08:00:00,2006.26,2027.77,1967.34,1992.31,1800232.167
2026-03-01 16:00:00,1992.3,2010.0,1905.91,1938.57,2588526.39
2026-03-02 00:00:00,1938.58,1988.52,1924.14,1940.25,1492612.649
2026-03-02 08:00:00,1940.27,2064.79,1916.0,2046.39,3307583.191
2026-03-02 16:00:00,2046.39,2089.0,2014.46,2026.69,2322481.616
2026-03-03 00:00:00,2026.69,2041.22,1986.13,1995.27,1395785.122
2026-03-03 08:00:00,1995.27,1999.7,1926.32,1968.09,3195756.756
2026-03-03 16:00:00,1968.09,2013.33,1957.42,1981.85,2145672.457
2026-03-04 00:00:00,1981.85,2010.0,1943.4,2005.72,1478023.433
2026-03-04 08:00:00,2005.71,2165.5,1999.39,2149.3,4468764.243
2026-03-04 16:00:00,2149.29,2199.47,2115.33,2125.98,2329916.092
2026-03-05 00:00:00,2125.97,2144.37,2093.88,2104.3,1457558.828
2026-03-05 08:00:00,2104.29,2163.0,2066.31,2086.09,2572500.803
2026-03-05 16:00:00,2086.1,2099.3,2053.3,2072.18,1605377.373
2026-03-06 00:00:00,2072.17,2092.39,2058.0,2081.79,984948.059
2026-03-06 08:00:00,2081.79,2081.79,1963.92,1976.43,2873710.355
2026-03-06 16:00:00,1976.42,1991.98,1954.25,1977.66,1263349.14
2026-03-07 00:00:00,1977.66,1995.74,1961.66,1982.19,728850.144
2026-03-07 08:00:00,1982.18,1993.83,1969.2,1980.19,750219.494
2026-03-07 16:00:00,1980.19,1982.81,1946.87,1968.39,698593.445
2026-03-08 00:00:00,1968.39,1976.33,1927.58,1953.97,991744.967
2026-03-08 08:00:00,1953.97,1979.03,1922.86,1942.0,1403886.68
2026-03-08 16:00:00,1942.01,1970.16,1906.63,1935.97,1707889.808
2026-03-09 00:00:00,1935.98,2013.33,1928.2,1982.9,2341877.559
2026-03-09 08:00:00,1982.9,2033.52,1977.69,2021.44,2173120.783
2026-03-09 16:00:00,2021.45,2052.83,1988.18,1992.28,1752968.564
2026-03-10 00:00:00,1992.28,2059.24,1990.23,2050.0,1507633.336
2026-03-10 08:00:00,2050.0,2085.0,2007.77,2078.42,2729996.416
2026-03-10 16:00:00,2078.42,2088.0,2015.78,2035.39,1766284.019
2026-03-11 00:00:00,2035.38,2041.0,2005.9,2011.61,1073575.242
2026-03-11 08:00:00,2011.59,2081.68,2008.5,2048.84,2288937.332
2026-03-11 16:00:00,2048.85,2084.98,2044.12,2050.99,1227550.236
2026-03-12 00:00:00,2050.98,2057.37,2016.17,2039.71,1107622.966
2026-03-12 08:00:00,2039.72,2094.57,2036.18,2071.4,2812438.615
2026-03-12 16:00:00,2071.39,2093.53,2044.0,2072.6,1469167.868
2026-03-13 00:00:00,2072.6,2148.0,2069.1,2098.45,1991223.19
2026-03-13 08:00:00,2098.44,2209.49,2090.09,2127.0,3769048.682
2026-03-13 16:00:00,2127.01,2142.83,2077.03,2091.01,2008840.978
2026-03-14 00:00:00,2091.0,2105.75,2067.13,2076.3,937571.391
2026-03-14 08:00:00,2076.3,2080.22,2060.09,2073.55,716528.758
2026-03-14 16:00:00,2073.55,2098.58,2067.58,2095.27,493725.575
2026-03-15 00:00:00,2095.28,2116.35,2081.59,2104.97,792964.032
2026-03-15 08:00:00,2104.97,2123.25,2085.1,2092.93,978318.676
2026-03-15 16:00:00,2092.93,2202.87,2087.65,2177.73,2126371.601
2026-03-16 00:00:00,2177.73,2288.0,2163.32,2248.43,3206589.208
2026-03-16 08:00:00,2248.44,2308.0,2233.0,2272.42,3356312.904
2026-03-16 16:00:00,2272.41,2385.78,2268.62,2351.66,2667452.418
2026-03-17 00:00:00,2351.66,2377.0,2292.57,2326.75,2492732.454
2026-03-17 08:00:00,2326.74,2356.66,2301.04,2314.69,2069874.247
2026-03-17 16:00:00,2314.68,2345.0,2311.07,2316.45,932344.69
2026-03-18 00:00:00,2316.45,2349.99,2305.6,2316.6,1088861.468
2026-03-18 08:00:00,2316.6,2332.98,2168.0,2186.25,3917969.03
2026-03-18 16:00:00,2186.25,2219.0,2150.7,2201.95,2118171.927
2026-03-19 00:00:00,2201.96,2232.64,2141.79,2165.27,1804144.608
2026-03-19 08:00:00,2165.27,2191.99,2098.02,2117.62,2982077.333
2026-03-19 16:00:00,2117.63,2155.9,2103.43,2136.56,1446486.967
2026-03-20 00:00:00,2136.56,2159.67,2120.04,2149.3,1078115.587
2026-03-20 08:00:00,2149.3,2175.64,2114.2,2133.09,2189667.471
2026-03-20 16:00:00,2133.09,2167.53,2116.28,2145.08,1197390.593
2026-03-21 00:00:00,2145.08,2160.71,2142.88,2154.4,405452.676
2026-03-21 08:00:00,2154.4,2168.0,2145.0,2154.25,578479.188
2026-03-21 16:00:00,2154.25,2156.12,2068.78,2083.37,904136.682
2026-03-22 00:00:00,2083.37,2126.38,2045.57,2092.82,1644459.097
2026-03-22 08:00:00,2092.82,2096.73,2065.21,2081.96,1250041.947
2026-03-22 16:00:00,2081.97,2083.56,2024.11,2052.85,1319865.254
2026-03-23 00:00:00,2052.86,2071.92,2021.58,2043.65,1519781.648
2026-03-23 08:00:00,2043.65,2199.0,2027.57,2127.55,5270377.896
2026-03-23 16:00:00,2127.54,2179.0,2116.0,2151.01,1503349.754
2026-03-24 00:00:00,2151.0,2169.9,2122.78,2164.33,1201958.632
2026-03-24 08:00:00,2164.34,2174.71,2117.71,2134.13,1874120.752
2026-03-24 16:00:00,2134.13,2162.9,2102.0,2155.29,1635314.712
2026-03-25 00:00:00,2155.3,2179.72,2142.66,2163.7,1073061.012
2026-03-25 08:00:00,2163.71,2200.11,2145.59,2161.67,2250775.884
2026-03-25 16:00:00,2161.68,2187.63,2155.08,2168.0,943657.158
2026-03-26 00:00:00,2168.0,2171.32,2110.72,2122.37,1348498.139
2026-03-26 08:00:00,2122.36,2126.24,2050.54,2069.43,2441327.716
2026-03-26 16:00:00,2069.43,2080.25,2033.22,2059.17,1656088.596
2026-03-27 00:00:00,2059.18,2076.43,2041.32,2064.95,968030.274
2026-03-27 08:00:00,2064.94,2068.6,1966.2,1990.12,3093763.482
2026-03-27 16:00:00,1990.11,1996.88,1973.37,1991.58,961528.561
2026-03-28 00:00:00,1991.57,2007.63,1981.52,2005.94,539651.229
2026-03-28 08:00:00,2005.95,2049.36,1991.2,2025.79,1317681.341
2026-03-28 16:00:00,2025.8,2028.97,1988.16,1993.48,619723.358
2026-03-29 00:00:00,1993.48,2019.0,1990.53,2005.0,590698.621
2026-03-29 08:00:00,2005.0,2007.29,1982.21,1991.8,834779.47
2026-03-29 16:00:00,1991.8,2008.99,1936.54,1983.44,1407035.124
2026-03-30 00:00:00,1983.45,2067.78,1978.7,2058.7,1924239.323
2026-03-30 08:00:00,2058.69,2086.99,2042.88,2073.4,1893109.474
2026-03-30 16:00:00,2073.39,2074.0,2012.14,2025.69,1640626.171
2026-03-31 00:00:00,2025.69,2093.0,2015.25,2055.0,1567844.14
2026-03-31 08:00:00,2054.99,2091.49,2011.25,2053.66,2804903.233
2026-03-31 16:00:00,2053.66,2124.51,2053.31,2104.49,2058038.946
2026-04-01 00:00:00,2104.48,2157.99,2081.19,2130.13,1666726.589
2026-04-01 08:00:00,2130.13,2149.37,2107.53,2133.93,1647454.869
2026-04-01 16:00:00,2133.93,2167.2,2122.23,2138.8,1411932.348
2026-04-02 00:00:00,2138.8,2158.42,2037.23,2054.8,2647027.415
2026-04-02 08:00:00,2054.79,2072.0,2015.55,2058.46,2040635.673
2026-04-02 16:00:00,2058.45,2076.0,2042.18,2055.96,1077297.305
2026-04-03 00:00:00,2055.97,2074.6,2038.35,2064.98,836670.85
2026-04-03 08:00:00,2064.98,2084.02,2040.26,2050.31,925841.869
2026-04-03 16:00:00,2050.31,2060.99,2042.4,2052.92,375197.078
2026-04-04 00:00:00,2052.93,2057.5,2046.87,2052.72,241695.05
2026-04-04 08:00:00,2052.73,2060.99,2043.0,2055.16,459305.544
2026-04-04 16:00:00,2055.16,2083.36,2051.74,2064.43,605191.866
2026-04-05 00:00:00,2064.43,2064.6,2026.32,2036.0,669909.976
2026-04-05 08:00:00,2036.0,2069.25,2020.61,2053.13,1126296.32
2026-04-05 16:00:00,2053.12,2123.23,2047.04,2109.35,1336871.172
2026-04-06 00:00:00,2109.36,2147.73,2109.36,2134.05,1376146.544
2026-04-06 08:00:00,2134.05,2174.41,2132.52,2163.43,2033157.942
2026-04-06 16:00:00,2163.43,2167.52,2086.29,2106.14,1731693.773
2026-04-07 00:00:00,2106.14,2119.78,2091.93,2103.0,1012630.252
2026-04-07 08:00:00,2102.99,2132.96,2058.01,2079.26,2270829.322
2026-04-07 16:00:00,2079.26,2273.0,2076.41,2239.14,3597686.561
2026-04-08 00:00:00,2239.14,2259.72,2226.28,2252.75,1383044.414
2026-04-08 08:00:00,2252.74,2269.65,2186.03,2214.56,2337504.189
2026-04-08 16:00:00,2214.56,2238.66,2177.77,2188.87,1345964.317
2026-04-09 00:00:00,2188.87,2193.23,2160.0,2179.96,870575.717
2026-04-09 08:00:00,2179.97,2224.99,2156.0,2217.0,1792852.778
2026-04-09 16:00:00,2216.99,2246.15,2181.7,2188.92,1802082.862
2026-04-10 00:00:00,2188.92,2203.19,2173.81,2178.63,860525.253
2026-04-10 08:00:00,2178.62,2257.55,2176.04,2223.23,2007366.751
2026-04-10 16:00:00,2223.23,2255.89,2220.03,2243.9,896414.474
2026-04-11 00:00:00,2243.91,2251.33,2227.03,2231.68,563301.25
2026-04-11 08:00:00,2231.68,2255.85,2230.69,2248.39,601347.012
2026-04-11 16:00:00,2248.39,2329.99,2245.22,2283.85,1710509.844
2026-04-12 00:00:00,2283.86,2288.12,2205.52,2217.01,1532383.421
2026-04-12 08:00:00,2217.01,2217.98,2173.0,2185.27,1187309.927
2026-04-12 16:00:00,2185.27,2217.7,2181.66,2190.62,985449.966
2026-04-13 00:00:00,2190.61,2207.9,2181.02,2185.5,732951.808
2026-04-13 08:00:00,2185.5,2235.41,2174.48,2208.08,1849664.298
2026-04-13 16:00:00,2208.08,2395.85,2198.57,2368.8,3217983.76
2026-04-14 00:00:00,2368.8,2389.0,2353.87,2376.85,1102375.262
2026-04-14 08:00:00,2376.85,2416.4,2331.46,2363.24,2834977.187
2026-04-14 16:00:00,2363.25,2370.29,2301.6,2321.17,1494265.242
2026-04-15 00:00:00,2321.16,2342.07,2306.8,2315.53,850665.289
2026-04-15 08:00:00,2315.52,2348.88,2310.93,2330.6,1380300.457
2026-04-15 16:00:00,2330.6,2384.67,2327.4,2358.87,1424738.625
2026-04-16 00:00:00,2358.86,2368.45,2334.0,2340.4,734245.879
2026-04-16 08:00:00,2340.39,2352.0,2282.7,2337.6,2347880.148
2026-04-16 16:00:00,2337.59,2363.67,2307.94,2346.92,1445309.31
2026-04-17 00:00:00,2346.93,2349.85,2314.08,2333.24,704381.359
2026-04-17 08:00:00,2333.23,2456.32,2331.91,2440.71,3568189.49
2026-04-17 16:00:00,2440.71,2463.86,2414.12,2417.66,1405055.378
2026-04-18 00:00:00,2417.65,2426.62,2397.0,2402.38,606557.909
2026-04-18 08:00:00,2402.38,2403.84,2341.52,2361.99,1684403.72
2026-04-18 16:00:00,2361.98,2374.15,2337.0,2348.99,723475.42
2026-04-19 00:00:00,2348.99,2353.99,2291.29,2314.27,1070285.366
2026-04-19 08:00:00,2314.27,2348.92,2304.23,2329.47,1086748.882
2026-04-19 16:00:00,2329.46,2330.05,2250.91,2262.2,1577437.651
2026-04-20 00:00:00,2262.21,2331.88,2258.3,2296.82,1361607.842
2026-04-20 08:00:00,2296.83,2326.0,2276.71,2312.71,1766138.941
2026-04-20 16:00:00,2312.72,2346.84,2296.51,2312.59,1317396.424
2026-04-21 00:00:00,2312.59,2327.11,2297.51,2316.96,669790.605
2026-04-21 08:00:00,2316.95,2337.99,2288.79,2309.31,1586345.064
2026-04-21 16:00:00,2309.3,2330.0,2280.82,2326.13,1662854.791
2026-04-22 00:00:00,2326.12,2414.35,2311.41,2389.24,2247751.944
2026-04-22 08:00:00,2389.25,2423.0,2382.15,2402.69,1566567.957
2026-04-22 16:00:00,2402.69,2412.82,2372.6,2373.04,1045153.767
2026-04-23 00:00:00,2373.05,2381.85,2330.0,2342.81,1536429.394
2026-04-23 08:00:00,2342.81,2343.72,2303.9,2332.17,1877857.453
2026-04-23 16:00:00,2332.17,2337.76,2283.31,2328.94,1363000.769
2026-04-24 00:00:00,2328.94,2336.46,2298.44,2310.49,827268.952
2026-04-24 08:00:00,2310.49,2331.0,2300.0,2322.72,1442515.85
2026-04-24 16:00:00,2322.73,2327.11,2305.2,2313.88,633802.129
2026-04-25 00:00:00,2313.87,2320.0,2310.0,2315.14,198185.216
2026-04-25 08:00:00,2315.13,2322.22,2298.98,2306.65,430479.912
2026-04-25 16:00:00,2306.64,2319.59,2298.98,2318.21,375694.09
2026-04-26 00:00:00,2318.21,2336.63,2305.07,2330.23,580203.083
2026-04-26 08:00:00,2330.23,2351.6,2321.97,2347.0,690275.066
2026-04-26 16:00:00,2347.0,2379.99,2339.11,2368.32,1113475.973
2026-04-27 00:00:00,2368.32,2403.99,2310.09,2314.5,2016418.642
2026-04-27 08:00:00,2314.5,2328.72,2263.88,2273.52,1703041.541
2026-04-27 16:00:00,2273.52,2307.26,2268.48,2302.28,756977.596
2026-04-28 00:00:00,2302.28,2309.73,2266.54,2286.49,865468.445
2026-04-28 08:00:00,2286.5,2290.32,2256.03,2278.52,1179090.379
2026-04-28 16:00:00,2278.53,2304.93,2273.0,2288.37,671612.118
2026-04-29 00:00:00,2288.36,2342.15,2278.02,2322.82,1360868.968
2026-04-29 08:00:00,2322.83,2346.48,2261.88,2271.57,1845641.683
2026-04-29 16:00:00,2271.57,2284.86,2218.83,2251.52,2103031.233
2026-04-30 00:00:00,2251.53,2277.92,2230.1,2258.99,1138103.369
2026-04-30 08:00:00,2259.0,2274.8,2244.96,2264.61,1061168.593
2026-04-30 16:00:00,2264.6,2266.35,2250.05,2256.49,391210.216
2026-05-01 00:00:00,2256.5,2294.99,2256.03,2278.54,804824.002
2026-05-01 08:00:00,2278.55,2324.64,2275.68,2306.86,1558350.233
2026-05-01 16:00:00,2306.86,2313.33,2278.0,2294.34,754997.157
2026-05-02 00:00:00,2294.34,2308.09,2291.41,2299.77,351700.478
2026-05-02 08:00:00,2299.78,2311.09,2297.51,2307.86,267054.312
2026-05-02 16:00:00,2307.86,2342.0,2302.32,2315.9,559942.248
2026-05-03 00:00:00,2315.91,2316.62,2296.01,2308.2,509525.027
2026-05-03 08:00:00,2308.2,2333.0,2306.25,2327.23,625300.517
2026-05-03 16:00:00,2327.23,2356.75,2313.11,2321.67,949136.12
2026-05-04 00:00:00,2321.67,2398.88,2308.1,2361.79,2050491.055
2026-05-04 08:00:00,2361.79,2382.0,2313.05,2348.62,2620467.092
2026-05-04 16:00:00,2348.63,2378.85,2334.99,2346.11,1129776.657
2026-05-05 00:00:00,2346.12,2389.97,2344.0,2379.17,984559.171
2026-05-05 08:00:00,2379.16,2398.88,2365.14,2379.84,1446645.504
2026-05-05 16:00:00,2379.84,2387.88,2352.79,2359.47,1253017.482
2026-05-06 00:00:00,2359.47,2379.88,2352.42,2370.54,817867.432
2026-05-06 08:00:00,2370.54,2422.52,2343.27,2357.72,3422874.402
2026-05-06 16:00:00,2357.71,2368.58,2335.17,2349.7,1090044.258
2026-05-07 00:00:00,2349.69,2351.29,2311.48,2343.33,1350687.406
2026-05-07 08:00:00,2343.32,2345.6,2284.06,2293.46,1829475.972
2026-05-07 16:00:00,2293.47,2303.2,2278.0,2289.91,1152518.604
2026-05-08 00:00:00,2289.92,2293.28,2263.43,2279.88,922154.581
2026-05-08 08:00:00,2279.88,2301.85,2268.32,2292.39,1284161.445
2026-05-08 16:00:00,2292.4,2320.66,2285.17,2306.17,1055354.981
2026-05-09 00:00:00,2306.17,2324.51,2303.38,2313.51,502225.508
2026-05-09 08:00:00,2313.5,2319.38,2296.66,2316.52,625825.976
2026-05-09 16:00:00,2316.52,2337.79,2314.06,2325.22,763117.923
2026-05-10 00:00:00,2325.23,2333.95,2317.02,2326.31,307545.912
2026-05-10 08:00:00,2326.3,2352.0,2317.68,2346.78,667993.533
2026-05-10 16:00:00,2346.79,2381.88,2310.01,2370.21,2371817.058
2026-05-11 00:00:00,2370.21,2373.91,2318.39,2329.53,1238141.184
2026-05-11 08:00:00,2329.53,2339.0,2302.51,2332.39,1135932.71
2026-05-11 16:00:00,2332.4,2344.88,2322.33,2338.61,712339.831
2026-05-12 00:00:00,2338.62,2339.8,2290.0,2294.01,1022263.324
2026-05-12 08:00:00,2294.01,2295.5,2255.22,2260.9,1673441.511
2026-05-12 16:00:00,2260.91,2291.16,2255.15,2273.62,725138.901
2026-05-13 00:00:00,2273.61,2308.76,2271.6,2300.12,701461.72
2026-05-13 08:00:00,2300.12,2322.68,2233.0,2235.38,2215743.632
2026-05-13 16:00:00,2235.39,2267.98,2233.86,2257.54,711532.343
2026-05-14 00:00:00,2257.53,2274.52,2237.05,2264.23,960370.344
2026-05-14 08:00:00,2264.23,2298.95,2245.01,2297.36,1678502.598
2026-05-14 16:00:00,2297.37,2318.6,2278.87,2282.06,1543610.328
2026-05-15 00:00:00,2282.06,2299.36,2236.25,2263.9,1534666.035
2026-05-15 08:00:00,2263.9,2264.21,2203.55,2221.91,1891520.948
2026-05-15 16:00:00,2221.92,2232.0,2213.09,2223.66,596478.021
2026-05-16 00:00:00,2223.65,2230.79,2180.12,2193.52,964120.259
2026-05-16 08:00:00,2193.51,2196.06,2160.5,2178.95,1122493.161
2026-05-16 16:00:00,2178.94,2184.33,2169.0,2179.66,296621.727
2026-05-17 00:00:00,2179.67,2194.9,2166.66,2185.19,606200.282
2026-05-17 08:00:00,2185.18,2197.63,2176.09,2185.49,552245.254
2026-05-17 16:00:00,2185.5,2194.0,2085.0,2129.88,1326426.733
2026-05-18 00:00:00,2129.88,2131.0,2102.93,2119.46,1250420.905
2026-05-18 08:00:00,2119.46,2156.52,2092.6,2106.66,2025002.663
2026-05-18 16:00:00,2106.66,2141.97,2074.26,2128.99,1829254.314
2026-05-19 00:00:00,2128.99,2146.99,2118.4,2139.98,850442.687
2026-05-19 08:00:00,2139.98,2140.45,2093.16,2109.37,1730330.592
2026-05-19 16:00:00,2109.38,2124.5,2101.21,2111.0,620197.883
2026-05-20 00:00:00,2110.99,2135.54,2101.79,2128.79,793384.965
2026-05-20 08:00:00,2128.8,2148.6,2112.5,2135.7,1333579.066
2026-05-20 16:00:00,2135.7,2147.92,2117.41,2128.6,695295.64
2026-05-21 00:00:00,2128.59,2157.0,2123.33,2134.07,837622.54
2026-05-21 08:00:00,2134.06,2147.51,2103.51,2131.38,1506364.693
2026-05-21 16:00:00,2131.38,2152.78,2120.03,2132.78,1006107.297
2026-05-22 00:00:00,2132.78,2140.75,2121.0,2127.49,538769.439
2026-05-22 08:00:00,2127.48,2137.33,2111.0,2118.5,946571.79
2026-05-22 16:00:00,2118.51,2129.39,2056.05,2064.98,1868757.292
2026-05-23 00:00:00,2064.99,2071.1,2007.0,2027.47,1317601.147
2026-05-23 08:00:00,2027.48,2067.84,2020.17,2059.43,1371187.267
2026-05-23 16:00:00,2059.43,2149.86,2056.4,2116.82,2081373.703
2026-05-24 00:00:00,2116.82,2129.55,2112.0,2120.25,499383.134
2026-05-24 08:00:00,2120.25,2131.1,2075.6,2095.1,1117684.56
2026-05-24 16:00:00,2095.11,2108.59,2061.26,2098.99,979574.866
2026-05-25 00:00:00,2098.99,2117.6,2090.84,2115.38,828884.231
2026-05-25 08:00:00,2115.38,2137.99,2110.85,2126.0,761568.415
2026-05-25 16:00:00,2126.01,2141.6,2101.09,2111.64,739745.748
2026-05-26 00:00:00,2111.64,2112.95,2083.39,2094.4,959313.816
2026-05-26 08:00:00,2094.4,2139.66,2076.46,2086.14,2272881.39
2026-05-26 16:00:00,2086.14,2089.0,2053.0,2072.99,1244256.96
2026-05-27 00:00:00,2073.0,2083.54,2055.0,2082.66,654304.574
2026-05-27 08:00:00,2082.67,2096.61,2051.0,2070.86,1669228.867
2026-05-27 16:00:00,2070.86,2073.79,2013.98,2023.7,1597781.898
2026-05-28 00:00:00,2023.7,2028.47,1965.48,1994.24,2270507.223
2026-05-28 08:00:00,1994.24,2002.21,1966.15,1989.69,1609639.393
2026-05-28 16:00:00,1989.7,2029.5,1984.11,2008.92,1185531.689
2026-05-29 00:00:00,2008.92,2020.76,1995.74,2006.54,774397.708
2026-05-29 08:00:00,2006.53,2046.0,1975.37,2030.83,2254206.333
2026-05-29 16:00:00,2030.83,2043.69,2003.0,2013.35,1376350.062
2026-05-30 00:00:00,2013.36,2023.3,2000.83,2015.33,595790.655
2026-05-30 08:00:00,2015.33,2031.51,2012.88,2025.95,470487.413
2026-05-30 16:00:00,2025.95,2030.79,2018.13,2021.58,346074.829
2026-05-31 00:00:00,2021.59,2037.55,2019.85,2023.14,444806.307
2026-05-31 08:00:00,2023.14,2028.4,2004.53,2009.51,820481.765
2026-05-31 16:00:00,2009.5,2022.27,1992.84,2006.31,852299.573
2026-06-01 00:00:00,2006.3,2020.9,1970.3,1975.46,1355663.617
2026-06-01 08:00:00,1975.45,1993.59,1954.42,1967.6,2138137.82
2026-06-01 16:00:00,1967.61,2009.42,1957.47,2006.0,1442558.155
2026-06-02 00:00:00,2006.01,2006.44,1961.31,1980.9,1591273.445
2026-06-02 08:00:00,1980.89,1988.8,1888.0,1914.11,3171921.706
2026-06-02 16:00:00,1914.11,1944.65,1837.01,1858.96,3229691.349
2026-06-03 00:00:00,1858.96,1883.64,1816.0,1877.56,2554781.338
2026-06-03 08:00:00,1877.55,1892.39,1835.17,1835.99,1821894.249
2026-06-03 16:00:00,1835.99,1851.58,1767.71,1812.46,3227369.396
2026-06-04 00:00:00,1812.45,1819.9,1712.52,1776.45,3775871.386
2026-06-04 08:00:00,1776.45,1793.66,1728.88,1775.9,3205150.392
2026-06-04 16:00:00,1775.9,1787.38,1751.6,1769.86,1422845.595
2026-06-05 00:00:00,1769.85,1774.34,1622.31,1678.28,4777357.739
2026-06-05 08:00:00,1678.29,1689.23,1571.21,1582.2,4561935.922
2026-06-05 16:00:00,1582.2,1618.85,1538.13,1582.35,4979544.93
2026-06-06 00:00:00,1582.35,1600.56,1503.6,1574.54,3205630.004
2026-06-06 08:00:00,1574.54,1592.8,1533.33,1559.71,2293641.931
2026-06-06 16:00:00,1559.71,1569.0,1545.79,1568.6,1039770.862
2026-06-07 00:00:00,1568.6,1622.95,1563.0,1614.19,1999349.18
2026-06-07 08:00:00,1614.2,1648.0,1605.46,1629.2,2116213.154
2026-06-07 16:00:00,1629.19,1721.57,1601.99,1689.66,2069645.098
2026-06-08 00:00:00,1689.66,1710.97,1643.65,1672.7,1938357.823
2026-06-08 08:00:00,1672.71,1705.77,1656.07,1690.62,2228807.507
2026-06-08 16:00:00,1690.62,1714.22,1674.01,1689.21,1573909.869
2026-06-09 00:00:00,1689.2,1696.0,1653.09,1679.19,1785440.774
2026-06-09 08:00:00,1679.19,1684.09,1632.84,1635.42,2165491.819
2026-06-09 16:00:00,1635.42,1662.98,1613.1,1638.64,1870316.03
2026-06-10 00:00:00,1638.64,1646.27,1615.34,1639.32,1105021.489
2026-06-10 08:00:00,1639.32,1667.31,1605.0,1657.09,2792686.284
2026-06-10 16:00:00,1657.1,1658.12,1602.05,1620.72,1676304.504
2026-06-11 00:00:00,1620.72,1662.72,1620.72,1653.67,1384611.092
2026-06-11 08:00:00,1653.67,1673.59,1635.2,1644.64,1797570.514
2026-06-11 16:00:00,1644.64,1693.38,1631.32,1672.57,1977494.814
2026-06-12 00:00:00,1672.57,1681.84,1651.17,1661.21,950291.881
2026-06-12 08:00:00,1661.23,1690.51,1652.5,1658.98,1999757.003
2026-06-12 16:00:00,1658.98,1677.5,1656.26,1665.48,738112.798
2026-06-13 00:00:00,1665.49,1677.29,1661.2,1675.51,526234.318
2026-06-13 08:00:00,1675.51,1685.98,1671.99,1681.44,634090.592
2026-06-13 16:00:00,1681.44,1698.1,1670.5,1680.41,688469.37
2026-06-14 00:00:00,1680.42,1689.9,1672.67,1674.92,440438.814
2026-06-14 08:00:00,1674.92,1678.4,1653.36,1662.04,816603.437
2026-06-14 16:00:00,1662.05,1732.0,1658.08,1724.74,1628426.609
2026-06-15 00:00:00,1724.74,1731.76,1708.45,1715.58,965078.906
2026-06-15 08:00:00,1715.57,1848.78,1711.27,1844.55,3788038.406
2026-06-15 16:00:00,1844.55,1846.89,1781.87,1795.16,1650577.463
2026-06-16 00:00:00,1795.15,1801.86,1757.36,1773.23,1510190.452
2026-06-16 08:00:00,1773.23,1839.54,1762.17,1781.41,2857892.535
2026-06-16 16:00:00,1781.41,1807.71,1771.79,1792.32,977699.808
2026-06-17 00:00:00,1792.33,1809.67,1777.52,1784.4,932570.698
2026-06-17 08:00:00,1784.39,1785.68,1740.36,1772.54,2113883.161
2026-06-17 16:00:00,1772.54,1795.58,1724.22,1749.56,2542891.153
2026-06-18 00:00:00,1749.57,1762.34,1720.9,1748.89,1228616.048
2026-06-18 08:00:00,1748.89,1752.74,1678.05,1681.21,2274062.554
2026-06-18 16:00:00,1681.2,1716.64,1670.56,1710.18,1592786.855
2026-06-19 00:00:00,1710.18,1718.83,1680.03,1695.14,1146567.822
2026-06-19 08:00:00,1695.15,1711.65,1678.17,1706.92,1126829.816
2026-06-19 16:00:00,1706.92,1714.7,1692.43,1710.31,589462.614
2026-06-20 00:00:00,1710.3,1733.0,1703.13,1725.16,772158.678
2026-06-20 08:00:00,1725.17,1749.13,1707.11,1739.89,1256323.779
2026-06-20 16:00:00,1739.9,1745.72,1720.01,1740.0,674767.672
2026-06-21 00:00:00,1740.0,1740.68,1728.49,1731.45,385754.315
2026-06-21 08:00:00,1731.45,1736.31,1716.0,1729.85,810944.88
2026-06-21 16:00:00,1729.85,1738.42,1700.37,1706.31,981657.276
2026-06-22 00:00:00,1706.3,1759.35,1706.1,1745.76,1358582.171
2026-06-22 08:00:00,1745.76,1779.0,1741.13,1744.02,1690152.49
2026-06-22 16:00:00,1744.02,1746.99,1716.01,1727.32,1269119.09
2026-06-23 00:00:00,1727.32,1735.63,1680.0,1681.96,1362939.973
2026-06-23 08:00:00,1681.97,1683.88,1633.33,1658.9,2304501.252
2026-06-23 16:00:00,1658.9,1673.6,1649.03,1666.4,748226.876
2026-06-24 00:00:00,1666.4,1679.92,1657.04,1672.38,803634.901
2026-06-24 08:00:00,1672.39,1692.0,1616.0,1617.46,2345638.709
2026-06-24 16:00:00,1617.46,1636.0,1551.0,1621.54,3246358.731
2026-06-25 00:00:00,1621.55,1660.56,1613.67,1656.44,1284512.47
2026-06-25 08:00:00,1656.44,1658.33,1530.0,1569.43,4063214.425
2026-06-25 16:00:00,1569.42,1587.0,1553.81,1566.97,1558158.158
2026-06-26 00:00:00,1566.98,1585.55,1510.87,1579.82,2511201.399
2026-06-26 08:00:00,1579.81,1587.65,1520.34,1579.32,3131450.205
2026-06-26 16:00:00,1579.32,1594.89,1567.12,1577.86,1054875.047
2026-06-27 00:00:00,1577.85,1586.42,1570.66,1584.75,479268.545
2026-06-27 08:00:00,1584.75,1610.44,1578.08,1604.87,736451.618
2026-06-27 16:00:00,1604.86,1607.3,1561.69,1573.1,1041199.415
2026-06-28 00:00:00,1573.1,1579.28,1561.59,1575.02,585051.867
2026-06-28 08:00:00,1575.03,1588.27,1571.38,1580.0,748532.711
2026-06-28 16:00:00,1580.0,1582.0,1547.0,1571.1,1286426.803
2026-06-29 00:00:00,1571.11,1588.92,1549.08,1579.36,1470143.857
2026-06-29 08:00:00,1579.36,1597.0,1556.54,1579.48,2416189.839
2026-06-29 16:00:00,1579.49,1637.2,1573.33,1612.12,1616282.168
2026-06-30 00:00:00,1612.12,1613.56,1578.64,1591.64,1072707.674
2026-06-30 08:00:00,1591.65,1593.59,1549.16,1564.56,2024004.878
2026-06-30 16:00:00,1564.56,1582.23,1561.21,1571.47,730934.835
2026-07-01 00:00:00,1571.48,1604.4,1552.03,1577.7,1615859.565
2026-07-01 08:00:00,1577.71,1630.72,1564.17,1619.26,2322921.295
2026-07-01 16:00:00,1619.27,1645.86,1606.14,1608.87,1501148.546
2026-07-02 00:00:00,1608.87,1643.47,1596.14,1615.56,1349558.373
2026-07-02 08:00:00,1615.55,1725.0,1614.51,1696.32,3761372.224
2026-07-02 16:00:00,1696.33,1706.49,1685.04,1699.9,906514.667
2026-07-03 00:00:00,1699.89,1721.97,1693.68,1717.0,971971.199
2026-07-03 08:00:00,1717.0,1753.36,1714.9,1730.37,2046180.356
2026-07-03 16:00:00,1730.38,1775.5,1726.85,1757.41,1193438.473
2026-07-04 00:00:00,1757.41,1763.99,1743.09,1757.42,679728.074
2026-07-04 08:00:00,1757.43,1799.0,1754.08,1790.43,1143530.689
2026-07-04 16:00:00,1790.44,1808.0,1770.88,1779.94,1091880.725
2026-07-05 00:00:00,1779.94,1780.03,1756.04,1769.17,820824.63
2026-07-05 08:00:00,1769.18,1781.18,1747.27,1773.89,852878.378
2026-07-05 16:00:00,1773.88,1807.77,1768.04,1785.07,1078114.218
2026-07-06 00:00:00,1785.07,1798.4,1763.66,1771.42,1039264.445
2026-07-06 08:00:00,1771.43,1788.26,1728.3,1787.72,2763996.691
2026-07-06 16:00:00,1787.72,1833.0,1781.53,1798.84,1737121.8
2026-07-07 00:00:00,1798.84,1809.87,1756.62,1770.54,1433259.464
2026-07-07 08:00:00,1770.54,1802.86,1760.01,1796.66,1680337.648
2026-07-07 16:00:00,1796.67,1812.85,1764.5,1770.67,1257300.677
2026-07-08 00:00:00,1770.67,1784.16,1740.4,1755.74,1238459.3
2026-07-08 08:00:00,1755.74,1757.96,1712.45,1722.08,2182498.257
2026-07-08 16:00:00,1722.08,1745.8,1722.07,1742.68,771895.87
2026-07-09 00:00:00,1742.67,1762.52,1720.53,1752.47,1166715.739
2026-07-09 08:00:00,1752.47,1758.3,1732.49,1738.61,1190013.009
2026-07-09 16:00:00,1738.61,1759.65,1731.1,1744.25,695515.708
2026-07-10 00:00:00,1744.26,1779.91,1736.61,1772.5,1118763.76
2026-07-10 08:00:00,1772.5,1811.23,1771.66,1790.49,1650210.223
2026-07-10 16:00:00,1790.48,1798.86,1779.35,1796.03,615075.134
2026-07-11 00:00:00,1796.03,1802.76,1785.0,1799.07,426460.533
2026-07-11 08:00:00,1799.07,1827.8,1794.24,1814.12,921061.357
2026-07-11 16:00:00,1814.11,1829.52,1785.01,1786.7,1014147.636
2026-07-12 00:00:00,1786.69,1814.58,1778.26,1797.98,949628.034
2026-07-12 08:00:00,1797.97,1826.2,1795.4,1819.95,809153.962
2026-07-12 16:00:00,1819.95,1823.43,1796.5,1805.92,652895.08
2026-07-13 00:00:00,1805.92,1848.0,1772.0,1786.74,2400486.764
2026-07-13 08:00:00,1786.74,1792.49,1761.63,1775.9,1408790.87
2026-07-13 16:00:00,1775.9,1780.2,1748.0,1776.0,1273965.715
2026-07-14 00:00:00,1776.0,1793.9,1772.52,1780.0,909359.515
2026-07-14 08:00:00,1780.0,1887.99,1777.61,1874.38,3338612.791
2026-07-14 16:00:00,1874.37,1896.86,1860.0,1891.12,1062492.777
2026-07-15 00:00:00,1891.12,1892.5,1863.32,1869.13,1114004.646
2026-07-15 08:00:00,1869.13,1946.75,1869.08,1930.97,2571982.28
2026-07-15 16:00:00,1930.97,1936.51,1903.37,1916.91,1066361.032
2026-07-16 00:00:00,1916.91,1928.69,1904.05,1909.91,913708.425
2026-07-16 08:00:00,1909.91,1912.19,1866.53,1880.9,2459525.342
2026-07-16 16:00:00,1880.9,1882.42,1855.38,1863.73,940565.717
2026-07-17 00:00:00,1863.73,1870.44,1819.9,1827.37,1651317.121
2026-07-17 08:00:00,1827.37,1842.65,1802.46,1830.2,1660699.601
2026-07-17 16:00:00,1830.2,1855.9,1825.7,1841.08,966143.117
2026-07-18 00:00:00,1841.08,1848.93,1838.47,1843.42,288129.05
2026-07-18 08:00:00,1843.41,1849.71,1836.36,1843.15,405183.072
2026-07-18 16:00:00,1843.14,1867.0,1840.61,1861.75,619363.782
2026-07-19 00:00:00,1861.75,1876.91,1857.51,1869.35,490027.843
2026-07-19 08:00:00,1869.35,1878.76,1863.2,1870.12,685830.485
2026-07-19 16:00:00,1870.12,1876.46,1850.95,1871.49,768920.028
2026-07-20 00:00:00,1871.49,1891.2,1841.84,1863.11,1651787.01
2026-07-20 08:00:00,1863.11,1905.0,1852.66,1901.58,2065215.428
2026-07-20 16:00:00,1901.58,1917.92,1888.62,1903.5,1210738.3
2026-07-21 00:00:00,1903.51,1939.51,1899.44,1933.29,1078403.921
2026-07-21 08:00:00,1933.29,1953.64,1922.58,1930.89,1647515.185
2026-07-21 16:00:00,1930.89,1934.58,1912.44,1929.29,761827.915
2026-07-22 00:00:00,1929.29,1943.98,1909.32,1913.26,926635.289
2026-07-22 08:00:00,1913.27,1958.75,1912.28,1942.06,1615454.76
2026-07-22 16:00:00,1942.07,1955.8,1919.7,1933.31,1045994.957
2026-07-23 00:00:00,1933.31,1940.66,1911.44,1914.61,724430.846
2026-07-23 08:00:00,1914.62,1930.74,1882.0,1894.49,1786072.367
2026-07-23 16:00:00,1894.49,1894.7,1868.18,1877.42,963331.842
2026-07-24 00:00:00,1877.42,1909.32,1858.0,1895.0,1337369.033
2026-07-24 08:00:00,1895.0,1895.0,1846.17,1861.28,1613386.279
2026-07-24 16:00:00,1861.28,1865.81,1852.56,1860.57,481539.869
2026-07-25 00:00:00,1860.58,1863.86,1853.44,1855.11,294414.293
2026-07-25 08:00:00,1855.1,1871.73,1850.26,1867.03,441483.045
2026-07-25 16:00:00,1867.04,1876.42,1863.54,1873.92,360728.082
2026-07-26 00:00:00,1873.93,1888.67,1873.0,1880.85,429095.655
2026-07-26 08:00:00,1880.85,1917.45,1878.27,1913.75,905149.287
2026-07-26 16:00:00,1913.76,1966.97,1907.99,1953.79,1343711.897
2026-07-27 00:00:00,1953.8,1982.0,1935.29,1963.58,1259437.868
2026-07-27 08:00:00,1963.59,1977.58,1917.9,1926.77,2024108.143
2026-07-27 16:00:00,1926.77,1954.48,1881.16,1891.44,1467414.022
2026-07-28 00:00:00,1891.43,1893.33,1865.0,1882.75,1094135.559
2026-07-28 08:00:00,1882.75,1923.79,1855.82,1919.28,2267143.559
2026-07-28 16:00:00,1919.27,1928.9,1890.89,1921.13,1364068.397
2026-07-29 00:00:00,1921.13,1927.98,1883.38,1924.14,1318559.345
2026-07-29 08:00:00,1924.13,1924.74,1886.28,1891.13,1224551.189
2026-07-29 16:00:00,1891.13,1935.0,1870.26,1909.68,2237974.982
2026-07-30 00:00:00,1909.68,1921.91,1892.99,1902.38,908341.284
2026-07-30 08:00:00,1902.39,1936.52,1899.5,1917.96,1311999.488
2026-07-30 16:00:00,1917.96,1936.57,1914.0,1917.31,786783.098
2026-07-31 00:00:00,1917.31,1936.0,1883.18,1888.92,1301094.419
2026-07-31 08:00:00,1888.93,1892.21,1847.28,1861.94,2092221.697
2026-07-31 16:00:00,1861.94,1877.4,1857.89,1861.68,601591.517
2026-08-01 00:00:00,1861.68,1871.21,1861.31,1868.9,268776.758
2026-08-01 08:00:00,1868.9,1874.44,1862.0,1869.2,345112.206
2026-08-01 16:00:00,1869.19,1872.96,1820.61,1844.17,1259723.646
2026-08-02 00:00:00,1844.17,1885.0,1843.03,1875.32,904540.539
2026-08-02 08:00:00,1875.31,1878.26,1848.18,1857.77,762539.16
2026-08-02 16:00:00,1857.77,1898.5,1854.89,1884.37,1005117.044
2026-08-03 00:00:00,1884.38,1885.16,1838.56,1843.0,1094494.474
2026-08-03 08:00:00,1843.0,1873.32,1827.18,1862.54,1845056.34
2026-08-03 16:00:00,1862.54,1875.98,1851.0,1859.78,706564.575
2026-08-04 00:00:00,1859.78,1874.08,1847.5,1863.11,900726.796
2026-08-04 08:00:00,1863.11,1881.72,1852.78,1872.24,1264517.596
2026-08-04 16:00:00,1872.24,1880.95,1864.52,1868.9,742260.977
2026-08-05 00:00:00,1868.9,1877.45,1860.3,1871.85,769479.466
2026-08-05 08:00:00,1871.86,1884.68,1854.51,1872.91,1466663.174
2026-08-05 16:00:00,1872.91,1927.19,1872.4,1907.95,1536987.084
2026-08-06 00:00:00,1907.95,1917.99,1893.62,1908.52,829109.238
2026-08-06 08:00:00,1908.53,1920.92,1891.46,1909.88,1319925.878
2026-08-06 16:00:00,1909.88,1917.89,1897.82,1903.12,518143.81
2026-08-07 00:00:00,1903.11,1907.89,1893.37,1901.66,565003.172
2026-08-07 08:00:00,1901.65,1943.0,1901.2,1916.99,1736077.199
2026-08-07 16:00:00,1916.98,1924.41,1903.5,1913.07,599617.213
2026-08-08 00:00:00,1913.07,1918.62,1911.26,1914.29,186518.311
2026-08-08 08:00:00,1914.3,1925.85,1913.84,1921.85,301280.665
2026-08-08 16:00:00,1921.84,1925.55,1913.68,1915.98,237307.983
2026-08-09 00:00:00,1915.98,1919.37,1911.1,1918.28,242280.538
2026-08-09 08:00:00,1918.29,1926.84,1912.3,1925.75,537973.757
2026-08-09 16:00:00,1925.75,1937.67,1906.41,1909.57,628136.505
2026-08-10 00:00:00,1909.56,1931.5,1905.0,1924.72,1014090.01
2026-08-10 08:00:00,1924.73,1929.0,1870.15,1876.01,1638820.401
2026-08-10 16:00:00,1876.0,1880.86,1866.14,1872.31,721198.955
2026-08-11 00:00:00,1872.3,1881.36,1869.69,1876.84,463525.961
2026-08-11 08:00:00,1876.85,1897.3,1852.22,1862.0,1444835.98
2026-08-11 16:00:00,1862.01,1886.95,1858.77,1881.8,730819.954
2026-08-12 00:00:00,1881.79,1892.83,1880.0,1890.82,421828.368
2026-08-12 08:00:00,1890.82,1924.97,1883.33,1891.64,1906993.4
2026-08-12 16:00:00,1891.64,1894.9,1872.0,1878.8,602625.2
2026-08-13 00:00:00,1878.79,1899.6,1872.29,1894.62,735115.56
2026-08-13 08:00:00,1894.62,1896.86,1874.43,1879.19,1091706.957
2026-08-13 16:00:00,1879.19,1892.4,1862.11,1885.39,943296.056
2026-08-14 00:00:00,1885.38,1890.69,1871.23,1872.34,506509.54
2026-08-14 08:00:00,1872.34,1884.0,1863.2,1880.72,898542.951
2026-08-14 16:00:00,1880.73,1887.7,1872.7,1881.39,449800.004
2026-08-15 00:00:00,1881.38,1886.0,1878.76,1879.6,231400.323
2026-08-15 08:00:00,1879.59,1885.18,1874.61,1884.09,253726.14
2026-08-15 16:00:00,1884.08,1885.76,1880.98,1881.73,144448.008
2026-08-16 00:00:00,1881.73,1884.43,1876.01,1880.73,244099.114
2026-08-16 08:00:00,1880.72,1884.29,1878.23,1883.22,191167.831
2026-08-16 16:00:00,1883.23,1891.93,1868.01,1875.22,566400.306
2026-08-17 00:00:00,1875.21,1911.66,1871.61,1900.09,1043167.911
2026-08-17 08:00:00,1900.09,1914.85,1890.6,1912.45,1069121.475
2026-08-17 16:00:00,1912.44,1918.0,1902.58,1912.7,528364.876
2026-08-18 00:00:00,1912.7,1913.63,1884.2,1897.69,808812.935
2026-08-18 08:00:00,1897.69,1922.72,1892.68,1916.88,1088567.766
2026-08-18 16:00:00,1916.88,1921.69,1909.59,1917.1,459017.809
2026-08-19 00:00:00,1917.09,1920.72,1905.2,1915.14,665816.002
2026-08-19 08:00:00,1915.14,2132.0,1914.36,2085.16,3969622.363
2026-08-19 16:00:00,2085.15,2336.82,2065.22,2252.16,5058407.524
2026-08-20 00:00:00,2252.17,2273.32,2222.0,2251.49,1897389.15
2026-08-20 08:00:00,2251.49,2338.08,2248.84,2325.12,3911760.623
2026-08-20 16:00:00,2325.12,2359.68,2306.02,2326.18,1821300.131
2026-08-21 00:00:00,2326.18,2398.56,2323.83,2371.51,2586903.884
2026-08-21 08:00:00,2371.5,2449.47,2356.0,2393.03,3704913.195
2026-08-21 16:00:00,2393.03,2549.4,2383.0,2515.97,2850366.458
2026-08-22 00:00:00,2515.98,2529.98,2384.0,2432.54,2457531.617
2026-08-22 08:00:00,2432.55,2440.43,2387.0,2410.37,1264669.344
2026-08-22 16:00:00,2410.36,2444.3,2401.64,2421.4,745165.932
2026-08-23 00:00:00,2421.41,2434.68,2355.38,2388.29,1426803.136
2026-08-23 08:00:00,2388.3,2485.51,2386.0,2437.69,1996166.172
2026-08-23 16:00:00,2437.68,2484.66,2431.46,2462.58,1014096.751
2026-08-24 00:00:00,2462.59,2473.83,2423.05,2453.97,1384213.385
2026-08-24 08:00:00,2453.98,2532.73,2435.01,2486.64,3130798.641
2026-08-24 16:00:00,2486.63,2505.6,2453.51,2481.03,1430967.754
2026-08-25 00:00:00,2481.03,2533.47,2462.92,2477.66,1699557.974
2026-08-25 08:00:00,2477.65,2496.97,2438.3,2481.56,1597199.714
2026-08-25 16:00:00,2481.56,2484.79,2412.69,2441.72,1148371.452
2026-08-26 00:00:00,2441.72,2472.0,2434.63,2460.51,678227.662
2026-08-26 08:00:00,2460.52,2474.87,2431.0,2448.97,1411471.576
2026-08-26 16:00:00,2448.98,2515.0,2436.19,2505.66,1257906.957
2026-08-27 00:00:00,2505.66,2509.68,2480.56,2496.19,731576.689
2026-08-27 08:00:00,2496.18,2566.4,2481.19,2520.58,2793742.231
2026-08-27 16:00:00,2520.59,2533.5,2487.4,2509.74,898141.842
2026-08-28 00:00:00,2509.75,2535.79,2473.68,2495.34,1067627.895
2026-08-28 08:00:00,2495.35,2526.01,2461.71,2470.35,1807298.051
2026-08-28 16:00:00,2470.35,2472.85,2403.78,2441.9,1658468.253
2026-08-29 00:00:00,2441.91,2447.0,2429.04,2435.2,310630.091
2026-08-29 08:00:00,2435.2,2452.0,2430.0,2443.51,354385.533
2026-08-29 16:00:00,2443.51,2458.75,2443.5,2456.5,359311.457
2026-08-30 00:00:00,2456.5,2466.95,2450.36,2454.19,327639.459
2026-08-30 08:00:00,2454.19,2483.52,2450.5,2479.91,636912.831
2026-08-30 16:00:00,2479.92,2534.22,2384.2,2415.55,2251008.338
2026-08-31 00:00:00,2415.57,2445.96,2400.19,2439.02,1216444.682
2026-08-31 08:00:00,2439.02,2477.68,2432.35,2466.4,1233624.549
2026-08-31 16:00:00,2466.41,2490.24,2459.5,2466.53,729148.688
2026-09-01 00:00:00,2466.52,2484.6,2453.03,2471.44,609100.446
2026-09-01 08:00:00,2471.44,2472.54,2421.0,2447.9,1411939.753
2026-09-01 16:00:00,2447.9,2448.64,2381.7,2417.46,1538719.572
2026-09-02 00:00:00,2417.45,2429.33,2384.37,2416.65,867046.622
2026-09-02 08:00:00,2416.65,2419.49,2355.12,2390.15,2039189.667
2026-09-02 16:00:00,2390.16,2404.39,2371.06,2390.91,805446.767
2026-09-03 00:00:00,2390.91,2418.82,2367.85,2397.33,1192376.71
2026-09-03 08:00:00,2397.33,2516.64,2388.37,2515.99,2076550.434
2026-09-03 16:00:00,2516.0,2528.31,2487.3,2506.42,1295146.912
2026-09-04 00:00:00,2506.42,2524.63,2496.05,2503.53,986742.894
2026-09-04 08:00:00,2503.53,2547.0,2430.67,2450.95,2594515.124
2026-09-04 16:00:00,2450.96,2463.9,2442.0,2454.57,467087.344
2026-09-05 00:00:00,2454.56,2458.31,2443.69,2456.23,267068.173
2026-09-05 08:00:00,2456.23,2461.01,2447.88,2458.65,344616.353
2026-09-05 16:00:00,2458.66,2492.58,2457.7,2479.17,698321.911
2026-09-06 00:00:00,2479.18,2523.52,2477.77,2495.61,911687.142
2026-09-06 08:00:00,2495.6,2504.4,2459.0,2478.43,808412.505
2026-09-06 16:00:00,2478.43,2525.77,2473.94,2513.47,705231.462
2026-09-07 00:00:00,2513.47,2536.0,2472.61,2488.0,1054460.777
2026-09-07 08:00:00,2488.0,2510.76,2464.62,2468.99,943095.115
2026-09-07 16:00:00,2469.0,2499.24,2468.71,2488.92,593370.74
2026-09-08 00:00:00,2488.91,2507.3,2461.24,2478.32,858956.209
2026-09-08 08:00:00,2478.33,2501.41,2440.22,2497.77,1678288.943
2026-09-08 16:00:00,2497.77,2508.61,2473.21,2483.87,820806.445
2026-09-09 00:00:00,2483.87,2517.03,2483.87,2509.49,810627.269
2026-09-09 08:00:00,2509.5,2522.75,2469.1,2488.97,1844785.748
2026-09-09 16:00:00,2488.96,2498.57,2440.09,2466.97,947093.256
2026-09-10 00:00:00,2466.96,2483.99,2454.32,2471.5,718037.063
2026-09-10 08:00:00,2471.49,2476.94,2403.33,2440.01,1858848.324
2026-09-10 16:00:00,2440.01,2474.18,2430.56,2437.04,978995.619
2026-09-11 00:00:00,2437.03,2472.74,2436.25,2466.51,703459.175
2026-09-11 08:00:00,2466.5,2666.0,2433.04,2558.01,4132662.632
2026-09-11 16:00:00,2558.01,2582.53,2504.57,2515.47,1532283.975
2026-09-12 00:00:00,2515.47,2523.74,2507.6,2522.99,424841.562
2026-09-12 08:00:00,2523.0,2546.11,2522.01,2534.0,576107.245
2026-09-12 16:00:00,2533.99,2535.32,2513.51,2524.76,390822.238
2026-09-13 00:00:00,2524.77,2526.71,2508.38,2516.62,308019.608
2026-09-13 08:00:00,2516.61,2518.5,2460.3,2482.28,1039642.397
