symbol,fundingTime,fundingRate,markPrice,rateType
FLOCKUSDT,2025-09-09 08:00:00.000,5e-05,0.47420000,Regular
FLOCKUSDT,2025-09-09 12:00:00.004,-0.00637577,0.41430079,Regular
FLOCKUSDT,2025-09-09 16:00:00.000,-0.00078164,0.41090000,Regular
FLOCKUSDT,2025-09-09 20:00:00.000,-0.00011357,0.40575521,Regular
FLOCKUSDT,2025-09-10 00:00:00.000,-0.0005849,0.40890000,Regular
FLOCKUSDT,2025-09-10 04:00:00.001,-6.902e-05,0.39320000,Regular
FLOCKUSDT,2025-09-10 08:00:00.002,-0.0001242,0.38660064,Regular
FLOCKUSDT,2025-09-10 12:00:00.004,-0.00037061,0.37930000,Regular
FLOCKUSDT,2025-09-10 16:00:00.000,-0.00016316,0.37230000,Regular
FLOCKUSDT,2025-09-10 20:00:00.007,5e-05,0.36821545,Regular
FLOCKUSDT,2025-09-11 00:00:00.000,5e-05,0.36930409,Regular
FLOCKUSDT,2025-09-11 04:00:00.003,8.01e-06,0.36229074,Regular
FLOCKUSDT,2025-09-11 08:00:00.000,5e-05,0.36730000,Regular
FLOCKUSDT,2025-09-11 12:00:00.005,5e-05,0.35857273,Regular
FLOCKUSDT,2025-09-11 16:00:00.001,5e-05,0.34483911,Regular
FLOCKUSDT,2025-09-11 20:00:00.001,5e-05,0.34963273,Regular
FLOCKUSDT,2025-09-12 00:00:00.002,5e-05,0.35026741,Regular
FLOCKUSDT,2025-09-12 04:00:00.004,5e-05,0.36970000,Regular
FLOCKUSDT,2025-09-12 08:00:00.001,5e-05,0.37205989,Regular
FLOCKUSDT,2025-09-12 12:00:00.001,5e-05,0.37480000,Regular
FLOCKUSDT,2025-09-12 16:00:00.005,6.032e-05,0.37920000,Regular
FLOCKUSDT,2025-09-12 20:00:00.000,5e-05,0.37212968,Regular
FLOCKUSDT,2025-09-13 00:00:00.005,0.00026239,0.38420000,Regular
FLOCKUSDT,2025-09-13 04:00:00.002,0.00025909,0.37010000,Regular
FLOCKUSDT,2025-09-13 08:00:00.002,5e-05,0.36551936,Regular
FLOCKUSDT,2025-09-13 12:00:00.005,0.0005151,0.36930980,Regular
FLOCKUSDT,2025-09-13 16:00:00.000,5.921e-05,0.37340000,Regular
FLOCKUSDT,2025-09-13 20:00:00.001,5e-05,0.36690000,Regular
FLOCKUSDT,2025-09-14 00:00:00.006,0.000476,0.37071547,Regular
FLOCKUSDT,2025-09-14 04:00:00.001,5e-05,0.36153068,Regular
FLOCKUSDT,2025-09-14 08:00:00.000,0.00034337,0.36370000,Regular
FLOCKUSDT,2025-09-14 12:00:00.004,0.00017911,0.35361303,Regular
FLOCKUSDT,2025-09-14 16:00:00.001,0.000204,0.35220000,Regular
FLOCKUSDT,2025-09-14 20:00:00.000,0.00020493,0.35478271,Regular
FLOCKUSDT,2025-09-15 00:00:00.006,5e-05,0.35110000,Regular
FLOCKUSDT,2025-09-15 04:00:00.000,0.00027773,0.35260000,Regular
FLOCKUSDT,2025-09-15 08:00:00.002,5.636e-05,0.41981303,Regular
FLOCKUSDT,2025-09-15 12:00:00.003,-0.00073483,0.38600000,Regular
FLOCKUSDT,2025-09-15 16:00:00.001,-5.34e-05,0.35381933,Regular
FLOCKUSDT,2025-09-15 20:00:00.001,-0.00039897,0.35780000,Regular
FLOCKUSDT,2025-09-16 00:00:00.001,5e-05,0.36230000,Regular
FLOCKUSDT,2025-09-16 04:00:00.000,-0.00121867,0.37003174,Regular
FLOCKUSDT,2025-09-16 08:00:00.000,5e-05,0.37502123,Regular
FLOCKUSDT,2025-09-16 12:00:00.002,-0.00014411,0.37557815,Regular
FLOCKUSDT,2025-09-16 16:00:00.000,5e-05,0.37140000,Regular
FLOCKUSDT,2025-09-16 20:00:00.004,5e-05,0.37380000,Regular
FLOCKUSDT,2025-09-17 00:00:00.001,5e-05,0.37950000,Regular
FLOCKUSDT,2025-09-17 04:00:00.004,5e-05,0.35624829,Regular
FLOCKUSDT,2025-09-17 08:00:00.000,5e-05,0.35217491,Regular
FLOCKUSDT,2025-09-17 12:00:00.000,-2.526e-05,0.34810000,Regular
FLOCKUSDT,2025-09-17 16:00:00.003,-0.0004797,0.34910000,Regular
FLOCKUSDT,2025-09-17 20:00:00.000,-0.00023062,0.35460000,Regular
FLOCKUSDT,2025-09-18 00:00:00.006,-0.00013832,0.35504768,Regular
FLOCKUSDT,2025-09-18 04:00:00.001,-1.239e-05,0.35527241,Regular
FLOCKUSDT,2025-09-18 08:00:00.002,-0.00067699,0.35010000,Regular
FLOCKUSDT,2025-09-18 12:00:00.000,-0.00055004,0.35212545,Regular
FLOCKUSDT,2025-09-18 16:00:00.000,-0.00039343,0.35140000,Regular
FLOCKUSDT,2025-09-18 20:00:00.008,3.694e-05,0.35292545,Regular
FLOCKUSDT,2025-09-19 00:00:00.000,5e-05,0.35395273,Regular
FLOCKUSDT,2025-09-19 04:00:00.003,5e-05,0.34464376,Regular
FLOCKUSDT,2025-09-19 08:00:00.005,5e-05,0.33920000,Regular
FLOCKUSDT,2025-09-19 12:00:00.000,5e-05,0.33820000,Regular
FLOCKUSDT,2025-09-19 16:00:00.000,5e-05,0.33370000,Regular
FLOCKUSDT,2025-09-19 20:00:00.004,5e-05,0.33150000,Regular
FLOCKUSDT,2025-09-20 00:00:00.000,5e-05,0.32790000,Regular
FLOCKUSDT,2025-09-20 04:00:00.000,5e-05,0.32482136,Regular
FLOCKUSDT,2025-09-20 08:00:00.000,5e-05,0.32596000,Regular
FLOCKUSDT,2025-09-20 12:00:00.008,5e-05,0.33200042,Regular
FLOCKUSDT,2025-09-20 16:00:00.002,5e-05,0.33252000,Regular
FLOCKUSDT,2025-09-20 20:00:00.000,5e-05,0.33414182,Regular
FLOCKUSDT,2025-09-21 00:00:00.000,5e-05,0.33648636,Regular
FLOCKUSDT,2025-09-21 04:00:00.002,5e-05,0.34191912,Regular
FLOCKUSDT,2025-09-21 08:00:00.000,5e-05,0.34843727,Regular
FLOCKUSDT,2025-09-21 12:00:00.002,5e-05,0.33630000,Regular
FLOCKUSDT,2025-09-21 16:00:00.000,5e-05,0.33712782,Regular
FLOCKUSDT,2025-09-21 20:00:00.000,5e-05,0.33692994,Regular
FLOCKUSDT,2025-09-22 00:00:00.005,5e-05,0.33636427,Regular
FLOCKUSDT,2025-09-22 04:00:00.000,5e-05,0.31442418,Regular
FLOCKUSDT,2025-09-22 08:00:00.003,5e-05,0.29530000,Regular
FLOCKUSDT,2025-09-22 12:00:00.005,5e-05,0.28780000,Regular
FLOCKUSDT,2025-09-22 16:00:00.000,5e-05,0.28612027,Regular
FLOCKUSDT,2025-09-22 20:00:00.001,5e-05,0.27377700,Regular
FLOCKUSDT,2025-09-23 00:00:00.000,-4.601e-05,0.28430000,Regular
FLOCKUSDT,2025-09-23 04:00:00.012,4.563e-05,0.26780203,Regular
FLOCKUSDT,2025-09-23 08:00:00.001,5e-05,0.26750552,Regular
FLOCKUSDT,2025-09-23 12:00:00.000,5e-05,0.26667803,Regular
FLOCKUSDT,2025-09-23 16:00:00.000,5e-05,0.27123167,Regular
FLOCKUSDT,2025-09-23 20:00:00.001,-0.0001865,0.30997936,Regular
FLOCKUSDT,2025-09-24 00:00:00.003,5e-05,0.30515594,Regular
FLOCKUSDT,2025-09-24 04:00:00.000,5e-05,0.33535594,Regular
FLOCKUSDT,2025-09-24 08:00:00.001,-0.00232784,0.32877336,Regular
FLOCKUSDT,2025-09-24 12:00:00.001,-0.00030785,0.31570000,Regular
FLOCKUSDT,2025-09-24 16:00:00.002,-0.00027913,0.31510000,Regular
FLOCKUSDT,2025-09-24 20:00:00.001,-6.011e-05,0.31063206,Regular
FLOCKUSDT,2025-09-25 00:00:00.000,-5.123e-05,0.31885488,Regular
FLOCKUSDT,2025-09-25 04:00:00.000,-0.00359939,0.30802970,Regular
FLOCKUSDT,2025-09-25 08:00:00.001,-0.00098056,0.29611373,Regular
FLOCKUSDT,2025-09-25 12:00:00.000,-0.00049738,0.29910000,Regular
FLOCKUSDT,2025-09-25 16:00:00.000,-0.00039902,0.29118118,Regular
FLOCKUSDT,2025-09-25 20:00:00.000,-0.00062703,0.28570000,Regular
FLOCKUSDT,2025-09-26 00:00:00.000,-0.00061903,0.28016018,Regular
FLOCKUSDT,2025-09-26 04:00:00.002,-0.0005483,0.28568291,Regular
FLOCKUSDT,2025-09-26 08:00:00.000,-0.00059551,0.28790000,Regular
FLOCKUSDT,2025-09-26 12:00:00.000,-0.00043515,0.30170000,Regular
FLOCKUSDT,2025-09-26 16:00:00.008,-9.505e-05,0.29296758,Regular
FLOCKUSDT,2025-09-26 20:00:00.005,-5.888e-05,0.28904843,Regular
FLOCKUSDT,2025-09-27 00:00:00.000,5e-05,0.29704671,Regular
FLOCKUSDT,2025-09-27 04:00:00.000,5e-05,0.30409009,Regular
FLOCKUSDT,2025-09-27 08:00:00.010,5e-05,0.29320000,Regular
FLOCKUSDT,2025-09-27 12:00:00.003,5e-05,0.29200000,Regular
FLOCKUSDT,2025-09-27 16:00:00.003,4.019e-05,0.29071527,Regular
FLOCKUSDT,2025-09-27 20:00:00.002,1.53e-05,0.28566533,Regular
FLOCKUSDT,2025-09-28 00:00:00.000,-0.00018198,0.28430000,Regular
FLOCKUSDT,2025-09-28 04:00:00.002,-1.571e-05,0.27740000,Regular
FLOCKUSDT,2025-09-28 08:00:00.000,8.95e-06,0.27186900,Regular
FLOCKUSDT,2025-09-28 12:00:00.000,4.62e-06,0.27190000,Regular
FLOCKUSDT,2025-09-28 16:00:00.000,5e-05,0.28160000,Regular
FLOCKUSDT,2025-09-28 20:00:00.004,-2.512e-05,0.29890912,Regular
FLOCKUSDT,2025-09-29 00:00:00.000,4.51e-06,0.29931958,Regular
FLOCKUSDT,2025-09-29 04:00:00.000,5e-05,0.29141903,Regular
FLOCKUSDT,2025-09-29 08:00:00.002,5e-05,0.28940000,Regular
FLOCKUSDT,2025-09-29 12:00:00.000,-1.248e-05,0.27937321,Regular
FLOCKUSDT,2025-09-29 16:00:00.001,5e-05,0.27290000,Regular
FLOCKUSDT,2025-09-29 20:00:00.000,-0.00019062,0.27300000,Regular
FLOCKUSDT,2025-09-30 00:00:00.002,3.07e-06,0.28138548,Regular
FLOCKUSDT,2025-09-30 04:00:00.000,5e-05,0.27040000,Regular
FLOCKUSDT,2025-09-30 08:00:00.005,5e-05,0.27310000,Regular
FLOCKUSDT,2025-09-30 12:00:00.000,5e-05,0.26920000,Regular
FLOCKUSDT,2025-09-30 16:00:00.000,5e-05,0.26334000,Regular
FLOCKUSDT,2025-09-30 20:00:00.000,5e-05,0.26765933,Regular
FLOCKUSDT,2025-10-01 00:00:00.000,4.587e-05,0.26656318,Regular
FLOCKUSDT,2025-10-01 04:00:00.008,5e-05,0.26780000,Regular
FLOCKUSDT,2025-10-01 08:00:00.000,-7.398e-05,0.26750000,Regular
FLOCKUSDT,2025-10-01 12:00:00.007,5e-05,0.27353758,Regular
FLOCKUSDT,2025-10-01 16:00:00.000,-3.934e-05,0.27600000,Regular
FLOCKUSDT,2025-10-01 20:00:00.001,5e-05,0.27780000,Regular
FLOCKUSDT,2025-10-02 00:00:00.000,5e-05,0.27760000,Regular
FLOCKUSDT,2025-10-02 04:00:00.001,5e-05,0.30030000,Regular
FLOCKUSDT,2025-10-02 08:00:00.013,5e-05,0.28440000,Regular
FLOCKUSDT,2025-10-02 12:00:00.000,5e-05,0.28397818,Regular
FLOCKUSDT,2025-10-02 16:00:00.000,5e-05,0.28577000,Regular
FLOCKUSDT,2025-10-02 20:00:00.000,5e-05,0.28800000,Regular
FLOCKUSDT,2025-10-03 00:00:00.006,5e-05,0.28576833,Regular
FLOCKUSDT,2025-10-03 04:00:00.000,5e-05,0.28234709,Regular
FLOCKUSDT,2025-10-03 08:00:00.006,5e-05,0.28490000,Regular
FLOCKUSDT,2025-10-03 12:00:00.000,5e-05,0.28250000,Regular
FLOCKUSDT,2025-10-03 16:00:00.000,5e-05,0.29096667,Regular
FLOCKUSDT,2025-10-03 20:00:00.002,5e-05,0.29059848,Regular
FLOCKUSDT,2025-10-04 00:00:00.001,5e-05,0.28967727,Regular
FLOCKUSDT,2025-10-04 04:00:00.006,5e-05,0.29013345,Regular
FLOCKUSDT,2025-10-04 08:00:00.000,5e-05,0.29450000,Regular
FLOCKUSDT,2025-10-04 12:00:00.000,5e-05,0.29215576,Regular
FLOCKUSDT,2025-10-04 16:00:00.000,5e-05,0.28670000,Regular
FLOCKUSDT,2025-10-04 20:00:00.003,5e-05,0.28625000,Regular
FLOCKUSDT,2025-10-05 00:00:00.000,5e-05,0.29620000,Regular
FLOCKUSDT,2025-10-05 04:00:00.000,5e-05,0.29527273,Regular
FLOCKUSDT,2025-10-05 08:00:00.003,5e-05,0.29210000,Regular
FLOCKUSDT,2025-10-05 12:00:00.000,5e-05,0.28961161,Regular
FLOCKUSDT,2025-10-05 16:00:00.009,5e-05,0.29320000,Regular
FLOCKUSDT,2025-10-05 20:00:00.004,5e-05,0.28577636,Regular
FLOCKUSDT,2025-10-06 00:00:00.004,5e-05,0.28455224,Regular
FLOCKUSDT,2025-10-06 04:00:00.003,5e-05,0.28243930,Regular
FLOCKUSDT,2025-10-06 08:00:00.002,5e-05,0.28391479,Regular
FLOCKUSDT,2025-10-06 12:00:00.000,5e-05,0.28741273,Regular
FLOCKUSDT,2025-10-06 16:00:00.004,5e-05,0.29280000,Regular
FLOCKUSDT,2025-10-06 20:00:00.002,5e-05,0.29298333,Regular
FLOCKUSDT,2025-10-07 00:00:00.000,5e-05,0.28910000,Regular
FLOCKUSDT,2025-10-07 04:00:00.001,-0.00062921,0.29520000,Regular
FLOCKUSDT,2025-10-07 08:00:00.003,-0.00015924,0.29150000,Regular
FLOCKUSDT,2025-10-07 12:00:00.005,5e-05,0.29269636,Regular
FLOCKUSDT,2025-10-07 16:00:00.000,4.027e-05,0.28160000,Regular
FLOCKUSDT,2025-10-07 20:00:00.002,5e-05,0.27782085,Regular
FLOCKUSDT,2025-10-08 00:00:00.000,5e-05,0.27550000,Regular
FLOCKUSDT,2025-10-08 04:00:00.002,5e-05,0.26990930,Regular
FLOCKUSDT,2025-10-08 08:00:00.006,-9.767e-05,0.27104739,Regular
FLOCKUSDT,2025-10-08 12:00:00.003,-0.00011629,0.27370000,Regular
FLOCKUSDT,2025-10-08 16:00:00.002,5e-05,0.27780752,Regular
FLOCKUSDT,2025-10-08 20:00:00.000,5e-05,0.27920000,Regular
FLOCKUSDT,2025-10-09 00:00:00.001,5e-05,0.28090000,Regular
FLOCKUSDT,2025-10-09 04:00:00.003,-6.178e-05,0.27350000,Regular
FLOCKUSDT,2025-10-09 08:00:00.000,5e-05,0.27070000,Regular
FLOCKUSDT,2025-10-09 12:00:00.002,5e-05,0.26950476,Regular
FLOCKUSDT,2025-10-09 16:00:00.000,2.558e-05,0.26580000,Regular
FLOCKUSDT,2025-10-09 20:00:00.010,5e-05,0.26675836,Regular
FLOCKUSDT,2025-10-10 00:00:00.005,5e-05,0.26650000,Regular
FLOCKUSDT,2025-10-10 04:00:00.001,-1.385e-05,0.26700000,Regular
FLOCKUSDT,2025-10-10 08:00:00.002,-3e-07,0.25994018,Regular
FLOCKUSDT,2025-10-10 12:00:00.004,5e-05,0.26337106,Regular
FLOCKUSDT,2025-10-10 16:00:00.014,2.709e-05,0.24610000,Regular
FLOCKUSDT,2025-10-10 20:00:00.003,-3.308e-05,0.24600000,Regular
FLOCKUSDT,2025-10-11 00:00:00.000,-0.00140912,0.18970133,Regular
FLOCKUSDT,2025-10-11 04:00:00.000,-0.00082268,0.19840000,Regular
FLOCKUSDT,2025-10-11 08:00:00.003,-0.00059666,0.20166545,Regular
FLOCKUSDT,2025-10-11 12:00:00.003,-0.00034945,0.20512648,Regular
FLOCKUSDT,2025-10-11 16:00:00.000,-0.0007565,0.20721158,Regular
FLOCKUSDT,2025-10-11 20:00:00.001,-0.00133244,0.20140000,Regular
FLOCKUSDT,2025-10-12 00:00:00.004,-0.00012677,0.19380000,Regular
FLOCKUSDT,2025-10-12 04:00:00.001,-0.00060169,0.19426127,Regular
FLOCKUSDT,2025-10-12 08:00:00.002,5e-05,0.19670000,Regular
FLOCKUSDT,2025-10-12 12:00:00.001,-2.452e-05,0.19580000,Regular
FLOCKUSDT,2025-10-12 16:00:00.000,-9.674e-05,0.20580000,Regular
FLOCKUSDT,2025-10-12 20:00:00.000,-3.372e-05,0.21469148,Regular
FLOCKUSDT,2025-10-13 00:00:00.003,3.972e-05,0.20860000,Regular
FLOCKUSDT,2025-10-13 04:00:00.000,5e-05,0.21892612,Regular
FLOCKUSDT,2025-10-13 08:00:00.002,-1.929e-05,0.22000000,Regular
FLOCKUSDT,2025-10-13 12:00:00.001,8.42e-06,0.22410203,Regular
FLOCKUSDT,2025-10-13 16:00:00.003,5e-05,0.23420000,Regular
FLOCKUSDT,2025-10-13 20:00:00.002,5e-05,0.23625770,Regular
FLOCKUSDT,2025-10-14 00:00:00.000,5e-05,0.24210000,Regular
FLOCKUSDT,2025-10-14 04:00:00.000,-0.00011565,0.22840000,Regular
FLOCKUSDT,2025-10-14 08:00:00.000,1.441e-05,0.21165036,Regular
FLOCKUSDT,2025-10-14 12:00:00.000,-0.00014585,0.21325667,Regular
FLOCKUSDT,2025-10-14 16:00:00.000,-0.00061058,0.22283752,Regular
FLOCKUSDT,2025-10-14 20:00:00.000,-0.00042427,0.22611527,Regular
FLOCKUSDT,2025-10-15 00:00:00.006,-8.834e-05,0.22890000,Regular
FLOCKUSDT,2025-10-15 04:00:00.001,-0.00014037,0.22220000,Regular
FLOCKUSDT,2025-10-15 08:00:00.002,5e-05,0.22890000,Regular
FLOCKUSDT,2025-10-15 12:00:00.005,5e-05,0.22200000,Regular
FLOCKUSDT,2025-10-15 16:00:00.000,5e-05,0.21560000,Regular
FLOCKUSDT,2025-10-15 20:00:00.004,5e-05,0.21275464,Regular
FLOCKUSDT,2025-10-16 00:00:00.000,5e-05,0.21260000,Regular
FLOCKUSDT,2025-10-16 04:00:00.000,5e-05,0.21040000,Regular
FLOCKUSDT,2025-10-16 08:00:00.003,5e-05,0.20800000,Regular
FLOCKUSDT,2025-10-16 12:00:00.000,5e-05,0.21525015,Regular
FLOCKUSDT,2025-10-16 16:00:00.002,5e-05,0.20460000,Regular
FLOCKUSDT,2025-10-16 20:00:00.003,5e-05,0.20050000,Regular
FLOCKUSDT,2025-10-17 00:00:00.001,5e-05,0.20210000,Regular
FLOCKUSDT,2025-10-17 04:00:00.001,5e-05,0.20365909,Regular
FLOCKUSDT,2025-10-17 08:00:00.005,5e-05,0.18520000,Regular
FLOCKUSDT,2025-10-17 12:00:00.000,5e-05,0.18794724,Regular
FLOCKUSDT,2025-10-17 16:00:00.003,5e-05,0.19690000,Regular
FLOCKUSDT,2025-10-17 20:00:00.004,5e-05,0.19410000,Regular
FLOCKUSDT,2025-10-18 00:00:00.000,5e-05,0.19430000,Regular
FLOCKUSDT,2025-10-18 04:00:00.000,5e-05,0.19561545,Regular
FLOCKUSDT,2025-10-18 08:00:00.002,5e-05,0.19400545,Regular
FLOCKUSDT,2025-10-18 12:00:00.007,5e-05,0.19620000,Regular
FLOCKUSDT,2025-10-18 16:00:00.001,5e-05,0.19120000,Regular
FLOCKUSDT,2025-10-18 20:00:00.000,5e-05,0.19136379,Regular
FLOCKUSDT,2025-10-19 00:00:00.001,5e-05,0.19170000,Regular
FLOCKUSDT,2025-10-19 04:00:00.000,5e-05,0.19235000,Regular
FLOCKUSDT,2025-10-19 08:00:00.001,5e-05,0.19220000,Regular
FLOCKUSDT,2025-10-19 12:00:00.000,5e-05,0.19570000,Regular
FLOCKUSDT,2025-10-19 16:00:00.001,5e-05,0.19614667,Regular
FLOCKUSDT,2025-10-19 20:00:00.000,5e-05,0.19700000,Regular
FLOCKUSDT,2025-10-20 00:00:00.004,5e-05,0.19360000,Regular
FLOCKUSDT,2025-10-20 04:00:00.000,5e-05,0.19990000,Regular
FLOCKUSDT,2025-10-20 08:00:00.001,5e-05,0.19905758,Regular
FLOCKUSDT,2025-10-20 12:00:00.000,5e-05,0.19815667,Regular
FLOCKUSDT,2025-10-20 16:00:00.000,5e-05,0.19789030,Regular
FLOCKUSDT,2025-10-20 20:00:00.000,5e-05,0.19770000,Regular
FLOCKUSDT,2025-10-21 00:00:00.009,5e-05,0.20304182,Regular
FLOCKUSDT,2025-10-21 04:00:00.003,5e-05,0.19821833,Regular
FLOCKUSDT,2025-10-21 08:00:00.000,5e-05,0.19713136,Regular
FLOCKUSDT,2025-10-21 12:00:00.000,5e-05,0.19711273,Regular
FLOCKUSDT,2025-10-21 16:00:00.000,5e-05,0.20856727,Regular
FLOCKUSDT,2025-10-21 20:00:00.001,5e-05,0.20293167,Regular
FLOCKUSDT,2025-10-22 00:00:00.004,5e-05,0.19380000,Regular
FLOCKUSDT,2025-10-22 04:00:00.000,5e-05,0.19210000,Regular
FLOCKUSDT,2025-10-22 08:00:00.000,5e-05,0.19063833,Regular
FLOCKUSDT,2025-10-22 12:00:00.000,5e-05,0.18832724,Regular
FLOCKUSDT,2025-10-22 16:00:00.000,5e-05,0.18680000,Regular
FLOCKUSDT,2025-10-22 20:00:00.004,5e-05,0.18270000,Regular
FLOCKUSDT,2025-10-23 00:00:00.000,5e-05,0.17495000,Regular
FLOCKUSDT,2025-10-23 04:00:00.000,5e-05,0.17891861,Regular
FLOCKUSDT,2025-10-23 08:00:00.001,5e-05,0.18240000,Regular
FLOCKUSDT,2025-10-23 12:00:00.000,5e-05,0.18110667,Regular
FLOCKUSDT,2025-10-23 16:00:00.004,5e-05,0.18130000,Regular
FLOCKUSDT,2025-10-23 20:00:00.000,5e-05,0.18471136,Regular
FLOCKUSDT,2025-10-24 00:00:00.000,5e-05,0.18480000,Regular
FLOCKUSDT,2025-10-24 04:00:00.002,5e-05,0.19540000,Regular
FLOCKUSDT,2025-10-24 08:00:00.000,5e-05,0.19765000,Regular
FLOCKUSDT,2025-10-24 12:00:00.002,5e-05,0.19615000,Regular
FLOCKUSDT,2025-10-24 16:00:00.009,5e-05,0.19191545,Regular
FLOCKUSDT,2025-10-24 20:00:00.000,5e-05,0.19875818,Regular
FLOCKUSDT,2025-10-25 00:00:00.000,5e-05,0.20170000,Regular
FLOCKUSDT,2025-10-25 04:00:00.000,5e-05,0.20770000,Regular
FLOCKUSDT,2025-10-25 08:00:00.001,5e-05,0.20107864,Regular
FLOCKUSDT,2025-10-25 12:00:00.000,5e-05,0.19770000,Regular
FLOCKUSDT,2025-10-25 16:00:00.001,5e-05,0.20250333,Regular
FLOCKUSDT,2025-10-25 20:00:00.002,5e-05,0.21710000,Regular
FLOCKUSDT,2025-10-26 00:00:00.001,5e-05,0.21660000,Regular
FLOCKUSDT,2025-10-26 04:00:00.000,5e-05,0.22448818,Regular
FLOCKUSDT,2025-10-26 08:00:00.001,5e-05,0.22420818,Regular
FLOCKUSDT,2025-10-26 12:00:00.002,5e-05,0.21608455,Regular
FLOCKUSDT,2025-10-26 16:00:00.000,5e-05,0.21510000,Regular
FLOCKUSDT,2025-10-26 20:00:00.000,5e-05,0.21520000,Regular
FLOCKUSDT,2025-10-27 00:00:00.000,5e-05,0.21970000,Regular
FLOCKUSDT,2025-10-27 04:00:00.000,5e-05,0.24520000,Regular
FLOCKUSDT,2025-10-27 08:00:00.005,-9.795e-05,0.22850000,Regular
FLOCKUSDT,2025-10-27 12:00:00.003,5e-05,0.22910000,Regular
FLOCKUSDT,2025-10-27 16:00:00.000,-3.953e-05,0.23840000,Regular
FLOCKUSDT,2025-10-27 20:00:00.001,-0.00029227,0.24326727,Regular
FLOCKUSDT,2025-10-28 00:00:00.000,-0.00141299,0.25284103,Regular
FLOCKUSDT,2025-10-28 04:00:00.004,-0.00021492,0.23294633,Regular
FLOCKUSDT,2025-10-28 08:00:00.000,5e-05,0.24010373,Regular
FLOCKUSDT,2025-10-28 12:00:00.000,5e-05,0.24777636,Regular
FLOCKUSDT,2025-10-28 16:00:00.004,5e-05,0.25920188,Regular
FLOCKUSDT,2025-10-28 20:00:00.004,5e-05,0.25080000,Regular
FLOCKUSDT,2025-10-29 00:00:00.004,5e-05,0.25475224,Regular
FLOCKUSDT,2025-10-29 04:00:00.005,5e-05,0.25588500,Regular
FLOCKUSDT,2025-10-29 08:00:00.005,5e-05,0.24447936,Regular
FLOCKUSDT,2025-10-29 12:00:00.011,5e-05,0.24130000,Regular
FLOCKUSDT,2025-10-29 16:00:00.000,5e-05,0.23114330,Regular
FLOCKUSDT,2025-10-29 20:00:00.008,5e-05,0.23900000,Regular
FLOCKUSDT,2025-10-30 00:00:00.004,5e-05,0.23974455,Regular
FLOCKUSDT,2025-10-30 04:00:00.001,5e-05,0.24318048,Regular
FLOCKUSDT,2025-10-30 08:00:00.008,5e-05,0.23037048,Regular
FLOCKUSDT,2025-10-30 12:00:00.006,5e-05,0.21981333,Regular
FLOCKUSDT,2025-10-30 16:00:00.001,5e-05,0.21040000,Regular
FLOCKUSDT,2025-10-30 20:00:00.000,5e-05,0.21004706,Regular
FLOCKUSDT,2025-10-31 00:00:00.000,5e-05,0.21339942,Regular
FLOCKUSDT,2025-10-31 04:00:00.000,5e-05,0.22590000,Regular
FLOCKUSDT,2025-10-31 08:00:00.008,5e-05,0.22344958,Regular
FLOCKUSDT,2025-10-31 12:00:00.008,5e-05,0.23329627,Regular
FLOCKUSDT,2025-10-31 16:00:00.007,5e-05,0.22840267,Regular
FLOCKUSDT,2025-10-31 20:00:00.001,5e-05,0.23051676,Regular
FLOCKUSDT,2025-11-01 00:00:00.001,5e-05,0.22945258,Regular
FLOCKUSDT,2025-11-01 04:00:00.000,5e-05,0.25555933,Regular
FLOCKUSDT,2025-11-01 08:00:00.000,5e-05,0.24639818,Regular
FLOCKUSDT,2025-11-01 12:00:00.000,5e-05,0.26280727,Regular
FLOCKUSDT,2025-11-01 16:00:00.000,-0.00013976,0.25556461,Regular
FLOCKUSDT,2025-11-01 20:00:00.003,5e-05,0.25923376,Regular
FLOCKUSDT,2025-11-02 00:00:00.007,5e-05,0.26670000,Regular
FLOCKUSDT,2025-11-02 04:00:00.002,5e-05,0.25293727,Regular
FLOCKUSDT,2025-11-02 08:00:00.000,5e-05,0.25365000,Regular
FLOCKUSDT,2025-11-02 12:00:00.001,5e-05,0.24664987,Regular
FLOCKUSDT,2025-11-02 16:00:00.001,-0.00038248,0.23810000,Regular
FLOCKUSDT,2025-11-02 20:00:00.001,-0.00010603,0.23700000,Regular
FLOCKUSDT,2025-11-03 00:00:00.000,-0.00013016,0.23740000,Regular
FLOCKUSDT,2025-11-03 04:00:00.003,5e-05,0.21680000,Regular
FLOCKUSDT,2025-11-03 08:00:00.010,5e-05,0.21620000,Regular
FLOCKUSDT,2025-11-03 12:00:00.002,5e-05,0.21353912,Regular
FLOCKUSDT,2025-11-03 16:00:00.000,9.94e-06,0.19930000,Regular
FLOCKUSDT,2025-11-03 20:00:00.008,-0.00036347,0.20036455,Regular
FLOCKUSDT,2025-11-04 00:00:00.002,-1.458e-05,0.20094000,Regular
FLOCKUSDT,2025-11-04 04:00:00.000,5e-05,0.20200000,Regular
FLOCKUSDT,2025-11-04 08:00:00.004,4.794e-05,0.19642697,Regular
FLOCKUSDT,2025-11-04 12:00:00.000,5e-05,0.20210870,Regular
FLOCKUSDT,2025-11-04 16:00:00.000,-0.00011972,0.21010000,Regular
FLOCKUSDT,2025-11-04 20:00:00.001,-1.375e-05,0.19940000,Regular
FLOCKUSDT,2025-11-05 00:00:00.000,5e-05,0.20145015,Regular
FLOCKUSDT,2025-11-05 04:00:00.005,5e-05,0.19813855,Regular
FLOCKUSDT,2025-11-05 08:00:00.000,5e-05,0.19483667,Regular
FLOCKUSDT,2025-11-05 12:00:00.000,5e-05,0.19051521,Regular
FLOCKUSDT,2025-11-05 16:00:00.004,5e-05,0.19638850,Regular
FLOCKUSDT,2025-11-05 20:00:00.001,5e-05,0.19720455,Regular
FLOCKUSDT,2025-11-06 00:00:00.001,5e-05,0.20230291,Regular
FLOCKUSDT,2025-11-06 04:00:00.009,5e-05,0.19742030,Regular
FLOCKUSDT,2025-11-06 08:00:00.000,5e-05,0.19102794,Regular
FLOCKUSDT,2025-11-06 12:00:00.001,5e-05,0.19007000,Regular
FLOCKUSDT,2025-11-06 16:00:00.001,5e-05,0.19960000,Regular
FLOCKUSDT,2025-11-06 20:00:00.006,5e-05,0.19706915,Regular
FLOCKUSDT,2025-11-07 00:00:00.005,5e-05,0.19734909,Regular
FLOCKUSDT,2025-11-07 04:00:00.000,5e-05,0.20160000,Regular
FLOCKUSDT,2025-11-07 08:00:00.003,1.597e-05,0.20760000,Regular
FLOCKUSDT,2025-11-07 12:00:00.005,-6.75e-05,0.19453727,Regular
FLOCKUSDT,2025-11-07 16:00:00.005,5e-05,0.20333570,Regular
FLOCKUSDT,2025-11-07 20:00:00.000,5e-05,0.21500000,Regular
FLOCKUSDT,2025-11-08 00:00:00.011,5e-05,0.21220818,Regular
FLOCKUSDT,2025-11-08 04:00:00.001,2.822e-05,0.21670000,Regular
FLOCKUSDT,2025-11-08 08:00:00.015,-6.201e-05,0.21201312,Regular
FLOCKUSDT,2025-11-08 12:00:00.000,-8.851e-05,0.20916697,Regular
FLOCKUSDT,2025-11-08 16:00:00.001,4.935e-05,0.20020000,Regular
FLOCKUSDT,2025-11-08 20:00:00.006,5e-05,0.19920000,Regular
FLOCKUSDT,2025-11-09 00:00:00.004,5e-05,0.19999676,Regular
FLOCKUSDT,2025-11-09 04:00:00.000,-2.645e-05,0.19140000,Regular
FLOCKUSDT,2025-11-09 08:00:00.000,-3.17e-05,0.19800994,Regular
FLOCKUSDT,2025-11-09 12:00:00.000,2.53e-06,0.19805985,Regular
FLOCKUSDT,2025-11-09 16:00:00.005,5e-05,0.20150000,Regular
FLOCKUSDT,2025-11-09 20:00:00.010,5e-05,0.20430000,Regular
FLOCKUSDT,2025-11-10 00:00:00.000,5e-05,0.20080000,Regular
FLOCKUSDT,2025-11-10 04:00:00.005,3.038e-05,0.19869624,Regular
FLOCKUSDT,2025-11-10 08:00:00.000,-9.885e-05,0.20234970,Regular
FLOCKUSDT,2025-11-10 12:00:00.003,5e-05,0.20797273,Regular
FLOCKUSDT,2025-11-10 16:00:00.003,5e-05,0.20170000,Regular
FLOCKUSDT,2025-11-10 20:00:00.000,5e-05,0.20110796,Regular
FLOCKUSDT,2025-11-11 00:00:00.007,5e-05,0.20401524,Regular
FLOCKUSDT,2025-11-11 04:00:00.003,5e-05,0.20250000,Regular
FLOCKUSDT,2025-11-11 08:00:00.000,5e-05,0.19490000,Regular
FLOCKUSDT,2025-11-11 12:00:00.002,5.81e-06,0.19530000,Regular
FLOCKUSDT,2025-11-11 16:00:00.009,5e-05,0.19457158,Regular
FLOCKUSDT,2025-11-11 20:00:00.000,5e-05,0.18901582,Regular
FLOCKUSDT,2025-11-12 00:00:00.000,5e-05,0.18815000,Regular
FLOCKUSDT,2025-11-12 04:00:00.000,5e-05,0.18756034,Regular
FLOCKUSDT,2025-11-12 08:00:00.002,5e-05,0.18820000,Regular
FLOCKUSDT,2025-11-12 12:00:00.000,5e-05,0.19501494,Regular
FLOCKUSDT,2025-11-12 16:00:00.000,5e-05,0.18820000,Regular
FLOCKUSDT,2025-11-12 20:00:00.001,5e-05,0.18570588,Regular
FLOCKUSDT,2025-11-13 00:00:00.002,0.00033706,0.18550000,Regular
FLOCKUSDT,2025-11-13 04:00:00.000,5e-05,0.19073703,Regular
FLOCKUSDT,2025-11-13 08:00:00.000,5e-05,0.18917333,Regular
FLOCKUSDT,2025-11-13 12:00:00.001,5e-05,0.18760152,Regular
FLOCKUSDT,2025-11-13 16:00:00.001,5e-05,0.18794455,Regular
FLOCKUSDT,2025-11-13 20:00:00.004,5e-05,0.17363129,Regular
FLOCKUSDT,2025-11-14 00:00:00.000,5e-05,0.17838312,Regular
FLOCKUSDT,2025-11-14 04:00:00.000,5e-05,0.17622000,Regular
FLOCKUSDT,2025-11-14 08:00:00.000,5e-05,0.17186733,Regular
FLOCKUSDT,2025-11-14 12:00:00.001,5e-05,0.16356212,Regular
FLOCKUSDT,2025-11-14 16:00:00.001,5e-05,0.16860979,Regular
FLOCKUSDT,2025-11-14 20:00:00.000,5e-05,0.17080000,Regular
FLOCKUSDT,2025-11-15 00:00:00.005,5e-05,0.16441000,Regular
FLOCKUSDT,2025-11-15 04:00:00.015,5e-05,0.16990000,Regular
FLOCKUSDT,2025-11-15 08:00:00.000,5e-05,0.17062539,Regular
FLOCKUSDT,2025-11-15 12:00:00.008,5e-05,0.16945127,Regular
FLOCKUSDT,2025-11-15 16:00:00.001,5e-05,0.17088491,Regular
FLOCKUSDT,2025-11-15 20:00:00.003,5e-05,0.16800000,Regular
FLOCKUSDT,2025-11-16 00:00:00.001,5e-05,0.16695833,Regular
FLOCKUSDT,2025-11-16 04:00:00.003,5e-05,0.16980000,Regular
FLOCKUSDT,2025-11-16 08:00:00.000,5e-05,0.16704339,Regular
FLOCKUSDT,2025-11-16 12:00:00.003,5e-05,0.16374070,Regular
FLOCKUSDT,2025-11-16 16:00:00.000,5e-05,0.15940000,Regular
FLOCKUSDT,2025-11-16 20:00:00.000,5e-05,0.15680333,Regular
FLOCKUSDT,2025-11-17 00:00:00.003,5e-05,0.15821000,Regular
FLOCKUSDT,2025-11-17 04:00:00.001,5e-05,0.15720000,Regular
FLOCKUSDT,2025-11-17 08:00:00.003,5e-05,0.15700167,Regular
FLOCKUSDT,2025-11-17 12:00:00.000,5e-05,0.15787364,Regular
FLOCKUSDT,2025-11-17 16:00:00.000,5e-05,0.15521603,Regular
FLOCKUSDT,2025-11-17 20:00:00.003,5e-05,0.15030000,Regular
FLOCKUSDT,2025-11-18 00:00:00.002,5e-05,0.15011433,Regular
FLOCKUSDT,2025-11-18 04:00:00.000,5e-05,0.14859545,Regular
FLOCKUSDT,2025-11-18 08:00:00.004,5e-05,0.14570567,Regular
FLOCKUSDT,2025-11-18 12:00:00.000,5e-05,0.14560000,Regular
FLOCKUSDT,2025-11-18 16:00:00.000,5e-05,0.14840818,Regular
FLOCKUSDT,2025-11-18 20:00:00.002,5e-05,0.15046230,Regular
FLOCKUSDT,2025-11-19 00:00:00.000,5e-05,0.15055000,Regular
FLOCKUSDT,2025-11-19 04:00:00.000,5e-05,0.14830000,Regular
FLOCKUSDT,2025-11-19 08:00:00.000,5e-05,0.14798182,Regular
FLOCKUSDT,2025-11-19 12:00:00.000,5e-05,0.14684921,Regular
FLOCKUSDT,2025-11-19 16:00:00.008,5e-05,0.14189818,Regular
FLOCKUSDT,2025-11-19 20:00:00.000,5e-05,0.13430000,Regular
FLOCKUSDT,2025-11-20 00:00:00.000,5e-05,0.14435000,Regular
FLOCKUSDT,2025-11-20 04:00:00.006,5e-05,0.14480000,Regular
FLOCKUSDT,2025-11-20 08:00:00.000,5e-05,0.14600000,Regular
FLOCKUSDT,2025-11-20 12:00:00.003,5e-05,0.14580000,Regular
FLOCKUSDT,2025-11-20 16:00:00.000,5e-05,0.14360000,Regular
FLOCKUSDT,2025-11-20 20:00:00.002,5e-05,0.13346636,Regular
FLOCKUSDT,2025-11-21 00:00:00.001,5e-05,0.13320000,Regular
FLOCKUSDT,2025-11-21 04:00:00.000,5e-05,0.13070345,Regular
FLOCKUSDT,2025-11-21 08:00:00.000,5e-05,0.12232818,Regular
FLOCKUSDT,2025-11-21 12:00:00.001,5e-05,0.11942621,Regular
FLOCKUSDT,2025-11-21 16:00:00.001,5e-05,0.12575036,Regular
FLOCKUSDT,2025-11-21 20:00:00.000,4.199e-05,0.13134333,Regular
FLOCKUSDT,2025-11-22 00:00:00.004,5e-05,0.13130000,Regular
FLOCKUSDT,2025-11-22 04:00:00.000,-0.00062047,0.14360000,Regular
FLOCKUSDT,2025-11-22 08:00:00.000,-0.00243804,0.13833024,Regular
FLOCKUSDT,2025-11-22 12:00:00.000,-0.00144742,0.13802400,Regular
FLOCKUSDT,2025-11-22 16:00:00.000,-0.00024972,0.13930000,Regular
FLOCKUSDT,2025-11-22 20:00:00.001,-0.0007178,0.14430000,Regular
FLOCKUSDT,2025-11-23 00:00:00.000,-0.0013352,0.14190000,Regular
FLOCKUSDT,2025-11-23 04:00:00.000,-0.00060337,0.13310000,Regular
FLOCKUSDT,2025-11-23 08:00:00.008,-0.00051958,0.13176455,Regular
FLOCKUSDT,2025-11-23 12:00:00.000,-6.707e-05,0.13160000,Regular
FLOCKUSDT,2025-11-23 16:00:00.003,-9.791e-05,0.13200000,Regular
FLOCKUSDT,2025-11-23 20:00:00.003,-0.00023397,0.13120000,Regular
FLOCKUSDT,2025-11-24 00:00:00.004,-0.00042986,0.13092582,Regular
FLOCKUSDT,2025-11-24 04:00:00.000,-7.729e-05,0.12910000,Regular
FLOCKUSDT,2025-11-24 08:00:00.000,5e-05,0.12665000,Regular
FLOCKUSDT,2025-11-24 12:00:00.000,5e-05,0.12735242,Regular
FLOCKUSDT,2025-11-24 16:00:00.006,4.086e-05,0.12885000,Regular
FLOCKUSDT,2025-11-24 20:00:00.003,5e-05,0.13190000,Regular
FLOCKUSDT,2025-11-25 00:00:00.000,5e-05,0.13203333,Regular
FLOCKUSDT,2025-11-25 04:00:00.000,8.44e-06,0.12794545,Regular
FLOCKUSDT,2025-11-25 08:00:00.009,5e-05,0.12840000,Regular
FLOCKUSDT,2025-11-25 12:00:00.002,5e-05,0.12945000,Regular
FLOCKUSDT,2025-11-25 16:00:00.007,5e-05,0.12910000,Regular
FLOCKUSDT,2025-11-25 20:00:00.009,-1.65e-06,0.13146479,Regular
FLOCKUSDT,2025-11-26 00:00:00.001,5e-05,0.13346552,Regular
FLOCKUSDT,2025-11-26 04:00:00.006,5e-05,0.13294333,Regular
FLOCKUSDT,2025-11-26 08:00:00.001,5e-05,0.13273230,Regular
FLOCKUSDT,2025-11-26 12:00:00.001,5e-05,0.12883667,Regular
FLOCKUSDT,2025-11-26 16:00:00.000,5e-05,0.12930548,Regular
FLOCKUSDT,2025-11-26 20:00:00.001,5e-05,0.13368455,Regular
FLOCKUSDT,2025-11-27 00:00:00.013,5e-05,0.13450000,Regular
FLOCKUSDT,2025-11-27 04:00:00.007,5e-05,0.13280000,Regular
FLOCKUSDT,2025-11-27 08:00:00.000,5e-05,0.13910000,Regular
FLOCKUSDT,2025-11-27 12:00:00.002,5e-05,0.14261203,Regular
FLOCKUSDT,2025-11-27 16:00:00.004,5e-05,0.13795000,Regular
FLOCKUSDT,2025-11-27 20:00:00.004,5e-05,0.14075000,Regular
FLOCKUSDT,2025-11-28 00:00:00.008,-2.888e-05,0.13770000,Regular
FLOCKUSDT,2025-11-28 04:00:00.000,-0.00025669,0.13611492,Regular
FLOCKUSDT,2025-11-28 08:00:00.000,-0.00011878,0.13460000,Regular
FLOCKUSDT,2025-11-28 12:00:00.004,5e-05,0.13690000,Regular
FLOCKUSDT,2025-11-28 16:00:00.008,5e-05,0.13751630,Regular
FLOCKUSDT,2025-11-28 20:00:00.010,-4.655e-05,0.13434958,Regular
FLOCKUSDT,2025-11-29 00:00:00.000,5e-05,0.13445000,Regular
FLOCKUSDT,2025-11-29 04:00:00.002,5e-05,0.13360000,Regular
FLOCKUSDT,2025-11-29 08:00:00.005,-0.00044271,0.13201667,Regular
FLOCKUSDT,2025-11-29 12:00:00.003,5e-05,0.13245000,Regular
FLOCKUSDT,2025-11-29 16:00:00.001,5e-05,0.12990000,Regular
FLOCKUSDT,2025-11-29 20:00:00.000,5e-05,0.12880000,Regular
FLOCKUSDT,2025-11-30 00:00:00.003,5e-05,0.12830000,Regular
FLOCKUSDT,2025-11-30 04:00:00.004,5e-05,0.12840000,Regular
FLOCKUSDT,2025-11-30 08:00:00.000,5e-05,0.12830000,Regular
FLOCKUSDT,2025-11-30 12:00:00.000,5e-05,0.12790000,Regular
FLOCKUSDT,2025-11-30 16:00:00.004,5e-05,0.12920000,Regular
FLOCKUSDT,2025-11-30 20:00:00.006,5e-05,0.13070000,Regular
FLOCKUSDT,2025-12-01 00:00:00.000,5e-05,0.12700000,Regular
FLOCKUSDT,2025-12-01 04:00:00.000,-0.00023518,0.12254967,Regular
FLOCKUSDT,2025-12-01 08:00:00.004,-0.00018082,0.12294828,Regular
FLOCKUSDT,2025-12-01 12:00:00.000,5e-05,0.12100000,Regular
FLOCKUSDT,2025-12-01 16:00:00.000,-0.00046769,0.12060276,Regular
FLOCKUSDT,2025-12-01 20:00:00.000,-0.00017774,0.11810000,Regular
FLOCKUSDT,2025-12-02 00:00:00.004,5e-05,0.12270000,Regular
FLOCKUSDT,2025-12-02 04:00:00.000,-0.0002385,0.11870000,Regular
FLOCKUSDT,2025-12-02 08:00:00.000,-0.00031843,0.12120000,Regular
FLOCKUSDT,2025-12-02 12:00:00.004,-9.117e-05,0.12220000,Regular
FLOCKUSDT,2025-12-02 16:00:00.000,-0.00023756,0.13110000,Regular
FLOCKUSDT,2025-12-02 20:00:00.000,5e-05,0.12930000,Regular
FLOCKUSDT,2025-12-03 00:00:00.000,5e-05,0.12843600,Regular
FLOCKUSDT,2025-12-03 04:00:00.004,5e-05,0.12804833,Regular
FLOCKUSDT,2025-12-03 08:00:00.000,5e-05,0.12840000,Regular
FLOCKUSDT,2025-12-03 12:00:00.001,5e-05,0.12764752,Regular
FLOCKUSDT,2025-12-03 16:00:00.005,5e-05,0.12700000,Regular
FLOCKUSDT,2025-12-03 20:00:00.002,-2.306e-05,0.12785000,Regular
FLOCKUSDT,2025-12-04 00:00:00.012,5e-05,0.13030000,Regular
FLOCKUSDT,2025-12-04 04:00:00.000,5e-05,0.12730000,Regular
FLOCKUSDT,2025-12-04 08:00:00.000,5e-05,0.12810000,Regular
FLOCKUSDT,2025-12-04 12:00:00.005,5e-05,0.12760000,Regular
FLOCKUSDT,2025-12-04 16:00:00.011,5e-05,0.12835321,Regular
FLOCKUSDT,2025-12-04 20:00:00.000,-1.129e-05,0.12540000,Regular
FLOCKUSDT,2025-12-05 00:00:00.000,-0.00024616,0.12490000,Regular
FLOCKUSDT,2025-12-05 04:00:00.000,5e-05,0.12330000,Regular
FLOCKUSDT,2025-12-05 08:00:00.000,5e-05,0.12390000,Regular
FLOCKUSDT,2025-12-05 12:00:00.001,5e-05,0.12120000,Regular
FLOCKUSDT,2025-12-05 16:00:00.010,5e-05,0.12061213,Regular
FLOCKUSDT,2025-12-05 20:00:00.001,5e-05,0.11702931,Regular
FLOCKUSDT,2025-12-06 00:00:00.001,5e-05,0.11825000,Regular
FLOCKUSDT,2025-12-06 04:00:00.000,5e-05,0.12180000,Regular
FLOCKUSDT,2025-12-06 08:00:00.001,5e-05,0.12060000,Regular
FLOCKUSDT,2025-12-06 12:00:00.000,5e-05,0.12022000,Regular
FLOCKUSDT,2025-12-06 16:00:00.008,5e-05,0.12000842,Regular
FLOCKUSDT,2025-12-06 20:00:00.000,5e-05,0.12039455,Regular
FLOCKUSDT,2025-12-07 00:00:00.000,5e-05,0.12025000,Regular
FLOCKUSDT,2025-12-07 04:00:00.000,5e-05,0.12440000,Regular
FLOCKUSDT,2025-12-07 08:00:00.004,5e-05,0.12210000,Regular
FLOCKUSDT,2025-12-07 12:00:00.004,5e-05,0.12302727,Regular
FLOCKUSDT,2025-12-07 16:00:00.000,5e-05,0.12090000,Regular
FLOCKUSDT,2025-12-07 20:00:00.000,5e-05,0.12124891,Regular
FLOCKUSDT,2025-12-08 00:00:00.000,5e-05,0.11843258,Regular
FLOCKUSDT,2025-12-08 04:00:00.000,5e-05,0.11960000,Regular
FLOCKUSDT,2025-12-08 08:00:00.000,5e-05,0.12000000,Regular
FLOCKUSDT,2025-12-08 12:00:00.001,5e-05,0.12111000,Regular
FLOCKUSDT,2025-12-08 16:00:00.001,5e-05,0.11920000,Regular
FLOCKUSDT,2025-12-08 20:00:00.000,5e-05,0.11860000,Regular
FLOCKUSDT,2025-12-09 00:00:00.001,5e-05,0.11855000,Regular
FLOCKUSDT,2025-12-09 04:00:00.004,5e-05,0.11810000,Regular
FLOCKUSDT,2025-12-09 08:00:00.001,5e-05,0.11683600,Regular
FLOCKUSDT,2025-12-09 12:00:00.000,5e-05,0.11685000,Regular
FLOCKUSDT,2025-12-09 16:00:00.007,5e-05,0.12060000,Regular
FLOCKUSDT,2025-12-09 20:00:00.001,5e-05,0.12230000,Regular
FLOCKUSDT,2025-12-10 00:00:00.007,5e-05,0.12010000,Regular
FLOCKUSDT,2025-12-10 04:00:00.012,5e-05,0.11780000,Regular
FLOCKUSDT,2025-12-10 08:00:00.002,5e-05,0.11771582,Regular
FLOCKUSDT,2025-12-10 12:00:00.000,2.225e-05,0.11560000,Regular
FLOCKUSDT,2025-12-10 16:00:00.012,5e-05,0.11600000,Regular
FLOCKUSDT,2025-12-10 20:00:00.000,5e-05,0.11840000,Regular
FLOCKUSDT,2025-12-11 00:00:00.001,5e-05,0.11525000,Regular
FLOCKUSDT,2025-12-11 04:00:00.000,4.283e-05,0.10881909,Regular
FLOCKUSDT,2025-12-11 08:00:00.000,-4.846e-05,0.10885000,Regular
FLOCKUSDT,2025-12-11 12:00:00.000,5e-05,0.10980000,Regular
FLOCKUSDT,2025-12-11 16:00:00.000,-3.363e-05,0.10910000,Regular
FLOCKUSDT,2025-12-11 20:00:00.001,5e-05,0.10950000,Regular
FLOCKUSDT,2025-12-12 00:00:00.005,-5.47e-06,0.11054273,Regular
FLOCKUSDT,2025-12-12 04:00:00.000,-0.00016433,0.11080000,Regular
FLOCKUSDT,2025-12-12 08:00:00.007,5e-05,0.11053364,Regular
FLOCKUSDT,2025-12-12 12:00:00.000,-5.733e-05,0.11303448,Regular
FLOCKUSDT,2025-12-12 16:00:00.002,5e-05,0.10878297,Regular
FLOCKUSDT,2025-12-12 20:00:00.004,5e-05,0.10765000,Regular
FLOCKUSDT,2025-12-13 00:00:00.001,5e-05,0.10845000,Regular
FLOCKUSDT,2025-12-13 04:00:00.006,5e-05,0.10875121,Regular
FLOCKUSDT,2025-12-13 08:00:00.006,-2.448e-05,0.10905000,Regular
FLOCKUSDT,2025-12-13 12:00:00.002,5e-05,0.10935000,Regular
FLOCKUSDT,2025-12-13 16:00:00.000,5e-05,0.10860000,Regular
FLOCKUSDT,2025-12-13 20:00:00.000,5e-05,0.10780000,Regular
FLOCKUSDT,2025-12-14 00:00:00.000,5e-05,0.10760000,Regular
FLOCKUSDT,2025-12-14 04:00:00.001,5e-05,0.10670000,Regular
FLOCKUSDT,2025-12-14 08:00:00.003,5e-05,0.10515000,Regular
FLOCKUSDT,2025-12-14 12:00:00.000,5e-05,0.10336599,Regular
FLOCKUSDT,2025-12-14 16:00:00.005,-4.122e-05,0.10230000,Regular
FLOCKUSDT,2025-12-14 20:00:00.000,-9.959e-05,0.10107727,Regular
FLOCKUSDT,2025-12-15 00:00:00.000,-0.00018313,0.09920000,Regular
FLOCKUSDT,2025-12-15 04:00:00.001,-0.00026543,0.09943779,Regular
FLOCKUSDT,2025-12-15 08:00:00.000,-0.00018699,0.09920000,Regular
FLOCKUSDT,2025-12-15 12:00:00.000,-0.00016919,0.09800000,Regular
FLOCKUSDT,2025-12-15 16:00:00.000,1.275e-05,0.09280000,Regular
FLOCKUSDT,2025-12-15 20:00:00.000,-0.00015018,0.08950000,Regular
FLOCKUSDT,2025-12-16 00:00:00.002,5e-05,0.09005182,Regular
FLOCKUSDT,2025-12-16 04:00:00.000,5e-05,0.08750000,Regular
FLOCKUSDT,2025-12-16 08:00:00.000,5e-05,0.08730000,Regular
FLOCKUSDT,2025-12-16 12:00:00.008,5e-05,0.08850000,Regular
FLOCKUSDT,2025-12-16 16:00:00.002,5e-05,0.08964894,Regular
FLOCKUSDT,2025-12-16 20:00:00.000,5e-05,0.08920000,Regular
FLOCKUSDT,2025-12-17 00:00:00.004,-6.804e-05,0.08930000,Regular
FLOCKUSDT,2025-12-17 04:00:00.002,5e-05,0.08750000,Regular
FLOCKUSDT,2025-12-17 08:00:00.000,5e-05,0.08590000,Regular
FLOCKUSDT,2025-12-17 12:00:00.000,5e-05,0.08640000,Regular
FLOCKUSDT,2025-12-17 16:00:00.000,-0.00014699,0.08635833,Regular
FLOCKUSDT,2025-12-17 20:00:00.001,-0.00023054,0.08340000,Regular
FLOCKUSDT,2025-12-18 00:00:00.005,5e-05,0.08300000,Regular
FLOCKUSDT,2025-12-18 04:00:00.000,1.624e-05,0.08200000,Regular
FLOCKUSDT,2025-12-18 08:00:00.007,5e-05,0.08258045,Regular
FLOCKUSDT,2025-12-18 12:00:00.000,-0.00010601,0.08540000,Regular
FLOCKUSDT,2025-12-18 16:00:00.001,-3.931e-05,0.08644964,Regular
FLOCKUSDT,2025-12-18 20:00:00.000,-0.00010799,0.07984758,Regular
FLOCKUSDT,2025-12-19 00:00:00.000,5e-05,0.08100000,Regular
FLOCKUSDT,2025-12-19 04:00:00.000,5e-05,0.08240000,Regular
FLOCKUSDT,2025-12-19 08:00:00.001,5e-05,0.08500000,Regular
FLOCKUSDT,2025-12-19 12:00:00.000,5e-05,0.08590000,Regular
FLOCKUSDT,2025-12-19 16:00:00.000,5e-05,0.08590000,Regular
FLOCKUSDT,2025-12-19 20:00:00.000,5e-05,0.08800000,Regular
FLOCKUSDT,2025-12-20 00:00:00.005,5e-05,0.08890000,Regular
FLOCKUSDT,2025-12-20 04:00:00.001,5e-05,0.08875400,Regular
FLOCKUSDT,2025-12-20 08:00:00.000,5e-05,0.08938167,Regular
FLOCKUSDT,2025-12-20 12:00:00.000,5e-05,0.08905000,Regular
FLOCKUSDT,2025-12-20 16:00:00.002,5e-05,0.09155000,Regular
FLOCKUSDT,2025-12-20 20:00:00.009,5e-05,0.09435000,Regular
FLOCKUSDT,2025-12-21 00:00:00.000,5e-05,0.09510000,Regular
FLOCKUSDT,2025-12-21 04:00:00.003,5e-05,0.09075000,Regular
FLOCKUSDT,2025-12-21 08:00:00.009,5e-05,0.09093333,Regular
FLOCKUSDT,2025-12-21 12:00:00.000,4.32e-05,0.09035000,Regular
FLOCKUSDT,2025-12-21 16:00:00.000,-0.00010347,0.08764749,Regular
FLOCKUSDT,2025-12-21 20:00:00.009,5e-05,0.08790000,Regular
FLOCKUSDT,2025-12-22 00:00:00.000,3.084e-05,0.08760000,Regular
FLOCKUSDT,2025-12-22 04:00:00.000,5e-05,0.08784788,Regular
FLOCKUSDT,2025-12-22 08:00:00.005,5e-05,0.08867061,Regular
FLOCKUSDT,2025-12-22 12:00:00.002,5e-05,0.08850000,Regular
FLOCKUSDT,2025-12-22 16:00:00.009,5e-05,0.08840000,Regular
FLOCKUSDT,2025-12-22 20:00:00.001,5e-05,0.08710000,Regular
FLOCKUSDT,2025-12-23 00:00:00.000,5e-05,0.08770000,Regular
FLOCKUSDT,2025-12-23 04:00:00.000,5e-05,0.08714333,Regular
FLOCKUSDT,2025-12-23 08:00:00.000,5e-05,0.08415000,Regular
FLOCKUSDT,2025-12-23 12:00:00.000,5e-05,0.08565000,Regular
FLOCKUSDT,2025-12-23 16:00:00.001,5e-05,0.08495000,Regular
FLOCKUSDT,2025-12-23 20:00:00.005,5e-05,0.08670000,Regular
FLOCKUSDT,2025-12-24 00:00:00.001,5e-05,0.08695000,Regular
FLOCKUSDT,2025-12-24 04:00:00.000,5e-05,0.09494139,Regular
FLOCKUSDT,2025-12-24 08:00:00.001,-4.451e-05,0.09356927,Regular
FLOCKUSDT,2025-12-24 12:00:00.002,5e-05,0.09614121,Regular
FLOCKUSDT,2025-12-24 16:00:00.000,5e-05,0.09477188,Regular
FLOCKUSDT,2025-12-24 20:00:00.003,5e-05,0.09345000,Regular
FLOCKUSDT,2025-12-25 00:00:00.000,5e-05,0.09480000,Regular
FLOCKUSDT,2025-12-25 04:00:00.000,5e-05,0.09602000,Regular
FLOCKUSDT,2025-12-25 08:00:00.001,5e-05,0.09740000,Regular
FLOCKUSDT,2025-12-25 12:00:00.008,-8.61e-06,0.09810133,Regular
FLOCKUSDT,2025-12-25 16:00:00.005,-0.00056948,0.10092345,Regular
FLOCKUSDT,2025-12-25 20:00:00.001,-0.00097681,0.10360000,Regular
FLOCKUSDT,2025-12-26 00:00:00.004,-0.00033734,0.10200000,Regular
FLOCKUSDT,2025-12-26 04:00:00.005,-0.00126406,0.11060000,Regular
FLOCKUSDT,2025-12-26 08:00:00.001,-0.00474137,0.12659824,Regular
FLOCKUSDT,2025-12-26 12:00:00.000,-0.00242923,0.12090000,Regular
FLOCKUSDT,2025-12-26 16:00:00.007,-0.00158669,0.11243485,Regular
FLOCKUSDT,2025-12-26 20:00:00.000,-0.0007534,0.11160000,Regular
FLOCKUSDT,2025-12-27 00:00:00.000,-0.00084826,0.11523400,Regular
FLOCKUSDT,2025-12-27 04:00:00.000,-0.0001525,0.10707518,Regular
FLOCKUSDT,2025-12-27 08:00:00.000,-0.00028464,0.10822182,Regular
FLOCKUSDT,2025-12-27 12:00:00.000,-0.00025162,0.10415000,Regular
FLOCKUSDT,2025-12-27 16:00:00.011,-0.00018931,0.10230000,Regular
FLOCKUSDT,2025-12-27 20:00:00.003,-0.00036258,0.10380000,Regular
FLOCKUSDT,2025-12-28 00:00:00.008,-0.00026782,0.10230000,Regular
FLOCKUSDT,2025-12-28 04:00:00.000,5e-05,0.09880000,Regular
FLOCKUSDT,2025-12-28 08:00:00.000,-0.00010535,0.09710000,Regular
FLOCKUSDT,2025-12-28 12:00:00.010,-0.00035689,0.09740000,Regular
FLOCKUSDT,2025-12-28 16:00:00.000,-0.00031144,0.09710500,Regular
FLOCKUSDT,2025-12-28 20:00:00.002,-0.00039299,0.09423164,Regular
FLOCKUSDT,2025-12-29 00:00:00.016,-0.0004404,0.09500000,Regular
FLOCKUSDT,2025-12-29 04:00:00.000,5e-05,0.09930224,Regular
FLOCKUSDT,2025-12-29 08:00:00.001,5e-05,0.11030000,Regular
FLOCKUSDT,2025-12-29 12:00:00.001,5e-05,0.10310000,Regular
FLOCKUSDT,2025-12-29 16:00:00.000,5e-05,0.09930000,Regular
FLOCKUSDT,2025-12-29 20:00:00.000,5e-05,0.09986770,Regular
FLOCKUSDT,2025-12-30 00:00:00.005,5e-05,0.09946539,Regular
FLOCKUSDT,2025-12-30 04:00:00.012,5e-05,0.09664855,Regular
FLOCKUSDT,2025-12-30 08:00:00.001,5e-05,0.09750000,Regular
FLOCKUSDT,2025-12-30 12:00:00.000,5e-05,0.09570000,Regular
FLOCKUSDT,2025-12-30 16:00:00.003,5e-05,0.09574970,Regular
FLOCKUSDT,2025-12-30 20:00:00.001,5e-05,0.09565000,Regular
FLOCKUSDT,2025-12-31 00:00:00.004,5e-05,0.09535339,Regular
FLOCKUSDT,2025-12-31 04:00:00.008,5e-05,0.09170000,Regular
FLOCKUSDT,2025-12-31 08:00:00.001,5e-05,0.09134606,Regular
FLOCKUSDT,2025-12-31 12:00:00.007,2.371e-05,0.08930000,Regular
FLOCKUSDT,2025-12-31 16:00:00.001,5e-05,0.08477958,Regular
FLOCKUSDT,2025-12-31 20:00:00.009,5e-05,0.08524873,Regular
FLOCKUSDT,2026-01-01 00:00:00.008,5e-05,0.08504636,Regular
FLOCKUSDT,2026-01-01 04:00:00.000,5e-05,0.08425109,Regular
FLOCKUSDT,2026-01-01 08:00:00.002,5e-05,0.08305000,Regular
FLOCKUSDT,2026-01-01 12:00:00.007,5e-05,0.08435000,Regular
FLOCKUSDT,2026-01-01 16:00:00.001,5e-05,0.08480000,Regular
FLOCKUSDT,2026-01-01 20:00:00.005,5e-05,0.08750000,Regular
FLOCKUSDT,2026-01-02 00:00:00.006,5e-05,0.08780245,Regular
FLOCKUSDT,2026-01-02 04:00:00.000,5e-05,0.08820000,Regular
FLOCKUSDT,2026-01-02 08:00:00.007,5e-05,0.08780000,Regular
FLOCKUSDT,2026-01-02 12:00:00.000,5e-05,0.08889455,Regular
FLOCKUSDT,2026-01-02 16:00:00.000,5e-05,0.08910000,Regular
FLOCKUSDT,2026-01-02 20:00:00.000,5e-05,0.09175000,Regular
FLOCKUSDT,2026-01-03 00:00:00.001,5e-05,0.09193727,Regular
FLOCKUSDT,2026-01-03 04:00:00.000,5e-05,0.09315000,Regular
FLOCKUSDT,2026-01-03 08:00:00.000,5e-05,0.08900000,Regular
FLOCKUSDT,2026-01-03 12:00:00.008,5e-05,0.08990000,Regular
FLOCKUSDT,2026-01-03 16:00:00.000,5e-05,0.09065000,Regular
FLOCKUSDT,2026-01-03 20:00:00.001,5e-05,0.09105000,Regular
FLOCKUSDT,2026-01-04 00:00:00.000,5e-05,0.09200000,Regular
FLOCKUSDT,2026-01-04 04:00:00.000,5e-05,0.09185145,Regular
FLOCKUSDT,2026-01-04 08:00:00.000,5e-05,0.09090000,Regular
FLOCKUSDT,2026-01-04 12:00:00.001,5e-05,0.09045000,Regular
FLOCKUSDT,2026-01-04 16:00:00.001,5e-05,0.09064455,Regular
FLOCKUSDT,2026-01-04 20:00:00.002,5e-05,0.09220000,Regular
FLOCKUSDT,2026-01-05 00:00:00.000,5e-05,0.09280000,Regular
FLOCKUSDT,2026-01-05 04:00:00.001,5e-05,0.09190000,Regular
FLOCKUSDT,2026-01-05 08:00:00.000,5e-05,0.09180000,Regular
FLOCKUSDT,2026-01-05 12:00:00.000,5e-05,0.09172103,Regular
FLOCKUSDT,2026-01-05 16:00:00.000,5e-05,0.09300364,Regular
FLOCKUSDT,2026-01-05 20:00:00.000,5e-05,0.09550000,Regular
FLOCKUSDT,2026-01-06 00:00:00.010,5e-05,0.09492000,Regular
FLOCKUSDT,2026-01-06 04:00:00.000,5e-05,0.09605818,Regular
FLOCKUSDT,2026-01-06 08:00:00.000,5e-05,0.09450000,Regular
FLOCKUSDT,2026-01-06 12:00:00.000,5e-05,0.09585000,Regular
FLOCKUSDT,2026-01-06 16:00:00.000,5e-05,0.09630000,Regular
FLOCKUSDT,2026-01-06 20:00:00.002,5e-05,0.09320000,Regular
FLOCKUSDT,2026-01-07 00:00:00.001,5e-05,0.09540000,Regular
FLOCKUSDT,2026-01-07 04:00:00.003,5e-05,0.09608273,Regular
FLOCKUSDT,2026-01-07 08:00:00.001,5e-05,0.09710000,Regular
FLOCKUSDT,2026-01-07 12:00:00.000,5e-05,0.09585270,Regular
FLOCKUSDT,2026-01-07 16:00:00.001,5e-05,0.09260000,Regular
FLOCKUSDT,2026-01-07 20:00:00.001,5e-05,0.09440000,Regular
FLOCKUSDT,2026-01-08 00:00:00.001,5e-05,0.09583418,Regular
FLOCKUSDT,2026-01-08 04:00:00.000,5e-05,0.09404927,Regular
FLOCKUSDT,2026-01-08 08:00:00.000,5e-05,0.09465000,Regular
FLOCKUSDT,2026-01-08 12:00:00.002,5e-05,0.09459182,Regular
FLOCKUSDT,2026-01-08 16:00:00.000,4.966e-05,0.09470000,Regular
FLOCKUSDT,2026-01-08 20:00:00.000,5e-05,0.09353803,Regular
FLOCKUSDT,2026-01-09 00:00:00.003,5e-05,0.09300000,Regular
FLOCKUSDT,2026-01-09 04:00:00.000,5e-05,0.09304618,Regular
FLOCKUSDT,2026-01-09 08:00:00.000,5e-05,0.09230000,Regular
FLOCKUSDT,2026-01-09 12:00:00.000,5e-05,0.09144000,Regular
FLOCKUSDT,2026-01-09 16:00:00.001,5e-05,0.09250000,Regular
FLOCKUSDT,2026-01-09 20:00:00.005,5e-05,0.09059058,Regular
FLOCKUSDT,2026-01-10 00:00:00.000,5e-05,0.09125000,Regular
FLOCKUSDT,2026-01-10 04:00:00.000,5e-05,0.09077455,Regular
FLOCKUSDT,2026-01-10 08:00:00.002,5e-05,0.09009545,Regular
FLOCKUSDT,2026-01-10 12:00:00.000,5e-05,0.09095000,Regular
FLOCKUSDT,2026-01-10 16:00:00.001,5e-05,0.09075000,Regular
FLOCKUSDT,2026-01-10 20:00:00.014,5e-05,0.09065000,Regular
FLOCKUSDT,2026-01-11 00:00:00.003,5e-05,0.08970000,Regular
FLOCKUSDT,2026-01-11 04:00:00.000,5e-05,0.09230000,Regular
FLOCKUSDT,2026-01-11 08:00:00.006,5e-05,0.09235000,Regular
FLOCKUSDT,2026-01-11 12:00:00.000,5e-05,0.09346788,Regular
FLOCKUSDT,2026-01-11 16:00:00.000,5e-05,0.09138091,Regular
FLOCKUSDT,2026-01-11 20:00:00.002,5e-05,0.09115000,Regular
FLOCKUSDT,2026-01-12 00:00:00.005,5e-05,0.09020000,Regular
FLOCKUSDT,2026-01-12 04:00:00.008,5e-05,0.08960000,Regular
FLOCKUSDT,2026-01-12 08:00:00.000,5e-05,0.08815000,Regular
FLOCKUSDT,2026-01-12 12:00:00.000,5e-05,0.08770833,Regular
FLOCKUSDT,2026-01-12 16:00:00.000,5e-05,0.08870000,Regular
FLOCKUSDT,2026-01-12 20:00:00.000,5e-05,0.08879909,Regular
FLOCKUSDT,2026-01-13 00:00:00.007,5e-05,0.08775000,Regular
FLOCKUSDT,2026-01-13 04:00:00.000,5e-05,0.08670000,Regular
FLOCKUSDT,2026-01-13 08:00:00.009,5e-05,0.08792091,Regular
FLOCKUSDT,2026-01-13 12:00:00.000,5e-05,0.08850000,Regular
FLOCKUSDT,2026-01-13 16:00:00.002,5e-05,0.08957364,Regular
FLOCKUSDT,2026-01-13 20:00:00.003,5e-05,0.09090000,Regular
FLOCKUSDT,2026-01-14 00:00:00.000,5e-05,0.09110000,Regular
FLOCKUSDT,2026-01-14 04:00:00.001,5e-05,0.09210000,Regular
FLOCKUSDT,2026-01-14 08:00:00.001,5e-05,0.09110000,Regular
FLOCKUSDT,2026-01-14 12:00:00.000,5e-05,0.09155000,Regular
FLOCKUSDT,2026-01-14 16:00:00.004,5e-05,0.09471091,Regular
FLOCKUSDT,2026-01-14 20:00:00.007,5e-05,0.09410000,Regular
FLOCKUSDT,2026-01-15 00:00:00.000,5e-05,0.09339833,Regular
FLOCKUSDT,2026-01-15 04:00:00.008,5e-05,0.09210000,Regular
FLOCKUSDT,2026-01-15 08:00:00.004,5e-05,0.09289667,Regular
FLOCKUSDT,2026-01-15 12:00:00.000,5e-05,0.09145109,Regular
FLOCKUSDT,2026-01-15 16:00:00.002,5e-05,0.09115509,Regular
FLOCKUSDT,2026-01-15 20:00:00.000,5e-05,0.08970000,Regular
FLOCKUSDT,2026-01-16 00:00:00.000,5e-05,0.09035818,Regular
FLOCKUSDT,2026-01-16 04:00:00.000,5e-05,0.08990000,Regular
FLOCKUSDT,2026-01-16 08:00:00.000,5e-05,0.09025000,Regular
FLOCKUSDT,2026-01-16 12:00:00.001,5e-05,0.08940000,Regular
FLOCKUSDT,2026-01-16 16:00:00.001,5e-05,0.08937455,Regular
FLOCKUSDT,2026-01-16 20:00:00.003,5e-05,0.08986091,Regular
FLOCKUSDT,2026-01-17 00:00:00.000,5e-05,0.09053273,Regular
FLOCKUSDT,2026-01-17 04:00:00.000,5e-05,0.09000000,Regular
FLOCKUSDT,2026-01-17 08:00:00.000,5e-05,0.08998061,Regular
FLOCKUSDT,2026-01-17 12:00:00.000,5e-05,0.08930000,Regular
FLOCKUSDT,2026-01-17 16:00:00.002,5e-05,0.09050000,Regular
FLOCKUSDT,2026-01-17 20:00:00.002,5e-05,0.08935000,Regular
FLOCKUSDT,2026-01-18 00:00:00.001,5e-05,0.08875000,Regular
FLOCKUSDT,2026-01-18 04:00:00.002,5e-05,0.08935000,Regular
FLOCKUSDT,2026-01-18 08:00:00.000,5e-05,0.08805000,Regular
FLOCKUSDT,2026-01-18 12:00:00.000,5e-05,0.08925158,Regular
FLOCKUSDT,2026-01-18 16:00:00.000,5e-05,0.08995945,Regular
FLOCKUSDT,2026-01-18 20:00:00.011,5e-05,0.09085000,Regular
FLOCKUSDT,2026-01-19 00:00:00.007,5e-05,0.08605224,Regular
FLOCKUSDT,2026-01-19 04:00:00.002,5e-05,0.07862345,Regular
FLOCKUSDT,2026-01-19 08:00:00.007,5e-05,0.07823333,Regular
FLOCKUSDT,2026-01-19 12:00:00.000,5e-05,0.07814517,Regular
FLOCKUSDT,2026-01-19 16:00:00.007,5e-05,0.07774591,Regular
FLOCKUSDT,2026-01-19 20:00:00.000,5e-05,0.07735000,Regular
FLOCKUSDT,2026-01-20 00:00:00.005,4.125e-05,0.07710000,Regular
FLOCKUSDT,2026-01-20 04:00:00.008,5e-05,0.07585000,Regular
FLOCKUSDT,2026-01-20 08:00:00.001,5e-05,0.07395539,Regular
FLOCKUSDT,2026-01-20 12:00:00.007,-0.00013199,0.07350000,Regular
FLOCKUSDT,2026-01-20 16:00:00.009,-5.169e-05,0.07350000,Regular
FLOCKUSDT,2026-01-20 20:00:00.002,3.38e-06,0.07230000,Regular
FLOCKUSDT,2026-01-21 00:00:00.001,4.102e-05,0.07065000,Regular
FLOCKUSDT,2026-01-21 04:00:00.009,5e-05,0.07205000,Regular
FLOCKUSDT,2026-01-21 08:00:00.011,5e-05,0.07160000,Regular
FLOCKUSDT,2026-01-21 12:00:00.000,5e-05,0.07103891,Regular
FLOCKUSDT,2026-01-21 16:00:00.011,5e-05,0.07204574,Regular
FLOCKUSDT,2026-01-21 20:00:00.000,5e-05,0.07335000,Regular
FLOCKUSDT,2026-01-22 00:00:00.010,5e-05,0.07235000,Regular
FLOCKUSDT,2026-01-22 04:00:00.011,5e-05,0.07380000,Regular
FLOCKUSDT,2026-01-22 08:00:00.003,5e-05,0.07270000,Regular
FLOCKUSDT,2026-01-22 12:00:00.000,5e-05,0.07160000,Regular
FLOCKUSDT,2026-01-22 16:00:00.005,5e-05,0.07000133,Regular
FLOCKUSDT,2026-01-22 20:00:00.000,5e-05,0.07000000,Regular
FLOCKUSDT,2026-01-23 00:00:00.005,5e-05,0.07024782,Regular
FLOCKUSDT,2026-01-23 04:00:00.000,5e-05,0.07205000,Regular
FLOCKUSDT,2026-01-23 08:00:00.000,-0.00134686,0.07680164,Regular
FLOCKUSDT,2026-01-23 12:00:00.002,5e-05,0.07620000,Regular
FLOCKUSDT,2026-01-23 16:00:00.011,5e-05,0.07710000,Regular
FLOCKUSDT,2026-01-23 20:00:00.000,-6.449e-05,0.07682303,Regular
FLOCKUSDT,2026-01-24 00:00:00.011,-0.00042231,0.07915455,Regular
FLOCKUSDT,2026-01-24 04:00:00.008,-0.00099185,0.08390000,Regular
FLOCKUSDT,2026-01-24 08:00:00.002,-0.00066008,0.08493690,Regular
FLOCKUSDT,2026-01-24 12:00:00.000,-0.00044825,0.08355085,Regular
FLOCKUSDT,2026-01-24 16:00:00.001,-0.00034759,0.08630000,Regular
FLOCKUSDT,2026-01-24 20:00:00.008,-0.00075429,0.08630000,Regular
FLOCKUSDT,2026-01-25 00:00:00.002,-0.00031267,0.08770163,Regular
FLOCKUSDT,2026-01-25 04:00:00.000,-0.00041623,0.09330000,Regular
FLOCKUSDT,2026-01-25 08:00:00.011,-0.00088813,0.09506373,Regular
FLOCKUSDT,2026-01-25 12:00:00.000,-0.00042635,0.09194842,Regular
FLOCKUSDT,2026-01-25 16:00:00.005,4.69e-05,0.08424737,Regular
FLOCKUSDT,2026-01-25 20:00:00.001,5e-05,0.07745036,Regular
FLOCKUSDT,2026-01-26 00:00:00.000,-5.412e-05,0.07620000,Regular
FLOCKUSDT,2026-01-26 04:00:00.000,3.176e-05,0.07315473,Regular
FLOCKUSDT,2026-01-26 08:00:00.003,4.586e-05,0.07470000,Regular
FLOCKUSDT,2026-01-26 12:00:00.000,5e-05,0.07495127,Regular
FLOCKUSDT,2026-01-26 16:00:00.000,5e-05,0.07570000,Regular
FLOCKUSDT,2026-01-26 20:00:00.000,5e-05,0.07620000,Regular
FLOCKUSDT,2026-01-27 00:00:00.002,5e-05,0.07585339,Regular
FLOCKUSDT,2026-01-27 04:00:00.002,5e-05,0.07905000,Regular
FLOCKUSDT,2026-01-27 08:00:00.000,-2.599e-05,0.08220000,Regular
FLOCKUSDT,2026-01-27 12:00:00.006,-0.00075993,0.08204636,Regular
FLOCKUSDT,2026-01-27 16:00:00.000,-4.028e-05,0.08244327,Regular
FLOCKUSDT,2026-01-27 20:00:00.000,5e-05,0.08090000,Regular
FLOCKUSDT,2026-01-28 00:00:00.000,-2.388e-05,0.08040000,Regular
FLOCKUSDT,2026-01-28 04:00:00.008,4.901e-05,0.07770000,Regular
FLOCKUSDT,2026-01-28 08:00:00.000,5e-05,0.08105158,Regular
FLOCKUSDT,2026-01-28 12:00:00.005,5e-05,0.08184945,Regular
FLOCKUSDT,2026-01-28 16:00:00.000,5e-05,0.08020267,Regular
FLOCKUSDT,2026-01-28 20:00:00.004,-1.594e-05,0.08223139,Regular
FLOCKUSDT,2026-01-29 00:00:00.000,5e-05,0.08305552,Regular
FLOCKUSDT,2026-01-29 04:00:00.000,5e-05,0.08000000,Regular
FLOCKUSDT,2026-01-29 08:00:00.009,5e-05,0.07910000,Regular
FLOCKUSDT,2026-01-29 12:00:00.000,5e-05,0.07850000,Regular
FLOCKUSDT,2026-01-29 16:00:00.000,5e-05,0.07310000,Regular
FLOCKUSDT,2026-01-29 20:00:00.004,5e-05,0.07328152,Regular
FLOCKUSDT,2026-01-30 00:00:00.008,5e-05,0.07280000,Regular
FLOCKUSDT,2026-01-30 04:00:00.005,5e-05,0.07113745,Regular
FLOCKUSDT,2026-01-30 08:00:00.000,5e-05,0.07190000,Regular
FLOCKUSDT,2026-01-30 12:00:00.005,5e-05,0.07390000,Regular
FLOCKUSDT,2026-01-30 16:00:00.001,5e-05,0.07280000,Regular
FLOCKUSDT,2026-01-30 20:00:00.004,5e-05,0.07400000,Regular
FLOCKUSDT,2026-01-31 00:00:00.000,5e-05,0.07345942,Regular
FLOCKUSDT,2026-01-31 04:00:00.002,5e-05,0.07473061,Regular
FLOCKUSDT,2026-01-31 08:00:00.001,5e-05,0.07150000,Regular
FLOCKUSDT,2026-01-31 12:00:00.010,5e-05,0.07036727,Regular
FLOCKUSDT,2026-01-31 16:00:00.009,5e-05,0.06620000,Regular
FLOCKUSDT,2026-01-31 20:00:00.012,5e-05,0.06150727,Regular
FLOCKUSDT,2026-02-01 00:00:00.001,5e-05,0.06290000,Regular
FLOCKUSDT,2026-02-01 04:00:00.000,-0.0005386,0.06630000,Regular
FLOCKUSDT,2026-02-01 08:00:00.004,1.539e-05,0.06700000,Regular
FLOCKUSDT,2026-02-01 12:00:00.004,-0.00012153,0.06395248,Regular
FLOCKUSDT,2026-02-01 16:00:00.000,5e-05,0.06182224,Regular
FLOCKUSDT,2026-02-01 20:00:00.004,5e-05,0.06215545,Regular
FLOCKUSDT,2026-02-02 00:00:00.000,5e-05,0.06110000,Regular
FLOCKUSDT,2026-02-02 04:00:00.000,5e-05,0.06095424,Regular
FLOCKUSDT,2026-02-02 08:00:00.014,5e-05,0.05964527,Regular
FLOCKUSDT,2026-02-02 12:00:00.009,5e-05,0.06070000,Regular
FLOCKUSDT,2026-02-02 16:00:00.000,5e-05,0.06290000,Regular
FLOCKUSDT,2026-02-02 20:00:00.000,5e-05,0.06240000,Regular
FLOCKUSDT,2026-02-03 00:00:00.000,5e-05,0.06270000,Regular
FLOCKUSDT,2026-02-03 04:00:00.001,5e-05,0.06330000,Regular
FLOCKUSDT,2026-02-03 08:00:00.007,5e-05,0.06340000,Regular
FLOCKUSDT,2026-02-03 12:00:00.006,5e-05,0.06260000,Regular
FLOCKUSDT,2026-02-03 16:00:00.000,5e-05,0.06361976,Regular
FLOCKUSDT,2026-02-03 20:00:00.009,5e-05,0.06073109,Regular
FLOCKUSDT,2026-02-04 00:00:00.002,5e-05,0.06090000,Regular
FLOCKUSDT,2026-02-04 04:00:00.004,-1.549e-05,0.06325000,Regular
FLOCKUSDT,2026-02-04 08:00:00.007,5e-05,0.06255000,Regular
FLOCKUSDT,2026-02-04 12:00:00.010,5e-05,0.06141424,Regular
FLOCKUSDT,2026-02-04 16:00:00.000,5e-05,0.06130000,Regular
FLOCKUSDT,2026-02-04 20:00:00.001,5e-05,0.06200000,Regular
FLOCKUSDT,2026-02-05 00:00:00.011,5e-05,0.06200000,Regular
FLOCKUSDT,2026-02-05 04:00:00.001,5e-05,0.06075036,Regular
FLOCKUSDT,2026-02-05 08:00:00.000,5e-05,0.06075000,Regular
FLOCKUSDT,2026-02-05 12:00:00.006,5e-05,0.05820115,Regular
FLOCKUSDT,2026-02-05 16:00:00.007,5e-05,0.05620000,Regular
FLOCKUSDT,2026-02-05 20:00:00.000,5e-05,0.05430000,Regular
FLOCKUSDT,2026-02-06 00:00:00.000,5e-05,0.05340000,Regular
FLOCKUSDT,2026-02-06 04:00:00.001,5e-05,0.05210000,Regular
FLOCKUSDT,2026-02-06 08:00:00.001,5e-05,0.05330000,Regular
FLOCKUSDT,2026-02-06 12:00:00.003,5e-05,0.05454848,Regular
FLOCKUSDT,2026-02-06 16:00:00.000,5e-05,0.05745000,Regular
FLOCKUSDT,2026-02-06 20:00:00.005,5e-05,0.05832315,Regular
FLOCKUSDT,2026-02-07 00:00:00.003,-5.218e-05,0.05940000,Regular
FLOCKUSDT,2026-02-07 04:00:00.024,-0.00273376,0.06245542,Regular
FLOCKUSDT,2026-02-07 08:00:00.000,-0.00158869,0.05910000,Regular
FLOCKUSDT,2026-02-07 12:00:00.007,-0.00040363,0.05822812,Regular
FLOCKUSDT,2026-02-07 16:00:00.010,-8.9e-06,0.05910000,Regular
FLOCKUSDT,2026-02-07 20:00:00.000,-0.00034842,0.06065000,Regular
FLOCKUSDT,2026-02-08 00:00:00.003,-0.0005054,0.06132448,Regular
FLOCKUSDT,2026-02-08 04:00:00.002,5e-05,0.05875000,Regular
FLOCKUSDT,2026-02-08 08:00:00.000,5e-05,0.05830000,Regular
FLOCKUSDT,2026-02-08 12:00:00.005,-1.479e-05,0.05895000,Regular
FLOCKUSDT,2026-02-08 16:00:00.000,-0.00015018,0.05870000,Regular
FLOCKUSDT,2026-02-08 20:00:00.000,-0.00018255,0.05930000,Regular
FLOCKUSDT,2026-02-09 00:00:00.002,-0.0002989,0.05910000,Regular
FLOCKUSDT,2026-02-09 04:00:00.012,-0.00068269,0.05867564,Regular
FLOCKUSDT,2026-02-09 08:00:00.001,-0.00042727,0.05651000,Regular
FLOCKUSDT,2026-02-09 12:00:00.003,-0.00023336,0.05536000,Regular
FLOCKUSDT,2026-02-09 16:00:00.007,-0.00041124,0.05683000,Regular
FLOCKUSDT,2026-02-09 20:00:00.006,-0.00036634,0.05782000,Regular
FLOCKUSDT,2026-02-10 00:00:00.000,-0.00022113,0.05766000,Regular
FLOCKUSDT,2026-02-10 04:00:00.000,-0.00043669,0.05653000,Regular
FLOCKUSDT,2026-02-10 08:00:00.007,-0.0002224,0.05606000,Regular
FLOCKUSDT,2026-02-10 12:00:00.000,-0.00027648,0.05663000,Regular
FLOCKUSDT,2026-02-10 16:00:00.000,-0.00020671,0.05768000,Regular
FLOCKUSDT,2026-02-10 20:00:00.007,-0.00111054,0.05845000,Regular
FLOCKUSDT,2026-02-11 00:00:00.000,-9.7e-07,0.05782420,Regular
FLOCKUSDT,2026-02-11 04:00:00.000,-0.00145711,0.05945873,Regular
FLOCKUSDT,2026-02-11 08:00:00.006,-0.00147704,0.06003000,Regular
FLOCKUSDT,2026-02-11 12:00:00.000,5e-05,0.06055000,Regular
FLOCKUSDT,2026-02-11 16:00:00.000,-0.00071177,0.06188000,Regular
FLOCKUSDT,2026-02-11 20:00:00.003,-8.08e-06,0.06217911,Regular
FLOCKUSDT,2026-02-12 00:00:00.000,-0.00122754,0.06293224,Regular
FLOCKUSDT,2026-02-12 04:00:00.000,-0.0018017,0.06648000,Regular
FLOCKUSDT,2026-02-12 08:00:00.001,1.398e-05,0.06398000,Regular
FLOCKUSDT,2026-02-12 12:00:00.002,5e-05,0.06434665,Regular
FLOCKUSDT,2026-02-12 16:00:00.001,5e-05,0.06173000,Regular
FLOCKUSDT,2026-02-12 20:00:00.006,-7.23e-06,0.06312002,Regular
FLOCKUSDT,2026-02-13 00:00:00.007,5e-05,0.06320991,Regular
FLOCKUSDT,2026-02-13 04:00:00.000,2.849e-05,0.06149000,Regular
FLOCKUSDT,2026-02-13 08:00:00.003,2.416e-05,0.06096000,Regular
FLOCKUSDT,2026-02-13 12:00:00.000,5e-05,0.06112150,Regular
FLOCKUSDT,2026-02-13 16:00:00.005,4.07e-05,0.06359000,Regular
FLOCKUSDT,2026-02-13 20:00:00.006,5e-05,0.06430638,Regular
FLOCKUSDT,2026-02-14 00:00:00.002,5e-05,0.06407883,Regular
FLOCKUSDT,2026-02-14 04:00:00.007,5e-05,0.06378000,Regular
FLOCKUSDT,2026-02-14 08:00:00.004,5e-05,0.06341000,Regular
FLOCKUSDT,2026-02-14 12:00:00.000,5e-05,0.06415000,Regular
FLOCKUSDT,2026-02-14 16:00:00.002,5e-05,0.06533000,Regular
FLOCKUSDT,2026-02-14 20:00:00.000,5e-05,0.06599983,Regular
FLOCKUSDT,2026-02-15 00:00:00.000,5e-05,0.06584871,Regular
FLOCKUSDT,2026-02-15 04:00:00.000,5e-05,0.06450000,Regular
FLOCKUSDT,2026-02-15 08:00:00.002,5e-05,0.06486000,Regular
FLOCKUSDT,2026-02-15 12:00:00.005,5e-05,0.06312000,Regular
FLOCKUSDT,2026-02-15 16:00:00.000,5e-05,0.06284445,Regular
FLOCKUSDT,2026-02-15 20:00:00.009,5e-05,0.06161000,Regular
FLOCKUSDT,2026-02-16 00:00:00.001,5e-05,0.06320924,Regular
FLOCKUSDT,2026-02-16 04:00:00.004,5e-05,0.06271000,Regular
FLOCKUSDT,2026-02-16 08:00:00.003,5e-05,0.06230209,Regular
FLOCKUSDT,2026-02-16 12:00:00.000,5e-05,0.06263962,Regular
FLOCKUSDT,2026-02-16 16:00:00.000,5e-05,0.06161500,Regular
FLOCKUSDT,2026-02-16 20:00:00.009,5e-05,0.06225000,Regular
FLOCKUSDT,2026-02-17 00:00:00.008,5e-05,0.06280000,Regular
FLOCKUSDT,2026-02-17 04:00:00.003,5e-05,0.06221000,Regular
FLOCKUSDT,2026-02-17 08:00:00.001,5e-05,0.06139000,Regular
FLOCKUSDT,2026-02-17 12:00:00.000,5e-05,0.06145420,Regular
FLOCKUSDT,2026-02-17 16:00:00.002,5e-05,0.06231405,Regular
FLOCKUSDT,2026-02-17 20:00:00.002,5e-05,0.06295200,Regular
FLOCKUSDT,2026-02-18 00:00:00.000,5e-05,0.06237000,Regular
FLOCKUSDT,2026-02-18 04:00:00.000,-0.00019301,0.06417517,Regular
FLOCKUSDT,2026-02-18 08:00:00.000,5e-05,0.06367827,Regular
FLOCKUSDT,2026-02-18 12:00:00.007,5e-05,0.06185980,Regular
FLOCKUSDT,2026-02-18 16:00:00.011,5e-05,0.06217844,Regular
FLOCKUSDT,2026-02-18 20:00:00.004,5e-05,0.05960455,Regular
FLOCKUSDT,2026-02-19 00:00:00.013,5e-05,0.05894962,Regular
FLOCKUSDT,2026-02-19 04:00:00.003,5e-05,0.05836000,Regular
FLOCKUSDT,2026-02-19 08:00:00.000,5e-05,0.05818000,Regular
FLOCKUSDT,2026-02-19 12:00:00.011,5e-05,0.05656000,Regular
FLOCKUSDT,2026-02-19 16:00:00.003,5e-05,0.05588000,Regular
FLOCKUSDT,2026-02-19 20:00:00.000,5e-05,0.05668000,Regular
FLOCKUSDT,2026-02-20 00:00:00.000,5e-05,0.05743000,Regular
FLOCKUSDT,2026-02-20 04:00:00.003,5e-05,0.05866000,Regular
FLOCKUSDT,2026-02-20 08:00:00.000,5e-05,0.05796000,Regular
FLOCKUSDT,2026-02-20 12:00:00.000,5e-05,0.05797000,Regular
FLOCKUSDT,2026-02-20 16:00:00.000,5e-05,0.05791000,Regular
FLOCKUSDT,2026-02-20 20:00:00.000,5e-05,0.05838000,Regular
FLOCKUSDT,2026-02-21 00:00:00.004,5e-05,0.05869817,Regular
FLOCKUSDT,2026-02-21 04:00:00.000,5e-05,0.05810000,Regular
FLOCKUSDT,2026-02-21 08:00:00.000,5e-05,0.05863830,Regular
FLOCKUSDT,2026-02-21 12:00:00.013,5e-05,0.05856283,Regular
FLOCKUSDT,2026-02-21 16:00:00.005,5e-05,0.05815136,Regular
FLOCKUSDT,2026-02-21 20:00:00.000,5e-05,0.05730000,Regular
FLOCKUSDT,2026-02-22 00:00:00.001,5e-05,0.05691400,Regular
FLOCKUSDT,2026-02-22 04:00:00.008,-0.00048119,0.05887500,Regular
FLOCKUSDT,2026-02-22 08:00:00.004,-0.00048701,0.06069647,Regular
FLOCKUSDT,2026-02-22 12:00:00.008,-0.00224679,0.06076000,Regular
FLOCKUSDT,2026-02-22 16:00:00.000,-0.00101518,0.06304000,Regular
FLOCKUSDT,2026-02-22 20:00:00.000,-1.189e-05,0.06095000,Regular
FLOCKUSDT,2026-02-23 00:00:00.001,-0.00049531,0.06209000,Regular
FLOCKUSDT,2026-02-23 04:00:00.000,-0.00522168,0.06588212,Regular
FLOCKUSDT,2026-02-23 08:00:00.000,-0.00196085,0.06718464,Regular
FLOCKUSDT,2026-02-23 12:00:00.003,-0.00690517,0.07089083,Regular
FLOCKUSDT,2026-02-23 16:00:00.000,-0.00230496,0.07116608,Regular
FLOCKUSDT,2026-02-23 20:00:00.000,-0.00162669,0.07048000,Regular
FLOCKUSDT,2026-02-24 00:00:00.007,-0.00388768,0.06750353,Regular
FLOCKUSDT,2026-02-24 04:00:00.000,-0.00264401,0.06270000,Regular
FLOCKUSDT,2026-02-24 08:00:00.000,-0.00112838,0.06182000,Regular
FLOCKUSDT,2026-02-24 12:00:00.000,-0.00027644,0.06244852,Regular
FLOCKUSDT,2026-02-24 16:00:00.001,-0.00063813,0.06321000,Regular
FLOCKUSDT,2026-02-24 20:00:00.002,-0.00029109,0.06371000,Regular
FLOCKUSDT,2026-02-25 00:00:00.001,-0.00012186,0.06366000,Regular
FLOCKUSDT,2026-02-25 04:00:00.000,-5.521e-05,0.06740000,Regular
FLOCKUSDT,2026-02-25 08:00:00.007,-0.00016095,0.06762000,Regular
FLOCKUSDT,2026-02-25 12:00:00.000,-6.167e-05,0.06697034,Regular
FLOCKUSDT,2026-02-25 16:00:00.000,-1.14e-05,0.06501221,Regular
FLOCKUSDT,2026-02-25 20:00:00.006,-0.00024292,0.06443117,Regular
FLOCKUSDT,2026-02-26 00:00:00.000,-0.00025166,0.06418967,Regular
FLOCKUSDT,2026-02-26 04:00:00.000,-7.958e-05,0.06240533,Regular
FLOCKUSDT,2026-02-26 08:00:00.006,4.548e-05,0.06259000,Regular
FLOCKUSDT,2026-02-26 12:00:00.004,-0.00014947,0.06265000,Regular
FLOCKUSDT,2026-02-26 16:00:00.002,5e-05,0.06191121,Regular
FLOCKUSDT,2026-02-26 20:00:00.001,-4.786e-05,0.06399000,Regular
FLOCKUSDT,2026-02-27 00:00:00.007,5e-05,0.06277000,Regular
FLOCKUSDT,2026-02-27 04:00:00.000,5e-05,0.06327867,Regular
FLOCKUSDT,2026-02-27 08:00:00.000,5e-05,0.06433000,Regular
FLOCKUSDT,2026-02-27 12:00:00.000,-5.602e-05,0.06489000,Regular
FLOCKUSDT,2026-02-27 16:00:00.001,5e-05,0.06347000,Regular
FLOCKUSDT,2026-02-27 20:00:00.007,5e-05,0.06257000,Regular
FLOCKUSDT,2026-02-28 00:00:00.000,5e-05,0.06385000,Regular
FLOCKUSDT,2026-02-28 04:00:00.002,5e-05,0.06329000,Regular
FLOCKUSDT,2026-02-28 08:00:00.000,-1.311e-05,0.05931000,Regular
FLOCKUSDT,2026-02-28 12:00:00.001,5e-05,0.05821358,Regular
FLOCKUSDT,2026-02-28 16:00:00.004,5e-05,0.05929233,Regular
FLOCKUSDT,2026-02-28 20:00:00.000,5e-05,0.06111917,Regular
FLOCKUSDT,2026-03-01 00:00:00.005,5e-05,0.06188074,Regular
FLOCKUSDT,2026-03-01 04:00:00.000,5e-05,0.06116144,Regular
FLOCKUSDT,2026-03-01 08:00:00.000,5e-05,0.06107567,Regular
FLOCKUSDT,2026-03-01 12:00:00.000,5e-05,0.06063000,Regular
FLOCKUSDT,2026-03-01 16:00:00.002,5e-05,0.05972265,Regular
FLOCKUSDT,2026-03-01 20:00:00.001,5e-05,0.05906000,Regular
FLOCKUSDT,2026-03-02 00:00:00.001,5e-05,0.05880000,Regular
FLOCKUSDT,2026-03-02 04:00:00.001,5e-05,0.05890000,Regular
FLOCKUSDT,2026-03-02 08:00:00.007,5e-05,0.05801000,Regular
FLOCKUSDT,2026-03-02 12:00:00.002,5e-05,0.05850000,Regular
FLOCKUSDT,2026-03-02 16:00:00.000,5e-05,0.06002000,Regular
FLOCKUSDT,2026-03-02 20:00:00.000,5e-05,0.05937897,Regular
FLOCKUSDT,2026-03-03 00:00:00.000,5e-05,0.05921000,Regular
FLOCKUSDT,2026-03-03 04:00:00.009,5e-05,0.05778000,Regular
FLOCKUSDT,2026-03-03 08:00:00.000,5e-05,0.05831000,Regular
FLOCKUSDT,2026-03-03 12:00:00.017,5e-05,0.05661130,Regular
FLOCKUSDT,2026-03-03 16:00:00.007,-0.00018015,0.05696332,Regular
FLOCKUSDT,2026-03-03 20:00:00.000,5e-05,0.05744000,Regular
FLOCKUSDT,2026-03-04 00:00:00.001,5e-05,0.05753000,Regular
FLOCKUSDT,2026-03-04 04:00:00.000,5e-05,0.05568786,Regular
FLOCKUSDT,2026-03-04 08:00:00.005,5e-05,0.05612000,Regular
FLOCKUSDT,2026-03-04 12:00:00.008,5e-05,0.05731000,Regular
FLOCKUSDT,2026-03-04 16:00:00.000,5e-05,0.05862580,Regular
FLOCKUSDT,2026-03-04 20:00:00.000,-0.0002446,0.05792417,Regular
FLOCKUSDT,2026-03-05 00:00:00.000,-0.00049105,0.05747598,Regular
FLOCKUSDT,2026-03-05 04:00:00.000,-0.00016189,0.05835000,Regular
FLOCKUSDT,2026-03-05 08:00:00.000,5e-05,0.05832883,Regular
FLOCKUSDT,2026-03-05 12:00:00.000,5e-05,0.05831000,Regular
FLOCKUSDT,2026-03-05 16:00:00.004,5e-05,0.05772000,Regular
FLOCKUSDT,2026-03-05 20:00:00.000,5e-05,0.05760458,Regular
FLOCKUSDT,2026-03-06 00:00:00.001,5e-05,0.05765000,Regular
FLOCKUSDT,2026-03-06 04:00:00.003,5e-05,0.05818000,Regular
FLOCKUSDT,2026-03-06 08:00:00.001,5e-05,0.05864582,Regular
FLOCKUSDT,2026-03-06 12:00:00.005,5e-05,0.05798914,Regular
FLOCKUSDT,2026-03-06 16:00:00.004,5e-05,0.05564000,Regular
FLOCKUSDT,2026-03-06 20:00:00.010,5e-05,0.05640977,Regular
FLOCKUSDT,2026-03-07 00:00:00.001,5e-05,0.05626000,Regular
FLOCKUSDT,2026-03-07 04:00:00.006,5e-05,0.05645000,Regular
FLOCKUSDT,2026-03-07 08:00:00.012,5e-05,0.05620000,Regular
FLOCKUSDT,2026-03-07 12:00:00.000,5e-05,0.05648324,Regular
FLOCKUSDT,2026-03-07 16:00:00.001,5e-05,0.05658094,Regular
FLOCKUSDT,2026-03-07 20:00:00.000,5e-05,0.05643650,Regular
FLOCKUSDT,2026-03-08 00:00:00.001,5e-05,0.05667033,Regular
FLOCKUSDT,2026-03-08 04:00:00.010,5e-05,0.05586050,Regular
FLOCKUSDT,2026-03-08 08:00:00.000,5e-05,0.05580000,Regular
FLOCKUSDT,2026-03-08 12:00:00.002,5e-05,0.05598000,Regular
FLOCKUSDT,2026-03-08 16:00:00.002,5e-05,0.05533000,Regular
FLOCKUSDT,2026-03-08 20:00:00.000,5e-05,0.05552000,Regular
FLOCKUSDT,2026-03-09 00:00:00.000,5e-05,0.05416000,Regular
FLOCKUSDT,2026-03-09 04:00:00.006,5e-05,0.05496000,Regular
FLOCKUSDT,2026-03-09 08:00:00.004,5e-05,0.05596000,Regular
FLOCKUSDT,2026-03-09 12:00:00.001,4.372e-05,0.05550000,Regular
FLOCKUSDT,2026-03-09 16:00:00.003,5e-05,0.05622000,Regular
FLOCKUSDT,2026-03-09 20:00:00.000,5e-05,0.05657000,Regular
FLOCKUSDT,2026-03-10 00:00:00.012,3.27e-05,0.05599033,Regular
FLOCKUSDT,2026-03-10 04:00:00.000,5e-05,0.05612000,Regular
FLOCKUSDT,2026-03-10 08:00:00.002,5e-05,0.05627000,Regular
FLOCKUSDT,2026-03-10 12:00:00.004,5e-05,0.05621000,Regular
FLOCKUSDT,2026-03-10 16:00:00.001,-5.578e-05,0.05647000,Regular
FLOCKUSDT,2026-03-10 20:00:00.004,-0.00046766,0.05591217,Regular
FLOCKUSDT,2026-03-11 00:00:00.000,-0.00034008,0.05606086,Regular
FLOCKUSDT,2026-03-11 04:00:00.000,-6.014e-05,0.05545000,Regular
FLOCKUSDT,2026-03-11 08:00:00.007,5e-05,0.05532000,Regular
FLOCKUSDT,2026-03-11 12:00:00.003,5e-05,0.05465289,Regular
FLOCKUSDT,2026-03-11 16:00:00.010,5e-05,0.05525034,Regular
FLOCKUSDT,2026-03-11 20:00:00.004,5e-05,0.05513000,Regular
FLOCKUSDT,2026-03-12 00:00:00.000,5e-05,0.05544326,Regular
FLOCKUSDT,2026-03-12 04:00:00.001,5e-05,0.05573733,Regular
FLOCKUSDT,2026-03-12 08:00:00.000,5e-05,0.05587333,Regular
FLOCKUSDT,2026-03-12 12:00:00.006,5e-05,0.05553135,Regular
FLOCKUSDT,2026-03-12 16:00:00.000,5e-05,0.05510695,Regular
FLOCKUSDT,2026-03-12 20:00:00.006,5e-05,0.05538800,Regular
FLOCKUSDT,2026-03-13 00:00:00.006,5e-05,0.05542000,Regular
FLOCKUSDT,2026-03-13 04:00:00.005,-0.00023237,0.05676000,Regular
FLOCKUSDT,2026-03-13 08:00:00.001,5e-05,0.05596967,Regular
FLOCKUSDT,2026-03-13 12:00:00.003,5e-05,0.05653850,Regular
FLOCKUSDT,2026-03-13 16:00:00.000,5e-05,0.05635050,Regular
FLOCKUSDT,2026-03-13 20:00:00.000,5e-05,0.05654735,Regular
FLOCKUSDT,2026-03-14 00:00:00.001,5e-05,0.05580500,Regular
FLOCKUSDT,2026-03-14 04:00:00.002,5e-05,0.05638000,Regular
FLOCKUSDT,2026-03-14 08:00:00.000,2.236e-05,0.05547000,Regular
FLOCKUSDT,2026-03-14 12:00:00.000,-0.00019466,0.05529000,Regular
FLOCKUSDT,2026-03-14 16:00:00.007,-2.898e-05,0.05484400,Regular
FLOCKUSDT,2026-03-14 20:00:00.000,-0.00014924,0.05497000,Regular
FLOCKUSDT,2026-03-15 00:00:00.000,5e-05,0.05539217,Regular
FLOCKUSDT,2026-03-15 04:00:00.000,5e-05,0.05518000,Regular
FLOCKUSDT,2026-03-15 08:00:00.000,-0.00034198,0.05640000,Regular
FLOCKUSDT,2026-03-15 12:00:00.002,4.469e-05,0.05645000,Regular
FLOCKUSDT,2026-03-15 16:00:00.000,3.478e-05,0.05596217,Regular
FLOCKUSDT,2026-03-15 20:00:00.000,5e-05,0.05606183,Regular
FLOCKUSDT,2026-03-16 00:00:00.000,5e-05,0.05628000,Regular
FLOCKUSDT,2026-03-16 04:00:00.006,7.9e-06,0.05752000,Regular
FLOCKUSDT,2026-03-16 08:00:00.010,5e-05,0.05718000,Regular
FLOCKUSDT,2026-03-16 12:00:00.002,5e-05,0.05768000,Regular
FLOCKUSDT,2026-03-16 16:00:00.000,5e-05,0.05761364,Regular
FLOCKUSDT,2026-03-16 20:00:00.001,5e-05,0.05815383,Regular
FLOCKUSDT,2026-03-17 00:00:00.000,5e-05,0.05872000,Regular
FLOCKUSDT,2026-03-17 04:00:00.008,-0.00063395,0.06348000,Regular
FLOCKUSDT,2026-03-17 08:00:00.002,-0.00064023,0.06103891,Regular
FLOCKUSDT,2026-03-17 12:00:00.012,2.805e-05,0.05994533,Regular
FLOCKUSDT,2026-03-17 16:00:00.011,-0.00010117,0.06017000,Regular
FLOCKUSDT,2026-03-17 20:00:00.000,5e-05,0.05968947,Regular
FLOCKUSDT,2026-03-18 00:00:00.002,5e-05,0.05978353,Regular
FLOCKUSDT,2026-03-18 04:00:00.000,5e-05,0.05903000,Regular
FLOCKUSDT,2026-03-18 08:00:00.002,5e-05,0.05991989,Regular
FLOCKUSDT,2026-03-18 12:00:00.001,5e-05,0.05863589,Regular
FLOCKUSDT,2026-03-18 16:00:00.005,5e-05,0.05866732,Regular
FLOCKUSDT,2026-03-18 20:00:00.008,5e-05,0.05822000,Regular
FLOCKUSDT,2026-03-19 00:00:00.000,5e-05,0.05843000,Regular
FLOCKUSDT,2026-03-19 04:00:00.000,5e-05,0.05786000,Regular
FLOCKUSDT,2026-03-19 08:00:00.003,5e-05,0.05732000,Regular
FLOCKUSDT,2026-03-19 12:00:00.002,5e-05,0.05648000,Regular
FLOCKUSDT,2026-03-19 16:00:00.003,5e-05,0.05643742,Regular
FLOCKUSDT,2026-03-19 20:00:00.000,5e-05,0.05672091,Regular
FLOCKUSDT,2026-03-20 00:00:00.002,5e-05,0.05646000,Regular
FLOCKUSDT,2026-03-20 04:00:00.008,5e-05,0.05875483,Regular
FLOCKUSDT,2026-03-20 08:00:00.000,5e-05,0.06024000,Regular
FLOCKUSDT,2026-03-20 12:00:00.000,5e-05,0.05955067,Regular
FLOCKUSDT,2026-03-20 16:00:00.000,5e-05,0.05842142,Regular
FLOCKUSDT,2026-03-20 20:00:00.007,5e-05,0.05780367,Regular
FLOCKUSDT,2026-03-21 00:00:00.000,5e-05,0.05878000,Regular
FLOCKUSDT,2026-03-21 04:00:00.002,-0.00056239,0.06157148,Regular
FLOCKUSDT,2026-03-21 08:00:00.000,-0.00032821,0.06464000,Regular
FLOCKUSDT,2026-03-21 12:00:00.003,-0.00088153,0.06053000,Regular
FLOCKUSDT,2026-03-21 16:00:00.014,-0.00010703,0.06099520,Regular
FLOCKUSDT,2026-03-21 20:00:00.000,-7.323e-05,0.06085000,Regular
FLOCKUSDT,2026-03-22 00:00:00.012,-4.589e-05,0.05992000,Regular
FLOCKUSDT,2026-03-22 04:00:00.003,5e-05,0.05849000,Regular
FLOCKUSDT,2026-03-22 08:00:00.007,5e-05,0.05817917,Regular
FLOCKUSDT,2026-03-22 12:00:00.000,5e-05,0.05682000,Regular
FLOCKUSDT,2026-03-22 16:00:00.002,5e-05,0.05756000,Regular
FLOCKUSDT,2026-03-22 20:00:00.000,5e-05,0.05653000,Regular
FLOCKUSDT,2026-03-23 00:00:00.000,-7.466e-05,0.05619111,Regular
FLOCKUSDT,2026-03-23 04:00:00.000,5e-05,0.05531000,Regular
FLOCKUSDT,2026-03-23 08:00:00.003,5e-05,0.05444467,Regular
FLOCKUSDT,2026-03-23 12:00:00.000,5e-05,0.05625000,Regular
FLOCKUSDT,2026-03-23 16:00:00.002,5e-05,0.05630000,Regular
FLOCKUSDT,2026-03-23 20:00:00.000,5e-05,0.05600000,Regular
FLOCKUSDT,2026-03-24 00:00:00.000,5e-05,0.05592224,Regular
FLOCKUSDT,2026-03-24 04:00:00.001,-0.00100912,0.05989000,Regular
FLOCKUSDT,2026-03-24 08:00:00.000,-0.00025966,0.05948000,Regular
FLOCKUSDT,2026-03-24 12:00:00.000,5e-05,0.05652905,Regular
FLOCKUSDT,2026-03-24 16:00:00.003,5e-05,0.05669000,Regular
FLOCKUSDT,2026-03-24 20:00:00.000,5e-05,0.05625805,Regular
FLOCKUSDT,2026-03-25 00:00:00.000,5e-05,0.05741000,Regular
FLOCKUSDT,2026-03-25 04:00:00.000,5e-05,0.05673448,Regular
FLOCKUSDT,2026-03-25 08:00:00.000,5e-05,0.05674333,Regular
FLOCKUSDT,2026-03-25 12:00:00.005,5e-05,0.05682500,Regular
FLOCKUSDT,2026-03-25 16:00:00.013,5e-05,0.05665000,Regular
FLOCKUSDT,2026-03-25 20:00:00.001,5e-05,0.05727069,Regular
FLOCKUSDT,2026-03-26 00:00:00.001,5e-05,0.05751200,Regular
FLOCKUSDT,2026-03-26 04:00:00.002,5e-05,0.05555000,Regular
FLOCKUSDT,2026-03-26 08:00:00.001,5e-05,0.05463364,Regular
FLOCKUSDT,2026-03-26 12:00:00.000,5e-05,0.05359500,Regular
FLOCKUSDT,2026-03-26 16:00:00.000,5e-05,0.05385106,Regular
FLOCKUSDT,2026-03-26 20:00:00.003,5e-05,0.05332000,Regular
FLOCKUSDT,2026-03-27 00:00:00.006,5e-05,0.05372000,Regular
FLOCKUSDT,2026-03-27 04:00:00.001,5e-05,0.05442000,Regular
FLOCKUSDT,2026-03-27 08:00:00.000,5e-05,0.05495000,Regular
FLOCKUSDT,2026-03-27 12:00:00.002,5e-05,0.05278000,Regular
FLOCKUSDT,2026-03-27 16:00:00.000,5e-05,0.05266000,Regular
FLOCKUSDT,2026-03-27 20:00:00.000,5e-05,0.05260620,Regular
FLOCKUSDT,2026-03-28 00:00:00.005,5e-05,0.05223000,Regular
FLOCKUSDT,2026-03-28 04:00:00.003,5e-05,0.05149067,Regular
FLOCKUSDT,2026-03-28 08:00:00.005,5e-05,0.05283998,Regular
FLOCKUSDT,2026-03-28 12:00:00.006,5e-05,0.05257027,Regular
FLOCKUSDT,2026-03-28 16:00:00.000,5e-05,0.05258576,Regular
FLOCKUSDT,2026-03-28 20:00:00.003,5e-05,0.05269000,Regular
FLOCKUSDT,2026-03-29 00:00:00.003,5e-05,0.05213827,Regular
FLOCKUSDT,2026-03-29 04:00:00.000,5e-05,0.05185000,Regular
FLOCKUSDT,2026-03-29 08:00:00.001,5e-05,0.05152000,Regular
FLOCKUSDT,2026-03-29 12:00:00.000,5e-05,0.05119379,Regular
FLOCKUSDT,2026-03-29 16:00:00.000,5e-05,0.05024000,Regular
FLOCKUSDT,2026-03-29 20:00:00.000,5e-05,0.05048273,Regular
FLOCKUSDT,2026-03-30 00:00:00.000,5e-05,0.04937298,Regular
FLOCKUSDT,2026-03-30 04:00:00.012,5e-05,0.05157000,Regular
FLOCKUSDT,2026-03-30 08:00:00.005,5e-05,0.05200000,Regular
FLOCKUSDT,2026-03-30 12:00:00.005,5e-05,0.05159914,Regular
FLOCKUSDT,2026-03-30 16:00:00.000,5e-05,0.05133306,Regular
FLOCKUSDT,2026-03-30 20:00:00.000,5e-05,0.05056000,Regular
FLOCKUSDT,2026-03-31 00:00:00.000,5e-05,0.05062548,Regular
FLOCKUSDT,2026-03-31 04:00:00.000,-0.00037035,0.05279000,Regular
FLOCKUSDT,2026-03-31 08:00:00.000,5e-05,0.05243947,Regular
FLOCKUSDT,2026-03-31 12:00:00.001,5e-05,0.05159000,Regular
FLOCKUSDT,2026-03-31 16:00:00.000,2.833e-05,0.05128000,Regular
FLOCKUSDT,2026-03-31 20:00:00.002,5e-05,0.05220000,Regular
FLOCKUSDT,2026-04-01 00:00:00.000,5e-05,0.05236145,Regular
FLOCKUSDT,2026-04-01 04:00:00.004,5e-05,0.05085091,Regular
FLOCKUSDT,2026-04-01 08:00:00.000,5e-05,0.05133000,Regular
FLOCKUSDT,2026-04-01 12:00:00.000,5e-05,0.05120000,Regular
FLOCKUSDT,2026-04-01 16:00:00.000,5e-05,0.05141367,Regular
FLOCKUSDT,2026-04-01 20:00:00.000,5e-05,0.05154000,Regular
FLOCKUSDT,2026-04-02 00:00:00.003,5e-05,0.05141000,Regular
FLOCKUSDT,2026-04-02 04:00:00.003,5e-05,0.04947173,Regular
FLOCKUSDT,2026-04-02 08:00:00.001,5e-05,0.04962000,Regular
FLOCKUSDT,2026-04-02 12:00:00.003,5e-05,0.04906455,Regular
FLOCKUSDT,2026-04-02 16:00:00.001,5e-05,0.04949909,Regular
FLOCKUSDT,2026-04-02 20:00:00.003,5e-05,0.04935117,Regular
FLOCKUSDT,2026-04-03 00:00:00.000,5e-05,0.04940258,Regular
FLOCKUSDT,2026-04-03 04:00:00.000,5e-05,0.04999000,Regular
FLOCKUSDT,2026-04-03 08:00:00.008,5e-05,0.05013350,Regular
FLOCKUSDT,2026-04-03 12:00:00.006,5e-05,0.05077477,Regular
FLOCKUSDT,2026-04-03 16:00:00.008,5e-05,0.05011000,Regular
FLOCKUSDT,2026-04-03 20:00:00.001,5e-05,0.05064000,Regular
FLOCKUSDT,2026-04-04 00:00:00.000,5e-05,0.05052727,Regular
FLOCKUSDT,2026-04-04 04:00:00.001,5e-05,0.05171000,Regular
FLOCKUSDT,2026-04-04 08:00:00.003,5e-05,0.05092000,Regular
FLOCKUSDT,2026-04-04 12:00:00.000,5e-05,0.05076000,Regular
FLOCKUSDT,2026-04-04 16:00:00.000,5e-05,0.05068364,Regular
FLOCKUSDT,2026-04-04 20:00:00.000,5e-05,0.05048182,Regular
FLOCKUSDT,2026-04-05 00:00:00.008,5e-05,0.05060573,Regular
FLOCKUSDT,2026-04-05 04:00:00.002,5e-05,0.05025091,Regular
FLOCKUSDT,2026-04-05 08:00:00.000,5e-05,0.04948000,Regular
FLOCKUSDT,2026-04-05 12:00:00.003,5e-05,0.04952000,Regular
FLOCKUSDT,2026-04-05 16:00:00.001,5e-05,0.05032000,Regular
FLOCKUSDT,2026-04-05 20:00:00.003,5e-05,0.05009000,Regular
FLOCKUSDT,2026-04-06 00:00:00.004,5e-05,0.05080209,Regular
FLOCKUSDT,2026-04-06 04:00:00.005,-0.00010651,0.05322705,Regular
FLOCKUSDT,2026-04-06 08:00:00.001,-0.00011325,0.05367691,Regular
FLOCKUSDT,2026-04-06 12:00:00.002,5e-05,0.05197045,Regular
FLOCKUSDT,2026-04-06 16:00:00.003,5e-05,0.05463000,Regular
FLOCKUSDT,2026-04-06 20:00:00.000,2.339e-05,0.05367714,Regular
FLOCKUSDT,2026-04-07 00:00:00.000,5e-05,0.05276803,Regular
FLOCKUSDT,2026-04-07 04:00:00.003,5e-05,0.05135973,Regular
FLOCKUSDT,2026-04-07 08:00:00.000,-3.791e-05,0.05182000,Regular
FLOCKUSDT,2026-04-07 12:00:00.008,5e-05,0.05078000,Regular
FLOCKUSDT,2026-04-07 16:00:00.000,-3.85e-05,0.05104203,Regular
FLOCKUSDT,2026-04-07 20:00:00.000,5e-05,0.05148212,Regular
FLOCKUSDT,2026-04-08 00:00:00.000,5e-05,0.05355311,Regular
FLOCKUSDT,2026-04-08 04:00:00.002,5e-05,0.05551000,Regular
FLOCKUSDT,2026-04-08 08:00:00.000,5e-05,0.05436818,Regular
FLOCKUSDT,2026-04-08 12:00:00.013,5e-05,0.05485000,Regular
FLOCKUSDT,2026-04-08 16:00:00.006,5e-05,0.05447421,Regular
FLOCKUSDT,2026-04-08 20:00:00.005,5e-05,0.05409545,Regular
FLOCKUSDT,2026-04-09 00:00:00.000,5e-05,0.05307726,Regular
FLOCKUSDT,2026-04-09 04:00:00.005,-3.242e-05,0.05392376,Regular
FLOCKUSDT,2026-04-09 08:00:00.010,5e-05,0.05364000,Regular
FLOCKUSDT,2026-04-09 12:00:00.001,5e-05,0.05297000,Regular
FLOCKUSDT,2026-04-09 16:00:00.001,5e-05,0.05335000,Regular
FLOCKUSDT,2026-04-09 20:00:00.001,5e-05,0.05368273,Regular
FLOCKUSDT,2026-04-10 00:00:00.000,5e-05,0.05309000,Regular
FLOCKUSDT,2026-04-10 04:00:00.000,5e-05,0.05253933,Regular
FLOCKUSDT,2026-04-10 08:00:00.005,5e-05,0.05239000,Regular
FLOCKUSDT,2026-04-10 12:00:00.000,5e-05,0.05238000,Regular
FLOCKUSDT,2026-04-10 16:00:00.000,5e-05,0.05299703,Regular
FLOCKUSDT,2026-04-10 20:00:00.002,5e-05,0.05439000,Regular
FLOCKUSDT,2026-04-11 00:00:00.000,5e-05,0.05391000,Regular
FLOCKUSDT,2026-04-11 04:00:00.009,5e-05,0.05335000,Regular
FLOCKUSDT,2026-04-11 08:00:00.000,5e-05,0.05326000,Regular
FLOCKUSDT,2026-04-11 12:00:00.002,5e-05,0.05391767,Regular
FLOCKUSDT,2026-04-11 16:00:00.003,5e-05,0.05397000,Regular
FLOCKUSDT,2026-04-11 20:00:00.001,5e-05,0.05551000,Regular
FLOCKUSDT,2026-04-12 00:00:00.000,5e-05,0.05460854,Regular
FLOCKUSDT,2026-04-12 04:00:00.000,5e-05,0.05302381,Regular
FLOCKUSDT,2026-04-12 08:00:00.000,5e-05,0.05256050,Regular
FLOCKUSDT,2026-04-12 12:00:00.000,5e-05,0.05265306,Regular
FLOCKUSDT,2026-04-12 16:00:00.000,5e-05,0.05246364,Regular
FLOCKUSDT,2026-04-12 20:00:00.013,5e-05,0.05284000,Regular
FLOCKUSDT,2026-04-13 00:00:00.011,5e-05,0.05159198,Regular
FLOCKUSDT,2026-04-13 04:00:00.003,5e-05,0.05222000,Regular
FLOCKUSDT,2026-04-13 08:00:00.006,5e-05,0.05289255,Regular
FLOCKUSDT,2026-04-13 12:00:00.010,5e-05,0.05496000,Regular
FLOCKUSDT,2026-04-13 16:00:00.000,5e-05,0.05419909,Regular
FLOCKUSDT,2026-04-13 20:00:00.000,5e-05,0.05518136,Regular
FLOCKUSDT,2026-04-14 00:00:00.005,5e-05,0.05590024,Regular
FLOCKUSDT,2026-04-14 04:00:00.000,5e-05,0.05674000,Regular
FLOCKUSDT,2026-04-14 08:00:00.003,5e-05,0.05743000,Regular
FLOCKUSDT,2026-04-14 12:00:00.000,5e-05,0.05457894,Regular
FLOCKUSDT,2026-04-14 16:00:00.001,5e-05,0.05508000,Regular
FLOCKUSDT,2026-04-14 20:00:00.009,5e-05,0.05563000,Regular
FLOCKUSDT,2026-04-15 00:00:00.000,5e-05,0.05696668,Regular
FLOCKUSDT,2026-04-15 04:00:00.000,5e-05,0.05615400,Regular
FLOCKUSDT,2026-04-15 08:00:00.000,5e-05,0.05868364,Regular
FLOCKUSDT,2026-04-15 12:00:00.000,5e-05,0.06050000,Regular
FLOCKUSDT,2026-04-15 16:00:00.000,5e-05,0.05953135,Regular
FLOCKUSDT,2026-04-15 20:00:00.009,5e-05,0.06066117,Regular
FLOCKUSDT,2026-04-16 00:00:00.013,5e-05,0.06084502,Regular
FLOCKUSDT,2026-04-16 04:00:00.008,-0.00026152,0.06173224,Regular
FLOCKUSDT,2026-04-16 08:00:00.000,5e-05,0.05929541,Regular
FLOCKUSDT,2026-04-16 12:00:00.004,5e-05,0.05950000,Regular
FLOCKUSDT,2026-04-16 16:00:00.000,5e-05,0.05965068,Regular
FLOCKUSDT,2026-04-16 20:00:00.000,5e-05,0.06069000,Regular
FLOCKUSDT,2026-04-17 00:00:00.001,5e-05,0.06087000,Regular
FLOCKUSDT,2026-04-17 04:00:00.003,5e-05,0.05955161,Regular
FLOCKUSDT,2026-04-17 08:00:00.011,5e-05,0.05961129,Regular
FLOCKUSDT,2026-04-17 12:00:00.003,5e-05,0.05999365,Regular
FLOCKUSDT,2026-04-17 16:00:00.001,5e-05,0.06103929,Regular
FLOCKUSDT,2026-04-17 20:00:00.005,5e-05,0.06112000,Regular
FLOCKUSDT,2026-04-18 00:00:00.001,5e-05,0.06071000,Regular
FLOCKUSDT,2026-04-18 04:00:00.003,5e-05,0.06149762,Regular
FLOCKUSDT,2026-04-18 08:00:00.006,5e-05,0.06173000,Regular
FLOCKUSDT,2026-04-18 12:00:00.000,5e-05,0.05965959,Regular
FLOCKUSDT,2026-04-18 16:00:00.000,5e-05,0.06022383,Regular
FLOCKUSDT,2026-04-18 20:00:00.002,5e-05,0.06073182,Regular
FLOCKUSDT,2026-04-19 00:00:00.002,5e-05,0.06082500,Regular
FLOCKUSDT,2026-04-19 04:00:00.000,5e-05,0.05812000,Regular
FLOCKUSDT,2026-04-19 08:00:00.010,5e-05,0.05848691,Regular
FLOCKUSDT,2026-04-19 12:00:00.003,5e-05,0.05905000,Regular
FLOCKUSDT,2026-04-19 16:00:00.001,5e-05,0.05906000,Regular
FLOCKUSDT,2026-04-19 20:00:00.005,5e-05,0.05780000,Regular
FLOCKUSDT,2026-04-20 00:00:00.000,5e-05,0.05588091,Regular
FLOCKUSDT,2026-04-20 04:00:00.001,5e-05,0.05752364,Regular
FLOCKUSDT,2026-04-20 08:00:00.000,5e-05,0.05814765,Regular
FLOCKUSDT,2026-04-20 12:00:00.009,5e-05,0.05908812,Regular
FLOCKUSDT,2026-04-20 16:00:00.001,5e-05,0.05858091,Regular
FLOCKUSDT,2026-04-20 20:00:00.000,5e-05,0.05959000,Regular
FLOCKUSDT,2026-04-21 00:00:00.000,5e-05,0.05964302,Regular
FLOCKUSDT,2026-04-21 04:00:00.000,-0.00048487,0.06208550,Regular
FLOCKUSDT,2026-04-21 08:00:00.004,-0.00011851,0.06198383,Regular
FLOCKUSDT,2026-04-21 12:00:00.000,-0.00179929,0.06455000,Regular
FLOCKUSDT,2026-04-21 16:00:00.004,-0.00021056,0.06241385,Regular
FLOCKUSDT,2026-04-21 20:00:00.003,-8.095e-05,0.06229580,Regular
FLOCKUSDT,2026-04-22 00:00:00.004,1.946e-05,0.06378082,Regular
FLOCKUSDT,2026-04-22 04:00:00.003,5e-05,0.06198000,Regular
FLOCKUSDT,2026-04-22 08:00:00.000,5e-05,0.06371982,Regular
FLOCKUSDT,2026-04-22 12:00:00.000,5e-05,0.06346000,Regular
FLOCKUSDT,2026-04-22 16:00:00.000,5e-05,0.06284000,Regular
FLOCKUSDT,2026-04-22 20:00:00.003,5e-05,0.06267552,Regular
FLOCKUSDT,2026-04-23 00:00:00.000,5e-05,0.06177433,Regular
FLOCKUSDT,2026-04-23 04:00:00.000,-0.00033342,0.06314724,Regular
FLOCKUSDT,2026-04-23 08:00:00.000,-0.00034111,0.06568044,Regular
FLOCKUSDT,2026-04-23 12:00:00.000,-2.516e-05,0.06663000,Regular
FLOCKUSDT,2026-04-23 16:00:00.004,-0.00037973,0.06836000,Regular
FLOCKUSDT,2026-04-23 20:00:00.006,5e-05,0.06755494,Regular
FLOCKUSDT,2026-04-24 00:00:00.006,5e-05,0.06846000,Regular
FLOCKUSDT,2026-04-24 04:00:00.000,5e-05,0.06627000,Regular
FLOCKUSDT,2026-04-24 08:00:00.000,5e-05,0.06635000,Regular
FLOCKUSDT,2026-04-24 12:00:00.002,5e-05,0.06745097,Regular
FLOCKUSDT,2026-04-24 16:00:00.000,5e-05,0.06884570,Regular
FLOCKUSDT,2026-04-24 20:00:00.003,5e-05,0.06954000,Regular
FLOCKUSDT,2026-04-25 00:00:00.000,5e-05,0.07005000,Regular
FLOCKUSDT,2026-04-25 04:00:00.005,5e-05,0.07020417,Regular
FLOCKUSDT,2026-04-25 08:00:00.002,5e-05,0.06742632,Regular
FLOCKUSDT,2026-04-25 12:00:00.001,5e-05,0.06816000,Regular
FLOCKUSDT,2026-04-25 16:00:00.002,5e-05,0.06768000,Regular
FLOCKUSDT,2026-04-25 20:00:00.001,5e-05,0.06745000,Regular
FLOCKUSDT,2026-04-26 00:00:00.003,5e-05,0.06776150,Regular
FLOCKUSDT,2026-04-26 04:00:00.001,5e-05,0.06729000,Regular
FLOCKUSDT,2026-04-26 08:00:00.007,5e-05,0.06950000,Regular
FLOCKUSDT,2026-04-26 12:00:00.001,5e-05,0.06757000,Regular
FLOCKUSDT,2026-04-26 16:00:00.004,5e-05,0.06605000,Regular
FLOCKUSDT,2026-04-26 20:00:00.014,5e-05,0.06684992,Regular
FLOCKUSDT,2026-04-27 00:00:00.004,5e-05,0.06652000,Regular
FLOCKUSDT,2026-04-27 04:00:00.000,5e-05,0.06405000,Regular
FLOCKUSDT,2026-04-27 08:00:00.000,5e-05,0.06206000,Regular
FLOCKUSDT,2026-04-27 12:00:00.004,5e-05,0.06157000,Regular
FLOCKUSDT,2026-04-27 16:00:00.002,5e-05,0.06004011,Regular
FLOCKUSDT,2026-04-27 20:00:00.000,5e-05,0.06059727,Regular
FLOCKUSDT,2026-04-28 00:00:00.001,5e-05,0.06120086,Regular
FLOCKUSDT,2026-04-28 04:00:00.006,5e-05,0.06132768,Regular
FLOCKUSDT,2026-04-28 08:00:00.000,5e-05,0.06173000,Regular
FLOCKUSDT,2026-04-28 12:00:00.000,5e-05,0.06178000,Regular
FLOCKUSDT,2026-04-28 16:00:00.004,5e-05,0.06083950,Regular
FLOCKUSDT,2026-04-28 20:00:00.001,5e-05,0.06135000,Regular
FLOCKUSDT,2026-04-29 00:00:00.006,5e-05,0.06206000,Regular
FLOCKUSDT,2026-04-29 04:00:00.003,5e-05,0.06054000,Regular
FLOCKUSDT,2026-04-29 08:00:00.011,5e-05,0.06017755,Regular
FLOCKUSDT,2026-04-29 12:00:00.000,5e-05,0.06169727,Regular
FLOCKUSDT,2026-04-29 16:00:00.003,5e-05,0.05911000,Regular
FLOCKUSDT,2026-04-29 20:00:00.004,5e-05,0.05936000,Regular
FLOCKUSDT,2026-04-30 00:00:00.002,5e-05,0.05936827,Regular
FLOCKUSDT,2026-04-30 04:00:00.000,5e-05,0.05915000,Regular
FLOCKUSDT,2026-04-30 08:00:00.000,5e-05,0.05916000,Regular
FLOCKUSDT,2026-04-30 12:00:00.000,5e-05,0.05824000,Regular
FLOCKUSDT,2026-04-30 16:00:00.000,5e-05,0.05890414,Regular
FLOCKUSDT,2026-04-30 20:00:00.002,5e-05,0.05911000,Regular
FLOCKUSDT,2026-05-01 00:00:00.000,5e-05,0.05891150,Regular
FLOCKUSDT,2026-05-01 04:00:00.003,5e-05,0.05841500,Regular
FLOCKUSDT,2026-05-01 08:00:00.005,5e-05,0.05837967,Regular
FLOCKUSDT,2026-05-01 12:00:00.000,5e-05,0.05843000,Regular
FLOCKUSDT,2026-05-01 16:00:00.000,5e-05,0.05884110,Regular
FLOCKUSDT,2026-05-01 20:00:00.009,5e-05,0.05862983,Regular
FLOCKUSDT,2026-05-02 00:00:00.006,5e-05,0.05760383,Regular
FLOCKUSDT,2026-05-02 04:00:00.000,5e-05,0.05942000,Regular
FLOCKUSDT,2026-05-02 08:00:00.000,5e-05,0.05878000,Regular
FLOCKUSDT,2026-05-02 12:00:00.009,5e-05,0.05890500,Regular
FLOCKUSDT,2026-05-02 16:00:00.010,5e-05,0.06010727,Regular
FLOCKUSDT,2026-05-02 20:00:00.000,5e-05,0.05939455,Regular
FLOCKUSDT,2026-05-03 00:00:00.005,5e-05,0.05975818,Regular
FLOCKUSDT,2026-05-03 04:00:00.014,5e-05,0.05924727,Regular
FLOCKUSDT,2026-05-03 08:00:00.003,5e-05,0.05971000,Regular
FLOCKUSDT,2026-05-03 12:00:00.004,5e-05,0.06091909,Regular
FLOCKUSDT,2026-05-03 16:00:00.000,5e-05,0.06080500,Regular
FLOCKUSDT,2026-05-03 20:00:00.000,5e-05,0.06055727,Regular
FLOCKUSDT,2026-05-04 00:00:00.000,5e-05,0.05978000,Regular
FLOCKUSDT,2026-05-04 04:00:00.003,5e-05,0.06050000,Regular
FLOCKUSDT,2026-05-04 08:00:00.000,5e-05,0.05954395,Regular
FLOCKUSDT,2026-05-04 12:00:00.000,5e-05,0.05932000,Regular
FLOCKUSDT,2026-05-04 16:00:00.003,5e-05,0.05952000,Regular
FLOCKUSDT,2026-05-04 20:00:00.007,5e-05,0.05925517,Regular
FLOCKUSDT,2026-05-05 00:00:00.000,5e-05,0.05910967,Regular
FLOCKUSDT,2026-05-05 04:00:00.000,5e-05,0.05961909,Regular
FLOCKUSDT,2026-05-05 08:00:00.011,5e-05,0.05986806,Regular
FLOCKUSDT,2026-05-05 12:00:00.006,5e-05,0.06022241,Regular
FLOCKUSDT,2026-05-05 16:00:00.000,5e-05,0.06021273,Regular
FLOCKUSDT,2026-05-05 20:00:00.000,5e-05,0.06022608,Regular
FLOCKUSDT,2026-05-06 00:00:00.010,5e-05,0.06076350,Regular
FLOCKUSDT,2026-05-06 04:00:00.000,5e-05,0.06170000,Regular
FLOCKUSDT,2026-05-06 08:00:00.000,5e-05,0.06319383,Regular
FLOCKUSDT,2026-05-06 12:00:00.000,5e-05,0.06448000,Regular
FLOCKUSDT,2026-05-06 16:00:00.002,5e-05,0.06869796,Regular
FLOCKUSDT,2026-05-06 20:00:00.000,5e-05,0.06875000,Regular
FLOCKUSDT,2026-05-07 00:00:00.000,8.313e-05,0.06638000,Regular
FLOCKUSDT,2026-05-07 04:00:00.001,5e-05,0.06434076,Regular
FLOCKUSDT,2026-05-07 08:00:00.000,5e-05,0.07619317,Regular
FLOCKUSDT,2026-05-07 12:00:00.000,-4.124e-05,0.07789000,Regular
FLOCKUSDT,2026-05-07 16:00:00.004,5e-05,0.07470818,Regular
FLOCKUSDT,2026-05-07 20:00:00.005,5e-05,0.07673000,Regular
FLOCKUSDT,2026-05-08 00:00:00.003,5e-05,0.07551000,Regular
FLOCKUSDT,2026-05-08 04:00:00.000,5e-05,0.07673482,Regular
FLOCKUSDT,2026-05-08 08:00:00.002,5e-05,0.07362589,Regular
FLOCKUSDT,2026-05-08 12:00:00.000,5e-05,0.07707172,Regular
FLOCKUSDT,2026-05-08 16:00:00.003,5e-05,0.07438773,Regular
FLOCKUSDT,2026-05-08 20:00:00.000,5e-05,0.07638000,Regular
FLOCKUSDT,2026-05-09 00:00:00.000,5e-05,0.07758000,Regular
FLOCKUSDT,2026-05-09 04:00:00.000,0.00014085,0.07851345,Regular
FLOCKUSDT,2026-05-09 08:00:00.001,0.00018059,0.07731000,Regular
FLOCKUSDT,2026-05-09 12:00:00.000,5.776e-05,0.08123000,Regular
FLOCKUSDT,2026-05-09 16:00:00.002,6.469e-05,0.07812000,Regular
FLOCKUSDT,2026-05-09 20:00:00.000,0.00034399,0.07771000,Regular
FLOCKUSDT,2026-05-10 00:00:00.003,0.00016119,0.07779000,Regular
FLOCKUSDT,2026-05-10 04:00:00.005,5e-05,0.07818000,Regular
FLOCKUSDT,2026-05-10 08:00:00.000,0.00058814,0.07452000,Regular
FLOCKUSDT,2026-05-10 12:00:00.007,0.00010777,0.07494379,Regular
FLOCKUSDT,2026-05-10 16:00:00.000,0.00027218,0.07515000,Regular
FLOCKUSDT,2026-05-10 20:00:00.002,0.00025634,0.07958188,Regular
FLOCKUSDT,2026-05-11 00:00:00.000,0.00017805,0.07932500,Regular
FLOCKUSDT,2026-05-11 04:00:00.000,0.0002793,0.07580500,Regular
FLOCKUSDT,2026-05-11 08:00:00.000,5e-05,0.08124000,Regular
FLOCKUSDT,2026-05-11 12:00:00.001,5e-05,0.07908000,Regular
FLOCKUSDT,2026-05-11 16:00:00.000,5e-05,0.07742261,Regular
FLOCKUSDT,2026-05-11 20:00:00.014,5e-05,0.07851617,Regular
FLOCKUSDT,2026-05-12 00:00:00.002,5e-05,0.07854000,Regular
FLOCKUSDT,2026-05-12 04:00:00.000,5e-05,0.07575011,Regular
FLOCKUSDT,2026-05-12 08:00:00.008,5e-05,0.07623045,Regular
FLOCKUSDT,2026-05-12 12:00:00.003,5e-05,0.07434000,Regular
FLOCKUSDT,2026-05-12 16:00:00.000,5e-05,0.07006000,Regular
FLOCKUSDT,2026-05-12 20:00:00.000,5e-05,0.07037239,Regular
FLOCKUSDT,2026-05-13 00:00:00.010,5e-05,0.06951000,Regular
FLOCKUSDT,2026-05-13 04:00:00.003,5e-05,0.07018956,Regular
FLOCKUSDT,2026-05-13 08:00:00.003,5e-05,0.06823727,Regular
FLOCKUSDT,2026-05-13 12:00:00.004,5e-05,0.06760850,Regular
FLOCKUSDT,2026-05-13 16:00:00.001,5e-05,0.06347503,Regular
FLOCKUSDT,2026-05-13 20:00:00.004,5e-05,0.06244967,Regular
FLOCKUSDT,2026-05-14 00:00:00.005,5e-05,0.06294000,Regular
FLOCKUSDT,2026-05-14 04:00:00.005,5e-05,0.06096200,Regular
FLOCKUSDT,2026-05-14 08:00:00.000,5e-05,0.06183545,Regular
FLOCKUSDT,2026-05-14 12:00:00.001,5e-05,0.06197400,Regular
FLOCKUSDT,2026-05-14 16:00:00.000,5e-05,0.06464091,Regular
FLOCKUSDT,2026-05-14 20:00:00.000,5e-05,0.06439302,Regular
FLOCKUSDT,2026-05-15 00:00:00.000,5e-05,0.06412683,Regular
FLOCKUSDT,2026-05-15 04:00:00.006,5e-05,0.06397000,Regular
FLOCKUSDT,2026-05-15 08:00:00.016,5e-05,0.06296000,Regular
FLOCKUSDT,2026-05-15 12:00:00.001,5e-05,0.06702561,Regular
FLOCKUSDT,2026-05-15 16:00:00.012,5e-05,0.06300000,Regular
FLOCKUSDT,2026-05-15 20:00:00.001,5e-05,0.06466500,Regular
FLOCKUSDT,2026-05-16 00:00:00.005,5e-05,0.06618000,Regular
FLOCKUSDT,2026-05-16 04:00:00.000,5e-05,0.06412000,Regular
FLOCKUSDT,2026-05-16 08:00:00.000,5e-05,0.06231755,Regular
FLOCKUSDT,2026-05-16 12:00:00.002,5e-05,0.06173650,Regular
FLOCKUSDT,2026-05-16 16:00:00.005,5e-05,0.06328000,Regular
FLOCKUSDT,2026-05-16 20:00:00.000,5e-05,0.06313000,Regular
FLOCKUSDT,2026-05-17 00:00:00.000,5e-05,0.06277038,Regular
FLOCKUSDT,2026-05-17 04:00:00.012,5e-05,0.06201000,Regular
FLOCKUSDT,2026-05-17 08:00:00.010,5e-05,0.06543141,Regular
FLOCKUSDT,2026-05-17 12:00:00.014,5e-05,0.06518000,Regular
FLOCKUSDT,2026-05-17 16:00:00.009,5e-05,0.06607000,Regular
FLOCKUSDT,2026-05-17 20:00:00.002,5e-05,0.06553000,Regular
FLOCKUSDT,2026-05-18 00:00:00.007,5e-05,0.06399273,Regular
FLOCKUSDT,2026-05-18 04:00:00.000,5e-05,0.06437615,Regular
FLOCKUSDT,2026-05-18 08:00:00.002,3.031e-05,0.06819000,Regular
FLOCKUSDT,2026-05-18 12:00:00.001,5e-05,0.06804000,Regular
FLOCKUSDT,2026-05-18 16:00:00.007,5e-05,0.06913215,Regular
FLOCKUSDT,2026-05-18 20:00:00.000,5e-05,0.06982147,Regular
FLOCKUSDT,2026-05-19 00:00:00.001,5e-05,0.06862000,Regular
FLOCKUSDT,2026-05-19 04:00:00.003,5e-05,0.06750000,Regular
FLOCKUSDT,2026-05-19 08:00:00.001,5e-05,0.06763000,Regular
FLOCKUSDT,2026-05-19 12:00:00.000,5e-05,0.06605091,Regular
FLOCKUSDT,2026-05-19 16:00:00.009,5e-05,0.06672000,Regular
FLOCKUSDT,2026-05-19 20:00:00.001,5e-05,0.06829965,Regular
FLOCKUSDT,2026-05-20 00:00:00.001,5e-05,0.06740000,Regular
FLOCKUSDT,2026-05-20 04:00:00.001,5e-05,0.07127233,Regular
FLOCKUSDT,2026-05-20 08:00:00.006,5e-05,0.07194121,Regular
FLOCKUSDT,2026-05-20 12:00:00.001,5e-05,0.07027000,Regular
FLOCKUSDT,2026-05-20 16:00:00.000,5e-05,0.06995653,Regular
FLOCKUSDT,2026-05-20 20:00:00.019,5e-05,0.06957000,Regular
FLOCKUSDT,2026-05-21 00:00:00.001,5e-05,0.07070000,Regular
FLOCKUSDT,2026-05-21 04:00:00.000,5e-05,0.07144000,Regular
FLOCKUSDT,2026-05-21 08:00:00.000,5e-05,0.07024833,Regular
FLOCKUSDT,2026-05-21 12:00:00.000,5e-05,0.06955600,Regular
FLOCKUSDT,2026-05-21 16:00:00.000,5e-05,0.06974261,Regular
FLOCKUSDT,2026-05-21 20:00:00.001,5e-05,0.06973676,Regular
FLOCKUSDT,2026-05-22 00:00:00.000,5e-05,0.07018292,Regular
FLOCKUSDT,2026-05-22 04:00:00.000,5e-05,0.06858377,Regular
FLOCKUSDT,2026-05-22 08:00:00.004,5e-05,0.06918000,Regular
FLOCKUSDT,2026-05-22 12:00:00.000,5e-05,0.06834000,Regular
FLOCKUSDT,2026-05-22 16:00:00.001,5e-05,0.06809000,Regular
FLOCKUSDT,2026-05-22 20:00:00.002,5e-05,0.06548365,Regular
FLOCKUSDT,2026-05-23 00:00:00.009,5e-05,0.06387164,Regular
FLOCKUSDT,2026-05-23 04:00:00.006,5e-05,0.06586636,Regular
FLOCKUSDT,2026-05-23 08:00:00.001,5e-05,0.06483000,Regular
FLOCKUSDT,2026-05-23 12:00:00.000,5e-05,0.06736000,Regular
FLOCKUSDT,2026-05-23 16:00:00.003,5e-05,0.06842988,Regular
FLOCKUSDT,2026-05-23 20:00:00.007,5e-05,0.06796000,Regular
FLOCKUSDT,2026-05-24 00:00:00.011,5e-05,0.06845000,Regular
FLOCKUSDT,2026-05-24 04:00:00.001,5e-05,0.06746000,Regular
FLOCKUSDT,2026-05-24 08:00:00.008,5e-05,0.06689000,Regular
FLOCKUSDT,2026-05-24 12:00:00.001,5e-05,0.06710909,Regular
FLOCKUSDT,2026-05-24 16:00:00.000,5e-05,0.06654617,Regular
FLOCKUSDT,2026-05-24 20:00:00.002,5e-05,0.06581091,Regular
FLOCKUSDT,2026-05-25 00:00:00.001,5e-05,0.06558600,Regular
FLOCKUSDT,2026-05-25 04:00:00.000,5e-05,0.06516500,Regular
FLOCKUSDT,2026-05-25 08:00:00.001,5e-05,0.06694500,Regular
FLOCKUSDT,2026-05-25 12:00:00.008,5e-05,0.06582850,Regular
FLOCKUSDT,2026-05-25 16:00:00.001,5e-05,0.06717500,Regular
FLOCKUSDT,2026-05-25 20:00:00.000,5e-05,0.06759000,Regular
FLOCKUSDT,2026-05-26 00:00:00.000,5e-05,0.06778409,Regular
FLOCKUSDT,2026-05-26 04:00:00.003,5e-05,0.06523000,Regular
FLOCKUSDT,2026-05-26 08:00:00.003,5e-05,0.06542867,Regular
FLOCKUSDT,2026-05-26 12:00:00.000,5e-05,0.06838786,Regular
FLOCKUSDT,2026-05-26 16:00:00.000,5e-05,0.06668000,Regular
FLOCKUSDT,2026-05-26 20:00:00.000,5e-05,0.06635230,Regular
FLOCKUSDT,2026-05-27 00:00:00.000,5e-05,0.06650058,Regular
FLOCKUSDT,2026-05-27 04:00:00.002,5e-05,0.06504488,Regular
FLOCKUSDT,2026-05-27 08:00:00.004,5e-05,0.06603150,Regular
FLOCKUSDT,2026-05-27 12:00:00.007,5e-05,0.06476000,Regular
FLOCKUSDT,2026-05-27 16:00:00.009,5e-05,0.06431000,Regular
FLOCKUSDT,2026-05-27 20:00:00.001,5e-05,0.06335000,Regular
FLOCKUSDT,2026-05-28 00:00:00.001,5e-05,0.06205000,Regular
FLOCKUSDT,2026-05-28 04:00:00.000,5e-05,0.05749000,Regular
FLOCKUSDT,2026-05-28 08:00:00.000,5e-05,0.05731727,Regular
FLOCKUSDT,2026-05-28 12:00:00.000,5e-05,0.05695000,Regular
FLOCKUSDT,2026-05-28 16:00:00.001,5e-05,0.05633000,Regular
FLOCKUSDT,2026-05-28 20:00:00.005,5e-05,0.05726000,Regular
FLOCKUSDT,2026-05-29 00:00:00.000,5e-05,0.05732785,Regular
FLOCKUSDT,2026-05-29 04:00:00.000,5e-05,0.05579783,Regular
FLOCKUSDT,2026-05-29 08:00:00.001,5e-05,0.05637727,Regular
FLOCKUSDT,2026-05-29 12:00:00.001,5e-05,0.05532000,Regular
FLOCKUSDT,2026-05-29 16:00:00.008,5e-05,0.05658618,Regular
FLOCKUSDT,2026-05-29 20:00:00.000,5e-05,0.05544290,Regular
FLOCKUSDT,2026-05-30 00:00:00.000,5e-05,0.05610130,Regular
FLOCKUSDT,2026-05-30 04:00:00.004,5e-05,0.05604000,Regular
FLOCKUSDT,2026-05-30 08:00:00.001,5e-05,0.05608398,Regular
FLOCKUSDT,2026-05-30 12:00:00.000,5e-05,0.05558000,Regular
FLOCKUSDT,2026-05-30 16:00:00.000,5e-05,0.05560164,Regular
FLOCKUSDT,2026-05-30 20:00:00.000,5e-05,0.05595000,Regular
FLOCKUSDT,2026-05-31 00:00:00.000,5e-05,0.05587479,Regular
FLOCKUSDT,2026-05-31 04:00:00.006,5e-05,0.05724712,Regular
FLOCKUSDT,2026-05-31 08:00:00.000,5e-05,0.05640000,Regular
FLOCKUSDT,2026-05-31 12:00:00.005,5e-05,0.05623727,Regular
FLOCKUSDT,2026-05-31 16:00:00.004,5e-05,0.05556411,Regular
FLOCKUSDT,2026-05-31 20:00:00.010,5e-05,0.05442091,Regular
FLOCKUSDT,2026-06-01 00:00:00.001,5e-05,0.05542062,Regular
FLOCKUSDT,2026-06-01 04:00:00.006,5e-05,0.05624122,Regular
FLOCKUSDT,2026-06-01 08:00:00.001,5e-05,0.05349000,Regular
FLOCKUSDT,2026-06-01 12:00:00.000,5e-05,0.05330636,Regular
FLOCKUSDT,2026-06-01 16:00:00.000,5e-05,0.05333818,Regular
FLOCKUSDT,2026-06-01 20:00:00.000,5e-05,0.05501000,Regular
FLOCKUSDT,2026-06-02 00:00:00.000,5e-05,0.05590400,Regular
FLOCKUSDT,2026-06-02 04:00:00.008,5e-05,0.05601182,Regular
FLOCKUSDT,2026-06-02 08:00:00.000,5e-05,0.05444200,Regular
FLOCKUSDT,2026-06-02 12:00:00.002,5e-05,0.05407150,Regular
FLOCKUSDT,2026-06-02 16:00:00.000,5e-05,0.05148000,Regular
FLOCKUSDT,2026-06-02 20:00:00.000,5e-05,0.05100455,Regular
FLOCKUSDT,2026-06-03 00:00:00.013,5e-05,0.05030114,Regular
FLOCKUSDT,2026-06-03 04:00:00.000,5e-05,0.04958695,Regular
FLOCKUSDT,2026-06-03 08:00:00.000,5e-05,0.05174867,Regular
FLOCKUSDT,2026-06-03 12:00:00.000,5e-05,0.05173755,Regular
FLOCKUSDT,2026-06-03 16:00:00.001,5e-05,0.05082017,Regular
FLOCKUSDT,2026-06-03 20:00:00.002,5e-05,0.04969000,Regular
FLOCKUSDT,2026-06-04 00:00:00.009,5e-05,0.04893965,Regular
FLOCKUSDT,2026-06-04 04:00:00.000,5e-05,0.04730000,Regular
FLOCKUSDT,2026-06-04 08:00:00.000,5e-05,0.04528000,Regular
FLOCKUSDT,2026-06-04 12:00:00.002,5e-05,0.04418000,Regular
FLOCKUSDT,2026-06-04 16:00:00.003,5e-05,0.04560000,Regular
FLOCKUSDT,2026-06-04 20:00:00.001,5e-05,0.04562118,Regular
FLOCKUSDT,2026-06-05 00:00:00.000,5e-05,0.04452000,Regular
FLOCKUSDT,2026-06-05 04:00:00.001,5e-05,0.04260000,Regular
FLOCKUSDT,2026-06-05 08:00:00.004,5e-05,0.04181233,Regular
FLOCKUSDT,2026-06-05 12:00:00.000,5e-05,0.04172300,Regular
FLOCKUSDT,2026-06-05 16:00:00.009,5e-05,0.04022000,Regular
FLOCKUSDT,2026-06-05 20:00:00.000,5e-05,0.04021000,Regular
FLOCKUSDT,2026-06-06 00:00:00.000,5e-05,0.04056000,Regular
FLOCKUSDT,2026-06-06 04:00:00.000,5e-05,0.03975273,Regular
FLOCKUSDT,2026-06-06 08:00:00.000,5e-05,0.03959000,Regular
FLOCKUSDT,2026-06-06 12:00:00.002,5e-05,0.03943000,Regular
FLOCKUSDT,2026-06-06 16:00:00.000,5e-05,0.03950273,Regular
FLOCKUSDT,2026-06-06 20:00:00.003,5e-05,0.03885200,Regular
FLOCKUSDT,2026-06-07 00:00:00.001,5e-05,0.03937056,Regular
FLOCKUSDT,2026-06-07 04:00:00.000,5e-05,0.03959000,Regular
FLOCKUSDT,2026-06-07 08:00:00.000,5e-05,0.03994667,Regular
FLOCKUSDT,2026-06-07 12:00:00.000,5e-05,0.03990273,Regular
FLOCKUSDT,2026-06-07 16:00:00.000,5e-05,0.03937256,Regular
FLOCKUSDT,2026-06-07 20:00:00.000,5e-05,0.03756000,Regular
FLOCKUSDT,2026-06-08 00:00:00.000,5e-05,0.03911585,Regular
FLOCKUSDT,2026-06-08 04:00:00.009,5e-05,0.03950083,Regular
FLOCKUSDT,2026-06-08 08:00:00.005,5e-05,0.03981000,Regular
FLOCKUSDT,2026-06-08 12:00:00.001,5e-05,0.04049000,Regular
FLOCKUSDT,2026-06-08 16:00:00.004,5e-05,0.04010000,Regular
FLOCKUSDT,2026-06-08 20:00:00.000,5e-05,0.03971000,Regular
FLOCKUSDT,2026-06-09 00:00:00.000,5e-05,0.03937000,Regular
FLOCKUSDT,2026-06-09 04:00:00.003,5e-05,0.03711000,Regular
FLOCKUSDT,2026-06-09 08:00:00.000,5e-05,0.03749273,Regular
FLOCKUSDT,2026-06-09 12:00:00.000,5e-05,0.03832000,Regular
FLOCKUSDT,2026-06-09 16:00:00.001,5e-05,0.03744182,Regular
FLOCKUSDT,2026-06-09 20:00:00.000,5e-05,0.03850000,Regular
FLOCKUSDT,2026-06-10 00:00:00.001,5e-05,0.03811000,Regular
FLOCKUSDT,2026-06-10 04:00:00.002,5e-05,0.03732006,Regular
FLOCKUSDT,2026-06-10 08:00:00.011,5e-05,0.03826415,Regular
FLOCKUSDT,2026-06-10 12:00:00.002,5e-05,0.03805000,Regular
FLOCKUSDT,2026-06-10 16:00:00.009,5e-05,0.03941600,Regular
FLOCKUSDT,2026-06-10 20:00:00.003,5e-05,0.03861727,Regular
FLOCKUSDT,2026-06-11 00:00:00.000,5e-05,0.03781588,Regular
FLOCKUSDT,2026-06-11 04:00:00.000,5e-05,0.03906000,Regular
FLOCKUSDT,2026-06-11 08:00:00.004,5e-05,0.03861000,Regular
FLOCKUSDT,2026-06-11 12:00:00.005,5e-05,0.03879000,Regular
FLOCKUSDT,2026-06-11 16:00:00.000,5e-05,0.03888052,Regular
FLOCKUSDT,2026-06-11 20:00:00.014,5e-05,0.03947182,Regular
FLOCKUSDT,2026-06-12 00:00:00.000,5e-05,0.03916000,Regular
FLOCKUSDT,2026-06-12 04:00:00.000,5e-05,0.04004000,Regular
FLOCKUSDT,2026-06-12 08:00:00.000,5e-05,0.04075205,Regular
FLOCKUSDT,2026-06-12 12:00:00.000,5e-05,0.04079636,Regular
FLOCKUSDT,2026-06-12 16:00:00.000,5e-05,0.04043000,Regular
FLOCKUSDT,2026-06-12 20:00:00.000,5e-05,0.04055000,Regular
FLOCKUSDT,2026-06-13 00:00:00.000,5e-05,0.04107527,Regular
FLOCKUSDT,2026-06-13 04:00:00.000,5e-05,0.04116233,Regular
FLOCKUSDT,2026-06-13 08:00:00.007,5e-05,0.04195636,Regular
FLOCKUSDT,2026-06-13 12:00:00.004,5e-05,0.04275273,Regular
FLOCKUSDT,2026-06-13 16:00:00.002,5e-05,0.04287000,Regular
FLOCKUSDT,2026-06-13 20:00:00.004,5e-05,0.04254267,Regular
FLOCKUSDT,2026-06-14 00:00:00.005,5e-05,0.04249000,Regular
FLOCKUSDT,2026-06-14 04:00:00.012,5e-05,0.04265000,Regular
FLOCKUSDT,2026-06-14 08:00:00.009,5e-05,0.04163500,Regular
FLOCKUSDT,2026-06-14 12:00:00.000,5e-05,0.04188970,Regular
FLOCKUSDT,2026-06-14 16:00:00.000,5e-05,0.04008667,Regular
FLOCKUSDT,2026-06-14 20:00:00.010,5e-05,0.04025000,Regular
FLOCKUSDT,2026-06-15 00:00:00.013,5e-05,0.04180383,Regular
FLOCKUSDT,2026-06-15 04:00:00.001,5e-05,0.04136000,Regular
FLOCKUSDT,2026-06-15 08:00:00.013,5e-05,0.04074817,Regular
FLOCKUSDT,2026-06-15 12:00:00.000,5e-05,0.04161000,Regular
FLOCKUSDT,2026-06-15 16:00:00.004,5e-05,0.04221000,Regular
FLOCKUSDT,2026-06-15 20:00:00.002,5e-05,0.04087852,Regular
FLOCKUSDT,2026-06-16 00:00:00.000,5e-05,0.04125148,Regular
FLOCKUSDT,2026-06-16 04:00:00.000,5e-05,0.04097500,Regular
FLOCKUSDT,2026-06-16 08:00:00.000,5e-05,0.04064150,Regular
FLOCKUSDT,2026-06-16 12:00:00.000,5e-05,0.04078000,Regular
FLOCKUSDT,2026-06-16 16:00:00.001,5e-05,0.03981000,Regular
FLOCKUSDT,2026-06-16 20:00:00.000,5e-05,0.03973000,Regular
FLOCKUSDT,2026-06-17 00:00:00.012,5e-05,0.03987759,Regular
FLOCKUSDT,2026-06-17 04:00:00.000,5e-05,0.04052450,Regular
FLOCKUSDT,2026-06-17 08:00:00.000,5e-05,0.04025724,Regular
FLOCKUSDT,2026-06-17 12:00:00.000,5e-05,0.03995000,Regular
FLOCKUSDT,2026-06-17 16:00:00.000,5e-05,0.04107388,Regular
FLOCKUSDT,2026-06-17 20:00:00.000,5e-05,0.04007364,Regular
FLOCKUSDT,2026-06-18 00:00:00.002,5e-05,0.04081000,Regular
FLOCKUSDT,2026-06-18 04:00:00.000,5e-05,0.03991707,Regular
FLOCKUSDT,2026-06-18 08:00:00.000,5e-05,0.03978855,Regular
FLOCKUSDT,2026-06-18 12:00:00.004,5e-05,0.03900133,Regular
FLOCKUSDT,2026-06-18 16:00:00.001,5e-05,0.03725000,Regular
FLOCKUSDT,2026-06-18 20:00:00.000,5e-05,0.03782108,Regular
FLOCKUSDT,2026-06-19 00:00:00.005,5e-05,0.03776000,Regular
FLOCKUSDT,2026-06-19 04:00:00.000,5e-05,0.03765380,Regular
FLOCKUSDT,2026-06-19 08:00:00.001,5e-05,0.03806915,Regular
FLOCKUSDT,2026-06-19 12:00:00.000,5e-05,0.03791310,Regular
FLOCKUSDT,2026-06-19 16:00:00.001,5e-05,0.03831000,Regular
FLOCKUSDT,2026-06-19 20:00:00.000,5e-05,0.03823000,Regular
FLOCKUSDT,2026-06-20 00:00:00.001,5e-05,0.03849000,Regular
FLOCKUSDT,2026-06-20 04:00:00.000,5e-05,0.03820517,Regular
FLOCKUSDT,2026-06-20 08:00:00.000,5e-05,0.03806000,Regular
FLOCKUSDT,2026-06-20 12:00:00.001,5e-05,0.03837000,Regular
FLOCKUSDT,2026-06-20 16:00:00.001,5e-05,0.03853000,Regular
FLOCKUSDT,2026-06-20 20:00:00.000,5e-05,0.03867817,Regular
FLOCKUSDT,2026-06-21 00:00:00.000,5e-05,0.03887718,Regular
FLOCKUSDT,2026-06-21 04:00:00.000,5e-05,0.03875000,Regular
FLOCKUSDT,2026-06-21 08:00:00.000,5e-05,0.03855500,Regular
FLOCKUSDT,2026-06-21 12:00:00.001,5e-05,0.03871364,Regular
FLOCKUSDT,2026-06-21 16:00:00.000,5e-05,0.03940733,Regular
FLOCKUSDT,2026-06-21 20:00:00.004,5e-05,0.03882983,Regular
FLOCKUSDT,2026-06-22 00:00:00.000,5e-05,0.03779273,Regular
FLOCKUSDT,2026-06-22 04:00:00.000,5e-05,0.03831000,Regular
FLOCKUSDT,2026-06-22 08:00:00.000,5e-05,0.03823000,Regular
FLOCKUSDT,2026-06-22 12:00:00.000,5e-05,0.03858000,Regular
FLOCKUSDT,2026-06-22 16:00:00.002,5e-05,0.03834636,Regular
FLOCKUSDT,2026-06-22 20:00:00.000,5e-05,0.03768455,Regular
FLOCKUSDT,2026-06-23 00:00:00.003,5e-05,0.03688000,Regular
FLOCKUSDT,2026-06-23 04:00:00.000,5e-05,0.03707000,Regular
FLOCKUSDT,2026-06-23 08:00:00.005,5e-05,0.03502000,Regular
FLOCKUSDT,2026-06-23 12:00:00.000,5e-05,0.03417000,Regular
FLOCKUSDT,2026-06-23 16:00:00.002,5e-05,0.03411273,Regular
FLOCKUSDT,2026-06-23 20:00:00.000,5e-05,0.03418217,Regular
FLOCKUSDT,2026-06-24 00:00:00.005,5e-05,0.03437477,Regular
FLOCKUSDT,2026-06-24 08:00:00.005,5e-05,0.03450000,Regular
FLOCKUSDT,2026-06-24 12:00:00.005,5e-05,0.03496201,Regular
FLOCKUSDT,2026-06-24 16:00:00.003,5e-05,0.03331000,Regular
FLOCKUSDT,2026-06-24 20:00:00.006,5e-05,0.03275034,Regular
FLOCKUSDT,2026-06-25 00:00:00.000,5e-05,0.03345273,Regular
FLOCKUSDT,2026-06-25 04:00:00.008,5e-05,0.03406387,Regular
FLOCKUSDT,2026-06-25 08:00:00.000,5e-05,0.03423545,Regular
FLOCKUSDT,2026-06-25 12:00:00.006,5e-05,0.03541000,Regular
FLOCKUSDT,2026-06-25 16:00:00.000,5e-05,0.03253273,Regular
FLOCKUSDT,2026-06-25 20:00:00.011,5e-05,0.03251145,Regular
FLOCKUSDT,2026-06-26 00:00:00.010,5e-05,0.03341164,Regular
FLOCKUSDT,2026-06-26 04:00:00.001,5e-05,0.03294847,Regular
FLOCKUSDT,2026-06-26 08:00:00.002,5e-05,0.03456414,Regular
FLOCKUSDT,2026-06-26 12:00:00.004,5e-05,0.03379000,Regular
FLOCKUSDT,2026-06-26 16:00:00.000,5e-05,0.03410868,Regular
FLOCKUSDT,2026-06-26 20:00:00.000,5e-05,0.03403000,Regular
FLOCKUSDT,2026-06-27 00:00:00.000,5e-05,0.03410573,Regular
FLOCKUSDT,2026-06-27 04:00:00.000,5e-05,0.03455000,Regular
FLOCKUSDT,2026-06-27 08:00:00.000,5e-05,0.03434400,Regular
FLOCKUSDT,2026-06-27 12:00:00.001,5e-05,0.03422500,Regular
FLOCKUSDT,2026-06-27 16:00:00.009,5e-05,0.03433862,Regular
FLOCKUSDT,2026-06-27 20:00:00.000,5e-05,0.03353500,Regular
FLOCKUSDT,2026-06-28 00:00:00.000,5e-05,0.03346000,Regular
FLOCKUSDT,2026-06-28 04:00:00.002,5e-05,0.03414500,Regular
FLOCKUSDT,2026-06-28 08:00:00.013,5e-05,0.03399367,Regular
FLOCKUSDT,2026-06-28 12:00:00.008,5e-05,0.03398000,Regular
FLOCKUSDT,2026-06-28 16:00:00.000,5e-05,0.03362000,Regular
FLOCKUSDT,2026-06-28 20:00:00.003,5e-05,0.03311000,Regular
FLOCKUSDT,2026-06-29 00:00:00.006,5e-05,0.03290727,Regular
FLOCKUSDT,2026-06-29 04:00:00.000,5e-05,0.03325821,Regular
FLOCKUSDT,2026-06-29 08:00:00.013,5e-05,0.03305000,Regular
FLOCKUSDT,2026-06-29 12:00:00.001,5e-05,0.03322217,Regular
FLOCKUSDT,2026-06-29 16:00:00.004,5e-05,0.03270167,Regular
FLOCKUSDT,2026-06-29 20:00:00.000,5e-05,0.03350000,Regular
FLOCKUSDT,2026-06-30 00:00:00.000,5e-05,0.03314000,Regular
FLOCKUSDT,2026-06-30 04:00:00.000,5e-05,0.03291636,Regular
FLOCKUSDT,2026-06-30 08:00:00.000,5e-05,0.03268000,Regular
FLOCKUSDT,2026-06-30 12:00:00.002,5e-05,0.03208909,Regular
FLOCKUSDT,2026-06-30 16:00:00.005,5e-05,0.03217000,Regular
FLOCKUSDT,2026-06-30 20:00:00.003,5e-05,0.03188000,Regular
FLOCKUSDT,2026-07-01 00:00:00.000,5e-05,0.03181000,Regular
FLOCKUSDT,2026-07-01 04:00:00.001,5e-05,0.03202000,Regular
FLOCKUSDT,2026-07-01 08:00:00.000,5e-05,0.03188427,Regular
FLOCKUSDT,2026-07-01 12:00:00.000,5e-05,0.03159000,Regular
FLOCKUSDT,2026-07-01 16:00:00.000,5e-05,0.03283414,Regular
FLOCKUSDT,2026-07-01 20:00:00.000,5e-05,0.03242867,Regular
FLOCKUSDT,2026-07-02 00:00:00.000,5e-05,0.03301650,Regular
FLOCKUSDT,2026-07-02 04:00:00.003,5e-05,0.03329000,Regular
FLOCKUSDT,2026-07-02 08:00:00.000,5e-05,0.03335000,Regular
FLOCKUSDT,2026-07-02 12:00:00.005,9.22e-05,0.03550203,Regular
FLOCKUSDT,2026-07-02 16:00:00.000,5e-05,0.03544000,Regular
FLOCKUSDT,2026-07-02 20:00:00.008,5e-05,0.03438717,Regular
FLOCKUSDT,2026-07-03 00:00:00.000,5e-05,0.03458000,Regular
FLOCKUSDT,2026-07-03 04:00:00.000,5e-05,0.03566000,Regular
FLOCKUSDT,2026-07-03 08:00:00.007,5e-05,0.03533000,Regular
FLOCKUSDT,2026-07-03 12:00:00.002,5e-05,0.03558000,Regular
FLOCKUSDT,2026-07-03 16:00:00.000,5e-05,0.03546033,Regular
FLOCKUSDT,2026-07-03 20:00:00.001,5e-05,0.03546000,Regular
FLOCKUSDT,2026-07-04 00:00:00.000,5e-05,0.03558966,Regular
FLOCKUSDT,2026-07-04 04:00:00.006,5e-05,0.03551967,Regular
FLOCKUSDT,2026-07-04 08:00:00.000,5e-05,0.03639000,Regular
FLOCKUSDT,2026-07-04 12:00:00.000,5e-05,0.03648368,Regular
FLOCKUSDT,2026-07-04 16:00:00.007,5e-05,0.03697000,Regular
FLOCKUSDT,2026-07-04 20:00:00.000,5e-05,0.03695000,Regular
FLOCKUSDT,2026-07-05 00:00:00.003,5e-05,0.03629000,Regular
FLOCKUSDT,2026-07-05 04:00:00.002,4.407e-05,0.03532818,Regular
FLOCKUSDT,2026-07-05 08:00:00.001,5e-05,0.03493233,Regular
FLOCKUSDT,2026-07-05 12:00:00.000,5e-05,0.03483000,Regular
FLOCKUSDT,2026-07-05 16:00:00.000,5e-05,0.03487000,Regular
FLOCKUSDT,2026-07-05 20:00:00.000,5e-05,0.03472000,Regular
FLOCKUSDT,2026-07-06 00:00:00.000,0.00011301,0.03495636,Regular
FLOCKUSDT,2026-07-06 04:00:00.000,5e-05,0.03414000,Regular
FLOCKUSDT,2026-07-06 08:00:00.000,5e-05,0.03394000,Regular
FLOCKUSDT,2026-07-06 12:00:00.002,5e-05,0.03374077,Regular
FLOCKUSDT,2026-07-06 16:00:00.000,0.00032759,0.03423000,Regular
FLOCKUSDT,2026-07-06 20:00:00.003,5e-05,0.03428000,Regular
FLOCKUSDT,2026-07-07 00:00:00.000,5e-05,0.03433000,Regular
FLOCKUSDT,2026-07-07 04:00:00.000,5e-05,0.03347395,Regular
FLOCKUSDT,2026-07-07 08:00:00.000,5e-05,0.03346000,Regular
FLOCKUSDT,2026-07-07 12:00:00.010,5e-05,0.03328500,Regular
FLOCKUSDT,2026-07-07 16:00:00.000,5e-05,0.03324000,Regular
FLOCKUSDT,2026-07-07 20:00:00.000,5e-05,0.03258000,Regular
FLOCKUSDT,2026-07-08 00:00:00.000,5e-05,0.03225000,Regular
FLOCKUSDT,2026-07-08 04:00:00.003,5e-05,0.03194567,Regular
FLOCKUSDT,2026-07-08 08:00:00.000,5e-05,0.03202000,Regular
FLOCKUSDT,2026-07-08 12:00:00.005,5e-05,0.03191983,Regular
FLOCKUSDT,2026-07-08 16:00:00.000,5e-05,0.03147500,Regular
FLOCKUSDT,2026-07-08 20:00:00.006,5e-05,0.03154667,Regular
FLOCKUSDT,2026-07-09 00:00:00.000,5e-05,0.03167655,Regular
FLOCKUSDT,2026-07-09 04:00:00.002,5e-05,0.03156810,Regular
FLOCKUSDT,2026-07-09 08:00:00.001,5e-05,0.03198500,Regular
FLOCKUSDT,2026-07-09 12:00:00.002,5e-05,0.03212133,Regular
FLOCKUSDT,2026-07-09 16:00:00.001,5e-05,0.03203000,Regular
FLOCKUSDT,2026-07-09 20:00:00.000,5e-05,0.03218983,Regular
FLOCKUSDT,2026-07-10 00:00:00.000,5e-05,0.03184000,Regular
FLOCKUSDT,2026-07-10 04:00:00.000,5e-05,0.03272000,Regular
FLOCKUSDT,2026-07-10 08:00:00.005,5e-05,0.03277267,Regular
FLOCKUSDT,2026-07-10 12:00:00.002,5e-05,0.03256636,Regular
FLOCKUSDT,2026-07-10 16:00:00.005,5e-05,0.03274767,Regular
FLOCKUSDT,2026-07-10 20:00:00.000,5e-05,0.03274000,Regular
FLOCKUSDT,2026-07-11 00:00:00.000,5e-05,0.03301500,Regular
FLOCKUSDT,2026-07-11 04:00:00.000,5e-05,0.03317500,Regular
FLOCKUSDT,2026-07-11 08:00:00.000,5e-05,0.03271000,Regular
FLOCKUSDT,2026-07-11 12:00:00.008,5e-05,0.03327500,Regular
FLOCKUSDT,2026-07-11 16:00:00.000,5e-05,0.03327500,Regular
FLOCKUSDT,2026-07-11 20:00:00.000,5e-05,0.03333000,Regular
FLOCKUSDT,2026-07-12 00:00:00.000,-1.468e-05,0.03273000,Regular
FLOCKUSDT,2026-07-12 04:00:00.000,5e-05,0.03332727,Regular
FLOCKUSDT,2026-07-12 08:00:00.003,5e-05,0.03298000,Regular
FLOCKUSDT,2026-07-12 12:00:00.000,5e-05,0.03280591,Regular
FLOCKUSDT,2026-07-12 16:00:00.000,5e-05,0.03292103,Regular
FLOCKUSDT,2026-07-12 20:00:00.002,5e-05,0.03264000,Regular
FLOCKUSDT,2026-07-13 00:00:00.000,5e-05,0.03219000,Regular
FLOCKUSDT,2026-07-13 04:00:00.000,-0.00092607,0.03120933,Regular
FLOCKUSDT,2026-07-13 08:00:00.001,5e-05,0.03149167,Regular
FLOCKUSDT,2026-07-13 12:00:00.000,5e-05,0.03144000,Regular
FLOCKUSDT,2026-07-13 16:00:00.004,5e-05,0.03152636,Regular
FLOCKUSDT,2026-07-13 20:00:00.000,5e-05,0.03089636,Regular
FLOCKUSDT,2026-07-14 00:00:00.000,5e-05,0.03111000,Regular
FLOCKUSDT,2026-07-14 04:00:00.000,5e-05,0.03108000,Regular
FLOCKUSDT,2026-07-14 08:00:00.002,5e-05,0.03135000,Regular
FLOCKUSDT,2026-07-14 12:00:00.001,5e-05,0.03115550,Regular
FLOCKUSDT,2026-07-14 16:00:00.001,5e-05,0.03214167,Regular
FLOCKUSDT,2026-07-14 20:00:00.000,5e-05,0.03170517,Regular
FLOCKUSDT,2026-07-15 00:00:00.005,5e-05,0.03169500,Regular
FLOCKUSDT,2026-07-15 04:00:00.003,5e-05,0.03162317,Regular
FLOCKUSDT,2026-07-15 08:00:00.002,5e-05,0.03180000,Regular
FLOCKUSDT,2026-07-15 12:00:00.003,5e-05,0.03207500,Regular
FLOCKUSDT,2026-07-15 16:00:00.000,5e-05,0.03707683,Regular
FLOCKUSDT,2026-07-15 20:00:00.002,5e-05,0.03670000,Regular
FLOCKUSDT,2026-07-16 00:00:00.000,5e-05,0.03552000,Regular
FLOCKUSDT,2026-07-16 04:00:00.003,5e-05,0.03438000,Regular
FLOCKUSDT,2026-07-16 08:00:00.003,-0.00310463,0.03929106,Regular
FLOCKUSDT,2026-07-16 12:00:00.001,-0.00510782,0.03783000,Regular
FLOCKUSDT,2026-07-16 16:00:00.002,-0.00142479,0.03727000,Regular
FLOCKUSDT,2026-07-16 20:00:00.002,-0.00064917,0.03655000,Regular
FLOCKUSDT,2026-07-17 00:00:00.000,-0.00157842,0.03700071,Regular
FLOCKUSDT,2026-07-17 04:00:00.000,-0.00502778,0.03489000,Regular
FLOCKUSDT,2026-07-17 08:00:00.010,-0.00174011,0.03382000,Regular
FLOCKUSDT,2026-07-17 12:00:00.004,-0.00222925,0.03454770,Regular
FLOCKUSDT,2026-07-17 16:00:00.004,-0.0012702,0.03467450,Regular
FLOCKUSDT,2026-07-17 20:00:00.000,-0.00107832,0.03449000,Regular
FLOCKUSDT,2026-07-18 00:00:00.000,-0.00147388,0.03412000,Regular
FLOCKUSDT,2026-07-18 04:00:00.000,-0.00079743,0.03174000,Regular
FLOCKUSDT,2026-07-18 08:00:00.000,-0.00054164,0.03167000,Regular
FLOCKUSDT,2026-07-18 12:00:00.002,-0.00041873,0.03156000,Regular
FLOCKUSDT,2026-07-18 16:00:00.001,-0.00019919,0.03144000,Regular
FLOCKUSDT,2026-07-18 20:00:00.004,-0.0002506,0.03183000,Regular
FLOCKUSDT,2026-07-19 00:00:00.003,-5.706e-05,0.03191000,Regular
FLOCKUSDT,2026-07-19 04:00:00.000,-0.00016755,0.03146224,Regular
FLOCKUSDT,2026-07-19 08:00:00.000,-0.00015105,0.03224000,Regular
FLOCKUSDT,2026-07-19 12:00:00.000,-0.00019382,0.03161000,Regular
FLOCKUSDT,2026-07-19 16:00:00.001,-1.631e-05,0.03139000,Regular
FLOCKUSDT,2026-07-19 20:00:00.004,4.486e-05,0.03147000,Regular
FLOCKUSDT,2026-07-20 00:00:00.000,5e-05,0.03166658,Regular
FLOCKUSDT,2026-07-20 04:00:00.000,5e-05,0.03105000,Regular
FLOCKUSDT,2026-07-20 08:00:00.001,-0.00013754,0.03045000,Regular
FLOCKUSDT,2026-07-20 12:00:00.000,-9.96e-05,0.03110000,Regular
FLOCKUSDT,2026-07-20 16:00:00.004,4.211e-05,0.03099000,Regular
FLOCKUSDT,2026-07-20 20:00:00.002,-2.446e-05,0.03133000,Regular
FLOCKUSDT,2026-07-21 00:00:00.001,2.568e-05,0.03141000,Regular
FLOCKUSDT,2026-07-21 04:00:00.000,5e-05,0.03208000,Regular
FLOCKUSDT,2026-07-21 08:00:00.000,5e-05,0.03224100,Regular
FLOCKUSDT,2026-07-21 12:00:00.000,5e-05,0.03229200,Regular
FLOCKUSDT,2026-07-21 16:00:00.002,5e-05,0.03210000,Regular
FLOCKUSDT,2026-07-21 20:00:00.000,5e-05,0.03219000,Regular
FLOCKUSDT,2026-07-22 00:00:00.000,2.49e-06,0.03212000,Regular
FLOCKUSDT,2026-07-22 04:00:00.008,-0.00026802,0.03206955,Regular
FLOCKUSDT,2026-07-22 08:00:00.000,-3.476e-05,0.03173000,Regular
FLOCKUSDT,2026-07-22 12:00:00.000,-0.00023672,0.03183000,Regular
FLOCKUSDT,2026-07-22 16:00:00.001,2.09e-05,0.03280000,Regular
FLOCKUSDT,2026-07-22 20:00:00.000,5e-05,0.03224139,Regular
FLOCKUSDT,2026-07-23 00:00:00.000,5e-05,0.03210067,Regular
FLOCKUSDT,2026-07-23 04:00:00.006,5e-05,0.03203900,Regular
FLOCKUSDT,2026-07-23 08:00:00.000,5e-05,0.03213783,Regular
FLOCKUSDT,2026-07-23 12:00:00.000,-6.715e-05,0.03197000,Regular
FLOCKUSDT,2026-07-23 16:00:00.000,5e-05,0.03187750,Regular
FLOCKUSDT,2026-07-23 20:00:00.000,5e-05,0.03172400,Regular
FLOCKUSDT,2026-07-24 00:00:00.000,5e-05,0.03149117,Regular
FLOCKUSDT,2026-07-24 04:00:00.001,5e-05,0.03191000,Regular
FLOCKUSDT,2026-07-24 08:00:00.000,5e-05,0.03202500,Regular
FLOCKUSDT,2026-07-24 12:00:00.000,5e-05,0.03173000,Regular
FLOCKUSDT,2026-07-24 16:00:00.008,5e-05,0.03086324,Regular
FLOCKUSDT,2026-07-24 20:00:00.001,5e-05,0.03050733,Regular
FLOCKUSDT,2026-07-25 00:00:00.002,-8.82e-05,0.03057000,Regular
FLOCKUSDT,2026-07-25 04:00:00.000,5e-05,0.03044000,Regular
FLOCKUSDT,2026-07-25 08:00:00.000,5e-05,0.03029364,Regular
FLOCKUSDT,2026-07-25 12:00:00.000,5e-05,0.03045500,Regular
FLOCKUSDT,2026-07-25 16:00:00.000,5e-05,0.03060000,Regular
FLOCKUSDT,2026-07-25 20:00:00.003,5e-05,0.03072500,Regular
FLOCKUSDT,2026-07-26 00:00:00.000,5e-05,0.03078000,Regular
FLOCKUSDT,2026-07-26 04:00:00.000,5e-05,0.03058000,Regular
FLOCKUSDT,2026-07-26 08:00:00.002,5e-05,0.03089000,Regular
FLOCKUSDT,2026-07-26 12:00:00.000,-2.192e-05,0.03119000,Regular
FLOCKUSDT,2026-07-26 16:00:00.000,5e-05,0.03147000,Regular
FLOCKUSDT,2026-07-26 20:00:00.000,5e-05,0.03122067,Regular
FLOCKUSDT,2026-07-27 00:00:00.010,5e-05,0.03169117,Regular
FLOCKUSDT,2026-07-27 04:00:00.000,5e-05,0.03167683,Regular
FLOCKUSDT,2026-07-27 08:00:00.000,5e-05,0.03155333,Regular
FLOCKUSDT,2026-07-27 12:00:00.000,5e-05,0.03084500,Regular
FLOCKUSDT,2026-07-27 16:00:00.001,-0.0005714,0.03014879,Regular
FLOCKUSDT,2026-07-27 20:00:00.004,5e-05,0.03038000,Regular
FLOCKUSDT,2026-07-28 00:00:00.000,1.765e-05,0.02932152,Regular
FLOCKUSDT,2026-07-28 04:00:00.012,5e-05,0.02895000,Regular
FLOCKUSDT,2026-07-28 08:00:00.000,0.0003832,0.02896267,Regular
FLOCKUSDT,2026-07-28 12:00:00.001,5e-05,0.02883000,Regular
FLOCKUSDT,2026-07-28 16:00:00.000,5e-05,0.02906000,Regular
FLOCKUSDT,2026-07-28 20:00:00.000,0.00042504,0.02906000,Regular
FLOCKUSDT,2026-07-29 00:00:00.000,-0.00023543,0.02907833,Regular
FLOCKUSDT,2026-07-29 04:00:00.000,5e-05,0.02759250,Regular
FLOCKUSDT,2026-07-29 08:00:00.002,5e-05,0.02816273,Regular
FLOCKUSDT,2026-07-29 12:00:00.007,5e-05,0.02806000,Regular
FLOCKUSDT,2026-07-29 16:00:00.000,5e-05,0.02788580,Regular
FLOCKUSDT,2026-07-29 20:00:00.003,5e-05,0.02780000,Regular
FLOCKUSDT,2026-07-30 00:00:00.000,5e-05,0.02795000,Regular
FLOCKUSDT,2026-07-30 04:00:00.001,0.00072424,0.02819828,Regular
FLOCKUSDT,2026-07-30 08:00:00.000,5e-05,0.02907033,Regular
FLOCKUSDT,2026-07-30 12:00:00.000,5e-05,0.02867158,Regular
FLOCKUSDT,2026-07-30 16:00:00.000,5e-05,0.02909767,Regular
FLOCKUSDT,2026-07-30 20:00:00.003,5e-05,0.02884000,Regular
FLOCKUSDT,2026-07-31 00:00:00.003,5e-05,0.02882000,Regular
FLOCKUSDT,2026-07-31 04:00:00.000,5e-05,0.02873883,Regular
FLOCKUSDT,2026-07-31 08:00:00.000,5e-05,0.02876883,Regular
FLOCKUSDT,2026-07-31 12:00:00.000,5.037e-05,0.02872544,Regular
FLOCKUSDT,2026-07-31 16:00:00.000,5e-05,0.02846000,Regular
FLOCKUSDT,2026-07-31 20:00:00.001,5e-05,0.02846842,Regular
FLOCKUSDT,2026-08-01 00:00:00.001,5e-05,0.02845600,Regular
FLOCKUSDT,2026-08-01 04:00:00.000,5e-05,0.02871150,Regular
FLOCKUSDT,2026-08-01 08:00:00.000,5e-05,0.02881000,Regular
FLOCKUSDT,2026-08-01 12:00:00.000,5e-05,0.02856517,Regular
FLOCKUSDT,2026-08-01 16:00:00.000,5e-05,0.02845000,Regular
FLOCKUSDT,2026-08-01 20:00:00.000,5e-05,0.02873533,Regular
FLOCKUSDT,2026-08-02 00:00:00.000,5e-05,0.02836000,Regular
FLOCKUSDT,2026-08-02 04:00:00.000,5e-05,0.02845873,Regular
FLOCKUSDT,2026-08-02 08:00:00.000,5e-05,0.02834000,Regular
FLOCKUSDT,2026-08-02 12:00:00.007,5e-05,0.02834717,Regular
FLOCKUSDT,2026-08-02 16:00:00.000,5e-05,0.02825000,Regular
FLOCKUSDT,2026-08-02 20:00:00.002,5e-05,0.02833000,Regular
FLOCKUSDT,2026-08-03 00:00:00.000,5e-05,0.02812000,Regular
FLOCKUSDT,2026-08-03 04:00:00.000,5e-05,0.02770000,Regular
FLOCKUSDT,2026-08-03 08:00:00.000,5e-05,0.02776494,Regular
FLOCKUSDT,2026-08-03 12:00:00.000,5e-05,0.02740082,Regular
FLOCKUSDT,2026-08-03 16:00:00.000,0.00025843,0.02800311,Regular
FLOCKUSDT,2026-08-03 20:00:00.003,5e-05,0.02822273,Regular
FLOCKUSDT,2026-08-04 00:00:00.004,5e-05,0.02780350,Regular
FLOCKUSDT,2026-08-04 04:00:00.002,5e-05,0.02802636,Regular
FLOCKUSDT,2026-08-04 08:00:00.002,5e-05,0.02776273,Regular
FLOCKUSDT,2026-08-04 12:00:00.002,5e-05,0.02758000,Regular
FLOCKUSDT,2026-08-04 16:00:00.000,5e-05,0.02753000,Regular
FLOCKUSDT,2026-08-04 20:00:00.000,5e-05,0.02763832,Regular
FLOCKUSDT,2026-08-05 00:00:00.003,5e-05,0.02762000,Regular
FLOCKUSDT,2026-08-05 04:00:00.001,5e-05,0.02778400,Regular
FLOCKUSDT,2026-08-05 08:00:00.004,5e-05,0.02825633,Regular
FLOCKUSDT,2026-08-05 12:00:00.008,5e-05,0.02831000,Regular
FLOCKUSDT,2026-08-05 16:00:00.000,5e-05,0.02824182,Regular
FLOCKUSDT,2026-08-05 20:00:00.000,5e-05,0.02784000,Regular
FLOCKUSDT,2026-08-06 00:00:00.002,5e-05,0.02815000,Regular
FLOCKUSDT,2026-08-06 04:00:00.000,5e-05,0.02821000,Regular
FLOCKUSDT,2026-08-06 08:00:00.000,5e-05,0.02852000,Regular
FLOCKUSDT,2026-08-06 12:00:00.000,5e-05,0.02853550,Regular
FLOCKUSDT,2026-08-06 16:00:00.000,5e-05,0.02848565,Regular
FLOCKUSDT,2026-08-06 20:00:00.001,0.00020279,0.02821383,Regular
FLOCKUSDT,2026-08-07 00:00:00.000,5e-05,0.02822517,Regular
FLOCKUSDT,2026-08-07 04:00:00.000,0.00021261,0.02838933,Regular
FLOCKUSDT,2026-08-07 08:00:00.000,5e-05,0.02838000,Regular
FLOCKUSDT,2026-08-07 12:00:00.000,5e-05,0.02853000,Regular
FLOCKUSDT,2026-08-07 16:00:00.000,5e-05,0.02849364,Regular
FLOCKUSDT,2026-08-07 20:00:00.000,5e-05,0.02844817,Regular
FLOCKUSDT,2026-08-08 00:00:00.001,0.00024675,0.02832170,Regular
FLOCKUSDT,2026-08-08 04:00:00.000,0.00053559,0.02877000,Regular
FLOCKUSDT,2026-08-08 08:00:00.000,5e-05,0.02949856,Regular
FLOCKUSDT,2026-08-08 12:00:00.001,5e-05,0.02985000,Regular
FLOCKUSDT,2026-08-08 16:00:00.002,5e-05,0.02942000,Regular
FLOCKUSDT,2026-08-08 20:00:00.000,0.00033718,0.02936000,Regular
FLOCKUSDT,2026-08-09 00:00:00.000,5e-05,0.02934100,Regular
FLOCKUSDT,2026-08-09 04:00:00.000,6.926e-05,0.02964973,Regular
FLOCKUSDT,2026-08-09 08:00:00.005,5e-05,0.02962000,Regular
FLOCKUSDT,2026-08-09 12:00:00.000,5e-05,0.02919968,Regular
FLOCKUSDT,2026-08-09 16:00:00.000,5e-05,0.02961433,Regular
FLOCKUSDT,2026-08-09 20:00:00.000,0.00052609,0.02965500,Regular
FLOCKUSDT,2026-08-10 00:00:00.001,5e-05,0.02925900,Regular
FLOCKUSDT,2026-08-10 04:00:00.000,5e-05,0.02938777,Regular
FLOCKUSDT,2026-08-10 08:00:00.005,5e-05,0.02968000,Regular
FLOCKUSDT,2026-08-10 12:00:00.000,5e-05,0.02969000,Regular
FLOCKUSDT,2026-08-10 16:00:00.000,5e-05,0.02963000,Regular
FLOCKUSDT,2026-08-10 20:00:00.000,5e-05,0.02955108,Regular
FLOCKUSDT,2026-08-11 00:00:00.000,5e-05,0.02949000,Regular
FLOCKUSDT,2026-08-11 04:00:00.000,5e-05,0.02963000,Regular
FLOCKUSDT,2026-08-11 08:00:00.006,5e-05,0.02960817,Regular
FLOCKUSDT,2026-08-11 12:00:00.001,5e-05,0.02929682,Regular
FLOCKUSDT,2026-08-11 16:00:00.000,5.963e-05,0.02843517,Regular
FLOCKUSDT,2026-08-11 20:00:00.003,5e-05,0.02865052,Regular
FLOCKUSDT,2026-08-12 00:00:00.001,5e-05,0.02864750,Regular
FLOCKUSDT,2026-08-12 04:00:00.000,5e-05,0.02914423,Regular
FLOCKUSDT,2026-08-12 08:00:00.000,5e-05,0.02924509,Regular
FLOCKUSDT,2026-08-12 12:00:00.000,5e-05,0.03006697,Regular
FLOCKUSDT,2026-08-12 16:00:00.000,5e-05,0.02990000,Regular
FLOCKUSDT,2026-08-12 20:00:00.001,5e-05,0.03020968,Regular
FLOCKUSDT,2026-08-13 00:00:00.000,5e-05,0.03008000,Regular
FLOCKUSDT,2026-08-13 04:00:00.000,5e-05,0.03064500,Regular
FLOCKUSDT,2026-08-13 08:00:00.000,5e-05,0.03022600,Regular
FLOCKUSDT,2026-08-13 12:00:00.000,5e-05,0.03002033,Regular
FLOCKUSDT,2026-08-13 16:00:00.000,5e-05,0.02972558,Regular
FLOCKUSDT,2026-08-13 20:00:00.002,5e-05,0.02969000,Regular
FLOCKUSDT,2026-08-14 00:00:00.000,5e-05,0.03007800,Regular
FLOCKUSDT,2026-08-14 04:00:00.001,5e-05,0.02975812,Regular
FLOCKUSDT,2026-08-14 08:00:00.001,5e-05,0.02894830,Regular
FLOCKUSDT,2026-08-14 12:00:00.002,5e-05,0.02891200,Regular
FLOCKUSDT,2026-08-14 16:00:00.001,5e-05,0.02894000,Regular
FLOCKUSDT,2026-08-14 20:00:00.000,5e-05,0.02921000,Regular
FLOCKUSDT,2026-08-15 00:00:00.003,5e-05,0.02931000,Regular
FLOCKUSDT,2026-08-15 04:00:00.000,5.545e-05,0.02923000,Regular
FLOCKUSDT,2026-08-15 08:00:00.002,5e-05,0.02932000,Regular
FLOCKUSDT,2026-08-15 12:00:00.001,5e-05,0.02987650,Regular
FLOCKUSDT,2026-08-15 16:00:00.000,0.00034839,0.02982500,Regular
FLOCKUSDT,2026-08-15 20:00:00.003,5e-05,0.02957767,Regular
FLOCKUSDT,2026-08-16 00:00:00.000,5e-05,0.02972000,Regular
FLOCKUSDT,2026-08-16 04:00:00.001,0.00036288,0.02984000,Regular
FLOCKUSDT,2026-08-16 08:00:00.002,5e-05,0.02956000,Regular
FLOCKUSDT,2026-08-16 12:00:00.008,6.641e-05,0.02965667,Regular
FLOCKUSDT,2026-08-16 16:00:00.000,0.00013737,0.02965000,Regular
FLOCKUSDT,2026-08-16 20:00:00.000,0.00015359,0.02971000,Regular
FLOCKUSDT,2026-08-17 00:00:00.001,5e-05,0.02982273,Regular
FLOCKUSDT,2026-08-17 04:00:00.001,8.946e-05,0.02985000,Regular
FLOCKUSDT,2026-08-17 08:00:00.003,5e-05,0.02979155,Regular
FLOCKUSDT,2026-08-17 12:00:00.002,5e-05,0.02963133,Regular
FLOCKUSDT,2026-08-17 16:00:00.005,5e-05,0.02951000,Regular
FLOCKUSDT,2026-08-17 20:00:00.000,5e-05,0.02909750,Regular
FLOCKUSDT,2026-08-18 00:00:00.006,5e-05,0.02914000,Regular
FLOCKUSDT,2026-08-18 04:00:00.001,5e-05,0.02821955,Regular
FLOCKUSDT,2026-08-18 08:00:00.001,5e-05,0.02829545,Regular
FLOCKUSDT,2026-08-18 12:00:00.000,5e-05,0.02856000,Regular
FLOCKUSDT,2026-08-18 16:00:00.003,5e-05,0.02859481,Regular
FLOCKUSDT,2026-08-18 20:00:00.008,5e-05,0.02842000,Regular
FLOCKUSDT,2026-08-19 00:00:00.000,5e-05,0.02821253,Regular
FLOCKUSDT,2026-08-19 04:00:00.001,5e-05,0.02830000,Regular
FLOCKUSDT,2026-08-19 08:00:00.000,5e-05,0.02807795,Regular
FLOCKUSDT,2026-08-19 12:00:00.000,5e-05,0.02820000,Regular
FLOCKUSDT,2026-08-19 16:00:00.004,0.00074754,0.02937511,Regular
FLOCKUSDT,2026-08-19 20:00:00.009,5e-05,0.03013636,Regular
FLOCKUSDT,2026-08-20 00:00:00.001,5e-05,0.03031500,Regular
FLOCKUSDT,2026-08-20 04:00:00.011,5e-05,0.03023636,Regular
FLOCKUSDT,2026-08-20 08:00:00.000,5e-05,0.03052500,Regular
FLOCKUSDT,2026-08-20 12:00:00.002,5e-05,0.03272636,Regular
FLOCKUSDT,2026-08-20 16:00:00.005,5e-05,0.03253000,Regular
FLOCKUSDT,2026-08-20 20:00:00.001,5e-05,0.03211000,Regular
FLOCKUSDT,2026-08-21 00:00:00.004,5e-05,0.03259000,Regular
FLOCKUSDT,2026-08-21 04:00:00.000,5e-05,0.03250000,Regular
FLOCKUSDT,2026-08-21 08:00:00.000,5e-05,0.03264733,Regular
FLOCKUSDT,2026-08-21 12:00:00.000,5e-05,0.03412867,Regular
FLOCKUSDT,2026-08-21 16:00:00.001,0.00088724,0.03400333,Regular
FLOCKUSDT,2026-08-21 20:00:00.000,5e-05,0.03427000,Regular
FLOCKUSDT,2026-08-22 00:00:00.000,0.00028087,0.03497500,Regular
FLOCKUSDT,2026-08-22 04:00:00.004,0.00084397,0.03617330,Regular
FLOCKUSDT,2026-08-22 08:00:00.000,5e-05,0.03405000,Regular
FLOCKUSDT,2026-08-22 12:00:00.002,5e-05,0.03382000,Regular
FLOCKUSDT,2026-08-22 16:00:00.000,5e-05,0.03340533,Regular
FLOCKUSDT,2026-08-22 20:00:00.001,5e-05,0.03366417,Regular
FLOCKUSDT,2026-08-23 00:00:00.000,5e-05,0.03310000,Regular
FLOCKUSDT,2026-08-23 04:00:00.004,-0.00013242,0.03222000,Regular
FLOCKUSDT,2026-08-23 08:00:00.000,5e-05,0.03210182,Regular
FLOCKUSDT,2026-08-23 12:00:00.002,5e-05,0.03390000,Regular
FLOCKUSDT,2026-08-23 16:00:00.006,5e-05,0.03389000,Regular
FLOCKUSDT,2026-08-23 20:00:00.000,5e-05,0.03396000,Regular
FLOCKUSDT,2026-08-24 00:00:00.001,5e-05,0.03401879,Regular
FLOCKUSDT,2026-08-24 04:00:00.000,5e-05,0.03268000,Regular
FLOCKUSDT,2026-08-24 08:00:00.002,5e-05,0.03265889,Regular
FLOCKUSDT,2026-08-24 12:00:00.000,5e-05,0.03279000,Regular
FLOCKUSDT,2026-08-24 16:00:00.000,5e-05,0.03238455,Regular
FLOCKUSDT,2026-08-24 20:00:00.000,5e-05,0.03179000,Regular
FLOCKUSDT,2026-08-25 00:00:00.001,5e-05,0.03180000,Regular
FLOCKUSDT,2026-08-25 04:00:00.001,5e-05,0.03199000,Regular
FLOCKUSDT,2026-08-25 08:00:00.000,5e-05,0.03147000,Regular
FLOCKUSDT,2026-08-25 12:00:00.001,5e-05,0.03124000,Regular
FLOCKUSDT,2026-08-25 16:00:00.005,5e-05,0.03133500,Regular
FLOCKUSDT,2026-08-25 20:00:00.000,5e-05,0.03086948,Regular
FLOCKUSDT,2026-08-26 00:00:00.000,5e-05,0.03062000,Regular
FLOCKUSDT,2026-08-26 04:00:00.000,5e-05,0.03161983,Regular
FLOCKUSDT,2026-08-26 08:00:00.005,5e-05,0.03188500,Regular
FLOCKUSDT,2026-08-26 12:00:00.000,5e-05,0.03203000,Regular
FLOCKUSDT,2026-08-26 16:00:00.000,5e-05,0.03184273,Regular
FLOCKUSDT,2026-08-26 20:00:00.000,5e-05,0.03170924,Regular
FLOCKUSDT,2026-08-27 00:00:00.000,0.00033301,0.03230000,Regular
FLOCKUSDT,2026-08-27 04:00:00.000,5e-05,0.03165000,Regular
FLOCKUSDT,2026-08-27 08:00:00.000,5e-05,0.03178433,Regular
FLOCKUSDT,2026-08-27 12:00:00.000,5e-05,0.03200000,Regular
FLOCKUSDT,2026-08-27 16:00:00.013,5e-05,0.03211333,Regular
FLOCKUSDT,2026-08-27 20:00:00.000,5e-05,0.03233000,Regular
FLOCKUSDT,2026-08-28 00:00:00.026,1.375e-05,0.03311000,Regular
FLOCKUSDT,2026-08-28 04:00:00.008,2.103e-05,0.03290397,Regular
FLOCKUSDT,2026-08-28 08:00:00.000,5e-05,0.03309247,Regular
FLOCKUSDT,2026-08-28 12:00:00.004,5e-05,0.03303727,Regular
FLOCKUSDT,2026-08-28 16:00:00.001,5e-05,0.03223077,Regular
FLOCKUSDT,2026-08-28 20:00:00.000,5e-05,0.03184917,Regular
FLOCKUSDT,2026-08-29 00:00:00.000,5e-05,0.03223400,Regular
FLOCKUSDT,2026-08-29 04:00:00.000,5e-05,0.03203000,Regular
FLOCKUSDT,2026-08-29 08:00:00.000,5e-05,0.03180000,Regular
FLOCKUSDT,2026-08-29 12:00:00.000,5e-05,0.03168545,Regular
FLOCKUSDT,2026-08-29 16:00:00.002,0.00024299,0.03251545,Regular
FLOCKUSDT,2026-08-29 20:00:00.002,5e-05,0.03234000,Regular
FLOCKUSDT,2026-08-30 00:00:00.000,5e-05,0.03195500,Regular
FLOCKUSDT,2026-08-30 04:00:00.000,5e-05,0.03171000,Regular
FLOCKUSDT,2026-08-30 08:00:00.000,5e-05,0.03170000,Regular
FLOCKUSDT,2026-08-30 12:00:00.000,5e-05,0.03334000,Regular
FLOCKUSDT,2026-08-30 16:00:00.001,5e-05,0.03195000,Regular
FLOCKUSDT,2026-08-30 20:00:00.000,-0.00027701,0.03495877,Regular
FLOCKUSDT,2026-08-31 00:00:00.002,3.52e-05,0.03375000,Regular
FLOCKUSDT,2026-08-31 04:00:00.002,-0.0034675,0.03999000,Regular
FLOCKUSDT,2026-08-31 08:00:00.002,-0.00594956,0.04308000,Regular
FLOCKUSDT,2026-08-31 12:00:00.003,-0.00500184,0.03952271,Regular
FLOCKUSDT,2026-08-31 16:00:00.001,-0.00417783,0.04112000,Regular
FLOCKUSDT,2026-08-31 20:00:00.000,-0.00252327,0.03970000,Regular
FLOCKUSDT,2026-09-01 00:00:00.005,-0.00392438,0.04056741,Regular
FLOCKUSDT,2026-09-01 04:00:00.007,-0.00245832,0.03850000,Regular
FLOCKUSDT,2026-09-01 08:00:00.000,-0.00215165,0.03877729,Regular
FLOCKUSDT,2026-09-01 12:00:00.001,-0.00088367,0.03666000,Regular
FLOCKUSDT,2026-09-01 16:00:00.000,-0.00022456,0.03506000,Regular
FLOCKUSDT,2026-09-01 20:00:00.000,-0.00018209,0.03536726,Regular
FLOCKUSDT,2026-09-02 00:00:00.000,-8.07e-06,0.03477591,Regular
FLOCKUSDT,2026-09-02 04:00:00.000,-5.117e-05,0.03440655,Regular
FLOCKUSDT,2026-09-02 08:00:00.001,-0.00069265,0.04161000,Regular
FLOCKUSDT,2026-09-02 12:00:00.000,-0.00046812,0.03851000,Regular
FLOCKUSDT,2026-09-02 16:00:00.005,-0.00107021,0.03725498,Regular
FLOCKUSDT,2026-09-02 20:00:00.000,-0.00027584,0.03668952,Regular
FLOCKUSDT,2026-09-03 00:00:00.000,-0.00249784,0.03802047,Regular
FLOCKUSDT,2026-09-03 04:00:00.000,-0.00124331,0.03625030,Regular
FLOCKUSDT,2026-09-03 08:00:00.000,-0.00012543,0.03688000,Regular
FLOCKUSDT,2026-09-03 12:00:00.002,-0.00093123,0.03846473,Regular
FLOCKUSDT,2026-09-03 16:00:00.000,-0.00069661,0.04108000,Regular
FLOCKUSDT,2026-09-03 20:00:00.000,-0.00017752,0.04048564,Regular
FLOCKUSDT,2026-09-04 00:00:00.000,5e-05,0.03926160,Regular
FLOCKUSDT,2026-09-04 04:00:00.000,-0.00048665,0.03977000,Regular
FLOCKUSDT,2026-09-04 08:00:00.000,-0.00037797,0.03865707,Regular
FLOCKUSDT,2026-09-04 12:00:00.003,-0.00125243,0.04021000,Regular
FLOCKUSDT,2026-09-04 16:00:00.009,-3.536e-05,0.05865000,Regular
FLOCKUSDT,2026-09-04 20:00:00.000,-6.321e-05,0.05525034,Regular
FLOCKUSDT,2026-09-05 00:00:00.000,-8.175e-05,0.05225080,Regular
FLOCKUSDT,2026-09-05 04:00:00.001,-0.00039832,0.05581000,Regular
FLOCKUSDT,2026-09-05 08:00:00.000,5e-05,0.05036000,Regular
FLOCKUSDT,2026-09-05 12:00:00.007,-0.00086336,0.05434494,Regular
FLOCKUSDT,2026-09-05 16:00:00.001,-0.00099054,0.05661000,Regular
FLOCKUSDT,2026-09-05 20:00:00.000,-0.00071662,0.06214155,Regular
FLOCKUSDT,2026-09-06 00:00:00.000,5e-05,0.06403667,Regular
FLOCKUSDT,2026-09-06 04:00:00.005,5e-05,0.07036855,Regular
FLOCKUSDT,2026-09-06 08:00:00.000,5e-05,0.07208000,Regular
FLOCKUSDT,2026-09-06 12:00:00.001,-5.325e-05,0.08041117,Regular
FLOCKUSDT,2026-09-06 16:00:00.004,-0.00069641,0.07217429,Regular
FLOCKUSDT,2026-09-06 20:00:00.000,5e-05,0.07201361,Regular
FLOCKUSDT,2026-09-07 00:00:00.004,5e-05,0.07527670,Regular
FLOCKUSDT,2026-09-07 04:00:00.001,5e-05,0.07259000,Regular
FLOCKUSDT,2026-09-07 08:00:00.000,5e-05,0.06970109,Regular
FLOCKUSDT,2026-09-07 12:00:00.000,5e-05,0.06826368,Regular
FLOCKUSDT,2026-09-07 16:00:00.003,5e-05,0.07063047,Regular
FLOCKUSDT,2026-09-07 20:00:00.000,-4.629e-05,0.06327000,Regular
FLOCKUSDT,2026-09-08 00:00:00.004,-0.0014702,0.06177815,Regular
FLOCKUSDT,2026-09-08 04:00:00.000,-0.0008684,0.06210597,Regular
FLOCKUSDT,2026-09-08 08:00:00.002,-0.00023563,0.06174000,Regular
FLOCKUSDT,2026-09-08 12:00:00.006,-0.00016037,0.05834000,Regular
FLOCKUSDT,2026-09-08 16:00:00.001,-0.00158158,0.06549256,Regular
FLOCKUSDT,2026-09-08 20:00:00.002,-7.205e-05,0.06418712,Regular
FLOCKUSDT,2026-09-09 00:00:00.005,5e-05,0.06532538,Regular
FLOCKUSDT,2026-09-09 04:00:00.004,4.81e-05,0.06130159,Regular
FLOCKUSDT,2026-09-09 08:00:00.004,5e-05,0.06235521,Regular
FLOCKUSDT,2026-09-09 12:00:00.004,5e-05,0.06208636,Regular
FLOCKUSDT,2026-09-09 16:00:00.002,-0.00038654,0.07006552,Regular
FLOCKUSDT,2026-09-09 20:00:00.000,5e-05,0.06487000,Regular
FLOCKUSDT,2026-09-10 00:00:00.000,5e-05,0.06597559,Regular
FLOCKUSDT,2026-09-10 04:00:00.000,-0.00021403,0.06311560,Regular
FLOCKUSDT,2026-09-10 08:00:00.007,-0.00019506,0.06230000,Regular
FLOCKUSDT,2026-09-10 12:00:00.000,2.05e-06,0.06178616,Regular
FLOCKUSDT,2026-09-10 16:00:00.002,-0.0012987,0.06172536,Regular
FLOCKUSDT,2026-09-10 20:00:00.000,-0.00073858,0.06071000,Regular
FLOCKUSDT,2026-09-11 00:00:00.008,-0.00062686,0.06028924,Regular
FLOCKUSDT,2026-09-11 04:00:00.005,2.047e-05,0.06134509,Regular
FLOCKUSDT,2026-09-11 08:00:00.000,-0.00014446,0.06035274,Regular
FLOCKUSDT,2026-09-11 12:00:00.000,-0.00016595,0.06036364,Regular
FLOCKUSDT,2026-09-11 16:00:00.000,-0.00025662,0.06097877,Regular
FLOCKUSDT,2026-09-11 20:00:00.004,4.011e-05,0.06120000,Regular
FLOCKUSDT,2026-09-12 00:00:00.001,5e-05,0.06057000,Regular
FLOCKUSDT,2026-09-12 04:00:00.002,5e-05,0.06035588,Regular
FLOCKUSDT,2026-09-12 08:00:00.003,3.979e-05,0.06055176,Regular
FLOCKUSDT,2026-09-12 12:00:00.000,-0.00015533,0.06408000,Regular
FLOCKUSDT,2026-09-12 16:00:00.000,-0.0001905,0.07348932,Regular
FLOCKUSDT,2026-09-12 20:00:00.000,5e-05,0.08032971,Regular
FLOCKUSDT,2026-09-13 00:00:00.002,5e-05,0.07849847,Regular
FLOCKUSDT,2026-09-13 04:00:00.007,5e-05,0.07742000,Regular
FLOCKUSDT,2026-09-13 08:00:00.000,5e-05,0.07765000,Regular
FLOCKUSDT,2026-09-13 12:00:00.001,5e-05,0.08566455,Regular
