symbol,fundingTime,fundingRate,markPrice,rateType
LSKUSDT,2024-01-25 16:00:00.000,-0.00201623,1.18900000,Regular
LSKUSDT,2024-01-25 20:00:00.000,5e-05,1.21400000,Regular
LSKUSDT,2024-01-26 00:00:00.001,5e-05,1.28061517,Regular
LSKUSDT,2024-01-26 04:00:00.001,-3.95e-06,1.25800000,Regular
LSKUSDT,2024-01-26 08:00:00.000,-0.00012076,1.23014670,Regular
LSKUSDT,2024-01-26 12:00:00.000,-8.433e-05,1.23582160,Regular
LSKUSDT,2024-01-26 16:00:00.000,-0.00137855,1.23300000,Regular
LSKUSDT,2024-01-26 20:00:00.000,-0.00143597,1.20900000,Regular
LSKUSDT,2024-01-27 00:00:00.000,-0.0003035,1.24600000,Regular
LSKUSDT,2024-01-27 04:00:00.000,5e-05,1.20966118,Regular
LSKUSDT,2024-01-27 08:00:00.000,5e-05,1.19300000,Regular
LSKUSDT,2024-01-27 12:00:00.000,5e-05,1.19604671,Regular
LSKUSDT,2024-01-27 16:00:00.000,5e-05,1.19699208,Regular
LSKUSDT,2024-01-27 20:00:00.000,5e-05,1.20714750,Regular
LSKUSDT,2024-01-28 00:00:00.000,5e-05,1.21540025,Regular
LSKUSDT,2024-01-28 04:00:00.000,5e-05,1.21222002,Regular
LSKUSDT,2024-01-28 08:00:00.000,5e-05,1.19631007,Regular
LSKUSDT,2024-01-28 12:00:00.000,5e-05,1.23300000,Regular
LSKUSDT,2024-01-28 16:00:00.000,5e-05,1.34327415,Regular
LSKUSDT,2024-01-28 20:00:00.000,5e-05,1.36077089,Regular
LSKUSDT,2024-01-29 00:00:00.000,5e-05,1.41257218,Regular
LSKUSDT,2024-01-29 04:00:00.001,5e-05,1.42906965,Regular
LSKUSDT,2024-01-29 08:00:00.001,5e-05,1.36300000,Regular
LSKUSDT,2024-01-29 12:00:00.000,5e-05,1.43622115,Regular
LSKUSDT,2024-01-29 16:00:00.000,5e-05,1.47124646,Regular
LSKUSDT,2024-01-29 20:00:00.000,5e-05,1.46496331,Regular
LSKUSDT,2024-01-30 00:00:00.000,5e-05,1.46299371,Regular
LSKUSDT,2024-01-30 04:00:00.000,5e-05,1.42909687,Regular
LSKUSDT,2024-01-30 08:00:00.000,5e-05,1.49735495,Regular
LSKUSDT,2024-01-30 12:00:00.000,5e-05,1.46285576,Regular
LSKUSDT,2024-01-30 16:00:00.001,5e-05,1.42877111,Regular
LSKUSDT,2024-01-30 20:00:00.000,5e-05,1.43353384,Regular
LSKUSDT,2024-01-31 00:00:00.000,5e-05,1.39810504,Regular
LSKUSDT,2024-01-31 04:00:00.001,5e-05,1.36000000,Regular
LSKUSDT,2024-01-31 08:00:00.000,5e-05,1.36200000,Regular
LSKUSDT,2024-01-31 12:00:00.000,5e-05,1.34733141,Regular
LSKUSDT,2024-01-31 16:00:00.000,5e-05,1.34600000,Regular
LSKUSDT,2024-01-31 20:00:00.000,5e-05,1.34800000,Regular
LSKUSDT,2024-02-01 00:00:00.000,5e-05,1.35448142,Regular
LSKUSDT,2024-02-01 04:00:00.000,5e-05,1.30755496,Regular
LSKUSDT,2024-02-01 08:00:00.000,5e-05,1.30900000,Regular
LSKUSDT,2024-02-01 12:00:00.000,5e-05,1.30293251,Regular
LSKUSDT,2024-02-01 16:00:00.002,5e-05,1.31918039,Regular
LSKUSDT,2024-02-01 20:00:00.000,5e-05,1.33969532,Regular
LSKUSDT,2024-02-02 00:00:00.000,5e-05,1.34353834,Regular
LSKUSDT,2024-02-02 04:00:00.000,5e-05,1.33894142,Regular
LSKUSDT,2024-02-02 08:00:00.000,5e-05,1.37200000,Regular
LSKUSDT,2024-02-02 12:00:00.000,5e-05,1.36543141,Regular
LSKUSDT,2024-02-02 16:00:00.000,-4.567e-05,1.38305890,Regular
LSKUSDT,2024-02-02 20:00:00.000,5e-05,1.37163036,Regular
LSKUSDT,2024-02-03 00:00:00.000,5e-05,1.38228960,Regular
LSKUSDT,2024-02-03 04:00:00.000,-7.536e-05,1.35900000,Regular
LSKUSDT,2024-02-03 08:00:00.000,5e-05,1.34890379,Regular
LSKUSDT,2024-02-03 12:00:00.000,5e-05,1.32824431,Regular
LSKUSDT,2024-02-03 16:00:00.001,5e-05,1.34060344,Regular
LSKUSDT,2024-02-03 20:00:00.000,5e-05,1.33400000,Regular
LSKUSDT,2024-02-04 00:00:00.000,5e-05,1.33655371,Regular
LSKUSDT,2024-02-04 04:00:00.000,5e-05,1.34751022,Regular
LSKUSDT,2024-02-04 08:00:00.004,2.663e-05,1.36900000,Regular
LSKUSDT,2024-02-04 12:00:00.001,-0.00023787,1.38703685,Regular
LSKUSDT,2024-02-04 16:00:00.000,-0.0001291,1.38500000,Regular
LSKUSDT,2024-02-04 20:00:00.000,5e-05,1.37758589,Regular
LSKUSDT,2024-02-05 00:00:00.000,-4.97e-06,1.36609131,Regular
LSKUSDT,2024-02-05 04:00:00.000,-4.329e-05,1.34420018,Regular
LSKUSDT,2024-02-05 08:00:00.000,5e-05,1.36712571,Regular
LSKUSDT,2024-02-05 12:00:00.000,-0.00015239,1.36320581,Regular
LSKUSDT,2024-02-05 16:00:00.000,5e-05,1.36313793,Regular
LSKUSDT,2024-02-05 20:00:00.000,5e-05,1.40392940,Regular
LSKUSDT,2024-02-06 00:00:00.000,5e-05,1.39631790,Regular
LSKUSDT,2024-02-06 04:00:00.000,-0.0058099,1.54920000,Regular
LSKUSDT,2024-02-06 08:00:00.001,-0.00535723,1.49685919,Regular
LSKUSDT,2024-02-06 12:00:00.000,-0.00481156,1.45960000,Regular
LSKUSDT,2024-02-06 16:00:00.000,-0.00129429,1.44742346,Regular
LSKUSDT,2024-02-06 20:00:00.000,-0.00027724,1.46343954,Regular
LSKUSDT,2024-02-07 00:00:00.000,-0.00036489,1.47870000,Regular
LSKUSDT,2024-02-07 04:00:00.000,-8.23e-05,1.42434630,Regular
LSKUSDT,2024-02-07 08:00:00.000,-1.534e-05,1.36650000,Regular
LSKUSDT,2024-02-07 12:00:00.000,5e-05,1.36772263,Regular
LSKUSDT,2024-02-07 16:00:00.000,5e-05,1.36243798,Regular
LSKUSDT,2024-02-07 20:00:00.000,5e-05,1.37700000,Regular
LSKUSDT,2024-02-08 00:00:00.000,5e-05,1.40777287,Regular
LSKUSDT,2024-02-08 04:00:00.001,5e-05,1.38319789,Regular
LSKUSDT,2024-02-08 08:00:00.000,5e-05,1.35090000,Regular
LSKUSDT,2024-02-08 12:00:00.000,5e-05,1.34941959,Regular
LSKUSDT,2024-02-08 16:00:00.000,5e-05,1.37090829,Regular
LSKUSDT,2024-02-08 20:00:00.000,5e-05,1.35411014,Regular
LSKUSDT,2024-02-09 00:00:00.000,5e-05,1.36390536,Regular
LSKUSDT,2024-02-09 04:00:00.000,5e-05,1.36810000,Regular
LSKUSDT,2024-02-09 08:00:00.000,5e-05,1.36730000,Regular
LSKUSDT,2024-02-09 12:00:00.000,5e-05,1.37192706,Regular
LSKUSDT,2024-02-09 16:00:00.001,5e-05,1.37560000,Regular
LSKUSDT,2024-02-09 20:00:00.000,5e-05,1.37680000,Regular
LSKUSDT,2024-02-10 00:00:00.001,5e-05,1.39303289,Regular
LSKUSDT,2024-02-10 04:00:00.000,5e-05,1.39111462,Regular
LSKUSDT,2024-02-10 08:00:00.000,5e-05,1.37493760,Regular
LSKUSDT,2024-02-10 12:00:00.001,5e-05,1.36787323,Regular
LSKUSDT,2024-02-10 16:00:00.000,5e-05,1.37350000,Regular
LSKUSDT,2024-02-10 20:00:00.000,5e-05,1.37570470,Regular
LSKUSDT,2024-02-11 00:00:00.000,5e-05,1.37310000,Regular
LSKUSDT,2024-02-11 04:00:00.000,5e-05,1.37737479,Regular
LSKUSDT,2024-02-11 08:00:00.001,7.292e-05,1.38169080,Regular
LSKUSDT,2024-02-11 12:00:00.001,5e-05,1.38110000,Regular
LSKUSDT,2024-02-11 16:00:00.000,0.00018019,1.37346587,Regular
LSKUSDT,2024-02-11 20:00:00.001,5e-05,1.36730000,Regular
LSKUSDT,2024-02-12 00:00:00.000,0.00010608,1.36810000,Regular
LSKUSDT,2024-02-12 04:00:00.001,5e-05,1.33481821,Regular
LSKUSDT,2024-02-12 08:00:00.000,6.073e-05,1.33460000,Regular
LSKUSDT,2024-02-12 12:00:00.000,0.0001226,1.32150000,Regular
LSKUSDT,2024-02-12 16:00:00.000,5e-05,1.34810000,Regular
LSKUSDT,2024-02-12 20:00:00.000,5e-05,1.35637482,Regular
LSKUSDT,2024-02-13 00:00:00.000,0.0002617,1.36946609,Regular
LSKUSDT,2024-02-13 04:00:00.000,0.00022454,1.34934847,Regular
LSKUSDT,2024-02-13 08:00:00.000,0.00035827,1.35919952,Regular
LSKUSDT,2024-02-13 12:00:00.000,0.00014384,1.35530000,Regular
LSKUSDT,2024-02-13 16:00:00.000,5.782e-05,1.33420987,Regular
LSKUSDT,2024-02-13 20:00:00.000,5e-05,1.32633799,Regular
LSKUSDT,2024-02-14 00:00:00.000,0.00029784,1.33697252,Regular
LSKUSDT,2024-02-14 04:00:00.000,0.00020279,1.32075901,Regular
LSKUSDT,2024-02-14 08:00:00.000,0.00021028,1.33180000,Regular
LSKUSDT,2024-02-14 12:00:00.000,0.0004628,1.35195647,Regular
LSKUSDT,2024-02-14 16:00:00.000,0.00026288,1.34820000,Regular
LSKUSDT,2024-02-14 20:00:00.000,0.00037308,1.34672746,Regular
LSKUSDT,2024-02-15 00:00:00.000,0.00028926,1.35791736,Regular
LSKUSDT,2024-02-15 04:00:00.000,0.00057861,1.35280000,Regular
LSKUSDT,2024-02-15 08:00:00.000,9.348e-05,1.34299933,Regular
LSKUSDT,2024-02-15 12:00:00.000,0.00053513,1.35040000,Regular
LSKUSDT,2024-02-15 16:00:00.000,0.00035129,1.36078457,Regular
LSKUSDT,2024-02-15 20:00:00.000,0.00048859,1.36740000,Regular
LSKUSDT,2024-02-16 00:00:00.000,0.00041801,1.35920000,Regular
LSKUSDT,2024-02-16 04:00:00.000,0.00035976,1.38750000,Regular
LSKUSDT,2024-02-16 08:00:00.000,0.00024205,1.40233561,Regular
LSKUSDT,2024-02-16 12:00:00.000,0.00030926,1.39806735,Regular
LSKUSDT,2024-02-16 16:00:00.000,0.00030387,1.39563206,Regular
LSKUSDT,2024-02-16 20:00:00.000,0.00022464,1.40220727,Regular
LSKUSDT,2024-02-17 00:00:00.000,8.136e-05,1.40576299,Regular
LSKUSDT,2024-02-17 04:00:00.000,0.00031284,1.37659032,Regular
LSKUSDT,2024-02-17 08:00:00.000,0.00015153,1.38274061,Regular
LSKUSDT,2024-02-17 12:00:00.000,0.00029778,1.35958633,Regular
LSKUSDT,2024-02-17 16:00:00.000,5e-05,1.33770027,Regular
LSKUSDT,2024-02-17 20:00:00.000,5e-05,1.35181480,Regular
LSKUSDT,2024-02-18 00:00:00.000,0.0001933,1.35252756,Regular
LSKUSDT,2024-02-18 04:00:00.000,0.00024605,1.33206957,Regular
LSKUSDT,2024-02-18 08:00:00.000,0.00027095,1.34349506,Regular
LSKUSDT,2024-02-18 12:00:00.000,0.0003719,1.35403730,Regular
LSKUSDT,2024-02-18 16:00:00.000,0.00036767,1.35910000,Regular
LSKUSDT,2024-02-18 20:00:00.000,5e-05,1.35817128,Regular
LSKUSDT,2024-02-19 00:00:00.000,0.00050032,1.34681530,Regular
LSKUSDT,2024-02-19 04:00:00.000,0.00013274,1.35062918,Regular
LSKUSDT,2024-02-19 08:00:00.000,0.00026524,1.36960000,Regular
LSKUSDT,2024-02-19 12:00:00.000,0.00027606,1.35621749,Regular
LSKUSDT,2024-02-19 16:00:00.000,0.00039843,1.36440000,Regular
LSKUSDT,2024-02-19 20:00:00.000,0.00026018,1.37900000,Regular
LSKUSDT,2024-02-20 00:00:00.000,0.00028705,1.36980764,Regular
LSKUSDT,2024-02-20 04:00:00.000,0.00022852,1.38379032,Regular
LSKUSDT,2024-02-20 08:00:00.000,5e-05,1.40080000,Regular
LSKUSDT,2024-02-20 12:00:00.000,0.00010443,1.41400000,Regular
LSKUSDT,2024-02-20 16:00:00.000,5e-05,1.36386569,Regular
LSKUSDT,2024-02-20 20:00:00.000,9.392e-05,1.38290000,Regular
LSKUSDT,2024-02-21 00:00:00.000,5e-05,1.39720475,Regular
LSKUSDT,2024-02-21 04:00:00.000,0.00029539,1.41891875,Regular
LSKUSDT,2024-02-21 08:00:00.000,5e-05,1.39097770,Regular
LSKUSDT,2024-02-21 12:00:00.000,0.00037582,1.39150356,Regular
LSKUSDT,2024-02-21 16:00:00.000,0.00014517,1.44560000,Regular
LSKUSDT,2024-02-21 20:00:00.000,0.00030676,1.43890000,Regular
LSKUSDT,2024-02-22 00:00:00.001,0.00012234,1.48726712,Regular
LSKUSDT,2024-02-22 04:00:00.000,5e-05,1.55470526,Regular
LSKUSDT,2024-02-22 08:00:00.001,5e-05,1.46927377,Regular
LSKUSDT,2024-02-22 12:00:00.000,5e-05,1.43790841,Regular
LSKUSDT,2024-02-22 16:00:00.000,0.00038783,1.42520000,Regular
LSKUSDT,2024-02-22 20:00:00.000,0.00018722,1.43010000,Regular
LSKUSDT,2024-02-23 00:00:00.000,5.965e-05,1.41200000,Regular
LSKUSDT,2024-02-23 04:00:00.001,0.00019736,1.38103059,Regular
LSKUSDT,2024-02-23 08:00:00.000,0.00018865,1.37057617,Regular
LSKUSDT,2024-02-23 12:00:00.001,0.00024147,1.38250000,Regular
LSKUSDT,2024-02-23 16:00:00.000,0.00027147,1.36057240,Regular
LSKUSDT,2024-02-23 20:00:00.000,0.0002546,1.36944172,Regular
LSKUSDT,2024-02-24 00:00:00.000,5.472e-05,1.35325968,Regular
LSKUSDT,2024-02-24 04:00:00.000,0.00012869,1.34148919,Regular
LSKUSDT,2024-02-24 08:00:00.001,7.977e-05,1.34535936,Regular
LSKUSDT,2024-02-24 12:00:00.000,0.00023356,1.35252682,Regular
LSKUSDT,2024-02-24 16:00:00.000,0.00011483,1.35347845,Regular
LSKUSDT,2024-02-24 20:00:00.000,5e-05,1.35460000,Regular
LSKUSDT,2024-02-25 00:00:00.001,5e-05,1.36047938,Regular
LSKUSDT,2024-02-25 04:00:00.000,0.00017354,1.34390000,Regular
LSKUSDT,2024-02-25 08:00:00.000,0.00026243,1.33837431,Regular
LSKUSDT,2024-02-25 12:00:00.001,0.00046494,1.33990000,Regular
LSKUSDT,2024-02-25 16:00:00.000,0.00015467,1.34883094,Regular
LSKUSDT,2024-02-25 20:00:00.000,0.00020693,1.36796840,Regular
LSKUSDT,2024-02-26 00:00:00.000,0.00036511,1.35775466,Regular
LSKUSDT,2024-02-26 04:00:00.000,0.00052419,1.35370000,Regular
LSKUSDT,2024-02-26 08:00:00.000,0.00036899,1.35680000,Regular
LSKUSDT,2024-02-26 12:00:00.000,0.00029073,1.33280000,Regular
LSKUSDT,2024-02-26 16:00:00.000,0.00046697,1.37150000,Regular
LSKUSDT,2024-02-26 20:00:00.001,0.00024667,1.38580515,Regular
LSKUSDT,2024-02-27 00:00:00.000,0.00031702,1.37851971,Regular
LSKUSDT,2024-02-27 04:00:00.000,0.00056123,1.36530000,Regular
LSKUSDT,2024-02-27 08:00:00.000,0.00035753,1.35790000,Regular
LSKUSDT,2024-02-27 12:00:00.000,0.00054622,1.39730000,Regular
LSKUSDT,2024-02-27 16:00:00.000,0.0002076,1.39810840,Regular
LSKUSDT,2024-02-27 20:00:00.000,0.00033328,1.40000000,Regular
LSKUSDT,2024-02-28 00:00:00.000,0.00034626,1.40734335,Regular
LSKUSDT,2024-02-28 04:00:00.000,0.00055366,1.42720036,Regular
LSKUSDT,2024-02-28 08:00:00.000,0.00037403,1.42665361,Regular
LSKUSDT,2024-02-28 12:00:00.000,0.00083389,1.40390000,Regular
LSKUSDT,2024-02-28 16:00:00.000,0.00043079,1.42860000,Regular
LSKUSDT,2024-02-28 20:00:00.000,5e-05,1.34680000,Regular
LSKUSDT,2024-02-29 00:00:00.000,0.00012557,1.38303082,Regular
LSKUSDT,2024-02-29 04:00:00.001,0.0002496,1.43711897,Regular
LSKUSDT,2024-02-29 08:00:00.000,0.00052231,1.41640000,Regular
LSKUSDT,2024-02-29 12:00:00.000,0.00021112,1.42769576,Regular
LSKUSDT,2024-02-29 16:00:00.000,0.00016568,1.46040000,Regular
LSKUSDT,2024-02-29 20:00:00.000,0.00032997,1.45828662,Regular
LSKUSDT,2024-03-01 00:00:00.000,0.00036943,1.45480000,Regular
LSKUSDT,2024-03-01 04:00:00.000,0.00020919,1.48040000,Regular
LSKUSDT,2024-03-01 08:00:00.000,0.00012116,1.47839580,Regular
LSKUSDT,2024-03-01 12:00:00.000,0.00036299,1.49521125,Regular
LSKUSDT,2024-03-01 16:00:00.000,0.0002896,1.49600000,Regular
LSKUSDT,2024-03-01 20:00:00.000,0.00029513,1.53310000,Regular
LSKUSDT,2024-03-02 00:00:00.000,0.000505,1.54563332,Regular
LSKUSDT,2024-03-02 04:00:00.001,0.00071351,1.55080000,Regular
LSKUSDT,2024-03-02 08:00:00.001,0.0011459,1.55340000,Regular
LSKUSDT,2024-03-02 12:00:00.000,0.00055195,1.53630000,Regular
LSKUSDT,2024-03-02 16:00:00.000,0.00065419,1.57842850,Regular
LSKUSDT,2024-03-02 20:00:00.000,0.00041866,1.56880000,Regular
LSKUSDT,2024-03-03 00:00:00.000,0.00069013,1.60712672,Regular
LSKUSDT,2024-03-03 04:00:00.000,0.00074662,1.60570000,Regular
LSKUSDT,2024-03-03 08:00:00.000,0.00026366,1.52660000,Regular
LSKUSDT,2024-03-03 12:00:00.000,0.00049163,1.57843416,Regular
LSKUSDT,2024-03-03 16:00:00.000,0.00045261,1.60901271,Regular
LSKUSDT,2024-03-03 20:00:00.000,0.00029632,1.61118273,Regular
LSKUSDT,2024-03-04 00:00:00.000,0.00052097,1.64770000,Regular
LSKUSDT,2024-03-04 04:00:00.001,0.00062469,1.59920000,Regular
LSKUSDT,2024-03-04 08:00:00.000,0.00052073,1.63976402,Regular
LSKUSDT,2024-03-04 12:00:00.000,0.00038222,1.68884860,Regular
LSKUSDT,2024-03-04 16:00:00.000,0.00046339,1.73787976,Regular
LSKUSDT,2024-03-04 20:00:00.000,0.00050654,1.70950000,Regular
LSKUSDT,2024-03-05 00:00:00.000,0.00028195,1.74951587,Regular
LSKUSDT,2024-03-05 04:00:00.000,5e-05,1.85050000,Regular
LSKUSDT,2024-03-05 08:00:00.000,-0.00189816,2.33019871,Regular
LSKUSDT,2024-03-05 12:00:00.000,0.00200934,2.49490000,Regular
LSKUSDT,2024-03-05 16:00:00.000,0.00103657,2.34690000,Regular
LSKUSDT,2024-03-05 20:00:00.000,0.00063878,2.38150386,Regular
LSKUSDT,2024-03-06 00:00:00.000,5e-05,2.75360000,Regular
LSKUSDT,2024-03-06 04:00:00.000,5e-05,2.11688244,Regular
LSKUSDT,2024-03-06 08:00:00.001,-0.00048562,2.49698352,Regular
LSKUSDT,2024-03-06 12:00:00.000,0.00019071,2.39750000,Regular
LSKUSDT,2024-03-06 16:00:00.000,5.86e-05,2.30835796,Regular
LSKUSDT,2024-03-06 20:00:00.000,5e-05,2.28334085,Regular
LSKUSDT,2024-03-07 00:00:00.000,5e-05,2.31936755,Regular
LSKUSDT,2024-03-07 04:00:00.000,5e-05,2.15825475,Regular
LSKUSDT,2024-03-07 08:00:00.000,6.579e-05,2.14599686,Regular
LSKUSDT,2024-03-07 12:00:00.001,8.518e-05,2.14210000,Regular
LSKUSDT,2024-03-07 16:00:00.000,0.00025265,2.14200444,Regular
LSKUSDT,2024-03-07 20:00:00.000,5e-05,2.14678660,Regular
LSKUSDT,2024-03-08 00:00:00.000,0.00053613,2.16850000,Regular
LSKUSDT,2024-03-08 04:00:00.000,0.00053955,2.14060000,Regular
LSKUSDT,2024-03-08 08:00:00.000,0.00045621,2.13880000,Regular
LSKUSDT,2024-03-08 12:00:00.000,0.00056864,2.13770000,Regular
LSKUSDT,2024-03-08 16:00:00.000,0.00042204,2.09620000,Regular
LSKUSDT,2024-03-08 20:00:00.000,0.00053034,2.12270000,Regular
LSKUSDT,2024-03-09 00:00:00.000,0.00049166,2.13516933,Regular
LSKUSDT,2024-03-09 04:00:00.000,0.00055708,2.12720000,Regular
LSKUSDT,2024-03-09 08:00:00.001,0.0007269,2.22170000,Regular
LSKUSDT,2024-03-09 12:00:00.001,0.000598,2.18010000,Regular
LSKUSDT,2024-03-09 16:00:00.000,0.00079058,2.18781432,Regular
LSKUSDT,2024-03-09 20:00:00.000,0.00056627,2.17341865,Regular
LSKUSDT,2024-03-10 00:00:00.000,0.00052449,2.19015244,Regular
LSKUSDT,2024-03-10 04:00:00.000,0.00074111,2.15710000,Regular
LSKUSDT,2024-03-10 08:00:00.000,0.00041985,2.14893790,Regular
LSKUSDT,2024-03-10 12:00:00.000,0.00056875,2.13293666,Regular
LSKUSDT,2024-03-10 16:00:00.000,0.00045478,2.11280976,Regular
LSKUSDT,2024-03-10 20:00:00.000,0.0005395,2.13950041,Regular
LSKUSDT,2024-03-11 00:00:00.000,0.00046046,2.12150000,Regular
LSKUSDT,2024-03-11 04:00:00.000,0.00031423,2.06290453,Regular
LSKUSDT,2024-03-11 08:00:00.000,0.00030707,2.10243059,Regular
LSKUSDT,2024-03-11 12:00:00.000,0.00060272,2.11490000,Regular
LSKUSDT,2024-03-11 16:00:00.000,0.00027531,2.10538529,Regular
LSKUSDT,2024-03-11 20:00:00.001,0.00038819,2.12700000,Regular
LSKUSDT,2024-03-12 00:00:00.000,0.00058021,2.16791923,Regular
LSKUSDT,2024-03-12 04:00:00.000,0.00064428,2.12220000,Regular
LSKUSDT,2024-03-12 08:00:00.000,0.00019915,2.08430000,Regular
LSKUSDT,2024-03-12 12:00:00.000,0.0002093,2.08394128,Regular
LSKUSDT,2024-03-12 16:00:00.000,0.00042988,2.12182444,Regular
LSKUSDT,2024-03-12 20:00:00.000,0.00051108,2.11885293,Regular
LSKUSDT,2024-03-13 00:00:00.000,0.00070807,2.12230000,Regular
LSKUSDT,2024-03-13 04:00:00.000,7.265e-05,2.16204441,Regular
LSKUSDT,2024-03-13 08:00:00.001,0.00015538,2.16428029,Regular
LSKUSDT,2024-03-13 12:00:00.000,0.00037939,2.12523863,Regular
LSKUSDT,2024-03-13 16:00:00.000,0.00042412,2.11050004,Regular
LSKUSDT,2024-03-13 20:00:00.000,0.00025365,2.12620000,Regular
LSKUSDT,2024-03-14 00:00:00.001,0.00051323,2.12540673,Regular
LSKUSDT,2024-03-14 04:00:00.000,0.00041307,2.10456393,Regular
LSKUSDT,2024-03-14 08:00:00.000,0.00045037,2.10082519,Regular
LSKUSDT,2024-03-14 12:00:00.000,0.00063992,2.09050000,Regular
LSKUSDT,2024-03-14 16:00:00.000,0.00027849,2.02000000,Regular
LSKUSDT,2024-03-14 20:00:00.001,0.00032965,1.98520000,Regular
LSKUSDT,2024-03-15 00:00:00.000,0.0003945,2.07156587,Regular
LSKUSDT,2024-03-15 04:00:00.000,0.00031646,1.92724468,Regular
LSKUSDT,2024-03-15 08:00:00.000,0.00011827,1.93181110,Regular
LSKUSDT,2024-03-15 12:00:00.000,5.899e-05,1.86153658,Regular
LSKUSDT,2024-03-15 16:00:00.000,9.789e-05,1.87900535,Regular
LSKUSDT,2024-03-15 20:00:00.000,0.00016094,1.88926212,Regular
LSKUSDT,2024-03-16 00:00:00.000,0.00016336,1.90915460,Regular
LSKUSDT,2024-03-16 04:00:00.000,0.00028599,1.92550000,Regular
LSKUSDT,2024-03-16 08:00:00.000,0.00025978,1.92845753,Regular
LSKUSDT,2024-03-16 12:00:00.000,5e-05,1.88661214,Regular
LSKUSDT,2024-03-16 16:00:00.000,0.00029366,1.85224433,Regular
LSKUSDT,2024-03-16 20:00:00.000,5e-05,1.75302269,Regular
LSKUSDT,2024-03-17 00:00:00.000,5e-05,1.75198285,Regular
LSKUSDT,2024-03-17 04:00:00.000,0.00032454,1.77010000,Regular
LSKUSDT,2024-03-17 08:00:00.000,6.584e-05,1.69064567,Regular
LSKUSDT,2024-03-17 12:00:00.000,5e-05,1.77650000,Regular
LSKUSDT,2024-03-17 16:00:00.000,5e-05,1.87310000,Regular
LSKUSDT,2024-03-17 20:00:00.000,0.00026149,1.86530000,Regular
LSKUSDT,2024-03-18 00:00:00.000,0.00027579,1.85880000,Regular
LSKUSDT,2024-03-18 04:00:00.001,5e-05,1.93440000,Regular
LSKUSDT,2024-03-18 08:00:00.000,5e-05,1.93071860,Regular
LSKUSDT,2024-03-18 12:00:00.000,5e-05,1.89830000,Regular
LSKUSDT,2024-03-18 16:00:00.001,5e-05,1.86159979,Regular
LSKUSDT,2024-03-18 20:00:00.001,5e-05,1.82910843,Regular
LSKUSDT,2024-03-19 00:00:00.000,0.00010224,1.86215678,Regular
LSKUSDT,2024-03-19 04:00:00.000,5e-05,1.70881939,Regular
LSKUSDT,2024-03-19 08:00:00.000,5e-05,1.68012658,Regular
LSKUSDT,2024-03-19 12:00:00.000,5e-05,1.67505728,Regular
LSKUSDT,2024-03-19 16:00:00.001,5e-05,1.72725945,Regular
LSKUSDT,2024-03-19 20:00:00.000,5e-05,1.73133434,Regular
LSKUSDT,2024-03-20 00:00:00.000,5e-05,1.62970000,Regular
LSKUSDT,2024-03-20 04:00:00.000,5e-05,1.61570000,Regular
LSKUSDT,2024-03-20 08:00:00.004,5e-05,1.65660000,Regular
LSKUSDT,2024-03-20 12:00:00.001,5e-05,1.67248535,Regular
LSKUSDT,2024-03-20 16:00:00.000,5e-05,1.65887025,Regular
LSKUSDT,2024-03-20 20:00:00.000,5e-05,1.75140000,Regular
LSKUSDT,2024-03-21 00:00:00.000,5e-05,1.78240000,Regular
LSKUSDT,2024-03-21 04:00:00.000,5.902e-05,1.80450000,Regular
LSKUSDT,2024-03-21 08:00:00.000,5e-05,1.78575057,Regular
LSKUSDT,2024-03-21 12:00:00.013,5e-05,1.80915472,Regular
LSKUSDT,2024-03-21 16:00:00.000,5e-05,1.80778444,Regular
LSKUSDT,2024-03-21 20:00:00.000,5e-05,1.78018984,Regular
LSKUSDT,2024-03-22 00:00:00.000,5e-05,1.79553211,Regular
LSKUSDT,2024-03-22 04:00:00.000,6.674e-05,1.80250000,Regular
LSKUSDT,2024-03-22 08:00:00.000,5e-05,1.81320000,Regular
LSKUSDT,2024-03-22 12:00:00.000,5e-05,1.74788194,Regular
LSKUSDT,2024-03-22 16:00:00.000,5e-05,1.72438303,Regular
LSKUSDT,2024-03-22 20:00:00.000,0.00015653,1.72680000,Regular
LSKUSDT,2024-03-23 00:00:00.000,5e-05,1.72935210,Regular
LSKUSDT,2024-03-23 04:00:00.000,6.056e-05,1.72797267,Regular
LSKUSDT,2024-03-23 08:00:00.000,5e-05,1.75503028,Regular
LSKUSDT,2024-03-23 12:00:00.000,5e-05,1.75380037,Regular
LSKUSDT,2024-03-23 16:00:00.000,6.764e-05,1.78150000,Regular
LSKUSDT,2024-03-23 20:00:00.000,5e-05,1.81354705,Regular
LSKUSDT,2024-03-24 00:00:00.000,5e-05,1.77653564,Regular
LSKUSDT,2024-03-24 04:00:00.001,5e-05,1.87812900,Regular
LSKUSDT,2024-03-24 08:00:00.000,-2.553e-05,1.88353741,Regular
LSKUSDT,2024-03-24 12:00:00.000,-0.00266955,1.95908786,Regular
LSKUSDT,2024-03-24 16:00:00.000,-0.00150043,1.98810000,Regular
LSKUSDT,2024-03-24 20:00:00.000,-0.00035791,2.03130000,Regular
LSKUSDT,2024-03-25 00:00:00.000,5e-05,2.00035845,Regular
LSKUSDT,2024-03-25 04:00:00.000,-0.00182174,2.04292425,Regular
LSKUSDT,2024-03-25 08:00:00.001,-0.00048227,2.04500980,Regular
LSKUSDT,2024-03-25 12:00:00.000,-7.257e-05,2.01871463,Regular
LSKUSDT,2024-03-25 16:00:00.000,5e-05,2.02398084,Regular
LSKUSDT,2024-03-25 20:00:00.000,5e-05,2.03826027,Regular
LSKUSDT,2024-03-26 00:00:00.000,5e-05,2.03360159,Regular
LSKUSDT,2024-03-26 04:00:00.000,5e-05,2.02880000,Regular
LSKUSDT,2024-03-26 08:00:00.000,5e-05,2.04310000,Regular
LSKUSDT,2024-03-26 12:00:00.000,9.445e-05,2.06120000,Regular
LSKUSDT,2024-03-26 16:00:00.000,5e-05,2.11334252,Regular
LSKUSDT,2024-03-26 20:00:00.000,5e-05,2.11487440,Regular
LSKUSDT,2024-03-27 00:00:00.000,0.00010032,2.11665250,Regular
LSKUSDT,2024-03-27 04:00:00.000,0.00013034,2.06920000,Regular
LSKUSDT,2024-03-27 08:00:00.001,0.00026502,2.00650000,Regular
LSKUSDT,2024-03-27 12:00:00.001,0.00037947,2.03590000,Regular
LSKUSDT,2024-03-27 16:00:00.000,8.153e-05,1.97716735,Regular
LSKUSDT,2024-03-27 20:00:00.000,0.00022301,1.98400000,Regular
LSKUSDT,2024-03-28 00:00:00.000,0.00019584,1.98860297,Regular
LSKUSDT,2024-03-28 04:00:00.000,0.00016649,1.94870000,Regular
LSKUSDT,2024-03-28 08:00:00.000,0.00042814,2.01308346,Regular
LSKUSDT,2024-03-28 12:00:00.000,0.00023621,2.01051438,Regular
LSKUSDT,2024-03-28 16:00:00.000,0.00023955,2.04283985,Regular
LSKUSDT,2024-03-28 20:00:00.000,0.00041978,2.03710000,Regular
LSKUSDT,2024-03-29 00:00:00.000,0.00039171,2.02623245,Regular
LSKUSDT,2024-03-29 04:00:00.000,0.0002513,2.00450000,Regular
LSKUSDT,2024-03-29 08:00:00.000,0.00018665,1.96778996,Regular
LSKUSDT,2024-03-29 12:00:00.000,0.00050249,2.00780000,Regular
LSKUSDT,2024-03-29 16:00:00.000,0.00028758,1.98688385,Regular
LSKUSDT,2024-03-29 20:00:00.000,0.00030427,1.99050000,Regular
LSKUSDT,2024-03-30 00:00:00.000,0.00037089,2.00092215,Regular
LSKUSDT,2024-03-30 04:00:00.000,8.359e-05,1.99952049,Regular
LSKUSDT,2024-03-30 08:00:00.000,0.00015412,1.99107637,Regular
LSKUSDT,2024-03-30 12:00:00.001,0.00042276,2.00410000,Regular
LSKUSDT,2024-03-30 16:00:00.000,0.00049887,1.98641271,Regular
LSKUSDT,2024-03-30 20:00:00.000,0.00041683,1.98110000,Regular
LSKUSDT,2024-03-31 00:00:00.000,0.00043636,1.95108969,Regular
LSKUSDT,2024-03-31 04:00:00.000,0.00020736,1.95500000,Regular
LSKUSDT,2024-03-31 08:00:00.000,6.7e-05,1.97434488,Regular
LSKUSDT,2024-03-31 12:00:00.000,0.00058985,1.98010000,Regular
LSKUSDT,2024-03-31 16:00:00.001,0.00033123,1.98970000,Regular
LSKUSDT,2024-03-31 20:00:00.000,0.00038057,1.99949482,Regular
LSKUSDT,2024-04-01 00:00:00.000,0.00030665,2.00330000,Regular
LSKUSDT,2024-04-01 04:00:00.000,0.00055641,1.98840685,Regular
LSKUSDT,2024-04-01 08:00:00.000,0.00032006,1.91960000,Regular
LSKUSDT,2024-04-01 12:00:00.000,0.00024838,1.87730760,Regular
LSKUSDT,2024-04-01 16:00:00.000,0.00012071,1.84267777,Regular
LSKUSDT,2024-04-01 20:00:00.000,0.0003916,1.88210000,Regular
LSKUSDT,2024-04-02 00:00:00.007,0.00013899,1.89840009,Regular
LSKUSDT,2024-04-02 04:00:00.000,5e-05,1.80810164,Regular
LSKUSDT,2024-04-02 08:00:00.015,5e-05,1.79037238,Regular
LSKUSDT,2024-04-02 12:00:00.000,5e-05,1.76537992,Regular
LSKUSDT,2024-04-02 16:00:00.000,0.00015937,1.75237257,Regular
LSKUSDT,2024-04-02 20:00:00.000,5e-05,1.79328931,Regular
LSKUSDT,2024-04-03 00:00:00.000,5e-05,1.77949799,Regular
LSKUSDT,2024-04-03 04:00:00.000,0.00014068,1.80036622,Regular
LSKUSDT,2024-04-03 08:00:00.000,5e-05,1.81346623,Regular
LSKUSDT,2024-04-03 12:00:00.000,5e-05,1.85317587,Regular
LSKUSDT,2024-04-03 16:00:00.000,5e-05,1.88210713,Regular
LSKUSDT,2024-04-03 20:00:00.000,5e-05,1.89630000,Regular
LSKUSDT,2024-04-04 00:00:00.000,5e-05,1.88718602,Regular
LSKUSDT,2024-04-04 04:00:00.000,5e-05,1.84230000,Regular
LSKUSDT,2024-04-04 08:00:00.000,7.639e-05,1.85124463,Regular
LSKUSDT,2024-04-04 12:00:00.000,-6.72e-05,1.89236667,Regular
LSKUSDT,2024-04-04 16:00:00.000,5e-05,1.94070185,Regular
LSKUSDT,2024-04-04 20:00:00.000,5e-05,1.93902616,Regular
LSKUSDT,2024-04-05 00:00:00.000,5e-05,1.95710652,Regular
LSKUSDT,2024-04-05 04:00:00.000,5e-05,2.05007327,Regular
LSKUSDT,2024-04-05 08:00:00.000,5e-05,2.04470000,Regular
LSKUSDT,2024-04-05 12:00:00.000,-0.00127455,1.90730000,Regular
LSKUSDT,2024-04-05 16:00:00.000,-0.00036867,1.98343771,Regular
LSKUSDT,2024-04-05 20:00:00.000,5e-05,2.00379555,Regular
LSKUSDT,2024-04-06 00:00:00.000,5e-05,2.02490000,Regular
LSKUSDT,2024-04-06 04:00:00.000,5e-05,1.96773259,Regular
LSKUSDT,2024-04-06 08:00:00.000,5e-05,1.98840000,Regular
LSKUSDT,2024-04-06 12:00:00.000,5e-05,1.95793957,Regular
LSKUSDT,2024-04-06 16:00:00.000,5e-05,1.96051187,Regular
LSKUSDT,2024-04-06 20:00:00.000,5e-05,1.96384512,Regular
LSKUSDT,2024-04-07 00:00:00.000,5e-05,1.98559783,Regular
LSKUSDT,2024-04-07 04:00:00.000,5e-05,1.96510000,Regular
LSKUSDT,2024-04-07 08:00:00.000,9.513e-05,1.96890000,Regular
LSKUSDT,2024-04-07 12:00:00.001,5e-05,1.95268567,Regular
LSKUSDT,2024-04-07 16:00:00.000,5e-05,1.94450000,Regular
LSKUSDT,2024-04-07 20:00:00.000,5e-05,1.92730000,Regular
LSKUSDT,2024-04-08 00:00:00.001,5e-05,1.93748987,Regular
LSKUSDT,2024-04-08 04:00:00.000,5e-05,1.87858499,Regular
LSKUSDT,2024-04-08 08:00:00.000,5e-05,1.92424331,Regular
LSKUSDT,2024-04-08 12:00:00.000,5e-05,1.96770000,Regular
LSKUSDT,2024-04-08 16:00:00.006,5e-05,1.98354041,Regular
LSKUSDT,2024-04-08 20:00:00.001,0.00019143,2.00222080,Regular
LSKUSDT,2024-04-09 00:00:00.000,5e-05,1.99910000,Regular
LSKUSDT,2024-04-09 04:00:00.000,0.00016055,1.98306964,Regular
LSKUSDT,2024-04-09 08:00:00.001,5.167e-05,1.94268251,Regular
LSKUSDT,2024-04-09 12:00:00.000,9.635e-05,1.95120000,Regular
LSKUSDT,2024-04-09 16:00:00.001,0.00014294,1.91352949,Regular
LSKUSDT,2024-04-09 20:00:00.000,0.00017049,1.90430000,Regular
LSKUSDT,2024-04-10 00:00:00.000,5e-05,1.88027791,Regular
LSKUSDT,2024-04-10 04:00:00.000,5e-05,1.87496710,Regular
LSKUSDT,2024-04-10 08:00:00.001,0.0001447,1.88003691,Regular
LSKUSDT,2024-04-10 12:00:00.002,5e-05,1.85590000,Regular
LSKUSDT,2024-04-10 16:00:00.000,5e-05,1.84327388,Regular
LSKUSDT,2024-04-10 20:00:00.000,5e-05,1.85767099,Regular
LSKUSDT,2024-04-11 00:00:00.000,5e-05,1.87328930,Regular
LSKUSDT,2024-04-11 04:00:00.001,5e-05,1.91120000,Regular
LSKUSDT,2024-04-11 08:00:00.000,5e-05,1.92800000,Regular
LSKUSDT,2024-04-11 12:00:00.000,5e-05,1.87162095,Regular
LSKUSDT,2024-04-11 16:00:00.000,7.801e-05,1.89420000,Regular
LSKUSDT,2024-04-11 20:00:00.000,7.705e-05,1.88623744,Regular
LSKUSDT,2024-04-12 00:00:00.000,0.00028325,1.87691194,Regular
LSKUSDT,2024-04-12 04:00:00.000,5e-05,1.86390137,Regular
LSKUSDT,2024-04-12 08:00:00.001,5e-05,1.85908535,Regular
LSKUSDT,2024-04-12 12:00:00.000,5e-05,1.86760000,Regular
LSKUSDT,2024-04-12 16:00:00.000,9.71e-05,1.79320000,Regular
LSKUSDT,2024-04-12 20:00:00.000,5e-05,1.53226086,Regular
LSKUSDT,2024-04-13 00:00:00.000,5e-05,1.57924157,Regular
LSKUSDT,2024-04-13 04:00:00.000,5e-05,1.54854464,Regular
LSKUSDT,2024-04-13 08:00:00.000,5e-05,1.56220000,Regular
LSKUSDT,2024-04-13 12:00:00.000,5e-05,1.55370000,Regular
LSKUSDT,2024-04-13 16:00:00.001,5e-05,1.54920000,Regular
LSKUSDT,2024-04-13 20:00:00.001,5e-05,1.35476445,Regular
LSKUSDT,2024-04-14 00:00:00.000,2.703e-05,1.36543394,Regular
LSKUSDT,2024-04-14 04:00:00.000,5e-05,1.36510000,Regular
LSKUSDT,2024-04-14 08:00:00.000,5e-05,1.45480000,Regular
LSKUSDT,2024-04-14 12:00:00.000,3.292e-05,1.39723731,Regular
LSKUSDT,2024-04-14 16:00:00.000,5e-05,1.41161138,Regular
LSKUSDT,2024-04-14 20:00:00.000,5e-05,1.41977694,Regular
LSKUSDT,2024-04-15 00:00:00.000,5e-05,1.47098942,Regular
LSKUSDT,2024-04-15 04:00:00.000,5e-05,1.44707452,Regular
LSKUSDT,2024-04-15 08:00:00.001,5e-05,1.51492971,Regular
LSKUSDT,2024-04-15 12:00:00.000,5e-05,1.49650000,Regular
LSKUSDT,2024-04-15 16:00:00.000,5e-05,1.44709627,Regular
LSKUSDT,2024-04-15 20:00:00.000,5e-05,1.40430619,Regular
LSKUSDT,2024-04-16 00:00:00.001,5e-05,1.39376155,Regular
LSKUSDT,2024-04-16 04:00:00.000,-0.00040336,1.45360000,Regular
LSKUSDT,2024-04-16 08:00:00.000,-0.00023336,1.43827524,Regular
LSKUSDT,2024-04-16 12:00:00.000,-7.107e-05,1.41971645,Regular
LSKUSDT,2024-04-16 16:00:00.000,-5.944e-05,1.36864214,Regular
LSKUSDT,2024-04-16 20:00:00.000,-8.026e-05,1.41360000,Regular
LSKUSDT,2024-04-17 00:00:00.000,-3.81e-06,1.42832085,Regular
LSKUSDT,2024-04-17 04:00:00.001,5e-05,1.41957306,Regular
LSKUSDT,2024-04-17 08:00:00.000,5e-05,1.43260000,Regular
LSKUSDT,2024-04-17 12:00:00.000,-0.00022611,1.39291649,Regular
LSKUSDT,2024-04-17 16:00:00.000,6.4e-07,1.39217922,Regular
LSKUSDT,2024-04-17 20:00:00.000,5e-05,1.44215586,Regular
LSKUSDT,2024-04-18 00:00:00.000,-6.056e-05,1.41712550,Regular
LSKUSDT,2024-04-18 04:00:00.000,5e-05,1.43972001,Regular
LSKUSDT,2024-04-18 08:00:00.000,1.221e-05,1.40227447,Regular
LSKUSDT,2024-04-18 12:00:00.002,-7.56e-06,1.45170056,Regular
LSKUSDT,2024-04-18 16:00:00.000,-0.00089242,1.56420000,Regular
LSKUSDT,2024-04-18 20:00:00.000,-0.00065817,1.59570000,Regular
LSKUSDT,2024-04-19 00:00:00.001,-0.00729365,1.77843605,Regular
LSKUSDT,2024-04-19 04:00:00.000,-0.00272634,1.63913164,Regular
LSKUSDT,2024-04-19 08:00:00.000,-0.00227264,1.72720000,Regular
LSKUSDT,2024-04-19 12:00:00.001,-0.00184312,1.75219593,Regular
LSKUSDT,2024-04-19 16:00:00.000,-0.00103761,1.72602793,Regular
LSKUSDT,2024-04-19 20:00:00.000,-0.00021056,1.76540000,Regular
LSKUSDT,2024-04-20 00:00:00.000,-0.00029251,1.74170000,Regular
LSKUSDT,2024-04-20 04:00:00.001,-7.361e-05,1.74604821,Regular
LSKUSDT,2024-04-20 08:00:00.000,-2.574e-05,1.76630000,Regular
LSKUSDT,2024-04-20 12:00:00.001,2.906e-05,1.72645717,Regular
LSKUSDT,2024-04-20 16:00:00.000,5e-05,1.76370000,Regular
LSKUSDT,2024-04-20 20:00:00.001,-0.00031257,1.76960000,Regular
LSKUSDT,2024-04-21 00:00:00.000,-0.00061948,1.76900000,Regular
LSKUSDT,2024-04-21 04:00:00.000,-0.00026837,1.76128246,Regular
LSKUSDT,2024-04-21 08:00:00.000,-0.00011151,1.79659786,Regular
LSKUSDT,2024-04-21 12:00:00.000,5e-05,1.78129379,Regular
LSKUSDT,2024-04-21 16:00:00.000,1.229e-05,1.78630000,Regular
LSKUSDT,2024-04-21 20:00:00.000,4.41e-06,1.77970067,Regular
LSKUSDT,2024-04-22 00:00:00.000,-0.00028699,1.83991804,Regular
LSKUSDT,2024-04-22 04:00:00.000,5e-05,1.85480000,Regular
LSKUSDT,2024-04-22 08:00:00.000,9.12e-06,1.86060000,Regular
LSKUSDT,2024-04-22 12:00:00.000,5e-05,1.88770000,Regular
LSKUSDT,2024-04-22 16:00:00.000,5e-05,1.88970000,Regular
LSKUSDT,2024-04-22 20:00:00.000,5e-05,1.88041149,Regular
LSKUSDT,2024-04-23 00:00:00.000,5e-05,1.88361750,Regular
LSKUSDT,2024-04-23 04:00:00.000,2.054e-05,1.84664829,Regular
LSKUSDT,2024-04-23 08:00:00.000,5e-05,1.82690000,Regular
LSKUSDT,2024-04-23 12:00:00.000,5e-05,1.82664800,Regular
LSKUSDT,2024-04-23 16:00:00.001,5e-05,1.81701295,Regular
LSKUSDT,2024-04-23 20:00:00.000,5e-05,1.78580471,Regular
LSKUSDT,2024-04-24 00:00:00.000,5e-05,1.78964321,Regular
LSKUSDT,2024-04-24 04:00:00.000,5e-05,1.74886790,Regular
LSKUSDT,2024-04-24 08:00:00.000,5e-05,1.73143467,Regular
LSKUSDT,2024-04-24 12:00:00.000,5e-05,1.74790000,Regular
LSKUSDT,2024-04-24 16:00:00.000,5e-05,1.66160000,Regular
LSKUSDT,2024-04-24 20:00:00.000,3.363e-05,1.67342680,Regular
LSKUSDT,2024-04-25 00:00:00.000,5e-05,1.65210000,Regular
LSKUSDT,2024-04-25 04:00:00.000,5e-05,1.62090000,Regular
LSKUSDT,2024-04-25 08:00:00.000,-0.00548348,1.73036666,Regular
LSKUSDT,2024-04-25 12:00:00.000,-0.00347399,1.81564504,Regular
LSKUSDT,2024-04-25 16:00:00.010,-0.00038356,1.85657028,Regular
LSKUSDT,2024-04-25 20:00:00.000,-0.00181239,2.05461870,Regular
LSKUSDT,2024-04-26 00:00:00.001,-0.00034014,1.90799018,Regular
LSKUSDT,2024-04-26 04:00:00.000,-0.00063043,1.82469905,Regular
LSKUSDT,2024-04-26 08:00:00.000,-0.00087574,1.83391606,Regular
LSKUSDT,2024-04-26 12:00:00.000,-0.00054699,1.77340000,Regular
LSKUSDT,2024-04-26 16:00:00.000,-0.00060217,1.75037524,Regular
LSKUSDT,2024-04-26 20:00:00.000,-0.00208634,1.74495487,Regular
LSKUSDT,2024-04-27 00:00:00.000,-0.00097665,1.72692351,Regular
LSKUSDT,2024-04-27 04:00:00.000,-0.00114067,1.63900000,Regular
LSKUSDT,2024-04-27 08:00:00.001,-0.00077265,1.64644441,Regular
LSKUSDT,2024-04-27 12:00:00.000,-7.17e-05,1.64375656,Regular
LSKUSDT,2024-04-27 16:00:00.000,-0.00100167,1.63010000,Regular
LSKUSDT,2024-04-27 20:00:00.000,-0.00055774,1.65051684,Regular
LSKUSDT,2024-04-28 00:00:00.000,-7.583e-05,1.67379176,Regular
LSKUSDT,2024-04-28 04:00:00.000,-9.831e-05,1.68610000,Regular
LSKUSDT,2024-04-28 08:00:00.000,-0.00010333,1.70004182,Regular
LSKUSDT,2024-04-28 12:00:00.000,-0.00016622,1.67120000,Regular
LSKUSDT,2024-04-28 16:00:00.000,5e-05,1.68744611,Regular
LSKUSDT,2024-04-28 20:00:00.000,5e-05,1.70579498,Regular
LSKUSDT,2024-04-29 00:00:00.000,3.925e-05,1.66851236,Regular
LSKUSDT,2024-04-29 04:00:00.000,5e-05,1.62916991,Regular
LSKUSDT,2024-04-29 08:00:00.000,5e-05,1.63597482,Regular
LSKUSDT,2024-04-29 12:00:00.000,5e-05,1.64570000,Regular
LSKUSDT,2024-04-29 16:00:00.000,5e-05,1.68051902,Regular
LSKUSDT,2024-04-29 20:00:00.000,-2.487e-05,1.67726354,Regular
LSKUSDT,2024-04-30 00:00:00.000,5e-05,1.67280000,Regular
LSKUSDT,2024-04-30 04:00:00.000,5e-05,1.65660000,Regular
LSKUSDT,2024-04-30 08:00:00.000,2.179e-05,1.63750000,Regular
LSKUSDT,2024-04-30 12:00:00.000,5e-05,1.57317244,Regular
LSKUSDT,2024-04-30 16:00:00.000,5e-05,1.56567172,Regular
LSKUSDT,2024-04-30 20:00:00.000,5e-05,1.57022202,Regular
LSKUSDT,2024-05-01 00:00:00.000,2.07e-06,1.58350000,Regular
LSKUSDT,2024-05-01 04:00:00.000,5e-05,1.58806754,Regular
LSKUSDT,2024-05-01 08:00:00.000,5e-05,1.57584670,Regular
LSKUSDT,2024-05-01 12:00:00.000,-0.00032039,1.62997759,Regular
LSKUSDT,2024-05-01 16:00:00.000,-1.933e-05,1.62717216,Regular
LSKUSDT,2024-05-01 20:00:00.000,5e-05,1.68973447,Regular
LSKUSDT,2024-05-02 00:00:00.000,5e-05,1.69430000,Regular
LSKUSDT,2024-05-02 04:00:00.000,-0.00020981,1.70950000,Regular
LSKUSDT,2024-05-02 08:00:00.000,-0.00069549,1.76150000,Regular
LSKUSDT,2024-05-02 12:00:00.000,5e-05,1.79005242,Regular
LSKUSDT,2024-05-02 16:00:00.002,5e-05,1.78966526,Regular
LSKUSDT,2024-05-02 20:00:00.000,-1.895e-05,1.82400541,Regular
LSKUSDT,2024-05-03 00:00:00.000,5e-05,1.79212337,Regular
LSKUSDT,2024-05-03 04:00:00.000,-9.365e-05,1.82003400,Regular
LSKUSDT,2024-05-03 08:00:00.000,5e-05,1.83833479,Regular
LSKUSDT,2024-05-03 12:00:00.000,-1.63e-05,1.86689627,Regular
LSKUSDT,2024-05-03 16:00:00.000,5e-05,1.88214611,Regular
LSKUSDT,2024-05-03 20:00:00.000,-0.00014848,1.87863810,Regular
LSKUSDT,2024-05-04 00:00:00.000,3.343e-05,1.87514700,Regular
LSKUSDT,2024-05-04 04:00:00.000,5e-05,1.85710000,Regular
LSKUSDT,2024-05-04 08:00:00.000,5e-05,1.97356457,Regular
LSKUSDT,2024-05-04 12:00:00.000,5e-05,1.95612511,Regular
LSKUSDT,2024-05-04 16:00:00.000,5e-05,2.01108932,Regular
LSKUSDT,2024-05-04 20:00:00.000,5e-05,1.98760000,Regular
LSKUSDT,2024-05-05 00:00:00.000,5e-05,1.95890000,Regular
LSKUSDT,2024-05-05 04:00:00.000,5e-05,1.90540000,Regular
LSKUSDT,2024-05-05 08:00:00.000,5e-05,1.91790985,Regular
LSKUSDT,2024-05-05 12:00:00.000,-0.00018969,1.91380000,Regular
LSKUSDT,2024-05-05 16:00:00.000,5e-05,1.90876794,Regular
LSKUSDT,2024-05-05 20:00:00.000,9.51e-06,1.90460000,Regular
LSKUSDT,2024-05-06 00:00:00.000,5e-05,1.91156816,Regular
LSKUSDT,2024-05-06 04:00:00.002,5e-05,1.88921124,Regular
LSKUSDT,2024-05-06 08:00:00.000,5e-05,1.92114486,Regular
LSKUSDT,2024-05-06 12:00:00.000,2.999e-05,1.89040000,Regular
LSKUSDT,2024-05-06 16:00:00.000,5e-05,1.89320000,Regular
LSKUSDT,2024-05-06 20:00:00.000,5e-05,1.91417547,Regular
LSKUSDT,2024-05-07 00:00:00.000,5e-05,1.93530000,Regular
LSKUSDT,2024-05-07 04:00:00.000,5e-05,1.92311537,Regular
LSKUSDT,2024-05-07 08:00:00.000,5e-05,1.90344577,Regular
LSKUSDT,2024-05-07 12:00:00.000,5e-05,1.89676737,Regular
LSKUSDT,2024-05-07 16:00:00.000,5e-05,1.91810397,Regular
LSKUSDT,2024-05-07 20:00:00.000,5e-05,1.89275553,Regular
LSKUSDT,2024-05-08 00:00:00.000,5e-05,1.84057916,Regular
LSKUSDT,2024-05-08 04:00:00.000,5e-05,1.87889440,Regular
LSKUSDT,2024-05-08 08:00:00.000,5e-05,1.90124833,Regular
LSKUSDT,2024-05-08 12:00:00.000,5e-05,1.93880074,Regular
LSKUSDT,2024-05-08 16:00:00.000,5e-05,1.95843142,Regular
LSKUSDT,2024-05-08 20:00:00.001,5e-05,1.97160784,Regular
LSKUSDT,2024-05-09 00:00:00.000,-6.67e-06,1.95000000,Regular
LSKUSDT,2024-05-09 04:00:00.000,5e-05,1.97580000,Regular
LSKUSDT,2024-05-09 08:00:00.000,5e-05,1.98682058,Regular
LSKUSDT,2024-05-09 12:00:00.000,5e-05,1.95911621,Regular
LSKUSDT,2024-05-09 16:00:00.000,3.17e-05,1.99485674,Regular
LSKUSDT,2024-05-09 20:00:00.000,5e-05,2.00538944,Regular
LSKUSDT,2024-05-10 00:00:00.000,5e-05,2.01250000,Regular
LSKUSDT,2024-05-10 04:00:00.001,5e-05,1.98027780,Regular
LSKUSDT,2024-05-10 08:00:00.000,5e-05,1.96449440,Regular
LSKUSDT,2024-05-10 12:00:00.001,5e-05,1.96040061,Regular
LSKUSDT,2024-05-10 16:00:00.000,5e-05,1.91592072,Regular
LSKUSDT,2024-05-10 20:00:00.000,4.725e-05,1.91427277,Regular
LSKUSDT,2024-05-11 00:00:00.000,-0.00048788,1.90738243,Regular
LSKUSDT,2024-05-11 04:00:00.000,1.875e-05,1.88750000,Regular
LSKUSDT,2024-05-11 08:00:00.000,5e-05,1.86007024,Regular
LSKUSDT,2024-05-11 12:00:00.000,5e-05,1.85042842,Regular
LSKUSDT,2024-05-11 16:00:00.000,5e-05,1.85048119,Regular
LSKUSDT,2024-05-11 20:00:00.000,3.929e-05,1.84170000,Regular
LSKUSDT,2024-05-12 00:00:00.000,5e-05,1.82868344,Regular
LSKUSDT,2024-05-12 04:00:00.001,5e-05,1.85018863,Regular
LSKUSDT,2024-05-12 08:00:00.000,5e-05,1.86009737,Regular
LSKUSDT,2024-05-12 12:00:00.001,5e-05,1.88322072,Regular
LSKUSDT,2024-05-12 16:00:00.000,5e-05,1.90770000,Regular
LSKUSDT,2024-05-12 20:00:00.000,5e-05,1.91760233,Regular
LSKUSDT,2024-05-13 00:00:00.001,5e-05,1.91040000,Regular
LSKUSDT,2024-05-13 04:00:00.000,5e-05,1.88581928,Regular
LSKUSDT,2024-05-13 08:00:00.001,5e-05,1.94029811,Regular
LSKUSDT,2024-05-13 12:00:00.000,5e-05,1.98350000,Regular
LSKUSDT,2024-05-13 16:00:00.000,5e-05,1.99780000,Regular
LSKUSDT,2024-05-13 20:00:00.000,5e-05,1.96217476,Regular
LSKUSDT,2024-05-14 00:00:00.000,-5.747e-05,1.94790000,Regular
LSKUSDT,2024-05-14 04:00:00.000,5e-05,1.98438351,Regular
LSKUSDT,2024-05-14 08:00:00.000,5e-05,1.97360222,Regular
LSKUSDT,2024-05-14 12:00:00.000,5e-05,1.99171910,Regular
LSKUSDT,2024-05-14 16:00:00.000,5e-05,1.97420000,Regular
LSKUSDT,2024-05-14 20:00:00.000,-0.00016974,1.89310737,Regular
LSKUSDT,2024-05-15 00:00:00.000,-2.641e-05,1.89535304,Regular
LSKUSDT,2024-05-15 04:00:00.000,-0.00019437,1.91150000,Regular
LSKUSDT,2024-05-15 08:00:00.000,-0.00012724,1.82896892,Regular
LSKUSDT,2024-05-15 12:00:00.000,-0.00104858,1.77740000,Regular
LSKUSDT,2024-05-15 16:00:00.000,-0.00118932,1.85860224,Regular
LSKUSDT,2024-05-15 20:00:00.000,-0.00049895,1.88489998,Regular
LSKUSDT,2024-05-16 00:00:00.004,-0.00092237,1.94052363,Regular
LSKUSDT,2024-05-16 04:00:00.000,-0.00025697,1.93110000,Regular
LSKUSDT,2024-05-16 08:00:00.000,-3.721e-05,1.93660475,Regular
LSKUSDT,2024-05-16 12:00:00.000,5e-05,1.96444944,Regular
LSKUSDT,2024-05-16 16:00:00.000,5e-05,1.97585982,Regular
LSKUSDT,2024-05-16 20:00:00.000,5e-05,1.97289250,Regular
LSKUSDT,2024-05-17 00:00:00.000,5e-05,1.96409406,Regular
LSKUSDT,2024-05-17 04:00:00.002,5e-05,1.97163689,Regular
LSKUSDT,2024-05-17 08:00:00.000,-2.875e-05,2.02899181,Regular
LSKUSDT,2024-05-17 12:00:00.000,5e-05,2.02253469,Regular
LSKUSDT,2024-05-17 16:00:00.000,5e-05,2.01720000,Regular
LSKUSDT,2024-05-17 20:00:00.000,5e-05,1.99454437,Regular
LSKUSDT,2024-05-18 00:00:00.000,-0.00012757,2.00441150,Regular
LSKUSDT,2024-05-18 04:00:00.000,2.841e-05,1.99770000,Regular
LSKUSDT,2024-05-18 08:00:00.000,5e-05,1.98190000,Regular
LSKUSDT,2024-05-18 12:00:00.000,5e-05,1.98120000,Regular
LSKUSDT,2024-05-18 16:00:00.000,5e-05,1.94451368,Regular
LSKUSDT,2024-05-18 20:00:00.000,1.299e-05,1.93200000,Regular
LSKUSDT,2024-05-19 00:00:00.000,-2.219e-05,1.91390000,Regular
LSKUSDT,2024-05-19 04:00:00.000,5e-05,1.89880000,Regular
LSKUSDT,2024-05-19 08:00:00.000,5e-05,1.86240000,Regular
LSKUSDT,2024-05-19 12:00:00.000,-1.985e-05,1.84892458,Regular
LSKUSDT,2024-05-19 16:00:00.000,5e-05,1.82910000,Regular
LSKUSDT,2024-05-19 20:00:00.001,5e-05,1.77750000,Regular
LSKUSDT,2024-05-20 00:00:00.000,5e-05,1.76332042,Regular
LSKUSDT,2024-05-20 04:00:00.000,5e-05,1.74651371,Regular
LSKUSDT,2024-05-20 08:00:00.000,5e-05,1.74634387,Regular
LSKUSDT,2024-05-20 12:00:00.001,5e-05,1.73111251,Regular
LSKUSDT,2024-05-20 16:00:00.003,-0.00089084,1.75330000,Regular
LSKUSDT,2024-05-20 20:00:00.004,-0.00097356,1.80295714,Regular
LSKUSDT,2024-05-21 00:00:00.000,-0.00079789,1.84312784,Regular
LSKUSDT,2024-05-21 04:00:00.000,5e-05,1.77713810,Regular
LSKUSDT,2024-05-21 08:00:00.001,-0.00100708,1.76580000,Regular
LSKUSDT,2024-05-21 12:00:00.001,-0.00057693,1.73930000,Regular
LSKUSDT,2024-05-21 16:00:00.000,5e-05,1.69236270,Regular
LSKUSDT,2024-05-21 20:00:00.000,5e-05,1.67272712,Regular
LSKUSDT,2024-05-22 00:00:00.000,-0.00114349,1.70346800,Regular
LSKUSDT,2024-05-22 04:00:00.000,-0.00042538,1.66212386,Regular
LSKUSDT,2024-05-22 08:00:00.000,-0.00013537,1.67062674,Regular
LSKUSDT,2024-05-22 12:00:00.000,2.046e-05,1.65667838,Regular
LSKUSDT,2024-05-22 16:00:00.000,5e-05,1.66828063,Regular
LSKUSDT,2024-05-22 20:00:00.000,-1.37e-05,1.65546380,Regular
LSKUSDT,2024-05-23 00:00:00.000,5e-05,1.66219181,Regular
LSKUSDT,2024-05-23 04:00:00.000,5e-05,1.67850000,Regular
LSKUSDT,2024-05-23 08:00:00.000,5e-05,1.68320000,Regular
LSKUSDT,2024-05-23 12:00:00.000,5e-05,1.68410000,Regular
LSKUSDT,2024-05-23 16:00:00.000,5e-05,1.64000000,Regular
LSKUSDT,2024-05-23 20:00:00.000,5e-05,1.63583624,Regular
LSKUSDT,2024-05-24 00:00:00.000,5e-05,1.65403855,Regular
LSKUSDT,2024-05-24 04:00:00.000,5e-05,1.66090000,Regular
LSKUSDT,2024-05-24 08:00:00.000,5e-05,1.62730000,Regular
LSKUSDT,2024-05-24 12:00:00.000,5e-05,1.64227744,Regular
LSKUSDT,2024-05-24 16:00:00.000,5e-05,1.64750000,Regular
LSKUSDT,2024-05-24 20:00:00.000,5e-05,1.65730777,Regular
LSKUSDT,2024-05-25 00:00:00.000,5e-05,1.66060000,Regular
LSKUSDT,2024-05-25 04:00:00.000,5e-05,1.65830000,Regular
LSKUSDT,2024-05-25 08:00:00.000,5e-05,1.66730000,Regular
LSKUSDT,2024-05-25 12:00:00.001,5e-05,1.67747779,Regular
LSKUSDT,2024-05-25 16:00:00.000,5e-05,1.67650000,Regular
LSKUSDT,2024-05-25 20:00:00.006,5e-05,1.67336527,Regular
LSKUSDT,2024-05-26 00:00:00.000,5e-05,1.67790000,Regular
LSKUSDT,2024-05-26 04:00:00.000,5e-05,1.67325072,Regular
LSKUSDT,2024-05-26 08:00:00.000,5e-05,1.66362754,Regular
LSKUSDT,2024-05-26 12:00:00.000,5e-05,1.65180000,Regular
LSKUSDT,2024-05-26 16:00:00.000,5e-05,1.64626308,Regular
LSKUSDT,2024-05-26 20:00:00.000,5e-05,1.63880000,Regular
LSKUSDT,2024-05-27 00:00:00.000,5e-05,1.63120000,Regular
LSKUSDT,2024-05-27 04:00:00.000,5e-05,1.63387778,Regular
LSKUSDT,2024-05-27 08:00:00.000,5e-05,1.62100000,Regular
LSKUSDT,2024-05-27 12:00:00.000,0.0004056,1.65220000,Regular
LSKUSDT,2024-05-27 16:00:00.000,5e-05,1.68849942,Regular
LSKUSDT,2024-05-27 20:00:00.000,5e-05,1.65423937,Regular
LSKUSDT,2024-05-28 00:00:00.000,5e-05,1.65967343,Regular
LSKUSDT,2024-05-28 04:00:00.000,5e-05,1.62078555,Regular
LSKUSDT,2024-05-28 08:00:00.000,5e-05,1.59680000,Regular
LSKUSDT,2024-05-28 12:00:00.000,5e-05,1.60921766,Regular
LSKUSDT,2024-05-28 16:00:00.000,5e-05,1.59970000,Regular
LSKUSDT,2024-05-28 20:00:00.000,5.011e-05,1.60440000,Regular
LSKUSDT,2024-05-29 00:00:00.001,5e-05,1.60141173,Regular
LSKUSDT,2024-05-29 04:00:00.000,5e-05,1.59471311,Regular
LSKUSDT,2024-05-29 08:00:00.000,5e-05,1.60020000,Regular
LSKUSDT,2024-05-29 12:00:00.000,5e-05,1.59835673,Regular
LSKUSDT,2024-05-29 16:00:00.000,5e-05,1.58872248,Regular
LSKUSDT,2024-05-29 20:00:00.000,5e-05,1.57820000,Regular
LSKUSDT,2024-05-30 00:00:00.000,5e-05,1.56535674,Regular
LSKUSDT,2024-05-30 04:00:00.000,0.00016774,1.58114925,Regular
LSKUSDT,2024-05-30 08:00:00.000,5e-05,1.51570000,Regular
LSKUSDT,2024-05-30 12:00:00.001,5e-05,1.52112403,Regular
LSKUSDT,2024-05-30 16:00:00.000,5e-05,1.57040000,Regular
LSKUSDT,2024-05-30 20:00:00.001,5e-05,1.55444963,Regular
LSKUSDT,2024-05-31 00:00:00.000,5e-05,1.53821166,Regular
LSKUSDT,2024-05-31 04:00:00.000,5e-05,1.52890000,Regular
LSKUSDT,2024-05-31 08:00:00.000,5e-05,1.51850000,Regular
LSKUSDT,2024-05-31 12:00:00.001,0.00013425,1.51809956,Regular
LSKUSDT,2024-05-31 16:00:00.000,5e-05,1.50430935,Regular
LSKUSDT,2024-05-31 20:00:00.000,0.00016326,1.52373876,Regular
LSKUSDT,2024-06-01 00:00:00.000,5e-05,1.51900000,Regular
LSKUSDT,2024-06-01 04:00:00.000,5e-05,1.49490000,Regular
LSKUSDT,2024-06-01 08:00:00.000,5e-05,1.49705950,Regular
LSKUSDT,2024-06-01 12:00:00.000,5e-05,1.49870000,Regular
LSKUSDT,2024-06-01 16:00:00.001,5e-05,1.49972359,Regular
LSKUSDT,2024-06-01 20:00:00.000,5e-05,1.50120000,Regular
LSKUSDT,2024-06-02 00:00:00.000,5e-05,1.50220000,Regular
LSKUSDT,2024-06-02 04:00:00.000,0.00016481,1.51727300,Regular
LSKUSDT,2024-06-02 08:00:00.000,5e-05,1.50550000,Regular
LSKUSDT,2024-06-02 12:00:00.000,0.00018365,1.53580000,Regular
LSKUSDT,2024-06-02 16:00:00.000,5e-05,1.53640000,Regular
LSKUSDT,2024-06-02 20:00:00.001,0.00020312,1.51810000,Regular
LSKUSDT,2024-06-03 00:00:00.000,5e-05,1.50630000,Regular
LSKUSDT,2024-06-03 04:00:00.000,5e-05,1.50997758,Regular
LSKUSDT,2024-06-03 08:00:00.000,5e-05,1.49164589,Regular
LSKUSDT,2024-06-03 12:00:00.000,5e-05,1.47232480,Regular
LSKUSDT,2024-06-03 16:00:00.000,5e-05,1.46918999,Regular
LSKUSDT,2024-06-03 20:00:00.000,0.00019276,1.46750000,Regular
LSKUSDT,2024-06-04 00:00:00.000,5e-05,1.45001756,Regular
LSKUSDT,2024-06-04 04:00:00.000,0.00010277,1.44450000,Regular
LSKUSDT,2024-06-04 08:00:00.000,5e-05,1.43780000,Regular
LSKUSDT,2024-06-04 12:00:00.001,0.00022456,1.45540000,Regular
LSKUSDT,2024-06-04 16:00:00.000,0.00018696,1.49573406,Regular
LSKUSDT,2024-06-04 20:00:00.000,5e-05,1.49100000,Regular
LSKUSDT,2024-06-05 00:00:00.000,5e-05,1.49478751,Regular
LSKUSDT,2024-06-05 04:00:00.000,0.00012214,1.50680000,Regular
LSKUSDT,2024-06-05 08:00:00.000,5e-05,1.50633407,Regular
LSKUSDT,2024-06-05 12:00:00.001,5e-05,1.50656980,Regular
LSKUSDT,2024-06-05 16:00:00.000,5e-05,1.51080000,Regular
LSKUSDT,2024-06-05 20:00:00.000,5e-05,1.53260000,Regular
LSKUSDT,2024-06-06 00:00:00.000,5e-05,1.52020000,Regular
LSKUSDT,2024-06-06 04:00:00.000,5e-05,1.53080000,Regular
LSKUSDT,2024-06-06 08:00:00.008,7.304e-05,1.52637641,Regular
LSKUSDT,2024-06-06 12:00:00.000,0.00034504,1.52680000,Regular
LSKUSDT,2024-06-06 16:00:00.000,5e-05,1.53280000,Regular
LSKUSDT,2024-06-06 20:00:00.000,5e-05,1.49870000,Regular
LSKUSDT,2024-06-07 00:00:00.000,0.00013775,1.51376895,Regular
LSKUSDT,2024-06-07 04:00:00.002,8.782e-05,1.50740000,Regular
LSKUSDT,2024-06-07 08:00:00.000,5e-05,1.51629586,Regular
LSKUSDT,2024-06-07 12:00:00.000,0.00027413,1.52788606,Regular
LSKUSDT,2024-06-07 16:00:00.000,5e-05,1.51370000,Regular
LSKUSDT,2024-06-07 20:00:00.000,5e-05,1.36378414,Regular
LSKUSDT,2024-06-08 00:00:00.000,5e-05,1.36948051,Regular
LSKUSDT,2024-06-08 04:00:00.000,5e-05,1.36620000,Regular
LSKUSDT,2024-06-08 08:00:00.000,5e-05,1.35580000,Regular
LSKUSDT,2024-06-08 12:00:00.000,5e-05,1.31780000,Regular
LSKUSDT,2024-06-08 16:00:00.000,5e-05,1.29839569,Regular
LSKUSDT,2024-06-08 20:00:00.000,5e-05,1.29130180,Regular
LSKUSDT,2024-06-09 00:00:00.000,5e-05,1.29180000,Regular
LSKUSDT,2024-06-09 04:00:00.000,5e-05,1.28721790,Regular
LSKUSDT,2024-06-09 08:00:00.000,5e-05,1.29347081,Regular
LSKUSDT,2024-06-09 12:00:00.000,5e-05,1.29940000,Regular
LSKUSDT,2024-06-09 16:00:00.001,5e-05,1.30334343,Regular
LSKUSDT,2024-06-09 20:00:00.000,5e-05,1.30995285,Regular
LSKUSDT,2024-06-10 00:00:00.000,5e-05,1.31065916,Regular
LSKUSDT,2024-06-10 04:00:00.000,5e-05,1.28493834,Regular
LSKUSDT,2024-06-10 08:00:00.000,5e-05,1.27240000,Regular
LSKUSDT,2024-06-10 12:00:00.000,5e-05,1.30000000,Regular
LSKUSDT,2024-06-10 16:00:00.001,5e-05,1.31090000,Regular
LSKUSDT,2024-06-10 20:00:00.000,5e-05,1.29120000,Regular
LSKUSDT,2024-06-11 00:00:00.001,5e-05,1.28130000,Regular
LSKUSDT,2024-06-11 04:00:00.000,5e-05,1.25570000,Regular
LSKUSDT,2024-06-11 08:00:00.000,5e-05,1.24582916,Regular
LSKUSDT,2024-06-11 12:00:00.001,5e-05,1.24470000,Regular
LSKUSDT,2024-06-11 16:00:00.000,5e-05,1.20567900,Regular
LSKUSDT,2024-06-11 20:00:00.000,5e-05,1.21949890,Regular
LSKUSDT,2024-06-12 00:00:00.000,5e-05,1.21110000,Regular
LSKUSDT,2024-06-12 04:00:00.000,5e-05,1.22260000,Regular
LSKUSDT,2024-06-12 08:00:00.000,5e-05,1.22567517,Regular
LSKUSDT,2024-06-12 12:00:00.001,5e-05,1.22647064,Regular
LSKUSDT,2024-06-12 16:00:00.000,5e-05,1.26789155,Regular
LSKUSDT,2024-06-12 20:00:00.000,5e-05,1.22842173,Regular
LSKUSDT,2024-06-13 00:00:00.000,5e-05,1.24340000,Regular
LSKUSDT,2024-06-13 04:00:00.000,5e-05,1.20550000,Regular
LSKUSDT,2024-06-13 08:00:00.001,5e-05,1.20536126,Regular
LSKUSDT,2024-06-13 12:00:00.000,5e-05,1.20692023,Regular
LSKUSDT,2024-06-13 16:00:00.000,5e-05,1.18250983,Regular
LSKUSDT,2024-06-13 20:00:00.000,5e-05,1.19335933,Regular
LSKUSDT,2024-06-14 00:00:00.000,5e-05,1.17734994,Regular
LSKUSDT,2024-06-14 04:00:00.000,5e-05,1.18402097,Regular
LSKUSDT,2024-06-14 08:00:00.000,5e-05,1.20330000,Regular
LSKUSDT,2024-06-14 12:00:00.001,5e-05,1.19930000,Regular
LSKUSDT,2024-06-14 16:00:00.000,5e-05,1.18089871,Regular
LSKUSDT,2024-06-14 20:00:00.000,5e-05,1.11626849,Regular
LSKUSDT,2024-06-15 00:00:00.000,5e-05,1.13209902,Regular
LSKUSDT,2024-06-15 04:00:00.000,5e-05,1.12120000,Regular
LSKUSDT,2024-06-15 08:00:00.000,5e-05,1.13710181,Regular
LSKUSDT,2024-06-15 12:00:00.000,5e-05,1.14660000,Regular
LSKUSDT,2024-06-15 16:00:00.000,5e-05,1.14666736,Regular
LSKUSDT,2024-06-15 20:00:00.000,5e-05,1.13584601,Regular
LSKUSDT,2024-06-16 00:00:00.001,5e-05,1.13170000,Regular
LSKUSDT,2024-06-16 04:00:00.000,5e-05,1.11101982,Regular
LSKUSDT,2024-06-16 08:00:00.000,5e-05,1.12360000,Regular
LSKUSDT,2024-06-16 12:00:00.000,5e-05,1.12345975,Regular
LSKUSDT,2024-06-16 16:00:00.000,5e-05,1.12867550,Regular
LSKUSDT,2024-06-16 20:00:00.000,5e-05,1.12196732,Regular
LSKUSDT,2024-06-17 00:00:00.000,5e-05,1.12525005,Regular
LSKUSDT,2024-06-17 04:00:00.000,5e-05,1.06564807,Regular
LSKUSDT,2024-06-17 08:00:00.000,5e-05,1.04090000,Regular
LSKUSDT,2024-06-17 12:00:00.000,5e-05,1.04904266,Regular
LSKUSDT,2024-06-17 16:00:00.000,5e-05,1.03808324,Regular
LSKUSDT,2024-06-17 20:00:00.000,5e-05,1.07490000,Regular
LSKUSDT,2024-06-18 00:00:00.000,5e-05,1.04900000,Regular
LSKUSDT,2024-06-18 04:00:00.000,5e-05,0.99529308,Regular
LSKUSDT,2024-06-18 08:00:00.000,5e-05,0.98114220,Regular
LSKUSDT,2024-06-18 12:00:00.000,5e-05,0.97365638,Regular
LSKUSDT,2024-06-18 16:00:00.000,5e-05,0.96052966,Regular
LSKUSDT,2024-06-18 20:00:00.000,5e-05,0.95730000,Regular
LSKUSDT,2024-06-19 00:00:00.001,5e-05,0.99007706,Regular
LSKUSDT,2024-06-19 04:00:00.000,5e-05,1.00978696,Regular
LSKUSDT,2024-06-19 08:00:00.001,5e-05,1.00630000,Regular
LSKUSDT,2024-06-19 12:00:00.000,-6.32e-06,1.00120000,Regular
LSKUSDT,2024-06-19 16:00:00.000,5e-05,0.99029798,Regular
LSKUSDT,2024-06-19 20:00:00.000,5e-05,1.00027087,Regular
LSKUSDT,2024-06-20 00:00:00.000,5e-05,0.99980000,Regular
LSKUSDT,2024-06-20 04:00:00.001,5e-05,1.01430000,Regular
LSKUSDT,2024-06-20 08:00:00.000,5e-05,1.04527215,Regular
LSKUSDT,2024-06-20 12:00:00.000,5e-05,1.04920000,Regular
LSKUSDT,2024-06-20 16:00:00.000,5e-05,1.01320000,Regular
LSKUSDT,2024-06-20 20:00:00.000,5e-05,1.03130000,Regular
LSKUSDT,2024-06-21 00:00:00.000,3.322e-05,1.01560000,Regular
LSKUSDT,2024-06-21 04:00:00.001,5e-05,1.04050000,Regular
LSKUSDT,2024-06-21 08:00:00.000,-0.00079307,1.07532622,Regular
LSKUSDT,2024-06-21 12:00:00.001,-8.588e-05,1.06222955,Regular
LSKUSDT,2024-06-21 16:00:00.000,-0.0001183,1.05600665,Regular
LSKUSDT,2024-06-21 20:00:00.000,5e-05,1.04190423,Regular
LSKUSDT,2024-06-22 00:00:00.000,5e-05,1.04090000,Regular
LSKUSDT,2024-06-22 04:00:00.000,-4.217e-05,1.04008640,Regular
LSKUSDT,2024-06-22 08:00:00.000,5e-05,1.03830912,Regular
LSKUSDT,2024-06-22 12:00:00.001,5e-05,1.02670000,Regular
LSKUSDT,2024-06-22 16:00:00.000,5e-05,1.02530000,Regular
LSKUSDT,2024-06-22 20:00:00.000,5e-05,1.01785095,Regular
LSKUSDT,2024-06-23 00:00:00.000,5e-05,1.01507517,Regular
LSKUSDT,2024-06-23 04:00:00.000,-2.313e-05,1.01890000,Regular
LSKUSDT,2024-06-23 08:00:00.000,5e-05,1.04525341,Regular
LSKUSDT,2024-06-23 12:00:00.000,5e-05,1.03086374,Regular
LSKUSDT,2024-06-23 16:00:00.000,5e-05,1.01644618,Regular
LSKUSDT,2024-06-23 20:00:00.000,5e-05,0.99860000,Regular
LSKUSDT,2024-06-24 00:00:00.002,5e-05,0.98274984,Regular
LSKUSDT,2024-06-24 04:00:00.000,6.65e-06,0.98400000,Regular
LSKUSDT,2024-06-24 08:00:00.000,5e-05,0.97182560,Regular
LSKUSDT,2024-06-24 12:00:00.001,5e-05,0.98238310,Regular
LSKUSDT,2024-06-24 16:00:00.000,5e-05,0.98337110,Regular
LSKUSDT,2024-06-24 20:00:00.000,5e-05,0.98260000,Regular
LSKUSDT,2024-06-25 00:00:00.000,5e-05,1.00300000,Regular
LSKUSDT,2024-06-25 04:00:00.000,5e-05,1.02391822,Regular
LSKUSDT,2024-06-25 08:00:00.000,5e-05,1.00873640,Regular
LSKUSDT,2024-06-25 12:00:00.007,5e-05,1.02770000,Regular
LSKUSDT,2024-06-25 16:00:00.000,5e-05,1.04042877,Regular
LSKUSDT,2024-06-25 20:00:00.004,5e-05,1.03270000,Regular
LSKUSDT,2024-06-26 00:00:00.002,5e-05,1.02760000,Regular
LSKUSDT,2024-06-26 04:00:00.000,5e-05,1.02890000,Regular
LSKUSDT,2024-06-26 08:00:00.000,5e-05,1.02411674,Regular
LSKUSDT,2024-06-26 12:00:00.002,5e-05,1.01765056,Regular
LSKUSDT,2024-06-26 16:00:00.000,5e-05,1.00930000,Regular
LSKUSDT,2024-06-26 20:00:00.000,5e-05,1.01337660,Regular
LSKUSDT,2024-06-27 00:00:00.000,5e-05,1.00099280,Regular
LSKUSDT,2024-06-27 04:00:00.000,5e-05,0.97370000,Regular
LSKUSDT,2024-06-27 08:00:00.001,5e-05,0.95676491,Regular
LSKUSDT,2024-06-27 12:00:00.000,5e-05,0.98766118,Regular
LSKUSDT,2024-06-27 16:00:00.000,5e-05,1.00570000,Regular
LSKUSDT,2024-06-27 20:00:00.000,5e-05,1.00952278,Regular
LSKUSDT,2024-06-28 00:00:00.000,1.453e-05,1.01175200,Regular
LSKUSDT,2024-06-28 04:00:00.000,5e-05,1.06270000,Regular
LSKUSDT,2024-06-28 08:00:00.000,-0.00102875,1.05721736,Regular
LSKUSDT,2024-06-28 12:00:00.000,-0.00011984,1.07566945,Regular
LSKUSDT,2024-06-28 16:00:00.000,-0.00010827,1.07022938,Regular
LSKUSDT,2024-06-28 20:00:00.000,-0.00083775,1.05770000,Regular
LSKUSDT,2024-06-29 00:00:00.001,-0.00112234,1.05060000,Regular
LSKUSDT,2024-06-29 04:00:00.000,-1.983e-05,1.03690000,Regular
LSKUSDT,2024-06-29 08:00:00.000,-0.00058919,1.00703987,Regular
LSKUSDT,2024-06-29 12:00:00.000,-3.533e-05,1.01690000,Regular
LSKUSDT,2024-06-29 16:00:00.000,-0.00014248,1.00630000,Regular
LSKUSDT,2024-06-29 20:00:00.000,-0.00055449,0.99628335,Regular
LSKUSDT,2024-06-30 00:00:00.000,-0.00057439,1.00584795,Regular
LSKUSDT,2024-06-30 04:00:00.000,5e-05,1.00309075,Regular
LSKUSDT,2024-06-30 08:00:00.000,5e-05,1.01580000,Regular
LSKUSDT,2024-06-30 12:00:00.000,5e-05,1.02850000,Regular
LSKUSDT,2024-06-30 16:00:00.000,5e-05,1.03400000,Regular
LSKUSDT,2024-06-30 20:00:00.004,5e-05,1.04599680,Regular
LSKUSDT,2024-07-01 00:00:00.000,5e-05,1.04867148,Regular
LSKUSDT,2024-07-01 04:00:00.001,5e-05,1.04380000,Regular
LSKUSDT,2024-07-01 08:00:00.000,5e-05,1.04790000,Regular
LSKUSDT,2024-07-01 12:00:00.000,5e-05,1.03104233,Regular
LSKUSDT,2024-07-01 16:00:00.001,5e-05,1.02900462,Regular
LSKUSDT,2024-07-01 20:00:00.000,5e-05,1.03413533,Regular
LSKUSDT,2024-07-02 00:00:00.000,5e-05,1.01466605,Regular
LSKUSDT,2024-07-02 04:00:00.001,5e-05,1.02744818,Regular
LSKUSDT,2024-07-02 08:00:00.000,5e-05,1.01283849,Regular
LSKUSDT,2024-07-02 12:00:00.000,5e-05,1.00010000,Regular
LSKUSDT,2024-07-02 16:00:00.000,5e-05,0.99338638,Regular
LSKUSDT,2024-07-02 20:00:00.000,5e-05,1.00280000,Regular
LSKUSDT,2024-07-03 00:00:00.000,-0.00027958,0.99869832,Regular
LSKUSDT,2024-07-03 04:00:00.000,5e-05,0.97549897,Regular
LSKUSDT,2024-07-03 08:00:00.001,5e-05,0.98154398,Regular
LSKUSDT,2024-07-03 12:00:00.001,5e-05,0.97304768,Regular
LSKUSDT,2024-07-03 16:00:00.000,5e-05,0.97491270,Regular
LSKUSDT,2024-07-03 20:00:00.000,5e-05,0.95805444,Regular
LSKUSDT,2024-07-04 00:00:00.000,5e-05,0.96074322,Regular
LSKUSDT,2024-07-04 04:00:00.000,5e-05,0.93055339,Regular
LSKUSDT,2024-07-04 08:00:00.000,5e-05,0.91429524,Regular
LSKUSDT,2024-07-04 12:00:00.000,5e-05,0.90410000,Regular
LSKUSDT,2024-07-04 16:00:00.000,5e-05,0.89130000,Regular
LSKUSDT,2024-07-04 20:00:00.000,5e-05,0.86933533,Regular
LSKUSDT,2024-07-05 00:00:00.000,-2.057e-05,0.83009305,Regular
LSKUSDT,2024-07-05 04:00:00.000,-1.558e-05,0.74770602,Regular
LSKUSDT,2024-07-05 08:00:00.000,5e-05,0.77080837,Regular
LSKUSDT,2024-07-05 12:00:00.001,5e-05,0.80093370,Regular
LSKUSDT,2024-07-05 16:00:00.000,5e-05,0.81340000,Regular
LSKUSDT,2024-07-05 20:00:00.001,-0.00012167,0.82730000,Regular
LSKUSDT,2024-07-06 00:00:00.000,-0.00011427,0.81800000,Regular
LSKUSDT,2024-07-06 04:00:00.003,-0.00196534,0.83295871,Regular
LSKUSDT,2024-07-06 08:00:00.000,-9.852e-05,0.83910084,Regular
LSKUSDT,2024-07-06 12:00:00.000,-0.00011442,0.85190000,Regular
LSKUSDT,2024-07-06 16:00:00.000,-4.002e-05,0.85690000,Regular
LSKUSDT,2024-07-06 20:00:00.000,-0.00047907,0.89159346,Regular
LSKUSDT,2024-07-07 00:00:00.001,-0.00065359,0.88770000,Regular
LSKUSDT,2024-07-07 04:00:00.000,-0.00030989,0.88780000,Regular
LSKUSDT,2024-07-07 08:00:00.000,-0.00160735,0.91270000,Regular
LSKUSDT,2024-07-07 12:00:00.000,-0.00074086,0.89670000,Regular
LSKUSDT,2024-07-07 16:00:00.000,-0.00033005,0.86302982,Regular
LSKUSDT,2024-07-07 20:00:00.000,-4.989e-05,0.87560180,Regular
LSKUSDT,2024-07-08 00:00:00.000,-0.00011173,0.84600000,Regular
LSKUSDT,2024-07-08 04:00:00.000,-8.01e-05,0.83558372,Regular
LSKUSDT,2024-07-08 08:00:00.000,4.918e-05,0.85379621,Regular
LSKUSDT,2024-07-08 12:00:00.000,5e-05,0.89097332,Regular
LSKUSDT,2024-07-08 16:00:00.000,5e-05,0.86481215,Regular
LSKUSDT,2024-07-08 20:00:00.000,5e-05,0.86629392,Regular
LSKUSDT,2024-07-09 00:00:00.000,-3.763e-05,0.86310000,Regular
LSKUSDT,2024-07-09 04:00:00.000,4.4e-07,0.87060000,Regular
LSKUSDT,2024-07-09 08:00:00.001,3.674e-05,0.87929058,Regular
LSKUSDT,2024-07-09 12:00:00.000,5e-05,0.88380000,Regular
LSKUSDT,2024-07-09 16:00:00.000,5e-05,0.90056786,Regular
LSKUSDT,2024-07-09 20:00:00.000,5e-05,0.90047089,Regular
LSKUSDT,2024-07-10 00:00:00.000,5e-05,0.90154255,Regular
LSKUSDT,2024-07-10 04:00:00.000,5e-05,0.90023608,Regular
LSKUSDT,2024-07-10 08:00:00.000,5e-05,0.91270000,Regular
LSKUSDT,2024-07-10 12:00:00.000,5e-05,0.90880000,Regular
LSKUSDT,2024-07-10 16:00:00.000,5e-05,0.91470297,Regular
LSKUSDT,2024-07-10 20:00:00.002,5e-05,0.90540000,Regular
LSKUSDT,2024-07-11 00:00:00.002,5e-05,0.91502652,Regular
LSKUSDT,2024-07-11 04:00:00.000,5e-05,0.90256743,Regular
LSKUSDT,2024-07-11 08:00:00.002,5e-05,0.90998099,Regular
LSKUSDT,2024-07-11 12:00:00.000,5e-05,0.91747119,Regular
LSKUSDT,2024-07-11 16:00:00.004,5e-05,0.91080658,Regular
LSKUSDT,2024-07-11 20:00:00.000,5e-05,0.91707126,Regular
LSKUSDT,2024-07-12 00:00:00.000,5e-05,0.90234732,Regular
LSKUSDT,2024-07-12 04:00:00.003,5e-05,0.89710000,Regular
LSKUSDT,2024-07-12 08:00:00.000,-4.691e-05,0.89260000,Regular
LSKUSDT,2024-07-12 12:00:00.000,5e-05,0.88641559,Regular
LSKUSDT,2024-07-12 16:00:00.000,-0.00010647,0.91135911,Regular
LSKUSDT,2024-07-12 20:00:00.000,5e-05,0.91626156,Regular
LSKUSDT,2024-07-13 00:00:00.000,1.181e-05,0.91920000,Regular
LSKUSDT,2024-07-13 04:00:00.001,5e-05,0.91670000,Regular
LSKUSDT,2024-07-13 08:00:00.000,5e-05,0.92536916,Regular
LSKUSDT,2024-07-13 12:00:00.000,5e-05,0.93180000,Regular
LSKUSDT,2024-07-13 16:00:00.000,5e-05,0.93591629,Regular
LSKUSDT,2024-07-13 20:00:00.000,5e-05,0.93179978,Regular
LSKUSDT,2024-07-14 00:00:00.000,-0.000162,0.93698612,Regular
LSKUSDT,2024-07-14 04:00:00.001,-0.00013192,0.93560000,Regular
LSKUSDT,2024-07-14 08:00:00.000,-0.00017155,0.94030000,Regular
LSKUSDT,2024-07-14 12:00:00.000,-0.00018551,0.93844924,Regular
LSKUSDT,2024-07-14 16:00:00.000,5e-05,0.93890000,Regular
LSKUSDT,2024-07-14 20:00:00.000,-0.00013812,0.93636551,Regular
LSKUSDT,2024-07-15 00:00:00.000,-0.00010975,0.95293667,Regular
LSKUSDT,2024-07-15 04:00:00.000,5e-05,0.95862206,Regular
LSKUSDT,2024-07-15 08:00:00.000,5e-05,0.96718034,Regular
LSKUSDT,2024-07-15 12:00:00.000,5e-05,0.96390000,Regular
LSKUSDT,2024-07-15 16:00:00.000,2.988e-05,0.96661364,Regular
LSKUSDT,2024-07-15 20:00:00.000,-6.519e-05,0.97707703,Regular
LSKUSDT,2024-07-16 00:00:00.000,5e-05,0.99570000,Regular
LSKUSDT,2024-07-16 04:00:00.001,5e-05,1.00700000,Regular
LSKUSDT,2024-07-16 08:00:00.000,5e-05,0.96533520,Regular
LSKUSDT,2024-07-16 12:00:00.000,5e-05,0.98270071,Regular
LSKUSDT,2024-07-16 16:00:00.000,5e-05,1.00770810,Regular
LSKUSDT,2024-07-16 20:00:00.000,5e-05,1.01225621,Regular
LSKUSDT,2024-07-17 00:00:00.000,5e-05,1.00305979,Regular
LSKUSDT,2024-07-17 04:00:00.000,5e-05,1.00700000,Regular
LSKUSDT,2024-07-17 08:00:00.001,5e-05,1.01299473,Regular
LSKUSDT,2024-07-17 12:00:00.000,5e-05,1.00840000,Regular
LSKUSDT,2024-07-17 16:00:00.000,5e-05,1.00760000,Regular
LSKUSDT,2024-07-17 20:00:00.000,5e-05,1.00780000,Regular
LSKUSDT,2024-07-18 00:00:00.000,5e-05,1.00090000,Regular
LSKUSDT,2024-07-18 04:00:00.001,5e-05,1.01527296,Regular
LSKUSDT,2024-07-18 08:00:00.000,5e-05,1.00644518,Regular
LSKUSDT,2024-07-18 12:00:00.000,5e-05,1.03500000,Regular
LSKUSDT,2024-07-18 16:00:00.000,5e-05,1.00329453,Regular
LSKUSDT,2024-07-18 20:00:00.000,5e-05,0.99780338,Regular
LSKUSDT,2024-07-19 00:00:00.000,5e-05,1.02680000,Regular
LSKUSDT,2024-07-19 04:00:00.000,5e-05,1.03600000,Regular
LSKUSDT,2024-07-19 08:00:00.000,5e-05,1.04091904,Regular
LSKUSDT,2024-07-19 12:00:00.000,-0.0008473,1.04363540,Regular
LSKUSDT,2024-07-19 16:00:00.000,-3.994e-05,1.08080000,Regular
LSKUSDT,2024-07-19 20:00:00.000,5e-05,1.09015874,Regular
LSKUSDT,2024-07-20 00:00:00.001,5e-05,1.09049118,Regular
LSKUSDT,2024-07-20 04:00:00.000,5e-05,1.08400000,Regular
LSKUSDT,2024-07-20 08:00:00.000,5e-05,1.09339208,Regular
LSKUSDT,2024-07-20 12:00:00.000,5e-05,1.09061383,Regular
LSKUSDT,2024-07-20 16:00:00.000,5e-05,1.08773607,Regular
LSKUSDT,2024-07-20 20:00:00.000,5e-05,1.08420000,Regular
LSKUSDT,2024-07-21 00:00:00.000,5e-05,1.08733851,Regular
LSKUSDT,2024-07-21 04:00:00.000,5e-05,1.08527242,Regular
LSKUSDT,2024-07-21 08:00:00.000,5e-05,1.07384336,Regular
LSKUSDT,2024-07-21 12:00:00.000,5e-05,1.06945348,Regular
LSKUSDT,2024-07-21 16:00:00.000,5e-05,1.07318527,Regular
LSKUSDT,2024-07-21 20:00:00.000,5e-05,1.07142330,Regular
LSKUSDT,2024-07-22 00:00:00.000,5e-05,1.09440000,Regular
LSKUSDT,2024-07-22 04:00:00.000,-0.00021213,1.07400000,Regular
LSKUSDT,2024-07-22 08:00:00.000,5e-05,1.04546170,Regular
LSKUSDT,2024-07-22 12:00:00.000,5e-05,1.06341457,Regular
LSKUSDT,2024-07-22 16:00:00.000,5e-05,1.05490000,Regular
LSKUSDT,2024-07-22 20:00:00.000,5e-05,1.06440000,Regular
LSKUSDT,2024-07-23 00:00:00.000,5e-05,1.03950000,Regular
LSKUSDT,2024-07-23 04:00:00.000,9.57e-06,1.04190000,Regular
LSKUSDT,2024-07-23 08:00:00.000,5e-05,1.01703139,Regular
LSKUSDT,2024-07-23 12:00:00.000,5e-05,1.02849551,Regular
LSKUSDT,2024-07-23 16:00:00.000,5e-05,1.02175141,Regular
LSKUSDT,2024-07-23 20:00:00.000,5e-05,1.00610000,Regular
LSKUSDT,2024-07-24 00:00:00.000,5e-05,1.00462594,Regular
LSKUSDT,2024-07-24 04:00:00.000,5e-05,1.00770000,Regular
LSKUSDT,2024-07-24 08:00:00.000,5e-05,1.01723308,Regular
LSKUSDT,2024-07-24 12:00:00.000,5e-05,1.03040000,Regular
LSKUSDT,2024-07-24 16:00:00.000,5e-05,1.02382096,Regular
LSKUSDT,2024-07-24 20:00:00.000,5e-05,1.01096525,Regular
LSKUSDT,2024-07-25 00:00:00.000,5e-05,0.99604325,Regular
LSKUSDT,2024-07-25 04:00:00.000,5e-05,0.96690000,Regular
LSKUSDT,2024-07-25 08:00:00.000,5e-05,0.95914774,Regular
LSKUSDT,2024-07-25 12:00:00.001,5e-05,0.95544720,Regular
LSKUSDT,2024-07-25 16:00:00.000,5e-05,0.96010000,Regular
LSKUSDT,2024-07-25 20:00:00.001,5e-05,0.93390000,Regular
LSKUSDT,2024-07-26 00:00:00.000,5e-05,0.95840000,Regular
LSKUSDT,2024-07-26 04:00:00.000,5e-05,0.97710000,Regular
LSKUSDT,2024-07-26 08:00:00.000,5e-05,0.98130000,Regular
LSKUSDT,2024-07-26 12:00:00.000,-0.00033199,1.00250000,Regular
LSKUSDT,2024-07-26 16:00:00.000,5e-05,1.01398165,Regular
LSKUSDT,2024-07-26 20:00:00.000,5e-05,1.01979777,Regular
LSKUSDT,2024-07-27 00:00:00.000,5e-05,1.03340000,Regular
LSKUSDT,2024-07-27 04:00:00.000,5e-05,1.07088845,Regular
LSKUSDT,2024-07-27 08:00:00.000,3.749e-05,1.06354952,Regular
LSKUSDT,2024-07-27 12:00:00.000,5e-05,1.05293935,Regular
LSKUSDT,2024-07-27 16:00:00.000,5e-05,1.03070000,Regular
LSKUSDT,2024-07-27 20:00:00.000,5e-05,1.03660000,Regular
LSKUSDT,2024-07-28 00:00:00.000,5e-05,1.03798142,Regular
LSKUSDT,2024-07-28 04:00:00.000,5e-05,1.02370000,Regular
LSKUSDT,2024-07-28 08:00:00.000,5e-05,1.01270000,Regular
LSKUSDT,2024-07-28 12:00:00.000,-0.00010613,1.01360000,Regular
LSKUSDT,2024-07-28 16:00:00.001,2.61e-05,1.00344396,Regular
LSKUSDT,2024-07-28 20:00:00.000,5e-05,1.01176547,Regular
LSKUSDT,2024-07-29 00:00:00.001,-7.21e-05,1.01570000,Regular
LSKUSDT,2024-07-29 04:00:00.001,5e-05,1.04057483,Regular
LSKUSDT,2024-07-29 08:00:00.000,5e-05,1.04330000,Regular
LSKUSDT,2024-07-29 12:00:00.000,5e-05,1.04027472,Regular
LSKUSDT,2024-07-29 16:00:00.001,5e-05,1.01701262,Regular
LSKUSDT,2024-07-29 20:00:00.000,5e-05,1.01872091,Regular
LSKUSDT,2024-07-30 00:00:00.000,5e-05,1.01096417,Regular
LSKUSDT,2024-07-30 04:00:00.000,5e-05,1.02100000,Regular
LSKUSDT,2024-07-30 08:00:00.001,5e-05,1.01910000,Regular
LSKUSDT,2024-07-30 12:00:00.000,5e-05,1.00630000,Regular
LSKUSDT,2024-07-30 16:00:00.000,5e-05,1.00330000,Regular
LSKUSDT,2024-07-30 20:00:00.000,5e-05,0.97753207,Regular
LSKUSDT,2024-07-31 00:00:00.000,5e-05,0.98340136,Regular
LSKUSDT,2024-07-31 04:00:00.000,5e-05,0.98090000,Regular
LSKUSDT,2024-07-31 08:00:00.000,5e-05,0.99032967,Regular
LSKUSDT,2024-07-31 12:00:00.000,5e-05,0.98522307,Regular
LSKUSDT,2024-07-31 16:00:00.000,5e-05,0.98830000,Regular
LSKUSDT,2024-07-31 20:00:00.000,5e-05,0.97670460,Regular
LSKUSDT,2024-08-01 00:00:00.000,5e-05,0.95811682,Regular
LSKUSDT,2024-08-01 04:00:00.000,5e-05,0.95275325,Regular
LSKUSDT,2024-08-01 08:00:00.000,5e-05,0.94106749,Regular
LSKUSDT,2024-08-01 12:00:00.000,5e-05,0.95076238,Regular
LSKUSDT,2024-08-01 16:00:00.000,3.06e-05,0.92386622,Regular
LSKUSDT,2024-08-01 20:00:00.001,5e-05,0.91800589,Regular
LSKUSDT,2024-08-02 00:00:00.000,5e-05,0.95890000,Regular
LSKUSDT,2024-08-02 04:00:00.000,5e-05,0.94332677,Regular
LSKUSDT,2024-08-02 08:00:00.001,5e-05,0.93074814,Regular
LSKUSDT,2024-08-02 12:00:00.000,5e-05,0.92580000,Regular
LSKUSDT,2024-08-02 16:00:00.000,5e-05,0.90650000,Regular
LSKUSDT,2024-08-02 20:00:00.000,5e-05,0.88343674,Regular
LSKUSDT,2024-08-03 00:00:00.000,5e-05,0.87390570,Regular
LSKUSDT,2024-08-03 04:00:00.000,5e-05,0.87430000,Regular
LSKUSDT,2024-08-03 08:00:00.000,5e-05,0.87890000,Regular
LSKUSDT,2024-08-03 12:00:00.000,5e-05,0.86130000,Regular
LSKUSDT,2024-08-03 16:00:00.001,-0.00038685,0.84531518,Regular
LSKUSDT,2024-08-03 20:00:00.000,5e-05,0.80990018,Regular
LSKUSDT,2024-08-04 00:00:00.000,5e-05,0.82250000,Regular
LSKUSDT,2024-08-04 04:00:00.000,2.722e-05,0.82983146,Regular
LSKUSDT,2024-08-04 08:00:00.000,5e-05,0.82311478,Regular
LSKUSDT,2024-08-04 12:00:00.000,5e-05,0.82724975,Regular
LSKUSDT,2024-08-04 16:00:00.000,5e-05,0.78790000,Regular
LSKUSDT,2024-08-04 20:00:00.000,5e-05,0.80470000,Regular
LSKUSDT,2024-08-05 00:00:00.000,5e-05,0.78746515,Regular
LSKUSDT,2024-08-05 04:00:00.000,-0.00029839,0.71162091,Regular
LSKUSDT,2024-08-05 08:00:00.000,-5.374e-05,0.72774690,Regular
LSKUSDT,2024-08-05 12:00:00.000,-0.00077832,0.70859787,Regular
LSKUSDT,2024-08-05 16:00:00.000,5e-05,0.77480000,Regular
LSKUSDT,2024-08-05 20:00:00.000,-0.0002282,0.76866060,Regular
LSKUSDT,2024-08-06 00:00:00.000,-7.141e-05,0.76666888,Regular
LSKUSDT,2024-08-06 04:00:00.001,5e-05,0.79100000,Regular
LSKUSDT,2024-08-06 08:00:00.000,5e-05,0.80040000,Regular
LSKUSDT,2024-08-06 12:00:00.000,-0.00011428,0.77705197,Regular
LSKUSDT,2024-08-06 16:00:00.000,-1.911e-05,0.79279631,Regular
LSKUSDT,2024-08-06 20:00:00.000,-0.00043936,0.79276269,Regular
LSKUSDT,2024-08-07 00:00:00.000,5e-05,0.78870000,Regular
LSKUSDT,2024-08-07 04:00:00.000,5e-05,0.80890000,Regular
LSKUSDT,2024-08-07 08:00:00.001,5e-05,0.80810000,Regular
LSKUSDT,2024-08-07 12:00:00.000,-6.8e-07,0.80957964,Regular
LSKUSDT,2024-08-07 16:00:00.000,5e-05,0.80040000,Regular
LSKUSDT,2024-08-07 20:00:00.000,5e-05,0.78474558,Regular
LSKUSDT,2024-08-08 00:00:00.001,5e-05,0.78730000,Regular
LSKUSDT,2024-08-08 04:00:00.000,-0.00104464,0.81450000,Regular
LSKUSDT,2024-08-08 08:00:00.000,-0.00022405,0.81890000,Regular
LSKUSDT,2024-08-08 12:00:00.000,-0.00020165,0.82548173,Regular
LSKUSDT,2024-08-08 16:00:00.000,5e-05,0.85213217,Regular
LSKUSDT,2024-08-08 20:00:00.000,5e-05,0.84536169,Regular
LSKUSDT,2024-08-09 00:00:00.000,5e-05,0.86956660,Regular
LSKUSDT,2024-08-09 04:00:00.000,2.465e-05,0.85950000,Regular
LSKUSDT,2024-08-09 08:00:00.000,-6.77e-06,0.87120000,Regular
LSKUSDT,2024-08-09 12:00:00.000,-0.00030716,0.88360586,Regular
LSKUSDT,2024-08-09 16:00:00.000,3.806e-05,0.86795783,Regular
LSKUSDT,2024-08-09 20:00:00.001,-0.00028785,0.89324364,Regular
LSKUSDT,2024-08-10 00:00:00.000,5e-05,0.89814087,Regular
LSKUSDT,2024-08-10 04:00:00.000,-0.00049154,0.90681511,Regular
LSKUSDT,2024-08-10 08:00:00.000,-0.00112337,0.92858321,Regular
LSKUSDT,2024-08-10 12:00:00.000,-0.00133272,0.96622745,Regular
LSKUSDT,2024-08-10 16:00:00.000,-0.00040678,0.93628818,Regular
LSKUSDT,2024-08-10 20:00:00.001,-8.074e-05,0.96440000,Regular
LSKUSDT,2024-08-11 00:00:00.000,-0.00119077,0.97830000,Regular
LSKUSDT,2024-08-11 04:00:00.000,-0.0014487,0.95710000,Regular
LSKUSDT,2024-08-11 08:00:00.000,-0.00025898,0.95040000,Regular
LSKUSDT,2024-08-11 12:00:00.000,5e-05,0.96072710,Regular
LSKUSDT,2024-08-11 16:00:00.001,5e-05,0.94117051,Regular
LSKUSDT,2024-08-11 20:00:00.000,-0.00022813,0.92120000,Regular
LSKUSDT,2024-08-12 00:00:00.000,5e-05,0.90164017,Regular
LSKUSDT,2024-08-12 04:00:00.000,-7.701e-05,0.90470000,Regular
LSKUSDT,2024-08-12 08:00:00.000,5e-05,0.88730370,Regular
LSKUSDT,2024-08-12 12:00:00.000,5e-05,0.91617440,Regular
LSKUSDT,2024-08-12 16:00:00.000,-4.557e-05,0.91596094,Regular
LSKUSDT,2024-08-12 20:00:00.000,5e-05,0.90883641,Regular
LSKUSDT,2024-08-13 00:00:00.000,5e-05,0.91130000,Regular
LSKUSDT,2024-08-13 04:00:00.001,5e-05,0.90265131,Regular
LSKUSDT,2024-08-13 08:00:00.000,5e-05,0.90786506,Regular
LSKUSDT,2024-08-13 12:00:00.000,5e-05,0.89852519,Regular
LSKUSDT,2024-08-13 16:00:00.000,5e-05,0.91237881,Regular
LSKUSDT,2024-08-13 20:00:00.000,5e-05,0.91822182,Regular
LSKUSDT,2024-08-14 00:00:00.000,5e-05,0.91620045,Regular
LSKUSDT,2024-08-14 04:00:00.000,5e-05,0.90734490,Regular
LSKUSDT,2024-08-14 08:00:00.000,2.763e-05,0.89870690,Regular
LSKUSDT,2024-08-14 12:00:00.000,5e-05,0.90370000,Regular
LSKUSDT,2024-08-14 16:00:00.000,5e-05,0.88994190,Regular
LSKUSDT,2024-08-14 20:00:00.000,5e-05,0.87940000,Regular
LSKUSDT,2024-08-15 00:00:00.000,5e-05,0.88024646,Regular
LSKUSDT,2024-08-15 04:00:00.000,5e-05,0.88441921,Regular
LSKUSDT,2024-08-15 08:00:00.000,5e-05,0.88012407,Regular
LSKUSDT,2024-08-15 12:00:00.000,5e-05,0.88048105,Regular
LSKUSDT,2024-08-15 16:00:00.000,5e-05,0.88308605,Regular
LSKUSDT,2024-08-15 20:00:00.000,5e-05,0.83970000,Regular
LSKUSDT,2024-08-16 00:00:00.000,5e-05,0.85040000,Regular
LSKUSDT,2024-08-16 04:00:00.001,5e-05,0.85049373,Regular
LSKUSDT,2024-08-16 08:00:00.000,5e-05,0.85560000,Regular
LSKUSDT,2024-08-16 12:00:00.000,2.389e-05,0.84165894,Regular
LSKUSDT,2024-08-16 16:00:00.000,5e-05,0.82860000,Regular
LSKUSDT,2024-08-16 20:00:00.000,5e-05,0.84270000,Regular
LSKUSDT,2024-08-17 00:00:00.000,5e-05,0.82922972,Regular
LSKUSDT,2024-08-17 04:00:00.000,5e-05,0.82460000,Regular
LSKUSDT,2024-08-17 08:00:00.000,-3.453e-05,0.82682844,Regular
LSKUSDT,2024-08-17 12:00:00.000,5e-05,0.82576833,Regular
LSKUSDT,2024-08-17 16:00:00.000,-6.749e-05,0.82800000,Regular
LSKUSDT,2024-08-17 20:00:00.000,4.255e-05,0.82911186,Regular
LSKUSDT,2024-08-18 00:00:00.000,-4.369e-05,0.83450003,Regular
LSKUSDT,2024-08-18 04:00:00.001,5e-05,0.82876514,Regular
LSKUSDT,2024-08-18 08:00:00.000,5e-05,0.83732694,Regular
LSKUSDT,2024-08-18 12:00:00.000,5e-05,0.85552215,Regular
LSKUSDT,2024-08-18 16:00:00.000,5e-05,0.86130000,Regular
LSKUSDT,2024-08-18 20:00:00.000,5e-05,0.86135812,Regular
LSKUSDT,2024-08-19 00:00:00.000,5e-05,0.84620000,Regular
LSKUSDT,2024-08-19 04:00:00.000,5e-05,0.84419254,Regular
LSKUSDT,2024-08-19 08:00:00.000,3.53e-06,0.82980000,Regular
LSKUSDT,2024-08-19 12:00:00.000,5e-05,0.82995480,Regular
LSKUSDT,2024-08-19 16:00:00.002,5e-05,0.82880000,Regular
LSKUSDT,2024-08-19 20:00:00.001,5e-05,0.83610000,Regular
LSKUSDT,2024-08-20 00:00:00.000,4.743e-05,0.84144598,Regular
LSKUSDT,2024-08-20 04:00:00.000,5e-05,0.85150000,Regular
LSKUSDT,2024-08-20 08:00:00.000,5e-05,0.84800000,Regular
LSKUSDT,2024-08-20 12:00:00.000,-0.00014119,0.84140000,Regular
LSKUSDT,2024-08-20 16:00:00.001,5e-05,0.82882668,Regular
LSKUSDT,2024-08-20 20:00:00.000,5e-05,0.83780000,Regular
LSKUSDT,2024-08-21 00:00:00.001,4.505e-05,0.83670000,Regular
LSKUSDT,2024-08-21 04:00:00.001,5e-05,0.84030000,Regular
LSKUSDT,2024-08-21 08:00:00.000,5e-05,0.84620000,Regular
LSKUSDT,2024-08-21 12:00:00.000,-1.477e-05,0.84140000,Regular
LSKUSDT,2024-08-21 16:00:00.001,5e-05,0.84621572,Regular
LSKUSDT,2024-08-21 20:00:00.001,5e-05,0.86885192,Regular
LSKUSDT,2024-08-22 00:00:00.000,2e-05,0.86705446,Regular
LSKUSDT,2024-08-22 04:00:00.000,5e-05,0.85949925,Regular
LSKUSDT,2024-08-22 08:00:00.000,5e-05,0.87791253,Regular
LSKUSDT,2024-08-22 12:00:00.001,5e-05,0.87409474,Regular
LSKUSDT,2024-08-22 16:00:00.008,5e-05,0.86650000,Regular
LSKUSDT,2024-08-22 20:00:00.000,5e-05,0.86300000,Regular
LSKUSDT,2024-08-23 00:00:00.000,5e-05,0.87370000,Regular
LSKUSDT,2024-08-23 04:00:00.000,5e-05,0.87910000,Regular
LSKUSDT,2024-08-23 08:00:00.000,5e-05,0.89502642,Regular
LSKUSDT,2024-08-23 12:00:00.001,5e-05,0.89540000,Regular
LSKUSDT,2024-08-23 16:00:00.000,5e-05,0.90670000,Regular
LSKUSDT,2024-08-23 20:00:00.000,5e-05,0.92250000,Regular
LSKUSDT,2024-08-24 00:00:00.000,5e-05,0.92902431,Regular
LSKUSDT,2024-08-24 04:00:00.000,3.719e-05,0.91988507,Regular
LSKUSDT,2024-08-24 08:00:00.005,5e-05,0.92925930,Regular
LSKUSDT,2024-08-24 12:00:00.000,5e-05,0.93344922,Regular
LSKUSDT,2024-08-24 16:00:00.000,5e-05,0.93690000,Regular
LSKUSDT,2024-08-24 20:00:00.000,5e-05,0.94190000,Regular
LSKUSDT,2024-08-25 00:00:00.000,5e-05,0.93480000,Regular
LSKUSDT,2024-08-25 04:00:00.001,5e-05,0.92094848,Regular
LSKUSDT,2024-08-25 08:00:00.000,5e-05,0.89746071,Regular
LSKUSDT,2024-08-25 12:00:00.001,5e-05,0.91988706,Regular
LSKUSDT,2024-08-25 16:00:00.000,5e-05,0.92679746,Regular
LSKUSDT,2024-08-25 20:00:00.001,5e-05,0.91780000,Regular
LSKUSDT,2024-08-26 00:00:00.000,5e-05,0.90765749,Regular
LSKUSDT,2024-08-26 04:00:00.000,5e-05,0.90510000,Regular
LSKUSDT,2024-08-26 08:00:00.001,5e-05,0.89540000,Regular
LSKUSDT,2024-08-26 12:00:00.001,5e-05,0.89610000,Regular
LSKUSDT,2024-08-26 16:00:00.000,5e-05,0.88036146,Regular
LSKUSDT,2024-08-26 20:00:00.001,5e-05,0.87060000,Regular
LSKUSDT,2024-08-27 00:00:00.001,5e-05,0.86303514,Regular
LSKUSDT,2024-08-27 04:00:00.000,5e-05,0.86630000,Regular
LSKUSDT,2024-08-27 08:00:00.000,3.848e-05,0.86054708,Regular
LSKUSDT,2024-08-27 12:00:00.000,5e-05,0.84757847,Regular
LSKUSDT,2024-08-27 16:00:00.000,5e-05,0.84604897,Regular
LSKUSDT,2024-08-27 20:00:00.000,-0.00012898,0.84550000,Regular
LSKUSDT,2024-08-28 00:00:00.000,-0.00011252,0.79920612,Regular
LSKUSDT,2024-08-28 04:00:00.000,-0.00022803,0.79965372,Regular
LSKUSDT,2024-08-28 08:00:00.000,-0.00034941,0.78461518,Regular
LSKUSDT,2024-08-28 12:00:00.000,5e-05,0.81310000,Regular
LSKUSDT,2024-08-28 16:00:00.001,5e-05,0.79001461,Regular
LSKUSDT,2024-08-28 20:00:00.000,5e-05,0.78840000,Regular
LSKUSDT,2024-08-29 00:00:00.000,-4.894e-05,0.78641578,Regular
LSKUSDT,2024-08-29 04:00:00.000,-6.609e-05,0.78918550,Regular
LSKUSDT,2024-08-29 08:00:00.001,-0.00023118,0.79470000,Regular
LSKUSDT,2024-08-29 12:00:00.001,5e-05,0.80114297,Regular
LSKUSDT,2024-08-29 16:00:00.000,5e-05,0.80760000,Regular
LSKUSDT,2024-08-29 20:00:00.000,3.91e-05,0.78340000,Regular
LSKUSDT,2024-08-30 00:00:00.000,1.864e-05,0.78566992,Regular
LSKUSDT,2024-08-30 04:00:00.000,-0.00024894,0.77607546,Regular
LSKUSDT,2024-08-30 08:00:00.000,5e-05,0.78230000,Regular
LSKUSDT,2024-08-30 12:00:00.001,5e-05,0.78830000,Regular
LSKUSDT,2024-08-30 16:00:00.000,5e-05,0.75440000,Regular
LSKUSDT,2024-08-30 20:00:00.000,-3.363e-05,0.77450000,Regular
LSKUSDT,2024-08-31 00:00:00.000,1.52e-05,0.78120000,Regular
LSKUSDT,2024-08-31 04:00:00.002,5e-05,0.78440000,Regular
LSKUSDT,2024-08-31 08:00:00.000,5e-05,0.78075321,Regular
LSKUSDT,2024-08-31 12:00:00.004,-0.00014333,0.77760000,Regular
LSKUSDT,2024-08-31 16:00:00.000,8.43e-06,0.77640445,Regular
LSKUSDT,2024-08-31 20:00:00.001,-0.00013842,0.76668551,Regular
LSKUSDT,2024-09-01 00:00:00.000,5e-05,0.77405111,Regular
LSKUSDT,2024-09-01 04:00:00.000,-6.341e-05,0.76461509,Regular
LSKUSDT,2024-09-01 08:00:00.001,5e-05,0.76860739,Regular
LSKUSDT,2024-09-01 12:00:00.000,5e-05,0.76604794,Regular
LSKUSDT,2024-09-01 16:00:00.000,3.608e-05,0.76690000,Regular
LSKUSDT,2024-09-01 20:00:00.000,2.008e-05,0.77157202,Regular
LSKUSDT,2024-09-02 00:00:00.001,5e-05,0.74666920,Regular
LSKUSDT,2024-09-02 04:00:00.001,-0.0001974,0.75147770,Regular
LSKUSDT,2024-09-02 08:00:00.001,-0.00014194,0.74034260,Regular
LSKUSDT,2024-09-02 12:00:00.000,-7.87e-06,0.76116734,Regular
LSKUSDT,2024-09-02 16:00:00.000,-1.933e-05,0.76360000,Regular
LSKUSDT,2024-09-02 20:00:00.000,5e-05,0.76593281,Regular
LSKUSDT,2024-09-03 00:00:00.000,3.95e-06,0.77598256,Regular
LSKUSDT,2024-09-03 04:00:00.000,5e-05,0.78083403,Regular
LSKUSDT,2024-09-03 08:00:00.001,2.034e-05,0.78470000,Regular
LSKUSDT,2024-09-03 12:00:00.000,-1.514e-05,0.78430000,Regular
LSKUSDT,2024-09-03 16:00:00.000,-6.849e-05,0.75530000,Regular
LSKUSDT,2024-09-03 20:00:00.000,5e-05,0.76040000,Regular
LSKUSDT,2024-09-04 00:00:00.000,2.052e-05,0.74430000,Regular
LSKUSDT,2024-09-04 04:00:00.000,5e-05,0.74011515,Regular
LSKUSDT,2024-09-04 08:00:00.000,-3.781e-05,0.74112034,Regular
LSKUSDT,2024-09-04 12:00:00.000,-0.00045356,0.73520000,Regular
LSKUSDT,2024-09-04 16:00:00.000,3.158e-05,0.75710000,Regular
LSKUSDT,2024-09-04 20:00:00.001,-3.397e-05,0.75303328,Regular
LSKUSDT,2024-09-05 00:00:00.000,-0.00041944,0.75440000,Regular
LSKUSDT,2024-09-05 04:00:00.002,-0.00035708,0.74340000,Regular
LSKUSDT,2024-09-05 08:00:00.000,5e-05,0.74860000,Regular
LSKUSDT,2024-09-05 12:00:00.000,5e-05,0.74310000,Regular
LSKUSDT,2024-09-05 16:00:00.005,-6.062e-05,0.73651009,Regular
LSKUSDT,2024-09-05 20:00:00.000,4.644e-05,0.72860000,Regular
LSKUSDT,2024-09-06 00:00:00.000,-0.0001349,0.72935603,Regular
LSKUSDT,2024-09-06 04:00:00.001,5e-05,0.73706161,Regular
LSKUSDT,2024-09-06 08:00:00.001,-0.00010645,0.72687462,Regular
LSKUSDT,2024-09-06 12:00:00.009,3.882e-05,0.73610000,Regular
LSKUSDT,2024-09-06 16:00:00.000,5e-05,0.73181055,Regular
LSKUSDT,2024-09-06 20:00:00.000,-0.0002585,0.71813502,Regular
LSKUSDT,2024-09-07 00:00:00.000,5e-05,0.71780000,Regular
LSKUSDT,2024-09-07 04:00:00.000,-0.00070964,0.71740000,Regular
LSKUSDT,2024-09-07 08:00:00.000,-2.909e-05,0.73016309,Regular
LSKUSDT,2024-09-07 12:00:00.000,5e-05,0.73979351,Regular
LSKUSDT,2024-09-07 16:00:00.000,3.049e-05,0.74361906,Regular
LSKUSDT,2024-09-07 20:00:00.000,5e-05,0.74322213,Regular
LSKUSDT,2024-09-08 00:00:00.000,5e-05,0.73745353,Regular
LSKUSDT,2024-09-08 04:00:00.000,5e-05,0.75180000,Regular
LSKUSDT,2024-09-08 08:00:00.000,5e-05,0.75836238,Regular
LSKUSDT,2024-09-08 12:00:00.000,5e-05,0.76020191,Regular
LSKUSDT,2024-09-08 16:00:00.000,5e-05,0.74957064,Regular
LSKUSDT,2024-09-08 20:00:00.000,5e-05,0.75590000,Regular
LSKUSDT,2024-09-09 00:00:00.000,5e-05,0.76603015,Regular
LSKUSDT,2024-09-09 04:00:00.000,5e-05,0.76670000,Regular
LSKUSDT,2024-09-09 08:00:00.000,5e-05,0.77270000,Regular
LSKUSDT,2024-09-09 12:00:00.000,5e-05,0.77710000,Regular
LSKUSDT,2024-09-09 16:00:00.001,5e-05,0.77630000,Regular
LSKUSDT,2024-09-09 20:00:00.000,5e-05,0.78930000,Regular
LSKUSDT,2024-09-10 00:00:00.000,5e-05,0.78940000,Regular
LSKUSDT,2024-09-10 04:00:00.000,5e-05,0.78460000,Regular
LSKUSDT,2024-09-10 08:00:00.000,5e-05,0.79160000,Regular
LSKUSDT,2024-09-10 12:00:00.000,5e-05,0.79850000,Regular
LSKUSDT,2024-09-10 16:00:00.000,5e-05,0.79818383,Regular
LSKUSDT,2024-09-10 20:00:00.000,5e-05,0.80378658,Regular
LSKUSDT,2024-09-11 00:00:00.000,5e-05,0.79753437,Regular
LSKUSDT,2024-09-11 04:00:00.000,-0.00021974,0.79504354,Regular
LSKUSDT,2024-09-11 08:00:00.000,5e-05,0.78288329,Regular
LSKUSDT,2024-09-11 12:00:00.000,9.35e-06,0.78010443,Regular
LSKUSDT,2024-09-11 16:00:00.000,5e-05,0.78387621,Regular
LSKUSDT,2024-09-11 20:00:00.000,5e-05,0.78940501,Regular
LSKUSDT,2024-09-12 00:00:00.000,5e-05,0.78380290,Regular
LSKUSDT,2024-09-12 04:00:00.001,5e-05,0.79138673,Regular
LSKUSDT,2024-09-12 08:00:00.000,5e-05,0.79433192,Regular
LSKUSDT,2024-09-12 12:00:00.000,-9.483e-05,0.78830000,Regular
LSKUSDT,2024-09-12 16:00:00.000,5e-05,0.78567382,Regular
LSKUSDT,2024-09-12 20:00:00.000,5e-05,0.79550000,Regular
LSKUSDT,2024-09-13 00:00:00.000,5e-05,0.79800000,Regular
LSKUSDT,2024-09-13 04:00:00.000,5e-05,0.80030000,Regular
LSKUSDT,2024-09-13 08:00:00.001,5e-05,0.80306831,Regular
LSKUSDT,2024-09-13 12:00:00.000,-0.00010572,0.79456808,Regular
LSKUSDT,2024-09-13 16:00:00.001,5e-05,0.80380000,Regular
LSKUSDT,2024-09-13 20:00:00.000,4.215e-05,0.80600000,Regular
LSKUSDT,2024-09-14 00:00:00.000,5e-05,0.80880000,Regular
LSKUSDT,2024-09-14 04:00:00.000,5e-05,0.81356579,Regular
LSKUSDT,2024-09-14 08:00:00.000,5e-05,0.80680000,Regular
LSKUSDT,2024-09-14 12:00:00.000,-0.00019338,0.79470000,Regular
LSKUSDT,2024-09-14 16:00:00.001,5e-05,0.80720000,Regular
LSKUSDT,2024-09-14 20:00:00.000,-1.071e-05,0.80054037,Regular
LSKUSDT,2024-09-15 00:00:00.000,5e-05,0.80640000,Regular
LSKUSDT,2024-09-15 04:00:00.000,5e-05,0.81060000,Regular
LSKUSDT,2024-09-15 08:00:00.000,5e-05,0.81230000,Regular
LSKUSDT,2024-09-15 12:00:00.000,5e-05,0.80530000,Regular
LSKUSDT,2024-09-15 16:00:00.000,5e-05,0.80734246,Regular
LSKUSDT,2024-09-15 20:00:00.000,5e-05,0.79571809,Regular
LSKUSDT,2024-09-16 00:00:00.000,5e-05,0.77876138,Regular
LSKUSDT,2024-09-16 04:00:00.000,-5.786e-05,0.77330000,Regular
LSKUSDT,2024-09-16 08:00:00.001,5e-05,0.78340936,Regular
LSKUSDT,2024-09-16 12:00:00.000,5e-05,0.78101636,Regular
LSKUSDT,2024-09-16 16:00:00.000,5e-05,0.76983541,Regular
LSKUSDT,2024-09-16 20:00:00.000,-9.755e-05,0.76523062,Regular
LSKUSDT,2024-09-17 00:00:00.001,-7.507e-05,0.76590000,Regular
LSKUSDT,2024-09-17 04:00:00.000,-0.00037947,0.77340183,Regular
LSKUSDT,2024-09-17 08:00:00.000,5e-05,0.78827743,Regular
LSKUSDT,2024-09-17 12:00:00.000,-2.219e-05,0.78979040,Regular
LSKUSDT,2024-09-17 16:00:00.000,5e-05,0.79700000,Regular
LSKUSDT,2024-09-17 20:00:00.000,5e-05,0.78950000,Regular
LSKUSDT,2024-09-18 00:00:00.000,-4.557e-05,0.79070156,Regular
LSKUSDT,2024-09-18 04:00:00.000,5e-05,0.80930000,Regular
LSKUSDT,2024-09-18 08:00:00.000,5e-05,0.80413513,Regular
LSKUSDT,2024-09-18 12:00:00.000,5e-05,0.79429508,Regular
LSKUSDT,2024-09-18 16:00:00.004,5e-05,0.77700363,Regular
LSKUSDT,2024-09-18 20:00:00.000,5e-05,0.79270000,Regular
LSKUSDT,2024-09-19 00:00:00.000,5e-05,0.81390000,Regular
LSKUSDT,2024-09-19 04:00:00.000,5e-05,0.81721106,Regular
LSKUSDT,2024-09-19 08:00:00.000,5e-05,0.83460290,Regular
LSKUSDT,2024-09-19 12:00:00.000,5e-05,0.83230000,Regular
LSKUSDT,2024-09-19 16:00:00.001,5e-05,0.84210000,Regular
LSKUSDT,2024-09-19 20:00:00.001,5e-05,0.83280000,Regular
LSKUSDT,2024-09-20 00:00:00.000,5e-05,0.83699315,Regular
LSKUSDT,2024-09-20 04:00:00.000,2.715e-05,0.86780631,Regular
LSKUSDT,2024-09-20 08:00:00.001,-5.143e-05,0.88478041,Regular
LSKUSDT,2024-09-20 12:00:00.000,5e-05,0.87210000,Regular
LSKUSDT,2024-09-20 16:00:00.000,5e-05,0.86795611,Regular
LSKUSDT,2024-09-20 20:00:00.001,5e-05,0.86071638,Regular
LSKUSDT,2024-09-21 00:00:00.001,5e-05,0.88878922,Regular
LSKUSDT,2024-09-21 04:00:00.000,-0.00032517,0.91673654,Regular
LSKUSDT,2024-09-21 08:00:00.000,-7.468e-05,0.93035110,Regular
LSKUSDT,2024-09-21 12:00:00.000,-7.517e-05,0.92615572,Regular
LSKUSDT,2024-09-21 16:00:00.000,5e-05,0.92230000,Regular
LSKUSDT,2024-09-21 20:00:00.000,5e-05,0.92966086,Regular
LSKUSDT,2024-09-22 00:00:00.000,5e-05,0.95074928,Regular
LSKUSDT,2024-09-22 04:00:00.000,-5.008e-05,0.91002874,Regular
LSKUSDT,2024-09-22 08:00:00.000,-3.636e-05,0.90803979,Regular
LSKUSDT,2024-09-22 12:00:00.000,5e-05,0.89586411,Regular
LSKUSDT,2024-09-22 16:00:00.000,5e-05,0.89158151,Regular
LSKUSDT,2024-09-22 20:00:00.000,2.486e-05,0.89578674,Regular
LSKUSDT,2024-09-23 00:00:00.000,-0.00015604,0.89675868,Regular
LSKUSDT,2024-09-23 04:00:00.000,5e-05,0.91880000,Regular
LSKUSDT,2024-09-23 08:00:00.000,2.804e-05,0.91200000,Regular
LSKUSDT,2024-09-23 12:00:00.001,5e-05,0.92280000,Regular
LSKUSDT,2024-09-23 16:00:00.000,5e-05,0.92200000,Regular
LSKUSDT,2024-09-23 20:00:00.001,5e-05,0.92340000,Regular
LSKUSDT,2024-09-24 00:00:00.000,5e-05,0.92679711,Regular
LSKUSDT,2024-09-24 04:00:00.000,5e-05,0.90380000,Regular
LSKUSDT,2024-09-24 08:00:00.000,5e-05,0.91350000,Regular
LSKUSDT,2024-09-24 12:00:00.001,-0.0001236,0.92043338,Regular
LSKUSDT,2024-09-24 16:00:00.001,-0.00037422,0.89400000,Regular
LSKUSDT,2024-09-24 20:00:00.006,-6.32e-06,0.91393196,Regular
LSKUSDT,2024-09-25 00:00:00.000,-5.277e-05,0.92638550,Regular
LSKUSDT,2024-09-25 04:00:00.015,-7.203e-05,0.93150000,Regular
LSKUSDT,2024-09-25 08:00:00.003,-0.00019569,0.91010000,Regular
LSKUSDT,2024-09-25 12:00:00.002,-9.136e-05,0.91720000,Regular
LSKUSDT,2024-09-25 16:00:00.000,5e-05,0.91020094,Regular
LSKUSDT,2024-09-25 20:00:00.000,-5.585e-05,0.90640000,Regular
LSKUSDT,2024-09-26 00:00:00.005,-0.00041613,0.90940000,Regular
LSKUSDT,2024-09-26 04:00:00.000,5e-05,0.91713690,Regular
LSKUSDT,2024-09-26 08:00:00.000,5e-05,0.93632080,Regular
LSKUSDT,2024-09-26 12:00:00.005,5e-05,0.93597453,Regular
LSKUSDT,2024-09-26 16:00:00.000,5e-05,0.93947474,Regular
LSKUSDT,2024-09-26 20:00:00.000,5e-05,0.93270000,Regular
LSKUSDT,2024-09-27 00:00:00.000,5e-05,0.94910000,Regular
LSKUSDT,2024-09-27 04:00:00.000,2.619e-05,0.95348072,Regular
LSKUSDT,2024-09-27 08:00:00.000,5e-05,0.95650000,Regular
LSKUSDT,2024-09-27 12:00:00.000,5e-05,0.94866490,Regular
LSKUSDT,2024-09-27 16:00:00.000,5e-05,0.95713119,Regular
LSKUSDT,2024-09-27 20:00:00.000,5e-05,0.95590000,Regular
LSKUSDT,2024-09-28 00:00:00.000,5e-05,0.96490000,Regular
LSKUSDT,2024-09-28 04:00:00.001,5e-05,0.96700000,Regular
LSKUSDT,2024-09-28 08:00:00.001,5e-05,0.94820000,Regular
LSKUSDT,2024-09-28 12:00:00.000,4.94e-05,0.94169864,Regular
LSKUSDT,2024-09-28 16:00:00.000,5e-05,0.94015946,Regular
LSKUSDT,2024-09-28 20:00:00.000,5e-05,0.94120000,Regular
LSKUSDT,2024-09-29 00:00:00.001,5e-05,0.94090175,Regular
LSKUSDT,2024-09-29 04:00:00.000,5e-05,0.93998949,Regular
LSKUSDT,2024-09-29 08:00:00.000,5e-05,0.92136708,Regular
LSKUSDT,2024-09-29 12:00:00.000,5e-05,0.93380000,Regular
LSKUSDT,2024-09-29 16:00:00.000,5e-05,0.93720000,Regular
LSKUSDT,2024-09-29 20:00:00.000,5e-05,0.94836317,Regular
LSKUSDT,2024-09-30 00:00:00.000,-4.26e-05,0.94088977,Regular
LSKUSDT,2024-09-30 04:00:00.001,5e-05,0.92136608,Regular
LSKUSDT,2024-09-30 08:00:00.001,5e-05,0.92938593,Regular
LSKUSDT,2024-09-30 12:00:00.000,5e-05,0.90898652,Regular
LSKUSDT,2024-09-30 16:00:00.000,5e-05,0.88802947,Regular
LSKUSDT,2024-09-30 20:00:00.000,1.429e-05,0.89596148,Regular
LSKUSDT,2024-10-01 00:00:00.000,5e-05,0.88470000,Regular
LSKUSDT,2024-10-01 04:00:00.001,5e-05,0.90729791,Regular
LSKUSDT,2024-10-01 08:00:00.000,5e-05,0.90651261,Regular
LSKUSDT,2024-10-01 12:00:00.000,5e-05,0.89980984,Regular
LSKUSDT,2024-10-01 16:00:00.001,5e-05,0.84867202,Regular
LSKUSDT,2024-10-01 20:00:00.000,5e-05,0.81165981,Regular
LSKUSDT,2024-10-02 00:00:00.000,5e-05,0.80840000,Regular
LSKUSDT,2024-10-02 04:00:00.000,5e-05,0.82140000,Regular
LSKUSDT,2024-10-02 08:00:00.000,5e-05,0.83160000,Regular
LSKUSDT,2024-10-02 12:00:00.000,5e-05,0.80588425,Regular
LSKUSDT,2024-10-02 16:00:00.000,5e-05,0.80460000,Regular
LSKUSDT,2024-10-02 20:00:00.000,5e-05,0.76835294,Regular
LSKUSDT,2024-10-03 00:00:00.000,-2.49e-06,0.77150000,Regular
LSKUSDT,2024-10-03 04:00:00.000,-1.12e-06,0.78693564,Regular
LSKUSDT,2024-10-03 08:00:00.000,-3.275e-05,0.77700000,Regular
LSKUSDT,2024-10-03 12:00:00.000,-0.00023297,0.76162952,Regular
LSKUSDT,2024-10-03 16:00:00.000,-8.969e-05,0.75710000,Regular
LSKUSDT,2024-10-03 20:00:00.000,5e-05,0.76450000,Regular
LSKUSDT,2024-10-04 00:00:00.000,5e-05,0.76490000,Regular
LSKUSDT,2024-10-04 04:00:00.000,-0.00011245,0.77120700,Regular
LSKUSDT,2024-10-04 08:00:00.000,5e-05,0.78570000,Regular
LSKUSDT,2024-10-04 12:00:00.000,-0.0001309,0.78050839,Regular
LSKUSDT,2024-10-04 16:00:00.001,5e-05,0.79261939,Regular
LSKUSDT,2024-10-04 20:00:00.000,4.292e-05,0.80073905,Regular
LSKUSDT,2024-10-05 00:00:00.000,5e-05,0.79840000,Regular
LSKUSDT,2024-10-05 04:00:00.000,-0.00019941,0.79600000,Regular
LSKUSDT,2024-10-05 08:00:00.000,-0.00013028,0.80051844,Regular
LSKUSDT,2024-10-05 12:00:00.000,-4.15e-05,0.80430000,Regular
LSKUSDT,2024-10-05 16:00:00.000,-0.00029664,0.80152366,Regular
LSKUSDT,2024-10-05 20:00:00.000,-0.00026256,0.78275461,Regular
LSKUSDT,2024-10-06 00:00:00.000,-2.801e-05,0.79467180,Regular
LSKUSDT,2024-10-06 04:00:00.001,-3.085e-05,0.79620929,Regular
LSKUSDT,2024-10-06 08:00:00.001,-5.596e-05,0.80970239,Regular
LSKUSDT,2024-10-06 12:00:00.000,-0.0002329,0.82826954,Regular
LSKUSDT,2024-10-06 16:00:00.000,5e-05,0.82790000,Regular
LSKUSDT,2024-10-06 20:00:00.000,5e-05,0.82260000,Regular
LSKUSDT,2024-10-07 00:00:00.000,5e-05,0.82977830,Regular
LSKUSDT,2024-10-07 04:00:00.000,5e-05,0.83300000,Regular
LSKUSDT,2024-10-07 08:00:00.000,5e-05,0.83200000,Regular
LSKUSDT,2024-10-07 12:00:00.000,5e-05,0.82437377,Regular
LSKUSDT,2024-10-07 16:00:00.001,5e-05,0.82696970,Regular
LSKUSDT,2024-10-07 20:00:00.000,5e-05,0.82440000,Regular
LSKUSDT,2024-10-08 00:00:00.000,5e-05,0.81191564,Regular
LSKUSDT,2024-10-08 04:00:00.000,-4.439e-05,0.81500000,Regular
LSKUSDT,2024-10-08 08:00:00.000,5e-05,0.80940000,Regular
LSKUSDT,2024-10-08 12:00:00.000,5e-05,0.83002290,Regular
LSKUSDT,2024-10-08 16:00:00.000,1.836e-05,0.81649987,Regular
LSKUSDT,2024-10-08 20:00:00.000,5e-05,0.81937190,Regular
LSKUSDT,2024-10-09 00:00:00.000,5e-05,0.82400533,Regular
LSKUSDT,2024-10-09 04:00:00.000,-0.00010742,0.82945211,Regular
LSKUSDT,2024-10-09 08:00:00.000,5e-05,0.84454926,Regular
LSKUSDT,2024-10-09 12:00:00.000,5e-05,0.85708377,Regular
LSKUSDT,2024-10-09 16:00:00.000,5e-05,0.83590000,Regular
LSKUSDT,2024-10-09 20:00:00.000,-5.48e-06,0.81530000,Regular
LSKUSDT,2024-10-10 00:00:00.000,5e-05,0.80110000,Regular
LSKUSDT,2024-10-10 04:00:00.000,5e-05,0.80320000,Regular
LSKUSDT,2024-10-10 08:00:00.000,5e-05,0.79730000,Regular
LSKUSDT,2024-10-10 12:00:00.000,5e-05,0.80330000,Regular
LSKUSDT,2024-10-10 16:00:00.000,5e-05,0.79206996,Regular
LSKUSDT,2024-10-10 20:00:00.000,5e-05,0.78310378,Regular
LSKUSDT,2024-10-11 00:00:00.000,5e-05,0.80090000,Regular
LSKUSDT,2024-10-11 04:00:00.000,5e-05,0.80470000,Regular
LSKUSDT,2024-10-11 08:00:00.000,5e-05,0.81723289,Regular
LSKUSDT,2024-10-11 12:00:00.000,5e-05,0.82879911,Regular
LSKUSDT,2024-10-11 16:00:00.001,5e-05,0.83500000,Regular
LSKUSDT,2024-10-11 20:00:00.000,5e-05,0.83540000,Regular
LSKUSDT,2024-10-12 00:00:00.000,5e-05,0.83400000,Regular
LSKUSDT,2024-10-12 04:00:00.001,5e-05,0.83257195,Regular
LSKUSDT,2024-10-12 08:00:00.001,5e-05,0.83946816,Regular
LSKUSDT,2024-10-12 12:00:00.000,5e-05,0.83930000,Regular
LSKUSDT,2024-10-12 16:00:00.000,5e-05,0.84309697,Regular
LSKUSDT,2024-10-12 20:00:00.000,5e-05,0.84101702,Regular
LSKUSDT,2024-10-13 00:00:00.000,5e-05,0.83992676,Regular
LSKUSDT,2024-10-13 04:00:00.001,5e-05,0.82900000,Regular
LSKUSDT,2024-10-13 08:00:00.000,5e-05,0.83220000,Regular
LSKUSDT,2024-10-13 12:00:00.000,5e-05,0.81966857,Regular
LSKUSDT,2024-10-13 16:00:00.000,5e-05,0.81115726,Regular
LSKUSDT,2024-10-13 20:00:00.000,3.324e-05,0.81753189,Regular
LSKUSDT,2024-10-14 00:00:00.000,5e-05,0.83046461,Regular
LSKUSDT,2024-10-14 04:00:00.000,5e-05,0.84210000,Regular
LSKUSDT,2024-10-14 08:00:00.000,5e-05,0.84278763,Regular
LSKUSDT,2024-10-14 12:00:00.000,5e-05,0.85138578,Regular
LSKUSDT,2024-10-14 16:00:00.000,5e-05,0.85816047,Regular
LSKUSDT,2024-10-14 20:00:00.000,5e-05,0.85967103,Regular
LSKUSDT,2024-10-15 00:00:00.000,5e-05,0.86988077,Regular
LSKUSDT,2024-10-15 04:00:00.000,5e-05,0.85850000,Regular
LSKUSDT,2024-10-15 08:00:00.000,5e-05,0.86182385,Regular
LSKUSDT,2024-10-15 12:00:00.000,5e-05,0.84842950,Regular
LSKUSDT,2024-10-15 16:00:00.000,5e-05,0.83870000,Regular
LSKUSDT,2024-10-15 20:00:00.000,5e-05,0.84460000,Regular
LSKUSDT,2024-10-16 00:00:00.000,5e-05,0.85160918,Regular
LSKUSDT,2024-10-16 04:00:00.000,5e-05,0.84305752,Regular
LSKUSDT,2024-10-16 08:00:00.001,5e-05,0.83660000,Regular
LSKUSDT,2024-10-16 12:00:00.000,5e-05,0.84463646,Regular
LSKUSDT,2024-10-16 16:00:00.000,5e-05,0.82880000,Regular
LSKUSDT,2024-10-16 20:00:00.000,5e-05,0.82780000,Regular
LSKUSDT,2024-10-17 00:00:00.000,5e-05,0.82747416,Regular
LSKUSDT,2024-10-17 04:00:00.001,5e-05,0.82990000,Regular
LSKUSDT,2024-10-17 08:00:00.000,-1.633e-05,0.82524534,Regular
LSKUSDT,2024-10-17 12:00:00.000,-4.607e-05,0.80561887,Regular
LSKUSDT,2024-10-17 16:00:00.001,5e-05,0.81721231,Regular
LSKUSDT,2024-10-17 20:00:00.007,-5.792e-05,0.80659418,Regular
LSKUSDT,2024-10-18 00:00:00.010,5e-05,0.80967255,Regular
LSKUSDT,2024-10-18 04:00:00.000,5e-05,0.81120000,Regular
LSKUSDT,2024-10-18 08:00:00.001,5e-05,0.81540000,Regular
LSKUSDT,2024-10-18 12:00:00.000,5e-05,0.81300000,Regular
LSKUSDT,2024-10-18 16:00:00.000,5e-05,0.81700566,Regular
LSKUSDT,2024-10-18 20:00:00.000,7.44e-06,0.81830000,Regular
LSKUSDT,2024-10-19 00:00:00.000,5e-05,0.82437993,Regular
LSKUSDT,2024-10-19 04:00:00.000,5e-05,0.83280000,Regular
LSKUSDT,2024-10-19 08:00:00.000,-2.518e-05,0.83747800,Regular
LSKUSDT,2024-10-19 12:00:00.000,-6.788e-05,0.82660342,Regular
LSKUSDT,2024-10-19 16:00:00.000,1.521e-05,0.83000000,Regular
LSKUSDT,2024-10-19 20:00:00.000,5e-05,0.82640000,Regular
LSKUSDT,2024-10-20 00:00:00.000,5e-05,0.83156540,Regular
LSKUSDT,2024-10-20 04:00:00.000,-0.00021558,0.82210000,Regular
LSKUSDT,2024-10-20 08:00:00.000,5e-05,0.83110000,Regular
LSKUSDT,2024-10-20 12:00:00.000,5e-05,0.84040000,Regular
LSKUSDT,2024-10-20 16:00:00.000,5e-05,0.85190000,Regular
LSKUSDT,2024-10-20 20:00:00.000,5e-05,0.85325596,Regular
LSKUSDT,2024-10-21 00:00:00.000,5e-05,0.86314193,Regular
LSKUSDT,2024-10-21 04:00:00.000,5e-05,0.85894049,Regular
LSKUSDT,2024-10-21 08:00:00.000,5e-05,0.84794819,Regular
LSKUSDT,2024-10-21 12:00:00.000,5e-05,0.84245901,Regular
LSKUSDT,2024-10-21 16:00:00.000,5e-05,0.83430000,Regular
LSKUSDT,2024-10-21 20:00:00.000,5e-05,0.84012752,Regular
LSKUSDT,2024-10-22 00:00:00.000,5e-05,0.83480000,Regular
LSKUSDT,2024-10-22 04:00:00.000,5e-05,0.83993239,Regular
LSKUSDT,2024-10-22 08:00:00.000,5e-05,0.83231557,Regular
LSKUSDT,2024-10-22 12:00:00.000,5e-05,0.82150000,Regular
LSKUSDT,2024-10-22 16:00:00.000,5e-05,0.81854345,Regular
LSKUSDT,2024-10-22 20:00:00.000,5e-05,0.83804953,Regular
LSKUSDT,2024-10-23 00:00:00.000,5e-05,0.85220000,Regular
LSKUSDT,2024-10-23 04:00:00.000,5e-05,0.84151187,Regular
LSKUSDT,2024-10-23 08:00:00.000,5e-05,0.83007183,Regular
LSKUSDT,2024-10-23 12:00:00.000,5e-05,0.81568310,Regular
LSKUSDT,2024-10-23 16:00:00.000,5e-05,0.80902058,Regular
LSKUSDT,2024-10-23 20:00:00.001,5e-05,0.80990749,Regular
LSKUSDT,2024-10-24 00:00:00.000,5e-05,0.81251098,Regular
LSKUSDT,2024-10-24 04:00:00.001,5e-05,0.81280000,Regular
LSKUSDT,2024-10-24 08:00:00.000,5e-05,0.80690143,Regular
LSKUSDT,2024-10-24 12:00:00.000,5e-05,0.80324769,Regular
LSKUSDT,2024-10-24 16:00:00.000,5e-05,0.81160000,Regular
LSKUSDT,2024-10-24 20:00:00.000,5e-05,0.82050000,Regular
LSKUSDT,2024-10-25 00:00:00.000,-4.936e-05,0.81492619,Regular
LSKUSDT,2024-10-25 04:00:00.001,5e-05,0.80740000,Regular
LSKUSDT,2024-10-25 08:00:00.000,5e-05,0.79260000,Regular
LSKUSDT,2024-10-25 12:00:00.000,5e-05,0.80374678,Regular
LSKUSDT,2024-10-25 16:00:00.000,-2.457e-05,0.79652873,Regular
LSKUSDT,2024-10-25 20:00:00.000,5e-05,0.78808132,Regular
LSKUSDT,2024-10-26 00:00:00.000,-0.00011721,0.75990000,Regular
LSKUSDT,2024-10-26 04:00:00.001,5e-05,0.77030000,Regular
LSKUSDT,2024-10-26 08:00:00.001,5e-05,0.76842211,Regular
LSKUSDT,2024-10-26 12:00:00.000,5e-05,0.77118636,Regular
LSKUSDT,2024-10-26 16:00:00.000,5.92e-06,0.75140000,Regular
LSKUSDT,2024-10-26 20:00:00.001,5e-05,0.76230000,Regular
LSKUSDT,2024-10-27 00:00:00.000,5e-05,0.76389588,Regular
LSKUSDT,2024-10-27 04:00:00.000,5e-05,0.76706807,Regular
LSKUSDT,2024-10-27 08:00:00.000,-0.00016386,0.76140000,Regular
LSKUSDT,2024-10-27 12:00:00.000,2.387e-05,0.76050000,Regular
LSKUSDT,2024-10-27 16:00:00.000,5e-05,0.77262956,Regular
LSKUSDT,2024-10-27 20:00:00.000,5e-05,0.77290000,Regular
LSKUSDT,2024-10-28 00:00:00.000,-0.00010619,0.77530000,Regular
LSKUSDT,2024-10-28 04:00:00.000,5e-05,0.75872685,Regular
LSKUSDT,2024-10-28 08:00:00.001,5e-05,0.77041820,Regular
LSKUSDT,2024-10-28 12:00:00.001,9.11e-06,0.77139087,Regular
LSKUSDT,2024-10-28 16:00:00.000,5e-05,0.76560000,Regular
LSKUSDT,2024-10-28 20:00:00.000,5e-05,0.77320000,Regular
LSKUSDT,2024-10-29 00:00:00.000,5e-05,0.78838991,Regular
LSKUSDT,2024-10-29 04:00:00.000,5e-05,0.79891056,Regular
LSKUSDT,2024-10-29 08:00:00.000,5e-05,0.79640000,Regular
LSKUSDT,2024-10-29 12:00:00.001,5e-05,0.80482230,Regular
LSKUSDT,2024-10-29 16:00:00.004,5e-05,0.81043344,Regular
LSKUSDT,2024-10-29 20:00:00.000,5e-05,0.80801714,Regular
LSKUSDT,2024-10-30 00:00:00.000,5e-05,0.81480000,Regular
LSKUSDT,2024-10-30 04:00:00.000,5e-05,0.81538988,Regular
LSKUSDT,2024-10-30 08:00:00.000,5e-05,0.81891851,Regular
LSKUSDT,2024-10-30 12:00:00.006,-9.073e-05,0.80570747,Regular
LSKUSDT,2024-10-30 16:00:00.013,5e-05,0.81462826,Regular
LSKUSDT,2024-10-30 20:00:00.000,5e-05,0.81016076,Regular
LSKUSDT,2024-10-31 00:00:00.000,5e-05,0.80740000,Regular
LSKUSDT,2024-10-31 04:00:00.000,5e-05,0.79944419,Regular
LSKUSDT,2024-10-31 08:00:00.000,5e-05,0.79350000,Regular
LSKUSDT,2024-10-31 12:00:00.000,5e-05,0.79190000,Regular
LSKUSDT,2024-10-31 16:00:00.000,5e-05,0.78057385,Regular
LSKUSDT,2024-10-31 20:00:00.000,5e-05,0.76652857,Regular
LSKUSDT,2024-11-01 00:00:00.000,5e-05,0.76742489,Regular
LSKUSDT,2024-11-01 04:00:00.000,5e-05,0.76111933,Regular
LSKUSDT,2024-11-01 08:00:00.000,5e-05,0.75876666,Regular
LSKUSDT,2024-11-01 12:00:00.000,5e-05,0.77605830,Regular
LSKUSDT,2024-11-01 16:00:00.000,5e-05,0.76620000,Regular
LSKUSDT,2024-11-01 20:00:00.001,5e-05,0.77123558,Regular
LSKUSDT,2024-11-02 00:00:00.000,5e-05,0.77218060,Regular
LSKUSDT,2024-11-02 04:00:00.000,5e-05,0.77250272,Regular
LSKUSDT,2024-11-02 08:00:00.000,5e-05,0.77640000,Regular
LSKUSDT,2024-11-02 12:00:00.000,5e-05,0.76834719,Regular
LSKUSDT,2024-11-02 16:00:00.000,5e-05,0.75910000,Regular
LSKUSDT,2024-11-02 20:00:00.001,-0.00010284,0.75441851,Regular
LSKUSDT,2024-11-03 00:00:00.000,-5.628e-05,0.75500000,Regular
LSKUSDT,2024-11-03 04:00:00.000,5e-05,0.73950000,Regular
LSKUSDT,2024-11-03 08:00:00.000,5e-05,0.74589783,Regular
LSKUSDT,2024-11-03 12:00:00.000,2.455e-05,0.73730000,Regular
LSKUSDT,2024-11-03 16:00:00.000,5e-05,0.72820000,Regular
LSKUSDT,2024-11-03 20:00:00.000,-5.545e-05,0.73201866,Regular
LSKUSDT,2024-11-04 00:00:00.000,5e-05,0.73654173,Regular
LSKUSDT,2024-11-04 04:00:00.000,5e-05,0.74100000,Regular
LSKUSDT,2024-11-04 08:00:00.000,5e-05,0.73170000,Regular
LSKUSDT,2024-11-04 12:00:00.000,5e-05,0.73920000,Regular
LSKUSDT,2024-11-04 16:00:00.000,5e-05,0.73378917,Regular
LSKUSDT,2024-11-04 20:00:00.000,5e-05,0.72874060,Regular
LSKUSDT,2024-11-05 00:00:00.000,5e-05,0.72300000,Regular
LSKUSDT,2024-11-05 04:00:00.000,5e-05,0.73120000,Regular
LSKUSDT,2024-11-05 08:00:00.003,5e-05,0.73775367,Regular
LSKUSDT,2024-11-05 12:00:00.001,5e-05,0.74272747,Regular
LSKUSDT,2024-11-05 16:00:00.001,5e-05,0.75200000,Regular
LSKUSDT,2024-11-05 20:00:00.000,5e-05,0.74660000,Regular
LSKUSDT,2024-11-06 00:00:00.000,1.921e-05,0.75156478,Regular
LSKUSDT,2024-11-06 04:00:00.000,5e-05,0.78330000,Regular
LSKUSDT,2024-11-06 08:00:00.000,5e-05,0.78494103,Regular
LSKUSDT,2024-11-06 12:00:00.001,5e-05,0.79290010,Regular
LSKUSDT,2024-11-06 16:00:00.000,5e-05,0.79010000,Regular
LSKUSDT,2024-11-06 20:00:00.001,5e-05,0.80013086,Regular
LSKUSDT,2024-11-07 00:00:00.000,5e-05,0.80924678,Regular
LSKUSDT,2024-11-07 04:00:00.000,5e-05,0.81610000,Regular
LSKUSDT,2024-11-07 08:00:00.000,9.882e-05,0.81789255,Regular
LSKUSDT,2024-11-07 12:00:00.000,5e-05,0.82480000,Regular
LSKUSDT,2024-11-07 16:00:00.000,5e-05,0.84260000,Regular
LSKUSDT,2024-11-07 20:00:00.000,5e-05,0.84033016,Regular
LSKUSDT,2024-11-08 00:00:00.000,5e-05,0.84080000,Regular
LSKUSDT,2024-11-08 04:00:00.000,5e-05,0.82598145,Regular
LSKUSDT,2024-11-08 08:00:00.000,5e-05,0.82232394,Regular
LSKUSDT,2024-11-08 12:00:00.000,5e-05,0.83055950,Regular
LSKUSDT,2024-11-08 16:00:00.000,5e-05,0.82790000,Regular
LSKUSDT,2024-11-08 20:00:00.000,5e-05,0.83039573,Regular
LSKUSDT,2024-11-09 00:00:00.000,5e-05,0.83454204,Regular
LSKUSDT,2024-11-09 04:00:00.000,5e-05,0.83060000,Regular
LSKUSDT,2024-11-09 08:00:00.000,5e-05,0.84090000,Regular
LSKUSDT,2024-11-09 12:00:00.000,5e-05,0.85332158,Regular
LSKUSDT,2024-11-09 16:00:00.000,5e-05,0.83722837,Regular
LSKUSDT,2024-11-09 20:00:00.000,5e-05,0.83472997,Regular
LSKUSDT,2024-11-10 00:00:00.000,5e-05,0.85216913,Regular
LSKUSDT,2024-11-10 04:00:00.000,5e-05,0.85517191,Regular
LSKUSDT,2024-11-10 08:00:00.000,5e-05,0.88090430,Regular
LSKUSDT,2024-11-10 12:00:00.000,5e-05,0.89342935,Regular
LSKUSDT,2024-11-10 16:00:00.000,6.927e-05,0.91027033,Regular
LSKUSDT,2024-11-10 20:00:00.000,5e-05,0.89904671,Regular
LSKUSDT,2024-11-11 00:00:00.001,5e-05,0.90080000,Regular
LSKUSDT,2024-11-11 04:00:00.000,0.00012456,0.92116114,Regular
LSKUSDT,2024-11-11 08:00:00.000,5e-05,0.89243030,Regular
LSKUSDT,2024-11-11 12:00:00.000,5e-05,0.91873460,Regular
LSKUSDT,2024-11-11 16:00:00.000,5e-05,0.92022196,Regular
LSKUSDT,2024-11-11 20:00:00.000,5e-05,0.92220000,Regular
LSKUSDT,2024-11-12 00:00:00.002,9.729e-05,0.94790000,Regular
LSKUSDT,2024-11-12 04:00:00.000,0.00031375,0.94426210,Regular
LSKUSDT,2024-11-12 08:00:00.000,5e-05,0.96931616,Regular
LSKUSDT,2024-11-12 12:00:00.000,5e-05,0.94132582,Regular
LSKUSDT,2024-11-12 16:00:00.000,5e-05,0.93890000,Regular
LSKUSDT,2024-11-12 20:00:00.000,5e-05,0.96669844,Regular
LSKUSDT,2024-11-13 00:00:00.000,5e-05,0.98508631,Regular
LSKUSDT,2024-11-13 04:00:00.000,5e-05,0.95139951,Regular
LSKUSDT,2024-11-13 08:00:00.010,5e-05,0.94657241,Regular
LSKUSDT,2024-11-13 12:00:00.001,5e-05,0.92925314,Regular
LSKUSDT,2024-11-13 16:00:00.000,5e-05,0.96834367,Regular
LSKUSDT,2024-11-13 20:00:00.000,5e-05,0.92400000,Regular
LSKUSDT,2024-11-14 00:00:00.001,5e-05,0.95660000,Regular
LSKUSDT,2024-11-14 04:00:00.000,5e-05,0.93319103,Regular
LSKUSDT,2024-11-14 08:00:00.000,5e-05,0.95450000,Regular
LSKUSDT,2024-11-14 12:00:00.001,5e-05,0.92429232,Regular
LSKUSDT,2024-11-14 16:00:00.000,5e-05,0.89510329,Regular
LSKUSDT,2024-11-14 20:00:00.000,5e-05,0.91274510,Regular
LSKUSDT,2024-11-15 00:00:00.000,5e-05,0.89289143,Regular
LSKUSDT,2024-11-15 04:00:00.001,5e-05,0.89295722,Regular
LSKUSDT,2024-11-15 08:00:00.000,5e-05,0.88970000,Regular
LSKUSDT,2024-11-15 12:00:00.000,5e-05,0.92470000,Regular
LSKUSDT,2024-11-15 16:00:00.000,5e-05,0.90267043,Regular
LSKUSDT,2024-11-15 20:00:00.000,5e-05,0.93131493,Regular
LSKUSDT,2024-11-16 00:00:00.001,5e-05,0.94800000,Regular
LSKUSDT,2024-11-16 04:00:00.001,5.177e-05,0.95000000,Regular
LSKUSDT,2024-11-16 08:00:00.001,5e-05,0.95380000,Regular
LSKUSDT,2024-11-16 12:00:00.000,5e-05,0.98138478,Regular
LSKUSDT,2024-11-16 16:00:00.000,5e-05,0.97460051,Regular
LSKUSDT,2024-11-16 20:00:00.000,5e-05,1.00310000,Regular
LSKUSDT,2024-11-17 00:00:00.000,5e-05,1.01680175,Regular
LSKUSDT,2024-11-17 04:00:00.000,5e-05,0.98032853,Regular
LSKUSDT,2024-11-17 08:00:00.000,5e-05,0.98725908,Regular
LSKUSDT,2024-11-17 12:00:00.000,5e-05,0.96983317,Regular
LSKUSDT,2024-11-17 16:00:00.001,5e-05,0.97454845,Regular
LSKUSDT,2024-11-17 20:00:00.001,5e-05,0.95490048,Regular
LSKUSDT,2024-11-18 00:00:00.000,5e-05,0.95848424,Regular
LSKUSDT,2024-11-18 04:00:00.000,5e-05,0.99390000,Regular
LSKUSDT,2024-11-18 08:00:00.000,5.856e-05,1.00225788,Regular
LSKUSDT,2024-11-18 12:00:00.000,5e-05,0.99335491,Regular
LSKUSDT,2024-11-18 16:00:00.000,5e-05,1.03490000,Regular
LSKUSDT,2024-11-18 20:00:00.000,0.00015616,1.02160000,Regular
LSKUSDT,2024-11-19 00:00:00.000,0.00015631,1.04860000,Regular
LSKUSDT,2024-11-19 04:00:00.000,5e-05,1.08753637,Regular
LSKUSDT,2024-11-19 08:00:00.000,5e-05,1.07830000,Regular
LSKUSDT,2024-11-19 12:00:00.000,0.00012875,1.04830000,Regular
LSKUSDT,2024-11-19 16:00:00.000,5e-05,1.03100000,Regular
LSKUSDT,2024-11-19 20:00:00.001,0.00012311,1.03398017,Regular
LSKUSDT,2024-11-20 00:00:00.003,5e-05,1.04710000,Regular
LSKUSDT,2024-11-20 04:00:00.000,5e-05,0.99235277,Regular
LSKUSDT,2024-11-20 08:00:00.000,5e-05,1.00120000,Regular
LSKUSDT,2024-11-20 12:00:00.000,5e-05,1.00124663,Regular
LSKUSDT,2024-11-20 16:00:00.000,5e-05,1.02944914,Regular
LSKUSDT,2024-11-20 20:00:00.000,5e-05,0.98393356,Regular
LSKUSDT,2024-11-21 00:00:00.001,-6.943e-05,1.02040000,Regular
LSKUSDT,2024-11-21 04:00:00.000,5e-05,0.98330000,Regular
LSKUSDT,2024-11-21 08:00:00.000,5e-05,1.00385974,Regular
LSKUSDT,2024-11-21 12:00:00.000,5e-05,1.00820362,Regular
LSKUSDT,2024-11-21 16:00:00.001,5e-05,1.02453240,Regular
LSKUSDT,2024-11-21 20:00:00.000,5e-05,1.03480399,Regular
LSKUSDT,2024-11-22 00:00:00.000,5e-05,1.04505134,Regular
LSKUSDT,2024-11-22 04:00:00.000,5e-05,1.03520000,Regular
LSKUSDT,2024-11-22 08:00:00.000,5e-05,1.03620000,Regular
LSKUSDT,2024-11-22 12:00:00.000,5e-05,1.04075283,Regular
LSKUSDT,2024-11-22 16:00:00.001,5e-05,1.02540000,Regular
LSKUSDT,2024-11-22 20:00:00.000,5e-05,1.01500000,Regular
LSKUSDT,2024-11-23 00:00:00.000,0.00013069,1.06273466,Regular
LSKUSDT,2024-11-23 04:00:00.000,5.192e-05,1.06989638,Regular
LSKUSDT,2024-11-23 08:00:00.000,0.00021989,1.09930000,Regular
LSKUSDT,2024-11-23 12:00:00.000,0.00023332,1.10340000,Regular
LSKUSDT,2024-11-23 16:00:00.000,0.00017907,1.11151299,Regular
LSKUSDT,2024-11-23 20:00:00.000,0.00010801,1.09120000,Regular
LSKUSDT,2024-11-24 00:00:00.001,0.00016017,1.09828000,Regular
LSKUSDT,2024-11-24 04:00:00.000,0.00031357,1.14910000,Regular
LSKUSDT,2024-11-24 08:00:00.000,0.00016605,1.16680000,Regular
LSKUSDT,2024-11-24 12:00:00.000,7.95e-05,1.09463908,Regular
LSKUSDT,2024-11-24 16:00:00.000,5e-05,1.04114239,Regular
LSKUSDT,2024-11-24 20:00:00.000,0.00014224,1.08450000,Regular
LSKUSDT,2024-11-25 00:00:00.000,0.00026589,1.14590000,Regular
LSKUSDT,2024-11-25 04:00:00.000,0.00010783,1.19900000,Regular
LSKUSDT,2024-11-25 08:00:00.000,0.00024087,1.20280000,Regular
LSKUSDT,2024-11-25 12:00:00.008,0.00036347,1.20716690,Regular
LSKUSDT,2024-11-25 16:00:00.000,0.00016498,1.18670000,Regular
LSKUSDT,2024-11-25 20:00:00.000,6.9e-05,1.15740000,Regular
LSKUSDT,2024-11-26 00:00:00.000,5e-05,1.15880000,Regular
LSKUSDT,2024-11-26 04:00:00.000,5e-05,1.20680000,Regular
LSKUSDT,2024-11-26 08:00:00.000,5e-05,1.21154175,Regular
LSKUSDT,2024-11-26 12:00:00.000,5e-05,1.16141077,Regular
LSKUSDT,2024-11-26 16:00:00.000,5e-05,1.13717587,Regular
LSKUSDT,2024-11-26 20:00:00.000,5e-05,1.15610000,Regular
LSKUSDT,2024-11-27 00:00:00.000,5e-05,1.22010000,Regular
LSKUSDT,2024-11-27 04:00:00.000,5e-05,1.19275267,Regular
LSKUSDT,2024-11-27 08:00:00.000,5e-05,1.19942801,Regular
LSKUSDT,2024-11-27 12:00:00.000,5e-05,1.19029545,Regular
LSKUSDT,2024-11-27 16:00:00.001,5e-05,1.20910000,Regular
LSKUSDT,2024-11-27 20:00:00.000,5e-05,1.23140000,Regular
LSKUSDT,2024-11-28 00:00:00.000,5e-05,1.26670599,Regular
LSKUSDT,2024-11-28 04:00:00.000,5e-05,1.22210000,Regular
LSKUSDT,2024-11-28 08:00:00.000,5e-05,1.21768566,Regular
LSKUSDT,2024-11-28 12:00:00.000,5e-05,1.21783855,Regular
LSKUSDT,2024-11-28 16:00:00.000,5e-05,1.19990000,Regular
LSKUSDT,2024-11-28 20:00:00.000,5e-05,1.23016084,Regular
LSKUSDT,2024-11-29 00:00:00.000,5e-05,1.23613576,Regular
LSKUSDT,2024-11-29 04:00:00.000,5e-05,1.21890000,Regular
LSKUSDT,2024-11-29 08:00:00.000,5e-05,1.18972389,Regular
LSKUSDT,2024-11-29 12:00:00.000,5e-05,1.27728383,Regular
LSKUSDT,2024-11-29 16:00:00.000,9.162e-05,1.28082102,Regular
LSKUSDT,2024-11-29 20:00:00.000,5e-05,1.29080284,Regular
LSKUSDT,2024-11-30 00:00:00.000,5e-05,1.29683688,Regular
LSKUSDT,2024-11-30 04:00:00.000,5e-05,1.27750000,Regular
LSKUSDT,2024-11-30 08:00:00.000,5e-05,1.29053264,Regular
LSKUSDT,2024-11-30 12:00:00.001,5e-05,1.28519915,Regular
LSKUSDT,2024-11-30 16:00:00.000,5.708e-05,1.30237718,Regular
LSKUSDT,2024-11-30 20:00:00.000,5e-05,1.31409962,Regular
LSKUSDT,2024-12-01 00:00:00.000,5e-05,1.31597184,Regular
LSKUSDT,2024-12-01 04:00:00.000,5e-05,1.28348310,Regular
LSKUSDT,2024-12-01 08:00:00.000,5e-05,1.28900000,Regular
LSKUSDT,2024-12-01 12:00:00.000,5e-05,1.29741358,Regular
LSKUSDT,2024-12-01 16:00:00.000,0.00011094,1.32260514,Regular
LSKUSDT,2024-12-01 20:00:00.000,5e-05,1.31600000,Regular
LSKUSDT,2024-12-02 00:00:00.001,5e-05,1.31752865,Regular
LSKUSDT,2024-12-02 04:00:00.000,5e-05,1.26630000,Regular
LSKUSDT,2024-12-02 08:00:00.001,6.282e-05,1.27190000,Regular
LSKUSDT,2024-12-02 12:00:00.000,5e-05,1.21190000,Regular
LSKUSDT,2024-12-02 16:00:00.000,0.00011252,1.25475403,Regular
LSKUSDT,2024-12-02 20:00:00.001,5e-05,1.25480000,Regular
LSKUSDT,2024-12-03 00:00:00.000,0.00011056,1.31614743,Regular
LSKUSDT,2024-12-03 04:00:00.000,0.00025252,1.30860000,Regular
LSKUSDT,2024-12-03 08:00:00.000,0.00030308,1.32390000,Regular
LSKUSDT,2024-12-03 12:00:00.001,0.00018614,1.36552654,Regular
LSKUSDT,2024-12-03 16:00:00.000,0.00012333,1.26576093,Regular
LSKUSDT,2024-12-03 20:00:00.000,0.00037948,1.32825916,Regular
LSKUSDT,2024-12-04 00:00:00.000,0.000439,1.42190000,Regular
LSKUSDT,2024-12-04 04:00:00.000,0.00049898,1.41420000,Regular
LSKUSDT,2024-12-04 08:00:00.000,0.00034015,1.44440000,Regular
LSKUSDT,2024-12-04 12:00:00.000,0.00045611,1.46945054,Regular
LSKUSDT,2024-12-04 16:00:00.000,0.0003872,1.46052801,Regular
LSKUSDT,2024-12-04 20:00:00.000,0.00039885,1.47621376,Regular
LSKUSDT,2024-12-05 00:00:00.001,0.00019607,1.44040000,Regular
LSKUSDT,2024-12-05 04:00:00.000,5.357e-05,1.36891599,Regular
LSKUSDT,2024-12-05 08:00:00.000,0.00032777,1.41120000,Regular
LSKUSDT,2024-12-05 12:00:00.000,0.00033387,1.43340000,Regular
LSKUSDT,2024-12-05 16:00:00.000,0.0003925,1.41630000,Regular
LSKUSDT,2024-12-05 20:00:00.000,0.00027438,1.39560000,Regular
LSKUSDT,2024-12-06 00:00:00.000,0.00035832,1.38063588,Regular
LSKUSDT,2024-12-06 04:00:00.001,0.00030071,1.40980000,Regular
LSKUSDT,2024-12-06 08:00:00.000,0.00022925,1.41392928,Regular
LSKUSDT,2024-12-06 12:00:00.001,0.00015344,1.37350000,Regular
LSKUSDT,2024-12-06 16:00:00.000,8.12e-05,1.38130000,Regular
LSKUSDT,2024-12-06 20:00:00.001,0.00025111,1.40444927,Regular
LSKUSDT,2024-12-07 00:00:00.000,0.00033307,1.40190000,Regular
LSKUSDT,2024-12-07 04:00:00.000,0.00025431,1.37480000,Regular
LSKUSDT,2024-12-07 08:00:00.000,0.00022982,1.36810000,Regular
LSKUSDT,2024-12-07 12:00:00.000,0.00025347,1.37147684,Regular
LSKUSDT,2024-12-07 16:00:00.000,0.00011686,1.38610000,Regular
LSKUSDT,2024-12-07 20:00:00.000,0.00022357,1.36970000,Regular
LSKUSDT,2024-12-08 00:00:00.000,0.00020343,1.37880000,Regular
LSKUSDT,2024-12-08 04:00:00.000,0.00014945,1.38925600,Regular
LSKUSDT,2024-12-08 08:00:00.000,0.00019277,1.37879213,Regular
LSKUSDT,2024-12-08 12:00:00.001,0.00029151,1.38251786,Regular
LSKUSDT,2024-12-08 16:00:00.000,0.00019062,1.39550000,Regular
LSKUSDT,2024-12-08 20:00:00.000,5e-05,1.39820000,Regular
LSKUSDT,2024-12-09 00:00:00.000,0.00014295,1.41094276,Regular
LSKUSDT,2024-12-09 04:00:00.000,5e-05,1.35960000,Regular
LSKUSDT,2024-12-09 08:00:00.000,6.285e-05,1.33241443,Regular
LSKUSDT,2024-12-09 12:00:00.000,5e-05,1.26689038,Regular
LSKUSDT,2024-12-09 16:00:00.001,5e-05,1.28400000,Regular
LSKUSDT,2024-12-09 20:00:00.012,0.00011379,1.26850000,Regular
LSKUSDT,2024-12-10 00:00:00.007,5e-05,1.15790010,Regular
LSKUSDT,2024-12-10 04:00:00.002,5e-05,1.11119373,Regular
LSKUSDT,2024-12-10 08:00:00.000,5e-05,1.13370000,Regular
LSKUSDT,2024-12-10 12:00:00.000,5e-05,1.12459157,Regular
LSKUSDT,2024-12-10 16:00:00.000,5e-05,1.02492227,Regular
LSKUSDT,2024-12-10 20:00:00.001,5e-05,1.06200000,Regular
LSKUSDT,2024-12-11 00:00:00.000,5e-05,1.08716851,Regular
LSKUSDT,2024-12-11 04:00:00.000,5e-05,1.08511871,Regular
LSKUSDT,2024-12-11 08:00:00.000,5e-05,1.06230000,Regular
LSKUSDT,2024-12-11 12:00:00.000,5e-05,1.10591824,Regular
LSKUSDT,2024-12-11 16:00:00.001,5e-05,1.15413655,Regular
LSKUSDT,2024-12-11 20:00:00.000,5e-05,1.16580000,Regular
LSKUSDT,2024-12-12 00:00:00.001,5e-05,1.16544189,Regular
LSKUSDT,2024-12-12 04:00:00.000,5e-05,1.17982553,Regular
LSKUSDT,2024-12-12 08:00:00.000,5e-05,1.19705162,Regular
LSKUSDT,2024-12-12 12:00:00.000,5e-05,1.17440000,Regular
LSKUSDT,2024-12-12 16:00:00.001,5e-05,1.18926479,Regular
LSKUSDT,2024-12-12 20:00:00.000,5e-05,1.16101610,Regular
LSKUSDT,2024-12-13 00:00:00.000,5e-05,1.18310000,Regular
LSKUSDT,2024-12-13 04:00:00.000,5e-05,1.18550602,Regular
LSKUSDT,2024-12-13 08:00:00.000,5e-05,1.16675156,Regular
LSKUSDT,2024-12-13 12:00:00.000,5e-05,1.17299351,Regular
LSKUSDT,2024-12-13 16:00:00.001,5e-05,1.14839613,Regular
LSKUSDT,2024-12-13 20:00:00.001,5e-05,1.16891833,Regular
LSKUSDT,2024-12-14 00:00:00.000,5e-05,1.17892730,Regular
LSKUSDT,2024-12-14 04:00:00.000,5e-05,1.16404544,Regular
LSKUSDT,2024-12-14 08:00:00.000,5e-05,1.16507817,Regular
LSKUSDT,2024-12-14 12:00:00.000,5e-05,1.15500395,Regular
LSKUSDT,2024-12-14 16:00:00.000,5e-05,1.12437629,Regular
LSKUSDT,2024-12-14 20:00:00.000,5e-05,1.10327849,Regular
LSKUSDT,2024-12-15 00:00:00.000,5e-05,1.10719295,Regular
LSKUSDT,2024-12-15 04:00:00.000,5e-05,1.09573635,Regular
LSKUSDT,2024-12-15 08:00:00.000,5e-05,1.08620827,Regular
LSKUSDT,2024-12-15 12:00:00.000,5e-05,1.11082940,Regular
LSKUSDT,2024-12-15 16:00:00.000,5e-05,1.14020000,Regular
LSKUSDT,2024-12-15 20:00:00.001,5e-05,1.13251727,Regular
LSKUSDT,2024-12-16 00:00:00.000,5e-05,1.14262598,Regular
LSKUSDT,2024-12-16 04:00:00.000,5e-05,1.11960600,Regular
LSKUSDT,2024-12-16 08:00:00.001,5e-05,1.11930968,Regular
LSKUSDT,2024-12-16 12:00:00.000,5e-05,1.06901414,Regular
LSKUSDT,2024-12-16 16:00:00.000,5e-05,1.09270167,Regular
LSKUSDT,2024-12-16 20:00:00.000,5e-05,1.11220000,Regular
LSKUSDT,2024-12-17 00:00:00.000,5e-05,1.09658406,Regular
LSKUSDT,2024-12-17 04:00:00.000,5e-05,1.08180000,Regular
LSKUSDT,2024-12-17 08:00:00.000,5e-05,1.06882129,Regular
LSKUSDT,2024-12-17 12:00:00.000,5e-05,1.08833550,Regular
LSKUSDT,2024-12-17 16:00:00.000,5e-05,1.04860000,Regular
LSKUSDT,2024-12-17 20:00:00.000,5e-05,1.06860000,Regular
LSKUSDT,2024-12-18 00:00:00.000,5e-05,1.03883703,Regular
LSKUSDT,2024-12-18 04:00:00.000,5e-05,1.01920049,Regular
LSKUSDT,2024-12-18 08:00:00.000,5e-05,1.00829995,Regular
LSKUSDT,2024-12-18 12:00:00.000,5e-05,1.02010000,Regular
LSKUSDT,2024-12-18 16:00:00.000,5e-05,1.00811848,Regular
LSKUSDT,2024-12-18 20:00:00.000,5e-05,0.98429211,Regular
LSKUSDT,2024-12-19 00:00:00.000,5e-05,0.94179651,Regular
LSKUSDT,2024-12-19 04:00:00.000,5e-05,0.94635012,Regular
LSKUSDT,2024-12-19 08:00:00.000,5e-05,0.94000946,Regular
LSKUSDT,2024-12-19 12:00:00.000,5e-05,0.95000000,Regular
LSKUSDT,2024-12-19 16:00:00.000,5e-05,0.92410099,Regular
LSKUSDT,2024-12-19 20:00:00.000,5e-05,0.86358388,Regular
LSKUSDT,2024-12-20 00:00:00.000,5e-05,0.87300000,Regular
LSKUSDT,2024-12-20 04:00:00.001,5e-05,0.89174856,Regular
LSKUSDT,2024-12-20 08:00:00.001,-5.71e-06,0.89030000,Regular
LSKUSDT,2024-12-20 12:00:00.000,-0.00019301,0.79220000,Regular
LSKUSDT,2024-12-20 16:00:00.014,5e-05,0.87221510,Regular
LSKUSDT,2024-12-20 20:00:00.000,5e-05,0.91069535,Regular
LSKUSDT,2024-12-21 00:00:00.000,5e-05,0.92011017,Regular
LSKUSDT,2024-12-21 04:00:00.000,5e-05,0.92120000,Regular
LSKUSDT,2024-12-21 08:00:00.000,5e-05,0.96140000,Regular
LSKUSDT,2024-12-21 12:00:00.000,5e-05,0.94360000,Regular
LSKUSDT,2024-12-21 16:00:00.001,5e-05,0.90290716,Regular
LSKUSDT,2024-12-21 20:00:00.000,-4.51e-06,0.88024967,Regular
LSKUSDT,2024-12-22 00:00:00.000,5e-05,0.88160907,Regular
LSKUSDT,2024-12-22 04:00:00.000,-7.156e-05,0.89970000,Regular
LSKUSDT,2024-12-22 08:00:00.000,-7.734e-05,0.89801504,Regular
LSKUSDT,2024-12-22 12:00:00.000,1.1e-05,0.91050000,Regular
LSKUSDT,2024-12-22 16:00:00.000,-0.00056793,0.91800000,Regular
LSKUSDT,2024-12-22 20:00:00.000,-0.00087782,0.89780000,Regular
LSKUSDT,2024-12-23 00:00:00.000,-0.00011414,0.91428680,Regular
LSKUSDT,2024-12-23 04:00:00.000,5e-05,0.93580000,Regular
LSKUSDT,2024-12-23 08:00:00.000,5e-05,0.91930248,Regular
LSKUSDT,2024-12-23 12:00:00.000,-2.06e-06,0.93080000,Regular
LSKUSDT,2024-12-23 16:00:00.001,5e-05,0.90620000,Regular
LSKUSDT,2024-12-23 20:00:00.000,5e-05,0.93651017,Regular
LSKUSDT,2024-12-24 00:00:00.000,5e-05,0.95675190,Regular
LSKUSDT,2024-12-24 04:00:00.000,5e-05,0.94699856,Regular
LSKUSDT,2024-12-24 08:00:00.000,5e-05,0.94590000,Regular
LSKUSDT,2024-12-24 12:00:00.000,5e-05,0.95713002,Regular
LSKUSDT,2024-12-24 16:00:00.001,5e-05,0.98850000,Regular
LSKUSDT,2024-12-24 20:00:00.000,5e-05,0.98540000,Regular
LSKUSDT,2024-12-25 00:00:00.001,5e-05,1.00143013,Regular
LSKUSDT,2024-12-25 04:00:00.001,-0.00030372,1.01222713,Regular
LSKUSDT,2024-12-25 08:00:00.000,-5.201e-05,1.01770000,Regular
LSKUSDT,2024-12-25 12:00:00.000,1.097e-05,0.99696476,Regular
LSKUSDT,2024-12-25 16:00:00.000,5e-05,0.98417649,Regular
LSKUSDT,2024-12-25 20:00:00.000,5e-05,0.98070000,Regular
LSKUSDT,2024-12-26 00:00:00.000,2.674e-05,0.97776407,Regular
LSKUSDT,2024-12-26 04:00:00.001,-0.00053766,0.94832199,Regular
LSKUSDT,2024-12-26 08:00:00.000,-4.558e-05,0.93100000,Regular
LSKUSDT,2024-12-26 12:00:00.000,-5.232e-05,0.92261053,Regular
LSKUSDT,2024-12-26 16:00:00.000,-4.937e-05,0.91123128,Regular
LSKUSDT,2024-12-26 20:00:00.001,5e-05,0.90870000,Regular
LSKUSDT,2024-12-27 00:00:00.000,5e-05,0.91040000,Regular
LSKUSDT,2024-12-27 04:00:00.000,-1.913e-05,0.92810000,Regular
LSKUSDT,2024-12-27 08:00:00.000,5e-05,0.92873826,Regular
LSKUSDT,2024-12-27 12:00:00.000,5e-05,0.95868767,Regular
LSKUSDT,2024-12-27 16:00:00.000,5e-05,0.92290000,Regular
LSKUSDT,2024-12-27 20:00:00.001,5e-05,0.93850603,Regular
LSKUSDT,2024-12-28 00:00:00.001,5e-05,0.92793066,Regular
LSKUSDT,2024-12-28 04:00:00.000,5e-05,0.93980000,Regular
LSKUSDT,2024-12-28 08:00:00.000,5e-05,0.94345664,Regular
LSKUSDT,2024-12-28 12:00:00.000,5e-05,0.94810000,Regular
LSKUSDT,2024-12-28 16:00:00.000,5e-05,0.95152681,Regular
LSKUSDT,2024-12-28 20:00:00.000,5e-05,0.96274695,Regular
LSKUSDT,2024-12-29 00:00:00.000,5e-05,0.98015154,Regular
LSKUSDT,2024-12-29 04:00:00.000,5e-05,0.97592524,Regular
LSKUSDT,2024-12-29 08:00:00.000,5e-05,0.97810757,Regular
LSKUSDT,2024-12-29 12:00:00.000,5e-05,0.96720000,Regular
LSKUSDT,2024-12-29 16:00:00.000,5e-05,0.95889965,Regular
LSKUSDT,2024-12-29 20:00:00.000,5e-05,0.94708576,Regular
LSKUSDT,2024-12-30 00:00:00.000,5e-05,0.94151668,Regular
LSKUSDT,2024-12-30 04:00:00.001,5e-05,0.96560566,Regular
LSKUSDT,2024-12-30 08:00:00.001,5e-05,0.97178258,Regular
LSKUSDT,2024-12-30 12:00:00.000,5e-05,0.95484857,Regular
LSKUSDT,2024-12-30 16:00:00.000,5e-05,0.91978548,Regular
LSKUSDT,2024-12-30 20:00:00.000,5e-05,0.95773454,Regular
LSKUSDT,2024-12-31 00:00:00.000,5e-05,0.93735191,Regular
LSKUSDT,2024-12-31 04:00:00.000,5e-05,0.90471652,Regular
LSKUSDT,2024-12-31 08:00:00.000,5e-05,0.91130000,Regular
LSKUSDT,2024-12-31 12:00:00.001,5e-05,0.92310000,Regular
LSKUSDT,2024-12-31 16:00:00.000,5e-05,0.93520000,Regular
LSKUSDT,2024-12-31 20:00:00.000,5e-05,0.91216193,Regular
LSKUSDT,2025-01-01 00:00:00.015,5e-05,0.91300000,Regular
LSKUSDT,2025-01-01 04:00:00.004,5e-05,0.91398114,Regular
LSKUSDT,2025-01-01 08:00:00.000,5e-05,0.90950000,Regular
LSKUSDT,2025-01-01 12:00:00.002,5e-05,0.89905708,Regular
LSKUSDT,2025-01-01 16:00:00.001,5e-05,0.91690000,Regular
LSKUSDT,2025-01-01 20:00:00.000,5e-05,0.92890131,Regular
LSKUSDT,2025-01-02 00:00:00.000,5e-05,0.93220000,Regular
LSKUSDT,2025-01-02 04:00:00.000,5e-05,0.93720000,Regular
LSKUSDT,2025-01-02 08:00:00.006,5e-05,0.95013411,Regular
LSKUSDT,2025-01-02 12:00:00.007,5e-05,0.96445281,Regular
LSKUSDT,2025-01-02 16:00:00.000,5e-05,0.95760000,Regular
LSKUSDT,2025-01-02 20:00:00.001,5e-05,0.95842970,Regular
LSKUSDT,2025-01-03 00:00:00.000,5e-05,0.95783541,Regular
LSKUSDT,2025-01-03 04:00:00.001,5e-05,0.95120000,Regular
LSKUSDT,2025-01-03 08:00:00.000,5e-05,0.93700000,Regular
LSKUSDT,2025-01-03 12:00:00.000,5e-05,0.96320000,Regular
LSKUSDT,2025-01-03 16:00:00.000,5e-05,0.98455707,Regular
LSKUSDT,2025-01-03 20:00:00.001,5e-05,0.99752899,Regular
LSKUSDT,2025-01-04 00:00:00.000,5e-05,0.99814268,Regular
LSKUSDT,2025-01-04 04:00:00.000,5e-05,1.00386354,Regular
LSKUSDT,2025-01-04 08:00:00.000,5e-05,1.01531711,Regular
LSKUSDT,2025-01-04 12:00:00.000,5e-05,0.99887379,Regular
LSKUSDT,2025-01-04 16:00:00.000,5e-05,0.98777515,Regular
LSKUSDT,2025-01-04 20:00:00.001,5e-05,1.00185898,Regular
LSKUSDT,2025-01-05 00:00:00.000,5e-05,1.00360000,Regular
LSKUSDT,2025-01-05 04:00:00.000,5e-05,1.00010000,Regular
LSKUSDT,2025-01-05 08:00:00.000,5e-05,1.02320000,Regular
LSKUSDT,2025-01-05 12:00:00.000,5e-05,1.01908205,Regular
LSKUSDT,2025-01-05 16:00:00.000,5e-05,1.01723851,Regular
LSKUSDT,2025-01-05 20:00:00.000,5e-05,1.01821297,Regular
LSKUSDT,2025-01-06 00:00:00.000,5e-05,1.02191675,Regular
LSKUSDT,2025-01-06 04:00:00.000,5e-05,1.03840000,Regular
LSKUSDT,2025-01-06 08:00:00.001,5e-05,1.04287816,Regular
LSKUSDT,2025-01-06 12:00:00.000,5e-05,1.04290000,Regular
LSKUSDT,2025-01-06 16:00:00.000,5e-05,1.05360992,Regular
LSKUSDT,2025-01-06 20:00:00.000,5e-05,1.04743460,Regular
LSKUSDT,2025-01-07 00:00:00.000,5e-05,1.04670000,Regular
LSKUSDT,2025-01-07 04:00:00.000,5e-05,1.03077860,Regular
LSKUSDT,2025-01-07 08:00:00.000,5e-05,1.02670000,Regular
LSKUSDT,2025-01-07 12:00:00.001,5e-05,1.01900000,Regular
LSKUSDT,2025-01-07 16:00:00.008,5e-05,0.97727049,Regular
LSKUSDT,2025-01-07 20:00:00.000,5e-05,0.95046377,Regular
LSKUSDT,2025-01-08 00:00:00.001,5e-05,0.94270081,Regular
LSKUSDT,2025-01-08 04:00:00.006,5e-05,0.93597667,Regular
LSKUSDT,2025-01-08 08:00:00.000,5e-05,0.91900000,Regular
LSKUSDT,2025-01-08 12:00:00.000,5e-05,0.92350000,Regular
LSKUSDT,2025-01-08 16:00:00.000,-0.00063075,0.97191156,Regular
LSKUSDT,2025-01-08 20:00:00.000,4.793e-05,0.95787791,Regular
LSKUSDT,2025-01-09 00:00:00.000,-4.38e-05,0.98550000,Regular
LSKUSDT,2025-01-09 04:00:00.001,-0.00175236,1.06640000,Regular
LSKUSDT,2025-01-09 08:00:00.000,-0.00216708,1.02168311,Regular
LSKUSDT,2025-01-09 12:00:00.000,-0.0038394,1.09110000,Regular
LSKUSDT,2025-01-09 16:00:00.000,-0.00158458,1.08947346,Regular
LSKUSDT,2025-01-09 20:00:00.000,-0.00216254,1.10977651,Regular
LSKUSDT,2025-01-10 00:00:00.000,-0.0008544,1.13734287,Regular
LSKUSDT,2025-01-10 04:00:00.000,-0.00022544,1.08576851,Regular
LSKUSDT,2025-01-10 08:00:00.000,-0.00017826,1.06954985,Regular
LSKUSDT,2025-01-10 12:00:00.000,-0.00013795,1.08429881,Regular
LSKUSDT,2025-01-10 16:00:00.000,-5.388e-05,1.03507479,Regular
LSKUSDT,2025-01-10 20:00:00.001,5e-05,1.12212291,Regular
LSKUSDT,2025-01-11 00:00:00.000,5e-05,1.09124768,Regular
LSKUSDT,2025-01-11 04:00:00.000,5e-05,1.08054853,Regular
LSKUSDT,2025-01-11 08:00:00.000,3.442e-05,1.09328521,Regular
LSKUSDT,2025-01-11 12:00:00.000,-0.00028546,1.06625622,Regular
LSKUSDT,2025-01-11 16:00:00.000,-6.108e-05,1.06190000,Regular
LSKUSDT,2025-01-11 20:00:00.000,-0.00027239,1.05630000,Regular
LSKUSDT,2025-01-12 00:00:00.000,-0.00030987,1.06490000,Regular
LSKUSDT,2025-01-12 04:00:00.000,-0.00013967,1.06150000,Regular
LSKUSDT,2025-01-12 08:00:00.000,5e-05,1.06410000,Regular
LSKUSDT,2025-01-12 12:00:00.000,5e-05,1.03584093,Regular
LSKUSDT,2025-01-12 16:00:00.000,-3.015e-05,1.03611337,Regular
LSKUSDT,2025-01-12 20:00:00.000,5e-05,1.09356646,Regular
LSKUSDT,2025-01-13 00:00:00.000,-7.008e-05,1.07590000,Regular
LSKUSDT,2025-01-13 04:00:00.000,-0.00402302,1.11746543,Regular
LSKUSDT,2025-01-13 08:00:00.000,-0.00188023,1.03160000,Regular
LSKUSDT,2025-01-13 12:00:00.000,-0.00087124,0.97430000,Regular
LSKUSDT,2025-01-13 16:00:00.000,-0.00090356,0.98233748,Regular
LSKUSDT,2025-01-13 20:00:00.000,-0.00088987,0.97177646,Regular
LSKUSDT,2025-01-14 00:00:00.000,-0.00095864,1.00680000,Regular
LSKUSDT,2025-01-14 04:00:00.000,-0.00112745,0.96810000,Regular
LSKUSDT,2025-01-14 08:00:00.000,-0.00080817,0.97393229,Regular
LSKUSDT,2025-01-14 12:00:00.000,-0.00017224,1.02728789,Regular
LSKUSDT,2025-01-14 16:00:00.000,4.642e-05,1.02732888,Regular
LSKUSDT,2025-01-14 20:00:00.000,5e-05,1.06108030,Regular
LSKUSDT,2025-01-15 00:00:00.000,3.709e-05,1.04388376,Regular
LSKUSDT,2025-01-15 04:00:00.000,5e-05,1.01920524,Regular
LSKUSDT,2025-01-15 08:00:00.000,5e-05,1.00670000,Regular
LSKUSDT,2025-01-15 12:00:00.000,-0.00013488,0.98921057,Regular
LSKUSDT,2025-01-15 16:00:00.000,-0.00011488,1.02130000,Regular
LSKUSDT,2025-01-15 20:00:00.000,-0.00066899,1.03130000,Regular
LSKUSDT,2025-01-16 00:00:00.000,-0.00052002,1.03630000,Regular
LSKUSDT,2025-01-16 04:00:00.000,-6.703e-05,1.01755844,Regular
LSKUSDT,2025-01-16 08:00:00.000,-0.00027057,1.01405465,Regular
LSKUSDT,2025-01-16 12:00:00.000,5e-05,1.00808330,Regular
LSKUSDT,2025-01-16 16:00:00.000,5e-05,0.99889235,Regular
LSKUSDT,2025-01-16 20:00:00.000,-0.00022973,1.00884937,Regular
LSKUSDT,2025-01-17 00:00:00.004,-0.00050428,0.99110000,Regular
LSKUSDT,2025-01-17 04:00:00.000,5e-05,1.02570000,Regular
LSKUSDT,2025-01-17 08:00:00.000,-7.034e-05,1.02066739,Regular
LSKUSDT,2025-01-17 12:00:00.013,5e-05,1.02400318,Regular
LSKUSDT,2025-01-17 16:00:00.008,5e-05,1.02510000,Regular
LSKUSDT,2025-01-17 20:00:00.005,-5.54e-06,1.02663489,Regular
LSKUSDT,2025-01-18 00:00:00.000,5e-05,1.03060000,Regular
LSKUSDT,2025-01-18 04:00:00.003,3.4e-07,0.99440311,Regular
LSKUSDT,2025-01-18 08:00:00.007,-9.253e-05,0.96674952,Regular
LSKUSDT,2025-01-18 12:00:00.000,5e-05,0.97080986,Regular
LSKUSDT,2025-01-18 16:00:00.000,3.576e-05,0.95916928,Regular
LSKUSDT,2025-01-18 20:00:00.000,5e-05,0.95090000,Regular
LSKUSDT,2025-01-19 00:00:00.000,5e-05,0.96144023,Regular
LSKUSDT,2025-01-19 04:00:00.000,-0.00021708,0.96162893,Regular
LSKUSDT,2025-01-19 08:00:00.000,5e-05,0.93570569,Regular
LSKUSDT,2025-01-19 12:00:00.000,-2.709e-05,0.89783198,Regular
LSKUSDT,2025-01-19 16:00:00.000,5e-05,0.96330007,Regular
LSKUSDT,2025-01-19 20:00:00.000,5e-05,0.97800046,Regular
LSKUSDT,2025-01-20 00:00:00.000,5e-05,0.90753126,Regular
LSKUSDT,2025-01-20 04:00:00.000,5e-05,0.90970772,Regular
LSKUSDT,2025-01-20 08:00:00.009,5e-05,0.95846776,Regular
LSKUSDT,2025-01-20 12:00:00.002,5e-05,0.94845021,Regular
LSKUSDT,2025-01-20 16:00:00.000,5e-05,0.92351221,Regular
LSKUSDT,2025-01-20 20:00:00.001,5e-05,0.92030856,Regular
LSKUSDT,2025-01-21 00:00:00.000,5e-05,0.90800000,Regular
LSKUSDT,2025-01-21 04:00:00.000,5e-05,0.89163918,Regular
LSKUSDT,2025-01-21 08:00:00.000,5e-05,0.89210000,Regular
LSKUSDT,2025-01-21 12:00:00.000,1.943e-05,0.91340000,Regular
LSKUSDT,2025-01-21 16:00:00.000,5e-05,0.91945071,Regular
LSKUSDT,2025-01-21 20:00:00.000,5e-05,0.94467201,Regular
LSKUSDT,2025-01-22 00:00:00.000,5e-05,0.92687693,Regular
LSKUSDT,2025-01-22 04:00:00.000,5e-05,0.92311247,Regular
LSKUSDT,2025-01-22 08:00:00.000,5e-05,0.92076089,Regular
LSKUSDT,2025-01-22 12:00:00.000,5e-05,0.92850000,Regular
LSKUSDT,2025-01-22 16:00:00.000,5e-05,0.91085703,Regular
LSKUSDT,2025-01-22 20:00:00.000,5e-05,0.90060000,Regular
LSKUSDT,2025-01-23 00:00:00.001,5e-05,0.89715583,Regular
LSKUSDT,2025-01-23 04:00:00.001,5e-05,0.88150000,Regular
LSKUSDT,2025-01-23 08:00:00.000,5e-05,0.88580000,Regular
LSKUSDT,2025-01-23 12:00:00.000,-1.89e-05,0.87153138,Regular
LSKUSDT,2025-01-23 16:00:00.000,5e-05,0.89347359,Regular
LSKUSDT,2025-01-23 20:00:00.000,5e-05,0.87019339,Regular
LSKUSDT,2025-01-24 00:00:00.000,5e-05,0.89052906,Regular
LSKUSDT,2025-01-24 04:00:00.000,5e-05,0.87444866,Regular
LSKUSDT,2025-01-24 08:00:00.000,5e-05,0.89400000,Regular
LSKUSDT,2025-01-24 12:00:00.001,5e-05,0.90448476,Regular
LSKUSDT,2025-01-24 16:00:00.000,5e-05,0.90729486,Regular
LSKUSDT,2025-01-24 20:00:00.000,-0.0001843,0.90200000,Regular
LSKUSDT,2025-01-25 00:00:00.000,5e-05,0.88338556,Regular
LSKUSDT,2025-01-25 04:00:00.000,5e-05,0.89331207,Regular
LSKUSDT,2025-01-25 08:00:00.000,5e-05,0.89521863,Regular
LSKUSDT,2025-01-25 12:00:00.000,5e-05,0.89950000,Regular
LSKUSDT,2025-01-25 16:00:00.001,5e-05,0.90101270,Regular
LSKUSDT,2025-01-25 20:00:00.001,5e-05,0.90290000,Regular
LSKUSDT,2025-01-26 00:00:00.000,5e-05,0.90260000,Regular
LSKUSDT,2025-01-26 04:00:00.000,5e-05,0.92049955,Regular
LSKUSDT,2025-01-26 08:00:00.000,5e-05,0.92550000,Regular
LSKUSDT,2025-01-26 12:00:00.000,5e-05,0.92570046,Regular
LSKUSDT,2025-01-26 16:00:00.000,5e-05,0.92070779,Regular
LSKUSDT,2025-01-26 20:00:00.000,5e-05,0.92413159,Regular
LSKUSDT,2025-01-27 00:00:00.000,5e-05,0.89772393,Regular
LSKUSDT,2025-01-27 04:00:00.000,5e-05,0.87668111,Regular
LSKUSDT,2025-01-27 08:00:00.000,5e-05,0.85200786,Regular
LSKUSDT,2025-01-27 12:00:00.001,5e-05,0.84105326,Regular
LSKUSDT,2025-01-27 16:00:00.000,5e-05,0.87170000,Regular
LSKUSDT,2025-01-27 20:00:00.000,5e-05,0.85740000,Regular
LSKUSDT,2025-01-28 00:00:00.000,5e-05,0.87613570,Regular
LSKUSDT,2025-01-28 04:00:00.000,5e-05,0.87555277,Regular
LSKUSDT,2025-01-28 08:00:00.000,5e-05,0.87500000,Regular
LSKUSDT,2025-01-28 12:00:00.000,5e-05,0.86914710,Regular
LSKUSDT,2025-01-28 16:00:00.000,5e-05,0.86830000,Regular
LSKUSDT,2025-01-28 20:00:00.000,5e-05,0.85413927,Regular
LSKUSDT,2025-01-29 00:00:00.000,-3.811e-05,0.82457504,Regular
LSKUSDT,2025-01-29 04:00:00.001,5e-05,0.84324482,Regular
LSKUSDT,2025-01-29 08:00:00.000,5e-05,0.85560112,Regular
LSKUSDT,2025-01-29 12:00:00.000,5e-05,0.85360000,Regular
LSKUSDT,2025-01-29 16:00:00.000,5e-05,0.83639370,Regular
LSKUSDT,2025-01-29 20:00:00.000,5e-05,0.85500632,Regular
LSKUSDT,2025-01-30 00:00:00.000,-0.00019103,0.84800000,Regular
LSKUSDT,2025-01-30 04:00:00.000,5e-05,0.86732829,Regular
LSKUSDT,2025-01-30 08:00:00.000,5e-05,0.86695233,Regular
LSKUSDT,2025-01-30 12:00:00.000,5e-05,0.87250000,Regular
LSKUSDT,2025-01-30 16:00:00.000,5e-05,0.88140000,Regular
LSKUSDT,2025-01-30 20:00:00.000,5e-05,0.88166833,Regular
LSKUSDT,2025-01-31 00:00:00.000,5e-05,0.86960000,Regular
LSKUSDT,2025-01-31 04:00:00.000,5e-05,0.86323072,Regular
LSKUSDT,2025-01-31 08:00:00.000,5e-05,0.86788476,Regular
LSKUSDT,2025-01-31 12:00:00.001,5e-05,0.88061985,Regular
LSKUSDT,2025-01-31 16:00:00.000,5e-05,0.89949767,Regular
LSKUSDT,2025-01-31 20:00:00.000,5e-05,0.86979794,Regular
LSKUSDT,2025-02-01 00:00:00.000,5e-05,0.86626582,Regular
LSKUSDT,2025-02-01 04:00:00.000,5e-05,0.87690000,Regular
LSKUSDT,2025-02-01 08:00:00.000,5e-05,0.88172888,Regular
LSKUSDT,2025-02-01 12:00:00.000,5e-05,0.88002782,Regular
LSKUSDT,2025-02-01 16:00:00.000,2.696e-05,0.87117849,Regular
LSKUSDT,2025-02-01 20:00:00.000,-4.645e-05,0.84470000,Regular
LSKUSDT,2025-02-02 00:00:00.001,5e-05,0.82258319,Regular
LSKUSDT,2025-02-02 04:00:00.000,6.43e-06,0.80872034,Regular
LSKUSDT,2025-02-02 08:00:00.000,4.542e-05,0.80870000,Regular
LSKUSDT,2025-02-02 12:00:00.000,-0.00022763,0.79190000,Regular
LSKUSDT,2025-02-02 16:00:00.000,-0.00023869,0.79887233,Regular
LSKUSDT,2025-02-02 20:00:00.000,5e-05,0.76252546,Regular
LSKUSDT,2025-02-03 00:00:00.000,5e-05,0.73319396,Regular
LSKUSDT,2025-02-03 04:00:00.000,1.106e-05,0.65117485,Regular
LSKUSDT,2025-02-03 08:00:00.000,5e-05,0.68736074,Regular
LSKUSDT,2025-02-03 12:00:00.000,1.489e-05,0.68712222,Regular
LSKUSDT,2025-02-03 16:00:00.000,5e-05,0.71706428,Regular
LSKUSDT,2025-02-03 20:00:00.000,5e-05,0.74039107,Regular
LSKUSDT,2025-02-04 00:00:00.000,5e-05,0.74890000,Regular
LSKUSDT,2025-02-04 04:00:00.001,6.94e-06,0.72874455,Regular
LSKUSDT,2025-02-04 08:00:00.001,-0.00020123,0.68601989,Regular
LSKUSDT,2025-02-04 12:00:00.001,5e-05,0.70758925,Regular
LSKUSDT,2025-02-04 16:00:00.000,5e-05,0.72160000,Regular
LSKUSDT,2025-02-04 20:00:00.000,-5.747e-05,0.71766889,Regular
LSKUSDT,2025-02-05 00:00:00.001,1.367e-05,0.71590000,Regular
LSKUSDT,2025-02-05 04:00:00.000,5e-05,0.71396810,Regular
LSKUSDT,2025-02-05 08:00:00.001,3.897e-05,0.72660000,Regular
LSKUSDT,2025-02-05 12:00:00.000,5e-05,0.73450000,Regular
LSKUSDT,2025-02-05 16:00:00.000,-1.543e-05,0.72300610,Regular
LSKUSDT,2025-02-05 20:00:00.000,5e-05,0.71753883,Regular
LSKUSDT,2025-02-06 00:00:00.001,-7.43e-06,0.70268901,Regular
LSKUSDT,2025-02-06 04:00:00.001,-4.98e-05,0.71348748,Regular
LSKUSDT,2025-02-06 08:00:00.001,-0.00012735,0.71450000,Regular
LSKUSDT,2025-02-06 12:00:00.000,-0.0001505,0.71102659,Regular
LSKUSDT,2025-02-06 16:00:00.000,-0.00043124,0.68210713,Regular
LSKUSDT,2025-02-06 20:00:00.000,-0.00034277,0.68607672,Regular
LSKUSDT,2025-02-07 00:00:00.000,-0.00046398,0.68324563,Regular
LSKUSDT,2025-02-07 04:00:00.000,-4.607e-05,0.69400000,Regular
LSKUSDT,2025-02-07 08:00:00.000,-0.00011922,0.68651355,Regular
LSKUSDT,2025-02-07 12:00:00.000,5e-05,0.70308971,Regular
LSKUSDT,2025-02-07 16:00:00.000,2.876e-05,0.71050000,Regular
LSKUSDT,2025-02-07 20:00:00.000,5e-05,0.69660000,Regular
LSKUSDT,2025-02-08 00:00:00.000,4.76e-06,0.68420000,Regular
LSKUSDT,2025-02-08 04:00:00.000,3.346e-05,0.68537154,Regular
LSKUSDT,2025-02-08 08:00:00.000,5e-05,0.68958646,Regular
LSKUSDT,2025-02-08 12:00:00.000,-0.00012524,0.68502265,Regular
LSKUSDT,2025-02-08 16:00:00.000,5e-05,0.69484719,Regular
LSKUSDT,2025-02-08 20:00:00.000,4.733e-05,0.71543772,Regular
LSKUSDT,2025-02-09 00:00:00.000,5e-05,0.71839083,Regular
LSKUSDT,2025-02-09 04:00:00.000,-2.533e-05,0.72790000,Regular
LSKUSDT,2025-02-09 08:00:00.000,5e-05,0.73720000,Regular
LSKUSDT,2025-02-09 12:00:00.000,5e-05,0.73000000,Regular
LSKUSDT,2025-02-09 16:00:00.000,-7.71e-06,0.72830711,Regular
LSKUSDT,2025-02-09 20:00:00.007,-0.00011404,0.71560450,Regular
LSKUSDT,2025-02-10 00:00:00.000,5e-05,0.72401012,Regular
LSKUSDT,2025-02-10 04:00:00.000,4.34e-06,0.71452453,Regular
LSKUSDT,2025-02-10 08:00:00.000,5e-05,0.72770000,Regular
LSKUSDT,2025-02-10 12:00:00.000,5e-05,0.73100000,Regular
LSKUSDT,2025-02-10 16:00:00.000,5e-05,0.73210000,Regular
LSKUSDT,2025-02-10 20:00:00.001,-1.508e-05,0.73620000,Regular
LSKUSDT,2025-02-11 00:00:00.000,3.493e-05,0.73863450,Regular
LSKUSDT,2025-02-11 04:00:00.000,2.69e-05,0.74208837,Regular
LSKUSDT,2025-02-11 08:00:00.000,-5.19e-05,0.75431253,Regular
LSKUSDT,2025-02-11 12:00:00.000,5e-05,0.75390000,Regular
LSKUSDT,2025-02-11 16:00:00.000,5e-05,0.73356339,Regular
LSKUSDT,2025-02-11 20:00:00.000,5e-05,0.71792964,Regular
LSKUSDT,2025-02-12 00:00:00.000,-6.374e-05,0.72714164,Regular
LSKUSDT,2025-02-12 04:00:00.000,-0.00015715,0.71920000,Regular
LSKUSDT,2025-02-12 08:00:00.000,5e-05,0.72528170,Regular
LSKUSDT,2025-02-12 12:00:00.001,5e-05,0.73041949,Regular
LSKUSDT,2025-02-12 16:00:00.001,5e-05,0.74251501,Regular
LSKUSDT,2025-02-12 20:00:00.000,5e-05,0.75630456,Regular
LSKUSDT,2025-02-13 00:00:00.001,5e-05,0.77317206,Regular
LSKUSDT,2025-02-13 04:00:00.000,5e-05,0.76711007,Regular
LSKUSDT,2025-02-13 08:00:00.000,-9.069e-05,0.74740000,Regular
LSKUSDT,2025-02-13 12:00:00.000,5e-05,0.74406424,Regular
LSKUSDT,2025-02-13 16:00:00.001,5e-05,0.74151653,Regular
LSKUSDT,2025-02-13 20:00:00.000,3.888e-05,0.74287768,Regular
LSKUSDT,2025-02-14 00:00:00.000,2.34e-06,0.74673225,Regular
LSKUSDT,2025-02-14 04:00:00.000,5e-05,0.76170000,Regular
LSKUSDT,2025-02-14 08:00:00.001,-0.00019704,0.75365334,Regular
LSKUSDT,2025-02-14 12:00:00.000,3.253e-05,0.75520662,Regular
LSKUSDT,2025-02-14 16:00:00.000,5e-05,0.76630000,Regular
LSKUSDT,2025-02-14 20:00:00.000,-2.69e-06,0.77110000,Regular
LSKUSDT,2025-02-15 00:00:00.000,5e-05,0.76646772,Regular
LSKUSDT,2025-02-15 04:00:00.000,-0.00021772,0.76400000,Regular
LSKUSDT,2025-02-15 08:00:00.000,-0.00016287,0.75749864,Regular
LSKUSDT,2025-02-15 12:00:00.000,-0.00012588,0.75360000,Regular
LSKUSDT,2025-02-15 16:00:00.000,-5.55e-06,0.74944029,Regular
LSKUSDT,2025-02-15 20:00:00.001,-0.00025338,0.74540000,Regular
LSKUSDT,2025-02-16 00:00:00.000,-3.791e-05,0.74338526,Regular
LSKUSDT,2025-02-16 04:00:00.000,-1.674e-05,0.74667328,Regular
LSKUSDT,2025-02-16 08:00:00.000,5e-05,0.76185253,Regular
LSKUSDT,2025-02-16 12:00:00.000,5e-05,0.77053145,Regular
LSKUSDT,2025-02-16 16:00:00.000,5e-05,0.76360000,Regular
LSKUSDT,2025-02-16 20:00:00.000,3.439e-05,0.76236021,Regular
LSKUSDT,2025-02-17 00:00:00.000,5e-05,0.76432846,Regular
LSKUSDT,2025-02-17 04:00:00.001,5e-05,0.76896045,Regular
LSKUSDT,2025-02-17 08:00:00.000,5e-05,0.78350233,Regular
LSKUSDT,2025-02-17 12:00:00.004,5e-05,0.79541423,Regular
LSKUSDT,2025-02-17 16:00:00.000,5e-05,0.77560000,Regular
LSKUSDT,2025-02-17 20:00:00.001,5e-05,0.77802683,Regular
LSKUSDT,2025-02-18 00:00:00.000,-0.00023015,0.78445864,Regular
LSKUSDT,2025-02-18 04:00:00.000,5e-05,0.77770000,Regular
LSKUSDT,2025-02-18 08:00:00.000,-0.00013138,0.74520000,Regular
LSKUSDT,2025-02-18 12:00:00.000,-1.085e-05,0.75179165,Regular
LSKUSDT,2025-02-18 16:00:00.000,-0.00058061,0.73470000,Regular
LSKUSDT,2025-02-18 20:00:00.000,-0.00028162,0.74111558,Regular
LSKUSDT,2025-02-19 00:00:00.000,-0.00020275,0.75314572,Regular
LSKUSDT,2025-02-19 04:00:00.000,-0.00019499,0.74860000,Regular
LSKUSDT,2025-02-19 08:00:00.000,5e-05,0.75530000,Regular
LSKUSDT,2025-02-19 12:00:00.000,5e-05,0.76520000,Regular
LSKUSDT,2025-02-19 16:00:00.000,-6.046e-05,0.75480000,Regular
LSKUSDT,2025-02-19 20:00:00.000,-3.99e-05,0.75880000,Regular
LSKUSDT,2025-02-20 00:00:00.000,-5.071e-05,0.76403649,Regular
LSKUSDT,2025-02-20 04:00:00.000,5e-05,0.76720000,Regular
LSKUSDT,2025-02-20 08:00:00.000,5e-05,0.75920000,Regular
LSKUSDT,2025-02-20 12:00:00.000,5e-05,0.76612266,Regular
LSKUSDT,2025-02-20 16:00:00.000,-0.0003648,0.75760000,Regular
LSKUSDT,2025-02-20 20:00:00.000,5e-05,0.77406255,Regular
LSKUSDT,2025-02-21 00:00:00.001,5e-05,0.77620482,Regular
LSKUSDT,2025-02-21 04:00:00.000,5e-05,0.77035743,Regular
LSKUSDT,2025-02-21 08:00:00.000,5e-05,0.76410000,Regular
LSKUSDT,2025-02-21 12:00:00.000,5e-05,0.77800353,Regular
LSKUSDT,2025-02-21 16:00:00.000,5e-05,0.76310000,Regular
LSKUSDT,2025-02-21 20:00:00.000,5e-05,0.73670000,Regular
LSKUSDT,2025-02-22 00:00:00.000,-9.359e-05,0.74660000,Regular
LSKUSDT,2025-02-22 04:00:00.000,5e-05,0.75900000,Regular
LSKUSDT,2025-02-22 08:00:00.000,5e-05,0.76350000,Regular
LSKUSDT,2025-02-22 12:00:00.000,5e-05,0.76426229,Regular
LSKUSDT,2025-02-22 16:00:00.000,5e-05,0.76710631,Regular
LSKUSDT,2025-02-22 20:00:00.000,5e-05,0.77199498,Regular
LSKUSDT,2025-02-23 00:00:00.000,5e-05,0.77387365,Regular
LSKUSDT,2025-02-23 04:00:00.000,5e-05,0.76709453,Regular
LSKUSDT,2025-02-23 08:00:00.000,5e-05,0.77224030,Regular
LSKUSDT,2025-02-23 12:00:00.000,5e-05,0.76372201,Regular
LSKUSDT,2025-02-23 16:00:00.000,5e-05,0.76545007,Regular
LSKUSDT,2025-02-23 20:00:00.000,5e-05,0.76599309,Regular
LSKUSDT,2025-02-24 00:00:00.000,5e-05,0.76690000,Regular
LSKUSDT,2025-02-24 04:00:00.000,5e-05,0.74345094,Regular
LSKUSDT,2025-02-24 08:00:00.000,5e-05,0.74572905,Regular
LSKUSDT,2025-02-24 12:00:00.001,5e-05,0.73788441,Regular
LSKUSDT,2025-02-24 16:00:00.000,5e-05,0.72410000,Regular
LSKUSDT,2025-02-24 20:00:00.000,-0.00015583,0.71186447,Regular
LSKUSDT,2025-02-25 00:00:00.000,-6.052e-05,0.69392173,Regular
LSKUSDT,2025-02-25 04:00:00.000,5e-05,0.69099630,Regular
LSKUSDT,2025-02-25 08:00:00.000,-0.00024138,0.66080000,Regular
LSKUSDT,2025-02-25 12:00:00.000,-0.00032105,0.65893595,Regular
LSKUSDT,2025-02-25 16:00:00.000,5e-05,0.66340000,Regular
LSKUSDT,2025-02-25 20:00:00.000,5e-05,0.67862532,Regular
LSKUSDT,2025-02-26 00:00:00.000,5e-05,0.68108324,Regular
LSKUSDT,2025-02-26 04:00:00.000,5e-05,0.68458800,Regular
LSKUSDT,2025-02-26 08:00:00.000,5e-05,0.68440976,Regular
LSKUSDT,2025-02-26 12:00:00.001,5e-05,0.67950000,Regular
LSKUSDT,2025-02-26 16:00:00.000,5e-05,0.67770000,Regular
LSKUSDT,2025-02-26 20:00:00.000,-0.00010278,0.65410000,Regular
LSKUSDT,2025-02-27 00:00:00.001,5e-05,0.66827642,Regular
LSKUSDT,2025-02-27 04:00:00.001,5e-05,0.67860000,Regular
LSKUSDT,2025-02-27 08:00:00.000,5e-05,0.68990000,Regular
LSKUSDT,2025-02-27 12:00:00.006,-0.0003061,0.69156425,Regular
LSKUSDT,2025-02-27 16:00:00.000,5e-05,0.67240000,Regular
LSKUSDT,2025-02-27 20:00:00.001,5e-05,0.67068967,Regular
LSKUSDT,2025-02-28 00:00:00.001,-4.456e-05,0.67460000,Regular
LSKUSDT,2025-02-28 04:00:00.000,-0.00051059,0.63660000,Regular
LSKUSDT,2025-02-28 08:00:00.000,-0.00024147,0.64000000,Regular
LSKUSDT,2025-02-28 12:00:00.000,-0.00015122,0.64198695,Regular
LSKUSDT,2025-02-28 16:00:00.000,2.199e-05,0.67190000,Regular
LSKUSDT,2025-02-28 20:00:00.000,5e-05,0.67726822,Regular
LSKUSDT,2025-03-01 00:00:00.000,5e-05,0.67588841,Regular
LSKUSDT,2025-03-01 04:00:00.000,-0.00027494,0.68460000,Regular
LSKUSDT,2025-03-01 08:00:00.000,5e-05,0.67060735,Regular
LSKUSDT,2025-03-01 12:00:00.001,-9.358e-05,0.66000000,Regular
LSKUSDT,2025-03-01 16:00:00.001,-9.488e-05,0.66016251,Regular
LSKUSDT,2025-03-01 20:00:00.000,5e-05,0.66153847,Regular
LSKUSDT,2025-03-02 00:00:00.000,5e-05,0.67020455,Regular
LSKUSDT,2025-03-02 04:00:00.000,5e-05,0.66840000,Regular
LSKUSDT,2025-03-02 08:00:00.000,-0.00084561,0.66830000,Regular
LSKUSDT,2025-03-02 12:00:00.000,-0.00015486,0.66180000,Regular
LSKUSDT,2025-03-02 16:00:00.000,-0.00088818,0.64450617,Regular
LSKUSDT,2025-03-02 20:00:00.000,5e-05,0.68890000,Regular
LSKUSDT,2025-03-03 00:00:00.001,-5.656e-05,0.69700000,Regular
LSKUSDT,2025-03-03 04:00:00.000,-0.00025638,0.67651460,Regular
LSKUSDT,2025-03-03 08:00:00.000,-0.00029913,0.66730000,Regular
LSKUSDT,2025-03-03 12:00:00.001,5e-05,0.66168708,Regular
LSKUSDT,2025-03-03 16:00:00.000,-2.621e-05,0.64970000,Regular
LSKUSDT,2025-03-03 20:00:00.000,-0.00015599,0.60890000,Regular
LSKUSDT,2025-03-04 00:00:00.001,-0.00032776,0.60950000,Regular
LSKUSDT,2025-03-04 04:00:00.000,-0.00015863,0.58670000,Regular
LSKUSDT,2025-03-04 08:00:00.005,-0.00026249,0.58904527,Regular
LSKUSDT,2025-03-04 12:00:00.000,-0.00033845,0.58066477,Regular
LSKUSDT,2025-03-04 16:00:00.000,-6.605e-05,0.58080000,Regular
LSKUSDT,2025-03-04 20:00:00.000,-0.00010804,0.59834322,Regular
LSKUSDT,2025-03-05 00:00:00.000,5e-05,0.59810000,Regular
LSKUSDT,2025-03-05 04:00:00.000,-0.00019781,0.59165462,Regular
LSKUSDT,2025-03-05 08:00:00.000,-3.729e-05,0.59877521,Regular
LSKUSDT,2025-03-05 12:00:00.000,5e-05,0.60440000,Regular
LSKUSDT,2025-03-05 16:00:00.000,5e-05,0.59893592,Regular
LSKUSDT,2025-03-05 20:00:00.000,4.07e-06,0.61496840,Regular
LSKUSDT,2025-03-06 00:00:00.000,-8.648e-05,0.61620000,Regular
LSKUSDT,2025-03-06 04:00:00.000,5e-05,0.62200000,Regular
LSKUSDT,2025-03-06 08:00:00.001,3.851e-05,0.61720000,Regular
LSKUSDT,2025-03-06 12:00:00.001,5e-05,0.62370000,Regular
LSKUSDT,2025-03-06 16:00:00.000,5e-05,0.61958667,Regular
LSKUSDT,2025-03-06 20:00:00.000,2.55e-06,0.60180929,Regular
LSKUSDT,2025-03-07 00:00:00.000,-3.487e-05,0.60750000,Regular
LSKUSDT,2025-03-07 04:00:00.000,-0.00024763,0.59890000,Regular
LSKUSDT,2025-03-07 08:00:00.001,5e-05,0.61022657,Regular
LSKUSDT,2025-03-07 12:00:00.000,5e-05,0.61590000,Regular
LSKUSDT,2025-03-07 16:00:00.000,5e-05,0.61788910,Regular
LSKUSDT,2025-03-07 20:00:00.000,5e-05,0.61847923,Regular
LSKUSDT,2025-03-08 00:00:00.000,-1.217e-05,0.60165750,Regular
LSKUSDT,2025-03-08 04:00:00.000,5e-05,0.60360000,Regular
LSKUSDT,2025-03-08 08:00:00.001,-0.00033587,0.59940141,Regular
LSKUSDT,2025-03-08 12:00:00.001,-8.421e-05,0.59700000,Regular
LSKUSDT,2025-03-08 16:00:00.001,-0.00017051,0.60235067,Regular
LSKUSDT,2025-03-08 20:00:00.001,5e-05,0.60960000,Regular
LSKUSDT,2025-03-09 00:00:00.001,-0.00018198,0.60160546,Regular
LSKUSDT,2025-03-09 04:00:00.000,-0.00029096,0.59913978,Regular
LSKUSDT,2025-03-09 08:00:00.000,5e-05,0.60191864,Regular
LSKUSDT,2025-03-09 12:00:00.000,-7.605e-05,0.58707641,Regular
LSKUSDT,2025-03-09 16:00:00.000,-9.199e-05,0.57382416,Regular
LSKUSDT,2025-03-09 20:00:00.000,-0.00036734,0.55710583,Regular
LSKUSDT,2025-03-10 00:00:00.000,-0.00051122,0.54900000,Regular
LSKUSDT,2025-03-10 04:00:00.000,-7.525e-05,0.55130000,Regular
LSKUSDT,2025-03-10 08:00:00.000,-0.00031348,0.55657036,Regular
LSKUSDT,2025-03-10 12:00:00.000,5e-05,0.57344049,Regular
LSKUSDT,2025-03-10 16:00:00.000,5e-05,0.56050000,Regular
LSKUSDT,2025-03-10 20:00:00.000,-0.00042258,0.53880000,Regular
LSKUSDT,2025-03-11 00:00:00.000,-0.00014995,0.53140000,Regular
LSKUSDT,2025-03-11 04:00:00.000,-0.00012871,0.52310000,Regular
LSKUSDT,2025-03-11 08:00:00.000,-0.00075448,0.53336517,Regular
LSKUSDT,2025-03-11 12:00:00.000,-0.00015052,0.53910921,Regular
LSKUSDT,2025-03-11 16:00:00.001,0.0,0.54230000,Regular
LSKUSDT,2025-03-11 20:00:00.001,5e-05,0.55883947,Regular
LSKUSDT,2025-03-12 00:00:00.000,-0.00041033,0.54940000,Regular
LSKUSDT,2025-03-12 04:00:00.001,5e-05,0.53910000,Regular
LSKUSDT,2025-03-12 08:00:00.000,5e-05,0.54246231,Regular
LSKUSDT,2025-03-12 12:00:00.000,-0.00010106,0.55290000,Regular
LSKUSDT,2025-03-12 16:00:00.001,5e-05,0.54250323,Regular
LSKUSDT,2025-03-12 20:00:00.000,-3.528e-05,0.55187394,Regular
LSKUSDT,2025-03-13 00:00:00.000,5e-05,0.55512373,Regular
LSKUSDT,2025-03-13 04:00:00.000,5e-05,0.55020000,Regular
LSKUSDT,2025-03-13 08:00:00.000,5e-05,0.54553955,Regular
LSKUSDT,2025-03-13 12:00:00.000,5e-05,0.55467983,Regular
LSKUSDT,2025-03-13 16:00:00.000,5e-05,0.54610000,Regular
LSKUSDT,2025-03-13 20:00:00.000,-3.93e-06,0.53727388,Regular
LSKUSDT,2025-03-14 00:00:00.000,2.386e-05,0.54630000,Regular
LSKUSDT,2025-03-14 04:00:00.000,5e-05,0.55477307,Regular
LSKUSDT,2025-03-14 08:00:00.000,5e-05,0.55885080,Regular
LSKUSDT,2025-03-14 12:00:00.000,-0.00021066,0.56653209,Regular
LSKUSDT,2025-03-14 16:00:00.000,5e-05,0.56818649,Regular
LSKUSDT,2025-03-14 20:00:00.000,-0.00010546,0.56583356,Regular
LSKUSDT,2025-03-15 00:00:00.000,-0.00010204,0.56030000,Regular
LSKUSDT,2025-03-15 04:00:00.000,5e-05,0.56243888,Regular
LSKUSDT,2025-03-15 08:00:00.000,5e-05,0.56300000,Regular
LSKUSDT,2025-03-15 12:00:00.000,5e-05,0.56231075,Regular
LSKUSDT,2025-03-15 16:00:00.000,5e-05,0.56280000,Regular
LSKUSDT,2025-03-15 20:00:00.000,5e-05,0.56702911,Regular
LSKUSDT,2025-03-16 00:00:00.000,-7.096e-05,0.56790000,Regular
LSKUSDT,2025-03-16 04:00:00.000,-6.828e-05,0.57070000,Regular
LSKUSDT,2025-03-16 08:00:00.000,-0.0001219,0.56964129,Regular
LSKUSDT,2025-03-16 12:00:00.000,-0.00014616,0.55200000,Regular
LSKUSDT,2025-03-16 16:00:00.000,-0.00043703,0.55785541,Regular
LSKUSDT,2025-03-16 20:00:00.000,-8.091e-05,0.55160000,Regular
LSKUSDT,2025-03-17 00:00:00.000,-9.367e-05,0.55224444,Regular
LSKUSDT,2025-03-17 04:00:00.000,5e-05,0.56168751,Regular
LSKUSDT,2025-03-17 08:00:00.000,5e-05,0.56530783,Regular
LSKUSDT,2025-03-17 12:00:00.000,5e-05,0.56610000,Regular
LSKUSDT,2025-03-17 16:00:00.000,-1.062e-05,0.56974834,Regular
LSKUSDT,2025-03-17 20:00:00.000,5e-05,0.57340000,Regular
LSKUSDT,2025-03-18 00:00:00.000,5e-05,0.57407350,Regular
LSKUSDT,2025-03-18 04:00:00.000,5e-05,0.56474421,Regular
LSKUSDT,2025-03-18 08:00:00.000,5e-05,0.57222448,Regular
LSKUSDT,2025-03-18 12:00:00.001,-1.417e-05,0.56940000,Regular
LSKUSDT,2025-03-18 16:00:00.000,5e-05,0.54650000,Regular
LSKUSDT,2025-03-18 20:00:00.000,5e-05,0.55035211,Regular
LSKUSDT,2025-03-19 00:00:00.000,5e-05,0.56093117,Regular
LSKUSDT,2025-03-19 04:00:00.000,4.894e-05,0.56546604,Regular
LSKUSDT,2025-03-19 08:00:00.000,-1.288e-05,0.56390000,Regular
LSKUSDT,2025-03-19 12:00:00.000,5e-05,0.57650000,Regular
LSKUSDT,2025-03-19 16:00:00.000,5e-05,0.57190000,Regular
LSKUSDT,2025-03-19 20:00:00.000,5e-05,0.57720000,Regular
LSKUSDT,2025-03-20 00:00:00.000,5e-05,0.57945983,Regular
LSKUSDT,2025-03-20 04:00:00.000,5e-05,0.56960000,Regular
LSKUSDT,2025-03-20 08:00:00.000,-6.639e-05,0.56843447,Regular
LSKUSDT,2025-03-20 12:00:00.000,5e-05,0.56320000,Regular
LSKUSDT,2025-03-20 16:00:00.000,5e-05,0.56360000,Regular
LSKUSDT,2025-03-20 20:00:00.000,5e-05,0.56490000,Regular
LSKUSDT,2025-03-21 00:00:00.000,-6.305e-05,0.56440000,Regular
LSKUSDT,2025-03-21 04:00:00.000,-2.65e-05,0.56260000,Regular
LSKUSDT,2025-03-21 08:00:00.000,5e-05,0.55730000,Regular
LSKUSDT,2025-03-21 12:00:00.000,5e-05,0.55050000,Regular
LSKUSDT,2025-03-21 16:00:00.000,3.483e-05,0.55199684,Regular
LSKUSDT,2025-03-21 20:00:00.000,5e-05,0.55397599,Regular
LSKUSDT,2025-03-22 00:00:00.000,5e-05,0.55324774,Regular
LSKUSDT,2025-03-22 04:00:00.001,5e-05,0.55920000,Regular
LSKUSDT,2025-03-22 08:00:00.004,5e-05,0.56570000,Regular
LSKUSDT,2025-03-22 12:00:00.013,1.16e-05,0.56626978,Regular
LSKUSDT,2025-03-22 16:00:00.000,5e-05,0.56770000,Regular
LSKUSDT,2025-03-22 20:00:00.001,5e-05,0.57112430,Regular
LSKUSDT,2025-03-23 00:00:00.000,5e-05,0.56100000,Regular
LSKUSDT,2025-03-23 04:00:00.000,5e-05,0.56929785,Regular
LSKUSDT,2025-03-23 08:00:00.000,5e-05,0.56720000,Regular
LSKUSDT,2025-03-23 12:00:00.000,5e-05,0.57210000,Regular
LSKUSDT,2025-03-23 16:00:00.000,5e-05,0.56321056,Regular
LSKUSDT,2025-03-23 20:00:00.000,5e-05,0.56028185,Regular
LSKUSDT,2025-03-24 00:00:00.000,5e-05,0.56758808,Regular
LSKUSDT,2025-03-24 04:00:00.000,5e-05,0.56441527,Regular
LSKUSDT,2025-03-24 08:00:00.000,5e-05,0.58519373,Regular
LSKUSDT,2025-03-24 12:00:00.000,5e-05,0.58306433,Regular
LSKUSDT,2025-03-24 16:00:00.000,5e-05,0.58842763,Regular
LSKUSDT,2025-03-24 20:00:00.004,5e-05,0.58927105,Regular
LSKUSDT,2025-03-25 00:00:00.001,5e-05,0.59169692,Regular
LSKUSDT,2025-03-25 04:00:00.000,5e-05,0.58509818,Regular
LSKUSDT,2025-03-25 08:00:00.000,5e-05,0.58851493,Regular
LSKUSDT,2025-03-25 12:00:00.000,5e-05,0.59036824,Regular
LSKUSDT,2025-03-25 16:00:00.000,5e-05,0.58987586,Regular
LSKUSDT,2025-03-25 20:00:00.000,5e-05,0.59440000,Regular
LSKUSDT,2025-03-26 00:00:00.000,5e-05,0.59490000,Regular
LSKUSDT,2025-03-26 04:00:00.001,5e-05,0.58501048,Regular
LSKUSDT,2025-03-26 08:00:00.000,5e-05,0.59450000,Regular
LSKUSDT,2025-03-26 12:00:00.000,5e-05,0.59520000,Regular
LSKUSDT,2025-03-26 16:00:00.001,5e-05,0.58260000,Regular
LSKUSDT,2025-03-26 20:00:00.000,5e-05,0.57800000,Regular
LSKUSDT,2025-03-27 00:00:00.001,5e-05,0.57960000,Regular
LSKUSDT,2025-03-27 04:00:00.000,5e-05,0.58803222,Regular
LSKUSDT,2025-03-27 08:00:00.001,-0.00016942,0.58272156,Regular
LSKUSDT,2025-03-27 12:00:00.000,5e-05,0.57651989,Regular
LSKUSDT,2025-03-27 16:00:00.002,5e-05,0.58392204,Regular
LSKUSDT,2025-03-27 20:00:00.000,5e-05,0.57780000,Regular
LSKUSDT,2025-03-28 00:00:00.001,5e-05,0.57770000,Regular
LSKUSDT,2025-03-28 04:00:00.000,5e-05,0.56942703,Regular
LSKUSDT,2025-03-28 08:00:00.001,5e-05,0.54756589,Regular
LSKUSDT,2025-03-28 12:00:00.000,5e-05,0.55155366,Regular
LSKUSDT,2025-03-28 16:00:00.000,1.07e-05,0.54440000,Regular
LSKUSDT,2025-03-28 20:00:00.000,5e-05,0.53483871,Regular
LSKUSDT,2025-03-29 00:00:00.000,5e-05,0.54180000,Regular
LSKUSDT,2025-03-29 04:00:00.001,5e-05,0.53940674,Regular
LSKUSDT,2025-03-29 08:00:00.000,-7.26e-06,0.52590194,Regular
LSKUSDT,2025-03-29 12:00:00.000,-4.748e-05,0.51923661,Regular
LSKUSDT,2025-03-29 16:00:00.000,-4.558e-05,0.52162411,Regular
LSKUSDT,2025-03-29 20:00:00.000,-2.224e-05,0.51845382,Regular
LSKUSDT,2025-03-30 00:00:00.000,-0.00010923,0.51835414,Regular
LSKUSDT,2025-03-30 04:00:00.000,5e-05,0.52430000,Regular
LSKUSDT,2025-03-30 08:00:00.000,5e-05,0.52789810,Regular
LSKUSDT,2025-03-30 12:00:00.000,-0.00060426,0.52090000,Regular
LSKUSDT,2025-03-30 16:00:00.000,-0.00017544,0.51690493,Regular
LSKUSDT,2025-03-30 20:00:00.000,4.177e-05,0.51913415,Regular
LSKUSDT,2025-03-31 00:00:00.000,-0.00034676,0.51175369,Regular
LSKUSDT,2025-03-31 04:00:00.000,5e-05,0.50410000,Regular
LSKUSDT,2025-03-31 08:00:00.000,-0.00070177,0.49927332,Regular
LSKUSDT,2025-03-31 12:00:00.000,5e-05,0.50571591,Regular
LSKUSDT,2025-03-31 16:00:00.000,5e-05,0.51040000,Regular
LSKUSDT,2025-03-31 20:00:00.000,5e-05,0.50677889,Regular
LSKUSDT,2025-04-01 00:00:00.000,-3.203e-05,0.50707905,Regular
LSKUSDT,2025-04-01 04:00:00.001,5e-05,0.51080000,Regular
LSKUSDT,2025-04-01 08:00:00.001,-5.851e-05,0.51370000,Regular
LSKUSDT,2025-04-01 12:00:00.000,-0.00033471,0.50957303,Regular
LSKUSDT,2025-04-01 16:00:00.000,5e-05,0.52060000,Regular
LSKUSDT,2025-04-01 20:00:00.003,5e-05,0.50917701,Regular
LSKUSDT,2025-04-02 00:00:00.001,5e-05,0.51090860,Regular
LSKUSDT,2025-04-02 04:00:00.001,5e-05,0.50140000,Regular
LSKUSDT,2025-04-02 08:00:00.000,-0.00022953,0.49072243,Regular
LSKUSDT,2025-04-02 12:00:00.002,5e-05,0.49656288,Regular
LSKUSDT,2025-04-02 16:00:00.000,1.525e-05,0.50796672,Regular
LSKUSDT,2025-04-02 20:00:00.000,5e-05,0.50491781,Regular
LSKUSDT,2025-04-03 00:00:00.000,-3.051e-05,0.47316645,Regular
LSKUSDT,2025-04-03 04:00:00.000,5e-05,0.48430000,Regular
LSKUSDT,2025-04-03 08:00:00.000,5e-05,0.47566838,Regular
LSKUSDT,2025-04-03 12:00:00.000,5e-05,0.47003994,Regular
LSKUSDT,2025-04-03 16:00:00.000,5e-05,0.46643675,Regular
LSKUSDT,2025-04-03 20:00:00.000,5e-05,0.47145629,Regular
LSKUSDT,2025-04-04 00:00:00.000,5e-05,0.47640000,Regular
LSKUSDT,2025-04-04 04:00:00.000,5e-05,0.47570000,Regular
LSKUSDT,2025-04-04 08:00:00.000,-0.00016784,0.48000000,Regular
LSKUSDT,2025-04-04 12:00:00.000,-3.982e-05,0.46637747,Regular
LSKUSDT,2025-04-04 16:00:00.000,-1.608e-05,0.47568402,Regular
LSKUSDT,2025-04-04 20:00:00.001,-0.00024606,0.47740000,Regular
LSKUSDT,2025-04-05 00:00:00.000,-2.5e-05,0.48124495,Regular
LSKUSDT,2025-04-05 04:00:00.000,-0.00055321,0.47970000,Regular
LSKUSDT,2025-04-05 08:00:00.000,5e-05,0.48351964,Regular
LSKUSDT,2025-04-05 12:00:00.000,2.204e-05,0.47988915,Regular
LSKUSDT,2025-04-05 16:00:00.000,5e-05,0.47300000,Regular
LSKUSDT,2025-04-05 20:00:00.000,5e-05,0.47386149,Regular
LSKUSDT,2025-04-06 00:00:00.000,5e-05,0.48075789,Regular
LSKUSDT,2025-04-06 04:00:00.000,-0.00030681,0.48000000,Regular
LSKUSDT,2025-04-06 08:00:00.000,4.319e-05,0.48618323,Regular
LSKUSDT,2025-04-06 12:00:00.001,5e-05,0.48790000,Regular
LSKUSDT,2025-04-06 16:00:00.002,-9.368e-05,0.47428999,Regular
LSKUSDT,2025-04-06 20:00:00.001,-0.00043336,0.44623022,Regular
LSKUSDT,2025-04-07 00:00:00.000,-0.00017814,0.42930561,Regular
LSKUSDT,2025-04-07 04:00:00.000,-0.00015302,0.41151564,Regular
LSKUSDT,2025-04-07 08:00:00.000,5e-05,0.39605784,Regular
LSKUSDT,2025-04-07 12:00:00.000,5e-05,0.40680000,Regular
LSKUSDT,2025-04-07 16:00:00.000,5e-05,0.42600000,Regular
LSKUSDT,2025-04-07 20:00:00.000,5e-05,0.42534142,Regular
LSKUSDT,2025-04-08 00:00:00.000,5e-05,0.43031680,Regular
LSKUSDT,2025-04-08 04:00:00.000,5e-05,0.43240000,Regular
LSKUSDT,2025-04-08 08:00:00.000,-1.414e-05,0.42253411,Regular
LSKUSDT,2025-04-08 12:00:00.000,5e-05,0.43070135,Regular
LSKUSDT,2025-04-08 16:00:00.000,5e-05,0.42416358,Regular
LSKUSDT,2025-04-08 20:00:00.000,-0.00073212,0.40870000,Regular
LSKUSDT,2025-04-09 00:00:00.000,2.293e-05,0.40780000,Regular
LSKUSDT,2025-04-09 04:00:00.000,-0.00048451,0.41212045,Regular
LSKUSDT,2025-04-09 08:00:00.001,-0.00046661,0.42540000,Regular
LSKUSDT,2025-04-09 12:00:00.000,-0.00041513,0.42043326,Regular
LSKUSDT,2025-04-09 16:00:00.000,-0.00015471,0.43619207,Regular
LSKUSDT,2025-04-09 20:00:00.000,-0.00059402,0.45758863,Regular
LSKUSDT,2025-04-10 00:00:00.000,3.127e-05,0.45815111,Regular
LSKUSDT,2025-04-10 04:00:00.000,-0.00011374,0.45890000,Regular
LSKUSDT,2025-04-10 08:00:00.000,-0.00081815,0.46300907,Regular
LSKUSDT,2025-04-10 12:00:00.000,5e-05,0.46658783,Regular
LSKUSDT,2025-04-10 16:00:00.000,-0.00022665,0.44570000,Regular
LSKUSDT,2025-04-10 20:00:00.000,5e-05,0.45159292,Regular
LSKUSDT,2025-04-11 00:00:00.001,5e-05,0.45492166,Regular
LSKUSDT,2025-04-11 04:00:00.001,5e-05,0.46294769,Regular
LSKUSDT,2025-04-11 08:00:00.000,5e-05,0.46030000,Regular
LSKUSDT,2025-04-11 12:00:00.000,-0.0001368,0.46136504,Regular
LSKUSDT,2025-04-11 16:00:00.000,5e-05,0.46532233,Regular
LSKUSDT,2025-04-11 20:00:00.001,-0.00019526,0.47052278,Regular
LSKUSDT,2025-04-12 00:00:00.000,5e-05,0.46731497,Regular
LSKUSDT,2025-04-12 04:00:00.000,5e-05,0.46221096,Regular
LSKUSDT,2025-04-12 08:00:00.001,5e-05,0.46795613,Regular
LSKUSDT,2025-04-12 12:00:00.001,5e-05,0.47740000,Regular
LSKUSDT,2025-04-12 16:00:00.000,5e-05,0.48690000,Regular
LSKUSDT,2025-04-12 20:00:00.000,-4.227e-05,0.48600000,Regular
LSKUSDT,2025-04-13 00:00:00.000,5e-05,0.49170000,Regular
LSKUSDT,2025-04-13 04:00:00.000,-0.0004017,0.48610000,Regular
LSKUSDT,2025-04-13 08:00:00.000,5e-05,0.48300000,Regular
LSKUSDT,2025-04-13 12:00:00.000,5e-05,0.48220000,Regular
LSKUSDT,2025-04-13 16:00:00.000,-8.425e-05,0.47358257,Regular
LSKUSDT,2025-04-13 20:00:00.000,5e-05,0.46880000,Regular
LSKUSDT,2025-04-14 00:00:00.000,1.298e-05,0.46620000,Regular
LSKUSDT,2025-04-14 04:00:00.000,-9.18e-05,0.47010000,Regular
LSKUSDT,2025-04-14 08:00:00.000,-5.564e-05,0.47035715,Regular
LSKUSDT,2025-04-14 12:00:00.002,5e-05,0.48162100,Regular
LSKUSDT,2025-04-14 16:00:00.000,-0.00023089,0.46580000,Regular
LSKUSDT,2025-04-14 20:00:00.000,5e-05,0.47304314,Regular
LSKUSDT,2025-04-15 00:00:00.000,5e-05,0.47008996,Regular
LSKUSDT,2025-04-15 04:00:00.001,-0.0003432,0.47331067,Regular
LSKUSDT,2025-04-15 08:00:00.000,5e-05,0.47459007,Regular
LSKUSDT,2025-04-15 12:00:00.000,5e-05,0.47900000,Regular
LSKUSDT,2025-04-15 16:00:00.001,5e-05,0.47521572,Regular
LSKUSDT,2025-04-15 20:00:00.000,5e-05,0.46590000,Regular
LSKUSDT,2025-04-16 00:00:00.000,5e-05,0.46904809,Regular
LSKUSDT,2025-04-16 04:00:00.000,5e-05,0.47318987,Regular
LSKUSDT,2025-04-16 08:00:00.000,-0.00016352,0.46550370,Regular
LSKUSDT,2025-04-16 12:00:00.000,5e-05,0.47719964,Regular
LSKUSDT,2025-04-16 16:00:00.000,-0.00022195,0.48000000,Regular
LSKUSDT,2025-04-16 20:00:00.000,2.764e-05,0.47999530,Regular
LSKUSDT,2025-04-17 00:00:00.001,5e-05,0.49000000,Regular
LSKUSDT,2025-04-17 04:00:00.000,-0.00020848,0.48838854,Regular
LSKUSDT,2025-04-17 08:00:00.000,-0.00031905,0.49680000,Regular
LSKUSDT,2025-04-17 12:00:00.000,-7.749e-05,0.49833985,Regular
LSKUSDT,2025-04-17 16:00:00.001,-0.00026156,0.49700000,Regular
LSKUSDT,2025-04-17 20:00:00.001,-0.00066695,0.49600000,Regular
LSKUSDT,2025-04-18 00:00:00.000,1.352e-05,0.49998179,Regular
LSKUSDT,2025-04-18 04:00:00.000,5e-05,0.49970000,Regular
LSKUSDT,2025-04-18 08:00:00.000,5e-05,0.51400000,Regular
LSKUSDT,2025-04-18 12:00:00.000,5e-05,0.51417496,Regular
LSKUSDT,2025-04-18 16:00:00.000,-0.00018029,0.51480000,Regular
LSKUSDT,2025-04-18 20:00:00.000,5e-05,0.51826065,Regular
LSKUSDT,2025-04-19 00:00:00.000,-0.00027853,0.51218604,Regular
LSKUSDT,2025-04-19 04:00:00.000,-2.404e-05,0.52268524,Regular
LSKUSDT,2025-04-19 08:00:00.000,-0.00021987,0.52390000,Regular
LSKUSDT,2025-04-19 12:00:00.000,3.377e-05,0.52274828,Regular
LSKUSDT,2025-04-19 16:00:00.000,-4.24e-05,0.52130000,Regular
LSKUSDT,2025-04-19 20:00:00.000,-3.666e-05,0.52710196,Regular
LSKUSDT,2025-04-20 00:00:00.000,-1.645e-05,0.52480000,Regular
LSKUSDT,2025-04-20 04:00:00.000,5e-05,0.52980000,Regular
LSKUSDT,2025-04-20 08:00:00.000,-0.00028396,0.52120000,Regular
LSKUSDT,2025-04-20 12:00:00.001,5e-05,0.51260000,Regular
LSKUSDT,2025-04-20 16:00:00.000,5e-05,0.51540000,Regular
LSKUSDT,2025-04-20 20:00:00.000,5e-05,0.52434985,Regular
LSKUSDT,2025-04-21 00:00:00.000,5e-05,0.52659687,Regular
LSKUSDT,2025-04-21 04:00:00.000,5e-05,0.52521900,Regular
LSKUSDT,2025-04-21 08:00:00.005,-9.383e-05,0.52926831,Regular
LSKUSDT,2025-04-21 12:00:00.002,-4.85e-06,0.52870028,Regular
LSKUSDT,2025-04-21 16:00:00.003,-0.00013784,0.52687397,Regular
LSKUSDT,2025-04-21 20:00:00.006,5e-05,0.52332368,Regular
LSKUSDT,2025-04-22 00:00:00.008,-7.337e-05,0.51894238,Regular
LSKUSDT,2025-04-22 04:00:00.000,5e-05,0.51850000,Regular
LSKUSDT,2025-04-22 08:00:00.000,1.71e-05,0.51520292,Regular
LSKUSDT,2025-04-22 12:00:00.001,5e-05,0.50620000,Regular
LSKUSDT,2025-04-22 16:00:00.000,5e-05,0.52181629,Regular
LSKUSDT,2025-04-22 20:00:00.004,5e-05,0.52318970,Regular
LSKUSDT,2025-04-23 00:00:00.000,5e-05,0.53484468,Regular
LSKUSDT,2025-04-23 04:00:00.000,5e-05,0.54220000,Regular
LSKUSDT,2025-04-23 08:00:00.002,5e-05,0.54309149,Regular
LSKUSDT,2025-04-23 12:00:00.005,5e-05,0.54274259,Regular
LSKUSDT,2025-04-23 16:00:00.000,5e-05,0.53685617,Regular
LSKUSDT,2025-04-23 20:00:00.001,5e-05,0.53349392,Regular
LSKUSDT,2025-04-24 00:00:00.000,5e-05,0.54130908,Regular
LSKUSDT,2025-04-24 04:00:00.003,-8.034e-05,0.52100000,Regular
LSKUSDT,2025-04-24 08:00:00.001,5e-05,0.52290000,Regular
LSKUSDT,2025-04-24 12:00:00.001,5e-05,0.52360000,Regular
LSKUSDT,2025-04-24 16:00:00.001,5e-05,0.53392947,Regular
LSKUSDT,2025-04-24 20:00:00.006,5e-05,0.53630742,Regular
LSKUSDT,2025-04-25 00:00:00.007,5e-05,0.54200769,Regular
LSKUSDT,2025-04-25 04:00:00.001,5e-05,0.53570000,Regular
LSKUSDT,2025-04-25 08:00:00.002,5e-05,0.54515613,Regular
LSKUSDT,2025-04-25 12:00:00.000,5e-05,0.54487503,Regular
LSKUSDT,2025-04-25 16:00:00.003,5e-05,0.54444511,Regular
LSKUSDT,2025-04-25 20:00:00.001,5e-05,0.54590000,Regular
LSKUSDT,2025-04-26 00:00:00.002,5e-05,0.54610000,Regular
LSKUSDT,2025-04-26 04:00:00.001,5e-05,0.55019444,Regular
LSKUSDT,2025-04-26 08:00:00.000,5e-05,0.54590225,Regular
LSKUSDT,2025-04-26 12:00:00.000,-0.0001693,0.53374921,Regular
LSKUSDT,2025-04-26 16:00:00.002,0.00016052,0.54360000,Regular
LSKUSDT,2025-04-26 20:00:00.000,4.031e-05,0.54200000,Regular
LSKUSDT,2025-04-27 00:00:00.001,5e-05,0.54778273,Regular
LSKUSDT,2025-04-27 04:00:00.001,5e-05,0.53307264,Regular
LSKUSDT,2025-04-27 08:00:00.000,5e-05,0.52820000,Regular
LSKUSDT,2025-04-27 12:00:00.000,5e-05,0.52676482,Regular
LSKUSDT,2025-04-27 16:00:00.000,5e-05,0.52070000,Regular
LSKUSDT,2025-04-27 20:00:00.003,-2.523e-05,0.52450000,Regular
LSKUSDT,2025-04-28 00:00:00.001,5e-05,0.52050000,Regular
LSKUSDT,2025-04-28 04:00:00.001,5e-05,0.52028285,Regular
LSKUSDT,2025-04-28 08:00:00.003,5e-05,0.53254822,Regular
LSKUSDT,2025-04-28 12:00:00.000,5e-05,0.53717130,Regular
LSKUSDT,2025-04-28 16:00:00.005,5e-05,0.52129723,Regular
LSKUSDT,2025-04-28 20:00:00.002,5e-05,0.53743596,Regular
LSKUSDT,2025-04-29 00:00:00.000,5e-05,0.53930000,Regular
LSKUSDT,2025-04-29 04:00:00.000,5e-05,0.54310000,Regular
LSKUSDT,2025-04-29 08:00:00.000,5e-05,0.54030000,Regular
LSKUSDT,2025-04-29 12:00:00.001,5e-05,0.53406204,Regular
LSKUSDT,2025-04-29 16:00:00.010,5e-05,0.53400000,Regular
LSKUSDT,2025-04-29 20:00:00.002,-0.00011083,0.53560000,Regular
LSKUSDT,2025-04-30 00:00:00.001,5e-05,0.53153641,Regular
LSKUSDT,2025-04-30 04:00:00.001,-0.00012232,0.53377434,Regular
LSKUSDT,2025-04-30 08:00:00.000,5e-05,0.53125200,Regular
LSKUSDT,2025-04-30 12:00:00.001,5e-05,0.54304435,Regular
LSKUSDT,2025-04-30 16:00:00.003,5e-05,0.52890000,Regular
LSKUSDT,2025-04-30 20:00:00.002,5e-05,0.53770000,Regular
LSKUSDT,2025-05-01 00:00:00.000,5e-05,0.54641117,Regular
LSKUSDT,2025-05-01 04:00:00.008,-0.00045874,0.54020000,Regular
LSKUSDT,2025-05-01 08:00:00.000,5e-05,0.54620000,Regular
LSKUSDT,2025-05-01 12:00:00.001,5e-05,0.54864253,Regular
LSKUSDT,2025-05-01 16:00:00.001,5e-05,0.54583536,Regular
LSKUSDT,2025-05-01 20:00:00.000,5e-05,0.54665342,Regular
LSKUSDT,2025-05-02 00:00:00.000,5e-05,0.54788127,Regular
LSKUSDT,2025-05-02 04:00:00.000,5e-05,0.54740863,Regular
LSKUSDT,2025-05-02 08:00:00.000,5e-05,0.53608050,Regular
LSKUSDT,2025-05-02 12:00:00.005,5e-05,0.53855405,Regular
LSKUSDT,2025-05-02 16:00:00.003,5e-05,0.54282023,Regular
LSKUSDT,2025-05-02 20:00:00.003,5e-05,0.54461391,Regular
LSKUSDT,2025-05-03 00:00:00.000,5e-05,0.55958341,Regular
LSKUSDT,2025-05-03 04:00:00.001,5e-05,0.54440000,Regular
LSKUSDT,2025-05-03 08:00:00.000,5e-05,0.54356969,Regular
LSKUSDT,2025-05-03 12:00:00.006,5e-05,0.53408126,Regular
LSKUSDT,2025-05-03 16:00:00.000,5e-05,0.53931836,Regular
LSKUSDT,2025-05-03 20:00:00.000,5e-05,0.53390000,Regular
LSKUSDT,2025-05-04 00:00:00.001,1.476e-05,0.53321871,Regular
LSKUSDT,2025-05-04 04:00:00.004,-5.87e-05,0.51200000,Regular
LSKUSDT,2025-05-04 08:00:00.001,2.671e-05,0.51249159,Regular
LSKUSDT,2025-05-04 12:00:00.006,5e-05,0.51360000,Regular
LSKUSDT,2025-05-04 16:00:00.002,8.36e-06,0.50940000,Regular
LSKUSDT,2025-05-04 20:00:00.000,8.17e-06,0.50116975,Regular
LSKUSDT,2025-05-05 00:00:00.000,5e-05,0.50080000,Regular
LSKUSDT,2025-05-05 04:00:00.000,5e-05,0.50044857,Regular
LSKUSDT,2025-05-05 08:00:00.000,5e-05,0.50040000,Regular
LSKUSDT,2025-05-05 12:00:00.000,3.447e-05,0.49220032,Regular
LSKUSDT,2025-05-05 16:00:00.006,-0.00019362,0.49610000,Regular
LSKUSDT,2025-05-05 20:00:00.000,-0.00017526,0.50050000,Regular
LSKUSDT,2025-05-06 00:00:00.002,5e-05,0.50171017,Regular
LSKUSDT,2025-05-06 04:00:00.000,5e-05,0.47948538,Regular
LSKUSDT,2025-05-06 08:00:00.005,-0.00024505,0.47740000,Regular
LSKUSDT,2025-05-06 12:00:00.000,5e-05,0.46489235,Regular
LSKUSDT,2025-05-06 16:00:00.000,5e-05,0.46040000,Regular
LSKUSDT,2025-05-06 20:00:00.000,-7.71e-05,0.46327704,Regular
LSKUSDT,2025-05-07 00:00:00.002,3.284e-05,0.46992886,Regular
LSKUSDT,2025-05-07 04:00:00.004,-0.00033158,0.47280000,Regular
LSKUSDT,2025-05-07 08:00:00.000,5e-05,0.47606864,Regular
LSKUSDT,2025-05-07 12:00:00.000,5e-05,0.47930000,Regular
LSKUSDT,2025-05-07 16:00:00.006,5e-05,0.47300000,Regular
LSKUSDT,2025-05-07 20:00:00.000,5e-05,0.46690000,Regular
LSKUSDT,2025-05-08 00:00:00.000,5e-05,0.47567195,Regular
LSKUSDT,2025-05-08 04:00:00.005,5e-05,0.49328961,Regular
LSKUSDT,2025-05-08 08:00:00.001,5e-05,0.49538792,Regular
LSKUSDT,2025-05-08 12:00:00.000,5e-05,0.49603863,Regular
LSKUSDT,2025-05-08 16:00:00.002,5e-05,0.50520000,Regular
LSKUSDT,2025-05-08 20:00:00.006,5e-05,0.51130499,Regular
LSKUSDT,2025-05-09 00:00:00.001,5e-05,0.52058512,Regular
LSKUSDT,2025-05-09 04:00:00.000,5e-05,0.52060000,Regular
LSKUSDT,2025-05-09 08:00:00.006,5e-05,0.53980000,Regular
LSKUSDT,2025-05-09 12:00:00.000,5e-05,0.54240000,Regular
LSKUSDT,2025-05-09 16:00:00.000,5e-05,0.54100000,Regular
LSKUSDT,2025-05-09 20:00:00.000,5e-05,0.54301285,Regular
LSKUSDT,2025-05-10 00:00:00.001,5e-05,0.55213021,Regular
LSKUSDT,2025-05-10 04:00:00.003,5e-05,0.55260000,Regular
LSKUSDT,2025-05-10 08:00:00.000,5e-05,0.55980540,Regular
LSKUSDT,2025-05-10 12:00:00.000,5e-05,0.54730000,Regular
LSKUSDT,2025-05-10 16:00:00.001,5e-05,0.55090000,Regular
LSKUSDT,2025-05-10 20:00:00.000,5e-05,0.55877143,Regular
LSKUSDT,2025-05-11 00:00:00.000,5e-05,0.57930000,Regular
LSKUSDT,2025-05-11 04:00:00.000,5e-05,0.57398529,Regular
LSKUSDT,2025-05-11 08:00:00.001,5e-05,0.55623141,Regular
LSKUSDT,2025-05-11 12:00:00.001,5e-05,0.57130630,Regular
LSKUSDT,2025-05-11 16:00:00.001,5e-05,0.56835506,Regular
LSKUSDT,2025-05-11 20:00:00.000,5e-05,0.57299964,Regular
LSKUSDT,2025-05-12 00:00:00.004,5e-05,0.57505367,Regular
LSKUSDT,2025-05-12 04:00:00.003,5e-05,0.57812393,Regular
LSKUSDT,2025-05-12 08:00:00.000,5e-05,0.58556508,Regular
LSKUSDT,2025-05-12 12:00:00.000,5e-05,0.57654535,Regular
LSKUSDT,2025-05-12 16:00:00.000,5e-05,0.56969273,Regular
LSKUSDT,2025-05-12 20:00:00.004,5e-05,0.56750000,Regular
LSKUSDT,2025-05-13 00:00:00.000,5e-05,0.57978063,Regular
LSKUSDT,2025-05-13 04:00:00.000,5e-05,0.54870000,Regular
LSKUSDT,2025-05-13 08:00:00.008,5e-05,0.56140000,Regular
LSKUSDT,2025-05-13 12:00:00.000,5e-05,0.56575507,Regular
LSKUSDT,2025-05-13 16:00:00.001,5e-05,0.56880000,Regular
LSKUSDT,2025-05-13 20:00:00.006,5e-05,0.58860000,Regular
LSKUSDT,2025-05-14 00:00:00.007,5e-05,0.58224781,Regular
LSKUSDT,2025-05-14 04:00:00.000,5e-05,0.57520000,Regular
LSKUSDT,2025-05-14 08:00:00.000,5e-05,0.57514443,Regular
LSKUSDT,2025-05-14 12:00:00.000,5e-05,0.57340000,Regular
LSKUSDT,2025-05-14 16:00:00.002,5e-05,0.56472230,Regular
LSKUSDT,2025-05-14 20:00:00.007,5e-05,0.56510000,Regular
LSKUSDT,2025-05-15 00:00:00.000,5e-05,0.56454999,Regular
LSKUSDT,2025-05-15 04:00:00.000,5e-05,0.55590000,Regular
LSKUSDT,2025-05-15 08:00:00.003,5e-05,0.53420000,Regular
LSKUSDT,2025-05-15 12:00:00.000,5e-05,0.53290000,Regular
LSKUSDT,2025-05-15 16:00:00.000,5e-05,0.54284392,Regular
LSKUSDT,2025-05-15 20:00:00.001,5e-05,0.53480000,Regular
LSKUSDT,2025-05-16 00:00:00.001,5e-05,0.53526279,Regular
LSKUSDT,2025-05-16 04:00:00.001,5e-05,0.54384344,Regular
LSKUSDT,2025-05-16 08:00:00.000,5e-05,0.54364072,Regular
LSKUSDT,2025-05-16 12:00:00.006,5e-05,0.54560000,Regular
LSKUSDT,2025-05-16 16:00:00.000,5e-05,0.54260487,Regular
LSKUSDT,2025-05-16 20:00:00.002,5e-05,0.53790000,Regular
LSKUSDT,2025-05-17 00:00:00.000,5e-05,0.53050000,Regular
LSKUSDT,2025-05-17 04:00:00.000,5e-05,0.52234396,Regular
LSKUSDT,2025-05-17 08:00:00.001,5e-05,0.52235341,Regular
LSKUSDT,2025-05-17 12:00:00.002,5e-05,0.52130000,Regular
LSKUSDT,2025-05-17 16:00:00.004,5e-05,0.51862688,Regular
LSKUSDT,2025-05-17 20:00:00.003,5e-05,0.51560000,Regular
LSKUSDT,2025-05-18 00:00:00.000,5e-05,0.51956401,Regular
LSKUSDT,2025-05-18 04:00:00.003,5e-05,0.52100000,Regular
LSKUSDT,2025-05-18 08:00:00.000,5e-05,0.52760000,Regular
LSKUSDT,2025-05-18 12:00:00.010,5e-05,0.52810000,Regular
LSKUSDT,2025-05-18 16:00:00.000,5e-05,0.54048828,Regular
LSKUSDT,2025-05-18 20:00:00.001,5e-05,0.51371868,Regular
LSKUSDT,2025-05-19 00:00:00.000,5e-05,0.53479061,Regular
LSKUSDT,2025-05-19 04:00:00.004,5e-05,0.51688044,Regular
LSKUSDT,2025-05-19 08:00:00.006,5e-05,0.51215382,Regular
LSKUSDT,2025-05-19 12:00:00.000,5e-05,0.50959019,Regular
LSKUSDT,2025-05-19 16:00:00.010,5e-05,0.52010000,Regular
LSKUSDT,2025-05-19 20:00:00.000,5e-05,0.52161458,Regular
LSKUSDT,2025-05-20 00:00:00.000,5e-05,0.52236468,Regular
LSKUSDT,2025-05-20 04:00:00.000,5e-05,0.52624677,Regular
LSKUSDT,2025-05-20 08:00:00.002,5e-05,0.52160000,Regular
LSKUSDT,2025-05-20 12:00:00.003,5e-05,0.51833691,Regular
LSKUSDT,2025-05-20 16:00:00.000,5e-05,0.51739288,Regular
LSKUSDT,2025-05-20 20:00:00.000,5e-05,0.51955441,Regular
LSKUSDT,2025-05-21 00:00:00.000,5e-05,0.52403300,Regular
LSKUSDT,2025-05-21 04:00:00.000,5e-05,0.52744831,Regular
LSKUSDT,2025-05-21 08:00:00.001,5e-05,0.52279735,Regular
LSKUSDT,2025-05-21 12:00:00.007,5e-05,0.52560000,Regular
LSKUSDT,2025-05-21 16:00:00.004,5e-05,0.53212560,Regular
LSKUSDT,2025-05-21 20:00:00.001,5e-05,0.52880000,Regular
LSKUSDT,2025-05-22 00:00:00.001,5e-05,0.53550000,Regular
LSKUSDT,2025-05-22 04:00:00.000,5e-05,0.54432627,Regular
LSKUSDT,2025-05-22 08:00:00.000,5e-05,0.54667943,Regular
LSKUSDT,2025-05-22 12:00:00.000,5e-05,0.55121352,Regular
LSKUSDT,2025-05-22 16:00:00.002,5e-05,0.55566531,Regular
LSKUSDT,2025-05-22 20:00:00.001,5e-05,0.55444743,Regular
LSKUSDT,2025-05-23 00:00:00.006,5e-05,0.55810000,Regular
LSKUSDT,2025-05-23 04:00:00.000,5e-05,0.56500000,Regular
LSKUSDT,2025-05-23 08:00:00.000,5e-05,0.55180000,Regular
LSKUSDT,2025-05-23 12:00:00.003,5e-05,0.53318557,Regular
LSKUSDT,2025-05-23 16:00:00.007,5e-05,0.53914766,Regular
LSKUSDT,2025-05-23 20:00:00.006,5e-05,0.53537072,Regular
LSKUSDT,2025-05-24 00:00:00.010,5e-05,0.51972603,Regular
LSKUSDT,2025-05-24 04:00:00.000,5e-05,0.52660000,Regular
LSKUSDT,2025-05-24 08:00:00.000,5e-05,0.52097775,Regular
LSKUSDT,2025-05-24 12:00:00.007,5e-05,0.52261936,Regular
LSKUSDT,2025-05-24 16:00:00.003,5e-05,0.52119399,Regular
LSKUSDT,2025-05-24 20:00:00.000,5e-05,0.51829674,Regular
LSKUSDT,2025-05-25 00:00:00.004,5e-05,0.51336306,Regular
LSKUSDT,2025-05-25 04:00:00.001,5e-05,0.49780000,Regular
LSKUSDT,2025-05-25 08:00:00.000,-6.049e-05,0.49560000,Regular
LSKUSDT,2025-05-25 12:00:00.000,-0.0001107,0.48900000,Regular
LSKUSDT,2025-05-25 16:00:00.000,-0.00012674,0.48951477,Regular
LSKUSDT,2025-05-25 20:00:00.010,5e-05,0.48990000,Regular
LSKUSDT,2025-05-26 00:00:00.000,5e-05,0.50010000,Regular
LSKUSDT,2025-05-26 04:00:00.000,5e-05,0.50071173,Regular
LSKUSDT,2025-05-26 08:00:00.000,5e-05,0.50440528,Regular
LSKUSDT,2025-05-26 12:00:00.000,5e-05,0.49827300,Regular
LSKUSDT,2025-05-26 16:00:00.002,9.3e-06,0.49571412,Regular
LSKUSDT,2025-05-26 20:00:00.000,5e-05,0.49030000,Regular
LSKUSDT,2025-05-27 00:00:00.003,5e-05,0.49410000,Regular
LSKUSDT,2025-05-27 04:00:00.000,5e-05,0.49614874,Regular
LSKUSDT,2025-05-27 08:00:00.001,5e-05,0.50410000,Regular
LSKUSDT,2025-05-27 12:00:00.005,5e-05,0.50600000,Regular
LSKUSDT,2025-05-27 16:00:00.005,5e-05,0.50935233,Regular
LSKUSDT,2025-05-27 20:00:00.005,5e-05,0.51110000,Regular
LSKUSDT,2025-05-28 00:00:00.002,5e-05,0.50770000,Regular
LSKUSDT,2025-05-28 04:00:00.010,5e-05,0.50990000,Regular
LSKUSDT,2025-05-28 08:00:00.003,5e-05,0.50300000,Regular
LSKUSDT,2025-05-28 12:00:00.000,5e-05,0.50220748,Regular
LSKUSDT,2025-05-28 16:00:00.002,2.606e-05,0.49140000,Regular
LSKUSDT,2025-05-28 20:00:00.000,-0.0001244,0.48604408,Regular
LSKUSDT,2025-05-29 00:00:00.000,5e-05,0.49873093,Regular
LSKUSDT,2025-05-29 04:00:00.000,5e-05,0.50157917,Regular
LSKUSDT,2025-05-29 08:00:00.006,5e-05,0.49659911,Regular
LSKUSDT,2025-05-29 12:00:00.001,5e-05,0.49010784,Regular
LSKUSDT,2025-05-29 16:00:00.000,5e-05,0.48400000,Regular
LSKUSDT,2025-05-29 20:00:00.010,-7.564e-05,0.47600000,Regular
LSKUSDT,2025-05-30 00:00:00.003,5e-05,0.47825550,Regular
LSKUSDT,2025-05-30 04:00:00.000,5e-05,0.46410000,Regular
LSKUSDT,2025-05-30 08:00:00.003,-1.784e-05,0.45529896,Regular
LSKUSDT,2025-05-30 12:00:00.006,4.006e-05,0.45620000,Regular
LSKUSDT,2025-05-30 16:00:00.000,5e-05,0.45253927,Regular
LSKUSDT,2025-05-30 20:00:00.005,5e-05,0.44912013,Regular
LSKUSDT,2025-05-31 00:00:00.000,-0.00012291,0.43567462,Regular
LSKUSDT,2025-05-31 04:00:00.004,-8.657e-05,0.43270000,Regular
LSKUSDT,2025-05-31 08:00:00.000,-0.00017225,0.43330000,Regular
LSKUSDT,2025-05-31 12:00:00.000,-5.622e-05,0.42833367,Regular
LSKUSDT,2025-05-31 16:00:00.000,-0.00015676,0.43151667,Regular
LSKUSDT,2025-05-31 20:00:00.004,-0.00018026,0.43440000,Regular
LSKUSDT,2025-06-01 00:00:00.001,5e-05,0.43342328,Regular
LSKUSDT,2025-06-01 04:00:00.001,5e-05,0.43000000,Regular
LSKUSDT,2025-06-01 08:00:00.002,-8.821e-05,0.43067437,Regular
LSKUSDT,2025-06-01 12:00:00.008,-4.42e-05,0.42590000,Regular
LSKUSDT,2025-06-01 16:00:00.000,5e-05,0.43150000,Regular
LSKUSDT,2025-06-01 20:00:00.003,-3.775e-05,0.43268136,Regular
LSKUSDT,2025-06-02 00:00:00.001,-2.8e-05,0.43887390,Regular
LSKUSDT,2025-06-02 04:00:00.004,6.49e-06,0.43670000,Regular
LSKUSDT,2025-06-02 08:00:00.000,5e-05,0.44730353,Regular
LSKUSDT,2025-06-02 12:00:00.002,-1.97e-06,0.44428293,Regular
LSKUSDT,2025-06-02 16:00:00.000,-0.00012696,0.44680000,Regular
LSKUSDT,2025-06-02 20:00:00.002,5e-05,0.44342584,Regular
LSKUSDT,2025-06-03 00:00:00.000,5e-05,0.44960000,Regular
LSKUSDT,2025-06-03 04:00:00.001,5e-05,0.44900836,Regular
LSKUSDT,2025-06-03 08:00:00.000,5e-05,0.45277001,Regular
LSKUSDT,2025-06-03 12:00:00.000,5e-05,0.45370660,Regular
LSKUSDT,2025-06-03 16:00:00.001,5e-05,0.45616100,Regular
LSKUSDT,2025-06-03 20:00:00.000,5e-05,0.45679274,Regular
LSKUSDT,2025-06-04 00:00:00.000,2.6e-06,0.44950000,Regular
LSKUSDT,2025-06-04 04:00:00.001,5e-05,0.45400000,Regular
LSKUSDT,2025-06-04 08:00:00.000,5e-05,0.45540000,Regular
LSKUSDT,2025-06-04 12:00:00.000,8.4e-06,0.45000323,Regular
LSKUSDT,2025-06-04 16:00:00.000,5e-05,0.45270000,Regular
LSKUSDT,2025-06-04 20:00:00.001,5e-05,0.44410000,Regular
LSKUSDT,2025-06-05 00:00:00.016,5e-05,0.44197993,Regular
LSKUSDT,2025-06-05 04:00:00.001,-5.628e-05,0.44051500,Regular
LSKUSDT,2025-06-05 08:00:00.000,3.907e-05,0.44105390,Regular
LSKUSDT,2025-06-05 12:00:00.003,5e-05,0.43856156,Regular
LSKUSDT,2025-06-05 16:00:00.000,5e-05,0.43941665,Regular
LSKUSDT,2025-06-05 20:00:00.002,5e-05,0.42185017,Regular
LSKUSDT,2025-06-06 00:00:00.002,5e-05,0.41280000,Regular
LSKUSDT,2025-06-06 04:00:00.000,5e-05,0.42060000,Regular
LSKUSDT,2025-06-06 08:00:00.000,5e-05,0.42007549,Regular
LSKUSDT,2025-06-06 12:00:00.002,-9.606e-05,0.42390000,Regular
LSKUSDT,2025-06-06 16:00:00.006,5e-05,0.43395227,Regular
LSKUSDT,2025-06-06 20:00:00.000,2.405e-05,0.42098688,Regular
LSKUSDT,2025-06-07 00:00:00.000,-7.246e-05,0.42280000,Regular
LSKUSDT,2025-06-07 04:00:00.000,5e-05,0.42940000,Regular
LSKUSDT,2025-06-07 08:00:00.000,5e-05,0.43310000,Regular
LSKUSDT,2025-06-07 12:00:00.000,5e-05,0.43229008,Regular
LSKUSDT,2025-06-07 16:00:00.002,5e-05,0.43120000,Regular
LSKUSDT,2025-06-07 20:00:00.002,5e-05,0.43218443,Regular
LSKUSDT,2025-06-08 00:00:00.000,5e-05,0.43300000,Regular
LSKUSDT,2025-06-08 04:00:00.000,5e-05,0.43360000,Regular
LSKUSDT,2025-06-08 08:00:00.000,-0.00024026,0.43100000,Regular
LSKUSDT,2025-06-08 12:00:00.020,5e-05,0.43360126,Regular
LSKUSDT,2025-06-08 16:00:00.000,5e-05,0.43350000,Regular
LSKUSDT,2025-06-08 20:00:00.001,5e-05,0.43480757,Regular
LSKUSDT,2025-06-09 00:00:00.000,-7.826e-05,0.43265851,Regular
LSKUSDT,2025-06-09 04:00:00.003,5e-05,0.43140000,Regular
LSKUSDT,2025-06-09 08:00:00.001,5e-05,0.43039924,Regular
LSKUSDT,2025-06-09 12:00:00.000,-6.755e-05,0.43706688,Regular
LSKUSDT,2025-06-09 16:00:00.001,-1.3e-07,0.43650000,Regular
LSKUSDT,2025-06-09 20:00:00.012,5e-05,0.44346639,Regular
LSKUSDT,2025-06-10 00:00:00.000,5e-05,0.45129096,Regular
LSKUSDT,2025-06-10 04:00:00.000,5e-05,0.44870000,Regular
LSKUSDT,2025-06-10 08:00:00.001,5e-05,0.44587412,Regular
LSKUSDT,2025-06-10 12:00:00.005,5e-05,0.45875908,Regular
LSKUSDT,2025-06-10 16:00:00.003,5e-05,0.45145343,Regular
LSKUSDT,2025-06-10 20:00:00.010,5e-05,0.45319584,Regular
LSKUSDT,2025-06-11 00:00:00.000,5e-05,0.45604811,Regular
LSKUSDT,2025-06-11 04:00:00.006,5e-05,0.45390000,Regular
LSKUSDT,2025-06-11 08:00:00.000,5e-05,0.45391302,Regular
LSKUSDT,2025-06-11 12:00:00.007,5e-05,0.44667188,Regular
LSKUSDT,2025-06-11 16:00:00.010,5e-05,0.45750000,Regular
LSKUSDT,2025-06-11 20:00:00.012,5e-05,0.44770000,Regular
LSKUSDT,2025-06-12 00:00:00.002,5e-05,0.44412809,Regular
LSKUSDT,2025-06-12 04:00:00.000,5e-05,0.43897487,Regular
LSKUSDT,2025-06-12 08:00:00.003,5e-05,0.43780000,Regular
LSKUSDT,2025-06-12 12:00:00.001,-3.115e-05,0.43100000,Regular
LSKUSDT,2025-06-12 16:00:00.001,-3.088e-05,0.42996081,Regular
LSKUSDT,2025-06-12 20:00:00.003,-0.00025605,0.42533796,Regular
LSKUSDT,2025-06-13 00:00:00.000,-5.865e-05,0.42075624,Regular
LSKUSDT,2025-06-13 04:00:00.002,-1.21e-06,0.39956151,Regular
LSKUSDT,2025-06-13 08:00:00.001,-0.00021733,0.39590000,Regular
LSKUSDT,2025-06-13 12:00:00.000,-0.0001774,0.39850000,Regular
LSKUSDT,2025-06-13 16:00:00.004,-6.503e-05,0.40290000,Regular
LSKUSDT,2025-06-13 20:00:00.001,-3.422e-05,0.40338208,Regular
LSKUSDT,2025-06-14 00:00:00.000,-0.00010959,0.40761818,Regular
LSKUSDT,2025-06-14 04:00:00.000,9.37e-06,0.40860416,Regular
LSKUSDT,2025-06-14 08:00:00.000,-1.093e-05,0.40700000,Regular
LSKUSDT,2025-06-14 12:00:00.007,5e-05,0.40770000,Regular
LSKUSDT,2025-06-14 16:00:00.000,5e-05,0.40274428,Regular
LSKUSDT,2025-06-14 20:00:00.005,-0.0001124,0.40250000,Regular
LSKUSDT,2025-06-15 00:00:00.005,-0.00015586,0.40691669,Regular
LSKUSDT,2025-06-15 04:00:00.004,5e-05,0.40650000,Regular
LSKUSDT,2025-06-15 08:00:00.009,-2.79e-06,0.40655898,Regular
LSKUSDT,2025-06-15 12:00:00.000,2.404e-05,0.40965202,Regular
LSKUSDT,2025-06-15 16:00:00.000,5e-05,0.40840000,Regular
LSKUSDT,2025-06-15 20:00:00.000,5e-05,0.40630000,Regular
LSKUSDT,2025-06-16 00:00:00.000,5e-05,0.40980000,Regular
LSKUSDT,2025-06-16 04:00:00.009,5e-05,0.40980987,Regular
LSKUSDT,2025-06-16 08:00:00.000,-2.471e-05,0.41830688,Regular
LSKUSDT,2025-06-16 12:00:00.000,5e-05,0.41800000,Regular
LSKUSDT,2025-06-16 16:00:00.003,5e-05,0.41982677,Regular
LSKUSDT,2025-06-16 20:00:00.000,5e-05,0.42227361,Regular
LSKUSDT,2025-06-17 00:00:00.000,-4.922e-05,0.40855978,Regular
LSKUSDT,2025-06-17 04:00:00.000,5e-05,0.41427869,Regular
LSKUSDT,2025-06-17 08:00:00.006,5e-05,0.41014328,Regular
LSKUSDT,2025-06-17 12:00:00.001,-7.569e-05,0.40436221,Regular
LSKUSDT,2025-06-17 16:00:00.001,-0.0001108,0.39840000,Regular
LSKUSDT,2025-06-17 20:00:00.000,5e-05,0.39709958,Regular
LSKUSDT,2025-06-18 00:00:00.001,-0.00016473,0.39340000,Regular
LSKUSDT,2025-06-18 04:00:00.001,-0.00011657,0.39660000,Regular
LSKUSDT,2025-06-18 08:00:00.001,-4.529e-05,0.39612587,Regular
LSKUSDT,2025-06-18 12:00:00.003,-0.00013809,0.38974967,Regular
LSKUSDT,2025-06-18 16:00:00.001,-8.4e-06,0.39020000,Regular
LSKUSDT,2025-06-18 20:00:00.000,7.16e-06,0.38800792,Regular
LSKUSDT,2025-06-19 00:00:00.005,-7.817e-05,0.39537680,Regular
LSKUSDT,2025-06-19 04:00:00.005,1.369e-05,0.39295617,Regular
LSKUSDT,2025-06-19 08:00:00.003,5e-05,0.39175014,Regular
LSKUSDT,2025-06-19 12:00:00.000,5e-05,0.39003160,Regular
LSKUSDT,2025-06-19 16:00:00.000,-3.23e-05,0.38733151,Regular
LSKUSDT,2025-06-19 20:00:00.000,1.169e-05,0.38740000,Regular
LSKUSDT,2025-06-20 00:00:00.000,5e-05,0.38932877,Regular
LSKUSDT,2025-06-20 04:00:00.017,5e-05,0.38834997,Regular
LSKUSDT,2025-06-20 08:00:00.002,1.954e-05,0.39250000,Regular
LSKUSDT,2025-06-20 12:00:00.002,-0.00051086,0.40130000,Regular
LSKUSDT,2025-06-20 16:00:00.001,-0.00028912,0.38676595,Regular
LSKUSDT,2025-06-20 20:00:00.000,5e-05,0.38070000,Regular
LSKUSDT,2025-06-21 00:00:00.002,-0.00013762,0.38550249,Regular
LSKUSDT,2025-06-21 04:00:00.003,-9.293e-05,0.38373326,Regular
LSKUSDT,2025-06-21 08:00:00.005,-0.0003151,0.38280000,Regular
LSKUSDT,2025-06-21 12:00:00.000,-0.0004668,0.38350000,Regular
LSKUSDT,2025-06-21 16:00:00.000,-0.00033332,0.37470000,Regular
LSKUSDT,2025-06-21 20:00:00.002,-0.00033743,0.36830000,Regular
LSKUSDT,2025-06-22 00:00:00.005,-0.00019345,0.36183305,Regular
LSKUSDT,2025-06-22 04:00:00.000,-0.00086537,0.35702526,Regular
LSKUSDT,2025-06-22 08:00:00.000,1.425e-05,0.36150000,Regular
LSKUSDT,2025-06-22 12:00:00.003,-0.00032969,0.35710000,Regular
LSKUSDT,2025-06-22 16:00:00.003,-0.00042589,0.34270000,Regular
LSKUSDT,2025-06-22 20:00:00.005,-0.00025252,0.34558094,Regular
LSKUSDT,2025-06-23 00:00:00.000,-8.674e-05,0.34824080,Regular
LSKUSDT,2025-06-23 04:00:00.007,5e-05,0.34848676,Regular
LSKUSDT,2025-06-23 08:00:00.004,-4.796e-05,0.35290000,Regular
LSKUSDT,2025-06-23 12:00:00.001,5e-05,0.35160000,Regular
LSKUSDT,2025-06-23 16:00:00.013,-0.00015082,0.35124864,Regular
LSKUSDT,2025-06-23 20:00:00.000,5e-05,0.36315143,Regular
LSKUSDT,2025-06-24 00:00:00.003,5e-05,0.37570000,Regular
LSKUSDT,2025-06-24 04:00:00.001,5e-05,0.37625876,Regular
LSKUSDT,2025-06-24 08:00:00.000,5e-05,0.38080000,Regular
LSKUSDT,2025-06-24 12:00:00.001,5e-05,0.38066353,Regular
LSKUSDT,2025-06-24 16:00:00.000,5e-05,0.38210000,Regular
LSKUSDT,2025-06-24 20:00:00.000,5e-05,0.38345809,Regular
LSKUSDT,2025-06-25 00:00:00.005,5e-05,0.38533896,Regular
LSKUSDT,2025-06-25 04:00:00.000,-3.592e-05,0.38559839,Regular
LSKUSDT,2025-06-25 08:00:00.000,5e-05,0.38858122,Regular
LSKUSDT,2025-06-25 12:00:00.003,5e-05,0.38355864,Regular
LSKUSDT,2025-06-25 16:00:00.005,-8.744e-05,0.37367573,Regular
LSKUSDT,2025-06-25 20:00:00.002,5e-05,0.37520000,Regular
LSKUSDT,2025-06-26 00:00:00.000,5e-05,0.37326017,Regular
LSKUSDT,2025-06-26 04:00:00.000,5e-05,0.37700000,Regular
LSKUSDT,2025-06-26 08:00:00.006,-0.0002943,0.37732721,Regular
LSKUSDT,2025-06-26 12:00:00.005,-4.957e-05,0.36900000,Regular
LSKUSDT,2025-06-26 16:00:00.007,5e-05,0.36240000,Regular
LSKUSDT,2025-06-26 20:00:00.000,5e-05,0.36511847,Regular
LSKUSDT,2025-06-27 00:00:00.000,6.99e-06,0.36310000,Regular
LSKUSDT,2025-06-27 04:00:00.001,5e-05,0.36760000,Regular
LSKUSDT,2025-06-27 08:00:00.000,-0.00020868,0.36242730,Regular
LSKUSDT,2025-06-27 12:00:00.003,5e-05,0.36500000,Regular
LSKUSDT,2025-06-27 16:00:00.009,-0.00028213,0.37003313,Regular
LSKUSDT,2025-06-27 20:00:00.002,5e-05,0.36520779,Regular
LSKUSDT,2025-06-28 00:00:00.001,5e-05,0.36771817,Regular
LSKUSDT,2025-06-28 04:00:00.000,5e-05,0.36645953,Regular
LSKUSDT,2025-06-28 08:00:00.002,-0.00022477,0.36541439,Regular
LSKUSDT,2025-06-28 12:00:00.000,-0.00011785,0.36610000,Regular
LSKUSDT,2025-06-28 16:00:00.000,-9.85e-05,0.36990000,Regular
LSKUSDT,2025-06-28 20:00:00.007,-8.713e-05,0.37040000,Regular
LSKUSDT,2025-06-29 00:00:00.004,3.462e-05,0.37265000,Regular
LSKUSDT,2025-06-29 04:00:00.003,-7.403e-05,0.37115000,Regular
LSKUSDT,2025-06-29 08:00:00.001,5e-05,0.37419793,Regular
LSKUSDT,2025-06-29 12:00:00.003,-8.873e-05,0.37610000,Regular
LSKUSDT,2025-06-29 16:00:00.001,1.284e-05,0.37146104,Regular
LSKUSDT,2025-06-29 20:00:00.003,2.512e-05,0.37490000,Regular
LSKUSDT,2025-06-30 00:00:00.000,5e-05,0.38601003,Regular
LSKUSDT,2025-06-30 04:00:00.003,5e-05,0.38159068,Regular
LSKUSDT,2025-06-30 08:00:00.005,5e-05,0.38200000,Regular
LSKUSDT,2025-06-30 12:00:00.000,-9.68e-06,0.37806402,Regular
LSKUSDT,2025-06-30 16:00:00.002,5e-05,0.37180000,Regular
LSKUSDT,2025-06-30 20:00:00.000,5e-05,0.37636955,Regular
LSKUSDT,2025-07-01 00:00:00.007,5e-05,0.37225004,Regular
LSKUSDT,2025-07-01 04:00:00.000,5e-05,0.36770000,Regular
LSKUSDT,2025-07-01 08:00:00.002,-7.874e-05,0.36608964,Regular
LSKUSDT,2025-07-01 12:00:00.000,5e-05,0.36080229,Regular
LSKUSDT,2025-07-01 16:00:00.000,-6.62e-05,0.35706027,Regular
LSKUSDT,2025-07-01 20:00:00.000,-0.00028517,0.35303454,Regular
LSKUSDT,2025-07-02 00:00:00.001,1.63e-06,0.35330667,Regular
LSKUSDT,2025-07-02 04:00:00.001,5e-05,0.35684175,Regular
LSKUSDT,2025-07-02 08:00:00.000,5e-05,0.36350000,Regular
LSKUSDT,2025-07-02 12:00:00.001,5e-05,0.36825770,Regular
LSKUSDT,2025-07-02 16:00:00.003,-0.00012057,0.37930761,Regular
LSKUSDT,2025-07-02 20:00:00.000,5e-05,0.39205633,Regular
LSKUSDT,2025-07-03 00:00:00.006,-0.000162,0.38790000,Regular
LSKUSDT,2025-07-03 04:00:00.002,-0.00021046,0.39040000,Regular
LSKUSDT,2025-07-03 08:00:00.003,5e-05,0.39603667,Regular
LSKUSDT,2025-07-03 12:00:00.001,3.697e-05,0.39111620,Regular
LSKUSDT,2025-07-03 16:00:00.003,-4.19e-06,0.38580000,Regular
LSKUSDT,2025-07-03 20:00:00.000,5e-05,0.39035942,Regular
LSKUSDT,2025-07-04 00:00:00.005,5e-05,0.39160000,Regular
LSKUSDT,2025-07-04 04:00:00.002,5e-05,0.39230000,Regular
LSKUSDT,2025-07-04 08:00:00.003,-4.653e-05,0.37740000,Regular
LSKUSDT,2025-07-04 12:00:00.000,5e-05,0.38190000,Regular
LSKUSDT,2025-07-04 16:00:00.001,-0.00031104,0.37391926,Regular
LSKUSDT,2025-07-04 20:00:00.000,5e-05,0.37080000,Regular
LSKUSDT,2025-07-05 00:00:00.004,7e-07,0.37500000,Regular
LSKUSDT,2025-07-05 04:00:00.005,-0.00010375,0.37649386,Regular
LSKUSDT,2025-07-05 08:00:00.009,-0.00033735,0.37527960,Regular
LSKUSDT,2025-07-05 12:00:00.000,-0.00026535,0.37420835,Regular
LSKUSDT,2025-07-05 16:00:00.006,-0.0005796,0.37060000,Regular
LSKUSDT,2025-07-05 20:00:00.000,1.722e-05,0.36851243,Regular
LSKUSDT,2025-07-06 00:00:00.001,-8.083e-05,0.37405000,Regular
LSKUSDT,2025-07-06 04:00:00.000,-0.00010516,0.37011000,Regular
LSKUSDT,2025-07-06 08:00:00.002,-0.00012187,0.37170000,Regular
LSKUSDT,2025-07-06 12:00:00.001,-0.0001685,0.37237429,Regular
LSKUSDT,2025-07-06 16:00:00.004,-0.00040394,0.37741673,Regular
LSKUSDT,2025-07-06 20:00:00.006,-0.00015389,0.37817820,Regular
LSKUSDT,2025-07-07 00:00:00.000,-1.958e-05,0.37710000,Regular
LSKUSDT,2025-07-07 04:00:00.000,5e-05,0.37850000,Regular
LSKUSDT,2025-07-07 08:00:00.007,5e-05,0.38050000,Regular
LSKUSDT,2025-07-07 12:00:00.000,3.88e-06,0.37890500,Regular
LSKUSDT,2025-07-07 16:00:00.000,-7.382e-05,0.38023692,Regular
LSKUSDT,2025-07-07 20:00:00.013,-8.638e-05,0.37820000,Regular
LSKUSDT,2025-07-08 00:00:00.010,5e-05,0.37928184,Regular
LSKUSDT,2025-07-08 04:00:00.000,-9.465e-05,0.37531682,Regular
LSKUSDT,2025-07-08 08:00:00.003,-0.00062547,0.38280000,Regular
LSKUSDT,2025-07-08 12:00:00.004,-0.00056548,0.38990000,Regular
LSKUSDT,2025-07-08 16:00:00.000,5e-05,0.38160000,Regular
LSKUSDT,2025-07-08 20:00:00.002,-7.763e-05,0.38846961,Regular
LSKUSDT,2025-07-09 00:00:00.002,5e-05,0.39285362,Regular
LSKUSDT,2025-07-09 04:00:00.010,5e-05,0.38810000,Regular
LSKUSDT,2025-07-09 08:00:00.006,5e-05,0.39390189,Regular
LSKUSDT,2025-07-09 12:00:00.000,5e-05,0.39920000,Regular
LSKUSDT,2025-07-09 16:00:00.001,5e-05,0.39918646,Regular
LSKUSDT,2025-07-09 20:00:00.007,5e-05,0.40807392,Regular
LSKUSDT,2025-07-10 00:00:00.003,5e-05,0.40898544,Regular
LSKUSDT,2025-07-10 04:00:00.001,5e-05,0.40395026,Regular
LSKUSDT,2025-07-10 08:00:00.000,5e-05,0.40029200,Regular
LSKUSDT,2025-07-10 12:00:00.001,5e-05,0.40096559,Regular
LSKUSDT,2025-07-10 16:00:00.004,5e-05,0.39876115,Regular
LSKUSDT,2025-07-10 20:00:00.000,5e-05,0.40850000,Regular
LSKUSDT,2025-07-11 00:00:00.004,5e-05,0.42189039,Regular
LSKUSDT,2025-07-11 04:00:00.001,5e-05,0.42660000,Regular
LSKUSDT,2025-07-11 08:00:00.007,5e-05,0.42258746,Regular
LSKUSDT,2025-07-11 12:00:00.000,5e-05,0.42764732,Regular
LSKUSDT,2025-07-11 16:00:00.001,5e-05,0.42776096,Regular
LSKUSDT,2025-07-11 20:00:00.006,5e-05,0.43691861,Regular
LSKUSDT,2025-07-12 00:00:00.000,5e-05,0.42363583,Regular
LSKUSDT,2025-07-12 04:00:00.005,5e-05,0.42981542,Regular
LSKUSDT,2025-07-12 08:00:00.001,-0.00050662,0.45121814,Regular
LSKUSDT,2025-07-12 12:00:00.007,5e-05,0.45230000,Regular
LSKUSDT,2025-07-12 16:00:00.002,-0.00055718,0.44190000,Regular
LSKUSDT,2025-07-12 20:00:00.003,5e-05,0.44520000,Regular
LSKUSDT,2025-07-13 00:00:00.006,5e-05,0.44913465,Regular
LSKUSDT,2025-07-13 04:00:00.001,5e-05,0.43614661,Regular
LSKUSDT,2025-07-13 08:00:00.001,5e-05,0.43798592,Regular
LSKUSDT,2025-07-13 12:00:00.003,5e-05,0.43860000,Regular
LSKUSDT,2025-07-13 16:00:00.003,5e-05,0.44590000,Regular
LSKUSDT,2025-07-13 20:00:00.008,5e-05,0.44340000,Regular
LSKUSDT,2025-07-14 00:00:00.000,5e-05,0.44010985,Regular
LSKUSDT,2025-07-14 04:00:00.000,5e-05,0.44910506,Regular
LSKUSDT,2025-07-14 08:00:00.000,5e-05,0.44930000,Regular
LSKUSDT,2025-07-14 12:00:00.001,5e-05,0.44438353,Regular
LSKUSDT,2025-07-14 16:00:00.000,5e-05,0.43830000,Regular
LSKUSDT,2025-07-14 20:00:00.003,5e-05,0.43460000,Regular
LSKUSDT,2025-07-15 00:00:00.002,5e-05,0.43794947,Regular
LSKUSDT,2025-07-15 04:00:00.008,-0.00034161,0.43240000,Regular
LSKUSDT,2025-07-15 08:00:00.000,1.055e-05,0.43331761,Regular
LSKUSDT,2025-07-15 12:00:00.000,-2.35e-06,0.43667227,Regular
LSKUSDT,2025-07-15 16:00:00.000,5e-05,0.44013523,Regular
LSKUSDT,2025-07-15 20:00:00.005,5e-05,0.43820000,Regular
LSKUSDT,2025-07-16 00:00:00.000,5e-05,0.45190920,Regular
LSKUSDT,2025-07-16 04:00:00.000,-0.00036833,0.46079199,Regular
LSKUSDT,2025-07-16 08:00:00.000,-0.00017905,0.46820000,Regular
LSKUSDT,2025-07-16 12:00:00.005,-0.00021751,0.46532673,Regular
LSKUSDT,2025-07-16 16:00:00.008,-3.104e-05,0.46394706,Regular
LSKUSDT,2025-07-16 20:00:00.000,-0.0006471,0.46800000,Regular
LSKUSDT,2025-07-17 00:00:00.003,-0.00055943,0.47331807,Regular
LSKUSDT,2025-07-17 04:00:00.000,-0.00070066,0.45750796,Regular
LSKUSDT,2025-07-17 08:00:00.000,-0.0004403,0.46416609,Regular
LSKUSDT,2025-07-17 12:00:00.000,-0.00043925,0.46600000,Regular
LSKUSDT,2025-07-17 16:00:00.000,-0.00031718,0.46095284,Regular
LSKUSDT,2025-07-17 20:00:00.000,-0.00033601,0.45460734,Regular
LSKUSDT,2025-07-18 00:00:00.004,-0.00028034,0.46400000,Regular
LSKUSDT,2025-07-18 04:00:00.000,5e-05,0.46880288,Regular
LSKUSDT,2025-07-18 08:00:00.000,5e-05,0.47087175,Regular
LSKUSDT,2025-07-18 12:00:00.000,8.806e-05,0.47239949,Regular
LSKUSDT,2025-07-18 16:00:00.000,5e-05,0.46390000,Regular
LSKUSDT,2025-07-18 20:00:00.010,5e-05,0.46257774,Regular
LSKUSDT,2025-07-19 00:00:00.009,5e-05,0.46169150,Regular
LSKUSDT,2025-07-19 04:00:00.000,5e-05,0.46575945,Regular
LSKUSDT,2025-07-19 08:00:00.000,5e-05,0.46130000,Regular
LSKUSDT,2025-07-19 12:00:00.000,5e-05,0.45850000,Regular
LSKUSDT,2025-07-19 16:00:00.002,5e-05,0.45340000,Regular
LSKUSDT,2025-07-19 20:00:00.002,5e-05,0.46468452,Regular
LSKUSDT,2025-07-20 00:00:00.000,5e-05,0.46680000,Regular
LSKUSDT,2025-07-20 04:00:00.007,5e-05,0.47918290,Regular
LSKUSDT,2025-07-20 08:00:00.000,5e-05,0.48645190,Regular
LSKUSDT,2025-07-20 12:00:00.003,5e-05,0.48508096,Regular
LSKUSDT,2025-07-20 16:00:00.000,5e-05,0.49309812,Regular
LSKUSDT,2025-07-20 20:00:00.013,5e-05,0.49712968,Regular
LSKUSDT,2025-07-21 00:00:00.001,5e-05,0.49254443,Regular
LSKUSDT,2025-07-21 04:00:00.001,5e-05,0.49940000,Regular
LSKUSDT,2025-07-21 08:00:00.000,5e-05,0.50370000,Regular
LSKUSDT,2025-07-21 12:00:00.001,5e-05,0.50149175,Regular
LSKUSDT,2025-07-21 16:00:00.001,5e-05,0.50090000,Regular
LSKUSDT,2025-07-21 20:00:00.003,5e-05,0.49432390,Regular
LSKUSDT,2025-07-22 00:00:00.000,5e-05,0.50156143,Regular
LSKUSDT,2025-07-22 04:00:00.001,5e-05,0.49046047,Regular
LSKUSDT,2025-07-22 08:00:00.010,5e-05,0.48465637,Regular
LSKUSDT,2025-07-22 12:00:00.001,5e-05,0.49408576,Regular
LSKUSDT,2025-07-22 16:00:00.007,5e-05,0.49170000,Regular
LSKUSDT,2025-07-22 20:00:00.001,5e-05,0.48910000,Regular
LSKUSDT,2025-07-23 00:00:00.000,5e-05,0.50251949,Regular
LSKUSDT,2025-07-23 04:00:00.010,5e-05,0.50880000,Regular
LSKUSDT,2025-07-23 08:00:00.004,5e-05,0.51141064,Regular
LSKUSDT,2025-07-23 12:00:00.002,5e-05,0.51634400,Regular
LSKUSDT,2025-07-23 16:00:00.002,5e-05,0.50820000,Regular
LSKUSDT,2025-07-23 20:00:00.005,5e-05,0.49697859,Regular
LSKUSDT,2025-07-24 00:00:00.000,5e-05,0.48906002,Regular
LSKUSDT,2025-07-24 04:00:00.001,5e-05,0.50360000,Regular
LSKUSDT,2025-07-24 08:00:00.001,5e-05,0.46562035,Regular
LSKUSDT,2025-07-24 12:00:00.000,5e-05,0.47740000,Regular
LSKUSDT,2025-07-24 16:00:00.000,5e-05,0.47593528,Regular
LSKUSDT,2025-07-24 20:00:00.001,5e-05,0.47560000,Regular
LSKUSDT,2025-07-25 00:00:00.000,5e-05,0.47095729,Regular
LSKUSDT,2025-07-25 04:00:00.001,5e-05,0.45230000,Regular
LSKUSDT,2025-07-25 08:00:00.000,5e-05,0.45410000,Regular
LSKUSDT,2025-07-25 12:00:00.000,5e-05,0.46430185,Regular
LSKUSDT,2025-07-25 16:00:00.000,5e-05,0.45370000,Regular
LSKUSDT,2025-07-25 20:00:00.000,5e-05,0.45832502,Regular
LSKUSDT,2025-07-26 00:00:00.001,5e-05,0.46820000,Regular
LSKUSDT,2025-07-26 04:00:00.001,5e-05,0.46916731,Regular
LSKUSDT,2025-07-26 08:00:00.005,5e-05,0.46610000,Regular
LSKUSDT,2025-07-26 12:00:00.004,5e-05,0.46634972,Regular
LSKUSDT,2025-07-26 16:00:00.001,5e-05,0.46695278,Regular
LSKUSDT,2025-07-26 20:00:00.000,5e-05,0.47104983,Regular
LSKUSDT,2025-07-27 00:00:00.001,5e-05,0.46509433,Regular
LSKUSDT,2025-07-27 04:00:00.000,5e-05,0.46810000,Regular
LSKUSDT,2025-07-27 08:00:00.000,5e-05,0.47457573,Regular
LSKUSDT,2025-07-27 12:00:00.000,5e-05,0.47897415,Regular
LSKUSDT,2025-07-27 16:00:00.008,5e-05,0.47988258,Regular
LSKUSDT,2025-07-27 20:00:00.002,5e-05,0.48442960,Regular
LSKUSDT,2025-07-28 00:00:00.005,5e-05,0.49011520,Regular
LSKUSDT,2025-07-28 04:00:00.001,5e-05,0.49186081,Regular
LSKUSDT,2025-07-28 08:00:00.000,5e-05,0.48890856,Regular
LSKUSDT,2025-07-28 12:00:00.000,5e-05,0.48962680,Regular
LSKUSDT,2025-07-28 16:00:00.000,5e-05,0.47191047,Regular
LSKUSDT,2025-07-28 20:00:00.005,5e-05,0.46498867,Regular
LSKUSDT,2025-07-29 00:00:00.001,5e-05,0.45755884,Regular
LSKUSDT,2025-07-29 04:00:00.001,5e-05,0.45155213,Regular
LSKUSDT,2025-07-29 08:00:00.000,5e-05,0.46170000,Regular
LSKUSDT,2025-07-29 12:00:00.001,5e-05,0.44975908,Regular
LSKUSDT,2025-07-29 16:00:00.000,5e-05,0.43790000,Regular
LSKUSDT,2025-07-29 20:00:00.000,5e-05,0.43401820,Regular
LSKUSDT,2025-07-30 00:00:00.011,5e-05,0.43975519,Regular
LSKUSDT,2025-07-30 04:00:00.000,5e-05,0.43886537,Regular
LSKUSDT,2025-07-30 08:00:00.000,5e-05,0.43598630,Regular
LSKUSDT,2025-07-30 12:00:00.003,5e-05,0.43093971,Regular
LSKUSDT,2025-07-30 16:00:00.008,1.781e-05,0.44225322,Regular
LSKUSDT,2025-07-30 20:00:00.000,5e-05,0.44320647,Regular
LSKUSDT,2025-07-31 00:00:00.000,5e-05,0.44428333,Regular
LSKUSDT,2025-07-31 04:00:00.010,5e-05,0.45329625,Regular
LSKUSDT,2025-07-31 08:00:00.009,5e-05,0.44902119,Regular
LSKUSDT,2025-07-31 12:00:00.003,5e-05,0.44590243,Regular
LSKUSDT,2025-07-31 16:00:00.000,5e-05,0.43740320,Regular
LSKUSDT,2025-07-31 20:00:00.000,5e-05,0.43340000,Regular
LSKUSDT,2025-08-01 00:00:00.001,-0.00012835,0.42170000,Regular
LSKUSDT,2025-08-01 04:00:00.000,-0.00016766,0.41987452,Regular
LSKUSDT,2025-08-01 08:00:00.003,-0.00020754,0.41520000,Regular
LSKUSDT,2025-08-01 12:00:00.001,5e-05,0.41414861,Regular
LSKUSDT,2025-08-01 16:00:00.000,5e-05,0.41520000,Regular
LSKUSDT,2025-08-01 20:00:00.004,5e-05,0.41098090,Regular
LSKUSDT,2025-08-02 00:00:00.004,5e-05,0.40380000,Regular
LSKUSDT,2025-08-02 04:00:00.000,5e-05,0.40825775,Regular
LSKUSDT,2025-08-02 08:00:00.000,5e-05,0.40655522,Regular
LSKUSDT,2025-08-02 12:00:00.005,5e-05,0.40280000,Regular
LSKUSDT,2025-08-02 16:00:00.000,5e-05,0.39538547,Regular
LSKUSDT,2025-08-02 20:00:00.001,5e-05,0.39041148,Regular
LSKUSDT,2025-08-03 00:00:00.000,5e-05,0.39510000,Regular
LSKUSDT,2025-08-03 04:00:00.000,5e-05,0.40089540,Regular
LSKUSDT,2025-08-03 08:00:00.000,5e-05,0.40115606,Regular
LSKUSDT,2025-08-03 12:00:00.001,5e-05,0.40488197,Regular
LSKUSDT,2025-08-03 16:00:00.003,5e-05,0.40568973,Regular
LSKUSDT,2025-08-03 20:00:00.002,5e-05,0.40630000,Regular
LSKUSDT,2025-08-04 00:00:00.004,5e-05,0.40480000,Regular
LSKUSDT,2025-08-04 04:00:00.000,5e-05,0.40998299,Regular
LSKUSDT,2025-08-04 08:00:00.000,5e-05,0.41170819,Regular
LSKUSDT,2025-08-04 12:00:00.006,1.242e-05,0.40920000,Regular
LSKUSDT,2025-08-04 16:00:00.002,5e-05,0.41665204,Regular
LSKUSDT,2025-08-04 20:00:00.007,5e-05,0.41462372,Regular
LSKUSDT,2025-08-05 00:00:00.000,5e-05,0.41901695,Regular
LSKUSDT,2025-08-05 04:00:00.000,5e-05,0.41160000,Regular
LSKUSDT,2025-08-05 08:00:00.000,5e-05,0.40736291,Regular
LSKUSDT,2025-08-05 12:00:00.004,5e-05,0.41869084,Regular
LSKUSDT,2025-08-05 16:00:00.000,5e-05,0.40226247,Regular
LSKUSDT,2025-08-05 20:00:00.003,5e-05,0.39815156,Regular
LSKUSDT,2025-08-06 00:00:00.005,5e-05,0.40200000,Regular
LSKUSDT,2025-08-06 04:00:00.000,-0.00010406,0.39104420,Regular
LSKUSDT,2025-08-06 08:00:00.000,5e-05,0.40166259,Regular
LSKUSDT,2025-08-06 12:00:00.000,5e-05,0.39866188,Regular
LSKUSDT,2025-08-06 16:00:00.000,5e-05,0.40623873,Regular
LSKUSDT,2025-08-06 20:00:00.000,5e-05,0.40517278,Regular
LSKUSDT,2025-08-07 00:00:00.003,5e-05,0.40496602,Regular
LSKUSDT,2025-08-07 04:00:00.004,5e-05,0.40300000,Regular
LSKUSDT,2025-08-07 08:00:00.002,5e-05,0.40590000,Regular
LSKUSDT,2025-08-07 12:00:00.001,5e-05,0.41470000,Regular
LSKUSDT,2025-08-07 16:00:00.002,5e-05,0.41130025,Regular
LSKUSDT,2025-08-07 20:00:00.001,5e-05,0.40997973,Regular
LSKUSDT,2025-08-08 00:00:00.002,5e-05,0.41704833,Regular
LSKUSDT,2025-08-08 04:00:00.010,5e-05,0.41799829,Regular
LSKUSDT,2025-08-08 08:00:00.004,5e-05,0.42076318,Regular
LSKUSDT,2025-08-08 12:00:00.003,5e-05,0.42086829,Regular
LSKUSDT,2025-08-08 16:00:00.000,5e-05,0.41954696,Regular
LSKUSDT,2025-08-08 20:00:00.004,5e-05,0.42849282,Regular
LSKUSDT,2025-08-09 00:00:00.005,5e-05,0.42756500,Regular
LSKUSDT,2025-08-09 04:00:00.015,5e-05,0.42954397,Regular
LSKUSDT,2025-08-09 08:00:00.000,5e-05,0.43614186,Regular
LSKUSDT,2025-08-09 12:00:00.003,5e-05,0.43826223,Regular
LSKUSDT,2025-08-09 16:00:00.007,5e-05,0.43669872,Regular
LSKUSDT,2025-08-09 20:00:00.000,5e-05,0.43800000,Regular
LSKUSDT,2025-08-10 00:00:00.003,5e-05,0.43604038,Regular
LSKUSDT,2025-08-10 04:00:00.006,5e-05,0.43883543,Regular
LSKUSDT,2025-08-10 08:00:00.005,5e-05,0.42716643,Regular
LSKUSDT,2025-08-10 12:00:00.006,5e-05,0.42551340,Regular
LSKUSDT,2025-08-10 16:00:00.002,5e-05,0.43328737,Regular
LSKUSDT,2025-08-10 20:00:00.000,5e-05,0.43952937,Regular
LSKUSDT,2025-08-11 00:00:00.000,5e-05,0.43627373,Regular
LSKUSDT,2025-08-11 04:00:00.000,5e-05,0.44200000,Regular
LSKUSDT,2025-08-11 08:00:00.000,5e-05,0.43954490,Regular
LSKUSDT,2025-08-11 12:00:00.000,5e-05,0.42562004,Regular
LSKUSDT,2025-08-11 16:00:00.000,5e-05,0.43284576,Regular
LSKUSDT,2025-08-11 20:00:00.000,5e-05,0.43228951,Regular
LSKUSDT,2025-08-12 00:00:00.000,5e-05,0.41863428,Regular
LSKUSDT,2025-08-12 04:00:00.001,5e-05,0.41840000,Regular
LSKUSDT,2025-08-12 08:00:00.001,5e-05,0.42074931,Regular
LSKUSDT,2025-08-12 12:00:00.000,5e-05,0.41602081,Regular
LSKUSDT,2025-08-12 16:00:00.005,5e-05,0.43590000,Regular
LSKUSDT,2025-08-12 20:00:00.000,5e-05,0.44020000,Regular
LSKUSDT,2025-08-13 00:00:00.000,5e-05,0.44256411,Regular
LSKUSDT,2025-08-13 04:00:00.000,5e-05,0.44360749,Regular
LSKUSDT,2025-08-13 08:00:00.002,5e-05,0.44100000,Regular
LSKUSDT,2025-08-13 12:00:00.000,5e-05,0.44569840,Regular
LSKUSDT,2025-08-13 16:00:00.006,5e-05,0.44230000,Regular
LSKUSDT,2025-08-13 20:00:00.001,5e-05,0.44260000,Regular
LSKUSDT,2025-08-14 00:00:00.002,5e-05,0.44510000,Regular
LSKUSDT,2025-08-14 04:00:00.009,5e-05,0.44371553,Regular
LSKUSDT,2025-08-14 08:00:00.003,5e-05,0.43340000,Regular
LSKUSDT,2025-08-14 12:00:00.001,5e-05,0.42590000,Regular
LSKUSDT,2025-08-14 16:00:00.000,-0.00014418,0.40918950,Regular
LSKUSDT,2025-08-14 20:00:00.002,-2.085e-05,0.40258671,Regular
LSKUSDT,2025-08-15 00:00:00.000,5e-05,0.40476420,Regular
LSKUSDT,2025-08-15 04:00:00.000,5e-05,0.41336309,Regular
LSKUSDT,2025-08-15 08:00:00.000,5e-05,0.41353847,Regular
LSKUSDT,2025-08-15 12:00:00.001,5e-05,0.41320000,Regular
LSKUSDT,2025-08-15 16:00:00.000,5e-05,0.39679364,Regular
LSKUSDT,2025-08-15 20:00:00.007,5e-05,0.39953383,Regular
LSKUSDT,2025-08-16 00:00:00.004,5e-05,0.40700376,Regular
LSKUSDT,2025-08-16 04:00:00.000,5e-05,0.40530810,Regular
LSKUSDT,2025-08-16 08:00:00.000,5e-05,0.40680377,Regular
LSKUSDT,2025-08-16 12:00:00.004,2.17e-05,0.40347454,Regular
LSKUSDT,2025-08-16 16:00:00.002,5e-05,0.41280000,Regular
LSKUSDT,2025-08-16 20:00:00.006,5e-05,0.40870000,Regular
LSKUSDT,2025-08-17 00:00:00.000,5e-05,0.40990000,Regular
LSKUSDT,2025-08-17 04:00:00.000,5e-05,0.41300158,Regular
LSKUSDT,2025-08-17 08:00:00.001,5e-05,0.41550000,Regular
LSKUSDT,2025-08-17 12:00:00.002,5e-05,0.41688569,Regular
LSKUSDT,2025-08-17 16:00:00.007,5e-05,0.42133854,Regular
LSKUSDT,2025-08-17 20:00:00.001,5e-05,0.41000000,Regular
LSKUSDT,2025-08-18 00:00:00.000,5e-05,0.41014718,Regular
LSKUSDT,2025-08-18 04:00:00.010,5e-05,0.38922747,Regular
LSKUSDT,2025-08-18 08:00:00.001,5e-05,0.38211891,Regular
LSKUSDT,2025-08-18 12:00:00.002,5e-05,0.38760000,Regular
LSKUSDT,2025-08-18 16:00:00.002,-0.00011431,0.39222702,Regular
LSKUSDT,2025-08-18 20:00:00.007,5e-05,0.39479389,Regular
LSKUSDT,2025-08-19 00:00:00.000,5e-05,0.39480000,Regular
LSKUSDT,2025-08-19 04:00:00.000,5e-05,0.38682251,Regular
LSKUSDT,2025-08-19 08:00:00.001,5e-05,0.38736114,Regular
LSKUSDT,2025-08-19 12:00:00.001,5e-05,0.39630000,Regular
LSKUSDT,2025-08-19 16:00:00.000,5e-05,0.38602747,Regular
LSKUSDT,2025-08-19 20:00:00.000,5e-05,0.38032733,Regular
LSKUSDT,2025-08-20 00:00:00.000,-6.022e-05,0.37510000,Regular
LSKUSDT,2025-08-20 04:00:00.000,5e-05,0.37781726,Regular
LSKUSDT,2025-08-20 08:00:00.000,2.536e-05,0.37807090,Regular
LSKUSDT,2025-08-20 12:00:00.002,5e-05,0.37861608,Regular
LSKUSDT,2025-08-20 16:00:00.000,5e-05,0.38290000,Regular
LSKUSDT,2025-08-20 20:00:00.001,5e-05,0.38846456,Regular
LSKUSDT,2025-08-21 00:00:00.006,2.437e-05,0.38766250,Regular
LSKUSDT,2025-08-21 04:00:00.003,5e-05,0.38500000,Regular
LSKUSDT,2025-08-21 08:00:00.000,3.269e-05,0.38333594,Regular
LSKUSDT,2025-08-21 12:00:00.009,-2.907e-05,0.37920000,Regular
LSKUSDT,2025-08-21 16:00:00.003,4.926e-05,0.37585654,Regular
LSKUSDT,2025-08-21 20:00:00.000,-2.087e-05,0.37720165,Regular
LSKUSDT,2025-08-22 00:00:00.010,5e-05,0.37830386,Regular
LSKUSDT,2025-08-22 04:00:00.003,5e-05,0.37742783,Regular
LSKUSDT,2025-08-22 08:00:00.007,5e-05,0.38110454,Regular
LSKUSDT,2025-08-22 12:00:00.001,5e-05,0.37400024,Regular
LSKUSDT,2025-08-22 16:00:00.001,5e-05,0.39650000,Regular
LSKUSDT,2025-08-22 20:00:00.004,5e-05,0.40860342,Regular
LSKUSDT,2025-08-23 00:00:00.004,5e-05,0.41125850,Regular
LSKUSDT,2025-08-23 04:00:00.000,5e-05,0.40574358,Regular
LSKUSDT,2025-08-23 08:00:00.006,5e-05,0.40983559,Regular
LSKUSDT,2025-08-23 12:00:00.000,5e-05,0.40506314,Regular
LSKUSDT,2025-08-23 16:00:00.000,5e-05,0.40130671,Regular
LSKUSDT,2025-08-23 20:00:00.005,7.552e-05,0.40210000,Regular
LSKUSDT,2025-08-24 00:00:00.001,5e-05,0.40170849,Regular
LSKUSDT,2025-08-24 04:00:00.000,5e-05,0.39780000,Regular
LSKUSDT,2025-08-24 08:00:00.002,5e-05,0.39326112,Regular
LSKUSDT,2025-08-24 12:00:00.003,5e-05,0.39084119,Regular
LSKUSDT,2025-08-24 16:00:00.001,5e-05,0.38898646,Regular
LSKUSDT,2025-08-24 20:00:00.008,5e-05,0.39557091,Regular
LSKUSDT,2025-08-25 00:00:00.000,5e-05,0.39178211,Regular
LSKUSDT,2025-08-25 04:00:00.001,5e-05,0.39508610,Regular
LSKUSDT,2025-08-25 08:00:00.002,5e-05,0.38022302,Regular
LSKUSDT,2025-08-25 12:00:00.000,5e-05,0.38945830,Regular
LSKUSDT,2025-08-25 16:00:00.002,5e-05,0.38990750,Regular
LSKUSDT,2025-08-25 20:00:00.003,5e-05,0.37560000,Regular
LSKUSDT,2025-08-26 00:00:00.000,5e-05,0.37032207,Regular
LSKUSDT,2025-08-26 04:00:00.007,5e-05,0.37400000,Regular
LSKUSDT,2025-08-26 08:00:00.000,5e-05,0.37430000,Regular
LSKUSDT,2025-08-26 12:00:00.001,5e-05,0.37495023,Regular
LSKUSDT,2025-08-26 16:00:00.000,5e-05,0.37716180,Regular
LSKUSDT,2025-08-26 20:00:00.000,5e-05,0.38342199,Regular
LSKUSDT,2025-08-27 00:00:00.003,5e-05,0.38250000,Regular
LSKUSDT,2025-08-27 04:00:00.000,5e-05,0.38357310,Regular
LSKUSDT,2025-08-27 08:00:00.000,5e-05,0.38085432,Regular
LSKUSDT,2025-08-27 12:00:00.003,5e-05,0.38424805,Regular
LSKUSDT,2025-08-27 16:00:00.009,5e-05,0.38540000,Regular
LSKUSDT,2025-08-27 20:00:00.001,5e-05,0.38377876,Regular
LSKUSDT,2025-08-28 00:00:00.000,5e-05,0.38170070,Regular
LSKUSDT,2025-08-28 04:00:00.000,5e-05,0.38542010,Regular
LSKUSDT,2025-08-28 08:00:00.005,5e-05,0.38668511,Regular
LSKUSDT,2025-08-28 12:00:00.000,5e-05,0.38746500,Regular
LSKUSDT,2025-08-28 16:00:00.004,5e-05,0.38950000,Regular
LSKUSDT,2025-08-28 20:00:00.003,5e-05,0.38363401,Regular
LSKUSDT,2025-08-29 00:00:00.000,5e-05,0.39465610,Regular
LSKUSDT,2025-08-29 04:00:00.008,5e-05,0.39032003,Regular
LSKUSDT,2025-08-29 08:00:00.000,5e-05,0.37640000,Regular
LSKUSDT,2025-08-29 12:00:00.010,5e-05,0.37677543,Regular
LSKUSDT,2025-08-29 16:00:00.005,5e-05,0.37280000,Regular
LSKUSDT,2025-08-29 20:00:00.000,5e-05,0.37129624,Regular
LSKUSDT,2025-08-30 00:00:00.000,5e-05,0.37300000,Regular
LSKUSDT,2025-08-30 04:00:00.000,5e-05,0.37737021,Regular
LSKUSDT,2025-08-30 08:00:00.002,5e-05,0.37881271,Regular
LSKUSDT,2025-08-30 12:00:00.006,5e-05,0.37838693,Regular
LSKUSDT,2025-08-30 16:00:00.003,5e-05,0.37669434,Regular
LSKUSDT,2025-08-30 20:00:00.000,5e-05,0.37470457,Regular
LSKUSDT,2025-08-31 00:00:00.016,5e-05,0.37615092,Regular
LSKUSDT,2025-08-31 04:00:00.000,5e-05,0.38530000,Regular
LSKUSDT,2025-08-31 08:00:00.000,5e-05,0.38050000,Regular
LSKUSDT,2025-08-31 12:00:00.003,5e-05,0.37770000,Regular
LSKUSDT,2025-08-31 16:00:00.001,5e-05,0.37767206,Regular
LSKUSDT,2025-08-31 20:00:00.000,5e-05,0.37660000,Regular
LSKUSDT,2025-09-01 00:00:00.000,5e-05,0.36980000,Regular
LSKUSDT,2025-09-01 04:00:00.005,5e-05,0.36547612,Regular
LSKUSDT,2025-09-01 08:00:00.000,5e-05,0.37281910,Regular
LSKUSDT,2025-09-01 12:00:00.014,5e-05,0.36800000,Regular
LSKUSDT,2025-09-01 16:00:00.001,5e-05,0.36540072,Regular
LSKUSDT,2025-09-01 20:00:00.008,5e-05,0.36849599,Regular
LSKUSDT,2025-09-02 00:00:00.000,5e-05,0.36540000,Regular
LSKUSDT,2025-09-02 04:00:00.009,5e-05,0.37085955,Regular
LSKUSDT,2025-09-02 08:00:00.005,5e-05,0.36862178,Regular
LSKUSDT,2025-09-02 12:00:00.003,5e-05,0.36810000,Regular
LSKUSDT,2025-09-02 16:00:00.007,5e-05,0.36427487,Regular
LSKUSDT,2025-09-02 20:00:00.001,5e-05,0.36615394,Regular
LSKUSDT,2025-09-03 00:00:00.006,5e-05,0.37131427,Regular
LSKUSDT,2025-09-03 04:00:00.003,5e-05,0.37152293,Regular
LSKUSDT,2025-09-03 08:00:00.002,5e-05,0.36928072,Regular
LSKUSDT,2025-09-03 12:00:00.000,5e-05,0.37179908,Regular
LSKUSDT,2025-09-03 16:00:00.002,5e-05,0.37650000,Regular
LSKUSDT,2025-09-03 20:00:00.006,5e-05,0.37400000,Regular
LSKUSDT,2025-09-04 00:00:00.002,5e-05,0.37140305,Regular
LSKUSDT,2025-09-04 04:00:00.000,5e-05,0.36460000,Regular
LSKUSDT,2025-09-04 08:00:00.000,5e-05,0.36260000,Regular
LSKUSDT,2025-09-04 12:00:00.002,5e-05,0.36152684,Regular
LSKUSDT,2025-09-04 16:00:00.000,5e-05,0.35842482,Regular
LSKUSDT,2025-09-04 20:00:00.000,5e-05,0.35580000,Regular
LSKUSDT,2025-09-05 00:00:00.001,5e-05,0.35895140,Regular
LSKUSDT,2025-09-05 04:00:00.000,5e-05,0.36334545,Regular
LSKUSDT,2025-09-05 08:00:00.006,5e-05,0.36684922,Regular
LSKUSDT,2025-09-05 12:00:00.001,5e-05,0.36590000,Regular
LSKUSDT,2025-09-05 16:00:00.000,5e-05,0.36130000,Regular
LSKUSDT,2025-09-05 20:00:00.000,5e-05,0.36276562,Regular
LSKUSDT,2025-09-06 00:00:00.000,5e-05,0.36360000,Regular
LSKUSDT,2025-09-06 04:00:00.000,5e-05,0.36279089,Regular
LSKUSDT,2025-09-06 08:00:00.005,-6.806e-05,0.35910000,Regular
LSKUSDT,2025-09-06 12:00:00.000,-0.00020692,0.35948333,Regular
LSKUSDT,2025-09-06 16:00:00.000,-4.267e-05,0.35730000,Regular
LSKUSDT,2025-09-06 20:00:00.001,5e-05,0.35690000,Regular
LSKUSDT,2025-09-07 00:00:00.000,5e-05,0.35970000,Regular
LSKUSDT,2025-09-07 04:00:00.008,-1.1e-07,0.36360000,Regular
LSKUSDT,2025-09-07 08:00:00.000,1.626e-05,0.36239643,Regular
LSKUSDT,2025-09-07 12:00:00.000,-9.504e-05,0.36422394,Regular
LSKUSDT,2025-09-07 16:00:00.000,4.21e-05,0.36250000,Regular
LSKUSDT,2025-09-07 20:00:00.003,5e-05,0.35949795,Regular
LSKUSDT,2025-09-08 00:00:00.007,5e-05,0.36176229,Regular
LSKUSDT,2025-09-08 04:00:00.008,5e-05,0.36350000,Regular
LSKUSDT,2025-09-08 08:00:00.000,5e-05,0.36271307,Regular
LSKUSDT,2025-09-08 12:00:00.005,5e-05,0.36650000,Regular
LSKUSDT,2025-09-08 16:00:00.000,5e-05,0.37020000,Regular
LSKUSDT,2025-09-08 20:00:00.001,5e-05,0.36823320,Regular
LSKUSDT,2025-09-09 00:00:00.000,5e-05,0.36804956,Regular
LSKUSDT,2025-09-09 04:00:00.000,5e-05,0.37086445,Regular
LSKUSDT,2025-09-09 08:00:00.000,5e-05,0.37900000,Regular
LSKUSDT,2025-09-09 12:00:00.004,5e-05,0.37750000,Regular
LSKUSDT,2025-09-09 16:00:00.000,5e-05,0.36890000,Regular
LSKUSDT,2025-09-09 20:00:00.000,5e-05,0.37003685,Regular
LSKUSDT,2025-09-10 00:00:00.000,5e-05,0.37283596,Regular
LSKUSDT,2025-09-10 04:00:00.001,5e-05,0.37439830,Regular
LSKUSDT,2025-09-10 08:00:00.002,5e-05,0.37559664,Regular
LSKUSDT,2025-09-10 12:00:00.004,5e-05,0.37630000,Regular
LSKUSDT,2025-09-10 16:00:00.000,5e-05,0.37928461,Regular
LSKUSDT,2025-09-10 20:00:00.007,5e-05,0.37340728,Regular
LSKUSDT,2025-09-11 00:00:00.000,5e-05,0.37650000,Regular
LSKUSDT,2025-09-11 04:00:00.003,5e-05,0.37860000,Regular
LSKUSDT,2025-09-11 08:00:00.000,5e-05,0.37961218,Regular
LSKUSDT,2025-09-11 12:00:00.005,-0.00016434,0.37456610,Regular
LSKUSDT,2025-09-11 16:00:00.001,5e-05,0.37130000,Regular
LSKUSDT,2025-09-11 20:00:00.001,5e-05,0.37299971,Regular
LSKUSDT,2025-09-12 00:00:00.002,5e-05,0.37397500,Regular
LSKUSDT,2025-09-12 04:00:00.004,5e-05,0.37541744,Regular
LSKUSDT,2025-09-12 08:00:00.001,5e-05,0.37759804,Regular
LSKUSDT,2025-09-12 12:00:00.001,5e-05,0.37449220,Regular
LSKUSDT,2025-09-12 16:00:00.005,5e-05,0.37606775,Regular
LSKUSDT,2025-09-12 20:00:00.000,5e-05,0.38280000,Regular
LSKUSDT,2025-09-13 00:00:00.005,5e-05,0.38376886,Regular
LSKUSDT,2025-09-13 04:00:00.002,5e-05,0.38541988,Regular
LSKUSDT,2025-09-13 08:00:00.002,5e-05,0.38484507,Regular
LSKUSDT,2025-09-13 12:00:00.005,5e-05,0.38761102,Regular
LSKUSDT,2025-09-13 16:00:00.000,5e-05,0.38489576,Regular
LSKUSDT,2025-09-13 20:00:00.001,5e-05,0.38560000,Regular
LSKUSDT,2025-09-14 00:00:00.006,5e-05,0.38910927,Regular
LSKUSDT,2025-09-14 04:00:00.001,-0.00023371,0.38830000,Regular
LSKUSDT,2025-09-14 08:00:00.000,-0.00020167,0.38750000,Regular
LSKUSDT,2025-09-14 12:00:00.004,-0.00043445,0.38086701,Regular
LSKUSDT,2025-09-14 16:00:00.001,-7.413e-05,0.37590000,Regular
LSKUSDT,2025-09-14 20:00:00.000,5e-05,0.37710000,Regular
LSKUSDT,2025-09-15 00:00:00.006,-0.0001329,0.37504033,Regular
LSKUSDT,2025-09-15 04:00:00.000,5e-05,0.37834418,Regular
LSKUSDT,2025-09-15 08:00:00.002,5e-05,0.36980000,Regular
LSKUSDT,2025-09-15 12:00:00.003,-0.00023481,0.36442477,Regular
LSKUSDT,2025-09-15 16:00:00.001,-7.137e-05,0.35820000,Regular
LSKUSDT,2025-09-15 20:00:00.001,5e-05,0.35213413,Regular
LSKUSDT,2025-09-16 00:00:00.001,5e-05,0.35637261,Regular
LSKUSDT,2025-09-16 04:00:00.000,5e-05,0.35408341,Regular
LSKUSDT,2025-09-16 08:00:00.000,5e-05,0.35463769,Regular
LSKUSDT,2025-09-16 12:00:00.002,5e-05,0.35299549,Regular
LSKUSDT,2025-09-16 16:00:00.000,5e-05,0.35844447,Regular
LSKUSDT,2025-09-16 20:00:00.004,5e-05,0.36187778,Regular
LSKUSDT,2025-09-17 00:00:00.001,5e-05,0.36230000,Regular
LSKUSDT,2025-09-17 04:00:00.004,5e-05,0.35947561,Regular
LSKUSDT,2025-09-17 08:00:00.000,5e-05,0.36180000,Regular
LSKUSDT,2025-09-17 12:00:00.000,5e-05,0.35747497,Regular
LSKUSDT,2025-09-17 16:00:00.003,5e-05,0.35590000,Regular
LSKUSDT,2025-09-17 20:00:00.000,5e-05,0.36340000,Regular
LSKUSDT,2025-09-18 00:00:00.006,5e-05,0.36880516,Regular
LSKUSDT,2025-09-18 04:00:00.001,5e-05,0.37100000,Regular
LSKUSDT,2025-09-18 08:00:00.002,5e-05,0.36930000,Regular
LSKUSDT,2025-09-18 12:00:00.000,5e-05,0.36856000,Regular
LSKUSDT,2025-09-18 16:00:00.000,5e-05,0.37279952,Regular
LSKUSDT,2025-09-18 20:00:00.008,5e-05,0.37370000,Regular
LSKUSDT,2025-09-19 00:00:00.000,6.307e-05,0.37219848,Regular
LSKUSDT,2025-09-19 04:00:00.003,5e-05,0.36900000,Regular
LSKUSDT,2025-09-19 08:00:00.005,5e-05,0.36734689,Regular
LSKUSDT,2025-09-19 12:00:00.000,5e-05,0.36100000,Regular
LSKUSDT,2025-09-19 16:00:00.000,5e-05,0.35830000,Regular
LSKUSDT,2025-09-19 20:00:00.004,5e-05,0.35580000,Regular
LSKUSDT,2025-09-20 00:00:00.000,5e-05,0.35475000,Regular
LSKUSDT,2025-09-20 04:00:00.000,5e-05,0.35490000,Regular
LSKUSDT,2025-09-20 08:00:00.000,5e-05,0.35837260,Regular
LSKUSDT,2025-09-20 12:00:00.008,5e-05,0.35772458,Regular
LSKUSDT,2025-09-20 16:00:00.002,5e-05,0.36295997,Regular
LSKUSDT,2025-09-20 20:00:00.000,5e-05,0.35881111,Regular
LSKUSDT,2025-09-21 00:00:00.000,5e-05,0.35850000,Regular
LSKUSDT,2025-09-21 04:00:00.002,5e-05,0.35710952,Regular
LSKUSDT,2025-09-21 08:00:00.000,5e-05,0.35992650,Regular
LSKUSDT,2025-09-21 12:00:00.002,5e-05,0.35440174,Regular
LSKUSDT,2025-09-21 16:00:00.000,5e-05,0.35550000,Regular
LSKUSDT,2025-09-21 20:00:00.000,5e-05,0.35409023,Regular
LSKUSDT,2025-09-22 00:00:00.005,5e-05,0.35290000,Regular
LSKUSDT,2025-09-22 04:00:00.000,5e-05,0.34170000,Regular
LSKUSDT,2025-09-22 08:00:00.003,5e-05,0.32750000,Regular
LSKUSDT,2025-09-22 12:00:00.005,5e-05,0.32535339,Regular
LSKUSDT,2025-09-22 16:00:00.000,5e-05,0.32340000,Regular
LSKUSDT,2025-09-22 20:00:00.001,5e-05,0.31620655,Regular
LSKUSDT,2025-09-23 00:00:00.000,5e-05,0.32116365,Regular
LSKUSDT,2025-09-23 04:00:00.012,5e-05,0.31841078,Regular
LSKUSDT,2025-09-23 08:00:00.001,5e-05,0.31943769,Regular
LSKUSDT,2025-09-23 12:00:00.000,5e-05,0.32128104,Regular
LSKUSDT,2025-09-23 16:00:00.000,5e-05,0.32184667,Regular
LSKUSDT,2025-09-23 20:00:00.001,5e-05,0.31847660,Regular
LSKUSDT,2025-09-24 00:00:00.003,5e-05,0.32065036,Regular
LSKUSDT,2025-09-24 04:00:00.000,5e-05,0.31690000,Regular
LSKUSDT,2025-09-24 08:00:00.001,5e-05,0.32305481,Regular
LSKUSDT,2025-09-24 12:00:00.001,5e-05,0.32460000,Regular
LSKUSDT,2025-09-24 16:00:00.002,5e-05,0.32344665,Regular
LSKUSDT,2025-09-24 20:00:00.001,5e-05,0.32230694,Regular
LSKUSDT,2025-09-25 00:00:00.000,5e-05,0.31925081,Regular
LSKUSDT,2025-09-25 04:00:00.000,5e-05,0.31410000,Regular
LSKUSDT,2025-09-25 08:00:00.001,5e-05,0.30945752,Regular
LSKUSDT,2025-09-25 12:00:00.000,5e-05,0.30875001,Regular
LSKUSDT,2025-09-25 16:00:00.000,5e-05,0.30700000,Regular
LSKUSDT,2025-09-25 20:00:00.000,5e-05,0.30121638,Regular
LSKUSDT,2025-09-26 00:00:00.000,5e-05,0.29810000,Regular
LSKUSDT,2025-09-26 04:00:00.002,5e-05,0.30210000,Regular
LSKUSDT,2025-09-26 08:00:00.000,5e-05,0.30070000,Regular
LSKUSDT,2025-09-26 12:00:00.000,5e-05,0.30028934,Regular
LSKUSDT,2025-09-26 16:00:00.008,5e-05,0.30143538,Regular
LSKUSDT,2025-09-26 20:00:00.005,5e-05,0.30663219,Regular
LSKUSDT,2025-09-27 00:00:00.000,5e-05,0.30765000,Regular
LSKUSDT,2025-09-27 04:00:00.000,5e-05,0.30738957,Regular
LSKUSDT,2025-09-27 08:00:00.010,5e-05,0.30575000,Regular
LSKUSDT,2025-09-27 12:00:00.003,5e-05,0.30528433,Regular
LSKUSDT,2025-09-27 16:00:00.003,5e-05,0.30627056,Regular
LSKUSDT,2025-09-27 20:00:00.002,5e-05,0.30224425,Regular
LSKUSDT,2025-09-28 00:00:00.000,5e-05,0.30365000,Regular
LSKUSDT,2025-09-28 04:00:00.002,5e-05,0.30080000,Regular
LSKUSDT,2025-09-28 08:00:00.000,5e-05,0.29947408,Regular
LSKUSDT,2025-09-28 12:00:00.000,5e-05,0.29825000,Regular
LSKUSDT,2025-09-28 16:00:00.000,5e-05,0.30025091,Regular
LSKUSDT,2025-09-28 20:00:00.004,5e-05,0.30210000,Regular
LSKUSDT,2025-09-29 00:00:00.000,5e-05,0.30890000,Regular
LSKUSDT,2025-09-29 04:00:00.000,5e-05,0.30859300,Regular
LSKUSDT,2025-09-29 08:00:00.002,5e-05,0.30611166,Regular
LSKUSDT,2025-09-29 12:00:00.000,5e-05,0.30325747,Regular
LSKUSDT,2025-09-29 16:00:00.001,5e-05,0.30250000,Regular
LSKUSDT,2025-09-29 20:00:00.000,5e-05,0.30228666,Regular
LSKUSDT,2025-09-30 00:00:00.002,5e-05,0.30030000,Regular
LSKUSDT,2025-09-30 04:00:00.000,5e-05,0.29400000,Regular
LSKUSDT,2025-09-30 08:00:00.005,5e-05,0.29648183,Regular
LSKUSDT,2025-09-30 12:00:00.000,5e-05,0.29407774,Regular
LSKUSDT,2025-09-30 16:00:00.000,5e-05,0.28786342,Regular
LSKUSDT,2025-09-30 20:00:00.000,5e-05,0.29245619,Regular
LSKUSDT,2025-10-01 00:00:00.000,5e-05,0.29252633,Regular
LSKUSDT,2025-10-01 04:00:00.008,5e-05,0.28950000,Regular
LSKUSDT,2025-10-01 08:00:00.000,5e-05,0.29189957,Regular
LSKUSDT,2025-10-01 12:00:00.007,5e-05,0.30082232,Regular
LSKUSDT,2025-10-01 16:00:00.000,5e-05,0.30203711,Regular
LSKUSDT,2025-10-01 20:00:00.001,5e-05,0.30410000,Regular
LSKUSDT,2025-10-02 00:00:00.000,5e-05,0.30459687,Regular
LSKUSDT,2025-10-02 04:00:00.001,5e-05,0.30920000,Regular
LSKUSDT,2025-10-02 08:00:00.013,5e-05,0.31137649,Regular
LSKUSDT,2025-10-02 12:00:00.000,5e-05,0.31150000,Regular
LSKUSDT,2025-10-02 16:00:00.000,5e-05,0.30790000,Regular
LSKUSDT,2025-10-02 20:00:00.000,5e-05,0.31410000,Regular
LSKUSDT,2025-10-03 00:00:00.006,5e-05,0.31189142,Regular
LSKUSDT,2025-10-03 04:00:00.000,5e-05,0.30902662,Regular
LSKUSDT,2025-10-03 08:00:00.006,5e-05,0.30723907,Regular
LSKUSDT,2025-10-03 12:00:00.000,5e-05,0.30719832,Regular
LSKUSDT,2025-10-03 16:00:00.000,5e-05,0.31421686,Regular
LSKUSDT,2025-10-03 20:00:00.002,5e-05,0.31360000,Regular
LSKUSDT,2025-10-04 00:00:00.001,5e-05,0.31230000,Regular
LSKUSDT,2025-10-04 04:00:00.006,5e-05,0.30819667,Regular
LSKUSDT,2025-10-04 08:00:00.000,5e-05,0.30850000,Regular
LSKUSDT,2025-10-04 12:00:00.000,5e-05,0.30366972,Regular
LSKUSDT,2025-10-04 16:00:00.000,5e-05,0.30040000,Regular
LSKUSDT,2025-10-04 20:00:00.003,5e-05,0.30090236,Regular
LSKUSDT,2025-10-05 00:00:00.000,5e-05,0.30080000,Regular
LSKUSDT,2025-10-05 04:00:00.000,5e-05,0.30408404,Regular
LSKUSDT,2025-10-05 08:00:00.003,5e-05,0.31020000,Regular
LSKUSDT,2025-10-05 12:00:00.000,5e-05,0.30345493,Regular
LSKUSDT,2025-10-05 16:00:00.009,5e-05,0.30356506,Regular
LSKUSDT,2025-10-05 20:00:00.004,5e-05,0.29660000,Regular
LSKUSDT,2025-10-06 00:00:00.004,5e-05,0.29709833,Regular
LSKUSDT,2025-10-06 04:00:00.003,5e-05,0.29830000,Regular
LSKUSDT,2025-10-06 08:00:00.002,5e-05,0.29826947,Regular
LSKUSDT,2025-10-06 12:00:00.000,5e-05,0.30001133,Regular
LSKUSDT,2025-10-06 16:00:00.004,5e-05,0.30334989,Regular
LSKUSDT,2025-10-06 20:00:00.002,5e-05,0.30367580,Regular
LSKUSDT,2025-10-07 00:00:00.000,5e-05,0.30133654,Regular
LSKUSDT,2025-10-07 04:00:00.001,5e-05,0.30145052,Regular
LSKUSDT,2025-10-07 08:00:00.003,5e-05,0.29830000,Regular
LSKUSDT,2025-10-07 12:00:00.005,5e-05,0.30125020,Regular
LSKUSDT,2025-10-07 16:00:00.000,5e-05,0.28714688,Regular
LSKUSDT,2025-10-07 20:00:00.002,1.728e-05,0.28487812,Regular
LSKUSDT,2025-10-08 00:00:00.000,-0.00020221,0.28354960,Regular
LSKUSDT,2025-10-08 04:00:00.002,5e-05,0.28144223,Regular
LSKUSDT,2025-10-08 08:00:00.006,3.891e-05,0.28525656,Regular
LSKUSDT,2025-10-08 12:00:00.003,5e-05,0.28557318,Regular
LSKUSDT,2025-10-08 16:00:00.002,5e-05,0.28620000,Regular
LSKUSDT,2025-10-08 20:00:00.000,5e-05,0.29080000,Regular
LSKUSDT,2025-10-09 00:00:00.001,5e-05,0.28890000,Regular
LSKUSDT,2025-10-09 04:00:00.003,5e-05,0.28730000,Regular
LSKUSDT,2025-10-09 08:00:00.000,-0.00012696,0.28494986,Regular
LSKUSDT,2025-10-09 12:00:00.002,-7.701e-05,0.28191333,Regular
LSKUSDT,2025-10-09 16:00:00.000,-0.00014845,0.27854994,Regular
LSKUSDT,2025-10-09 20:00:00.010,5e-05,0.28313617,Regular
LSKUSDT,2025-10-10 00:00:00.005,5e-05,0.28440000,Regular
LSKUSDT,2025-10-10 04:00:00.001,5e-05,0.28460000,Regular
LSKUSDT,2025-10-10 08:00:00.002,5e-05,0.28020000,Regular
LSKUSDT,2025-10-10 12:00:00.004,5e-05,0.28520000,Regular
LSKUSDT,2025-10-10 16:00:00.014,5e-05,0.27207040,Regular
LSKUSDT,2025-10-10 20:00:00.003,5e-05,0.26509941,Regular
LSKUSDT,2025-10-11 00:00:00.000,-0.00041712,0.22363422,Regular
LSKUSDT,2025-10-11 04:00:00.000,5e-05,0.21940000,Regular
LSKUSDT,2025-10-11 08:00:00.003,5e-05,0.22062100,Regular
LSKUSDT,2025-10-11 12:00:00.003,5e-05,0.22950000,Regular
LSKUSDT,2025-10-11 16:00:00.000,5e-05,0.22853893,Regular
LSKUSDT,2025-10-11 20:00:00.001,5e-05,0.22050000,Regular
LSKUSDT,2025-10-12 00:00:00.004,0.00016617,0.22075192,Regular
LSKUSDT,2025-10-12 04:00:00.001,6.925e-05,0.22057941,Regular
LSKUSDT,2025-10-12 08:00:00.002,6.5e-05,0.22487121,Regular
LSKUSDT,2025-10-12 12:00:00.001,5e-05,0.22460000,Regular
LSKUSDT,2025-10-12 16:00:00.000,5e-05,0.23660000,Regular
LSKUSDT,2025-10-12 20:00:00.000,6.23e-05,0.24393230,Regular
LSKUSDT,2025-10-13 00:00:00.003,5e-05,0.24171697,Regular
LSKUSDT,2025-10-13 04:00:00.000,5e-05,0.24300000,Regular
LSKUSDT,2025-10-13 08:00:00.002,5e-05,0.24699846,Regular
LSKUSDT,2025-10-13 12:00:00.001,5e-05,0.24550000,Regular
LSKUSDT,2025-10-13 16:00:00.003,5e-05,0.24905127,Regular
LSKUSDT,2025-10-13 20:00:00.002,5e-05,0.25415543,Regular
LSKUSDT,2025-10-14 00:00:00.000,5e-05,0.25540000,Regular
LSKUSDT,2025-10-14 04:00:00.000,5e-05,0.24930000,Regular
LSKUSDT,2025-10-14 08:00:00.000,5e-05,0.23771318,Regular
LSKUSDT,2025-10-14 12:00:00.000,5e-05,0.23830868,Regular
LSKUSDT,2025-10-14 16:00:00.000,5e-05,0.24560830,Regular
LSKUSDT,2025-10-14 20:00:00.000,5e-05,0.24510926,Regular
LSKUSDT,2025-10-15 00:00:00.006,5e-05,0.24565039,Regular
LSKUSDT,2025-10-15 04:00:00.001,5e-05,0.24412649,Regular
LSKUSDT,2025-10-15 08:00:00.002,5e-05,0.24701288,Regular
LSKUSDT,2025-10-15 12:00:00.005,5e-05,0.24339667,Regular
LSKUSDT,2025-10-15 16:00:00.000,5e-05,0.23553744,Regular
LSKUSDT,2025-10-15 20:00:00.004,5e-05,0.23309108,Regular
LSKUSDT,2025-10-16 00:00:00.000,5e-05,0.23299170,Regular
LSKUSDT,2025-10-16 04:00:00.000,5e-05,0.23310000,Regular
LSKUSDT,2025-10-16 08:00:00.003,5e-05,0.23440000,Regular
LSKUSDT,2025-10-16 12:00:00.000,5e-05,0.23550000,Regular
LSKUSDT,2025-10-16 16:00:00.002,5e-05,0.22632730,Regular
LSKUSDT,2025-10-16 20:00:00.003,3.128e-05,0.22236862,Regular
LSKUSDT,2025-10-17 00:00:00.001,5e-05,0.22316068,Regular
LSKUSDT,2025-10-17 04:00:00.001,5e-05,0.22410000,Regular
LSKUSDT,2025-10-17 08:00:00.005,-0.00027178,0.20913356,Regular
LSKUSDT,2025-10-17 12:00:00.000,-0.00033636,0.21542922,Regular
LSKUSDT,2025-10-17 16:00:00.003,5e-05,0.21601084,Regular
LSKUSDT,2025-10-17 20:00:00.004,5e-05,0.21516273,Regular
LSKUSDT,2025-10-18 00:00:00.000,-2.394e-05,0.21585000,Regular
LSKUSDT,2025-10-18 04:00:00.000,5e-05,0.21984906,Regular
LSKUSDT,2025-10-18 08:00:00.002,5e-05,0.21860000,Regular
LSKUSDT,2025-10-18 12:00:00.007,-0.00014863,0.21876233,Regular
LSKUSDT,2025-10-18 16:00:00.001,2.619e-05,0.21479333,Regular
LSKUSDT,2025-10-18 20:00:00.000,6.216e-05,0.21738205,Regular
LSKUSDT,2025-10-19 00:00:00.001,5e-05,0.21700000,Regular
LSKUSDT,2025-10-19 04:00:00.000,5e-05,0.21820000,Regular
LSKUSDT,2025-10-19 08:00:00.001,3.382e-05,0.21475000,Regular
LSKUSDT,2025-10-19 12:00:00.000,5e-05,0.22151522,Regular
LSKUSDT,2025-10-19 16:00:00.001,5e-05,0.22358036,Regular
LSKUSDT,2025-10-19 20:00:00.000,5e-05,0.22330000,Regular
LSKUSDT,2025-10-20 00:00:00.004,5e-05,0.22054972,Regular
LSKUSDT,2025-10-20 04:00:00.000,5e-05,0.22570000,Regular
LSKUSDT,2025-10-20 08:00:00.001,5e-05,0.22740000,Regular
LSKUSDT,2025-10-20 12:00:00.000,5e-05,0.22740000,Regular
LSKUSDT,2025-10-20 16:00:00.000,5e-05,0.22371636,Regular
LSKUSDT,2025-10-20 20:00:00.000,5e-05,0.22338234,Regular
LSKUSDT,2025-10-21 00:00:00.009,5e-05,0.22278000,Regular
LSKUSDT,2025-10-21 04:00:00.003,-6.155e-05,0.21770000,Regular
LSKUSDT,2025-10-21 08:00:00.000,1.225e-05,0.21494724,Regular
LSKUSDT,2025-10-21 12:00:00.000,5e-05,0.21734930,Regular
LSKUSDT,2025-10-21 16:00:00.000,5e-05,0.23010000,Regular
LSKUSDT,2025-10-21 20:00:00.001,-9.06e-06,0.22645128,Regular
LSKUSDT,2025-10-22 00:00:00.004,-0.00011893,0.21550000,Regular
LSKUSDT,2025-10-22 04:00:00.000,5e-05,0.21516340,Regular
LSKUSDT,2025-10-22 08:00:00.000,5e-05,0.21550000,Regular
LSKUSDT,2025-10-22 12:00:00.000,5e-05,0.21450992,Regular
LSKUSDT,2025-10-22 16:00:00.000,5e-05,0.21503397,Regular
LSKUSDT,2025-10-22 20:00:00.004,5e-05,0.21143287,Regular
LSKUSDT,2025-10-23 00:00:00.000,5e-05,0.21010000,Regular
LSKUSDT,2025-10-23 04:00:00.000,5e-05,0.21030741,Regular
LSKUSDT,2025-10-23 08:00:00.001,5e-05,0.21487604,Regular
LSKUSDT,2025-10-23 12:00:00.000,5e-05,0.21114985,Regular
LSKUSDT,2025-10-23 16:00:00.004,5e-05,0.21397824,Regular
LSKUSDT,2025-10-23 20:00:00.000,5e-05,0.21330000,Regular
LSKUSDT,2025-10-24 00:00:00.000,5e-05,0.21308771,Regular
LSKUSDT,2025-10-24 04:00:00.002,5e-05,0.21330000,Regular
LSKUSDT,2025-10-24 08:00:00.000,5e-05,0.21500000,Regular
LSKUSDT,2025-10-24 12:00:00.002,5e-05,0.21400000,Regular
LSKUSDT,2025-10-24 16:00:00.009,5e-05,0.21215188,Regular
LSKUSDT,2025-10-24 20:00:00.000,5e-05,0.21458415,Regular
LSKUSDT,2025-10-25 00:00:00.000,5e-05,0.21594525,Regular
LSKUSDT,2025-10-25 04:00:00.000,5e-05,0.21210000,Regular
LSKUSDT,2025-10-25 08:00:00.001,4.98e-05,0.21265000,Regular
LSKUSDT,2025-10-25 12:00:00.000,5e-05,0.21268277,Regular
LSKUSDT,2025-10-25 16:00:00.001,5e-05,0.21410000,Regular
LSKUSDT,2025-10-25 20:00:00.002,5e-05,0.21555000,Regular
LSKUSDT,2025-10-26 00:00:00.001,4.368e-05,0.21430978,Regular
LSKUSDT,2025-10-26 04:00:00.000,-1.943e-05,0.21456034,Regular
LSKUSDT,2025-10-26 08:00:00.001,-0.00043585,0.21550000,Regular
LSKUSDT,2025-10-26 12:00:00.002,-3.111e-05,0.21818896,Regular
LSKUSDT,2025-10-26 16:00:00.000,5e-05,0.22000000,Regular
LSKUSDT,2025-10-26 20:00:00.000,-0.00012526,0.21885001,Regular
LSKUSDT,2025-10-27 00:00:00.000,5e-05,0.22120000,Regular
LSKUSDT,2025-10-27 04:00:00.000,5e-05,0.22260000,Regular
LSKUSDT,2025-10-27 08:00:00.005,5e-05,0.22217044,Regular
LSKUSDT,2025-10-27 12:00:00.003,5e-05,0.21960000,Regular
LSKUSDT,2025-10-27 16:00:00.000,2.615e-05,0.21882217,Regular
LSKUSDT,2025-10-27 20:00:00.001,5e-05,0.22045732,Regular
LSKUSDT,2025-10-28 00:00:00.000,-0.00015298,0.21640000,Regular
LSKUSDT,2025-10-28 04:00:00.004,-0.00022214,0.21604975,Regular
LSKUSDT,2025-10-28 08:00:00.000,4.016e-05,0.21705000,Regular
LSKUSDT,2025-10-28 12:00:00.000,-0.00058395,0.21710000,Regular
LSKUSDT,2025-10-28 16:00:00.004,5e-05,0.21740000,Regular
LSKUSDT,2025-10-28 20:00:00.004,5e-05,0.21320000,Regular
LSKUSDT,2025-10-29 00:00:00.004,-0.00032552,0.21070000,Regular
LSKUSDT,2025-10-29 04:00:00.005,5e-05,0.21116158,Regular
LSKUSDT,2025-10-29 08:00:00.005,5e-05,0.21182814,Regular
LSKUSDT,2025-10-29 12:00:00.011,5e-05,0.21320000,Regular
LSKUSDT,2025-10-29 16:00:00.000,-0.00026327,0.20998209,Regular
LSKUSDT,2025-10-29 20:00:00.008,5e-05,0.21315413,Regular
LSKUSDT,2025-10-30 00:00:00.004,-0.00017558,0.21143294,Regular
LSKUSDT,2025-10-30 04:00:00.001,5e-05,0.21201722,Regular
LSKUSDT,2025-10-30 08:00:00.008,5e-05,0.21188935,Regular
LSKUSDT,2025-10-30 12:00:00.006,5e-05,0.20720574,Regular
LSKUSDT,2025-10-30 16:00:00.001,-0.00026188,0.19869363,Regular
LSKUSDT,2025-10-30 20:00:00.000,-8.848e-05,0.19393645,Regular
LSKUSDT,2025-10-31 00:00:00.000,-0.00029307,0.19890000,Regular
LSKUSDT,2025-10-31 04:00:00.000,-0.00015687,0.20016080,Regular
LSKUSDT,2025-10-31 08:00:00.008,-9.812e-05,0.19884979,Regular
LSKUSDT,2025-10-31 12:00:00.008,5e-05,0.20170000,Regular
LSKUSDT,2025-10-31 16:00:00.007,5e-05,0.20185024,Regular
LSKUSDT,2025-10-31 20:00:00.001,5e-05,0.20222375,Regular
LSKUSDT,2025-11-01 00:00:00.001,5e-05,0.20095000,Regular
LSKUSDT,2025-11-01 04:00:00.000,5e-05,0.20335033,Regular
LSKUSDT,2025-11-01 08:00:00.000,5e-05,0.20560000,Regular
LSKUSDT,2025-11-01 12:00:00.000,-7.78e-06,0.20630000,Regular
LSKUSDT,2025-11-01 16:00:00.000,5e-05,0.20759343,Regular
LSKUSDT,2025-11-01 20:00:00.003,5e-05,0.20860000,Regular
LSKUSDT,2025-11-02 00:00:00.007,5e-05,0.20940000,Regular
LSKUSDT,2025-11-02 04:00:00.002,5e-05,0.20655003,Regular
LSKUSDT,2025-11-02 08:00:00.000,5e-05,0.21173949,Regular
LSKUSDT,2025-11-02 12:00:00.001,5e-05,0.21114999,Regular
LSKUSDT,2025-11-02 16:00:00.001,5e-05,0.20669961,Regular
LSKUSDT,2025-11-02 20:00:00.001,5e-05,0.20702814,Regular
LSKUSDT,2025-11-03 00:00:00.000,5e-05,0.21130000,Regular
LSKUSDT,2025-11-03 04:00:00.003,-0.00018781,0.19686736,Regular
LSKUSDT,2025-11-03 08:00:00.010,5e-05,0.19540000,Regular
LSKUSDT,2025-11-03 12:00:00.002,-2.476e-05,0.19431673,Regular
LSKUSDT,2025-11-03 16:00:00.000,5e-05,0.18430263,Regular
LSKUSDT,2025-11-03 20:00:00.008,-4.913e-05,0.18590000,Regular
LSKUSDT,2025-11-04 00:00:00.002,5e-05,0.18630000,Regular
LSKUSDT,2025-11-04 04:00:00.000,5e-05,0.18952034,Regular
LSKUSDT,2025-11-04 08:00:00.004,5e-05,0.18183413,Regular
LSKUSDT,2025-11-04 12:00:00.000,5e-05,0.18413792,Regular
LSKUSDT,2025-11-04 16:00:00.000,5e-05,0.18423433,Regular
LSKUSDT,2025-11-04 20:00:00.001,-9.102e-05,0.17580000,Regular
LSKUSDT,2025-11-05 00:00:00.000,5e-05,0.17655102,Regular
LSKUSDT,2025-11-05 04:00:00.005,5e-05,0.17770000,Regular
LSKUSDT,2025-11-05 08:00:00.000,5e-05,0.17823303,Regular
LSKUSDT,2025-11-05 12:00:00.000,2.342e-05,0.17840000,Regular
LSKUSDT,2025-11-05 16:00:00.004,2.612e-05,0.17955042,Regular
LSKUSDT,2025-11-05 20:00:00.001,5e-05,0.18120000,Regular
LSKUSDT,2025-11-06 00:00:00.001,-7.642e-05,0.18125009,Regular
LSKUSDT,2025-11-06 04:00:00.009,5e-05,0.18230000,Regular
LSKUSDT,2025-11-06 08:00:00.000,1.85e-06,0.18000000,Regular
LSKUSDT,2025-11-06 12:00:00.001,5e-05,0.18044390,Regular
LSKUSDT,2025-11-06 16:00:00.001,5e-05,0.17810000,Regular
LSKUSDT,2025-11-06 20:00:00.006,5e-05,0.18464939,Regular
LSKUSDT,2025-11-07 00:00:00.005,5e-05,0.18335411,Regular
LSKUSDT,2025-11-07 04:00:00.000,5e-05,0.19021860,Regular
LSKUSDT,2025-11-07 08:00:00.003,5e-05,0.19366037,Regular
LSKUSDT,2025-11-07 12:00:00.005,5e-05,0.18750000,Regular
LSKUSDT,2025-11-07 16:00:00.005,5e-05,0.19340000,Regular
LSKUSDT,2025-11-07 20:00:00.000,5e-05,0.20710000,Regular
LSKUSDT,2025-11-08 00:00:00.011,5e-05,0.20489172,Regular
LSKUSDT,2025-11-08 04:00:00.001,5e-05,0.20424382,Regular
LSKUSDT,2025-11-08 08:00:00.015,5e-05,0.20233889,Regular
LSKUSDT,2025-11-08 12:00:00.000,5e-05,0.20331888,Regular
LSKUSDT,2025-11-08 16:00:00.001,5e-05,0.20240000,Regular
LSKUSDT,2025-11-08 20:00:00.006,5e-05,0.20670000,Regular
LSKUSDT,2025-11-09 00:00:00.004,2.906e-05,0.20540000,Regular
LSKUSDT,2025-11-09 04:00:00.000,-0.00011912,0.19812612,Regular
LSKUSDT,2025-11-09 08:00:00.000,5e-05,0.20210000,Regular
LSKUSDT,2025-11-09 12:00:00.000,4.059e-05,0.20295274,Regular
LSKUSDT,2025-11-09 16:00:00.005,5e-05,0.20720000,Regular
LSKUSDT,2025-11-09 20:00:00.010,5e-05,0.20845339,Regular
LSKUSDT,2025-11-10 00:00:00.000,5e-05,0.20526147,Regular
LSKUSDT,2025-11-10 04:00:00.005,5e-05,0.20651414,Regular
LSKUSDT,2025-11-10 08:00:00.000,-2.662e-05,0.20539212,Regular
LSKUSDT,2025-11-10 12:00:00.003,5e-05,0.20694964,Regular
LSKUSDT,2025-11-10 16:00:00.003,5e-05,0.20379383,Regular
LSKUSDT,2025-11-10 20:00:00.000,5e-05,0.20510000,Regular
LSKUSDT,2025-11-11 00:00:00.007,5e-05,0.20487863,Regular
LSKUSDT,2025-11-11 04:00:00.003,-0.00174218,0.23570000,Regular
LSKUSDT,2025-11-11 08:00:00.000,-0.02,0.32126951,Regular
LSKUSDT,2025-11-11 09:00:00.005,-0.01610576,0.34920000,Regular
LSKUSDT,2025-11-11 10:00:00.000,-0.00826992,0.31860000,Regular
LSKUSDT,2025-11-11 11:00:00.006,-0.00477359,0.33980000,Regular
LSKUSDT,2025-11-11 12:00:00.002,-0.00217837,0.31784685,Regular
LSKUSDT,2025-11-11 13:00:00.001,-0.00218806,0.30312383,Regular
LSKUSDT,2025-11-11 14:00:00.000,-0.00190553,0.30130000,Regular
LSKUSDT,2025-11-11 15:00:00.000,-0.00096317,0.29090000,Regular
LSKUSDT,2025-11-11 16:00:00.009,-0.00068825,0.29730000,Regular
LSKUSDT,2025-11-11 17:00:00.005,-0.00643329,0.34753694,Regular
LSKUSDT,2025-11-11 18:00:00.000,-0.00474145,0.33174708,Regular
LSKUSDT,2025-11-11 19:00:00.000,-0.00116217,0.31480000,Regular
LSKUSDT,2025-11-11 20:00:00.000,-0.0004169,0.30601081,Regular
LSKUSDT,2025-11-11 21:00:00.008,-0.00211848,0.32320000,Regular
LSKUSDT,2025-11-11 22:00:00.000,-0.00280194,0.33017785,Regular
LSKUSDT,2025-11-11 23:00:00.008,-0.00272616,0.32100000,Regular
LSKUSDT,2025-11-12 00:00:00.000,-0.00129908,0.33142200,Regular
LSKUSDT,2025-11-12 01:00:00.006,-0.00332814,0.31657341,Regular
LSKUSDT,2025-11-12 02:00:00.000,-0.00279229,0.32626137,Regular
LSKUSDT,2025-11-12 03:00:00.008,-0.00232667,0.32423309,Regular
LSKUSDT,2025-11-12 04:00:00.000,-0.00205127,0.33810000,Regular
LSKUSDT,2025-11-12 05:00:00.007,-0.00140688,0.33754048,Regular
LSKUSDT,2025-11-12 06:00:00.000,-0.00176298,0.39160000,Regular
LSKUSDT,2025-11-12 07:00:00.010,-0.00374981,0.39760000,Regular
LSKUSDT,2025-11-12 08:00:00.002,-0.00321621,0.38020117,Regular
LSKUSDT,2025-11-12 09:00:00.001,-0.00223081,0.33860077,Regular
LSKUSDT,2025-11-12 10:00:00.000,-0.00139455,0.34460000,Regular
LSKUSDT,2025-11-12 11:00:00.000,-0.00113323,0.33816248,Regular
LSKUSDT,2025-11-12 12:00:00.000,-0.00135571,0.31732967,Regular
LSKUSDT,2025-11-12 13:00:00.007,-0.00172532,0.32570000,Regular
LSKUSDT,2025-11-12 14:00:00.000,-0.00339858,0.32418640,Regular
LSKUSDT,2025-11-12 15:00:00.005,-0.00185337,0.31670000,Regular
LSKUSDT,2025-11-12 16:00:00.000,-0.00198899,0.30558748,Regular
LSKUSDT,2025-11-12 17:00:00.001,-0.00119319,0.29905140,Regular
LSKUSDT,2025-11-12 18:00:00.000,-0.00087551,0.29667177,Regular
LSKUSDT,2025-11-12 19:00:00.008,-0.000792,0.28893032,Regular
LSKUSDT,2025-11-12 20:00:00.001,-0.00082942,0.28540000,Regular
LSKUSDT,2025-11-12 21:00:00.001,-0.00065203,0.28380000,Regular
LSKUSDT,2025-11-12 22:00:00.004,-0.00068361,0.28196251,Regular
LSKUSDT,2025-11-12 23:00:00.005,-0.00090605,0.27110000,Regular
LSKUSDT,2025-11-13 00:00:00.002,-0.00107751,0.27039474,Regular
LSKUSDT,2025-11-13 01:00:00.010,-0.00079327,0.25650000,Regular
LSKUSDT,2025-11-13 02:00:00.005,-0.00063802,0.25455658,Regular
LSKUSDT,2025-11-13 03:00:00.005,-0.00056465,0.25500000,Regular
LSKUSDT,2025-11-13 04:00:00.000,-0.00054431,0.25877389,Regular
LSKUSDT,2025-11-13 05:00:00.000,-0.00065546,0.26025674,Regular
LSKUSDT,2025-11-13 06:00:00.002,-0.00077532,0.25820000,Regular
LSKUSDT,2025-11-13 07:00:00.001,-0.00078138,0.25470000,Regular
LSKUSDT,2025-11-13 08:00:00.000,-0.00091737,0.25310000,Regular
LSKUSDT,2025-11-13 09:00:00.000,-0.00077243,0.25738639,Regular
LSKUSDT,2025-11-13 10:00:00.007,-0.0008408,0.25257865,Regular
LSKUSDT,2025-11-13 11:00:00.000,-0.00087814,0.25340000,Regular
LSKUSDT,2025-11-13 12:00:00.001,-0.00083922,0.25593993,Regular
LSKUSDT,2025-11-13 13:00:00.000,-0.00123513,0.25283997,Regular
LSKUSDT,2025-11-13 14:00:00.000,-0.00107701,0.25309024,Regular
LSKUSDT,2025-11-13 15:00:00.000,-0.000906,0.25400601,Regular
LSKUSDT,2025-11-13 16:00:00.001,-0.00110988,0.24290000,Regular
LSKUSDT,2025-11-13 17:00:00.000,-0.00050755,0.23820000,Regular
LSKUSDT,2025-11-13 18:00:00.000,-0.00022401,0.23380000,Regular
LSKUSDT,2025-11-13 19:00:00.000,-8.294e-05,0.23517709,Regular
LSKUSDT,2025-11-13 20:00:00.004,-0.00011891,0.23116390,Regular
LSKUSDT,2025-11-13 21:00:00.000,-9.267e-05,0.22940000,Regular
LSKUSDT,2025-11-13 22:00:00.001,-9.467e-05,0.22904304,Regular
LSKUSDT,2025-11-13 23:00:00.005,-0.0001722,0.23200000,Regular
LSKUSDT,2025-11-14 00:00:00.000,-0.00011551,0.23565384,Regular
LSKUSDT,2025-11-14 01:00:00.006,-0.001189,0.27276119,Regular
LSKUSDT,2025-11-14 02:00:00.011,-0.00252768,0.26774820,Regular
LSKUSDT,2025-11-14 03:00:00.004,-0.00111514,0.27190000,Regular
LSKUSDT,2025-11-14 04:00:00.000,-0.00155831,0.27480000,Regular
LSKUSDT,2025-11-14 05:00:00.007,-0.00313677,0.28650000,Regular
LSKUSDT,2025-11-14 06:00:00.000,-0.00463626,0.29250000,Regular
LSKUSDT,2025-11-14 07:00:00.002,-0.00509606,0.31521822,Regular
LSKUSDT,2025-11-14 08:00:00.000,-0.00392665,0.31510000,Regular
LSKUSDT,2025-11-14 09:00:00.006,-0.00428751,0.30350000,Regular
LSKUSDT,2025-11-14 10:00:00.001,-0.00274465,0.28730000,Regular
LSKUSDT,2025-11-14 11:00:00.000,-0.00227832,0.28416536,Regular
LSKUSDT,2025-11-14 12:00:00.001,-0.00170752,0.28720000,Regular
LSKUSDT,2025-11-14 13:00:00.000,-0.00249055,0.29750000,Regular
LSKUSDT,2025-11-14 14:00:00.007,-0.0021468,0.29280000,Regular
LSKUSDT,2025-11-14 15:00:00.000,-0.0012824,0.27582390,Regular
LSKUSDT,2025-11-14 16:00:00.001,-0.0007839,0.26670000,Regular
LSKUSDT,2025-11-14 17:00:00.000,-0.00089535,0.28060000,Regular
LSKUSDT,2025-11-14 18:00:00.001,-0.00112038,0.28580000,Regular
LSKUSDT,2025-11-14 19:00:00.002,-0.00142193,0.28440000,Regular
LSKUSDT,2025-11-14 20:00:00.000,-0.00104512,0.28797607,Regular
LSKUSDT,2025-11-14 21:00:00.000,-0.00063878,0.28420000,Regular
LSKUSDT,2025-11-14 22:00:00.000,-0.00066214,0.27735516,Regular
LSKUSDT,2025-11-14 23:00:00.000,-0.00064058,0.27140000,Regular
LSKUSDT,2025-11-15 00:00:00.005,-0.00061341,0.26597170,Regular
LSKUSDT,2025-11-15 01:00:00.005,-0.00209576,0.28170000,Regular
LSKUSDT,2025-11-15 02:00:00.002,-0.00375944,0.28460000,Regular
LSKUSDT,2025-11-15 03:00:00.007,-0.00215786,0.29050000,Regular
LSKUSDT,2025-11-15 04:00:00.015,-0.00241238,0.29390329,Regular
LSKUSDT,2025-11-15 05:00:00.001,-0.00246659,0.29430000,Regular
LSKUSDT,2025-11-15 06:00:00.002,-0.00147771,0.28770000,Regular
LSKUSDT,2025-11-15 07:00:00.015,-0.00130018,0.29146399,Regular
LSKUSDT,2025-11-15 08:00:00.000,-0.00108397,0.29382973,Regular
LSKUSDT,2025-11-15 09:00:00.001,-0.00140298,0.29043186,Regular
LSKUSDT,2025-11-15 10:00:00.009,-0.00109636,0.28270000,Regular
LSKUSDT,2025-11-15 11:00:00.001,-0.00109846,0.28173528,Regular
LSKUSDT,2025-11-15 12:00:00.008,-0.00124419,0.27720000,Regular
LSKUSDT,2025-11-15 13:00:00.008,-0.00130884,0.27580000,Regular
LSKUSDT,2025-11-15 14:00:00.000,-0.00111402,0.27166788,Regular
LSKUSDT,2025-11-15 15:00:00.003,-0.00123629,0.26980000,Regular
LSKUSDT,2025-11-15 16:00:00.001,-0.00122802,0.26650000,Regular
LSKUSDT,2025-11-15 17:00:00.000,-0.00107195,0.26520000,Regular
LSKUSDT,2025-11-15 18:00:00.000,-0.00088277,0.26630000,Regular
LSKUSDT,2025-11-15 19:00:00.000,-0.00080261,0.26770000,Regular
LSKUSDT,2025-11-15 20:00:00.003,-0.00069761,0.26850000,Regular
LSKUSDT,2025-11-15 21:00:00.000,-0.00061762,0.26499320,Regular
LSKUSDT,2025-11-15 22:00:00.000,-0.00077137,0.26252578,Regular
LSKUSDT,2025-11-15 23:00:00.002,-0.00072355,0.25920000,Regular
LSKUSDT,2025-11-16 00:00:00.001,-0.00099607,0.27130000,Regular
LSKUSDT,2025-11-16 01:00:00.012,-0.00115084,0.26185840,Regular
LSKUSDT,2025-11-16 02:00:00.000,-0.00106052,0.25899170,Regular
LSKUSDT,2025-11-16 03:00:00.011,-0.00084175,0.26260000,Regular
LSKUSDT,2025-11-16 04:00:00.003,-0.00093854,0.26308530,Regular
LSKUSDT,2025-11-16 05:00:00.005,-0.00096479,0.26150000,Regular
LSKUSDT,2025-11-16 06:00:00.000,-0.00094056,0.25990000,Regular
LSKUSDT,2025-11-16 07:00:00.000,-0.00092766,0.25730000,Regular
LSKUSDT,2025-11-16 08:00:00.000,-0.00053867,0.25695845,Regular
LSKUSDT,2025-11-16 09:00:00.003,-0.00050347,0.25428966,Regular
LSKUSDT,2025-11-16 10:00:00.000,-0.00051878,0.25675062,Regular
LSKUSDT,2025-11-16 11:00:00.000,-0.00050316,0.25640000,Regular
LSKUSDT,2025-11-16 12:00:00.003,-0.00042509,0.24882769,Regular
LSKUSDT,2025-11-16 13:00:00.005,-0.0003942,0.24860000,Regular
LSKUSDT,2025-11-16 14:00:00.009,-0.00032675,0.24940000,Regular
LSKUSDT,2025-11-16 15:00:00.003,-0.00028629,0.24936674,Regular
LSKUSDT,2025-11-16 16:00:00.000,-0.00037715,0.24809063,Regular
LSKUSDT,2025-11-16 17:00:00.000,-0.00030119,0.24210000,Regular
LSKUSDT,2025-11-16 18:00:00.005,-0.00017038,0.24456617,Regular
LSKUSDT,2025-11-16 19:00:00.000,-0.00018871,0.24127632,Regular
LSKUSDT,2025-11-16 20:00:00.000,-0.00015531,0.24105513,Regular
LSKUSDT,2025-11-16 21:00:00.002,-0.00011174,0.24300000,Regular
LSKUSDT,2025-11-16 22:00:00.003,-0.00011312,0.24210000,Regular
LSKUSDT,2025-11-16 23:00:00.005,-0.00012902,0.24727631,Regular
LSKUSDT,2025-11-17 00:00:00.003,-0.00031232,0.24880000,Regular
LSKUSDT,2025-11-17 01:00:00.000,-0.00079346,0.24557247,Regular
LSKUSDT,2025-11-17 02:00:00.000,-0.00064455,0.24830000,Regular
LSKUSDT,2025-11-17 03:00:00.001,-0.00037091,0.25170000,Regular
LSKUSDT,2025-11-17 04:00:00.001,-0.00026927,0.24610000,Regular
LSKUSDT,2025-11-17 05:00:00.003,-0.00014644,0.24310000,Regular
LSKUSDT,2025-11-17 06:00:00.000,-9.908e-05,0.23830000,Regular
LSKUSDT,2025-11-17 07:00:00.010,-6.844e-05,0.23810937,Regular
LSKUSDT,2025-11-17 08:00:00.003,-0.00015556,0.24830510,Regular
LSKUSDT,2025-11-17 09:00:00.000,-0.00032206,0.25130000,Regular
LSKUSDT,2025-11-17 10:00:00.000,-0.00042155,0.25351999,Regular
LSKUSDT,2025-11-17 11:00:00.001,-0.00028563,0.24970000,Regular
LSKUSDT,2025-11-17 12:00:00.000,-0.00024886,0.24940000,Regular
LSKUSDT,2025-11-17 13:00:00.006,-0.00022623,0.25890000,Regular
LSKUSDT,2025-11-17 14:00:00.000,-0.00056213,0.24640000,Regular
LSKUSDT,2025-11-17 15:00:00.000,-0.00046682,0.25037282,Regular
LSKUSDT,2025-11-17 16:00:00.000,-0.00042844,0.24580000,Regular
LSKUSDT,2025-11-17 17:00:00.000,-0.0003579,0.24800000,Regular
LSKUSDT,2025-11-17 18:00:00.005,-0.00033687,0.24475962,Regular
LSKUSDT,2025-11-17 19:00:00.005,-0.00025857,0.23990000,Regular
LSKUSDT,2025-11-17 20:00:00.003,-0.00016112,0.23950000,Regular
LSKUSDT,2025-11-17 21:00:00.000,-0.00013509,0.23640000,Regular
LSKUSDT,2025-11-17 22:00:00.000,-0.00017917,0.23540000,Regular
LSKUSDT,2025-11-17 23:00:00.003,-0.00015512,0.23480000,Regular
LSKUSDT,2025-11-18 00:00:00.002,-0.00019854,0.24070000,Regular
LSKUSDT,2025-11-18 01:00:00.000,-0.00024926,0.23749504,Regular
LSKUSDT,2025-11-18 02:00:00.002,-0.00013615,0.23442085,Regular
LSKUSDT,2025-11-18 03:00:00.005,-0.00010688,0.22948290,Regular
LSKUSDT,2025-11-18 04:00:00.000,-5.861e-05,0.23382490,Regular
LSKUSDT,2025-11-18 05:00:00.001,-8.534e-05,0.23523672,Regular
LSKUSDT,2025-11-18 06:00:00.003,-9.894e-05,0.23210000,Regular
LSKUSDT,2025-11-18 07:00:00.000,-0.0002222,0.22830000,Regular
LSKUSDT,2025-11-18 08:00:00.004,-5.809e-05,0.22820000,Regular
LSKUSDT,2025-11-18 09:00:00.002,-6.458e-05,0.22793853,Regular
LSKUSDT,2025-11-18 10:00:00.005,-4.154e-05,0.22693342,Regular
LSKUSDT,2025-11-18 11:00:00.003,-3.964e-05,0.22643310,Regular
LSKUSDT,2025-11-18 12:00:00.000,-3.04e-05,0.22640000,Regular
LSKUSDT,2025-11-18 13:00:00.003,-6.641e-05,0.22649554,Regular
LSKUSDT,2025-11-18 14:00:00.007,-8.527e-05,0.22490000,Regular
LSKUSDT,2025-11-18 15:00:00.003,-3.734e-05,0.22435585,Regular
LSKUSDT,2025-11-18 16:00:00.000,-2.685e-05,0.23090937,Regular
LSKUSDT,2025-11-18 17:00:00.001,-5.186e-05,0.23450000,Regular
LSKUSDT,2025-11-18 18:00:00.001,-2.304e-05,0.23380234,Regular
LSKUSDT,2025-11-18 19:00:00.000,1.25e-05,0.23290000,Regular
LSKUSDT,2025-11-18 20:00:00.002,1.25e-05,0.23294206,Regular
LSKUSDT,2025-11-18 21:00:00.000,1.25e-05,0.23286915,Regular
LSKUSDT,2025-11-18 22:00:00.010,-2.808e-05,0.22984954,Regular
LSKUSDT,2025-11-18 23:00:00.005,1.25e-05,0.23523351,Regular
LSKUSDT,2025-11-19 00:00:00.000,1.25e-05,0.23608089,Regular
LSKUSDT,2025-11-19 01:00:00.000,-9.776e-05,0.23433189,Regular
LSKUSDT,2025-11-19 02:00:00.002,-3.332e-05,0.23140637,Regular
LSKUSDT,2025-11-19 03:00:00.004,-5.294e-05,0.23140000,Regular
LSKUSDT,2025-11-19 04:00:00.000,-3.8e-06,0.22742825,Regular
LSKUSDT,2025-11-19 05:00:00.007,-3.37e-05,0.22694771,Regular
LSKUSDT,2025-11-19 06:00:00.000,-4.11e-06,0.22120000,Regular
LSKUSDT,2025-11-19 07:00:00.013,1.25e-05,0.22347042,Regular
LSKUSDT,2025-11-19 08:00:00.000,-1.909e-05,0.22371662,Regular
LSKUSDT,2025-11-19 09:00:00.000,-1.39e-05,0.22100198,Regular
LSKUSDT,2025-11-19 10:00:00.006,1.25e-05,0.22220000,Regular
LSKUSDT,2025-11-19 11:00:00.000,1.25e-05,0.22205003,Regular
LSKUSDT,2025-11-19 12:00:00.000,1.25e-05,0.22216941,Regular
LSKUSDT,2025-11-19 13:00:00.002,1.25e-05,0.22265002,Regular
LSKUSDT,2025-11-19 14:00:00.005,-3.148e-05,0.21910000,Regular
LSKUSDT,2025-11-19 15:00:00.003,1.25e-05,0.21937346,Regular
LSKUSDT,2025-11-19 16:00:00.008,-5.15e-06,0.21550000,Regular
LSKUSDT,2025-11-19 17:00:00.007,-5.759e-05,0.21096509,Regular
LSKUSDT,2025-11-19 18:00:00.003,1.25e-05,0.21080000,Regular
LSKUSDT,2025-11-19 19:00:00.004,1.25e-05,0.21080000,Regular
LSKUSDT,2025-11-19 20:00:00.000,1.25e-05,0.20950000,Regular
LSKUSDT,2025-11-19 21:00:00.007,1.25e-05,0.21321644,Regular
LSKUSDT,2025-11-19 22:00:00.003,1.25e-05,0.21752120,Regular
LSKUSDT,2025-11-19 23:00:00.002,1.25e-05,0.21680000,Regular
LSKUSDT,2025-11-20 00:00:00.000,1.25e-05,0.21598112,Regular
LSKUSDT,2025-11-20 01:00:00.000,-1.298e-05,0.21430000,Regular
LSKUSDT,2025-11-20 02:00:00.008,1.25e-05,0.21330000,Regular
LSKUSDT,2025-11-20 03:00:00.008,1.25e-05,0.21536806,Regular
LSKUSDT,2025-11-20 04:00:00.006,1.25e-05,0.21440000,Regular
LSKUSDT,2025-11-20 05:00:00.007,1.25e-05,0.21600000,Regular
LSKUSDT,2025-11-20 06:00:00.003,-2.35e-05,0.21424985,Regular
LSKUSDT,2025-11-20 07:00:00.000,2.42e-06,0.21420000,Regular
LSKUSDT,2025-11-20 08:00:00.000,-6.41e-06,0.21520000,Regular
LSKUSDT,2025-11-20 09:00:00.000,-3.091e-05,0.21340000,Regular
LSKUSDT,2025-11-20 10:00:00.000,-1.132e-05,0.21225097,Regular
LSKUSDT,2025-11-20 11:00:00.000,3.78e-06,0.21120000,Regular
LSKUSDT,2025-11-20 12:00:00.003,4.66e-06,0.21170000,Regular
LSKUSDT,2025-11-20 13:00:00.002,1.25e-05,0.21496738,Regular
LSKUSDT,2025-11-20 14:00:00.000,-8.674e-05,0.21260000,Regular
LSKUSDT,2025-11-20 15:00:00.000,1.143e-05,0.21308048,Regular
LSKUSDT,2025-11-20 16:00:00.000,-9.65e-06,0.20850000,Regular
LSKUSDT,2025-11-20 17:00:00.004,-3.059e-05,0.20108513,Regular
LSKUSDT,2025-11-20 18:00:00.001,-0.00016422,0.19566674,Regular
LSKUSDT,2025-11-20 19:00:00.000,-0.00011245,0.19452865,Regular
LSKUSDT,2025-11-20 20:00:00.002,-7.125e-05,0.19453314,Regular
LSKUSDT,2025-11-20 21:00:00.000,-0.00015666,0.19340370,Regular
LSKUSDT,2025-11-20 22:00:00.000,-2.379e-05,0.19540000,Regular
LSKUSDT,2025-11-20 23:00:00.000,-9.766e-05,0.19764904,Regular
LSKUSDT,2025-11-21 00:00:00.001,-7.06e-05,0.19330000,Regular
LSKUSDT,2025-11-21 01:00:00.000,-6.18e-06,0.19525043,Regular
LSKUSDT,2025-11-21 02:00:00.000,1.25e-05,0.19454349,Regular
LSKUSDT,2025-11-21 03:00:00.001,-7.29e-06,0.19031062,Regular
LSKUSDT,2025-11-21 04:00:00.000,1.25e-05,0.19030820,Regular
LSKUSDT,2025-11-21 05:00:00.000,1.027e-05,0.19090000,Regular
LSKUSDT,2025-11-21 06:00:00.009,4.29e-06,0.18820000,Regular
LSKUSDT,2025-11-21 07:00:00.001,1.241e-05,0.18760653,Regular
LSKUSDT,2025-11-21 08:00:00.000,2.2e-07,0.18085899,Regular
LSKUSDT,2025-11-21 09:00:00.008,-6.913e-05,0.17933414,Regular
LSKUSDT,2025-11-21 10:00:00.003,-1.505e-05,0.17839403,Regular
LSKUSDT,2025-11-21 11:00:00.000,-2.678e-05,0.17793117,Regular
LSKUSDT,2025-11-21 12:00:00.001,-0.00011282,0.17410000,Regular
LSKUSDT,2025-11-21 13:00:00.004,4.23e-06,0.17645332,Regular
LSKUSDT,2025-11-21 14:00:00.000,-7.024e-05,0.17606878,Regular
LSKUSDT,2025-11-21 15:00:00.004,6.2e-06,0.17859215,Regular
LSKUSDT,2025-11-21 16:00:00.001,-9.343e-05,0.17565180,Regular
LSKUSDT,2025-11-21 17:00:00.004,1.25e-05,0.18235315,Regular
LSKUSDT,2025-11-21 18:00:00.005,1.25e-05,0.18310000,Regular
LSKUSDT,2025-11-21 19:00:00.000,-1.83e-06,0.18294886,Regular
LSKUSDT,2025-11-21 20:00:00.000,1.25e-05,0.18138334,Regular
LSKUSDT,2025-11-21 21:00:00.001,1.25e-05,0.17990000,Regular
LSKUSDT,2025-11-21 22:00:00.000,1.25e-05,0.18108526,Regular
LSKUSDT,2025-11-21 23:00:00.000,-7.009e-05,0.17470000,Regular
LSKUSDT,2025-11-22 00:00:00.004,1.25e-05,0.18112426,Regular
LSKUSDT,2025-11-22 01:00:00.000,-5.668e-05,0.17760000,Regular
LSKUSDT,2025-11-22 02:00:00.000,1.25e-05,0.17830000,Regular
LSKUSDT,2025-11-22 03:00:00.005,1.25e-05,0.17920308,Regular
LSKUSDT,2025-11-22 04:00:00.000,-2.603e-05,0.17736995,Regular
LSKUSDT,2025-11-22 05:00:00.000,-2.735e-05,0.17597507,Regular
LSKUSDT,2025-11-22 06:00:00.000,8.94e-06,0.17300000,Regular
LSKUSDT,2025-11-22 07:00:00.000,1.25e-05,0.17550000,Regular
LSKUSDT,2025-11-22 08:00:00.000,-5.44e-06,0.17396203,Regular
LSKUSDT,2025-11-22 09:00:00.010,-9.828e-05,0.17104973,Regular
LSKUSDT,2025-11-22 10:00:00.000,1.25e-05,0.17320000,Regular
LSKUSDT,2025-11-22 11:00:00.001,6.12e-06,0.17185002,Regular
LSKUSDT,2025-11-22 12:00:00.000,1.25e-05,0.17345969,Regular
LSKUSDT,2025-11-22 13:00:00.000,-0.00011046,0.17100968,Regular
LSKUSDT,2025-11-22 14:00:00.000,-4.245e-05,0.17160000,Regular
LSKUSDT,2025-11-22 15:00:00.001,-5.26e-06,0.17270000,Regular
LSKUSDT,2025-11-22 16:00:00.000,-5.066e-05,0.17093018,Regular
LSKUSDT,2025-11-22 17:00:00.004,-4.342e-05,0.17160000,Regular
LSKUSDT,2025-11-22 18:00:00.000,-4.596e-05,0.17110000,Regular
LSKUSDT,2025-11-22 19:00:00.000,-7.991e-05,0.17120000,Regular
LSKUSDT,2025-11-22 20:00:00.001,-7.605e-05,0.17100000,Regular
LSKUSDT,2025-11-22 21:00:00.000,-6.5e-05,0.16956088,Regular
LSKUSDT,2025-11-22 22:00:00.000,-5.079e-05,0.16970000,Regular
LSKUSDT,2025-11-22 23:00:00.005,-1.592e-05,0.17151663,Regular
LSKUSDT,2025-11-23 00:00:00.000,-0.00011189,0.17050000,Regular
LSKUSDT,2025-11-23 01:00:00.007,-0.00034911,0.17070000,Regular
LSKUSDT,2025-11-23 02:00:00.009,-0.00025388,0.17270000,Regular
LSKUSDT,2025-11-23 03:00:00.000,-0.00010831,0.17300000,Regular
LSKUSDT,2025-11-23 04:00:00.000,-8.644e-05,0.17335420,Regular
LSKUSDT,2025-11-23 05:00:00.000,-0.00015758,0.17320000,Regular
LSKUSDT,2025-11-23 06:00:00.004,-0.00015114,0.17350000,Regular
LSKUSDT,2025-11-23 07:00:00.000,-0.0003224,0.17160000,Regular
LSKUSDT,2025-11-23 08:00:00.008,-0.00020604,0.18204460,Regular
LSKUSDT,2025-11-23 09:00:00.003,-0.00024085,0.17812337,Regular
LSKUSDT,2025-11-23 10:00:00.010,-0.00015531,0.18002749,Regular
LSKUSDT,2025-11-23 11:00:00.009,-7.027e-05,0.18102696,Regular
LSKUSDT,2025-11-23 12:00:00.000,-0.0016764,0.19210000,Regular
LSKUSDT,2025-11-23 13:00:00.001,-0.00144444,0.19890000,Regular
LSKUSDT,2025-11-23 14:00:00.004,-0.00172377,0.19220000,Regular
LSKUSDT,2025-11-23 15:00:00.000,-0.00072922,0.18610000,Regular
LSKUSDT,2025-11-23 16:00:00.003,-0.00037161,0.18928457,Regular
LSKUSDT,2025-11-23 17:00:00.000,-0.00017917,0.19102374,Regular
LSKUSDT,2025-11-23 18:00:00.004,-0.00017033,0.18790000,Regular
LSKUSDT,2025-11-23 19:00:00.000,-0.00021828,0.18690000,Regular
LSKUSDT,2025-11-23 20:00:00.003,-0.00019647,0.18740000,Regular
LSKUSDT,2025-11-23 21:00:00.000,-0.00018733,0.18670000,Regular
LSKUSDT,2025-11-23 22:00:00.002,-0.00020232,0.19015465,Regular
LSKUSDT,2025-11-23 23:00:00.009,-0.00012598,0.18720000,Regular
LSKUSDT,2025-11-24 00:00:00.004,-0.00020291,0.18210781,Regular
LSKUSDT,2025-11-24 01:00:00.003,-0.00013661,0.17930000,Regular
LSKUSDT,2025-11-24 02:00:00.008,-6.527e-05,0.18080000,Regular
LSKUSDT,2025-11-24 03:00:00.006,-7.951e-05,0.18100000,Regular
LSKUSDT,2025-11-24 04:00:00.000,-0.00014349,0.18040000,Regular
LSKUSDT,2025-11-24 05:00:00.002,-0.00033088,0.18060000,Regular
LSKUSDT,2025-11-24 06:00:00.000,-0.00016203,0.18220000,Regular
LSKUSDT,2025-11-24 07:00:00.000,-0.00014039,0.18145144,Regular
LSKUSDT,2025-11-24 08:00:00.000,-0.00019696,0.18117324,Regular
LSKUSDT,2025-11-24 09:00:00.000,-0.00027978,0.17940000,Regular
LSKUSDT,2025-11-24 10:00:00.000,-0.00017548,0.17610000,Regular
LSKUSDT,2025-11-24 11:00:00.002,-2.95e-05,0.17670000,Regular
LSKUSDT,2025-11-24 12:00:00.000,-5.537e-05,0.17678008,Regular
LSKUSDT,2025-11-24 13:00:00.004,-0.00015697,0.17534634,Regular
LSKUSDT,2025-11-24 14:00:00.000,-0.00011302,0.17605079,Regular
LSKUSDT,2025-11-24 15:00:00.000,-0.00019228,0.17510143,Regular
LSKUSDT,2025-11-24 16:00:00.006,-0.0002698,0.17493572,Regular
LSKUSDT,2025-11-24 17:00:00.000,-0.0003572,0.17680000,Regular
LSKUSDT,2025-11-24 18:00:00.004,-0.00025496,0.18055612,Regular
LSKUSDT,2025-11-24 19:00:00.000,-0.00028242,0.17970000,Regular
LSKUSDT,2025-11-24 20:00:00.003,-0.00043197,0.17955059,Regular
LSKUSDT,2025-11-24 21:00:00.000,-0.00035381,0.18040000,Regular
LSKUSDT,2025-11-24 22:00:00.006,-0.00033011,0.18025616,Regular
LSKUSDT,2025-11-24 23:00:00.000,-0.00037929,0.17940000,Regular
LSKUSDT,2025-11-25 00:00:00.000,-0.00044096,0.17984984,Regular
LSKUSDT,2025-11-25 01:00:00.014,-0.00019855,0.18005008,Regular
LSKUSDT,2025-11-25 02:00:00.001,-0.00035572,0.17884975,Regular
LSKUSDT,2025-11-25 03:00:00.000,-0.00039441,0.17800000,Regular
LSKUSDT,2025-11-25 04:00:00.000,-0.00025542,0.17670000,Regular
LSKUSDT,2025-11-25 05:00:00.002,-0.00028096,0.17634962,Regular
LSKUSDT,2025-11-25 06:00:00.004,-0.00034284,0.17544993,Regular
LSKUSDT,2025-11-25 07:00:00.000,-0.00058096,0.17474655,Regular
LSKUSDT,2025-11-25 08:00:00.009,-0.00039418,0.17270000,Regular
LSKUSDT,2025-11-25 09:00:00.004,-0.00039438,0.17260000,Regular
LSKUSDT,2025-11-25 10:00:00.016,-0.00055856,0.17490000,Regular
LSKUSDT,2025-11-25 11:00:00.000,-0.00045192,0.17426658,Regular
LSKUSDT,2025-11-25 12:00:00.002,-0.00039896,0.17350000,Regular
LSKUSDT,2025-11-25 13:00:00.000,-0.00026989,0.17415001,Regular
LSKUSDT,2025-11-25 14:00:00.010,-0.00033821,0.17265026,Regular
LSKUSDT,2025-11-25 15:00:00.010,-0.00039527,0.17215385,Regular
LSKUSDT,2025-11-25 16:00:00.007,-0.00024759,0.17270000,Regular
LSKUSDT,2025-11-25 17:00:00.010,-0.00023359,0.17313329,Regular
LSKUSDT,2025-11-25 18:00:00.008,-0.00017921,0.17401375,Regular
LSKUSDT,2025-11-25 19:00:00.008,-0.00045181,0.17303974,Regular
LSKUSDT,2025-11-25 20:00:00.009,-0.00046686,0.17294981,Regular
LSKUSDT,2025-11-25 21:00:00.000,-0.00018909,0.17434969,Regular
LSKUSDT,2025-11-25 22:00:00.000,-0.00025917,0.17474914,Regular
LSKUSDT,2025-11-25 23:00:00.000,-0.00031029,0.17610000,Regular
LSKUSDT,2025-11-26 00:00:00.001,-0.00011812,0.17544482,Regular
LSKUSDT,2025-11-26 01:00:00.000,-0.00035229,0.17529466,Regular
LSKUSDT,2025-11-26 02:00:00.001,-0.00067179,0.17850000,Regular
LSKUSDT,2025-11-26 03:00:00.006,-0.00058161,0.17870000,Regular
LSKUSDT,2025-11-26 04:00:00.006,-0.00052599,0.17780000,Regular
LSKUSDT,2025-11-26 05:00:00.003,-0.0003755,0.17695121,Regular
LSKUSDT,2025-11-26 06:00:00.000,-0.00023439,0.17580000,Regular
LSKUSDT,2025-11-26 07:00:00.000,-0.00025373,0.17474955,Regular
LSKUSDT,2025-11-26 08:00:00.001,-0.00034419,0.17420000,Regular
LSKUSDT,2025-11-26 09:00:00.001,-0.00029149,0.17263810,Regular
LSKUSDT,2025-11-26 10:00:00.000,-0.00012746,0.17130000,Regular
LSKUSDT,2025-11-26 11:00:00.004,-0.00032095,0.17180000,Regular
LSKUSDT,2025-11-26 12:00:00.001,-0.00025688,0.17115006,Regular
LSKUSDT,2025-11-26 13:00:00.009,-0.00030841,0.17025661,Regular
LSKUSDT,2025-11-26 14:00:00.005,-4.017e-05,0.17220000,Regular
LSKUSDT,2025-11-26 15:00:00.000,-0.00012422,0.16970000,Regular
LSKUSDT,2025-11-26 16:00:00.000,-0.00036378,0.16904811,Regular
LSKUSDT,2025-11-26 17:00:00.002,-0.00013015,0.17362359,Regular
LSKUSDT,2025-11-26 18:00:00.006,-0.00011754,0.17907915,Regular
LSKUSDT,2025-11-26 19:00:00.008,-1.053e-05,0.17975001,Regular
LSKUSDT,2025-11-26 20:00:00.001,-0.00019604,0.17884955,Regular
LSKUSDT,2025-11-26 21:00:00.008,1.25e-05,0.17893438,Regular
LSKUSDT,2025-11-26 22:00:00.005,-1.958e-05,0.17920000,Regular
LSKUSDT,2025-11-26 23:00:00.003,-0.0001092,0.17896085,Regular
LSKUSDT,2025-11-27 00:00:00.013,-2.645e-05,0.17894933,Regular
LSKUSDT,2025-11-27 01:00:00.007,-0.0003332,0.17665301,Regular
LSKUSDT,2025-11-27 02:00:00.005,-0.00020384,0.17720000,Regular
LSKUSDT,2025-11-27 03:00:00.000,-7.215e-05,0.17684887,Regular
LSKUSDT,2025-11-27 04:00:00.007,-0.00022198,0.17543933,Regular
LSKUSDT,2025-11-27 05:00:00.000,-5.992e-05,0.17600000,Regular
LSKUSDT,2025-11-27 06:00:00.000,-0.00020751,0.17584764,Regular
LSKUSDT,2025-11-27 07:00:00.003,-0.000158,0.17595027,Regular
LSKUSDT,2025-11-27 08:00:00.000,-0.00013313,0.17445909,Regular
LSKUSDT,2025-11-27 09:00:00.003,-0.0002771,0.17320000,Regular
LSKUSDT,2025-11-27 10:00:00.002,-0.00016711,0.17414998,Regular
LSKUSDT,2025-11-27 11:00:00.000,-0.0001426,0.17630000,Regular
LSKUSDT,2025-11-27 12:00:00.002,-0.00015289,0.17590000,Regular
LSKUSDT,2025-11-27 13:00:00.000,-0.00011322,0.17430981,Regular
LSKUSDT,2025-11-27 14:00:00.004,-9.556e-05,0.17470503,Regular
LSKUSDT,2025-11-27 15:00:00.004,-2.197e-05,0.17574401,Regular
LSKUSDT,2025-11-27 16:00:00.004,-0.00057309,0.18700000,Regular
LSKUSDT,2025-11-27 17:00:00.000,-0.00054096,0.18250000,Regular
LSKUSDT,2025-11-27 18:00:00.000,-0.00046218,0.18175003,Regular
LSKUSDT,2025-11-27 19:00:00.000,-0.00029807,0.18264478,Regular
LSKUSDT,2025-11-27 20:00:00.004,-0.0002994,0.18272121,Regular
LSKUSDT,2025-11-27 21:00:00.001,-0.00011323,0.18324030,Regular
LSKUSDT,2025-11-27 22:00:00.000,-0.00015114,0.18215002,Regular
LSKUSDT,2025-11-27 23:00:00.000,-0.00019585,0.18140000,Regular
LSKUSDT,2025-11-28 00:00:00.008,-0.00011874,0.18000000,Regular
LSKUSDT,2025-11-28 01:00:00.002,-9.824e-05,0.18242689,Regular
LSKUSDT,2025-11-28 02:00:00.001,-0.00018732,0.17860000,Regular
LSKUSDT,2025-11-28 03:00:00.002,-0.00022886,0.17710000,Regular
LSKUSDT,2025-11-28 04:00:00.000,1.25e-05,0.17870000,Regular
LSKUSDT,2025-11-28 05:00:00.003,-6.228e-05,0.17660000,Regular
LSKUSDT,2025-11-28 06:00:00.001,-9.902e-05,0.17571000,Regular
LSKUSDT,2025-11-28 07:00:00.000,-0.00018485,0.17484800,Regular
LSKUSDT,2025-11-28 08:00:00.000,-1.057e-05,0.17584621,Regular
LSKUSDT,2025-11-28 09:00:00.000,-0.00025662,0.17730000,Regular
LSKUSDT,2025-11-28 10:00:00.001,-0.00027926,0.17620000,Regular
LSKUSDT,2025-11-28 11:00:00.007,-0.0003139,0.17585004,Regular
LSKUSDT,2025-11-28 12:00:00.004,-0.00048243,0.17594589,Regular
LSKUSDT,2025-11-28 13:00:00.001,-0.000513,0.17565001,Regular
LSKUSDT,2025-11-28 14:00:00.007,-0.00043709,0.17720000,Regular
LSKUSDT,2025-11-28 15:00:00.000,-0.0004029,0.17650000,Regular
LSKUSDT,2025-11-28 16:00:00.008,-0.00034837,0.17574252,Regular
LSKUSDT,2025-11-28 17:00:00.000,-0.00048853,0.17370000,Regular
LSKUSDT,2025-11-28 18:00:00.000,-0.00083567,0.17240000,Regular
LSKUSDT,2025-11-28 19:00:00.005,-0.00092016,0.17380000,Regular
LSKUSDT,2025-11-28 20:00:00.010,-0.00072615,0.17465000,Regular
LSKUSDT,2025-11-28 21:00:00.004,-0.0007316,0.17513333,Regular
LSKUSDT,2025-11-28 22:00:00.000,-0.00065889,0.17490000,Regular
LSKUSDT,2025-11-28 23:00:00.001,-0.00058525,0.17510000,Regular
LSKUSDT,2025-11-29 00:00:00.000,-0.00072674,0.17480000,Regular
LSKUSDT,2025-11-29 01:00:00.002,-0.00060182,0.17470000,Regular
LSKUSDT,2025-11-29 02:00:00.008,-0.00017497,0.17910000,Regular
LSKUSDT,2025-11-29 03:00:00.008,-0.00048015,0.18590000,Regular
LSKUSDT,2025-11-29 04:00:00.002,-0.00084712,0.18906932,Regular
LSKUSDT,2025-11-29 05:00:00.000,-0.00083012,0.19574776,Regular
LSKUSDT,2025-11-29 06:00:00.006,-0.00220159,0.20760000,Regular
LSKUSDT,2025-11-29 07:00:00.000,-0.00957356,0.22160000,Regular
LSKUSDT,2025-11-29 08:00:00.005,-0.00996808,0.21080000,Regular
LSKUSDT,2025-11-29 09:00:00.002,-0.00181316,0.20490000,Regular
LSKUSDT,2025-11-29 10:00:00.005,-0.00335783,0.20660000,Regular
LSKUSDT,2025-11-29 11:00:00.008,-0.0023586,0.20919455,Regular
LSKUSDT,2025-11-29 12:00:00.003,-0.00297536,0.20685444,Regular
LSKUSDT,2025-11-29 13:00:00.000,-0.0023348,0.20920000,Regular
LSKUSDT,2025-11-29 14:00:00.004,-0.00334865,0.21540000,Regular
LSKUSDT,2025-11-29 15:00:00.004,-0.004154,0.21460000,Regular
LSKUSDT,2025-11-29 16:00:00.001,-0.00250163,0.20687815,Regular
LSKUSDT,2025-11-29 17:00:00.005,-0.00506841,0.21548981,Regular
LSKUSDT,2025-11-29 18:00:00.006,-0.0070932,0.22090000,Regular
LSKUSDT,2025-11-29 19:00:00.000,-0.00944834,0.22844031,Regular
LSKUSDT,2025-11-29 20:00:00.000,-0.00542187,0.22064180,Regular
LSKUSDT,2025-11-29 21:00:00.005,-0.00345201,0.21890000,Regular
LSKUSDT,2025-11-29 22:00:00.000,-0.00298412,0.22000000,Regular
LSKUSDT,2025-11-29 23:00:00.004,-0.002463,0.21990000,Regular
LSKUSDT,2025-11-30 00:00:00.003,-0.0024707,0.22618621,Regular
LSKUSDT,2025-11-30 01:00:00.000,-0.00556108,0.23182489,Regular
LSKUSDT,2025-11-30 02:00:00.000,-0.00565328,0.23000000,Regular
LSKUSDT,2025-11-30 03:00:00.001,-0.00444327,0.22950000,Regular
LSKUSDT,2025-11-30 04:00:00.004,-0.00468102,0.24845573,Regular
LSKUSDT,2025-11-30 05:00:00.000,-0.00810828,0.26884966,Regular
LSKUSDT,2025-11-30 06:00:00.000,-0.01015068,0.27718532,Regular
LSKUSDT,2025-11-30 07:00:00.000,-0.00711261,0.27778063,Regular
LSKUSDT,2025-11-30 08:00:00.000,-0.00595474,0.27186532,Regular
LSKUSDT,2025-11-30 09:00:00.000,-0.00474576,0.26147015,Regular
LSKUSDT,2025-11-30 10:00:00.002,-0.0044217,0.27180000,Regular
LSKUSDT,2025-11-30 11:00:00.000,-0.00645166,0.28588308,Regular
LSKUSDT,2025-11-30 12:00:00.000,-0.00665497,0.29310000,Regular
LSKUSDT,2025-11-30 13:00:00.000,-0.00586945,0.28444891,Regular
LSKUSDT,2025-11-30 14:00:00.001,-0.00283242,0.28154433,Regular
LSKUSDT,2025-11-30 15:00:00.000,-0.00246156,0.27075514,Regular
LSKUSDT,2025-11-30 16:00:00.004,-0.00266958,0.27155724,Regular
LSKUSDT,2025-11-30 17:00:00.000,-0.00185605,0.26080126,Regular
LSKUSDT,2025-11-30 18:00:00.003,-0.00152172,0.25721650,Regular
LSKUSDT,2025-11-30 19:00:00.002,-0.00119501,0.25588575,Regular
LSKUSDT,2025-11-30 20:00:00.006,-0.00088572,0.25097176,Regular
LSKUSDT,2025-11-30 21:00:00.009,-0.0008314,0.24939415,Regular
LSKUSDT,2025-11-30 22:00:00.005,-0.00199178,0.25490927,Regular
LSKUSDT,2025-11-30 23:00:00.001,-0.00428063,0.26290000,Regular
LSKUSDT,2025-12-01 00:00:00.000,-0.00752514,0.26750000,Regular
LSKUSDT,2025-12-01 01:00:00.012,-0.00390914,0.25860000,Regular
LSKUSDT,2025-12-01 02:00:00.000,-0.00487885,0.26330765,Regular
LSKUSDT,2025-12-01 03:00:00.009,-0.00452533,0.25950000,Regular
LSKUSDT,2025-12-01 04:00:00.000,-0.00257402,0.25630000,Regular
LSKUSDT,2025-12-01 05:00:00.000,-0.00135011,0.23981579,Regular
LSKUSDT,2025-12-01 06:00:00.000,-0.00096093,0.23374631,Regular
LSKUSDT,2025-12-01 07:00:00.007,-0.00092127,0.22370000,Regular
LSKUSDT,2025-12-01 08:00:00.004,-0.00057742,0.22190000,Regular
LSKUSDT,2025-12-01 09:00:00.006,-0.00100134,0.22471943,Regular
LSKUSDT,2025-12-01 10:00:00.003,-0.0012506,0.22840000,Regular
LSKUSDT,2025-12-01 11:00:00.000,-0.00109488,0.23270000,Regular
LSKUSDT,2025-12-01 12:00:00.000,-0.00079148,0.23020000,Regular
LSKUSDT,2025-12-01 13:00:00.005,-0.00067573,0.22540000,Regular
LSKUSDT,2025-12-01 14:00:00.000,-0.00066892,0.22600000,Regular
LSKUSDT,2025-12-01 15:00:00.003,-0.00040892,0.22549848,Regular
LSKUSDT,2025-12-01 16:00:00.000,-0.00018499,0.21510000,Regular
LSKUSDT,2025-12-01 17:00:00.005,-0.00016322,0.21520478,Regular
LSKUSDT,2025-12-01 18:00:00.008,-0.00012971,0.21323363,Regular
LSKUSDT,2025-12-01 19:00:00.000,-0.00014953,0.21415035,Regular
LSKUSDT,2025-12-01 20:00:00.000,-0.00021502,0.21580000,Regular
LSKUSDT,2025-12-01 21:00:00.010,-0.00018165,0.21930000,Regular
LSKUSDT,2025-12-01 22:00:00.005,-0.00018424,0.21941538,Regular
LSKUSDT,2025-12-01 23:00:00.000,-0.00016335,0.21523681,Regular
LSKUSDT,2025-12-02 00:00:00.004,-0.00015102,0.21616117,Regular
LSKUSDT,2025-12-02 01:00:00.002,-0.00187034,0.23060000,Regular
LSKUSDT,2025-12-02 02:00:00.010,-0.00201431,0.23450000,Regular
LSKUSDT,2025-12-02 03:00:00.000,-0.00202414,0.23630000,Regular
LSKUSDT,2025-12-02 04:00:00.000,-0.00091424,0.23290000,Regular
LSKUSDT,2025-12-02 05:00:00.000,-0.00094567,0.22700000,Regular
LSKUSDT,2025-12-02 06:00:00.002,-0.00095293,0.23577787,Regular
LSKUSDT,2025-12-02 07:00:00.000,-0.00080442,0.22661952,Regular
LSKUSDT,2025-12-02 08:00:00.000,-0.00063452,0.22712910,Regular
LSKUSDT,2025-12-02 09:00:00.004,-0.00047552,0.22489870,Regular
LSKUSDT,2025-12-02 10:00:00.000,-0.0004295,0.21870321,Regular
LSKUSDT,2025-12-02 11:00:00.001,-0.00037645,0.22497301,Regular
LSKUSDT,2025-12-02 12:00:00.004,-0.00021016,0.22100206,Regular
LSKUSDT,2025-12-02 13:00:00.002,-6.996e-05,0.22110000,Regular
LSKUSDT,2025-12-02 14:00:00.000,-0.00015537,0.22600000,Regular
LSKUSDT,2025-12-02 15:00:00.000,-0.00018987,0.22551351,Regular
LSKUSDT,2025-12-02 16:00:00.000,-0.00018417,0.22930000,Regular
LSKUSDT,2025-12-02 17:00:00.000,-0.00025038,0.22640000,Regular
LSKUSDT,2025-12-02 18:00:00.003,-0.00012214,0.22893112,Regular
LSKUSDT,2025-12-02 19:00:00.003,-0.00017466,0.22903753,Regular
LSKUSDT,2025-12-02 20:00:00.000,-0.00022787,0.22670211,Regular
LSKUSDT,2025-12-02 21:00:00.000,-0.00043932,0.22443766,Regular
LSKUSDT,2025-12-02 22:00:00.001,-0.0003402,0.22710700,Regular
LSKUSDT,2025-12-02 23:00:00.007,-0.0004447,0.22650000,Regular
LSKUSDT,2025-12-03 00:00:00.000,-0.00043554,0.22713351,Regular
LSKUSDT,2025-12-03 01:00:00.000,-0.0006328,0.22050174,Regular
LSKUSDT,2025-12-03 02:00:00.000,-0.00050675,0.22230000,Regular
LSKUSDT,2025-12-03 03:00:00.001,-0.00047176,0.22000000,Regular
LSKUSDT,2025-12-03 04:00:00.004,-0.00039144,0.21990000,Regular
LSKUSDT,2025-12-03 05:00:00.002,-0.00026047,0.22035409,Regular
LSKUSDT,2025-12-03 06:00:00.000,-0.00017772,0.21833982,Regular
LSKUSDT,2025-12-03 07:00:00.000,-7.919e-05,0.21950000,Regular
LSKUSDT,2025-12-03 08:00:00.000,-0.00011858,0.22170000,Regular
LSKUSDT,2025-12-03 09:00:00.002,-0.0001395,0.21820000,Regular
LSKUSDT,2025-12-03 10:00:00.002,-0.00013878,0.21720000,Regular
LSKUSDT,2025-12-03 11:00:00.008,-9.389e-05,0.21360000,Regular
LSKUSDT,2025-12-03 12:00:00.001,-6.457e-05,0.21290309,Regular
LSKUSDT,2025-12-03 13:00:00.004,-7.35e-05,0.21432672,Regular
LSKUSDT,2025-12-03 14:00:00.000,-3.4e-07,0.21397003,Regular
LSKUSDT,2025-12-03 15:00:00.001,1.25e-05,0.21136207,Regular
LSKUSDT,2025-12-03 16:00:00.005,-6.74e-06,0.21005012,Regular
LSKUSDT,2025-12-03 17:00:00.000,-2.215e-05,0.20965296,Regular
LSKUSDT,2025-12-03 18:00:00.009,-7.523e-05,0.21235893,Regular
LSKUSDT,2025-12-03 19:00:00.005,-2.019e-05,0.21169953,Regular
LSKUSDT,2025-12-03 20:00:00.002,-1.594e-05,0.21214628,Regular
LSKUSDT,2025-12-03 21:00:00.005,-3.411e-05,0.21236647,Regular
LSKUSDT,2025-12-03 22:00:00.000,1.25e-05,0.21493448,Regular
LSKUSDT,2025-12-03 23:00:00.005,-2.343e-05,0.21270000,Regular
LSKUSDT,2025-12-04 00:00:00.012,6.53e-06,0.21453746,Regular
LSKUSDT,2025-12-04 01:00:00.000,-4.24e-05,0.21510000,Regular
LSKUSDT,2025-12-04 02:00:00.000,-2.824e-05,0.21701949,Regular
LSKUSDT,2025-12-04 03:00:00.004,-4.596e-05,0.21980000,Regular
LSKUSDT,2025-12-04 04:00:00.000,-1.131e-05,0.21620000,Regular
LSKUSDT,2025-12-04 05:00:00.000,1.25e-05,0.22028887,Regular
LSKUSDT,2025-12-04 06:00:00.000,-2.274e-05,0.24380547,Regular
LSKUSDT,2025-12-04 07:00:00.003,-0.00074777,0.22901369,Regular
LSKUSDT,2025-12-04 08:00:00.000,-0.00018122,0.22607329,Regular
LSKUSDT,2025-12-04 09:00:00.002,-0.0001572,0.22771675,Regular
LSKUSDT,2025-12-04 10:00:00.009,-0.00030139,0.22502128,Regular
LSKUSDT,2025-12-04 11:00:00.001,-0.00015384,0.22210000,Regular
LSKUSDT,2025-12-04 12:00:00.005,-0.00013287,0.22100000,Regular
LSKUSDT,2025-12-04 13:00:00.003,-0.00010745,0.22039488,Regular
LSKUSDT,2025-12-04 14:00:00.001,-0.00016672,0.21900000,Regular
LSKUSDT,2025-12-04 15:00:00.006,-0.00017399,0.22190000,Regular
LSKUSDT,2025-12-04 16:00:00.011,-0.00023168,0.23350000,Regular
LSKUSDT,2025-12-04 17:00:00.001,-0.00080174,0.22850000,Regular
LSKUSDT,2025-12-04 18:00:00.003,-0.00029381,0.22820836,Regular
LSKUSDT,2025-12-04 19:00:00.002,-0.00024641,0.22828616,Regular
LSKUSDT,2025-12-04 20:00:00.000,-0.00017889,0.22437516,Regular
LSKUSDT,2025-12-04 21:00:00.000,-0.00018755,0.22200000,Regular
LSKUSDT,2025-12-04 22:00:00.005,-0.00017039,0.22501527,Regular
LSKUSDT,2025-12-04 23:00:00.009,-0.00017734,0.22468250,Regular
LSKUSDT,2025-12-05 00:00:00.000,-0.00016791,0.22203525,Regular
LSKUSDT,2025-12-05 01:00:00.001,-0.00030486,0.22150000,Regular
LSKUSDT,2025-12-05 02:00:00.010,-0.00034814,0.22576914,Regular
LSKUSDT,2025-12-05 03:00:00.012,-0.00016673,0.22508607,Regular
LSKUSDT,2025-12-05 04:00:00.000,-0.00017135,0.22270354,Regular
LSKUSDT,2025-12-05 05:00:00.006,-0.0001916,0.22220000,Regular
LSKUSDT,2025-12-05 06:00:00.000,-0.00017823,0.22060000,Regular
LSKUSDT,2025-12-05 07:00:00.011,-0.00013792,0.21887178,Regular
LSKUSDT,2025-12-05 08:00:00.000,-0.00011847,0.22205415,Regular
LSKUSDT,2025-12-05 09:00:00.008,-0.00025806,0.22170000,Regular
LSKUSDT,2025-12-05 10:00:00.008,-0.00029211,0.21440000,Regular
LSKUSDT,2025-12-05 11:00:00.000,-0.00027725,0.21776827,Regular
LSKUSDT,2025-12-05 12:00:00.001,-0.00039902,0.22540000,Regular
LSKUSDT,2025-12-05 13:00:00.005,-0.00052506,0.22440000,Regular
LSKUSDT,2025-12-05 14:00:00.000,-0.00055447,0.22160000,Regular
LSKUSDT,2025-12-05 15:00:00.006,-0.00057001,0.22282010,Regular
LSKUSDT,2025-12-05 16:00:00.010,-0.00084788,0.22594118,Regular
LSKUSDT,2025-12-05 17:00:00.000,-0.00082955,0.22380000,Regular
LSKUSDT,2025-12-05 18:00:00.004,-0.00036399,0.22300000,Regular
LSKUSDT,2025-12-05 19:00:00.002,-0.00028574,0.21871095,Regular
LSKUSDT,2025-12-05 20:00:00.001,-0.00014959,0.21777705,Regular
LSKUSDT,2025-12-05 21:00:00.000,-7.311e-05,0.21404517,Regular
LSKUSDT,2025-12-05 22:00:00.010,-0.00010967,0.21620000,Regular
LSKUSDT,2025-12-05 23:00:00.001,-6.392e-05,0.21824242,Regular
LSKUSDT,2025-12-06 00:00:00.001,-8.669e-05,0.22546159,Regular
LSKUSDT,2025-12-06 01:00:00.000,-7.663e-05,0.22020000,Regular
LSKUSDT,2025-12-06 02:00:00.008,-0.00010033,0.21947769,Regular
LSKUSDT,2025-12-06 03:00:00.000,1.138e-05,0.22680816,Regular
LSKUSDT,2025-12-06 04:00:00.000,-5.972e-05,0.22779475,Regular
LSKUSDT,2025-12-06 05:00:00.000,-0.0005133,0.22960000,Regular
LSKUSDT,2025-12-06 06:00:00.000,-0.00072179,0.23040000,Regular
LSKUSDT,2025-12-06 07:00:00.007,-0.0006664,0.22590000,Regular
LSKUSDT,2025-12-06 08:00:00.001,-0.00067197,0.23118433,Regular
LSKUSDT,2025-12-06 09:00:00.000,-0.00050855,0.23180000,Regular
LSKUSDT,2025-12-06 10:00:00.000,-0.00058143,0.23650000,Regular
LSKUSDT,2025-12-06 11:00:00.000,-0.00085874,0.23850000,Regular
LSKUSDT,2025-12-06 12:00:00.000,-0.00081956,0.23670000,Regular
LSKUSDT,2025-12-06 13:00:00.005,-0.0004867,0.23180000,Regular
LSKUSDT,2025-12-06 14:00:00.000,-0.00036139,0.22710000,Regular
LSKUSDT,2025-12-06 15:00:00.001,-0.00035194,0.22556868,Regular
LSKUSDT,2025-12-06 16:00:00.008,-0.00023134,0.22438045,Regular
LSKUSDT,2025-12-06 17:00:00.000,-0.00021219,0.22135348,Regular
LSKUSDT,2025-12-06 18:00:00.000,-0.00028791,0.22395725,Regular
LSKUSDT,2025-12-06 19:00:00.000,-0.0003249,0.22528937,Regular
LSKUSDT,2025-12-06 20:00:00.000,-0.00027849,0.22180000,Regular
LSKUSDT,2025-12-06 21:00:00.002,-0.00036184,0.22205000,Regular
LSKUSDT,2025-12-06 22:00:00.010,-0.00053576,0.22120000,Regular
LSKUSDT,2025-12-06 23:00:00.000,-0.00045174,0.22105029,Regular
LSKUSDT,2025-12-07 00:00:00.000,-0.00045587,0.21930000,Regular
LSKUSDT,2025-12-07 01:00:00.000,-0.00042495,0.22060000,Regular
LSKUSDT,2025-12-07 02:00:00.000,-0.00070843,0.21800000,Regular
LSKUSDT,2025-12-07 03:00:00.001,-0.00077171,0.21970714,Regular
LSKUSDT,2025-12-07 04:00:00.000,-0.00089502,0.21970000,Regular
LSKUSDT,2025-12-07 05:00:00.002,-0.00090078,0.21782319,Regular
LSKUSDT,2025-12-07 06:00:00.009,-0.00082869,0.21680000,Regular
LSKUSDT,2025-12-07 07:00:00.001,-0.00078188,0.21654850,Regular
LSKUSDT,2025-12-07 08:00:00.004,-0.00086865,0.21859917,Regular
LSKUSDT,2025-12-07 09:00:00.000,-0.00072441,0.21725830,Regular
LSKUSDT,2025-12-07 10:00:00.000,-0.00062363,0.21210000,Regular
LSKUSDT,2025-12-07 11:00:00.006,-0.00049202,0.21210000,Regular
LSKUSDT,2025-12-07 12:00:00.004,-0.00055978,0.21242626,Regular
LSKUSDT,2025-12-07 13:00:00.006,-0.00053653,0.21274982,Regular
LSKUSDT,2025-12-07 14:00:00.000,-0.00039003,0.21045000,Regular
LSKUSDT,2025-12-07 15:00:00.000,-0.00023674,0.20234877,Regular
LSKUSDT,2025-12-07 16:00:00.000,-0.00039046,0.20580000,Regular
LSKUSDT,2025-12-07 17:00:00.000,-0.00046912,0.20590000,Regular
LSKUSDT,2025-12-07 18:00:00.001,-0.00038377,0.20625634,Regular
LSKUSDT,2025-12-07 19:00:00.000,-0.00058254,0.20710058,Regular
LSKUSDT,2025-12-07 20:00:00.000,-0.00043735,0.20641112,Regular
LSKUSDT,2025-12-07 21:00:00.002,-0.00050996,0.20744967,Regular
LSKUSDT,2025-12-07 22:00:00.000,-0.00044623,0.20478553,Regular
LSKUSDT,2025-12-07 23:00:00.000,-0.00044553,0.20280000,Regular
LSKUSDT,2025-12-08 00:00:00.000,-0.00064315,0.20136796,Regular
LSKUSDT,2025-12-08 01:00:00.005,-0.00065449,0.20114475,Regular
LSKUSDT,2025-12-08 02:00:00.001,-0.00072411,0.20051651,Regular
LSKUSDT,2025-12-08 03:00:00.008,-0.00078107,0.20030000,Regular
LSKUSDT,2025-12-08 04:00:00.000,-0.00085149,0.20460000,Regular
LSKUSDT,2025-12-08 05:00:00.000,-0.00076043,0.20650000,Regular
LSKUSDT,2025-12-08 06:00:00.000,-0.00063909,0.20710066,Regular
LSKUSDT,2025-12-08 07:00:00.005,-0.00069693,0.20585536,Regular
LSKUSDT,2025-12-08 08:00:00.000,-0.00036488,0.21520000,Regular
LSKUSDT,2025-12-08 09:00:00.001,-0.00028802,0.21201590,Regular
LSKUSDT,2025-12-08 10:00:00.000,-0.00033143,0.20910000,Regular
LSKUSDT,2025-12-08 11:00:00.003,-0.0004142,0.20870000,Regular
LSKUSDT,2025-12-08 12:00:00.001,-0.00027012,0.20850000,Regular
LSKUSDT,2025-12-08 13:00:00.004,-0.00031591,0.20930000,Regular
LSKUSDT,2025-12-08 14:00:00.007,-0.00043851,0.20780000,Regular
LSKUSDT,2025-12-08 15:00:00.004,-0.00039254,0.20651754,Regular
LSKUSDT,2025-12-08 16:00:00.001,-0.00032799,0.20760000,Regular
LSKUSDT,2025-12-08 17:00:00.000,-0.00023111,0.20786481,Regular
LSKUSDT,2025-12-08 18:00:00.000,-0.00032987,0.20581278,Regular
LSKUSDT,2025-12-08 19:00:00.006,-0.00024764,0.20390000,Regular
LSKUSDT,2025-12-08 20:00:00.000,-0.00034689,0.20380000,Regular
LSKUSDT,2025-12-08 21:00:00.007,-0.00012047,0.20690000,Regular
LSKUSDT,2025-12-08 22:00:00.005,-7.704e-05,0.20774886,Regular
LSKUSDT,2025-12-08 23:00:00.000,-0.00016871,0.20523111,Regular
LSKUSDT,2025-12-09 00:00:00.001,-2.461e-05,0.20421788,Regular
LSKUSDT,2025-12-09 01:00:00.000,-8.458e-05,0.20402689,Regular
LSKUSDT,2025-12-09 02:00:00.012,-0.00012249,0.20290000,Regular
LSKUSDT,2025-12-09 03:00:00.001,-0.00016335,0.20210000,Regular
LSKUSDT,2025-12-09 04:00:00.004,-0.00015612,0.20330000,Regular
LSKUSDT,2025-12-09 05:00:00.007,-0.00022479,0.20184990,Regular
LSKUSDT,2025-12-09 06:00:00.000,-0.00017027,0.19895205,Regular
LSKUSDT,2025-12-09 07:00:00.001,-0.00015999,0.19911217,Regular
LSKUSDT,2025-12-09 08:00:00.001,-0.00014431,0.20100000,Regular
LSKUSDT,2025-12-09 09:00:00.003,-0.00028369,0.20000000,Regular
LSKUSDT,2025-12-09 10:00:00.000,-0.00019958,0.19984999,Regular
LSKUSDT,2025-12-09 11:00:00.000,-0.00025269,0.19910049,Regular
LSKUSDT,2025-12-09 12:00:00.000,-9.419e-05,0.19944799,Regular
LSKUSDT,2025-12-09 13:00:00.000,-0.00017421,0.20115348,Regular
LSKUSDT,2025-12-09 14:00:00.000,-0.00027278,0.20045034,Regular
LSKUSDT,2025-12-09 15:00:00.002,-0.00022966,0.20010520,Regular
LSKUSDT,2025-12-09 16:00:00.007,-0.00015384,0.20600856,Regular
LSKUSDT,2025-12-09 17:00:00.000,-0.00024483,0.21090000,Regular
LSKUSDT,2025-12-09 18:00:00.007,-0.0003663,0.20925101,Regular
LSKUSDT,2025-12-09 19:00:00.002,-0.00031593,0.20784987,Regular
LSKUSDT,2025-12-09 20:00:00.001,-0.00030723,0.20671807,Regular
LSKUSDT,2025-12-09 21:00:00.010,-0.00032133,0.20550000,Regular
LSKUSDT,2025-12-09 22:00:00.011,-0.00031337,0.20469081,Regular
LSKUSDT,2025-12-09 23:00:00.007,-6.519e-05,0.20855493,Regular
LSKUSDT,2025-12-10 00:00:00.007,-7.472e-05,0.20988270,Regular
LSKUSDT,2025-12-10 01:00:00.000,-5.574e-05,0.21347505,Regular
LSKUSDT,2025-12-10 02:00:00.007,-0.00012851,0.21060000,Regular
LSKUSDT,2025-12-10 03:00:00.004,-0.00010885,0.21020000,Regular
LSKUSDT,2025-12-10 04:00:00.012,-0.00010712,0.21225365,Regular
LSKUSDT,2025-12-10 05:00:00.000,-0.00018323,0.20985116,Regular
LSKUSDT,2025-12-10 06:00:00.003,-0.00021346,0.20780000,Regular
LSKUSDT,2025-12-10 07:00:00.000,-0.00027305,0.20820000,Regular
LSKUSDT,2025-12-10 08:00:00.002,-0.00019505,0.20710398,Regular
LSKUSDT,2025-12-10 09:00:00.011,-0.00035783,0.20510000,Regular
LSKUSDT,2025-12-10 10:00:00.007,-8.427e-05,0.20595544,Regular
LSKUSDT,2025-12-10 11:00:00.000,-0.00029784,0.20343196,Regular
LSKUSDT,2025-12-10 12:00:00.000,-2.657e-05,0.20400104,Regular
LSKUSDT,2025-12-10 13:00:00.000,-0.00018916,0.20234969,Regular
LSKUSDT,2025-12-10 14:00:00.005,-0.00016174,0.20260000,Regular
LSKUSDT,2025-12-10 15:00:00.000,-0.00023326,0.20232435,Regular
LSKUSDT,2025-12-10 16:00:00.012,-0.00019631,0.20260000,Regular
LSKUSDT,2025-12-10 17:00:00.007,-0.00019278,0.20275233,Regular
LSKUSDT,2025-12-10 18:00:00.005,-0.00018986,0.20275945,Regular
LSKUSDT,2025-12-10 19:00:00.004,-7.358e-05,0.20422708,Regular
LSKUSDT,2025-12-10 20:00:00.000,-0.00014795,0.20718816,Regular
LSKUSDT,2025-12-10 21:00:00.005,4.3e-07,0.20574849,Regular
LSKUSDT,2025-12-10 22:00:00.000,-0.00011951,0.20260000,Regular
LSKUSDT,2025-12-10 23:00:00.008,-0.0001093,0.20359865,Regular
LSKUSDT,2025-12-11 00:00:00.001,-2.726e-05,0.20215072,Regular
LSKUSDT,2025-12-11 01:00:00.000,-0.00030004,0.19994981,Regular
LSKUSDT,2025-12-11 02:00:00.000,-0.00038763,0.19579949,Regular
LSKUSDT,2025-12-11 03:00:00.001,-0.00015259,0.19539926,Regular
LSKUSDT,2025-12-11 04:00:00.000,-0.00024173,0.19266306,Regular
LSKUSDT,2025-12-11 05:00:00.000,-9.218e-05,0.19490000,Regular
LSKUSDT,2025-12-11 06:00:00.006,-0.00018988,0.19480000,Regular
LSKUSDT,2025-12-11 07:00:00.000,-0.00017692,0.19590000,Regular
LSKUSDT,2025-12-11 08:00:00.000,-6.009e-05,0.19590000,Regular
LSKUSDT,2025-12-11 09:00:00.010,-6.106e-05,0.19820062,Regular
LSKUSDT,2025-12-11 10:00:00.000,-0.00012627,0.19660000,Regular
LSKUSDT,2025-12-11 11:00:00.006,-8.172e-05,0.20035000,Regular
LSKUSDT,2025-12-11 12:00:00.000,-7.341e-05,0.20015102,Regular
LSKUSDT,2025-12-11 13:00:00.001,-5.537e-05,0.20008346,Regular
LSKUSDT,2025-12-11 14:00:00.010,1.25e-05,0.20350000,Regular
LSKUSDT,2025-12-11 15:00:00.000,1.25e-05,0.20468757,Regular
LSKUSDT,2025-12-11 16:00:00.000,-0.00013343,0.20151160,Regular
LSKUSDT,2025-12-11 17:00:00.000,-6.674e-05,0.20242037,Regular
LSKUSDT,2025-12-11 18:00:00.012,-0.00011431,0.20111391,Regular
LSKUSDT,2025-12-11 19:00:00.007,-2.513e-05,0.20845583,Regular
LSKUSDT,2025-12-11 20:00:00.001,-0.0001467,0.20370000,Regular
LSKUSDT,2025-12-11 21:00:00.005,1.109e-05,0.20372962,Regular
LSKUSDT,2025-12-11 22:00:00.000,-3.625e-05,0.20380427,Regular
LSKUSDT,2025-12-11 23:00:00.000,-5.024e-05,0.20310000,Regular
LSKUSDT,2025-12-12 00:00:00.005,-5.872e-05,0.20030000,Regular
LSKUSDT,2025-12-12 01:00:00.000,-0.00012626,0.19640000,Regular
LSKUSDT,2025-12-12 02:00:00.000,-3.941e-05,0.19760000,Regular
LSKUSDT,2025-12-12 03:00:00.001,-1.864e-05,0.20070000,Regular
LSKUSDT,2025-12-12 04:00:00.000,-0.00012257,0.20360000,Regular
LSKUSDT,2025-12-12 05:00:00.010,-0.00013513,0.20511367,Regular
LSKUSDT,2025-12-12 06:00:00.009,-0.0002828,0.20493031,Regular
LSKUSDT,2025-12-12 07:00:00.004,-0.00067906,0.20984262,Regular
LSKUSDT,2025-12-12 08:00:00.007,-0.00153175,0.21101952,Regular
LSKUSDT,2025-12-12 09:00:00.000,-0.00150344,0.20875251,Regular
LSKUSDT,2025-12-12 10:00:00.005,-0.00135753,0.21120000,Regular
LSKUSDT,2025-12-12 11:00:00.011,-0.00132459,0.20760000,Regular
LSKUSDT,2025-12-12 12:00:00.000,-0.00139291,0.20550000,Regular
LSKUSDT,2025-12-12 13:00:00.001,-0.00130374,0.20780000,Regular
LSKUSDT,2025-12-12 14:00:00.000,-0.00094641,0.20810000,Regular
LSKUSDT,2025-12-12 15:00:00.000,-0.00081964,0.20703586,Regular
LSKUSDT,2025-12-12 16:00:00.002,-0.00089105,0.20198515,Regular
LSKUSDT,2025-12-12 17:00:00.001,-0.00049778,0.20816128,Regular
LSKUSDT,2025-12-12 18:00:00.000,-0.00042417,0.21000000,Regular
LSKUSDT,2025-12-12 19:00:00.000,-0.00024389,0.21330000,Regular
LSKUSDT,2025-12-12 20:00:00.004,-0.00019511,0.21225444,Regular
LSKUSDT,2025-12-12 21:00:00.005,-6.767e-05,0.21460000,Regular
LSKUSDT,2025-12-12 22:00:00.000,-0.00028383,0.21390000,Regular
LSKUSDT,2025-12-12 23:00:00.004,-0.0002055,0.21494714,Regular
LSKUSDT,2025-12-13 00:00:00.001,-0.00012827,0.21333645,Regular
LSKUSDT,2025-12-13 01:00:00.000,-0.00016678,0.20970000,Regular
LSKUSDT,2025-12-13 02:00:00.000,-6.053e-05,0.21123435,Regular
LSKUSDT,2025-12-13 03:00:00.000,-0.00011203,0.20965167,Regular
LSKUSDT,2025-12-13 04:00:00.006,-0.00014936,0.20810000,Regular
LSKUSDT,2025-12-13 05:00:00.001,-3.973e-05,0.20700000,Regular
LSKUSDT,2025-12-13 06:00:00.001,-1.25e-05,0.20540000,Regular
LSKUSDT,2025-12-13 07:00:00.000,-0.00013164,0.20410000,Regular
LSKUSDT,2025-12-13 08:00:00.006,-9.617e-05,0.20810000,Regular
LSKUSDT,2025-12-13 09:00:00.007,-8.334e-05,0.20980000,Regular
LSKUSDT,2025-12-13 10:00:00.000,-0.00010399,0.20733918,Regular
LSKUSDT,2025-12-13 11:00:00.001,5e-08,0.20611381,Regular
LSKUSDT,2025-12-13 12:00:00.002,-2.955e-05,0.20710000,Regular
LSKUSDT,2025-12-13 13:00:00.009,-1.92e-05,0.20740000,Regular
LSKUSDT,2025-12-13 14:00:00.002,-4.12e-05,0.20740000,Regular
LSKUSDT,2025-12-13 15:00:00.007,1.25e-05,0.20811136,Regular
LSKUSDT,2025-12-13 16:00:00.000,1.25e-05,0.20834195,Regular
LSKUSDT,2025-12-13 17:00:00.002,1.25e-05,0.20800000,Regular
LSKUSDT,2025-12-13 18:00:00.001,6.73e-06,0.20774498,Regular
LSKUSDT,2025-12-13 19:00:00.002,-8.65e-06,0.21054884,Regular
LSKUSDT,2025-12-13 20:00:00.000,-4.9e-07,0.21025000,Regular
LSKUSDT,2025-12-13 21:00:00.000,-2.975e-05,0.20927421,Regular
LSKUSDT,2025-12-13 22:00:00.000,7.08e-06,0.20834999,Regular
LSKUSDT,2025-12-13 23:00:00.007,4.4e-07,0.20743802,Regular
LSKUSDT,2025-12-14 00:00:00.000,-5.708e-05,0.20630000,Regular
LSKUSDT,2025-12-14 01:00:00.001,-6.483e-05,0.20432278,Regular
LSKUSDT,2025-12-14 02:00:00.004,-0.00022451,0.20278000,Regular
LSKUSDT,2025-12-14 03:00:00.000,-0.00027448,0.20240000,Regular
LSKUSDT,2025-12-14 04:00:00.001,-0.0003411,0.20131000,Regular
LSKUSDT,2025-12-14 05:00:00.000,-0.00019771,0.20114900,Regular
LSKUSDT,2025-12-14 06:00:00.001,-0.00016796,0.20065000,Regular
LSKUSDT,2025-12-14 07:00:00.000,-0.00015656,0.20015000,Regular
LSKUSDT,2025-12-14 08:00:00.003,-0.00012605,0.20104903,Regular
LSKUSDT,2025-12-14 09:00:00.000,2.9e-06,0.20430000,Regular
LSKUSDT,2025-12-14 10:00:00.000,-0.00018963,0.20155000,Regular
LSKUSDT,2025-12-14 11:00:00.001,-0.00011289,0.19827760,Regular
LSKUSDT,2025-12-14 12:00:00.000,-0.00010974,0.19730000,Regular
LSKUSDT,2025-12-14 13:00:00.002,-0.00010755,0.20140000,Regular
LSKUSDT,2025-12-14 14:00:00.006,-5.567e-05,0.19970043,Regular
LSKUSDT,2025-12-14 15:00:00.001,-7.561e-05,0.20274161,Regular
LSKUSDT,2025-12-14 16:00:00.005,-0.00014413,0.20620000,Regular
LSKUSDT,2025-12-14 17:00:00.000,-2.343e-05,0.20473510,Regular
LSKUSDT,2025-12-14 18:00:00.008,-6.21e-06,0.20560000,Regular
LSKUSDT,2025-12-14 19:00:00.004,-1.019e-05,0.20534971,Regular
LSKUSDT,2025-12-14 20:00:00.000,-7.8e-07,0.20510000,Regular
LSKUSDT,2025-12-14 21:00:00.000,1.25e-05,0.20664885,Regular
LSKUSDT,2025-12-14 22:00:00.001,1.25e-05,0.20461874,Regular
LSKUSDT,2025-12-14 23:00:00.008,1.25e-05,0.20300000,Regular
LSKUSDT,2025-12-15 00:00:00.000,-5.553e-05,0.20130603,Regular
LSKUSDT,2025-12-15 01:00:00.007,1.25e-05,0.20510000,Regular
LSKUSDT,2025-12-15 02:00:00.000,1.25e-05,0.20410000,Regular
LSKUSDT,2025-12-15 03:00:00.000,1.25e-05,0.20472083,Regular
LSKUSDT,2025-12-15 04:00:00.001,1.25e-05,0.20600000,Regular
LSKUSDT,2025-12-15 05:00:00.000,1.25e-05,0.20750000,Regular
LSKUSDT,2025-12-15 06:00:00.000,-2.109e-05,0.20764420,Regular
LSKUSDT,2025-12-15 07:00:00.003,-6.508e-05,0.20800000,Regular
LSKUSDT,2025-12-15 08:00:00.000,-2.355e-05,0.20644992,Regular
LSKUSDT,2025-12-15 09:00:00.000,-0.00010928,0.20611987,Regular
LSKUSDT,2025-12-15 10:00:00.002,-0.00012757,0.20370000,Regular
LSKUSDT,2025-12-15 11:00:00.000,-9.577e-05,0.20410000,Regular
LSKUSDT,2025-12-15 12:00:00.000,-0.00011647,0.20284999,Regular
LSKUSDT,2025-12-15 13:00:00.002,-3.566e-05,0.20271662,Regular
LSKUSDT,2025-12-15 14:00:00.000,-0.00014402,0.20210000,Regular
LSKUSDT,2025-12-15 15:00:00.000,-5.434e-05,0.20085430,Regular
LSKUSDT,2025-12-15 16:00:00.000,-9.104e-05,0.20128351,Regular
LSKUSDT,2025-12-15 17:00:00.000,-0.00017454,0.20126507,Regular
LSKUSDT,2025-12-15 18:00:00.000,-0.00016809,0.19480000,Regular
LSKUSDT,2025-12-15 19:00:00.000,8.4e-06,0.19680000,Regular
LSKUSDT,2025-12-15 20:00:00.000,-0.00013261,0.19708270,Regular
LSKUSDT,2025-12-15 21:00:00.000,-0.00014658,0.19432084,Regular
LSKUSDT,2025-12-15 22:00:00.009,-2.779e-05,0.19504970,Regular
LSKUSDT,2025-12-15 23:00:00.000,1.25e-05,0.19780000,Regular
LSKUSDT,2025-12-16 00:00:00.002,-0.00014616,0.19835003,Regular
LSKUSDT,2025-12-16 01:00:00.001,-9.357e-05,0.19340000,Regular
LSKUSDT,2025-12-16 02:00:00.001,-2.64e-06,0.19430000,Regular
LSKUSDT,2025-12-16 03:00:00.000,1.25e-05,0.19783187,Regular
LSKUSDT,2025-12-16 04:00:00.000,-4.528e-05,0.19627123,Regular
LSKUSDT,2025-12-16 05:00:00.004,5.28e-06,0.19550000,Regular
LSKUSDT,2025-12-16 06:00:00.001,-7.045e-05,0.19732654,Regular
LSKUSDT,2025-12-16 07:00:00.001,-6.983e-05,0.19830000,Regular
LSKUSDT,2025-12-16 08:00:00.000,-5.446e-05,0.19794959,Regular
LSKUSDT,2025-12-16 09:00:00.000,1.25e-05,0.19750000,Regular
LSKUSDT,2025-12-16 10:00:00.002,-6.449e-05,0.19871844,Regular
LSKUSDT,2025-12-16 11:00:00.000,-8e-05,0.19990000,Regular
LSKUSDT,2025-12-16 12:00:00.008,-7.056e-05,0.19924268,Regular
LSKUSDT,2025-12-16 13:00:00.000,-6.316e-05,0.20173916,Regular
LSKUSDT,2025-12-16 14:00:00.001,-0.00014475,0.19886056,Regular
LSKUSDT,2025-12-16 15:00:00.000,-0.00014168,0.19930289,Regular
LSKUSDT,2025-12-16 16:00:00.002,-7.532e-05,0.19890000,Regular
LSKUSDT,2025-12-16 17:00:00.000,-1.783e-05,0.19890595,Regular
LSKUSDT,2025-12-16 18:00:00.000,-0.00016651,0.19710000,Regular
LSKUSDT,2025-12-16 19:00:00.005,-8.04e-05,0.19780000,Regular
LSKUSDT,2025-12-16 20:00:00.000,-0.00017393,0.19810000,Regular
LSKUSDT,2025-12-16 21:00:00.000,1.25e-05,0.20004880,Regular
LSKUSDT,2025-12-16 22:00:00.001,-4.221e-05,0.19982023,Regular
LSKUSDT,2025-12-16 23:00:00.001,1.25e-05,0.20012096,Regular
LSKUSDT,2025-12-17 00:00:00.004,-3.746e-05,0.20020000,Regular
LSKUSDT,2025-12-17 01:00:00.000,-6.15e-05,0.19810000,Regular
LSKUSDT,2025-12-17 02:00:00.000,-7.224e-05,0.19860000,Regular
LSKUSDT,2025-12-17 03:00:00.005,1.25e-05,0.19920000,Regular
LSKUSDT,2025-12-17 04:00:00.002,-7.36e-06,0.19795000,Regular
LSKUSDT,2025-12-17 05:00:00.000,-0.00014364,0.19570000,Regular
LSKUSDT,2025-12-17 06:00:00.001,-0.00010165,0.19500000,Regular
LSKUSDT,2025-12-17 07:00:00.000,-5.78e-06,0.19600000,Regular
LSKUSDT,2025-12-17 08:00:00.000,-1.07e-06,0.19650000,Regular
LSKUSDT,2025-12-17 09:00:00.001,4.99e-06,0.19570000,Regular
LSKUSDT,2025-12-17 10:00:00.006,-8.856e-05,0.19610000,Regular
LSKUSDT,2025-12-17 11:00:00.000,1.25e-05,0.19520157,Regular
LSKUSDT,2025-12-17 12:00:00.000,-1.14e-06,0.19483333,Regular
LSKUSDT,2025-12-17 13:00:00.000,-0.00015621,0.19430000,Regular
LSKUSDT,2025-12-17 14:00:00.000,-1.105e-05,0.19580000,Regular
LSKUSDT,2025-12-17 15:00:00.000,-3.079e-05,0.19830000,Regular
LSKUSDT,2025-12-17 16:00:00.000,-0.00012484,0.19340144,Regular
LSKUSDT,2025-12-17 17:00:00.000,-0.00016078,0.18901392,Regular
LSKUSDT,2025-12-17 18:00:00.000,-0.00014226,0.18637214,Regular
LSKUSDT,2025-12-17 19:00:00.000,-0.00016789,0.18230000,Regular
LSKUSDT,2025-12-17 20:00:00.001,-0.00010819,0.18410000,Regular
LSKUSDT,2025-12-17 21:00:00.000,-0.00014711,0.18340000,Regular
LSKUSDT,2025-12-17 22:00:00.000,-0.00025047,0.18290000,Regular
LSKUSDT,2025-12-17 23:00:00.005,-0.0002252,0.18360000,Regular
LSKUSDT,2025-12-18 00:00:00.005,-0.00019134,0.18280000,Regular
LSKUSDT,2025-12-18 01:00:00.005,-0.00028533,0.18094983,Regular
LSKUSDT,2025-12-18 02:00:00.000,-0.00010917,0.17516371,Regular
LSKUSDT,2025-12-18 03:00:00.000,-0.00010905,0.17654982,Regular
LSKUSDT,2025-12-18 04:00:00.000,-0.00039832,0.17394821,Regular
LSKUSDT,2025-12-18 05:00:00.003,-0.00030164,0.17283000,Regular
LSKUSDT,2025-12-18 06:00:00.001,-0.0004455,0.17298333,Regular
LSKUSDT,2025-12-18 07:00:00.000,-0.00043238,0.17345027,Regular
LSKUSDT,2025-12-18 08:00:00.007,-0.00025368,0.17500000,Regular
LSKUSDT,2025-12-18 09:00:00.002,-0.0003477,0.17964560,Regular
LSKUSDT,2025-12-18 10:00:00.001,-0.00035614,0.18095538,Regular
LSKUSDT,2025-12-18 11:00:00.001,-0.00039715,0.18114330,Regular
LSKUSDT,2025-12-18 12:00:00.000,-0.00034344,0.18070000,Regular
LSKUSDT,2025-12-18 13:00:00.000,-0.00049012,0.17855000,Regular
LSKUSDT,2025-12-18 14:00:00.001,-0.00059149,0.18330000,Regular
LSKUSDT,2025-12-18 15:00:00.000,-0.0007492,0.18945763,Regular
LSKUSDT,2025-12-18 16:00:00.001,-0.00092083,0.18890000,Regular
LSKUSDT,2025-12-18 17:00:00.000,-0.00035329,0.18935218,Regular
LSKUSDT,2025-12-18 18:00:00.001,-0.00025851,0.18510832,Regular
LSKUSDT,2025-12-18 19:00:00.000,-0.00021545,0.18160000,Regular
LSKUSDT,2025-12-18 20:00:00.000,-0.00027169,0.17654826,Regular
LSKUSDT,2025-12-18 21:00:00.000,-5.455e-05,0.17750000,Regular
LSKUSDT,2025-12-18 22:00:00.004,-0.00029668,0.17922478,Regular
LSKUSDT,2025-12-18 23:00:00.000,-6.752e-05,0.18080000,Regular
LSKUSDT,2025-12-19 00:00:00.000,-0.00040779,0.17890000,Regular
LSKUSDT,2025-12-19 01:00:00.000,-0.00027246,0.18039023,Regular
LSKUSDT,2025-12-19 02:00:00.000,-0.00039313,0.17906466,Regular
LSKUSDT,2025-12-19 03:00:00.008,-0.00035401,0.17970000,Regular
LSKUSDT,2025-12-19 04:00:00.000,-0.00031899,0.18340000,Regular
LSKUSDT,2025-12-19 05:00:00.001,-0.00037509,0.18434206,Regular
LSKUSDT,2025-12-19 06:00:00.000,-0.00049203,0.18260000,Regular
LSKUSDT,2025-12-19 07:00:00.001,-0.00017964,0.18490000,Regular
LSKUSDT,2025-12-19 08:00:00.001,-0.0003507,0.18510000,Regular
LSKUSDT,2025-12-19 09:00:00.000,-0.00038791,0.18590000,Regular
LSKUSDT,2025-12-19 10:00:00.000,-0.00027037,0.18650000,Regular
LSKUSDT,2025-12-19 11:00:00.009,-0.00040742,0.18555023,Regular
LSKUSDT,2025-12-19 12:00:00.000,-0.0001545,0.18604991,Regular
LSKUSDT,2025-12-19 13:00:00.006,-0.00014907,0.18490000,Regular
LSKUSDT,2025-12-19 14:00:00.001,-0.00021298,0.18485009,Regular
LSKUSDT,2025-12-19 15:00:00.000,-0.00026727,0.18684944,Regular
LSKUSDT,2025-12-19 16:00:00.000,-0.00038262,0.18670000,Regular
LSKUSDT,2025-12-19 17:00:00.003,-0.0003561,0.18674731,Regular
LSKUSDT,2025-12-19 18:00:00.000,-0.00045503,0.18604786,Regular
LSKUSDT,2025-12-19 19:00:00.001,-0.00042181,0.18780000,Regular
LSKUSDT,2025-12-19 20:00:00.000,-0.00036345,0.19000000,Regular
LSKUSDT,2025-12-19 21:00:00.002,-0.00040059,0.19090000,Regular
LSKUSDT,2025-12-19 22:00:00.004,-0.00038657,0.18865009,Regular
LSKUSDT,2025-12-19 23:00:00.000,-0.00010938,0.18965099,Regular
LSKUSDT,2025-12-20 00:00:00.005,-0.00027151,0.18960000,Regular
LSKUSDT,2025-12-20 01:00:00.007,-0.00032662,0.18875000,Regular
LSKUSDT,2025-12-20 02:00:00.000,-0.00020766,0.18930000,Regular
LSKUSDT,2025-12-20 03:00:00.006,-0.00023938,0.18830000,Regular
LSKUSDT,2025-12-20 04:00:00.001,-0.00019131,0.18765559,Regular
LSKUSDT,2025-12-20 05:00:00.004,-0.00013569,0.18970000,Regular
LSKUSDT,2025-12-20 06:00:00.002,-1.11e-05,0.19415353,Regular
LSKUSDT,2025-12-20 07:00:00.000,-1.823e-05,0.19719428,Regular
LSKUSDT,2025-12-20 08:00:00.000,-1.93e-06,0.19898142,Regular
LSKUSDT,2025-12-20 09:00:00.009,-5.348e-05,0.19870000,Regular
LSKUSDT,2025-12-20 10:00:00.000,-3.531e-05,0.19970000,Regular
LSKUSDT,2025-12-20 11:00:00.001,-4.435e-05,0.19813697,Regular
LSKUSDT,2025-12-20 12:00:00.000,-0.00013235,0.19804188,Regular
LSKUSDT,2025-12-20 13:00:00.000,-0.0008667,0.20417544,Regular
LSKUSDT,2025-12-20 14:00:00.000,-0.00099085,0.20250000,Regular
LSKUSDT,2025-12-20 15:00:00.007,-0.00067488,0.20000000,Regular
LSKUSDT,2025-12-20 16:00:00.002,-0.00017707,0.19780000,Regular
LSKUSDT,2025-12-20 17:00:00.007,-9.098e-05,0.19645400,Regular
LSKUSDT,2025-12-20 18:00:00.007,-6.879e-05,0.19660000,Regular
LSKUSDT,2025-12-20 19:00:00.003,-6.67e-05,0.19710000,Regular
LSKUSDT,2025-12-20 20:00:00.009,-0.00018127,0.19715534,Regular
LSKUSDT,2025-12-20 21:00:00.005,-0.00011894,0.19810000,Regular
LSKUSDT,2025-12-20 22:00:00.000,-0.00014788,0.19821877,Regular
LSKUSDT,2025-12-20 23:00:00.008,-2.131e-05,0.19923899,Regular
LSKUSDT,2025-12-21 00:00:00.000,-0.00013977,0.19874980,Regular
LSKUSDT,2025-12-21 01:00:00.000,-0.00010754,0.19700000,Regular
LSKUSDT,2025-12-21 02:00:00.000,-0.00017402,0.19502143,Regular
LSKUSDT,2025-12-21 03:00:00.000,-0.00012666,0.19470000,Regular
LSKUSDT,2025-12-21 04:00:00.003,-0.00013345,0.19430000,Regular
LSKUSDT,2025-12-21 05:00:00.001,-7.129e-05,0.19523957,Regular
LSKUSDT,2025-12-21 06:00:00.010,-0.00018158,0.19525000,Regular
LSKUSDT,2025-12-21 07:00:00.006,-1.729e-05,0.19590000,Regular
LSKUSDT,2025-12-21 08:00:00.009,-9.186e-05,0.19600000,Regular
LSKUSDT,2025-12-21 09:00:00.000,-0.0001917,0.19511797,Regular
LSKUSDT,2025-12-21 10:00:00.000,-0.00015865,0.19460000,Regular
LSKUSDT,2025-12-21 11:00:00.000,-0.00028907,0.19282865,Regular
LSKUSDT,2025-12-21 12:00:00.000,-0.00027453,0.19405000,Regular
LSKUSDT,2025-12-21 13:00:00.000,-0.00021722,0.19240000,Regular
LSKUSDT,2025-12-21 14:00:00.004,-0.0002047,0.18773987,Regular
LSKUSDT,2025-12-21 15:00:00.003,-0.00013631,0.18863820,Regular
LSKUSDT,2025-12-21 16:00:00.000,-0.0002033,0.18906299,Regular
LSKUSDT,2025-12-21 17:00:00.000,-0.00010956,0.18950000,Regular
LSKUSDT,2025-12-21 18:00:00.006,-0.00031949,0.18863449,Regular
LSKUSDT,2025-12-21 19:00:00.000,-0.0003336,0.18912900,Regular
LSKUSDT,2025-12-21 20:00:00.009,-0.00032703,0.18915000,Regular
LSKUSDT,2025-12-21 21:00:00.003,-0.00032478,0.18790000,Regular
LSKUSDT,2025-12-21 22:00:00.001,-0.00036664,0.18670000,Regular
LSKUSDT,2025-12-21 23:00:00.009,-0.00027573,0.18860000,Regular
LSKUSDT,2025-12-22 00:00:00.000,-0.0002733,0.18850000,Regular
LSKUSDT,2025-12-22 01:00:00.001,-0.00044459,0.18935039,Regular
LSKUSDT,2025-12-22 02:00:00.002,-0.00021508,0.19084796,Regular
LSKUSDT,2025-12-22 03:00:00.000,-0.00018358,0.19080000,Regular
LSKUSDT,2025-12-22 04:00:00.000,-8.448e-05,0.19160000,Regular
LSKUSDT,2025-12-22 05:00:00.000,-0.00012946,0.19124976,Regular
LSKUSDT,2025-12-22 06:00:00.000,-0.00030345,0.19130000,Regular
LSKUSDT,2025-12-22 07:00:00.000,-0.00021216,0.19240000,Regular
LSKUSDT,2025-12-22 08:00:00.005,-0.00020413,0.19301734,Regular
LSKUSDT,2025-12-22 09:00:00.000,-0.00013051,0.19410000,Regular
LSKUSDT,2025-12-22 10:00:00.004,-0.00016235,0.19490000,Regular
LSKUSDT,2025-12-22 11:00:00.001,-0.00019725,0.19427000,Regular
LSKUSDT,2025-12-22 12:00:00.002,-9.638e-05,0.19450000,Regular
LSKUSDT,2025-12-22 13:00:00.000,-0.00014926,0.19410000,Regular
LSKUSDT,2025-12-22 14:00:00.000,-0.00020764,0.19320000,Regular
LSKUSDT,2025-12-22 15:00:00.001,-4.85e-05,0.19390000,Regular
LSKUSDT,2025-12-22 16:00:00.009,-9.781e-05,0.19382334,Regular
LSKUSDT,2025-12-22 17:00:00.002,-0.00011452,0.19380000,Regular
LSKUSDT,2025-12-22 18:00:00.000,2.47e-06,0.19391651,Regular
LSKUSDT,2025-12-22 19:00:00.000,-0.00014466,0.19330000,Regular
LSKUSDT,2025-12-22 20:00:00.001,-0.00020278,0.19115251,Regular
LSKUSDT,2025-12-22 21:00:00.000,-0.00015143,0.19044236,Regular
LSKUSDT,2025-12-22 22:00:00.000,-7.579e-05,0.19074973,Regular
LSKUSDT,2025-12-22 23:00:00.003,-0.00020087,0.19140000,Regular
LSKUSDT,2025-12-23 00:00:00.000,-0.00012774,0.19150000,Regular
LSKUSDT,2025-12-23 01:00:00.004,-1.697e-05,0.19334952,Regular
LSKUSDT,2025-12-23 02:00:00.002,-0.00014731,0.19210000,Regular
LSKUSDT,2025-12-23 03:00:00.007,-5.601e-05,0.19005048,Regular
LSKUSDT,2025-12-23 04:00:00.000,-0.00020174,0.19001203,Regular
LSKUSDT,2025-12-23 05:00:00.000,-0.00022598,0.18891286,Regular
LSKUSDT,2025-12-23 06:00:00.001,-0.00015989,0.18730000,Regular
LSKUSDT,2025-12-23 07:00:00.001,-0.00012699,0.18693832,Regular
LSKUSDT,2025-12-23 08:00:00.000,-4.021e-05,0.18651331,Regular
LSKUSDT,2025-12-23 09:00:00.010,-0.00014639,0.19550857,Regular
LSKUSDT,2025-12-23 10:00:00.000,-0.00126761,0.20060000,Regular
LSKUSDT,2025-12-23 11:00:00.001,-0.00145001,0.19800000,Regular
LSKUSDT,2025-12-23 12:00:00.000,-0.00096829,0.20520000,Regular
LSKUSDT,2025-12-23 13:00:00.000,-0.00041579,0.20553175,Regular
LSKUSDT,2025-12-23 14:00:00.000,-0.00015529,0.20604845,Regular
LSKUSDT,2025-12-23 15:00:00.000,-0.00028731,0.20200000,Regular
LSKUSDT,2025-12-23 16:00:00.001,-0.00014456,0.20010000,Regular
LSKUSDT,2025-12-23 17:00:00.001,-5.361e-05,0.20103510,Regular
LSKUSDT,2025-12-23 18:00:00.000,-6.454e-05,0.19680000,Regular
LSKUSDT,2025-12-23 19:00:00.002,2.99e-06,0.20053635,Regular
LSKUSDT,2025-12-23 20:00:00.005,-5.225e-05,0.19960000,Regular
LSKUSDT,2025-12-23 21:00:00.001,-5.715e-05,0.19930000,Regular
LSKUSDT,2025-12-23 22:00:00.000,1.25e-05,0.19980000,Regular
LSKUSDT,2025-12-23 23:00:00.001,-2.457e-05,0.20190000,Regular
LSKUSDT,2025-12-24 00:00:00.001,-7.183e-05,0.20184652,Regular
LSKUSDT,2025-12-24 01:00:00.003,-4.429e-05,0.19890000,Regular
LSKUSDT,2025-12-24 02:00:00.005,1.25e-05,0.19816244,Regular
LSKUSDT,2025-12-24 03:00:00.002,-0.00010267,0.19569786,Regular
LSKUSDT,2025-12-24 04:00:00.000,-9.326e-05,0.19808531,Regular
LSKUSDT,2025-12-24 05:00:00.000,-0.00012596,0.19510760,Regular
LSKUSDT,2025-12-24 06:00:00.006,-8.108e-05,0.19434498,Regular
LSKUSDT,2025-12-24 07:00:00.000,1.25e-05,0.19444420,Regular
LSKUSDT,2025-12-24 08:00:00.001,8.85e-06,0.19453191,Regular
LSKUSDT,2025-12-24 09:00:00.001,-5.9e-05,0.19350000,Regular
LSKUSDT,2025-12-24 10:00:00.001,-5.42e-05,0.19340000,Regular
LSKUSDT,2025-12-24 11:00:00.005,-3.43e-06,0.19315000,Regular
LSKUSDT,2025-12-24 12:00:00.002,-3.537e-05,0.19490000,Regular
LSKUSDT,2025-12-24 13:00:00.000,-7.68e-06,0.19564985,Regular
LSKUSDT,2025-12-24 14:00:00.010,-0.00011505,0.19460000,Regular
LSKUSDT,2025-12-24 15:00:00.000,-8.649e-05,0.19490000,Regular
LSKUSDT,2025-12-24 16:00:00.000,-8.64e-06,0.19624226,Regular
LSKUSDT,2025-12-24 17:00:00.002,-0.00012539,0.19627002,Regular
LSKUSDT,2025-12-24 18:00:00.000,-1.118e-05,0.19550000,Regular
LSKUSDT,2025-12-24 19:00:00.000,-2.268e-05,0.19594333,Regular
LSKUSDT,2025-12-24 20:00:00.003,-7.851e-05,0.19720034,Regular
LSKUSDT,2025-12-24 21:00:00.003,-6.626e-05,0.19660000,Regular
LSKUSDT,2025-12-24 22:00:00.005,-1.686e-05,0.19690000,Regular
LSKUSDT,2025-12-24 23:00:00.003,-3.937e-05,0.19690000,Regular
LSKUSDT,2025-12-25 00:00:00.000,1.25e-05,0.19885811,Regular
LSKUSDT,2025-12-25 01:00:00.006,1.25e-05,0.19800000,Regular
LSKUSDT,2025-12-25 02:00:00.007,3.77e-06,0.20040000,Regular
LSKUSDT,2025-12-25 03:00:00.001,1.25e-05,0.20029667,Regular
LSKUSDT,2025-12-25 04:00:00.000,-6.871e-05,0.19940000,Regular
LSKUSDT,2025-12-25 05:00:00.000,-4.524e-05,0.20040000,Regular
LSKUSDT,2025-12-25 06:00:00.001,-0.00026163,0.19905000,Regular
LSKUSDT,2025-12-25 07:00:00.000,-0.00010357,0.19926940,Regular
LSKUSDT,2025-12-25 08:00:00.001,1.25e-05,0.20120000,Regular
LSKUSDT,2025-12-25 09:00:00.000,-6.463e-05,0.19782681,Regular
LSKUSDT,2025-12-25 10:00:00.006,-0.00010317,0.19740000,Regular
LSKUSDT,2025-12-25 11:00:00.010,-0.00011763,0.19540000,Regular
LSKUSDT,2025-12-25 12:00:00.008,1.69e-06,0.19522333,Regular
LSKUSDT,2025-12-25 13:00:00.006,-3.158e-05,0.19565900,Regular
LSKUSDT,2025-12-25 14:00:00.001,-0.00014474,0.19864414,Regular
LSKUSDT,2025-12-25 15:00:00.001,-0.00010409,0.19820000,Regular
LSKUSDT,2025-12-25 16:00:00.005,-0.00010003,0.19930000,Regular
LSKUSDT,2025-12-25 17:00:00.001,-0.00015399,0.19861524,Regular
LSKUSDT,2025-12-25 18:00:00.000,-0.00014189,0.19782484,Regular
LSKUSDT,2025-12-25 19:00:00.000,-0.00011957,0.19880000,Regular
LSKUSDT,2025-12-25 20:00:00.001,-4.69e-05,0.19860000,Regular
LSKUSDT,2025-12-25 21:00:00.000,-1.118e-05,0.19809620,Regular
LSKUSDT,2025-12-25 22:00:00.003,1.27e-06,0.19809068,Regular
LSKUSDT,2025-12-25 23:00:00.007,-0.00023432,0.19540000,Regular
LSKUSDT,2025-12-26 00:00:00.004,-0.00012658,0.19426091,Regular
LSKUSDT,2025-12-26 01:00:00.014,-0.00014936,0.19220000,Regular
LSKUSDT,2025-12-26 02:00:00.003,-1e-05,0.19190835,Regular
LSKUSDT,2025-12-26 03:00:00.000,-3.872e-05,0.19680000,Regular
LSKUSDT,2025-12-26 04:00:00.005,-0.00013441,0.19720000,Regular
LSKUSDT,2025-12-26 05:00:00.000,-4.251e-05,0.19550000,Regular
LSKUSDT,2025-12-26 06:00:00.000,-5.77e-06,0.19600000,Regular
LSKUSDT,2025-12-26 07:00:00.000,-0.00019937,0.19550000,Regular
LSKUSDT,2025-12-26 08:00:00.001,-0.00018294,0.19398753,Regular
LSKUSDT,2025-12-26 09:00:00.001,-8.449e-05,0.19940000,Regular
LSKUSDT,2025-12-26 10:00:00.002,-0.00013025,0.20355473,Regular
LSKUSDT,2025-12-26 11:00:00.001,-9.55e-05,0.20409299,Regular
LSKUSDT,2025-12-26 12:00:00.000,-0.00012727,0.20386130,Regular
LSKUSDT,2025-12-26 13:00:00.009,-0.00018426,0.20440000,Regular
LSKUSDT,2025-12-26 14:00:00.000,-0.00117574,0.20573745,Regular
LSKUSDT,2025-12-26 15:00:00.001,-0.0015083,0.20490000,Regular
LSKUSDT,2025-12-26 16:00:00.007,-0.00100539,0.20401873,Regular
LSKUSDT,2025-12-26 17:00:00.001,-0.00069644,0.20380000,Regular
LSKUSDT,2025-12-26 18:00:00.000,-0.00055452,0.20384245,Regular
LSKUSDT,2025-12-26 19:00:00.002,-0.00064418,0.20450000,Regular
LSKUSDT,2025-12-26 20:00:00.000,-0.00047346,0.20432683,Regular
LSKUSDT,2025-12-26 21:00:00.009,-0.00035579,0.20310000,Regular
LSKUSDT,2025-12-26 22:00:00.004,-0.00036373,0.20400000,Regular
LSKUSDT,2025-12-26 23:00:00.000,-0.00053636,0.20510000,Regular
LSKUSDT,2025-12-27 00:00:00.000,-0.00025838,0.20570000,Regular
LSKUSDT,2025-12-27 01:00:00.001,-0.00053768,0.20430000,Regular
LSKUSDT,2025-12-27 02:00:00.004,-0.00034076,0.20450000,Regular
LSKUSDT,2025-12-27 03:00:00.000,-0.00020119,0.20345657,Regular
LSKUSDT,2025-12-27 04:00:00.000,-0.000435,0.20390000,Regular
LSKUSDT,2025-12-27 05:00:00.001,-0.00039488,0.20454261,Regular
LSKUSDT,2025-12-27 06:00:00.009,-0.00039818,0.20370000,Regular
LSKUSDT,2025-12-27 07:00:00.000,-0.00030323,0.20361546,Regular
LSKUSDT,2025-12-27 08:00:00.000,-0.00032978,0.20390000,Regular
LSKUSDT,2025-12-27 09:00:00.001,-0.00050429,0.20340000,Regular
LSKUSDT,2025-12-27 10:00:00.000,-0.00046352,0.20254999,Regular
LSKUSDT,2025-12-27 11:00:00.000,-0.00031515,0.20271894,Regular
LSKUSDT,2025-12-27 12:00:00.000,-9.321e-05,0.20289140,Regular
LSKUSDT,2025-12-27 13:00:00.000,-0.00024293,0.20330000,Regular
LSKUSDT,2025-12-27 14:00:00.000,-0.00029839,0.20261051,Regular
LSKUSDT,2025-12-27 15:00:00.010,-0.00030005,0.20245000,Regular
LSKUSDT,2025-12-27 16:00:00.011,-0.00024789,0.20320000,Regular
LSKUSDT,2025-12-27 17:00:00.001,-0.00044674,0.20188333,Regular
LSKUSDT,2025-12-27 18:00:00.001,-0.00033836,0.20270000,Regular
LSKUSDT,2025-12-27 19:00:00.001,-5.201e-05,0.20235000,Regular
LSKUSDT,2025-12-27 20:00:00.003,-7.259e-05,0.20245000,Regular
LSKUSDT,2025-12-27 21:00:00.000,-0.00022714,0.20266174,Regular
LSKUSDT,2025-12-27 22:00:00.005,-4.389e-05,0.20320000,Regular
LSKUSDT,2025-12-27 23:00:00.000,-0.00027819,0.20224963,Regular
LSKUSDT,2025-12-28 00:00:00.008,-0.00015796,0.20452265,Regular
LSKUSDT,2025-12-28 01:00:00.000,-0.00034875,0.20425000,Regular
LSKUSDT,2025-12-28 02:00:00.001,-0.00032177,0.20425000,Regular
LSKUSDT,2025-12-28 03:00:00.005,-0.00037708,0.20490144,Regular
LSKUSDT,2025-12-28 04:00:00.000,-0.00015226,0.20440000,Regular
LSKUSDT,2025-12-28 05:00:00.000,-0.00023866,0.20385000,Regular
LSKUSDT,2025-12-28 06:00:00.000,-0.00038925,0.20405000,Regular
LSKUSDT,2025-12-28 07:00:00.001,-0.00028858,0.20465333,Regular
LSKUSDT,2025-12-28 08:00:00.000,-0.00041197,0.20430000,Regular
LSKUSDT,2025-12-28 09:00:00.006,-0.00050129,0.20345000,Regular
LSKUSDT,2025-12-28 10:00:00.000,-0.00035559,0.20470000,Regular
LSKUSDT,2025-12-28 11:00:00.000,-0.00028646,0.20430000,Regular
LSKUSDT,2025-12-28 12:00:00.010,-0.00038547,0.20300000,Regular
LSKUSDT,2025-12-28 13:00:00.000,-0.0004108,0.20089480,Regular
LSKUSDT,2025-12-28 14:00:00.006,-0.00033536,0.20180000,Regular
LSKUSDT,2025-12-28 15:00:00.000,-0.0001394,0.20160000,Regular
LSKUSDT,2025-12-28 16:00:00.000,-0.0002572,0.20189638,Regular
LSKUSDT,2025-12-28 17:00:00.004,-0.00025407,0.19840000,Regular
LSKUSDT,2025-12-28 18:00:00.001,-0.00013808,0.19316546,Regular
LSKUSDT,2025-12-28 19:00:00.000,-0.00017968,0.19110000,Regular
LSKUSDT,2025-12-28 20:00:00.002,-0.00018308,0.19030000,Regular
LSKUSDT,2025-12-28 21:00:00.003,-0.00022507,0.19155648,Regular
LSKUSDT,2025-12-28 22:00:00.006,-0.00014615,0.19220399,Regular
LSKUSDT,2025-12-28 23:00:00.000,-7.052e-05,0.19310000,Regular
LSKUSDT,2025-12-29 00:00:00.016,-0.00022268,0.19210000,Regular
LSKUSDT,2025-12-29 01:00:00.000,-0.00013794,0.19184885,Regular
LSKUSDT,2025-12-29 02:00:00.010,-0.00021701,0.19245164,Regular
LSKUSDT,2025-12-29 03:00:00.001,-5.071e-05,0.19345185,Regular
LSKUSDT,2025-12-29 04:00:00.000,-4.291e-05,0.19452688,Regular
LSKUSDT,2025-12-29 05:00:00.008,-0.00020102,0.19479059,Regular
LSKUSDT,2025-12-29 06:00:00.000,-0.00013875,0.19417599,Regular
LSKUSDT,2025-12-29 07:00:00.008,-0.00017157,0.19420000,Regular
LSKUSDT,2025-12-29 08:00:00.001,-6.37e-06,0.19518502,Regular
LSKUSDT,2025-12-29 09:00:00.001,-7.316e-05,0.19487690,Regular
LSKUSDT,2025-12-29 10:00:00.000,-0.00023509,0.19290000,Regular
LSKUSDT,2025-12-29 11:00:00.008,-8.894e-05,0.19400000,Regular
LSKUSDT,2025-12-29 12:00:00.001,-0.0001192,0.19288924,Regular
LSKUSDT,2025-12-29 13:00:00.000,-0.00019568,0.19300000,Regular
LSKUSDT,2025-12-29 14:00:00.000,-0.00027396,0.19160000,Regular
LSKUSDT,2025-12-29 15:00:00.002,-0.00018805,0.19290000,Regular
LSKUSDT,2025-12-29 16:00:00.000,-2.29e-05,0.19370000,Regular
LSKUSDT,2025-12-29 17:00:00.000,-0.00012353,0.19260000,Regular
LSKUSDT,2025-12-29 18:00:00.000,-1.911e-05,0.19280000,Regular
LSKUSDT,2025-12-29 19:00:00.000,-0.00019649,0.19150000,Regular
LSKUSDT,2025-12-29 20:00:00.000,-5.506e-05,0.19290000,Regular
LSKUSDT,2025-12-29 21:00:00.005,-7.776e-05,0.19233187,Regular
LSKUSDT,2025-12-29 22:00:00.001,1.25e-05,0.19420000,Regular
LSKUSDT,2025-12-29 23:00:00.000,-5.493e-05,0.19370000,Regular
LSKUSDT,2025-12-30 00:00:00.005,-0.00022558,0.19274312,Regular
LSKUSDT,2025-12-30 01:00:00.000,-0.00014277,0.19150000,Regular
LSKUSDT,2025-12-30 02:00:00.000,-9.03e-05,0.19140000,Regular
LSKUSDT,2025-12-30 03:00:00.000,-6.856e-05,0.19150000,Regular
LSKUSDT,2025-12-30 04:00:00.012,-0.00011647,0.19110000,Regular
LSKUSDT,2025-12-30 05:00:00.000,-0.00023778,0.19120000,Regular
LSKUSDT,2025-12-30 06:00:00.004,-0.00023724,0.19290000,Regular
LSKUSDT,2025-12-30 07:00:00.006,-0.0001306,0.19486820,Regular
LSKUSDT,2025-12-30 08:00:00.001,-5.461e-05,0.19600000,Regular
LSKUSDT,2025-12-30 09:00:00.000,-0.00023861,0.19605515,Regular
LSKUSDT,2025-12-30 10:00:00.000,-0.00033548,0.20261993,Regular
LSKUSDT,2025-12-30 11:00:00.003,-0.00077634,0.19721204,Regular
LSKUSDT,2025-12-30 12:00:00.000,-0.00046376,0.19730000,Regular
LSKUSDT,2025-12-30 13:00:00.000,-0.00035331,0.19605037,Regular
LSKUSDT,2025-12-30 14:00:00.000,-0.00028181,0.19570000,Regular
LSKUSDT,2025-12-30 15:00:00.000,-0.00025671,0.19520000,Regular
LSKUSDT,2025-12-30 16:00:00.003,-0.00012368,0.19510000,Regular
LSKUSDT,2025-12-30 17:00:00.009,-0.00014392,0.19470000,Regular
LSKUSDT,2025-12-30 18:00:00.000,-5.34e-06,0.19440000,Regular
LSKUSDT,2025-12-30 19:00:00.001,-0.00014506,0.19414804,Regular
LSKUSDT,2025-12-30 20:00:00.001,1.25e-05,0.19410000,Regular
LSKUSDT,2025-12-30 21:00:00.001,-9.032e-05,0.19364828,Regular
LSKUSDT,2025-12-30 22:00:00.000,-0.0001581,0.19425000,Regular
LSKUSDT,2025-12-30 23:00:00.007,-0.00011174,0.19520000,Regular
LSKUSDT,2025-12-31 00:00:00.004,-7.306e-05,0.19602374,Regular
LSKUSDT,2025-12-31 01:00:00.004,-0.00021141,0.19455000,Regular
LSKUSDT,2025-12-31 02:00:00.000,-0.00013068,0.19561010,Regular
LSKUSDT,2025-12-31 03:00:00.005,1.25e-05,0.19620000,Regular
LSKUSDT,2025-12-31 04:00:00.008,-0.00011133,0.19785992,Regular
LSKUSDT,2025-12-31 05:00:00.000,-0.00012622,0.19670000,Regular
LSKUSDT,2025-12-31 06:00:00.003,-0.00013903,0.19580000,Regular
LSKUSDT,2025-12-31 07:00:00.000,-0.00014986,0.19424420,Regular
LSKUSDT,2025-12-31 08:00:00.001,-8.894e-05,0.19475578,Regular
LSKUSDT,2025-12-31 09:00:00.002,-0.00012079,0.19370000,Regular
LSKUSDT,2025-12-31 10:00:00.002,-5.527e-05,0.19354970,Regular
LSKUSDT,2025-12-31 11:00:00.004,-0.00018244,0.19090000,Regular
LSKUSDT,2025-12-31 12:00:00.007,-0.0001756,0.19300000,Regular
LSKUSDT,2025-12-31 13:00:00.001,-0.00015727,0.19200000,Regular
LSKUSDT,2025-12-31 14:00:00.008,-1.738e-05,0.19200000,Regular
LSKUSDT,2025-12-31 15:00:00.000,-0.00012652,0.19143955,Regular
LSKUSDT,2025-12-31 16:00:00.001,-0.00024789,0.19092576,Regular
LSKUSDT,2025-12-31 17:00:00.000,-0.0001728,0.18921517,Regular
LSKUSDT,2025-12-31 18:00:00.006,-0.00025133,0.18866829,Regular
LSKUSDT,2025-12-31 19:00:00.001,-8.169e-05,0.18854994,Regular
LSKUSDT,2025-12-31 20:00:00.009,-4.734e-05,0.19050000,Regular
LSKUSDT,2025-12-31 21:00:00.002,-8.48e-05,0.19085452,Regular
LSKUSDT,2025-12-31 22:00:00.008,1.25e-05,0.19085001,Regular
LSKUSDT,2025-12-31 23:00:00.001,-0.00011451,0.19190000,Regular
LSKUSDT,2026-01-01 00:00:00.008,-0.00010881,0.19240000,Regular
LSKUSDT,2026-01-01 01:00:00.000,-0.00011822,0.19170000,Regular
LSKUSDT,2026-01-01 02:00:00.000,-0.00010586,0.19120000,Regular
LSKUSDT,2026-01-01 03:00:00.008,-0.00014484,0.19170000,Regular
LSKUSDT,2026-01-01 04:00:00.000,-0.00019609,0.19047398,Regular
LSKUSDT,2026-01-01 05:00:00.008,-0.00025776,0.19200000,Regular
LSKUSDT,2026-01-01 06:00:00.000,-0.00019131,0.19380000,Regular
LSKUSDT,2026-01-01 07:00:00.002,-0.00021654,0.19280000,Regular
LSKUSDT,2026-01-01 08:00:00.002,-0.00020231,0.19375000,Regular
LSKUSDT,2026-01-01 09:00:00.009,-0.00020492,0.19324833,Regular
LSKUSDT,2026-01-01 10:00:00.000,-0.00024556,0.19295000,Regular
LSKUSDT,2026-01-01 11:00:00.006,-0.00010083,0.19340000,Regular
LSKUSDT,2026-01-01 12:00:00.007,-3.416e-05,0.19345000,Regular
LSKUSDT,2026-01-01 13:00:00.006,-0.0001458,0.19240000,Regular
LSKUSDT,2026-01-01 14:00:00.008,-0.00012645,0.19320000,Regular
LSKUSDT,2026-01-01 15:00:00.000,-5.141e-05,0.19400000,Regular
LSKUSDT,2026-01-01 16:00:00.001,-0.00011235,0.19471847,Regular
LSKUSDT,2026-01-01 17:00:00.000,-7.947e-05,0.19545006,Regular
LSKUSDT,2026-01-01 18:00:00.000,1.25e-05,0.19610000,Regular
LSKUSDT,2026-01-01 19:00:00.000,-0.00018681,0.19630000,Regular
LSKUSDT,2026-01-01 20:00:00.005,-4.449e-05,0.19630000,Regular
LSKUSDT,2026-01-01 21:00:00.000,-5.589e-05,0.19570000,Regular
LSKUSDT,2026-01-01 22:00:00.000,-9.207e-05,0.19539586,Regular
LSKUSDT,2026-01-01 23:00:00.000,-4.126e-05,0.19590000,Regular
LSKUSDT,2026-01-02 00:00:00.006,-0.00013324,0.19530000,Regular
LSKUSDT,2026-01-02 01:00:00.007,-7.808e-05,0.19530000,Regular
LSKUSDT,2026-01-02 02:00:00.003,-7.929e-05,0.19490000,Regular
LSKUSDT,2026-01-02 03:00:00.002,-0.00011713,0.19440000,Regular
LSKUSDT,2026-01-02 04:00:00.000,-3.46e-05,0.19575036,Regular
LSKUSDT,2026-01-02 05:00:00.009,-0.00011037,0.19495000,Regular
LSKUSDT,2026-01-02 06:00:00.001,-9.905e-05,0.19570000,Regular
LSKUSDT,2026-01-02 07:00:00.001,-0.00011034,0.19500517,Regular
LSKUSDT,2026-01-02 08:00:00.007,-2.756e-05,0.19480000,Regular
LSKUSDT,2026-01-02 09:00:00.002,-0.00011744,0.19634300,Regular
LSKUSDT,2026-01-02 10:00:00.010,-9.656e-05,0.19870000,Regular
LSKUSDT,2026-01-02 11:00:00.000,-0.00021774,0.19870000,Regular
LSKUSDT,2026-01-02 12:00:00.000,-0.000157,0.19780000,Regular
LSKUSDT,2026-01-02 16:00:00.000,-0.00043887,0.19840000,Regular
LSKUSDT,2026-01-02 20:00:00.000,-0.00012495,0.19940000,Regular
LSKUSDT,2026-01-03 00:00:00.001,-0.00016399,0.20202303,Regular
LSKUSDT,2026-01-03 04:00:00.000,-9.395e-05,0.20280000,Regular
LSKUSDT,2026-01-03 08:00:00.000,-0.0001275,0.19754329,Regular
LSKUSDT,2026-01-03 12:00:00.008,-9.391e-05,0.19833147,Regular
LSKUSDT,2026-01-03 16:00:00.000,-0.00033531,0.19930000,Regular
LSKUSDT,2026-01-03 20:00:00.001,-0.00043426,0.20140000,Regular
LSKUSDT,2026-01-04 00:00:00.000,-0.00028838,0.20055971,Regular
LSKUSDT,2026-01-04 04:00:00.000,-0.00059085,0.20255167,Regular
LSKUSDT,2026-01-04 08:00:00.000,-0.00048838,0.20032797,Regular
LSKUSDT,2026-01-04 12:00:00.001,-0.00042969,0.20710000,Regular
LSKUSDT,2026-01-04 16:00:00.001,-0.00138963,0.21570000,Regular
LSKUSDT,2026-01-04 20:00:00.002,-9.124e-05,0.21052069,Regular
LSKUSDT,2026-01-05 00:00:00.000,-7.097e-05,0.21040000,Regular
LSKUSDT,2026-01-05 04:00:00.001,-1.54e-05,0.21014992,Regular
LSKUSDT,2026-01-05 08:00:00.000,3.254e-05,0.21038293,Regular
LSKUSDT,2026-01-05 12:00:00.000,-7.27e-06,0.20897131,Regular
LSKUSDT,2026-01-05 16:00:00.000,-0.00015399,0.21303708,Regular
LSKUSDT,2026-01-05 20:00:00.000,5e-05,0.21240000,Regular
LSKUSDT,2026-01-06 00:00:00.010,-0.00010103,0.21238737,Regular
LSKUSDT,2026-01-06 04:00:00.000,-9.98e-06,0.21165000,Regular
LSKUSDT,2026-01-06 08:00:00.000,-0.00016185,0.20915000,Regular
LSKUSDT,2026-01-06 12:00:00.000,-0.00018383,0.21130000,Regular
LSKUSDT,2026-01-06 16:00:00.000,-0.0002953,0.21060000,Regular
LSKUSDT,2026-01-06 20:00:00.002,-0.00014212,0.20534977,Regular
LSKUSDT,2026-01-07 00:00:00.001,5e-05,0.21070000,Regular
LSKUSDT,2026-01-07 04:00:00.003,-0.00042583,0.21340722,Regular
LSKUSDT,2026-01-07 08:00:00.001,-0.00039231,0.21458838,Regular
LSKUSDT,2026-01-07 12:00:00.000,-0.00053337,0.20910000,Regular
LSKUSDT,2026-01-07 16:00:00.001,-0.00019658,0.20494955,Regular
LSKUSDT,2026-01-07 20:00:00.001,-0.00010138,0.20530000,Regular
LSKUSDT,2026-01-08 00:00:00.001,-0.00020719,0.20670000,Regular
LSKUSDT,2026-01-08 04:00:00.000,-0.00020264,0.20975004,Regular
LSKUSDT,2026-01-08 08:00:00.000,-0.00021205,0.21110000,Regular
LSKUSDT,2026-01-08 12:00:00.002,-0.00047911,0.20940509,Regular
LSKUSDT,2026-01-08 16:00:00.000,2.03e-06,0.20899953,Regular
LSKUSDT,2026-01-08 20:00:00.000,-0.00013498,0.20885013,Regular
LSKUSDT,2026-01-09 00:00:00.003,-0.0002161,0.20955012,Regular
LSKUSDT,2026-01-09 04:00:00.000,1.332e-05,0.20868090,Regular
LSKUSDT,2026-01-09 08:00:00.000,5e-05,0.20814597,Regular
LSKUSDT,2026-01-09 12:00:00.000,-2.833e-05,0.20620000,Regular
LSKUSDT,2026-01-09 16:00:00.001,-0.00017287,0.20687756,Regular
LSKUSDT,2026-01-09 20:00:00.005,-0.00020307,0.20500984,Regular
LSKUSDT,2026-01-10 00:00:00.000,3.653e-05,0.20770000,Regular
LSKUSDT,2026-01-10 04:00:00.000,-0.00017286,0.20620000,Regular
LSKUSDT,2026-01-10 08:00:00.002,-6.008e-05,0.20635000,Regular
LSKUSDT,2026-01-10 12:00:00.000,-0.00034945,0.20555000,Regular
LSKUSDT,2026-01-10 16:00:00.001,-0.00017283,0.20516538,Regular
LSKUSDT,2026-01-10 20:00:00.014,-8.283e-05,0.20653087,Regular
LSKUSDT,2026-01-11 00:00:00.003,-0.00011269,0.20485000,Regular
LSKUSDT,2026-01-11 04:00:00.000,-0.00010721,0.20825345,Regular
LSKUSDT,2026-01-11 08:00:00.006,-6.801e-05,0.21035000,Regular
LSKUSDT,2026-01-11 12:00:00.000,-0.00024484,0.20800000,Regular
LSKUSDT,2026-01-11 16:00:00.000,-0.00086668,0.20630000,Regular
LSKUSDT,2026-01-11 20:00:00.002,-0.0002976,0.20600000,Regular
LSKUSDT,2026-01-12 00:00:00.005,-0.00029861,0.20345128,Regular
LSKUSDT,2026-01-12 04:00:00.008,-0.00016507,0.20040000,Regular
LSKUSDT,2026-01-12 08:00:00.000,-0.00039096,0.19810000,Regular
LSKUSDT,2026-01-12 12:00:00.000,-0.00018015,0.19584894,Regular
LSKUSDT,2026-01-12 16:00:00.000,-0.00012128,0.19700000,Regular
LSKUSDT,2026-01-12 20:00:00.000,4.027e-05,0.19665051,Regular
LSKUSDT,2026-01-13 00:00:00.007,5e-05,0.19511998,Regular
LSKUSDT,2026-01-13 04:00:00.000,-0.00033225,0.20275001,Regular
LSKUSDT,2026-01-13 08:00:00.009,-0.00045768,0.20110000,Regular
LSKUSDT,2026-01-13 12:00:00.000,-0.000583,0.20878321,Regular
LSKUSDT,2026-01-13 16:00:00.002,-0.00245171,0.21130000,Regular
LSKUSDT,2026-01-13 20:00:00.003,-4.794e-05,0.21360000,Regular
LSKUSDT,2026-01-14 00:00:00.000,-5.555e-05,0.21292296,Regular
LSKUSDT,2026-01-14 04:00:00.001,5e-05,0.21352603,Regular
LSKUSDT,2026-01-14 08:00:00.001,-5.33e-06,0.21164825,Regular
LSKUSDT,2026-01-14 12:00:00.000,-1.112e-05,0.20920000,Regular
LSKUSDT,2026-01-14 16:00:00.004,-6.999e-05,0.21000000,Regular
LSKUSDT,2026-01-14 20:00:00.007,-0.00025876,0.20810000,Regular
LSKUSDT,2026-01-15 00:00:00.000,5e-05,0.20795006,Regular
LSKUSDT,2026-01-15 04:00:00.008,-0.00010311,0.20265021,Regular
LSKUSDT,2026-01-15 08:00:00.004,5e-05,0.20690000,Regular
LSKUSDT,2026-01-15 12:00:00.000,-7.2e-06,0.20660000,Regular
LSKUSDT,2026-01-15 16:00:00.002,-0.000378,0.20280000,Regular
LSKUSDT,2026-01-15 20:00:00.000,5e-05,0.20090000,Regular
LSKUSDT,2026-01-16 00:00:00.000,-9.673e-05,0.20290000,Regular
LSKUSDT,2026-01-16 04:00:00.000,-0.00041073,0.20395410,Regular
LSKUSDT,2026-01-16 08:00:00.000,5e-05,0.20530000,Regular
LSKUSDT,2026-01-16 12:00:00.001,-7.132e-05,0.20450365,Regular
LSKUSDT,2026-01-16 16:00:00.001,-0.0003896,0.20162566,Regular
LSKUSDT,2026-01-16 20:00:00.003,-0.00035621,0.20420000,Regular
LSKUSDT,2026-01-17 00:00:00.000,5e-05,0.20950000,Regular
LSKUSDT,2026-01-17 04:00:00.000,3.081e-05,0.20664974,Regular
LSKUSDT,2026-01-17 08:00:00.000,5e-05,0.20930000,Regular
LSKUSDT,2026-01-17 12:00:00.000,-0.00015818,0.20765018,Regular
LSKUSDT,2026-01-17 16:00:00.002,5e-05,0.21150000,Regular
LSKUSDT,2026-01-17 20:00:00.002,5e-05,0.21070000,Regular
LSKUSDT,2026-01-18 00:00:00.001,-0.00047694,0.21040000,Regular
LSKUSDT,2026-01-18 04:00:00.002,-2.03e-06,0.20774884,Regular
LSKUSDT,2026-01-18 08:00:00.000,-5.157e-05,0.20670000,Regular
LSKUSDT,2026-01-18 12:00:00.000,-0.00014692,0.20734452,Regular
LSKUSDT,2026-01-18 16:00:00.000,-9.017e-05,0.20600000,Regular
LSKUSDT,2026-01-18 20:00:00.011,5e-05,0.20696333,Regular
LSKUSDT,2026-01-19 00:00:00.007,-0.00014246,0.19950000,Regular
LSKUSDT,2026-01-19 04:00:00.002,2.054e-05,0.18681540,Regular
LSKUSDT,2026-01-19 08:00:00.007,-0.00024177,0.18542266,Regular
LSKUSDT,2026-01-19 12:00:00.000,-0.0001237,0.18410507,Regular
LSKUSDT,2026-01-19 16:00:00.007,-0.00058316,0.18451019,Regular
LSKUSDT,2026-01-19 20:00:00.000,-0.00020498,0.18750000,Regular
LSKUSDT,2026-01-20 00:00:00.005,-0.00033879,0.18580333,Regular
LSKUSDT,2026-01-20 04:00:00.008,-0.00032705,0.18444887,Regular
LSKUSDT,2026-01-20 08:00:00.001,-0.00011995,0.18206556,Regular
LSKUSDT,2026-01-20 12:00:00.007,-9.92e-06,0.17930872,Regular
LSKUSDT,2026-01-20 16:00:00.009,-5.232e-05,0.18000671,Regular
LSKUSDT,2026-01-20 20:00:00.002,-0.00025665,0.17664830,Regular
LSKUSDT,2026-01-21 00:00:00.001,-0.00043536,0.17424997,Regular
LSKUSDT,2026-01-21 04:00:00.009,-0.00019331,0.17810000,Regular
LSKUSDT,2026-01-21 08:00:00.011,5e-05,0.17696907,Regular
LSKUSDT,2026-01-21 12:00:00.000,-0.00012346,0.17530000,Regular
LSKUSDT,2026-01-21 16:00:00.011,-5.929e-05,0.17960000,Regular
LSKUSDT,2026-01-21 20:00:00.000,5e-05,0.18021679,Regular
LSKUSDT,2026-01-22 00:00:00.010,-0.00010479,0.17860000,Regular
LSKUSDT,2026-01-22 04:00:00.011,5e-05,0.17893956,Regular
LSKUSDT,2026-01-22 08:00:00.003,-0.00010647,0.17750000,Regular
LSKUSDT,2026-01-22 12:00:00.000,-0.00015087,0.17544987,Regular
LSKUSDT,2026-01-22 16:00:00.005,-1.366e-05,0.17360225,Regular
LSKUSDT,2026-01-22 20:00:00.000,-9.596e-05,0.17536419,Regular
LSKUSDT,2026-01-23 00:00:00.005,-0.00026517,0.17436194,Regular
LSKUSDT,2026-01-23 04:00:00.000,5e-05,0.17750000,Regular
LSKUSDT,2026-01-23 08:00:00.000,-0.0001832,0.17800000,Regular
LSKUSDT,2026-01-23 12:00:00.002,-0.00013056,0.17940000,Regular
LSKUSDT,2026-01-23 16:00:00.011,-0.00032756,0.17770000,Regular
LSKUSDT,2026-01-23 20:00:00.000,-0.00050115,0.17686772,Regular
LSKUSDT,2026-01-24 00:00:00.011,5e-05,0.17840506,Regular
LSKUSDT,2026-01-24 04:00:00.008,-0.00019459,0.17890000,Regular
LSKUSDT,2026-01-24 08:00:00.002,-7.483e-05,0.18090000,Regular
LSKUSDT,2026-01-24 12:00:00.000,-0.00013551,0.18050000,Regular
LSKUSDT,2026-01-24 16:00:00.001,-0.00032025,0.17835000,Regular
LSKUSDT,2026-01-24 20:00:00.008,-2.317e-05,0.17710000,Regular
LSKUSDT,2026-01-25 00:00:00.002,1.714e-05,0.17924993,Regular
LSKUSDT,2026-01-25 04:00:00.000,-0.00032375,0.17884954,Regular
LSKUSDT,2026-01-25 08:00:00.011,-1.008e-05,0.17822669,Regular
LSKUSDT,2026-01-25 12:00:00.000,-0.00013069,0.18020000,Regular
LSKUSDT,2026-01-25 16:00:00.005,-0.00016733,0.17880652,Regular
LSKUSDT,2026-01-25 20:00:00.001,-6.297e-05,0.16800000,Regular
LSKUSDT,2026-01-26 00:00:00.000,-6.926e-05,0.17045049,Regular
LSKUSDT,2026-01-26 04:00:00.000,5e-05,0.17465076,Regular
LSKUSDT,2026-01-26 08:00:00.003,5e-05,0.17475000,Regular
LSKUSDT,2026-01-26 12:00:00.000,5e-05,0.17505000,Regular
LSKUSDT,2026-01-26 16:00:00.000,5e-05,0.17790000,Regular
LSKUSDT,2026-01-26 20:00:00.000,5e-05,0.17740000,Regular
LSKUSDT,2026-01-27 00:00:00.002,-3.905e-05,0.17784991,Regular
LSKUSDT,2026-01-27 04:00:00.002,-2.73e-05,0.17703307,Regular
LSKUSDT,2026-01-27 08:00:00.000,5e-05,0.17822641,Regular
LSKUSDT,2026-01-27 12:00:00.006,5e-05,0.17580000,Regular
LSKUSDT,2026-01-27 16:00:00.000,5e-05,0.17451552,Regular
LSKUSDT,2026-01-27 20:00:00.000,7.96e-06,0.17694475,Regular
LSKUSDT,2026-01-28 00:00:00.000,5e-05,0.17986076,Regular
LSKUSDT,2026-01-28 04:00:00.008,4.597e-05,0.17810000,Regular
LSKUSDT,2026-01-28 08:00:00.000,5e-05,0.17655000,Regular
LSKUSDT,2026-01-28 12:00:00.005,5e-05,0.17740000,Regular
LSKUSDT,2026-01-28 16:00:00.000,-0.00019633,0.17510000,Regular
LSKUSDT,2026-01-28 20:00:00.004,5e-05,0.17540584,Regular
LSKUSDT,2026-01-29 00:00:00.000,-0.00014452,0.17540000,Regular
LSKUSDT,2026-01-29 04:00:00.000,5e-05,0.17050000,Regular
LSKUSDT,2026-01-29 08:00:00.009,5e-05,0.17105088,Regular
LSKUSDT,2026-01-29 12:00:00.000,5e-05,0.16680000,Regular
LSKUSDT,2026-01-29 16:00:00.000,5e-05,0.16333212,Regular
LSKUSDT,2026-01-29 20:00:00.004,3.736e-05,0.16176954,Regular
LSKUSDT,2026-01-30 00:00:00.008,5e-05,0.16310000,Regular
LSKUSDT,2026-01-30 04:00:00.005,5e-05,0.15610000,Regular
LSKUSDT,2026-01-30 08:00:00.000,5e-05,0.15920000,Regular
LSKUSDT,2026-01-30 12:00:00.005,1.208e-05,0.15923433,Regular
LSKUSDT,2026-01-30 16:00:00.001,5e-05,0.15950000,Regular
LSKUSDT,2026-01-30 20:00:00.004,5e-05,0.16230544,Regular
LSKUSDT,2026-01-31 00:00:00.000,5e-05,0.16167797,Regular
LSKUSDT,2026-01-31 04:00:00.002,5e-05,0.16350690,Regular
LSKUSDT,2026-01-31 08:00:00.001,2.143e-05,0.16380000,Regular
LSKUSDT,2026-01-31 12:00:00.010,-4.851e-05,0.16214040,Regular
LSKUSDT,2026-01-31 16:00:00.009,-0.00020299,0.15058443,Regular
LSKUSDT,2026-01-31 20:00:00.012,5e-05,0.13881578,Regular
LSKUSDT,2026-02-01 00:00:00.001,5e-05,0.14682659,Regular
LSKUSDT,2026-02-01 04:00:00.000,-3.871e-05,0.14564987,Regular
LSKUSDT,2026-02-01 08:00:00.004,8.54e-06,0.14610000,Regular
LSKUSDT,2026-02-01 12:00:00.004,-0.00026532,0.14550000,Regular
LSKUSDT,2026-02-01 16:00:00.000,-0.00061004,0.14550492,Regular
LSKUSDT,2026-02-01 20:00:00.004,-8.589e-05,0.14420000,Regular
LSKUSDT,2026-02-02 00:00:00.000,-0.00064558,0.14350000,Regular
LSKUSDT,2026-02-02 04:00:00.000,-0.00096043,0.14460000,Regular
LSKUSDT,2026-02-02 08:00:00.014,-0.00013919,0.14351173,Regular
LSKUSDT,2026-02-02 12:00:00.009,3.441e-05,0.14430720,Regular
LSKUSDT,2026-02-02 16:00:00.000,-0.00011977,0.14850000,Regular
LSKUSDT,2026-02-02 20:00:00.000,5e-05,0.14751375,Regular
LSKUSDT,2026-02-03 00:00:00.000,1.643e-05,0.14830000,Regular
LSKUSDT,2026-02-03 04:00:00.001,-0.00019679,0.14572549,Regular
LSKUSDT,2026-02-03 08:00:00.007,-0.00018979,0.14844574,Regular
LSKUSDT,2026-02-03 12:00:00.006,1.455e-05,0.14629336,Regular
LSKUSDT,2026-02-03 16:00:00.000,-6.218e-05,0.14681223,Regular
LSKUSDT,2026-02-03 20:00:00.009,-0.00032542,0.14253898,Regular
LSKUSDT,2026-02-04 00:00:00.002,-0.00018901,0.14367038,Regular
LSKUSDT,2026-02-04 04:00:00.004,-2.5e-06,0.14735066,Regular
LSKUSDT,2026-02-04 08:00:00.007,-1.637e-05,0.14670000,Regular
LSKUSDT,2026-02-04 12:00:00.010,-8.332e-05,0.14410000,Regular
LSKUSDT,2026-02-04 16:00:00.000,-0.00046894,0.13930000,Regular
LSKUSDT,2026-02-04 20:00:00.001,3.826e-05,0.14259307,Regular
LSKUSDT,2026-02-05 00:00:00.011,-0.00010649,0.14150000,Regular
LSKUSDT,2026-02-05 04:00:00.001,-0.00022815,0.13820000,Regular
LSKUSDT,2026-02-05 08:00:00.000,5e-05,0.13592217,Regular
LSKUSDT,2026-02-05 12:00:00.006,-0.00037161,0.13242733,Regular
LSKUSDT,2026-02-05 16:00:00.007,-0.00037239,0.12741340,Regular
LSKUSDT,2026-02-05 20:00:00.000,-0.0003117,0.12240000,Regular
LSKUSDT,2026-02-06 00:00:00.000,-0.00013789,0.11750000,Regular
LSKUSDT,2026-02-06 04:00:00.001,-0.00038063,0.11730947,Regular
LSKUSDT,2026-02-06 08:00:00.001,-0.00033866,0.12033896,Regular
LSKUSDT,2026-02-06 12:00:00.003,5e-05,0.12348227,Regular
LSKUSDT,2026-02-06 16:00:00.000,-8.239e-05,0.12672438,Regular
LSKUSDT,2026-02-06 20:00:00.005,-6.782e-05,0.13123343,Regular
LSKUSDT,2026-02-07 00:00:00.003,1.646e-05,0.13134686,Regular
LSKUSDT,2026-02-07 04:00:00.024,5e-05,0.13300000,Regular
LSKUSDT,2026-02-07 08:00:00.000,-0.00048136,0.13020000,Regular
LSKUSDT,2026-02-07 12:00:00.007,-1.894e-05,0.13363722,Regular
LSKUSDT,2026-02-07 16:00:00.010,-0.00022055,0.13210000,Regular
LSKUSDT,2026-02-07 20:00:00.000,-0.00012302,0.13430000,Regular
LSKUSDT,2026-02-08 00:00:00.003,-0.00026337,0.13414893,Regular
LSKUSDT,2026-02-08 04:00:00.002,-0.0043443,0.14060000,Regular
LSKUSDT,2026-02-08 08:00:00.000,-0.00196217,0.13764699,Regular
LSKUSDT,2026-02-08 12:00:00.005,-0.00133793,0.13867091,Regular
LSKUSDT,2026-02-08 16:00:00.000,-0.00069896,0.13610000,Regular
LSKUSDT,2026-02-08 20:00:00.000,-0.00081295,0.13644986,Regular
LSKUSDT,2026-02-09 00:00:00.002,-0.00110326,0.13640000,Regular
LSKUSDT,2026-02-09 04:00:00.012,-0.00130734,0.13450000,Regular
LSKUSDT,2026-02-09 08:00:00.001,-0.00165989,0.13240000,Regular
LSKUSDT,2026-02-09 12:00:00.003,-0.00231651,0.12800000,Regular
LSKUSDT,2026-02-09 16:00:00.007,-9.9e-07,0.13087090,Regular
LSKUSDT,2026-02-09 20:00:00.006,-0.00037743,0.13564212,Regular
LSKUSDT,2026-02-10 00:00:00.000,-0.00041991,0.13560000,Regular
LSKUSDT,2026-02-10 04:00:00.000,-0.00104047,0.13360000,Regular
LSKUSDT,2026-02-10 08:00:00.007,-0.00196944,0.13320000,Regular
LSKUSDT,2026-02-10 12:00:00.000,-0.00114715,0.13215051,Regular
LSKUSDT,2026-02-10 16:00:00.000,-0.00163859,0.13419306,Regular
LSKUSDT,2026-02-10 20:00:00.007,-0.00120921,0.13434985,Regular
LSKUSDT,2026-02-11 00:00:00.000,-0.00039503,0.13430000,Regular
LSKUSDT,2026-02-11 04:00:00.000,-0.00089422,0.13403678,Regular
LSKUSDT,2026-02-11 08:00:00.006,-0.00387964,0.13130000,Regular
LSKUSDT,2026-02-11 12:00:00.000,-0.00255474,0.13260000,Regular
LSKUSDT,2026-02-11 16:00:00.000,4.461e-05,0.13220000,Regular
LSKUSDT,2026-02-11 20:00:00.003,5e-05,0.13504973,Regular
LSKUSDT,2026-02-12 00:00:00.000,-0.00019954,0.13780000,Regular
LSKUSDT,2026-02-12 04:00:00.000,-0.00080065,0.13810000,Regular
LSKUSDT,2026-02-12 08:00:00.001,5e-05,0.13938015,Regular
LSKUSDT,2026-02-12 12:00:00.002,-0.00017487,0.14044839,Regular
LSKUSDT,2026-02-12 16:00:00.001,-0.00023344,0.13935168,Regular
LSKUSDT,2026-02-12 20:00:00.006,5e-05,0.13900000,Regular
LSKUSDT,2026-02-13 00:00:00.007,-1.439e-05,0.13980000,Regular
LSKUSDT,2026-02-13 04:00:00.000,-3.123e-05,0.13980000,Regular
LSKUSDT,2026-02-13 08:00:00.003,-0.00053182,0.13950000,Regular
LSKUSDT,2026-02-13 12:00:00.000,-0.00026287,0.14120000,Regular
LSKUSDT,2026-02-13 16:00:00.005,-0.00038825,0.14480000,Regular
LSKUSDT,2026-02-13 20:00:00.006,-0.00032228,0.14525386,Regular
LSKUSDT,2026-02-14 00:00:00.002,-5.474e-05,0.14550000,Regular
LSKUSDT,2026-02-14 04:00:00.007,-0.00041971,0.14435160,Regular
LSKUSDT,2026-02-14 08:00:00.004,5e-05,0.15020797,Regular
LSKUSDT,2026-02-14 12:00:00.000,-0.00014291,0.14854098,Regular
LSKUSDT,2026-02-14 16:00:00.002,-6.683e-05,0.14814998,Regular
LSKUSDT,2026-02-14 20:00:00.000,5e-05,0.15025131,Regular
LSKUSDT,2026-02-15 00:00:00.000,-0.00021801,0.15012484,Regular
LSKUSDT,2026-02-15 04:00:00.000,-0.00030263,0.15035492,Regular
LSKUSDT,2026-02-15 08:00:00.002,-0.00044149,0.14921676,Regular
LSKUSDT,2026-02-15 12:00:00.005,-0.00072025,0.14668209,Regular
LSKUSDT,2026-02-15 16:00:00.000,-0.00059279,0.14180000,Regular
LSKUSDT,2026-02-15 20:00:00.009,-0.00094691,0.14170000,Regular
LSKUSDT,2026-02-16 00:00:00.001,-1.009e-05,0.14363330,Regular
LSKUSDT,2026-02-16 04:00:00.004,-0.00109546,0.14940000,Regular
LSKUSDT,2026-02-16 08:00:00.003,-0.00072932,0.14440000,Regular
LSKUSDT,2026-02-16 12:00:00.000,-0.00066693,0.14420000,Regular
LSKUSDT,2026-02-16 16:00:00.000,-0.00028974,0.14228484,Regular
LSKUSDT,2026-02-16 20:00:00.009,-0.00016889,0.14400000,Regular
LSKUSDT,2026-02-17 00:00:00.008,-0.00033154,0.14560000,Regular
LSKUSDT,2026-02-17 04:00:00.003,-0.00065164,0.14363232,Regular
LSKUSDT,2026-02-17 08:00:00.001,-0.0002048,0.14150000,Regular
LSKUSDT,2026-02-17 12:00:00.000,-0.00026734,0.14134677,Regular
LSKUSDT,2026-02-17 16:00:00.002,-5.581e-05,0.14248811,Regular
LSKUSDT,2026-02-17 20:00:00.002,-6.964e-05,0.14290886,Regular
LSKUSDT,2026-02-18 00:00:00.000,1.9e-05,0.14260000,Regular
LSKUSDT,2026-02-18 04:00:00.000,-0.00015382,0.14815980,Regular
LSKUSDT,2026-02-18 08:00:00.000,-0.00036258,0.14810000,Regular
LSKUSDT,2026-02-18 12:00:00.007,-0.00077943,0.14660000,Regular
LSKUSDT,2026-02-18 16:00:00.011,-0.00013859,0.14810856,Regular
LSKUSDT,2026-02-18 20:00:00.004,-0.00021891,0.14303774,Regular
LSKUSDT,2026-02-19 00:00:00.013,2.149e-05,0.14215009,Regular
LSKUSDT,2026-02-19 04:00:00.003,-0.00030148,0.14224989,Regular
LSKUSDT,2026-02-19 08:00:00.000,-0.00016903,0.14705028,Regular
LSKUSDT,2026-02-19 12:00:00.011,-0.00039858,0.14820000,Regular
LSKUSDT,2026-02-19 16:00:00.003,-0.00053374,0.14995145,Regular
LSKUSDT,2026-02-19 20:00:00.000,-6.492e-05,0.15100400,Regular
LSKUSDT,2026-02-20 00:00:00.000,-0.00021748,0.15040000,Regular
LSKUSDT,2026-02-20 04:00:00.003,-0.00031392,0.14600000,Regular
LSKUSDT,2026-02-20 08:00:00.000,-0.00025494,0.14428757,Regular
LSKUSDT,2026-02-20 12:00:00.000,-7.34e-05,0.14430000,Regular
LSKUSDT,2026-02-20 16:00:00.000,-7.139e-05,0.14658367,Regular
LSKUSDT,2026-02-20 20:00:00.000,5e-05,0.14580000,Regular
LSKUSDT,2026-02-21 00:00:00.004,5e-05,0.14610000,Regular
LSKUSDT,2026-02-21 04:00:00.000,-0.00013589,0.14435343,Regular
LSKUSDT,2026-02-21 08:00:00.000,-0.00033315,0.14360000,Regular
LSKUSDT,2026-02-21 12:00:00.013,-0.00029097,0.14234920,Regular
LSKUSDT,2026-02-21 16:00:00.005,-0.00067909,0.14220000,Regular
LSKUSDT,2026-02-21 20:00:00.000,5e-05,0.14157084,Regular
LSKUSDT,2026-02-22 00:00:00.001,-0.00066367,0.14070000,Regular
LSKUSDT,2026-02-22 04:00:00.008,-0.00059091,0.13810000,Regular
LSKUSDT,2026-02-22 08:00:00.004,4.173e-05,0.13780976,Regular
LSKUSDT,2026-02-22 12:00:00.008,-0.00036537,0.13870000,Regular
LSKUSDT,2026-02-22 16:00:00.000,-0.00094113,0.13565000,Regular
LSKUSDT,2026-02-22 20:00:00.000,-0.00056686,0.13500000,Regular
LSKUSDT,2026-02-23 00:00:00.001,-0.00025556,0.13600000,Regular
LSKUSDT,2026-02-23 04:00:00.000,-0.00094899,0.13136979,Regular
LSKUSDT,2026-02-23 08:00:00.000,5e-05,0.13201127,Regular
LSKUSDT,2026-02-23 12:00:00.003,-0.0001372,0.13230000,Regular
LSKUSDT,2026-02-23 16:00:00.000,-0.00019024,0.13014988,Regular
LSKUSDT,2026-02-23 20:00:00.000,-0.00010411,0.12954994,Regular
LSKUSDT,2026-02-24 00:00:00.007,5e-05,0.12924976,Regular
LSKUSDT,2026-02-24 04:00:00.000,5e-05,0.13250000,Regular
LSKUSDT,2026-02-24 08:00:00.000,5e-05,0.12917730,Regular
LSKUSDT,2026-02-24 12:00:00.000,5e-05,0.13209213,Regular
LSKUSDT,2026-02-24 16:00:00.001,-3.904e-05,0.13064998,Regular
LSKUSDT,2026-02-24 20:00:00.002,5e-05,0.13070000,Regular
LSKUSDT,2026-02-25 00:00:00.001,5e-05,0.12909196,Regular
LSKUSDT,2026-02-25 04:00:00.000,5e-05,0.13130000,Regular
LSKUSDT,2026-02-25 08:00:00.007,5e-05,0.12950000,Regular
LSKUSDT,2026-02-25 12:00:00.000,6.31e-06,0.12950000,Regular
LSKUSDT,2026-02-25 16:00:00.000,5e-05,0.13340000,Regular
LSKUSDT,2026-02-25 20:00:00.006,5e-05,0.13624430,Regular
LSKUSDT,2026-02-26 00:00:00.000,5e-05,0.13292363,Regular
LSKUSDT,2026-02-26 04:00:00.000,5e-05,0.13311338,Regular
LSKUSDT,2026-02-26 08:00:00.006,-2.095e-05,0.13130000,Regular
LSKUSDT,2026-02-26 12:00:00.004,-8.702e-05,0.13093975,Regular
LSKUSDT,2026-02-26 16:00:00.002,1.307e-05,0.13014703,Regular
LSKUSDT,2026-02-26 20:00:00.001,3.13e-06,0.13033682,Regular
LSKUSDT,2026-02-27 00:00:00.007,5e-05,0.12960000,Regular
LSKUSDT,2026-02-27 04:00:00.000,5e-05,0.13080000,Regular
LSKUSDT,2026-02-27 08:00:00.000,5e-05,0.13060000,Regular
LSKUSDT,2026-02-27 12:00:00.000,3.769e-05,0.12881589,Regular
LSKUSDT,2026-02-27 16:00:00.001,5e-05,0.12834953,Regular
LSKUSDT,2026-02-27 20:00:00.007,5e-05,0.12724937,Regular
LSKUSDT,2026-02-28 00:00:00.000,5e-05,0.12770000,Regular
LSKUSDT,2026-02-28 04:00:00.002,5e-05,0.12750987,Regular
LSKUSDT,2026-02-28 08:00:00.000,-3.752e-05,0.12100000,Regular
LSKUSDT,2026-02-28 12:00:00.001,5e-05,0.12050000,Regular
LSKUSDT,2026-02-28 16:00:00.004,4.749e-05,0.12307985,Regular
LSKUSDT,2026-02-28 20:00:00.000,0.00019967,0.12594983,Regular
LSKUSDT,2026-03-01 00:00:00.005,5e-05,0.12801529,Regular
LSKUSDT,2026-03-01 04:00:00.000,-7.509e-05,0.12939874,Regular
LSKUSDT,2026-03-01 08:00:00.000,-0.00015321,0.12825749,Regular
LSKUSDT,2026-03-01 12:00:00.000,-0.00041785,0.12710000,Regular
LSKUSDT,2026-03-01 16:00:00.002,-0.00011191,0.12590000,Regular
LSKUSDT,2026-03-01 20:00:00.001,-0.00012937,0.12375000,Regular
LSKUSDT,2026-03-02 00:00:00.001,5e-05,0.12380000,Regular
LSKUSDT,2026-03-02 04:00:00.001,5e-05,0.12608857,Regular
LSKUSDT,2026-03-02 08:00:00.007,2e-05,0.12620000,Regular
LSKUSDT,2026-03-02 12:00:00.002,8.45e-06,0.12531913,Regular
LSKUSDT,2026-03-02 16:00:00.000,9.584e-05,0.12914367,Regular
LSKUSDT,2026-03-02 20:00:00.000,-8.004e-05,0.12910000,Regular
LSKUSDT,2026-03-03 00:00:00.000,-0.00010634,0.12745115,Regular
LSKUSDT,2026-03-03 04:00:00.009,-0.00013643,0.13390000,Regular
LSKUSDT,2026-03-03 08:00:00.000,-0.00025999,0.13440000,Regular
LSKUSDT,2026-03-03 12:00:00.017,-0.00023221,0.13252047,Regular
LSKUSDT,2026-03-03 16:00:00.007,-0.00034274,0.13266138,Regular
LSKUSDT,2026-03-03 20:00:00.000,5e-05,0.13364983,Regular
LSKUSDT,2026-03-04 00:00:00.001,-0.00012491,0.13442252,Regular
LSKUSDT,2026-03-04 04:00:00.000,-6.507e-05,0.12928169,Regular
LSKUSDT,2026-03-04 08:00:00.005,4.497e-05,0.13004932,Regular
LSKUSDT,2026-03-04 12:00:00.008,4.632e-05,0.13202295,Regular
LSKUSDT,2026-03-04 16:00:00.000,-2.647e-05,0.13540000,Regular
LSKUSDT,2026-03-04 20:00:00.000,-0.00046406,0.13560000,Regular
LSKUSDT,2026-03-05 00:00:00.000,-0.00088856,0.13460000,Regular
LSKUSDT,2026-03-05 04:00:00.000,-0.00026874,0.13440000,Regular
LSKUSDT,2026-03-05 08:00:00.000,-0.0004007,0.13280966,Regular
LSKUSDT,2026-03-05 12:00:00.000,5e-05,0.13440000,Regular
LSKUSDT,2026-03-05 16:00:00.004,-0.00043558,0.13280071,Regular
LSKUSDT,2026-03-05 20:00:00.000,-0.00040091,0.13310000,Regular
LSKUSDT,2026-03-06 00:00:00.001,-0.00039142,0.13275005,Regular
LSKUSDT,2026-03-06 04:00:00.003,5e-05,0.13344942,Regular
LSKUSDT,2026-03-06 08:00:00.001,-0.00022169,0.13325000,Regular
LSKUSDT,2026-03-06 12:00:00.005,-0.00033671,0.13140530,Regular
LSKUSDT,2026-03-06 16:00:00.004,5e-05,0.12860000,Regular
LSKUSDT,2026-03-06 20:00:00.010,3.98e-05,0.12974994,Regular
LSKUSDT,2026-03-07 00:00:00.001,1.9e-06,0.13024999,Regular
LSKUSDT,2026-03-07 04:00:00.006,-0.00023274,0.12869883,Regular
LSKUSDT,2026-03-07 08:00:00.012,-0.00073267,0.12874996,Regular
LSKUSDT,2026-03-07 12:00:00.000,-0.00077757,0.12990000,Regular
LSKUSDT,2026-03-07 16:00:00.001,-0.00025032,0.12943194,Regular
LSKUSDT,2026-03-07 20:00:00.000,-0.00049548,0.12814142,Regular
LSKUSDT,2026-03-08 00:00:00.001,-5.452e-05,0.12780000,Regular
LSKUSDT,2026-03-08 04:00:00.010,-0.00125004,0.12703851,Regular
LSKUSDT,2026-03-08 08:00:00.000,5e-05,0.12870000,Regular
LSKUSDT,2026-03-08 12:00:00.002,-0.0003333,0.12873374,Regular
LSKUSDT,2026-03-08 16:00:00.002,-0.00030848,0.12780000,Regular
LSKUSDT,2026-03-08 20:00:00.000,-0.00038112,0.12910000,Regular
LSKUSDT,2026-03-09 00:00:00.000,5e-05,0.12770010,Regular
LSKUSDT,2026-03-09 04:00:00.006,5e-05,0.12850000,Regular
LSKUSDT,2026-03-09 08:00:00.004,-1.803e-05,0.12927710,Regular
LSKUSDT,2026-03-09 12:00:00.001,-0.0001189,0.12930000,Regular
LSKUSDT,2026-03-09 16:00:00.003,5e-05,0.13034954,Regular
LSKUSDT,2026-03-09 20:00:00.000,-4.263e-05,0.13040000,Regular
LSKUSDT,2026-03-10 00:00:00.012,-0.00014365,0.12954398,Regular
LSKUSDT,2026-03-10 04:00:00.000,-0.0002011,0.13005007,Regular
LSKUSDT,2026-03-10 08:00:00.002,4.319e-05,0.13100000,Regular
LSKUSDT,2026-03-10 12:00:00.004,-4.792e-05,0.13175244,Regular
LSKUSDT,2026-03-10 16:00:00.001,-0.00012285,0.13330000,Regular
LSKUSDT,2026-03-10 20:00:00.004,-0.00039228,0.13109234,Regular
LSKUSDT,2026-03-11 00:00:00.000,-0.00036974,0.13150000,Regular
LSKUSDT,2026-03-11 04:00:00.000,-0.00020392,0.13050000,Regular
LSKUSDT,2026-03-11 08:00:00.007,-0.00012225,0.13060000,Regular
LSKUSDT,2026-03-11 12:00:00.003,-8.694e-05,0.13012103,Regular
LSKUSDT,2026-03-11 16:00:00.010,-0.00025856,0.13105009,Regular
LSKUSDT,2026-03-11 20:00:00.004,-0.00041958,0.13200000,Regular
LSKUSDT,2026-03-12 00:00:00.000,-0.00018896,0.13185009,Regular
LSKUSDT,2026-03-12 04:00:00.001,-0.00028749,0.13000000,Regular
LSKUSDT,2026-03-12 08:00:00.000,9.2e-06,0.13015032,Regular
LSKUSDT,2026-03-12 12:00:00.006,-3.884e-05,0.13050000,Regular
LSKUSDT,2026-03-12 16:00:00.000,3.918e-05,0.13054971,Regular
LSKUSDT,2026-03-12 20:00:00.006,-7.487e-05,0.13010000,Regular
LSKUSDT,2026-03-13 00:00:00.006,5e-05,0.13000000,Regular
LSKUSDT,2026-03-13 04:00:00.005,0.00026589,0.13190000,Regular
LSKUSDT,2026-03-13 08:00:00.001,5e-05,0.13210000,Regular
LSKUSDT,2026-03-13 12:00:00.003,5e-05,0.13185363,Regular
LSKUSDT,2026-03-13 16:00:00.000,-1.198e-05,0.13244948,Regular
LSKUSDT,2026-03-13 20:00:00.000,5e-05,0.13173608,Regular
LSKUSDT,2026-03-14 00:00:00.001,5e-05,0.13114933,Regular
LSKUSDT,2026-03-14 04:00:00.002,-0.00061629,0.13015000,Regular
LSKUSDT,2026-03-14 08:00:00.000,4.566e-05,0.12860000,Regular
LSKUSDT,2026-03-14 12:00:00.000,-0.00013359,0.12845022,Regular
LSKUSDT,2026-03-14 16:00:00.007,-0.00045766,0.12718789,Regular
LSKUSDT,2026-03-14 20:00:00.000,-0.00065013,0.12760000,Regular
LSKUSDT,2026-03-15 00:00:00.000,-0.00089946,0.12800000,Regular
LSKUSDT,2026-03-15 04:00:00.000,5e-05,0.12895040,Regular
LSKUSDT,2026-03-15 08:00:00.000,5e-05,0.12966672,Regular
LSKUSDT,2026-03-15 12:00:00.002,5e-05,0.13285008,Regular
LSKUSDT,2026-03-15 16:00:00.000,5e-05,0.13134994,Regular
LSKUSDT,2026-03-15 20:00:00.000,5e-05,0.13380000,Regular
LSKUSDT,2026-03-16 00:00:00.000,-1.893e-05,0.13492227,Regular
LSKUSDT,2026-03-16 04:00:00.006,-2.82e-06,0.13540000,Regular
LSKUSDT,2026-03-16 08:00:00.010,-0.00044719,0.13480000,Regular
LSKUSDT,2026-03-16 12:00:00.002,-0.00040425,0.13541336,Regular
LSKUSDT,2026-03-16 16:00:00.000,-0.00023826,0.13510000,Regular
LSKUSDT,2026-03-16 20:00:00.001,3.217e-05,0.13644871,Regular
LSKUSDT,2026-03-17 00:00:00.000,5e-05,0.13702320,Regular
LSKUSDT,2026-03-17 04:00:00.008,-4.27e-06,0.13591095,Regular
LSKUSDT,2026-03-17 08:00:00.002,1.09e-05,0.13590000,Regular
LSKUSDT,2026-03-17 12:00:00.012,5e-05,0.14204496,Regular
LSKUSDT,2026-03-17 16:00:00.011,-0.00027059,0.14030000,Regular
LSKUSDT,2026-03-17 20:00:00.000,-3.927e-05,0.14020000,Regular
LSKUSDT,2026-03-18 00:00:00.002,-0.00028255,0.13990000,Regular
LSKUSDT,2026-03-18 04:00:00.000,-0.00046306,0.13970000,Regular
LSKUSDT,2026-03-18 08:00:00.002,-0.00055919,0.13995000,Regular
LSKUSDT,2026-03-18 12:00:00.001,-0.00039932,0.13590000,Regular
LSKUSDT,2026-03-18 16:00:00.005,-0.00014812,0.13116432,Regular
LSKUSDT,2026-03-18 20:00:00.008,-8.857e-05,0.13090000,Regular
LSKUSDT,2026-03-19 00:00:00.000,5e-05,0.13214997,Regular
LSKUSDT,2026-03-19 04:00:00.000,-0.00012041,0.13170000,Regular
LSKUSDT,2026-03-19 08:00:00.003,5e-05,0.12982189,Regular
LSKUSDT,2026-03-19 12:00:00.002,-0.0002018,0.13005171,Regular
LSKUSDT,2026-03-19 16:00:00.003,1.049e-05,0.12840000,Regular
LSKUSDT,2026-03-19 20:00:00.000,5e-05,0.12970000,Regular
LSKUSDT,2026-03-20 00:00:00.002,5e-05,0.12970000,Regular
LSKUSDT,2026-03-20 04:00:00.008,5e-05,0.13130000,Regular
LSKUSDT,2026-03-20 08:00:00.000,-0.00028509,0.13095172,Regular
LSKUSDT,2026-03-20 12:00:00.000,5e-05,0.13150000,Regular
LSKUSDT,2026-03-20 16:00:00.000,5e-05,0.13074980,Regular
LSKUSDT,2026-03-20 20:00:00.007,5e-05,0.13025002,Regular
LSKUSDT,2026-03-21 00:00:00.000,5e-05,0.13150000,Regular
LSKUSDT,2026-03-21 04:00:00.002,-0.00019062,0.13104927,Regular
LSKUSDT,2026-03-21 08:00:00.000,5e-05,0.13117924,Regular
LSKUSDT,2026-03-21 12:00:00.003,-0.00066921,0.13090000,Regular
LSKUSDT,2026-03-21 16:00:00.014,-0.00020625,0.13131351,Regular
LSKUSDT,2026-03-21 20:00:00.000,-2.794e-05,0.13010000,Regular
LSKUSDT,2026-03-22 00:00:00.012,5e-05,0.12692898,Regular
LSKUSDT,2026-03-22 04:00:00.003,5e-05,0.12675986,Regular
LSKUSDT,2026-03-22 08:00:00.007,5e-05,0.12744258,Regular
LSKUSDT,2026-03-22 12:00:00.000,-7.136e-05,0.12505003,Regular
LSKUSDT,2026-03-22 16:00:00.002,5e-05,0.12544473,Regular
LSKUSDT,2026-03-22 20:00:00.000,-0.00036442,0.12355024,Regular
LSKUSDT,2026-03-23 00:00:00.000,5e-05,0.12370000,Regular
LSKUSDT,2026-03-23 04:00:00.000,5e-05,0.12454993,Regular
LSKUSDT,2026-03-23 08:00:00.003,4.658e-05,0.12351437,Regular
LSKUSDT,2026-03-23 12:00:00.000,-6.644e-05,0.12672938,Regular
LSKUSDT,2026-03-23 16:00:00.002,-1.308e-05,0.12725001,Regular
LSKUSDT,2026-03-23 20:00:00.000,5e-05,0.12890000,Regular
LSKUSDT,2026-03-24 00:00:00.000,-0.0004491,0.12934979,Regular
LSKUSDT,2026-03-24 04:00:00.001,-2.713e-05,0.12840000,Regular
LSKUSDT,2026-03-24 08:00:00.000,5e-05,0.12845030,Regular
LSKUSDT,2026-03-24 12:00:00.000,5e-05,0.13140000,Regular
LSKUSDT,2026-03-24 16:00:00.003,5e-05,0.13031455,Regular
LSKUSDT,2026-03-24 20:00:00.000,-0.00010302,0.12970000,Regular
LSKUSDT,2026-03-25 00:00:00.000,4.986e-05,0.13130000,Regular
LSKUSDT,2026-03-25 04:00:00.000,-0.00033892,0.13060000,Regular
LSKUSDT,2026-03-25 08:00:00.000,5e-05,0.13030000,Regular
LSKUSDT,2026-03-25 12:00:00.005,2.381e-05,0.13060000,Regular
LSKUSDT,2026-03-25 16:00:00.013,5e-05,0.12965490,Regular
LSKUSDT,2026-03-25 20:00:00.001,5e-05,0.13012333,Regular
LSKUSDT,2026-03-26 00:00:00.001,5e-05,0.13030000,Regular
LSKUSDT,2026-03-26 04:00:00.002,5e-05,0.12975000,Regular
LSKUSDT,2026-03-26 08:00:00.001,5e-05,0.12800000,Regular
LSKUSDT,2026-03-26 12:00:00.000,5e-05,0.12720000,Regular
LSKUSDT,2026-03-26 16:00:00.000,5e-05,0.12685000,Regular
LSKUSDT,2026-03-26 20:00:00.003,5e-05,0.12635000,Regular
LSKUSDT,2026-03-27 00:00:00.006,5e-05,0.12690000,Regular
LSKUSDT,2026-03-27 04:00:00.001,4.253e-05,0.12640000,Regular
LSKUSDT,2026-03-27 08:00:00.000,5e-05,0.12705000,Regular
LSKUSDT,2026-03-27 12:00:00.002,-1.03e-06,0.12230000,Regular
LSKUSDT,2026-03-27 16:00:00.000,5e-05,0.12265000,Regular
LSKUSDT,2026-03-27 20:00:00.000,4.09e-05,0.12204824,Regular
LSKUSDT,2026-03-28 00:00:00.005,5e-05,0.12205000,Regular
LSKUSDT,2026-03-28 04:00:00.003,1.151e-05,0.12135000,Regular
LSKUSDT,2026-03-28 08:00:00.005,-0.00014673,0.12250000,Regular
LSKUSDT,2026-03-28 12:00:00.006,5e-05,0.12155000,Regular
LSKUSDT,2026-03-28 16:00:00.000,-7.285e-05,0.12205000,Regular
LSKUSDT,2026-03-28 20:00:00.003,5e-05,0.12235745,Regular
LSKUSDT,2026-03-29 00:00:00.003,-2.251e-05,0.12100000,Regular
LSKUSDT,2026-03-29 04:00:00.000,5e-05,0.12140000,Regular
LSKUSDT,2026-03-29 08:00:00.001,-0.0008006,0.12120000,Regular
LSKUSDT,2026-03-29 12:00:00.000,-0.00021449,0.12051549,Regular
LSKUSDT,2026-03-29 16:00:00.000,-0.00026102,0.11895000,Regular
LSKUSDT,2026-03-29 20:00:00.000,4.323e-05,0.11850000,Regular
LSKUSDT,2026-03-30 00:00:00.000,-0.00015442,0.11826353,Regular
LSKUSDT,2026-03-30 04:00:00.012,5e-05,0.12080000,Regular
LSKUSDT,2026-03-30 08:00:00.005,5e-05,0.12125637,Regular
LSKUSDT,2026-03-30 12:00:00.005,5e-05,0.12090000,Regular
LSKUSDT,2026-03-30 16:00:00.000,-0.00023841,0.12015730,Regular
LSKUSDT,2026-03-30 20:00:00.000,-9.689e-05,0.11835000,Regular
LSKUSDT,2026-03-31 00:00:00.000,5e-05,0.11897353,Regular
LSKUSDT,2026-03-31 04:00:00.000,-7.311e-05,0.11940000,Regular
LSKUSDT,2026-03-31 08:00:00.000,5e-05,0.12018235,Regular
LSKUSDT,2026-03-31 12:00:00.001,5e-05,0.11905000,Regular
LSKUSDT,2026-03-31 16:00:00.000,-0.00011873,0.11975000,Regular
LSKUSDT,2026-03-31 20:00:00.002,-8.317e-05,0.12135667,Regular
LSKUSDT,2026-04-01 00:00:00.000,1.332e-05,0.12160000,Regular
LSKUSDT,2026-04-01 04:00:00.004,5e-05,0.12160000,Regular
LSKUSDT,2026-04-01 08:00:00.000,5.6e-06,0.12284882,Regular
LSKUSDT,2026-04-01 12:00:00.000,5e-05,0.12240000,Regular
LSKUSDT,2026-04-01 16:00:00.000,5e-05,0.12260000,Regular
LSKUSDT,2026-04-01 20:00:00.000,-1.337e-05,0.12260000,Regular
LSKUSDT,2026-04-02 00:00:00.003,-0.00011349,0.12135000,Regular
LSKUSDT,2026-04-02 04:00:00.003,-0.00015545,0.11722529,Regular
LSKUSDT,2026-04-02 08:00:00.001,5e-05,0.11855000,Regular
LSKUSDT,2026-04-02 12:00:00.003,3.642e-05,0.11740000,Regular
LSKUSDT,2026-04-02 16:00:00.001,5e-05,0.11860000,Regular
LSKUSDT,2026-04-02 20:00:00.003,-0.0002419,0.11890000,Regular
LSKUSDT,2026-04-03 00:00:00.000,5e-05,0.11865000,Regular
LSKUSDT,2026-04-03 04:00:00.000,-0.00024787,0.11985000,Regular
LSKUSDT,2026-04-03 08:00:00.008,-4.27e-05,0.12105000,Regular
LSKUSDT,2026-04-03 12:00:00.006,5e-05,0.12344667,Regular
LSKUSDT,2026-04-03 16:00:00.008,5e-05,0.12200000,Regular
LSKUSDT,2026-04-03 20:00:00.001,-0.00015287,0.12220000,Regular
LSKUSDT,2026-04-04 00:00:00.000,5e-05,0.12225000,Regular
LSKUSDT,2026-04-04 04:00:00.001,5e-05,0.12405000,Regular
LSKUSDT,2026-04-04 08:00:00.003,5e-05,0.12540333,Regular
LSKUSDT,2026-04-04 12:00:00.000,5e-05,0.12514178,Regular
LSKUSDT,2026-04-04 16:00:00.000,-0.00018494,0.12430000,Regular
LSKUSDT,2026-04-04 20:00:00.000,-0.00012637,0.12405000,Regular
LSKUSDT,2026-04-05 00:00:00.008,-3.232e-05,0.12435000,Regular
LSKUSDT,2026-04-05 04:00:00.002,-0.00011136,0.12330000,Regular
LSKUSDT,2026-04-05 08:00:00.000,-4.642e-05,0.12150000,Regular
LSKUSDT,2026-04-05 12:00:00.003,-6.68e-05,0.12228448,Regular
LSKUSDT,2026-04-05 16:00:00.001,-0.0002101,0.12200000,Regular
LSKUSDT,2026-04-05 20:00:00.003,-1.897e-05,0.12230000,Regular
LSKUSDT,2026-04-06 00:00:00.004,-4.128e-05,0.12347716,Regular
LSKUSDT,2026-04-06 04:00:00.005,5e-05,0.12500000,Regular
LSKUSDT,2026-04-06 08:00:00.001,5e-05,0.12514176,Regular
LSKUSDT,2026-04-06 12:00:00.002,5e-05,0.12535000,Regular
LSKUSDT,2026-04-06 16:00:00.003,5e-05,0.12620000,Regular
LSKUSDT,2026-04-06 20:00:00.000,1.888e-05,0.12540000,Regular
LSKUSDT,2026-04-07 00:00:00.000,-4.849e-05,0.12375000,Regular
LSKUSDT,2026-04-07 04:00:00.003,-5.215e-05,0.12250000,Regular
LSKUSDT,2026-04-07 08:00:00.000,4.944e-05,0.12335000,Regular
LSKUSDT,2026-04-07 12:00:00.008,5e-05,0.12255000,Regular
LSKUSDT,2026-04-07 16:00:00.000,5.09e-06,0.12200000,Regular
LSKUSDT,2026-04-07 20:00:00.000,1.166e-05,0.12370000,Regular
LSKUSDT,2026-04-08 00:00:00.000,5e-05,0.12917353,Regular
LSKUSDT,2026-04-08 04:00:00.002,-6.797e-05,0.12975000,Regular
LSKUSDT,2026-04-08 08:00:00.000,5e-05,0.13025000,Regular
LSKUSDT,2026-04-08 12:00:00.013,1.307e-05,0.12985000,Regular
LSKUSDT,2026-04-08 16:00:00.006,-6.748e-05,0.12910000,Regular
LSKUSDT,2026-04-08 20:00:00.005,2.397e-05,0.12904804,Regular
LSKUSDT,2026-04-09 00:00:00.000,-8.806e-05,0.12750000,Regular
LSKUSDT,2026-04-09 04:00:00.005,-0.00010798,0.12720000,Regular
LSKUSDT,2026-04-09 08:00:00.010,3.944e-05,0.12795000,Regular
LSKUSDT,2026-04-09 12:00:00.001,-0.00010373,0.12765000,Regular
LSKUSDT,2026-04-09 16:00:00.001,-0.00019503,0.12883000,Regular
LSKUSDT,2026-04-09 20:00:00.001,-0.00016502,0.12903412,Regular
LSKUSDT,2026-04-10 00:00:00.000,-0.00025006,0.12814333,Regular
LSKUSDT,2026-04-10 04:00:00.000,-1.215e-05,0.12855000,Regular
LSKUSDT,2026-04-10 08:00:00.005,-9.342e-05,0.12750000,Regular
LSKUSDT,2026-04-10 12:00:00.000,-0.00017309,0.12797647,Regular
LSKUSDT,2026-04-10 16:00:00.000,5e-05,0.12880000,Regular
LSKUSDT,2026-04-10 20:00:00.002,5e-05,0.12954167,Regular
LSKUSDT,2026-04-11 00:00:00.000,5e-05,0.12925000,Regular
LSKUSDT,2026-04-11 04:00:00.009,-2.493e-05,0.12795000,Regular
LSKUSDT,2026-04-11 08:00:00.000,2.737e-05,0.12835000,Regular
LSKUSDT,2026-04-11 12:00:00.002,5e-05,0.12800000,Regular
LSKUSDT,2026-04-11 16:00:00.003,5e-05,0.12755000,Regular
LSKUSDT,2026-04-11 20:00:00.001,5e-05,0.12940000,Regular
LSKUSDT,2026-04-12 00:00:00.000,5e-05,0.12765265,Regular
LSKUSDT,2026-04-12 04:00:00.000,-3.5e-05,0.12410517,Regular
LSKUSDT,2026-04-12 08:00:00.000,5e-05,0.12495000,Regular
LSKUSDT,2026-04-12 12:00:00.000,4.393e-05,0.12395000,Regular
LSKUSDT,2026-04-12 16:00:00.000,5e-05,0.12250000,Regular
LSKUSDT,2026-04-12 20:00:00.013,5e-05,0.12395167,Regular
LSKUSDT,2026-04-13 00:00:00.011,-0.00024039,0.12314919,Regular
LSKUSDT,2026-04-13 04:00:00.003,5e-05,0.12338039,Regular
LSKUSDT,2026-04-13 08:00:00.006,5e-05,0.12295000,Regular
LSKUSDT,2026-04-13 12:00:00.010,5e-05,0.12420000,Regular
LSKUSDT,2026-04-13 16:00:00.000,5e-05,0.12520000,Regular
LSKUSDT,2026-04-13 20:00:00.000,3.153e-05,0.12570000,Regular
LSKUSDT,2026-04-14 00:00:00.005,5e-05,0.13035000,Regular
LSKUSDT,2026-04-14 04:00:00.000,4.364e-05,0.12815000,Regular
LSKUSDT,2026-04-14 08:00:00.003,5e-05,0.12810000,Regular
LSKUSDT,2026-04-14 12:00:00.000,-2.17e-06,0.12780000,Regular
LSKUSDT,2026-04-14 16:00:00.001,5e-05,0.12680000,Regular
LSKUSDT,2026-04-14 20:00:00.009,-0.00016888,0.12445059,Regular
LSKUSDT,2026-04-15 00:00:00.000,5e-05,0.12536235,Regular
LSKUSDT,2026-04-15 04:00:00.000,5e-05,0.12539510,Regular
LSKUSDT,2026-04-15 08:00:00.000,-3.127e-05,0.12530000,Regular
LSKUSDT,2026-04-15 12:00:00.000,5e-05,0.12570000,Regular
LSKUSDT,2026-04-15 16:00:00.000,5e-05,0.12630000,Regular
LSKUSDT,2026-04-15 20:00:00.009,5e-05,0.12745490,Regular
LSKUSDT,2026-04-16 00:00:00.013,5e-05,0.12820000,Regular
LSKUSDT,2026-04-16 04:00:00.008,5e-05,0.12958873,Regular
LSKUSDT,2026-04-16 08:00:00.000,-0.00013549,0.13070000,Regular
LSKUSDT,2026-04-16 12:00:00.004,5e-05,0.13080000,Regular
LSKUSDT,2026-04-16 16:00:00.000,5e-05,0.13223588,Regular
LSKUSDT,2026-04-16 20:00:00.000,5e-05,0.13340000,Regular
LSKUSDT,2026-04-17 00:00:00.001,7.181e-05,0.13370000,Regular
LSKUSDT,2026-04-17 04:00:00.003,5e-05,0.13234270,Regular
LSKUSDT,2026-04-17 08:00:00.011,5e-05,0.13530000,Regular
LSKUSDT,2026-04-17 12:00:00.003,5e-05,0.13605000,Regular
LSKUSDT,2026-04-17 16:00:00.001,5e-05,0.13730000,Regular
LSKUSDT,2026-04-17 20:00:00.005,5e-05,0.13740000,Regular
LSKUSDT,2026-04-18 00:00:00.001,2.724e-05,0.13744333,Regular
LSKUSDT,2026-04-18 04:00:00.003,2.85e-06,0.13610000,Regular
LSKUSDT,2026-04-18 08:00:00.006,5e-05,0.13810000,Regular
LSKUSDT,2026-04-18 12:00:00.000,-0.00014278,0.13345000,Regular
LSKUSDT,2026-04-18 16:00:00.000,5e-05,0.13392667,Regular
LSKUSDT,2026-04-18 20:00:00.002,-4.615e-05,0.13055206,Regular
LSKUSDT,2026-04-19 00:00:00.002,5e-05,0.13070000,Regular
LSKUSDT,2026-04-19 04:00:00.000,-0.0002727,0.12835000,Regular
LSKUSDT,2026-04-19 08:00:00.010,5e-05,0.12857353,Regular
LSKUSDT,2026-04-19 12:00:00.003,5e-05,0.12875000,Regular
LSKUSDT,2026-04-19 16:00:00.001,5e-05,0.12990667,Regular
LSKUSDT,2026-04-19 20:00:00.005,5e-05,0.12875000,Regular
LSKUSDT,2026-04-20 00:00:00.000,-0.00030637,0.12625517,Regular
LSKUSDT,2026-04-20 04:00:00.001,5e-05,0.12755000,Regular
LSKUSDT,2026-04-20 08:00:00.000,-9.48e-05,0.12840000,Regular
LSKUSDT,2026-04-20 12:00:00.009,-0.0003282,0.12960000,Regular
LSKUSDT,2026-04-20 16:00:00.001,-0.00012254,0.13090000,Regular
LSKUSDT,2026-04-20 20:00:00.000,-4.05e-05,0.13205000,Regular
LSKUSDT,2026-04-21 00:00:00.000,-8.98e-06,0.13145000,Regular
LSKUSDT,2026-04-21 04:00:00.000,4.66e-06,0.13086941,Regular
LSKUSDT,2026-04-21 08:00:00.004,-0.00059761,0.13080667,Regular
LSKUSDT,2026-04-21 12:00:00.000,9.83e-06,0.13080333,Regular
LSKUSDT,2026-04-21 16:00:00.004,-0.00024373,0.13030000,Regular
LSKUSDT,2026-04-21 20:00:00.003,-0.00022412,0.12844320,Regular
LSKUSDT,2026-04-22 00:00:00.004,5e-05,0.13135000,Regular
LSKUSDT,2026-04-22 04:00:00.003,5e-05,0.13325000,Regular
LSKUSDT,2026-04-22 08:00:00.000,-9.25e-05,0.13340000,Regular
LSKUSDT,2026-04-22 12:00:00.000,5e-05,0.13305000,Regular
LSKUSDT,2026-04-22 16:00:00.000,3.01e-06,0.13240000,Regular
LSKUSDT,2026-04-22 20:00:00.003,5e-05,0.13246379,Regular
LSKUSDT,2026-04-23 00:00:00.000,2.918e-05,0.13060000,Regular
LSKUSDT,2026-04-23 04:00:00.000,-0.00044008,0.12840000,Regular
LSKUSDT,2026-04-23 08:00:00.000,-9.436e-05,0.12850000,Regular
LSKUSDT,2026-04-23 12:00:00.000,1.023e-05,0.12835000,Regular
LSKUSDT,2026-04-23 16:00:00.004,5e-05,0.12955000,Regular
LSKUSDT,2026-04-23 20:00:00.006,-7.934e-05,0.12800000,Regular
LSKUSDT,2026-04-24 00:00:00.006,5e-05,0.13015000,Regular
LSKUSDT,2026-04-24 04:00:00.000,5e-05,0.12920000,Regular
LSKUSDT,2026-04-24 08:00:00.000,5e-05,0.12830000,Regular
LSKUSDT,2026-04-24 12:00:00.002,5e-05,0.12890000,Regular
LSKUSDT,2026-04-24 16:00:00.000,5e-05,0.13025000,Regular
LSKUSDT,2026-04-24 20:00:00.003,5e-05,0.12956765,Regular
LSKUSDT,2026-04-25 00:00:00.000,-0.00035795,0.12880000,Regular
LSKUSDT,2026-04-25 04:00:00.005,0.00016214,0.13045000,Regular
LSKUSDT,2026-04-25 08:00:00.002,5e-05,0.12930000,Regular
LSKUSDT,2026-04-25 12:00:00.001,5e-05,0.12820000,Regular
LSKUSDT,2026-04-25 16:00:00.002,5e-05,0.12915000,Regular
LSKUSDT,2026-04-25 20:00:00.001,5e-05,0.12810000,Regular
LSKUSDT,2026-04-26 00:00:00.003,5e-05,0.12830000,Regular
LSKUSDT,2026-04-26 04:00:00.001,5e-05,0.12850000,Regular
LSKUSDT,2026-04-26 08:00:00.007,5e-05,0.12995000,Regular
LSKUSDT,2026-04-26 12:00:00.001,-0.00027884,0.12980000,Regular
LSKUSDT,2026-04-26 16:00:00.004,5e-05,0.12915000,Regular
LSKUSDT,2026-04-26 20:00:00.014,-0.00012714,0.12902941,Regular
LSKUSDT,2026-04-27 00:00:00.004,-4.583e-05,0.12896176,Regular
LSKUSDT,2026-04-27 04:00:00.000,5e-05,0.13005000,Regular
LSKUSDT,2026-04-27 08:00:00.000,-0.00022286,0.12618372,Regular
LSKUSDT,2026-04-27 12:00:00.004,-0.00030422,0.12750000,Regular
LSKUSDT,2026-04-27 16:00:00.002,-0.00012992,0.12520000,Regular
LSKUSDT,2026-04-27 20:00:00.000,5e-05,0.12580000,Regular
LSKUSDT,2026-04-28 00:00:00.001,5e-05,0.12735000,Regular
LSKUSDT,2026-04-28 04:00:00.006,5e-05,0.12635000,Regular
LSKUSDT,2026-04-28 08:00:00.000,5e-05,0.12608824,Regular
LSKUSDT,2026-04-28 12:00:00.000,5e-05,0.12615000,Regular
LSKUSDT,2026-04-28 16:00:00.004,5e-05,0.12770000,Regular
LSKUSDT,2026-04-28 20:00:00.001,5e-05,0.12995000,Regular
LSKUSDT,2026-04-29 00:00:00.006,-0.00016491,0.13010000,Regular
LSKUSDT,2026-04-29 04:00:00.003,5e-05,0.12945000,Regular
LSKUSDT,2026-04-29 08:00:00.011,4.679e-05,0.12827667,Regular
LSKUSDT,2026-04-29 12:00:00.000,-1.773e-05,0.12825000,Regular
LSKUSDT,2026-04-29 16:00:00.003,-0.00021848,0.12560000,Regular
LSKUSDT,2026-04-29 20:00:00.004,-0.00021214,0.12430294,Regular
LSKUSDT,2026-04-30 00:00:00.002,5e-05,0.12555000,Regular
LSKUSDT,2026-04-30 04:00:00.000,5e-05,0.12515000,Regular
LSKUSDT,2026-04-30 08:00:00.000,5e-05,0.12440000,Regular
LSKUSDT,2026-04-30 12:00:00.000,5e-05,0.12420000,Regular
LSKUSDT,2026-04-30 16:00:00.000,-4.39e-05,0.12465000,Regular
LSKUSDT,2026-04-30 20:00:00.002,5e-05,0.12410000,Regular
LSKUSDT,2026-05-01 00:00:00.000,-0.00015793,0.12450000,Regular
LSKUSDT,2026-05-01 04:00:00.003,1.256e-05,0.12465000,Regular
LSKUSDT,2026-05-01 08:00:00.005,-3.798e-05,0.12400000,Regular
LSKUSDT,2026-05-01 12:00:00.000,3.014e-05,0.12450000,Regular
LSKUSDT,2026-05-01 16:00:00.000,5e-05,0.12620000,Regular
LSKUSDT,2026-05-01 20:00:00.009,5e-05,0.12585000,Regular
LSKUSDT,2026-05-02 00:00:00.006,-2.194e-05,0.12500000,Regular
LSKUSDT,2026-05-02 04:00:00.000,-0.00011068,0.12535000,Regular
LSKUSDT,2026-05-02 08:00:00.000,5e-05,0.12535000,Regular
LSKUSDT,2026-05-02 12:00:00.009,-0.00020079,0.12505000,Regular
LSKUSDT,2026-05-02 16:00:00.010,5e-05,0.12635000,Regular
LSKUSDT,2026-05-02 20:00:00.000,-0.00020291,0.12717854,Regular
LSKUSDT,2026-05-03 00:00:00.005,5e-05,0.12750000,Regular
LSKUSDT,2026-05-03 04:00:00.014,-7.348e-05,0.12830000,Regular
LSKUSDT,2026-05-03 08:00:00.003,-0.00021124,0.12712333,Regular
LSKUSDT,2026-05-03 12:00:00.004,4.241e-05,0.12710000,Regular
LSKUSDT,2026-05-03 16:00:00.000,5e-05,0.12705000,Regular
LSKUSDT,2026-05-03 20:00:00.000,-3.723e-05,0.12710000,Regular
LSKUSDT,2026-05-04 00:00:00.000,-5.863e-05,0.12710000,Regular
LSKUSDT,2026-05-04 04:00:00.003,5e-05,0.12930000,Regular
LSKUSDT,2026-05-04 08:00:00.000,5e-05,0.12895000,Regular
LSKUSDT,2026-05-04 12:00:00.000,5e-05,0.12700000,Regular
LSKUSDT,2026-05-04 16:00:00.003,5e-05,0.12810000,Regular
LSKUSDT,2026-05-04 20:00:00.007,4.774e-05,0.12820000,Regular
LSKUSDT,2026-05-05 00:00:00.000,-7.846e-05,0.12788621,Regular
LSKUSDT,2026-05-05 04:00:00.000,5e-05,0.12975000,Regular
LSKUSDT,2026-05-05 08:00:00.011,5e-05,0.13175000,Regular
LSKUSDT,2026-05-05 12:00:00.006,-0.00012462,0.13185000,Regular
LSKUSDT,2026-05-05 16:00:00.000,2.344e-05,0.13084833,Regular
LSKUSDT,2026-05-05 20:00:00.000,8.57e-06,0.13043645,Regular
LSKUSDT,2026-05-06 00:00:00.010,-3.41e-06,0.13103226,Regular
LSKUSDT,2026-05-06 04:00:00.000,5e-05,0.13610000,Regular
LSKUSDT,2026-05-06 08:00:00.000,5e-05,0.13524483,Regular
LSKUSDT,2026-05-06 12:00:00.000,-4.965e-05,0.13595000,Regular
LSKUSDT,2026-05-06 16:00:00.002,5e-05,0.13370000,Regular
LSKUSDT,2026-05-06 20:00:00.000,5e-05,0.13355000,Regular
LSKUSDT,2026-05-07 00:00:00.000,5e-05,0.13462931,Regular
LSKUSDT,2026-05-07 04:00:00.001,5e-05,0.13121935,Regular
LSKUSDT,2026-05-07 08:00:00.000,5e-05,0.13430000,Regular
LSKUSDT,2026-05-07 12:00:00.000,5e-05,0.13359355,Regular
LSKUSDT,2026-05-07 16:00:00.004,5e-05,0.13185000,Regular
LSKUSDT,2026-05-07 20:00:00.005,5e-05,0.13389774,Regular
LSKUSDT,2026-05-08 00:00:00.003,5e-05,0.13285000,Regular
LSKUSDT,2026-05-08 04:00:00.000,5e-05,0.13230000,Regular
LSKUSDT,2026-05-08 08:00:00.002,5e-05,0.13160000,Regular
LSKUSDT,2026-05-08 12:00:00.000,5e-05,0.13235000,Regular
LSKUSDT,2026-05-08 16:00:00.003,0.00028893,0.13472942,Regular
LSKUSDT,2026-05-08 20:00:00.000,5e-05,0.13693629,Regular
LSKUSDT,2026-05-09 00:00:00.000,5e-05,0.13665000,Regular
LSKUSDT,2026-05-09 04:00:00.000,5e-05,0.13705000,Regular
LSKUSDT,2026-05-09 08:00:00.001,5e-05,0.13620000,Regular
LSKUSDT,2026-05-09 12:00:00.000,4.917e-05,0.13710000,Regular
LSKUSDT,2026-05-09 16:00:00.002,5e-05,0.13610000,Regular
LSKUSDT,2026-05-09 20:00:00.000,6.83e-06,0.13720000,Regular
LSKUSDT,2026-05-10 00:00:00.003,-6.187e-05,0.13690000,Regular
LSKUSDT,2026-05-10 04:00:00.005,-0.00029867,0.13630000,Regular
LSKUSDT,2026-05-10 08:00:00.000,5e-05,0.13988839,Regular
LSKUSDT,2026-05-10 12:00:00.007,-2.247e-05,0.13785000,Regular
LSKUSDT,2026-05-10 16:00:00.000,5e-05,0.14045161,Regular
LSKUSDT,2026-05-10 20:00:00.002,0.00011463,0.14180000,Regular
LSKUSDT,2026-05-11 00:00:00.000,5e-05,0.14205000,Regular
LSKUSDT,2026-05-11 04:00:00.000,5e-05,0.13880000,Regular
LSKUSDT,2026-05-11 08:00:00.000,-3.75e-06,0.13925000,Regular
LSKUSDT,2026-05-11 12:00:00.001,5e-05,0.14010000,Regular
LSKUSDT,2026-05-11 16:00:00.000,5e-05,0.14050000,Regular
LSKUSDT,2026-05-11 20:00:00.014,5e-05,0.14100000,Regular
LSKUSDT,2026-05-12 00:00:00.002,2.078e-05,0.14025000,Regular
LSKUSDT,2026-05-12 04:00:00.000,5e-05,0.13875000,Regular
LSKUSDT,2026-05-12 08:00:00.008,5e-05,0.13899032,Regular
LSKUSDT,2026-05-12 12:00:00.003,-3.547e-05,0.13640000,Regular
LSKUSDT,2026-05-12 16:00:00.000,2.4e-05,0.13343276,Regular
LSKUSDT,2026-05-12 20:00:00.000,5e-05,0.13585000,Regular
LSKUSDT,2026-05-13 00:00:00.010,5e-05,0.13500000,Regular
LSKUSDT,2026-05-13 04:00:00.003,5e-05,0.13648000,Regular
LSKUSDT,2026-05-13 08:00:00.003,-8.617e-05,0.13620000,Regular
LSKUSDT,2026-05-13 12:00:00.004,5e-05,0.13525000,Regular
LSKUSDT,2026-05-13 16:00:00.001,9.67e-06,0.12765000,Regular
LSKUSDT,2026-05-13 20:00:00.004,5e-05,0.12895000,Regular
LSKUSDT,2026-05-14 00:00:00.005,5e-05,0.12810000,Regular
LSKUSDT,2026-05-14 04:00:00.005,-0.00022672,0.12715000,Regular
LSKUSDT,2026-05-14 08:00:00.000,5e-05,0.12700000,Regular
LSKUSDT,2026-05-14 12:00:00.001,-0.00035384,0.12712667,Regular
LSKUSDT,2026-05-14 16:00:00.000,5e-05,0.13330000,Regular
LSKUSDT,2026-05-14 20:00:00.000,-0.00015337,0.13066011,Regular
LSKUSDT,2026-05-15 00:00:00.000,-0.00012442,0.12820000,Regular
LSKUSDT,2026-05-15 04:00:00.006,5e-05,0.12920000,Regular
LSKUSDT,2026-05-15 08:00:00.016,5e-05,0.12760000,Regular
LSKUSDT,2026-05-15 12:00:00.001,5e-05,0.12675000,Regular
LSKUSDT,2026-05-15 16:00:00.012,5e-05,0.12160000,Regular
LSKUSDT,2026-05-15 20:00:00.001,5e-05,0.12333667,Regular
LSKUSDT,2026-05-16 00:00:00.005,0.00019849,0.12365000,Regular
LSKUSDT,2026-05-16 04:00:00.000,-0.00016205,0.12400000,Regular
LSKUSDT,2026-05-16 08:00:00.000,1.134e-05,0.12060000,Regular
LSKUSDT,2026-05-16 12:00:00.002,-7.13e-05,0.12011000,Regular
LSKUSDT,2026-05-16 16:00:00.005,5e-05,0.12180000,Regular
LSKUSDT,2026-05-16 20:00:00.000,-0.00010699,0.12135000,Regular
LSKUSDT,2026-05-17 00:00:00.000,-0.00015616,0.12106379,Regular
LSKUSDT,2026-05-17 04:00:00.012,5e-05,0.12075000,Regular
LSKUSDT,2026-05-17 08:00:00.010,5e-05,0.12120000,Regular
LSKUSDT,2026-05-17 12:00:00.014,5e-05,0.12070000,Regular
LSKUSDT,2026-05-17 16:00:00.009,5e-05,0.12045000,Regular
LSKUSDT,2026-05-17 20:00:00.002,5e-05,0.12020000,Regular
LSKUSDT,2026-05-18 00:00:00.007,-0.00019315,0.11732849,Regular
LSKUSDT,2026-05-18 04:00:00.000,9.805e-05,0.11835000,Regular
LSKUSDT,2026-05-18 08:00:00.002,3.867e-05,0.11735000,Regular
LSKUSDT,2026-05-18 12:00:00.001,5e-05,0.11850000,Regular
LSKUSDT,2026-05-18 16:00:00.007,5e-05,0.11730333,Regular
LSKUSDT,2026-05-18 20:00:00.000,5e-05,0.12010000,Regular
LSKUSDT,2026-05-19 00:00:00.001,-5.364e-05,0.11965000,Regular
LSKUSDT,2026-05-19 04:00:00.003,3.652e-05,0.11870000,Regular
LSKUSDT,2026-05-19 08:00:00.001,-9.885e-05,0.11910000,Regular
LSKUSDT,2026-05-19 12:00:00.000,-4.56e-05,0.11785000,Regular
LSKUSDT,2026-05-19 16:00:00.009,-1.196e-05,0.11760000,Regular
LSKUSDT,2026-05-19 20:00:00.001,-0.00010627,0.11815000,Regular
LSKUSDT,2026-05-20 00:00:00.001,5e-05,0.11795484,Regular
LSKUSDT,2026-05-20 04:00:00.001,5e-05,0.11715000,Regular
LSKUSDT,2026-05-20 08:00:00.006,-0.00010778,0.11845000,Regular
LSKUSDT,2026-05-20 12:00:00.001,-0.00014184,0.11835000,Regular
LSKUSDT,2026-05-20 16:00:00.000,5e-05,0.12000000,Regular
LSKUSDT,2026-05-20 20:00:00.019,-5.83e-05,0.12060000,Regular
LSKUSDT,2026-05-21 00:00:00.001,-6.603e-05,0.11930000,Regular
LSKUSDT,2026-05-21 04:00:00.000,5e-05,0.12200000,Regular
LSKUSDT,2026-05-21 08:00:00.000,-1.18e-06,0.12150000,Regular
LSKUSDT,2026-05-21 12:00:00.000,-1.398e-05,0.12110000,Regular
LSKUSDT,2026-05-21 16:00:00.000,0.00010855,0.12180000,Regular
LSKUSDT,2026-05-21 20:00:00.001,5e-05,0.12318026,Regular
LSKUSDT,2026-05-22 00:00:00.000,5e-05,0.12240000,Regular
LSKUSDT,2026-05-22 04:00:00.000,0.00020562,0.12245000,Regular
LSKUSDT,2026-05-22 08:00:00.004,5e-05,0.12280000,Regular
LSKUSDT,2026-05-22 12:00:00.000,5e-05,0.12323183,Regular
LSKUSDT,2026-05-22 16:00:00.001,5e-05,0.12180968,Regular
LSKUSDT,2026-05-22 20:00:00.002,5e-05,0.11784296,Regular
LSKUSDT,2026-05-23 00:00:00.009,5e-05,0.11720000,Regular
LSKUSDT,2026-05-23 04:00:00.006,5e-05,0.12015000,Regular
LSKUSDT,2026-05-23 08:00:00.001,5e-05,0.11604194,Regular
LSKUSDT,2026-05-23 12:00:00.000,5e-05,0.11486333,Regular
LSKUSDT,2026-05-23 16:00:00.003,5e-05,0.11915333,Regular
LSKUSDT,2026-05-23 20:00:00.007,5e-05,0.12020000,Regular
LSKUSDT,2026-05-24 00:00:00.011,5e-05,0.12115000,Regular
LSKUSDT,2026-05-24 04:00:00.001,5e-05,0.12010000,Regular
LSKUSDT,2026-05-24 08:00:00.008,5e-05,0.12020000,Regular
LSKUSDT,2026-05-24 12:00:00.001,5e-05,0.12040000,Regular
LSKUSDT,2026-05-24 16:00:00.000,0.00027427,0.11855000,Regular
LSKUSDT,2026-05-24 20:00:00.002,5e-05,0.11910000,Regular
LSKUSDT,2026-05-25 00:00:00.001,5e-05,0.11830000,Regular
LSKUSDT,2026-05-25 04:00:00.000,4.335e-05,0.11805000,Regular
LSKUSDT,2026-05-25 08:00:00.001,5e-05,0.12025000,Regular
LSKUSDT,2026-05-25 12:00:00.008,5e-05,0.12000167,Regular
LSKUSDT,2026-05-25 16:00:00.001,5e-05,0.12135000,Regular
LSKUSDT,2026-05-25 20:00:00.000,-0.00011524,0.12053333,Regular
LSKUSDT,2026-05-26 00:00:00.000,5e-05,0.11935000,Regular
LSKUSDT,2026-05-26 04:00:00.003,5e-05,0.11680000,Regular
LSKUSDT,2026-05-26 08:00:00.003,5e-05,0.11700000,Regular
LSKUSDT,2026-05-26 12:00:00.000,5e-05,0.11840000,Regular
LSKUSDT,2026-05-26 16:00:00.000,4.874e-05,0.11720000,Regular
LSKUSDT,2026-05-26 20:00:00.000,2.203e-05,0.11545000,Regular
LSKUSDT,2026-05-27 00:00:00.000,5e-05,0.11520000,Regular
LSKUSDT,2026-05-27 04:00:00.002,-0.00015004,0.11375000,Regular
LSKUSDT,2026-05-27 08:00:00.004,-7.316e-05,0.11510000,Regular
LSKUSDT,2026-05-27 12:00:00.007,5e-05,0.11415000,Regular
LSKUSDT,2026-05-27 16:00:00.009,5e-05,0.11625990,Regular
LSKUSDT,2026-05-27 20:00:00.001,5e-05,0.11530000,Regular
LSKUSDT,2026-05-28 00:00:00.001,5e-05,0.11300000,Regular
LSKUSDT,2026-05-28 04:00:00.000,3.259e-05,0.10950000,Regular
LSKUSDT,2026-05-28 08:00:00.000,5e-05,0.10875000,Regular
LSKUSDT,2026-05-28 12:00:00.000,0.00011975,0.10795000,Regular
LSKUSDT,2026-05-28 16:00:00.001,5e-05,0.10827833,Regular
LSKUSDT,2026-05-28 20:00:00.005,5e-05,0.10939000,Regular
LSKUSDT,2026-05-29 00:00:00.000,5e-05,0.10930000,Regular
LSKUSDT,2026-05-29 04:00:00.000,5e-05,0.10860000,Regular
LSKUSDT,2026-05-29 08:00:00.001,5e-05,0.11047333,Regular
LSKUSDT,2026-05-29 12:00:00.001,5e-05,0.10995000,Regular
LSKUSDT,2026-05-29 16:00:00.008,5e-05,0.11210000,Regular
LSKUSDT,2026-05-29 20:00:00.000,5e-05,0.11125000,Regular
LSKUSDT,2026-05-30 00:00:00.000,5e-05,0.11100000,Regular
LSKUSDT,2026-05-30 04:00:00.004,4.836e-05,0.11265000,Regular
LSKUSDT,2026-05-30 08:00:00.001,5e-05,0.11215000,Regular
LSKUSDT,2026-05-30 12:00:00.000,5e-05,0.11191935,Regular
LSKUSDT,2026-05-30 16:00:00.000,5e-05,0.11203226,Regular
LSKUSDT,2026-05-30 20:00:00.000,5e-05,0.11235000,Regular
LSKUSDT,2026-05-31 00:00:00.000,-1.44e-06,0.11145000,Regular
LSKUSDT,2026-05-31 04:00:00.006,5e-05,0.11260000,Regular
LSKUSDT,2026-05-31 08:00:00.000,5e-05,0.11484516,Regular
LSKUSDT,2026-05-31 12:00:00.005,-0.00043649,0.11432849,Regular
LSKUSDT,2026-05-31 16:00:00.004,5e-05,0.11195000,Regular
LSKUSDT,2026-05-31 20:00:00.010,4.39e-06,0.11175000,Regular
LSKUSDT,2026-06-01 00:00:00.001,4.734e-05,0.11394333,Regular
LSKUSDT,2026-06-01 04:00:00.006,4.983e-05,0.11400000,Regular
LSKUSDT,2026-06-01 08:00:00.001,-0.00020307,0.11060000,Regular
LSKUSDT,2026-06-01 12:00:00.000,5e-05,0.11050000,Regular
LSKUSDT,2026-06-01 16:00:00.000,5e-05,0.10993667,Regular
LSKUSDT,2026-06-01 20:00:00.000,5e-05,0.11205000,Regular
LSKUSDT,2026-06-02 00:00:00.000,5e-05,0.11150000,Regular
LSKUSDT,2026-06-02 04:00:00.008,6.632e-05,0.11265000,Regular
LSKUSDT,2026-06-02 08:00:00.000,5e-05,0.11126715,Regular
LSKUSDT,2026-06-02 12:00:00.002,5e-05,0.11114194,Regular
LSKUSDT,2026-06-02 16:00:00.000,-5.441e-05,0.10750667,Regular
LSKUSDT,2026-06-02 20:00:00.000,5e-05,0.10830000,Regular
LSKUSDT,2026-06-03 00:00:00.013,5e-05,0.10700000,Regular
LSKUSDT,2026-06-03 04:00:00.000,-0.00011091,0.10531935,Regular
LSKUSDT,2026-06-03 08:00:00.000,5e-05,0.10960043,Regular
LSKUSDT,2026-06-03 12:00:00.000,5e-05,0.11002069,Regular
LSKUSDT,2026-06-03 16:00:00.001,5e-05,0.11000000,Regular
LSKUSDT,2026-06-03 20:00:00.002,5e-05,0.10860000,Regular
LSKUSDT,2026-06-04 00:00:00.009,5e-05,0.10855000,Regular
LSKUSDT,2026-06-04 04:00:00.000,5e-05,0.10654000,Regular
LSKUSDT,2026-06-04 08:00:00.000,-3.874e-05,0.10280000,Regular
LSKUSDT,2026-06-04 12:00:00.002,5e-05,0.10160000,Regular
LSKUSDT,2026-06-04 16:00:00.003,5e-05,0.10500000,Regular
LSKUSDT,2026-06-04 20:00:00.001,5e-05,0.10407742,Regular
LSKUSDT,2026-06-05 00:00:00.000,5e-05,0.10221897,Regular
LSKUSDT,2026-06-05 04:00:00.001,1.557e-05,0.09842833,Regular
LSKUSDT,2026-06-05 08:00:00.004,5e-05,0.09813860,Regular
LSKUSDT,2026-06-05 12:00:00.000,5e-05,0.09792323,Regular
LSKUSDT,2026-06-05 16:00:00.009,5e-05,0.09499839,Regular
LSKUSDT,2026-06-05 20:00:00.000,-5.21e-06,0.09404129,Regular
LSKUSDT,2026-06-06 00:00:00.000,5e-05,0.09438103,Regular
LSKUSDT,2026-06-06 04:00:00.000,5e-05,0.09217742,Regular
LSKUSDT,2026-06-06 08:00:00.000,8.589e-05,0.09297097,Regular
LSKUSDT,2026-06-06 12:00:00.002,2.699e-05,0.09270000,Regular
LSKUSDT,2026-06-06 16:00:00.000,5e-05,0.09380000,Regular
LSKUSDT,2026-06-06 20:00:00.003,5e-05,0.09265000,Regular
LSKUSDT,2026-06-07 00:00:00.001,5e-05,0.09350000,Regular
LSKUSDT,2026-06-07 04:00:00.000,5e-05,0.09480000,Regular
LSKUSDT,2026-06-07 08:00:00.000,5e-05,0.09560000,Regular
LSKUSDT,2026-06-07 12:00:00.000,1.296e-05,0.09630000,Regular
LSKUSDT,2026-06-07 16:00:00.000,5e-05,0.09465500,Regular
LSKUSDT,2026-06-07 20:00:00.000,-4.201e-05,0.09235000,Regular
LSKUSDT,2026-06-08 00:00:00.000,5e-05,0.09580000,Regular
LSKUSDT,2026-06-08 04:00:00.009,5e-05,0.09530000,Regular
LSKUSDT,2026-06-08 08:00:00.005,5e-05,0.09519000,Regular
LSKUSDT,2026-06-08 12:00:00.001,-1.216e-05,0.09710000,Regular
LSKUSDT,2026-06-08 16:00:00.004,5e-05,0.09690645,Regular
LSKUSDT,2026-06-08 20:00:00.000,-4.688e-05,0.09694833,Regular
LSKUSDT,2026-06-09 00:00:00.000,-2.517e-05,0.09570000,Regular
LSKUSDT,2026-06-09 04:00:00.003,5e-05,0.09355000,Regular
LSKUSDT,2026-06-09 08:00:00.000,5e-05,0.09455000,Regular
LSKUSDT,2026-06-09 12:00:00.000,1.214e-05,0.09367667,Regular
LSKUSDT,2026-06-09 16:00:00.001,9.67e-06,0.09175000,Regular
LSKUSDT,2026-06-09 20:00:00.000,5e-05,0.09306667,Regular
LSKUSDT,2026-06-10 00:00:00.001,5e-05,0.09200000,Regular
LSKUSDT,2026-06-10 04:00:00.002,3.667e-05,0.09080000,Regular
LSKUSDT,2026-06-10 08:00:00.011,5e-05,0.09210000,Regular
LSKUSDT,2026-06-10 12:00:00.002,5.35e-06,0.09015994,Regular
LSKUSDT,2026-06-10 16:00:00.009,5e-05,0.09217667,Regular
LSKUSDT,2026-06-10 20:00:00.003,3.703e-05,0.09045667,Regular
LSKUSDT,2026-06-11 00:00:00.000,5e-05,0.08950000,Regular
LSKUSDT,2026-06-11 04:00:00.000,5e-05,0.09162333,Regular
LSKUSDT,2026-06-11 08:00:00.004,5e-05,0.09175000,Regular
LSKUSDT,2026-06-11 12:00:00.005,5e-05,0.09228796,Regular
LSKUSDT,2026-06-11 16:00:00.000,5e-05,0.09245000,Regular
LSKUSDT,2026-06-11 20:00:00.014,5e-05,0.09310000,Regular
LSKUSDT,2026-06-12 00:00:00.000,5e-05,0.09244677,Regular
LSKUSDT,2026-06-12 04:00:00.000,5e-05,0.09215000,Regular
LSKUSDT,2026-06-12 08:00:00.000,5e-05,0.09185000,Regular
LSKUSDT,2026-06-12 12:00:00.000,5e-05,0.09250000,Regular
LSKUSDT,2026-06-12 16:00:00.000,5e-05,0.09220000,Regular
LSKUSDT,2026-06-12 20:00:00.000,5e-05,0.09135000,Regular
LSKUSDT,2026-06-13 00:00:00.000,5e-05,0.09085667,Regular
LSKUSDT,2026-06-13 04:00:00.000,5e-05,0.09140000,Regular
LSKUSDT,2026-06-13 08:00:00.007,5e-05,0.09245000,Regular
LSKUSDT,2026-06-13 12:00:00.004,1.3e-06,0.09275000,Regular
LSKUSDT,2026-06-13 16:00:00.002,5e-05,0.09260000,Regular
LSKUSDT,2026-06-13 20:00:00.004,5e-05,0.09250000,Regular
LSKUSDT,2026-06-14 00:00:00.005,5e-05,0.09250000,Regular
LSKUSDT,2026-06-14 04:00:00.012,5e-05,0.09235000,Regular
LSKUSDT,2026-06-14 08:00:00.009,-2.08e-06,0.09140000,Regular
LSKUSDT,2026-06-14 12:00:00.000,5e-05,0.09150000,Regular
LSKUSDT,2026-06-14 16:00:00.000,-0.00012217,0.09000000,Regular
LSKUSDT,2026-06-14 20:00:00.010,5e-05,0.08970000,Regular
LSKUSDT,2026-06-15 00:00:00.013,5e-05,0.09365000,Regular
LSKUSDT,2026-06-15 04:00:00.001,5e-05,0.09399355,Regular
LSKUSDT,2026-06-15 08:00:00.013,5e-05,0.09370000,Regular
LSKUSDT,2026-06-15 12:00:00.000,5e-05,0.09545000,Regular
LSKUSDT,2026-06-15 16:00:00.004,5e-05,0.09690194,Regular
LSKUSDT,2026-06-15 20:00:00.002,5e-05,0.09545742,Regular
LSKUSDT,2026-06-16 00:00:00.000,5e-05,0.09535000,Regular
LSKUSDT,2026-06-16 04:00:00.000,5e-05,0.09515000,Regular
LSKUSDT,2026-06-16 08:00:00.000,5e-05,0.09465000,Regular
LSKUSDT,2026-06-16 12:00:00.000,3.789e-05,0.09490000,Regular
LSKUSDT,2026-06-16 16:00:00.001,5e-05,0.09320000,Regular
LSKUSDT,2026-06-16 20:00:00.000,2.626e-05,0.09394613,Regular
LSKUSDT,2026-06-17 00:00:00.012,5e-05,0.09405000,Regular
LSKUSDT,2026-06-17 04:00:00.000,5e-05,0.09495000,Regular
LSKUSDT,2026-06-17 08:00:00.000,5e-05,0.09445000,Regular
LSKUSDT,2026-06-17 12:00:00.000,5e-05,0.09290000,Regular
LSKUSDT,2026-06-17 16:00:00.000,6.008e-05,0.09520000,Regular
LSKUSDT,2026-06-17 20:00:00.000,5e-05,0.09250000,Regular
LSKUSDT,2026-06-18 00:00:00.002,5e-05,0.09320000,Regular
LSKUSDT,2026-06-18 04:00:00.000,5e-05,0.09225000,Regular
LSKUSDT,2026-06-18 08:00:00.000,5e-05,0.09145000,Regular
LSKUSDT,2026-06-18 12:00:00.004,5e-05,0.09022774,Regular
LSKUSDT,2026-06-18 16:00:00.001,5e-05,0.08715667,Regular
LSKUSDT,2026-06-18 20:00:00.000,5e-05,0.08810000,Regular
LSKUSDT,2026-06-19 00:00:00.005,5e-05,0.08850000,Regular
LSKUSDT,2026-06-19 04:00:00.000,5e-05,0.08735000,Regular
LSKUSDT,2026-06-19 08:00:00.001,2.802e-05,0.08675000,Regular
LSKUSDT,2026-06-19 12:00:00.000,5e-05,0.08700000,Regular
LSKUSDT,2026-06-19 16:00:00.001,2.275e-05,0.08770000,Regular
LSKUSDT,2026-06-19 20:00:00.000,5e-05,0.08698366,Regular
LSKUSDT,2026-06-20 00:00:00.001,5e-05,0.08695000,Regular
LSKUSDT,2026-06-20 04:00:00.000,-4.587e-05,0.08627613,Regular
LSKUSDT,2026-06-20 08:00:00.000,5e-05,0.08708276,Regular
LSKUSDT,2026-06-20 12:00:00.001,5e-05,0.08808333,Regular
LSKUSDT,2026-06-20 16:00:00.001,-0.00010419,0.09320187,Regular
LSKUSDT,2026-06-20 20:00:00.000,-6.943e-05,0.09110000,Regular
LSKUSDT,2026-06-21 00:00:00.000,-8.379e-05,0.09007290,Regular
LSKUSDT,2026-06-21 04:00:00.000,-2.856e-05,0.09015000,Regular
LSKUSDT,2026-06-21 08:00:00.000,-0.00040977,0.08955000,Regular
LSKUSDT,2026-06-21 12:00:00.001,5e-05,0.08900000,Regular
LSKUSDT,2026-06-21 16:00:00.000,0.00011342,0.08870000,Regular
LSKUSDT,2026-06-21 20:00:00.004,0.00034505,0.08880000,Regular
LSKUSDT,2026-06-22 00:00:00.000,5e-05,0.08630000,Regular
LSKUSDT,2026-06-22 04:00:00.000,5e-05,0.08730000,Regular
LSKUSDT,2026-06-22 08:00:00.000,5e-05,0.08795935,Regular
LSKUSDT,2026-06-22 12:00:00.000,0.00010226,0.08855000,Regular
LSKUSDT,2026-06-22 16:00:00.002,5e-05,0.08855000,Regular
LSKUSDT,2026-06-22 20:00:00.000,1.394e-05,0.08745000,Regular
LSKUSDT,2026-06-23 00:00:00.003,5e-05,0.08630000,Regular
LSKUSDT,2026-06-23 04:00:00.000,5e-05,0.08720000,Regular
LSKUSDT,2026-06-23 08:00:00.005,-0.00033044,0.08630000,Regular
LSKUSDT,2026-06-23 12:00:00.000,-0.00015474,0.08555000,Regular
LSKUSDT,2026-06-23 16:00:00.002,-0.00013138,0.08590000,Regular
LSKUSDT,2026-06-23 20:00:00.000,-8.196e-05,0.08540000,Regular
LSKUSDT,2026-06-24 00:00:00.005,5e-05,0.08570000,Regular
LSKUSDT,2026-06-24 08:00:00.005,-0.00029735,0.08535000,Regular
LSKUSDT,2026-06-24 12:00:00.005,-7.103e-05,0.08580000,Regular
LSKUSDT,2026-06-24 16:00:00.003,-0.00015121,0.08270000,Regular
LSKUSDT,2026-06-24 20:00:00.006,5e-05,0.08196129,Regular
LSKUSDT,2026-06-25 00:00:00.000,5e-05,0.08370000,Regular
LSKUSDT,2026-06-25 04:00:00.008,-0.00019863,0.08300000,Regular
LSKUSDT,2026-06-25 08:00:00.000,5e-05,0.08385000,Regular
LSKUSDT,2026-06-25 12:00:00.006,5e-05,0.08271161,Regular
LSKUSDT,2026-06-25 16:00:00.000,5e-05,0.08073806,Regular
LSKUSDT,2026-06-25 20:00:00.011,5e-05,0.08060000,Regular
LSKUSDT,2026-06-26 00:00:00.010,5e-05,0.08160000,Regular
LSKUSDT,2026-06-26 04:00:00.001,5e-05,0.08180000,Regular
LSKUSDT,2026-06-26 08:00:00.002,5e-05,0.08450000,Regular
LSKUSDT,2026-06-26 12:00:00.004,5e-05,0.08298774,Regular
LSKUSDT,2026-06-26 16:00:00.000,5e-05,0.08696667,Regular
LSKUSDT,2026-06-26 20:00:00.000,5e-05,0.08782000,Regular
LSKUSDT,2026-06-27 00:00:00.000,5e-05,0.08775000,Regular
LSKUSDT,2026-06-27 04:00:00.000,5e-05,0.08960000,Regular
LSKUSDT,2026-06-27 08:00:00.000,-8.634e-05,0.08916137,Regular
LSKUSDT,2026-06-27 12:00:00.001,-0.00026729,0.08755000,Regular
LSKUSDT,2026-06-27 16:00:00.009,5e-05,0.08750000,Regular
LSKUSDT,2026-06-27 20:00:00.000,5e-05,0.08580000,Regular
LSKUSDT,2026-06-28 00:00:00.000,5e-05,0.08547677,Regular
LSKUSDT,2026-06-28 04:00:00.002,5e-05,0.08930000,Regular
LSKUSDT,2026-06-28 08:00:00.013,5e-05,0.08888452,Regular
LSKUSDT,2026-06-28 12:00:00.008,-0.00016989,0.09140000,Regular
LSKUSDT,2026-06-28 16:00:00.000,-0.00013194,0.08930000,Regular
LSKUSDT,2026-06-28 20:00:00.003,-0.00051953,0.08850000,Regular
LSKUSDT,2026-06-29 00:00:00.006,-0.00054204,0.08781671,Regular
LSKUSDT,2026-06-29 04:00:00.000,5e-05,0.08880000,Regular
LSKUSDT,2026-06-29 08:00:00.013,5e-05,0.08695000,Regular
LSKUSDT,2026-06-29 12:00:00.001,5e-05,0.08669290,Regular
LSKUSDT,2026-06-29 16:00:00.004,5e-05,0.08608323,Regular
LSKUSDT,2026-06-29 20:00:00.000,5e-05,0.08650546,Regular
LSKUSDT,2026-06-30 00:00:00.000,5e-05,0.08580000,Regular
LSKUSDT,2026-06-30 04:00:00.000,5e-05,0.08415000,Regular
LSKUSDT,2026-06-30 08:00:00.000,5e-05,0.08425000,Regular
LSKUSDT,2026-06-30 12:00:00.002,5e-05,0.08350000,Regular
LSKUSDT,2026-06-30 16:00:00.005,5e-05,0.08382500,Regular
LSKUSDT,2026-06-30 20:00:00.003,5e-05,0.08405000,Regular
LSKUSDT,2026-07-01 00:00:00.000,5e-05,0.08320000,Regular
LSKUSDT,2026-07-01 04:00:00.001,5e-05,0.08417696,Regular
LSKUSDT,2026-07-01 08:00:00.000,5e-05,0.08261935,Regular
LSKUSDT,2026-07-01 12:00:00.000,5e-05,0.08340000,Regular
LSKUSDT,2026-07-01 16:00:00.000,5e-05,0.08600000,Regular
LSKUSDT,2026-07-01 20:00:00.000,5e-05,0.08480000,Regular
LSKUSDT,2026-07-02 00:00:00.000,5e-05,0.08640000,Regular
LSKUSDT,2026-07-02 04:00:00.003,5e-05,0.08713000,Regular
LSKUSDT,2026-07-02 08:00:00.000,5e-05,0.08641226,Regular
LSKUSDT,2026-07-02 12:00:00.005,5e-05,0.08770000,Regular
LSKUSDT,2026-07-02 16:00:00.000,5e-05,0.08800000,Regular
LSKUSDT,2026-07-02 20:00:00.008,5e-05,0.08790000,Regular
LSKUSDT,2026-07-03 00:00:00.000,5e-05,0.08860000,Regular
LSKUSDT,2026-07-03 04:00:00.000,5e-05,0.08792000,Regular
LSKUSDT,2026-07-03 08:00:00.007,5e-05,0.08840000,Regular
LSKUSDT,2026-07-03 12:00:00.002,5e-05,0.08937806,Regular
LSKUSDT,2026-07-03 16:00:00.000,5e-05,0.08960000,Regular
LSKUSDT,2026-07-03 20:00:00.001,5e-05,0.09010000,Regular
LSKUSDT,2026-07-04 00:00:00.000,5e-05,0.09041548,Regular
LSKUSDT,2026-07-04 04:00:00.006,5e-05,0.09018129,Regular
LSKUSDT,2026-07-04 08:00:00.000,5e-05,0.08989935,Regular
LSKUSDT,2026-07-04 12:00:00.000,5e-05,0.09100000,Regular
LSKUSDT,2026-07-04 16:00:00.007,5e-05,0.09180000,Regular
LSKUSDT,2026-07-04 20:00:00.000,5e-05,0.09170000,Regular
LSKUSDT,2026-07-05 00:00:00.003,5e-05,0.09140000,Regular
LSKUSDT,2026-07-05 04:00:00.002,5e-05,0.08953432,Regular
LSKUSDT,2026-07-05 08:00:00.001,5e-05,0.08970000,Regular
LSKUSDT,2026-07-05 12:00:00.000,5e-05,0.08872996,Regular
LSKUSDT,2026-07-05 16:00:00.000,5e-05,0.08920581,Regular
LSKUSDT,2026-07-05 20:00:00.000,5e-05,0.08985000,Regular
LSKUSDT,2026-07-06 00:00:00.000,5e-05,0.08985000,Regular
LSKUSDT,2026-07-06 04:00:00.000,5e-05,0.08917871,Regular
LSKUSDT,2026-07-06 08:00:00.000,5e-05,0.08834806,Regular
LSKUSDT,2026-07-06 12:00:00.002,5e-05,0.08800000,Regular
LSKUSDT,2026-07-06 16:00:00.000,5e-05,0.08988387,Regular
LSKUSDT,2026-07-06 20:00:00.003,5e-05,0.08975000,Regular
LSKUSDT,2026-07-07 00:00:00.000,5e-05,0.08970000,Regular
LSKUSDT,2026-07-07 04:00:00.000,5e-05,0.08850000,Regular
LSKUSDT,2026-07-07 08:00:00.000,5e-05,0.08860000,Regular
LSKUSDT,2026-07-07 12:00:00.010,5e-05,0.08870000,Regular
LSKUSDT,2026-07-07 16:00:00.000,5e-05,0.08890000,Regular
LSKUSDT,2026-07-07 20:00:00.000,5e-05,0.08750000,Regular
LSKUSDT,2026-07-08 00:00:00.000,5e-05,0.08660000,Regular
LSKUSDT,2026-07-08 04:00:00.003,5e-05,0.08515000,Regular
LSKUSDT,2026-07-08 08:00:00.000,5e-05,0.08520000,Regular
LSKUSDT,2026-07-08 12:00:00.005,5e-05,0.08470000,Regular
LSKUSDT,2026-07-08 16:00:00.000,5e-05,0.08410000,Regular
LSKUSDT,2026-07-08 20:00:00.006,5e-05,0.08535000,Regular
LSKUSDT,2026-07-09 00:00:00.000,5e-05,0.08783918,Regular
LSKUSDT,2026-07-09 04:00:00.002,5e-05,0.08650000,Regular
LSKUSDT,2026-07-09 08:00:00.001,5e-05,0.08699806,Regular
LSKUSDT,2026-07-09 12:00:00.002,5e-05,0.08728194,Regular
LSKUSDT,2026-07-09 16:00:00.001,5e-05,0.08740000,Regular
LSKUSDT,2026-07-09 20:00:00.000,5e-05,0.08930000,Regular
LSKUSDT,2026-07-10 00:00:00.000,5e-05,0.08975000,Regular
LSKUSDT,2026-07-10 04:00:00.000,5e-05,0.09010000,Regular
LSKUSDT,2026-07-10 08:00:00.005,5e-05,0.09050000,Regular
LSKUSDT,2026-07-10 12:00:00.002,1.819e-05,0.08950000,Regular
LSKUSDT,2026-07-10 16:00:00.005,5e-05,0.08910000,Regular
LSKUSDT,2026-07-10 20:00:00.000,5e-05,0.08885000,Regular
LSKUSDT,2026-07-11 00:00:00.000,5e-05,0.08875000,Regular
LSKUSDT,2026-07-11 04:00:00.000,5e-05,0.09027097,Regular
LSKUSDT,2026-07-11 08:00:00.000,5e-05,0.08955000,Regular
LSKUSDT,2026-07-11 12:00:00.008,5e-05,0.08980000,Regular
LSKUSDT,2026-07-11 16:00:00.000,5e-05,0.09005000,Regular
LSKUSDT,2026-07-11 20:00:00.000,5e-05,0.08990000,Regular
LSKUSDT,2026-07-12 00:00:00.000,5e-05,0.08830000,Regular
LSKUSDT,2026-07-12 04:00:00.000,5e-05,0.08885000,Regular
LSKUSDT,2026-07-12 08:00:00.003,5e-05,0.08774813,Regular
LSKUSDT,2026-07-12 12:00:00.000,5e-05,0.08786839,Regular
LSKUSDT,2026-07-12 16:00:00.000,5e-05,0.08785000,Regular
LSKUSDT,2026-07-12 20:00:00.002,5e-05,0.08795000,Regular
LSKUSDT,2026-07-13 00:00:00.000,5e-05,0.08699226,Regular
LSKUSDT,2026-07-13 04:00:00.000,5e-05,0.08562935,Regular
LSKUSDT,2026-07-13 08:00:00.001,5e-05,0.08615000,Regular
LSKUSDT,2026-07-13 12:00:00.000,5e-05,0.08575000,Regular
LSKUSDT,2026-07-13 16:00:00.004,5e-05,0.08595548,Regular
LSKUSDT,2026-07-13 20:00:00.000,5e-05,0.08540000,Regular
LSKUSDT,2026-07-14 00:00:00.000,5e-05,0.08515000,Regular
LSKUSDT,2026-07-14 04:00:00.000,5e-05,0.08530000,Regular
LSKUSDT,2026-07-14 08:00:00.002,5e-05,0.08540000,Regular
LSKUSDT,2026-07-14 12:00:00.001,5e-05,0.08550000,Regular
LSKUSDT,2026-07-14 16:00:00.001,5e-05,0.08772667,Regular
LSKUSDT,2026-07-14 20:00:00.000,5e-05,0.08741333,Regular
LSKUSDT,2026-07-15 00:00:00.005,5e-05,0.08770000,Regular
LSKUSDT,2026-07-15 04:00:00.003,5e-05,0.08700000,Regular
LSKUSDT,2026-07-15 08:00:00.002,5e-05,0.08640000,Regular
LSKUSDT,2026-07-15 12:00:00.003,5e-05,0.08627032,Regular
LSKUSDT,2026-07-15 16:00:00.000,5e-05,0.08800000,Regular
LSKUSDT,2026-07-15 20:00:00.002,5e-05,0.08690000,Regular
LSKUSDT,2026-07-16 00:00:00.000,5e-05,0.08700000,Regular
LSKUSDT,2026-07-16 04:00:00.003,5e-05,0.08760000,Regular
LSKUSDT,2026-07-16 08:00:00.003,5e-05,0.08710000,Regular
LSKUSDT,2026-07-16 12:00:00.001,5e-05,0.08635097,Regular
LSKUSDT,2026-07-16 16:00:00.002,5e-05,0.08689677,Regular
LSKUSDT,2026-07-16 20:00:00.002,5e-05,0.08620000,Regular
LSKUSDT,2026-07-17 00:00:00.000,5e-05,0.08555000,Regular
LSKUSDT,2026-07-17 04:00:00.000,5e-05,0.08530000,Regular
LSKUSDT,2026-07-17 08:00:00.010,5e-05,0.08420000,Regular
LSKUSDT,2026-07-17 12:00:00.004,5e-05,0.08470000,Regular
LSKUSDT,2026-07-17 16:00:00.004,5e-05,0.08505806,Regular
LSKUSDT,2026-07-17 20:00:00.000,5e-05,0.08480000,Regular
LSKUSDT,2026-07-18 00:00:00.000,5e-05,0.08445742,Regular
LSKUSDT,2026-07-18 04:00:00.000,5e-05,0.08445000,Regular
LSKUSDT,2026-07-18 08:00:00.000,5e-05,0.08410000,Regular
LSKUSDT,2026-07-18 12:00:00.002,5e-05,0.08425000,Regular
LSKUSDT,2026-07-18 16:00:00.001,5e-05,0.08460000,Regular
LSKUSDT,2026-07-18 20:00:00.004,5e-05,0.08506710,Regular
LSKUSDT,2026-07-19 00:00:00.003,5e-05,0.08515000,Regular
LSKUSDT,2026-07-19 04:00:00.000,-2.938e-05,0.08500000,Regular
LSKUSDT,2026-07-19 08:00:00.000,-7.9e-06,0.08470000,Regular
LSKUSDT,2026-07-19 12:00:00.000,1.15e-05,0.08480000,Regular
LSKUSDT,2026-07-19 16:00:00.001,-1.953e-05,0.08510000,Regular
LSKUSDT,2026-07-19 20:00:00.004,5e-05,0.08440000,Regular
LSKUSDT,2026-07-20 00:00:00.000,5e-05,0.08470000,Regular
LSKUSDT,2026-07-20 04:00:00.000,5e-05,0.08420000,Regular
LSKUSDT,2026-07-20 08:00:00.001,5e-05,0.08410000,Regular
LSKUSDT,2026-07-20 12:00:00.000,5e-05,0.08554858,Regular
LSKUSDT,2026-07-20 16:00:00.004,5e-05,0.08590000,Regular
LSKUSDT,2026-07-20 20:00:00.002,5e-05,0.08595935,Regular
LSKUSDT,2026-07-21 00:00:00.001,5e-05,0.08570000,Regular
LSKUSDT,2026-07-21 04:00:00.000,5e-05,0.08650000,Regular
LSKUSDT,2026-07-21 08:00:00.000,5e-05,0.08725677,Regular
LSKUSDT,2026-07-21 12:00:00.000,5e-05,0.08745000,Regular
LSKUSDT,2026-07-21 16:00:00.002,5e-05,0.08770000,Regular
LSKUSDT,2026-07-21 20:00:00.000,5e-05,0.08795000,Regular
LSKUSDT,2026-07-22 00:00:00.000,5e-05,0.08780000,Regular
LSKUSDT,2026-07-22 04:00:00.008,5e-05,0.08700000,Regular
LSKUSDT,2026-07-22 08:00:00.000,5e-05,0.08635000,Regular
LSKUSDT,2026-07-22 12:00:00.000,5e-05,0.08665000,Regular
LSKUSDT,2026-07-22 16:00:00.001,5e-05,0.08778968,Regular
LSKUSDT,2026-07-22 20:00:00.000,5e-05,0.08730000,Regular
LSKUSDT,2026-07-23 00:00:00.000,5e-05,0.08715000,Regular
LSKUSDT,2026-07-23 04:00:00.006,5e-05,0.08675419,Regular
LSKUSDT,2026-07-23 08:00:00.000,5e-05,0.08690000,Regular
LSKUSDT,2026-07-23 12:00:00.000,5e-05,0.08715000,Regular
LSKUSDT,2026-07-23 16:00:00.000,5e-05,0.08660000,Regular
LSKUSDT,2026-07-23 20:00:00.000,5e-05,0.08586387,Regular
LSKUSDT,2026-07-24 00:00:00.000,5e-05,0.08592968,Regular
LSKUSDT,2026-07-24 04:00:00.001,5e-05,0.08185000,Regular
LSKUSDT,2026-07-24 08:00:00.000,5e-05,0.08410000,Regular
LSKUSDT,2026-07-24 12:00:00.000,5e-05,0.08245000,Regular
LSKUSDT,2026-07-24 16:00:00.008,5e-05,0.08175000,Regular
LSKUSDT,2026-07-24 20:00:00.001,5e-05,0.08160000,Regular
LSKUSDT,2026-07-25 00:00:00.002,5e-05,0.08125000,Regular
LSKUSDT,2026-07-25 04:00:00.000,5e-05,0.08062710,Regular
LSKUSDT,2026-07-25 08:00:00.000,5e-05,0.07964785,Regular
LSKUSDT,2026-07-25 12:00:00.000,5e-05,0.07801742,Regular
LSKUSDT,2026-07-25 16:00:00.000,5e-05,0.07894323,Regular
LSKUSDT,2026-07-25 20:00:00.003,5e-05,0.07985000,Regular
LSKUSDT,2026-07-26 00:00:00.000,5e-05,0.07975000,Regular
LSKUSDT,2026-07-26 04:00:00.000,5e-05,0.08090000,Regular
LSKUSDT,2026-07-26 08:00:00.002,5e-05,0.08130000,Regular
LSKUSDT,2026-07-26 12:00:00.000,5e-05,0.08150000,Regular
LSKUSDT,2026-07-26 16:00:00.000,5e-05,0.08090000,Regular
LSKUSDT,2026-07-26 20:00:00.000,5e-05,0.08000387,Regular
LSKUSDT,2026-07-27 00:00:00.010,5e-05,0.08080000,Regular
LSKUSDT,2026-07-27 04:00:00.000,5e-05,0.08020000,Regular
LSKUSDT,2026-07-27 08:00:00.000,5e-05,0.08030000,Regular
LSKUSDT,2026-07-27 12:00:00.000,5e-05,0.07901097,Regular
LSKUSDT,2026-07-27 16:00:00.001,5e-05,0.07655000,Regular
LSKUSDT,2026-07-27 20:00:00.004,5e-05,0.07691935,Regular
LSKUSDT,2026-07-28 00:00:00.000,5e-05,0.07535000,Regular
LSKUSDT,2026-07-28 04:00:00.012,5e-05,0.07501009,Regular
LSKUSDT,2026-07-28 08:00:00.000,5e-05,0.07520000,Regular
LSKUSDT,2026-07-28 12:00:00.001,5e-05,0.07434542,Regular
LSKUSDT,2026-07-28 16:00:00.000,5e-05,0.07520000,Regular
LSKUSDT,2026-07-28 20:00:00.000,5e-05,0.07470000,Regular
LSKUSDT,2026-07-29 00:00:00.000,5e-05,0.07455000,Regular
LSKUSDT,2026-07-29 04:00:00.000,5e-05,0.07225000,Regular
LSKUSDT,2026-07-29 08:00:00.002,5e-05,0.07220000,Regular
LSKUSDT,2026-07-29 12:00:00.007,5e-05,0.07210000,Regular
LSKUSDT,2026-07-29 16:00:00.000,5e-05,0.07210667,Regular
LSKUSDT,2026-07-29 20:00:00.003,5e-05,0.07154000,Regular
LSKUSDT,2026-07-30 00:00:00.000,5e-05,0.07151355,Regular
LSKUSDT,2026-07-30 04:00:00.001,5e-05,0.07230000,Regular
LSKUSDT,2026-07-30 08:00:00.000,5e-05,0.07243767,Regular
LSKUSDT,2026-07-30 12:00:00.000,5e-05,0.07284367,Regular
LSKUSDT,2026-07-30 16:00:00.000,5e-05,0.07311032,Regular
LSKUSDT,2026-07-30 20:00:00.003,5e-05,0.07282567,Regular
LSKUSDT,2026-07-31 00:00:00.003,5e-05,0.07227550,Regular
LSKUSDT,2026-07-31 04:00:00.000,5e-05,0.07257000,Regular
LSKUSDT,2026-07-31 08:00:00.000,5e-05,0.07300000,Regular
LSKUSDT,2026-07-31 12:00:00.000,5e-05,0.07212272,Regular
LSKUSDT,2026-07-31 16:00:00.000,5e-05,0.07223085,Regular
LSKUSDT,2026-07-31 20:00:00.001,5e-05,0.07235242,Regular
LSKUSDT,2026-08-01 00:00:00.001,5e-05,0.07263733,Regular
LSKUSDT,2026-08-01 04:00:00.000,5e-05,0.07297939,Regular
LSKUSDT,2026-08-01 08:00:00.000,5e-05,0.07346000,Regular
LSKUSDT,2026-08-01 12:00:00.000,5e-05,0.07309500,Regular
LSKUSDT,2026-08-01 16:00:00.000,5e-05,0.07194833,Regular
LSKUSDT,2026-08-01 20:00:00.000,5e-05,0.07083000,Regular
LSKUSDT,2026-08-02 00:00:00.000,5e-05,0.07123667,Regular
LSKUSDT,2026-08-02 04:00:00.000,5e-05,0.07227000,Regular
LSKUSDT,2026-08-02 08:00:00.000,5e-05,0.07231000,Regular
LSKUSDT,2026-08-02 12:00:00.007,5e-05,0.07268500,Regular
LSKUSDT,2026-08-02 16:00:00.000,5e-05,0.07203500,Regular
LSKUSDT,2026-08-02 20:00:00.002,5e-05,0.07212033,Regular
LSKUSDT,2026-08-03 00:00:00.000,5e-05,0.07182500,Regular
LSKUSDT,2026-08-03 04:00:00.000,5e-05,0.07048583,Regular
LSKUSDT,2026-08-03 08:00:00.000,5e-05,0.07072167,Regular
LSKUSDT,2026-08-03 12:00:00.000,5e-05,0.07127000,Regular
LSKUSDT,2026-08-03 16:00:00.000,-0.00019254,0.07500000,Regular
LSKUSDT,2026-08-03 20:00:00.003,2.432e-05,0.07473483,Regular
LSKUSDT,2026-08-04 00:00:00.004,-2.943e-05,0.07432500,Regular
LSKUSDT,2026-08-04 04:00:00.002,-0.00044543,0.07334000,Regular
LSKUSDT,2026-08-04 08:00:00.002,5e-05,0.07239206,Regular
LSKUSDT,2026-08-04 12:00:00.002,5e-05,0.07184000,Regular
LSKUSDT,2026-08-04 16:00:00.000,5e-05,0.07189500,Regular
LSKUSDT,2026-08-04 20:00:00.000,5e-05,0.07224609,Regular
LSKUSDT,2026-08-05 00:00:00.003,-0.00018561,0.07189000,Regular
LSKUSDT,2026-08-05 04:00:00.001,2.094e-05,0.07246500,Regular
LSKUSDT,2026-08-05 08:00:00.004,5e-05,0.07415700,Regular
LSKUSDT,2026-08-05 12:00:00.008,-6e-07,0.07383600,Regular
LSKUSDT,2026-08-05 16:00:00.000,-5.119e-05,0.07412534,Regular
LSKUSDT,2026-08-05 20:00:00.000,-3.911e-05,0.07424133,Regular
LSKUSDT,2026-08-06 00:00:00.002,-3.832e-05,0.07361587,Regular
LSKUSDT,2026-08-06 04:00:00.000,5e-05,0.07418778,Regular
LSKUSDT,2026-08-06 08:00:00.000,5e-05,0.07563866,Regular
LSKUSDT,2026-08-06 12:00:00.000,-3.63e-06,0.07449000,Regular
LSKUSDT,2026-08-06 16:00:00.000,5e-05,0.07484583,Regular
LSKUSDT,2026-08-06 20:00:00.001,-0.00011184,0.07504233,Regular
LSKUSDT,2026-08-07 00:00:00.000,5e-05,0.07562500,Regular
LSKUSDT,2026-08-07 04:00:00.000,-2.078e-05,0.07515500,Regular
LSKUSDT,2026-08-07 08:00:00.000,5e-05,0.07542500,Regular
LSKUSDT,2026-08-07 12:00:00.000,5e-05,0.07476017,Regular
LSKUSDT,2026-08-07 16:00:00.000,5e-05,0.07492000,Regular
LSKUSDT,2026-08-07 20:00:00.000,1e-07,0.07483483,Regular
LSKUSDT,2026-08-08 00:00:00.001,5e-05,0.07451217,Regular
LSKUSDT,2026-08-08 04:00:00.000,5e-05,0.07425667,Regular
LSKUSDT,2026-08-08 08:00:00.000,5e-05,0.07485000,Regular
LSKUSDT,2026-08-08 12:00:00.001,5e-05,0.07532750,Regular
LSKUSDT,2026-08-08 16:00:00.002,5e-05,0.07598650,Regular
LSKUSDT,2026-08-08 20:00:00.000,1.722e-05,0.07627500,Regular
LSKUSDT,2026-08-09 00:00:00.000,5e-05,0.07579845,Regular
LSKUSDT,2026-08-09 04:00:00.000,5e-05,0.07623000,Regular
LSKUSDT,2026-08-09 08:00:00.005,5e-05,0.07650650,Regular
LSKUSDT,2026-08-09 12:00:00.000,5e-05,0.07720000,Regular
LSKUSDT,2026-08-09 16:00:00.000,5e-05,0.07725000,Regular
LSKUSDT,2026-08-09 20:00:00.000,5e-05,0.07780000,Regular
LSKUSDT,2026-08-10 00:00:00.001,5e-05,0.07659371,Regular
LSKUSDT,2026-08-10 04:00:00.000,5e-05,0.07642000,Regular
LSKUSDT,2026-08-10 08:00:00.005,5e-05,0.07676500,Regular
LSKUSDT,2026-08-10 12:00:00.000,5e-05,0.07708000,Regular
LSKUSDT,2026-08-10 16:00:00.000,5e-05,0.07644167,Regular
LSKUSDT,2026-08-10 20:00:00.000,5e-05,0.07817637,Regular
LSKUSDT,2026-08-11 00:00:00.000,-2.914e-05,0.07712067,Regular
LSKUSDT,2026-08-11 04:00:00.000,5e-05,0.07714417,Regular
LSKUSDT,2026-08-11 08:00:00.006,5e-05,0.07590000,Regular
LSKUSDT,2026-08-11 12:00:00.001,5e-05,0.07645000,Regular
LSKUSDT,2026-08-11 16:00:00.000,-0.00013075,0.07518000,Regular
LSKUSDT,2026-08-11 20:00:00.003,5e-05,0.08329000,Regular
LSKUSDT,2026-08-12 00:00:00.001,-0.00111069,0.08206000,Regular
LSKUSDT,2026-08-12 04:00:00.000,-0.00036448,0.08426296,Regular
LSKUSDT,2026-08-12 08:00:00.000,-0.00016323,0.07753000,Regular
LSKUSDT,2026-08-12 12:00:00.000,5e-05,0.08080345,Regular
LSKUSDT,2026-08-12 16:00:00.000,-0.0008895,0.08134489,Regular
LSKUSDT,2026-08-12 20:00:00.001,-4.603e-05,0.08123000,Regular
LSKUSDT,2026-08-13 00:00:00.000,-0.00026737,0.07959739,Regular
LSKUSDT,2026-08-13 04:00:00.000,-0.00139695,0.07923152,Regular
LSKUSDT,2026-08-13 08:00:00.000,-0.00040895,0.07878900,Regular
LSKUSDT,2026-08-13 12:00:00.000,-0.00047202,0.07777000,Regular
LSKUSDT,2026-08-13 16:00:00.000,-0.00029201,0.07839000,Regular
LSKUSDT,2026-08-13 20:00:00.002,-0.00023432,0.07764867,Regular
LSKUSDT,2026-08-14 00:00:00.000,-0.00046083,0.07784577,Regular
LSKUSDT,2026-08-14 04:00:00.001,-0.00043161,0.07588383,Regular
LSKUSDT,2026-08-14 08:00:00.001,-0.00058946,0.07394000,Regular
LSKUSDT,2026-08-14 12:00:00.002,-0.00079634,0.07528662,Regular
LSKUSDT,2026-08-14 16:00:00.001,-1.577e-05,0.07613000,Regular
LSKUSDT,2026-08-14 20:00:00.000,-9.662e-05,0.07776000,Regular
LSKUSDT,2026-08-15 00:00:00.003,-7.692e-05,0.07832000,Regular
LSKUSDT,2026-08-15 04:00:00.000,5e-05,0.07843000,Regular
LSKUSDT,2026-08-15 08:00:00.002,7.9e-06,0.07858000,Regular
LSKUSDT,2026-08-15 12:00:00.001,3.447e-05,0.07671500,Regular
LSKUSDT,2026-08-15 16:00:00.000,5e-05,0.07636000,Regular
LSKUSDT,2026-08-15 20:00:00.003,-8.88e-06,0.07587000,Regular
LSKUSDT,2026-08-16 00:00:00.000,5e-05,0.07540500,Regular
LSKUSDT,2026-08-16 04:00:00.001,-7.27e-05,0.07463000,Regular
LSKUSDT,2026-08-16 08:00:00.002,5e-05,0.07627725,Regular
LSKUSDT,2026-08-16 12:00:00.008,5e-05,0.07740581,Regular
LSKUSDT,2026-08-16 16:00:00.000,-0.00015748,0.07742000,Regular
LSKUSDT,2026-08-16 20:00:00.000,-0.0001045,0.07830000,Regular
LSKUSDT,2026-08-17 00:00:00.001,-0.00012415,0.07733000,Regular
LSKUSDT,2026-08-17 04:00:00.001,-0.00036171,0.07713000,Regular
LSKUSDT,2026-08-17 08:00:00.003,-0.00013658,0.07680000,Regular
LSKUSDT,2026-08-17 12:00:00.002,5e-05,0.07700000,Regular
LSKUSDT,2026-08-17 16:00:00.005,5e-05,0.07803103,Regular
LSKUSDT,2026-08-17 20:00:00.000,-4.986e-05,0.07782000,Regular
LSKUSDT,2026-08-18 00:00:00.006,5e-05,0.07812000,Regular
LSKUSDT,2026-08-18 04:00:00.001,5e-05,0.07814235,Regular
LSKUSDT,2026-08-18 08:00:00.001,-1.387e-05,0.07839167,Regular
LSKUSDT,2026-08-18 12:00:00.000,1.2e-06,0.07823073,Regular
LSKUSDT,2026-08-18 16:00:00.003,5e-05,0.07928000,Regular
LSKUSDT,2026-08-18 20:00:00.008,5e-05,0.07936000,Regular
LSKUSDT,2026-08-19 00:00:00.000,-9.57e-06,0.07944000,Regular
LSKUSDT,2026-08-19 04:00:00.001,5e-05,0.07926000,Regular
LSKUSDT,2026-08-19 08:00:00.000,5e-05,0.07997000,Regular
LSKUSDT,2026-08-19 12:00:00.000,5e-05,0.08073242,Regular
LSKUSDT,2026-08-19 16:00:00.004,5e-05,0.08231000,Regular
LSKUSDT,2026-08-19 20:00:00.009,1.759e-05,0.08243363,Regular
LSKUSDT,2026-08-20 00:00:00.001,5e-05,0.08287500,Regular
LSKUSDT,2026-08-20 04:00:00.011,5e-05,0.08269000,Regular
LSKUSDT,2026-08-20 08:00:00.000,5e-05,0.08326050,Regular
LSKUSDT,2026-08-20 12:00:00.002,5e-05,0.08363000,Regular
LSKUSDT,2026-08-20 16:00:00.005,5e-05,0.08313000,Regular
LSKUSDT,2026-08-20 20:00:00.001,5e-05,0.08329000,Regular
LSKUSDT,2026-08-21 00:00:00.004,5e-05,0.08340000,Regular
LSKUSDT,2026-08-21 04:00:00.000,5e-05,0.08328000,Regular
LSKUSDT,2026-08-21 08:00:00.000,5e-05,0.08444000,Regular
LSKUSDT,2026-08-21 12:00:00.000,5e-05,0.08605085,Regular
LSKUSDT,2026-08-21 16:00:00.001,-0.00014663,0.09013000,Regular
LSKUSDT,2026-08-21 20:00:00.000,5e-05,0.08947000,Regular
LSKUSDT,2026-08-22 00:00:00.000,5e-05,0.09108417,Regular
LSKUSDT,2026-08-22 04:00:00.004,5e-05,0.09336217,Regular
LSKUSDT,2026-08-22 08:00:00.000,5e-05,0.09210309,Regular
LSKUSDT,2026-08-22 12:00:00.002,5e-05,0.08996695,Regular
LSKUSDT,2026-08-22 16:00:00.000,5e-05,0.08963000,Regular
LSKUSDT,2026-08-22 20:00:00.001,5e-05,0.08963000,Regular
LSKUSDT,2026-08-23 00:00:00.000,5e-05,0.08868000,Regular
LSKUSDT,2026-08-23 04:00:00.004,5e-05,0.08604235,Regular
LSKUSDT,2026-08-23 08:00:00.000,5e-05,0.08717000,Regular
LSKUSDT,2026-08-23 12:00:00.002,5e-05,0.09047483,Regular
LSKUSDT,2026-08-23 16:00:00.006,5e-05,0.09194000,Regular
LSKUSDT,2026-08-23 20:00:00.000,5e-05,0.09303519,Regular
LSKUSDT,2026-08-24 00:00:00.001,5e-05,0.09293699,Regular
LSKUSDT,2026-08-24 04:00:00.000,5e-05,0.09082000,Regular
LSKUSDT,2026-08-24 08:00:00.002,5e-05,0.09120563,Regular
LSKUSDT,2026-08-24 12:00:00.000,5e-05,0.09508250,Regular
LSKUSDT,2026-08-24 16:00:00.000,5e-05,0.09334070,Regular
LSKUSDT,2026-08-24 20:00:00.000,5e-05,0.09250153,Regular
LSKUSDT,2026-08-25 00:00:00.001,5e-05,0.09232000,Regular
LSKUSDT,2026-08-25 04:00:00.001,5e-05,0.09331172,Regular
LSKUSDT,2026-08-25 08:00:00.000,5e-05,0.09362367,Regular
LSKUSDT,2026-08-25 12:00:00.001,5e-05,0.09265017,Regular
LSKUSDT,2026-08-25 16:00:00.005,5e-05,0.08826000,Regular
LSKUSDT,2026-08-25 20:00:00.000,5e-05,0.09169000,Regular
LSKUSDT,2026-08-26 00:00:00.000,5e-05,0.09033700,Regular
LSKUSDT,2026-08-26 04:00:00.000,5e-05,0.09236575,Regular
LSKUSDT,2026-08-26 08:00:00.005,5e-05,0.09876238,Regular
LSKUSDT,2026-08-26 12:00:00.000,5e-05,0.09747484,Regular
LSKUSDT,2026-08-26 16:00:00.000,-0.00450163,0.09976309,Regular
LSKUSDT,2026-08-26 20:00:00.000,-0.00025782,0.10010113,Regular
LSKUSDT,2026-08-27 00:00:00.000,-0.00051557,0.10543533,Regular
LSKUSDT,2026-08-27 04:00:00.000,-0.00088547,0.09774100,Regular
LSKUSDT,2026-08-27 08:00:00.000,-8.141e-05,0.09764541,Regular
LSKUSDT,2026-08-27 12:00:00.000,-8.788e-05,0.09773000,Regular
LSKUSDT,2026-08-27 16:00:00.013,2.294e-05,0.09713000,Regular
LSKUSDT,2026-08-27 20:00:00.000,4.64e-05,0.09555000,Regular
LSKUSDT,2026-08-28 00:00:00.026,-9.762e-05,0.09658000,Regular
LSKUSDT,2026-08-28 04:00:00.008,-5.856e-05,0.09597017,Regular
LSKUSDT,2026-08-28 08:00:00.000,-9.631e-05,0.09516750,Regular
LSKUSDT,2026-08-28 12:00:00.004,-9.506e-05,0.09599000,Regular
LSKUSDT,2026-08-28 16:00:00.001,-7.231e-05,0.09590700,Regular
LSKUSDT,2026-08-28 20:00:00.000,-0.00027032,0.09874000,Regular
LSKUSDT,2026-08-29 00:00:00.000,-0.00025574,0.09961600,Regular
LSKUSDT,2026-08-29 04:00:00.000,-0.00045101,0.10248888,Regular
LSKUSDT,2026-08-29 08:00:00.000,-0.0006967,0.10114000,Regular
LSKUSDT,2026-08-29 12:00:00.000,-0.00010577,0.10094648,Regular
LSKUSDT,2026-08-29 16:00:00.002,1.749e-05,0.10125600,Regular
LSKUSDT,2026-08-29 20:00:00.002,-0.00023317,0.10184000,Regular
LSKUSDT,2026-08-30 00:00:00.000,-0.00016428,0.10163183,Regular
LSKUSDT,2026-08-30 04:00:00.000,-1.383e-05,0.10198226,Regular
LSKUSDT,2026-08-30 08:00:00.000,-0.00013621,0.10018400,Regular
LSKUSDT,2026-08-30 12:00:00.000,2.837e-05,0.10252000,Regular
LSKUSDT,2026-08-30 16:00:00.001,5e-05,0.10308000,Regular
LSKUSDT,2026-08-30 20:00:00.000,-0.0001266,0.10414000,Regular
LSKUSDT,2026-08-31 00:00:00.002,-2.35e-06,0.10299000,Regular
LSKUSDT,2026-08-31 04:00:00.002,-0.00011556,0.10293200,Regular
LSKUSDT,2026-08-31 08:00:00.002,-2.881e-05,0.10205865,Regular
LSKUSDT,2026-08-31 12:00:00.003,-0.00011307,0.10105000,Regular
LSKUSDT,2026-08-31 16:00:00.001,5e-05,0.10242968,Regular
LSKUSDT,2026-08-31 20:00:00.000,-8.687e-05,0.10128200,Regular
LSKUSDT,2026-09-01 00:00:00.005,-0.00030742,0.10110000,Regular
LSKUSDT,2026-09-01 04:00:00.007,2.607e-05,0.10047000,Regular
LSKUSDT,2026-09-01 08:00:00.000,2.068e-05,0.09958000,Regular
LSKUSDT,2026-09-01 12:00:00.001,-7.292e-05,0.09910945,Regular
LSKUSDT,2026-09-01 16:00:00.000,-4.828e-05,0.10132000,Regular
LSKUSDT,2026-09-01 20:00:00.000,-0.00012645,0.09970559,Regular
LSKUSDT,2026-09-02 00:00:00.000,5e-05,0.10160000,Regular
LSKUSDT,2026-09-02 04:00:00.000,-0.00038331,0.10014167,Regular
LSKUSDT,2026-09-02 08:00:00.001,-0.0002992,0.10029994,Regular
LSKUSDT,2026-09-02 12:00:00.000,-0.00026145,0.09952000,Regular
LSKUSDT,2026-09-02 16:00:00.005,-3.041e-05,0.10003000,Regular
LSKUSDT,2026-09-02 20:00:00.000,-0.00023862,0.09883300,Regular
LSKUSDT,2026-09-03 00:00:00.000,-0.0003467,0.09849000,Regular
LSKUSDT,2026-09-03 04:00:00.000,-3.808e-05,0.10043665,Regular
LSKUSDT,2026-09-03 08:00:00.000,5e-05,0.10100067,Regular
LSKUSDT,2026-09-03 12:00:00.002,-0.00019651,0.10138000,Regular
LSKUSDT,2026-09-03 16:00:00.000,1.003e-05,0.10422373,Regular
LSKUSDT,2026-09-03 20:00:00.000,-0.00010936,0.10378302,Regular
LSKUSDT,2026-09-04 00:00:00.000,-0.00064491,0.10357400,Regular
LSKUSDT,2026-09-04 04:00:00.000,-0.00026926,0.10216000,Regular
LSKUSDT,2026-09-04 08:00:00.000,-0.00031374,0.10258783,Regular
LSKUSDT,2026-09-04 12:00:00.003,-1.44e-06,0.10214596,Regular
LSKUSDT,2026-09-04 16:00:00.009,-9.66e-06,0.10254190,Regular
LSKUSDT,2026-09-04 20:00:00.000,5e-05,0.10243387,Regular
LSKUSDT,2026-09-05 00:00:00.000,5e-05,0.10223000,Regular
LSKUSDT,2026-09-05 04:00:00.001,5e-05,0.10189000,Regular
LSKUSDT,2026-09-05 08:00:00.000,5e-05,0.10257000,Regular
LSKUSDT,2026-09-05 12:00:00.007,5e-05,0.10292000,Regular
LSKUSDT,2026-09-05 16:00:00.001,5e-05,0.10256953,Regular
LSKUSDT,2026-09-05 20:00:00.000,5e-05,0.10249000,Regular
LSKUSDT,2026-09-06 00:00:00.000,5e-05,0.10355000,Regular
LSKUSDT,2026-09-06 04:00:00.005,5e-05,0.10387200,Regular
LSKUSDT,2026-09-06 08:00:00.000,5e-05,0.10349000,Regular
LSKUSDT,2026-09-06 12:00:00.001,5e-05,0.10370500,Regular
LSKUSDT,2026-09-06 16:00:00.004,5e-05,0.10323500,Regular
LSKUSDT,2026-09-06 20:00:00.000,5e-05,0.10314000,Regular
LSKUSDT,2026-09-07 00:00:00.004,5e-05,0.10363534,Regular
LSKUSDT,2026-09-07 04:00:00.001,5e-05,0.10323000,Regular
LSKUSDT,2026-09-07 08:00:00.000,5e-05,0.10416150,Regular
LSKUSDT,2026-09-07 12:00:00.000,5e-05,0.10257097,Regular
LSKUSDT,2026-09-07 16:00:00.003,5e-05,0.10153226,Regular
LSKUSDT,2026-09-07 20:00:00.000,5e-05,0.10235391,Regular
LSKUSDT,2026-09-08 00:00:00.004,5e-05,0.10251215,Regular
LSKUSDT,2026-09-08 04:00:00.000,5e-05,0.10280467,Regular
LSKUSDT,2026-09-08 08:00:00.002,5e-05,0.10172000,Regular
LSKUSDT,2026-09-08 12:00:00.006,-7e-06,0.10308000,Regular
LSKUSDT,2026-09-08 16:00:00.001,5e-05,0.10322000,Regular
LSKUSDT,2026-09-08 20:00:00.002,-7.941e-05,0.10208000,Regular
LSKUSDT,2026-09-09 00:00:00.005,5e-05,0.10312296,Regular
LSKUSDT,2026-09-09 04:00:00.004,4.463e-05,0.10348054,Regular
LSKUSDT,2026-09-09 08:00:00.004,5e-05,0.10506067,Regular
LSKUSDT,2026-09-09 12:00:00.004,5e-05,0.10934000,Regular
LSKUSDT,2026-09-09 16:00:00.002,4.16e-06,0.11243235,Regular
LSKUSDT,2026-09-09 20:00:00.000,-4.559e-05,0.11384033,Regular
LSKUSDT,2026-09-10 00:00:00.000,-0.00015448,0.11609567,Regular
LSKUSDT,2026-09-10 04:00:00.000,5e-05,0.11318000,Regular
LSKUSDT,2026-09-10 08:00:00.007,-0.00021619,0.11480000,Regular
LSKUSDT,2026-09-10 12:00:00.000,-0.00282557,0.10785031,Regular
LSKUSDT,2026-09-10 16:00:00.002,5e-05,0.11002000,Regular
LSKUSDT,2026-09-10 20:00:00.000,5e-05,0.11378000,Regular
LSKUSDT,2026-09-11 00:00:00.008,5e-05,0.11770384,Regular
LSKUSDT,2026-09-11 04:00:00.005,-8.411e-05,0.12472000,Regular
LSKUSDT,2026-09-11 08:00:00.000,-0.0043641,0.13522821,Regular
LSKUSDT,2026-09-11 12:00:00.000,-0.00199302,0.12704000,Regular
LSKUSDT,2026-09-11 16:00:00.000,-0.0006946,0.12141355,Regular
LSKUSDT,2026-09-11 20:00:00.004,-0.00012315,0.12626351,Regular
LSKUSDT,2026-09-12 00:00:00.001,-0.00070932,0.14057396,Regular
LSKUSDT,2026-09-12 04:00:00.002,-0.0051911,0.19992063,Regular
LSKUSDT,2026-09-12 08:00:00.003,-0.00311191,0.19746517,Regular
LSKUSDT,2026-09-12 12:00:00.000,-0.00376959,0.21229764,Regular
LSKUSDT,2026-09-12 16:00:00.000,-0.00653568,0.25561840,Regular
LSKUSDT,2026-09-12 20:00:00.000,-0.0020485,0.25429700,Regular
LSKUSDT,2026-09-13 00:00:00.002,-0.00161508,0.32562000,Regular
LSKUSDT,2026-09-13 04:00:00.007,-0.01900873,1.16830067,Regular
LSKUSDT,2026-09-13 08:00:00.000,-0.00735784,0.77110000,Regular
LSKUSDT,2026-09-13 12:00:00.001,-0.02,0.82878000,Regular
