symbol,fundingTime,fundingRate,markPrice,rateType
SOLUSDT,2023-09-14 16:00:00.000,-0.00024678,,Regular
SOLUSDT,2023-09-15 00:00:00.000,-0.0002153,,Regular
SOLUSDT,2023-09-15 08:00:00.000,-0.00012046,,Regular
SOLUSDT,2023-09-15 16:00:00.000,-5.91e-06,,Regular
SOLUSDT,2023-09-16 00:00:00.000,1.257e-05,,Regular
SOLUSDT,2023-09-16 08:00:00.000,-5.38e-05,,Regular
SOLUSDT,2023-09-16 16:00:00.000,-0.00014091,,Regular
SOLUSDT,2023-09-17 00:00:00.000,-0.00021514,,Regular
SOLUSDT,2023-09-17 08:00:00.000,-7.124e-05,,Regular
SOLUSDT,2023-09-17 16:00:00.000,-5.427e-05,,Regular
SOLUSDT,2023-09-18 00:00:00.000,-0.00030943,,Regular
SOLUSDT,2023-09-18 08:00:00.000,-7.847e-05,,Regular
SOLUSDT,2023-09-18 16:00:00.000,-0.00013976,,Regular
SOLUSDT,2023-09-19 00:00:00.000,-5.9e-05,,Regular
SOLUSDT,2023-09-19 08:00:00.001,-0.00010841,,Regular
SOLUSDT,2023-09-19 16:00:00.000,0.0001,,Regular
SOLUSDT,2023-09-20 00:00:00.000,-0.00014401,,Regular
SOLUSDT,2023-09-20 08:00:00.000,-8.143e-05,,Regular
SOLUSDT,2023-09-20 16:00:00.000,-9.609e-05,,Regular
SOLUSDT,2023-09-21 00:00:00.001,-7.77e-06,,Regular
SOLUSDT,2023-09-21 08:00:00.000,-6.489e-05,,Regular
SOLUSDT,2023-09-21 16:00:00.000,0.0001,,Regular
SOLUSDT,2023-09-22 00:00:00.000,1.075e-05,,Regular
SOLUSDT,2023-09-22 08:00:00.000,1.389e-05,,Regular
SOLUSDT,2023-09-22 16:00:00.000,4.359e-05,,Regular
SOLUSDT,2023-09-23 00:00:00.000,5.987e-05,,Regular
SOLUSDT,2023-09-23 08:00:00.000,0.0001,,Regular
SOLUSDT,2023-09-23 16:00:00.000,5.94e-05,,Regular
SOLUSDT,2023-09-24 00:00:00.000,8.557e-05,,Regular
SOLUSDT,2023-09-24 08:00:00.000,8.1e-06,,Regular
SOLUSDT,2023-09-24 16:00:00.000,6.559e-05,,Regular
SOLUSDT,2023-09-25 00:00:00.000,1.511e-05,,Regular
SOLUSDT,2023-09-25 08:00:00.000,-3.233e-05,,Regular
SOLUSDT,2023-09-25 16:00:00.000,2.778e-05,,Regular
SOLUSDT,2023-09-26 00:00:00.000,1.913e-05,,Regular
SOLUSDT,2023-09-26 08:00:00.000,-6.278e-05,,Regular
SOLUSDT,2023-09-26 16:00:00.000,1.89e-05,,Regular
SOLUSDT,2023-09-27 00:00:00.000,7.51e-05,,Regular
SOLUSDT,2023-09-27 08:00:00.001,3.583e-05,,Regular
SOLUSDT,2023-09-27 16:00:00.000,2.165e-05,,Regular
SOLUSDT,2023-09-28 00:00:00.000,-0.00025005,,Regular
SOLUSDT,2023-09-28 08:00:00.000,4.959e-05,,Regular
SOLUSDT,2023-09-28 16:00:00.000,0.0001,,Regular
SOLUSDT,2023-09-29 00:00:00.000,-8.879e-05,,Regular
SOLUSDT,2023-09-29 08:00:00.000,3.522e-05,,Regular
SOLUSDT,2023-09-29 16:00:00.000,-8.995e-05,,Regular
SOLUSDT,2023-09-30 00:00:00.000,-9.192e-05,,Regular
SOLUSDT,2023-09-30 08:00:00.000,-0.00013968,,Regular
SOLUSDT,2023-09-30 16:00:00.000,-0.00033235,,Regular
SOLUSDT,2023-10-01 00:00:00.000,-0.00015019,,Regular
SOLUSDT,2023-10-01 08:00:00.000,-0.00024577,,Regular
SOLUSDT,2023-10-01 16:00:00.000,4.55e-05,,Regular
SOLUSDT,2023-10-02 00:00:00.000,0.0001,,Regular
SOLUSDT,2023-10-02 08:00:00.000,-5.358e-05,,Regular
SOLUSDT,2023-10-02 16:00:00.000,7.399e-05,,Regular
SOLUSDT,2023-10-03 00:00:00.000,0.0001,,Regular
SOLUSDT,2023-10-03 08:00:00.000,-9.329e-05,,Regular
SOLUSDT,2023-10-03 16:00:00.000,-0.00016715,,Regular
SOLUSDT,2023-10-04 00:00:00.000,-0.00020449,,Regular
SOLUSDT,2023-10-04 08:00:00.000,-0.00014362,,Regular
SOLUSDT,2023-10-04 16:00:00.000,1.008e-05,,Regular
SOLUSDT,2023-10-05 00:00:00.000,-0.00019583,,Regular
SOLUSDT,2023-10-05 08:00:00.000,-0.00010441,,Regular
SOLUSDT,2023-10-05 16:00:00.001,-0.0002138,,Regular
SOLUSDT,2023-10-06 00:00:00.000,-0.00014401,,Regular
SOLUSDT,2023-10-06 08:00:00.000,-1.702e-05,,Regular
SOLUSDT,2023-10-06 16:00:00.000,6.028e-05,,Regular
SOLUSDT,2023-10-07 00:00:00.000,1.517e-05,,Regular
SOLUSDT,2023-10-07 08:00:00.000,-3.624e-05,,Regular
SOLUSDT,2023-10-07 16:00:00.000,-0.00013829,,Regular
SOLUSDT,2023-10-08 00:00:00.000,-7.284e-05,,Regular
SOLUSDT,2023-10-08 08:00:00.001,-4.763e-05,,Regular
SOLUSDT,2023-10-08 16:00:00.000,-2.324e-05,,Regular
SOLUSDT,2023-10-09 00:00:00.000,-2.043e-05,,Regular
SOLUSDT,2023-10-09 08:00:00.000,-0.00010232,,Regular
SOLUSDT,2023-10-09 16:00:00.000,-8.685e-05,,Regular
SOLUSDT,2023-10-10 00:00:00.000,-0.00026515,,Regular
SOLUSDT,2023-10-10 08:00:00.000,-0.00011672,,Regular
SOLUSDT,2023-10-10 16:00:00.000,-4.739e-05,,Regular
SOLUSDT,2023-10-11 00:00:00.000,-8.746e-05,,Regular
SOLUSDT,2023-10-11 08:00:00.000,-1.27e-05,,Regular
SOLUSDT,2023-10-11 16:00:00.000,-0.00010217,,Regular
SOLUSDT,2023-10-12 00:00:00.000,-5.206e-05,,Regular
SOLUSDT,2023-10-12 08:00:00.000,5.051e-05,,Regular
SOLUSDT,2023-10-12 16:00:00.000,-4.469e-05,,Regular
SOLUSDT,2023-10-13 00:00:00.000,-4.739e-05,,Regular
SOLUSDT,2023-10-13 08:00:00.000,-7.419e-05,,Regular
SOLUSDT,2023-10-13 16:00:00.000,-7.301e-05,,Regular
SOLUSDT,2023-10-14 00:00:00.000,-0.00015669,,Regular
SOLUSDT,2023-10-14 08:00:00.000,-0.0003452,,Regular
SOLUSDT,2023-10-14 16:00:00.000,-4.015e-05,,Regular
SOLUSDT,2023-10-15 00:00:00.000,-7.073e-05,,Regular
SOLUSDT,2023-10-15 08:00:00.000,-1.29e-06,,Regular
SOLUSDT,2023-10-15 16:00:00.000,2.222e-05,,Regular
SOLUSDT,2023-10-16 00:00:00.000,-0.00010829,,Regular
SOLUSDT,2023-10-16 08:00:00.000,-6.321e-05,,Regular
SOLUSDT,2023-10-16 16:00:00.000,-0.00013087,,Regular
SOLUSDT,2023-10-17 00:00:00.000,8.45e-06,,Regular
SOLUSDT,2023-10-17 08:00:00.000,-0.00014135,,Regular
SOLUSDT,2023-10-17 16:00:00.000,2.264e-05,,Regular
SOLUSDT,2023-10-18 00:00:00.000,7.478e-05,,Regular
SOLUSDT,2023-10-18 08:00:00.000,-2.937e-05,,Regular
SOLUSDT,2023-10-18 16:00:00.000,9.438e-05,,Regular
SOLUSDT,2023-10-19 00:00:00.000,1.267e-05,,Regular
SOLUSDT,2023-10-19 08:00:00.001,-0.00010177,,Regular
SOLUSDT,2023-10-19 16:00:00.000,-0.00018428,,Regular
SOLUSDT,2023-10-20 00:00:00.000,-1.42e-05,,Regular
SOLUSDT,2023-10-20 08:00:00.005,-0.00060231,,Regular
SOLUSDT,2023-10-20 16:00:00.000,-6.18e-06,,Regular
SOLUSDT,2023-10-21 00:00:00.000,-8.888e-05,,Regular
SOLUSDT,2023-10-21 08:00:00.000,-9.934e-05,,Regular
SOLUSDT,2023-10-21 16:00:00.000,6.969e-05,,Regular
SOLUSDT,2023-10-22 00:00:00.000,-9.897e-05,,Regular
SOLUSDT,2023-10-22 08:00:00.000,-4.073e-05,,Regular
SOLUSDT,2023-10-22 16:00:00.000,5.08e-05,,Regular
SOLUSDT,2023-10-23 00:00:00.000,2.37e-06,,Regular
SOLUSDT,2023-10-23 08:00:00.001,-2.29e-06,,Regular
SOLUSDT,2023-10-23 16:00:00.001,1.601e-05,,Regular
SOLUSDT,2023-10-24 00:00:00.000,0.0001,,Regular
SOLUSDT,2023-10-24 08:00:00.000,0.0001,,Regular
SOLUSDT,2023-10-24 16:00:00.000,0.0001,,Regular
SOLUSDT,2023-10-25 00:00:00.000,0.0001,,Regular
SOLUSDT,2023-10-25 08:00:00.000,0.0001,,Regular
SOLUSDT,2023-10-25 16:00:00.001,0.0001,,Regular
SOLUSDT,2023-10-26 00:00:00.001,0.0001,,Regular
SOLUSDT,2023-10-26 08:00:00.000,0.0001,,Regular
SOLUSDT,2023-10-26 16:00:00.000,4.969e-05,,Regular
SOLUSDT,2023-10-27 00:00:00.000,0.0001,,Regular
SOLUSDT,2023-10-27 08:00:00.000,0.0001,,Regular
SOLUSDT,2023-10-27 16:00:00.000,0.0001,,Regular
SOLUSDT,2023-10-28 00:00:00.000,0.0001,,Regular
SOLUSDT,2023-10-28 08:00:00.001,0.0001,,Regular
SOLUSDT,2023-10-28 16:00:00.000,0.0001,,Regular
SOLUSDT,2023-10-29 00:00:00.000,0.0001,,Regular
SOLUSDT,2023-10-29 08:00:00.000,0.0001,,Regular
SOLUSDT,2023-10-29 16:00:00.000,0.0001,,Regular
SOLUSDT,2023-10-30 00:00:00.000,0.0001,,Regular
SOLUSDT,2023-10-30 08:00:00.000,9.376e-05,,Regular
SOLUSDT,2023-10-30 16:00:00.000,0.0001,,Regular
SOLUSDT,2023-10-31 00:00:00.001,0.0001,,Regular
SOLUSDT,2023-10-31 08:00:00.000,0.0001,35.71000000,Regular
SOLUSDT,2023-10-31 16:00:00.000,4.712e-05,36.09300000,Regular
SOLUSDT,2023-11-01 00:00:00.000,5.676e-05,38.37663046,Regular
SOLUSDT,2023-11-01 08:00:00.000,-4.06e-05,38.45000000,Regular
SOLUSDT,2023-11-01 16:00:00.000,-0.00041129,40.61699117,Regular
SOLUSDT,2023-11-02 00:00:00.001,0.0001,41.20600000,Regular
SOLUSDT,2023-11-02 08:00:00.000,0.0001,43.10486548,Regular
SOLUSDT,2023-11-02 16:00:00.000,0.0001,40.05500000,Regular
SOLUSDT,2023-11-03 00:00:00.000,0.0001,40.24275528,Regular
SOLUSDT,2023-11-03 08:00:00.000,0.0001,39.05300000,Regular
SOLUSDT,2023-11-03 16:00:00.000,0.0001,39.80992372,Regular
SOLUSDT,2023-11-04 00:00:00.000,0.0001,39.49272847,Regular
SOLUSDT,2023-11-04 08:00:00.000,0.0001,41.68960073,Regular
SOLUSDT,2023-11-04 16:00:00.000,0.0001,41.27451789,Regular
SOLUSDT,2023-11-05 00:00:00.000,0.0001,42.42135938,Regular
SOLUSDT,2023-11-05 08:00:00.000,0.0001,41.57400000,Regular
SOLUSDT,2023-11-05 16:00:00.000,0.0001,40.73600000,Regular
SOLUSDT,2023-11-06 00:00:00.000,0.0001,41.16657424,Regular
SOLUSDT,2023-11-06 08:00:00.001,0.0001,39.93900000,Regular
SOLUSDT,2023-11-06 16:00:00.000,0.00015286,40.24600000,Regular
SOLUSDT,2023-11-07 00:00:00.001,0.0001,42.18338017,Regular
SOLUSDT,2023-11-07 08:00:00.000,0.0001,41.57981940,Regular
SOLUSDT,2023-11-07 16:00:00.000,0.00020579,41.21600000,Regular
SOLUSDT,2023-11-08 00:00:00.000,0.00017143,42.97369554,Regular
SOLUSDT,2023-11-08 08:00:00.000,0.0001,43.48500000,Regular
SOLUSDT,2023-11-08 16:00:00.000,0.0001,42.76986684,Regular
SOLUSDT,2023-11-09 00:00:00.000,0.0001,43.14400000,Regular
SOLUSDT,2023-11-09 08:00:00.000,0.0001,43.90400000,Regular
SOLUSDT,2023-11-09 16:00:00.000,0.00028089,46.43958135,Regular
SOLUSDT,2023-11-10 00:00:00.000,0.0001,45.29168367,Regular
SOLUSDT,2023-11-10 08:00:00.000,0.00015368,47.59175706,Regular
SOLUSDT,2023-11-10 16:00:00.000,0.00011529,50.91000000,Regular
SOLUSDT,2023-11-11 00:00:00.000,0.0001,56.69084429,Regular
SOLUSDT,2023-11-11 08:00:00.000,0.0001,54.26600000,Regular
SOLUSDT,2023-11-11 16:00:00.000,0.00030654,60.97000000,Regular
SOLUSDT,2023-11-12 00:00:00.000,0.00051279,56.40862856,Regular
SOLUSDT,2023-11-12 08:00:00.000,0.00017231,61.13185865,Regular
SOLUSDT,2023-11-12 16:00:00.001,0.00016254,58.67961436,Regular
SOLUSDT,2023-11-13 00:00:00.000,0.00050694,56.30700000,Regular
SOLUSDT,2023-11-13 08:00:00.000,0.00033025,58.28800000,Regular
SOLUSDT,2023-11-13 16:00:00.000,0.0001,55.68700000,Regular
SOLUSDT,2023-11-14 00:00:00.000,0.00047225,51.66700000,Regular
SOLUSDT,2023-11-14 08:00:00.000,0.0001,55.19000000,Regular
SOLUSDT,2023-11-14 16:00:00.001,0.00027352,56.22892534,Regular
SOLUSDT,2023-11-15 00:00:00.000,0.00012356,56.83822924,Regular
SOLUSDT,2023-11-15 08:00:00.000,0.00010903,59.18296065,Regular
SOLUSDT,2023-11-15 16:00:00.000,0.00026624,62.47600000,Regular
SOLUSDT,2023-11-16 00:00:00.000,0.00031874,65.51400000,Regular
SOLUSDT,2023-11-16 08:00:00.000,0.00014572,65.72776106,Regular
SOLUSDT,2023-11-16 16:00:00.001,0.0003015,61.61761629,Regular
SOLUSDT,2023-11-17 00:00:00.000,0.0001,57.79759004,Regular
SOLUSDT,2023-11-17 08:00:00.001,0.0001,58.15862235,Regular
SOLUSDT,2023-11-17 16:00:00.001,0.0001,55.04724594,Regular
SOLUSDT,2023-11-18 00:00:00.000,0.0001,58.51180041,Regular
SOLUSDT,2023-11-18 08:00:00.000,0.0001,56.38200000,Regular
SOLUSDT,2023-11-18 16:00:00.000,0.0001,58.01153190,Regular
SOLUSDT,2023-11-19 00:00:00.000,0.0001,58.57617249,Regular
SOLUSDT,2023-11-19 08:00:00.000,0.0001,60.42747135,Regular
SOLUSDT,2023-11-19 16:00:00.000,0.0001,59.99486225,Regular
SOLUSDT,2023-11-20 00:00:00.000,0.0001,61.10500000,Regular
SOLUSDT,2023-11-20 08:00:00.000,0.0001,59.93000000,Regular
SOLUSDT,2023-11-20 16:00:00.000,0.0001,59.01100000,Regular
SOLUSDT,2023-11-21 00:00:00.000,0.0001,56.60700000,Regular
SOLUSDT,2023-11-21 08:00:00.000,0.0001,55.39397816,Regular
SOLUSDT,2023-11-21 16:00:00.000,0.0001,55.12449460,Regular
SOLUSDT,2023-11-22 00:00:00.000,0.0001,51.68965563,Regular
SOLUSDT,2023-11-22 08:00:00.000,0.0001,54.65292889,Regular
SOLUSDT,2023-11-22 16:00:00.000,0.0001,54.94400000,Regular
SOLUSDT,2023-11-23 00:00:00.000,0.0001,57.54991597,Regular
SOLUSDT,2023-11-23 08:00:00.000,0.0001,57.82300000,Regular
SOLUSDT,2023-11-23 16:00:00.001,0.0001,56.63899040,Regular
SOLUSDT,2023-11-24 00:00:00.000,0.0001,56.51281644,Regular
SOLUSDT,2023-11-24 08:00:00.000,0.0001,57.35900000,Regular
SOLUSDT,2023-11-24 16:00:00.000,0.0001,58.16112704,Regular
SOLUSDT,2023-11-25 00:00:00.000,0.0001,56.86900000,Regular
SOLUSDT,2023-11-25 08:00:00.000,0.0001,58.62200000,Regular
SOLUSDT,2023-11-25 16:00:00.000,0.0001,58.54236480,Regular
SOLUSDT,2023-11-26 00:00:00.000,0.0001,58.82500000,Regular
SOLUSDT,2023-11-26 08:00:00.000,0.0001,58.42392467,Regular
SOLUSDT,2023-11-26 16:00:00.000,0.0001,57.10600000,Regular
SOLUSDT,2023-11-27 00:00:00.000,0.0001,57.58743711,Regular
SOLUSDT,2023-11-27 08:00:00.001,0.0001,55.92167710,Regular
SOLUSDT,2023-11-27 16:00:00.000,0.0001,53.96903927,Regular
SOLUSDT,2023-11-28 00:00:00.000,0.0001,55.03100000,Regular
SOLUSDT,2023-11-28 08:00:00.000,0.0001,55.08223377,Regular
SOLUSDT,2023-11-28 16:00:00.000,0.0001,56.06900618,Regular
SOLUSDT,2023-11-29 00:00:00.001,0.0001,58.18192377,Regular
SOLUSDT,2023-11-29 08:00:00.000,0.0001,59.31089640,Regular
SOLUSDT,2023-11-29 16:00:00.000,0.0001,60.05036897,Regular
SOLUSDT,2023-11-30 00:00:00.000,0.0001,59.32300000,Regular
SOLUSDT,2023-11-30 08:00:00.000,0.0001,59.99000000,Regular
SOLUSDT,2023-11-30 16:00:00.000,0.0001,59.57800000,Regular
SOLUSDT,2023-12-01 00:00:00.000,0.0001,59.29212355,Regular
SOLUSDT,2023-12-01 08:00:00.000,0.0001,60.88100000,Regular
SOLUSDT,2023-12-01 16:00:00.000,0.0001,60.14700000,Regular
SOLUSDT,2023-12-02 00:00:00.000,0.0001,59.75400000,Regular
SOLUSDT,2023-12-02 08:00:00.000,0.00030174,62.04317118,Regular
SOLUSDT,2023-12-02 16:00:00.000,0.0001,61.91600000,Regular
SOLUSDT,2023-12-03 00:00:00.000,0.0001,63.68400000,Regular
SOLUSDT,2023-12-03 08:00:00.000,0.00020381,63.97884945,Regular
SOLUSDT,2023-12-03 16:00:00.000,0.00018264,63.00631315,Regular
SOLUSDT,2023-12-04 00:00:00.000,0.0001,63.01262497,Regular
SOLUSDT,2023-12-04 08:00:00.000,0.00053853,63.74940823,Regular
SOLUSDT,2023-12-04 16:00:00.000,0.0001,60.57300000,Regular
SOLUSDT,2023-12-05 00:00:00.000,0.0001,61.65544768,Regular
SOLUSDT,2023-12-05 08:00:00.000,0.0001,59.70000000,Regular
SOLUSDT,2023-12-05 16:00:00.000,0.0001,61.00300000,Regular
SOLUSDT,2023-12-06 00:00:00.000,0.00025226,61.04239102,Regular
SOLUSDT,2023-12-06 08:00:00.000,0.00045867,63.42659022,Regular
SOLUSDT,2023-12-06 16:00:00.000,0.00011861,62.65500000,Regular
SOLUSDT,2023-12-07 00:00:00.000,0.0001,61.86500000,Regular
SOLUSDT,2023-12-07 08:00:00.000,0.0001,63.38500000,Regular
SOLUSDT,2023-12-07 16:00:00.000,0.00036868,65.89057505,Regular
SOLUSDT,2023-12-08 00:00:00.000,0.00061268,67.79886323,Regular
SOLUSDT,2023-12-08 08:00:00.000,0.00024053,71.43700000,Regular
SOLUSDT,2023-12-08 16:00:00.000,0.0002033,72.06438261,Regular
SOLUSDT,2023-12-09 00:00:00.000,0.00032215,74.96721382,Regular
SOLUSDT,2023-12-09 08:00:00.000,0.000394,76.99300000,Regular
SOLUSDT,2023-12-09 16:00:00.000,0.0001,75.60224558,Regular
SOLUSDT,2023-12-10 00:00:00.000,0.00025874,72.33963705,Regular
SOLUSDT,2023-12-10 08:00:00.000,0.00037686,72.52700000,Regular
SOLUSDT,2023-12-10 16:00:00.000,0.00020175,73.76900000,Regular
SOLUSDT,2023-12-11 00:00:00.000,0.00027221,74.89557665,Regular
SOLUSDT,2023-12-11 08:00:00.000,0.0001,68.51714216,Regular
SOLUSDT,2023-12-11 16:00:00.000,0.0001,69.29500000,Regular
SOLUSDT,2023-12-12 00:00:00.000,0.00023316,70.28800000,Regular
SOLUSDT,2023-12-12 08:00:00.000,0.00011574,71.78500000,Regular
SOLUSDT,2023-12-12 16:00:00.000,0.00011972,68.50354989,Regular
SOLUSDT,2023-12-13 00:00:00.000,0.0001,68.63013865,Regular
SOLUSDT,2023-12-13 08:00:00.000,0.0001,64.91245742,Regular
SOLUSDT,2023-12-13 16:00:00.001,0.0001,67.57238336,Regular
SOLUSDT,2023-12-14 00:00:00.000,0.0001,70.65660105,Regular
SOLUSDT,2023-12-14 08:00:00.000,0.0001,71.56960651,Regular
SOLUSDT,2023-12-14 16:00:00.000,0.0001,71.65858713,Regular
SOLUSDT,2023-12-15 00:00:00.000,0.00016198,75.72193765,Regular
SOLUSDT,2023-12-15 08:00:00.000,0.0001688,76.66100000,Regular
SOLUSDT,2023-12-15 16:00:00.000,0.00032874,76.10100000,Regular
SOLUSDT,2023-12-16 00:00:00.000,0.0001,72.55100000,Regular
SOLUSDT,2023-12-16 08:00:00.000,0.0001,74.38619866,Regular
SOLUSDT,2023-12-16 16:00:00.001,0.0001,77.14973454,Regular
SOLUSDT,2023-12-17 00:00:00.000,0.0001,73.73981292,Regular
SOLUSDT,2023-12-17 08:00:00.000,0.0001,72.38700000,Regular
SOLUSDT,2023-12-17 16:00:00.000,0.0001,72.72000000,Regular
SOLUSDT,2023-12-18 00:00:00.000,0.0001,70.90397145,Regular
SOLUSDT,2023-12-18 08:00:00.001,0.0001,68.94600000,Regular
SOLUSDT,2023-12-18 16:00:00.000,0.0001,70.74317973,Regular
SOLUSDT,2023-12-19 00:00:00.000,0.0001,74.42521584,Regular
SOLUSDT,2023-12-19 08:00:00.000,0.0001,75.73113316,Regular
SOLUSDT,2023-12-19 16:00:00.000,0.0001033,73.71353572,Regular
SOLUSDT,2023-12-20 00:00:00.000,0.0001,73.04100000,Regular
SOLUSDT,2023-12-20 08:00:00.000,0.00028564,76.12000000,Regular
SOLUSDT,2023-12-20 16:00:00.000,0.00018812,80.74976430,Regular
SOLUSDT,2023-12-21 00:00:00.000,0.0001,82.21477653,Regular
SOLUSDT,2023-12-21 08:00:00.000,0.0001,86.82216354,Regular
SOLUSDT,2023-12-21 16:00:00.000,0.0001,87.55711255,Regular
SOLUSDT,2023-12-22 00:00:00.000,0.00031152,93.92214644,Regular
SOLUSDT,2023-12-22 08:00:00.000,0.00036827,93.86635150,Regular
SOLUSDT,2023-12-22 16:00:00.000,0.00012814,96.34786067,Regular
SOLUSDT,2023-12-23 00:00:00.000,0.0001,97.95024252,Regular
SOLUSDT,2023-12-23 08:00:00.001,0.00018694,95.43333234,Regular
SOLUSDT,2023-12-23 16:00:00.000,0.0001,96.84511092,Regular
SOLUSDT,2023-12-24 00:00:00.000,0.00034505,107.93400325,Regular
SOLUSDT,2023-12-24 08:00:00.000,0.00025777,114.50937791,Regular
SOLUSDT,2023-12-24 16:00:00.000,0.00012453,113.62200000,Regular
SOLUSDT,2023-12-25 00:00:00.000,0.0001913,112.56000000,Regular
SOLUSDT,2023-12-25 08:00:00.000,0.00018571,113.01220997,Regular
SOLUSDT,2023-12-25 16:00:00.000,0.00063964,123.18200000,Regular
SOLUSDT,2023-12-26 00:00:00.000,0.00029627,120.91586118,Regular
SOLUSDT,2023-12-26 08:00:00.000,0.00012594,113.42500000,Regular
SOLUSDT,2023-12-26 16:00:00.000,0.00014423,110.67741394,Regular
SOLUSDT,2023-12-27 00:00:00.000,0.0001,112.50723920,Regular
SOLUSDT,2023-12-27 08:00:00.000,0.00041146,111.48343024,Regular
SOLUSDT,2023-12-27 16:00:00.000,0.00067699,107.95565915,Regular
SOLUSDT,2023-12-28 00:00:00.000,0.00053993,107.04922669,Regular
SOLUSDT,2023-12-28 08:00:00.000,0.00086297,105.98800000,Regular
SOLUSDT,2023-12-28 16:00:00.000,0.00084399,99.80600000,Regular
SOLUSDT,2023-12-29 00:00:00.001,0.00050327,101.90312330,Regular
SOLUSDT,2023-12-29 08:00:00.000,0.00040365,105.22893203,Regular
SOLUSDT,2023-12-29 16:00:00.000,0.00044869,106.05700000,Regular
SOLUSDT,2023-12-30 00:00:00.001,0.00046726,106.22500000,Regular
SOLUSDT,2023-12-30 08:00:00.000,0.00024082,103.53517549,Regular
SOLUSDT,2023-12-30 16:00:00.000,0.00030813,104.30739890,Regular
SOLUSDT,2023-12-31 00:00:00.000,0.00034362,101.97000000,Regular
SOLUSDT,2023-12-31 08:00:00.001,0.00052654,104.06400000,Regular
SOLUSDT,2023-12-31 16:00:00.000,0.00041035,102.57600000,Regular
SOLUSDT,2024-01-01 00:00:00.000,0.0002241,101.74786780,Regular
SOLUSDT,2024-01-01 08:00:00.000,0.00032989,102.58600000,Regular
SOLUSDT,2024-01-01 16:00:00.000,0.00051477,106.06654631,Regular
SOLUSDT,2024-01-02 00:00:00.000,0.00057513,110.01332231,Regular
SOLUSDT,2024-01-02 08:00:00.000,0.00046798,114.52340783,Regular
SOLUSDT,2024-01-02 16:00:00.000,0.00096801,109.69483081,Regular
SOLUSDT,2024-01-03 00:00:00.000,0.00032289,106.81696756,Regular
SOLUSDT,2024-01-03 08:00:00.000,0.00013468,107.83683162,Regular
SOLUSDT,2024-01-03 16:00:00.000,0.0001,101.71819785,Regular
SOLUSDT,2024-01-04 00:00:00.000,0.0001,98.53401017,Regular
SOLUSDT,2024-01-04 08:00:00.000,0.0001,98.88674121,Regular
SOLUSDT,2024-01-04 16:00:00.000,0.0001,103.69800000,Regular
SOLUSDT,2024-01-05 00:00:00.001,0.0001,104.93415381,Regular
SOLUSDT,2024-01-05 08:00:00.000,0.0001,101.13300000,Regular
SOLUSDT,2024-01-05 16:00:00.000,0.0001,98.05000000,Regular
SOLUSDT,2024-01-06 00:00:00.000,0.0001,99.88638647,Regular
SOLUSDT,2024-01-06 08:00:00.000,0.0001,94.46891543,Regular
SOLUSDT,2024-01-06 16:00:00.000,0.0001,95.16100000,Regular
SOLUSDT,2024-01-07 00:00:00.000,0.0001,93.78629738,Regular
SOLUSDT,2024-01-07 08:00:00.001,0.0001,95.24846557,Regular
SOLUSDT,2024-01-07 16:00:00.001,0.0001,93.92617030,Regular
SOLUSDT,2024-01-08 00:00:00.000,0.0001,89.41400000,Regular
SOLUSDT,2024-01-08 08:00:00.000,0.0001,89.66144222,Regular
SOLUSDT,2024-01-08 16:00:00.000,0.0001,94.64300000,Regular
SOLUSDT,2024-01-09 00:00:00.001,0.0001,97.90255117,Regular
SOLUSDT,2024-01-09 08:00:00.000,0.0001,101.90900000,Regular
SOLUSDT,2024-01-09 16:00:00.000,0.0001,99.82460555,Regular
SOLUSDT,2024-01-10 00:00:00.000,0.0001,99.36389148,Regular
SOLUSDT,2024-01-10 08:00:00.000,0.0001,98.13978550,Regular
SOLUSDT,2024-01-10 16:00:00.000,0.0001,94.80962775,Regular
SOLUSDT,2024-01-11 00:00:00.000,0.0001,102.06300000,Regular
SOLUSDT,2024-01-11 08:00:00.000,0.0001,99.74500000,Regular
SOLUSDT,2024-01-11 16:00:00.000,0.0001,100.80800000,Regular
SOLUSDT,2024-01-12 00:00:00.001,0.0001,99.92100000,Regular
SOLUSDT,2024-01-12 08:00:00.000,0.0001,98.84500000,Regular
SOLUSDT,2024-01-12 16:00:00.000,0.0001,95.39600000,Regular
SOLUSDT,2024-01-13 00:00:00.000,0.0001,92.04835220,Regular
SOLUSDT,2024-01-13 08:00:00.000,0.0001,92.54741236,Regular
SOLUSDT,2024-01-13 16:00:00.001,0.0001,92.90600000,Regular
SOLUSDT,2024-01-14 00:00:00.000,0.0001,95.83966701,Regular
SOLUSDT,2024-01-14 08:00:00.000,0.0001,98.34494871,Regular
SOLUSDT,2024-01-14 16:00:00.001,0.0001,99.51826971,Regular
SOLUSDT,2024-01-15 00:00:00.000,0.0001,93.83306434,Regular
SOLUSDT,2024-01-15 08:00:00.000,0.0001,95.61733430,Regular
SOLUSDT,2024-01-15 16:00:00.000,0.0001,93.52561026,Regular
SOLUSDT,2024-01-16 00:00:00.000,0.0001,94.38706537,Regular
SOLUSDT,2024-01-16 08:00:00.000,0.0001,97.74300000,Regular
SOLUSDT,2024-01-16 16:00:00.001,0.0001,97.25399656,Regular
SOLUSDT,2024-01-17 00:00:00.000,0.0001,97.63700000,Regular
SOLUSDT,2024-01-17 08:00:00.000,0.0001,97.36600000,Regular
SOLUSDT,2024-01-17 16:00:00.000,0.0001,99.40800000,Regular
SOLUSDT,2024-01-18 00:00:00.001,0.0001,102.15100000,Regular
SOLUSDT,2024-01-18 08:00:00.000,0.0001,100.78500000,Regular
SOLUSDT,2024-01-18 16:00:00.000,0.0001,98.26896317,Regular
SOLUSDT,2024-01-19 00:00:00.000,0.0001,94.38400000,Regular
SOLUSDT,2024-01-19 08:00:00.000,0.0001,94.49106232,Regular
SOLUSDT,2024-01-19 16:00:00.002,0.0001,91.25252523,Regular
SOLUSDT,2024-01-20 00:00:00.000,0.0001,93.62445853,Regular
SOLUSDT,2024-01-20 08:00:00.003,0.0001,91.91718796,Regular
SOLUSDT,2024-01-20 16:00:00.000,0.0001,90.86000000,Regular
SOLUSDT,2024-01-21 00:00:00.000,0.0001,92.89575871,Regular
SOLUSDT,2024-01-21 08:00:00.000,0.0001,92.37480134,Regular
SOLUSDT,2024-01-21 16:00:00.000,0.0001,92.51116127,Regular
SOLUSDT,2024-01-22 00:00:00.000,0.0001,91.09327819,Regular
SOLUSDT,2024-01-22 08:00:00.000,0.0001,89.24091860,Regular
SOLUSDT,2024-01-22 16:00:00.000,0.0001,87.27127426,Regular
SOLUSDT,2024-01-23 00:00:00.000,0.0001,83.87131277,Regular
SOLUSDT,2024-01-23 08:00:00.000,0.0001,82.81747384,Regular
SOLUSDT,2024-01-23 16:00:00.000,0.0001,82.67800000,Regular
SOLUSDT,2024-01-24 00:00:00.000,0.0001,84.31496462,Regular
SOLUSDT,2024-01-24 08:00:00.000,0.0001,86.10000000,Regular
SOLUSDT,2024-01-24 16:00:00.000,0.0001,86.97934479,Regular
SOLUSDT,2024-01-25 00:00:00.000,0.0001,88.74864834,Regular
SOLUSDT,2024-01-25 08:00:00.001,0.0001,88.19537866,Regular
SOLUSDT,2024-01-25 16:00:00.000,0.0001,86.40768457,Regular
SOLUSDT,2024-01-26 00:00:00.001,0.0001,86.88581215,Regular
SOLUSDT,2024-01-26 08:00:00.000,0.0001,87.00000000,Regular
SOLUSDT,2024-01-26 16:00:00.000,7.999e-05,92.36670761,Regular
SOLUSDT,2024-01-27 00:00:00.000,0.0001,92.26700000,Regular
SOLUSDT,2024-01-27 08:00:00.000,0.0001,91.18600105,Regular
SOLUSDT,2024-01-27 16:00:00.000,0.0001,92.78200000,Regular
SOLUSDT,2024-01-28 00:00:00.000,8.902e-05,94.23907564,Regular
SOLUSDT,2024-01-28 08:00:00.000,2.568e-05,95.72600000,Regular
SOLUSDT,2024-01-28 16:00:00.000,0.0001,97.05200000,Regular
SOLUSDT,2024-01-29 00:00:00.000,0.0001,95.94100000,Regular
SOLUSDT,2024-01-29 08:00:00.001,3.929e-05,96.71300000,Regular
SOLUSDT,2024-01-29 16:00:00.000,0.0001,99.90111569,Regular
SOLUSDT,2024-01-30 00:00:00.000,0.0001,101.62600000,Regular
SOLUSDT,2024-01-30 08:00:00.000,4.333e-05,102.88300000,Regular
SOLUSDT,2024-01-30 16:00:00.001,0.0001,104.78078222,Regular
SOLUSDT,2024-01-31 00:00:00.000,0.0001,101.38340785,Regular
SOLUSDT,2024-01-31 08:00:00.000,5.702e-05,101.60687047,Regular
SOLUSDT,2024-01-31 16:00:00.000,0.0001,101.48855790,Regular
SOLUSDT,2024-02-01 00:00:00.000,5.15e-05,96.92434636,Regular
SOLUSDT,2024-02-01 08:00:00.000,0.0001,94.89019007,Regular
SOLUSDT,2024-02-01 16:00:00.002,7.451e-05,95.97825871,Regular
SOLUSDT,2024-02-02 00:00:00.000,0.0001,97.77500000,Regular
SOLUSDT,2024-02-02 08:00:00.000,0.0001,101.18976366,Regular
SOLUSDT,2024-02-02 16:00:00.000,0.0001,101.28400000,Regular
SOLUSDT,2024-02-03 00:00:00.000,0.0001,100.55100000,Regular
SOLUSDT,2024-02-03 08:00:00.000,9.726e-05,99.05600000,Regular
SOLUSDT,2024-02-03 16:00:00.001,0.0001,97.96034104,Regular
SOLUSDT,2024-02-04 00:00:00.000,0.0001,97.92321612,Regular
SOLUSDT,2024-02-04 08:00:00.004,0.0001,96.49500000,Regular
SOLUSDT,2024-02-04 16:00:00.000,0.0001,97.60300000,Regular
SOLUSDT,2024-02-05 00:00:00.000,0.0001,95.45318996,Regular
SOLUSDT,2024-02-05 08:00:00.000,0.0001,97.53909230,Regular
SOLUSDT,2024-02-05 16:00:00.000,0.0001,95.57325377,Regular
SOLUSDT,2024-02-06 00:00:00.000,5.616e-05,95.60702816,Regular
SOLUSDT,2024-02-06 08:00:00.001,0.0001,95.73401040,Regular
SOLUSDT,2024-02-06 16:00:00.000,0.0001,95.70213931,Regular
SOLUSDT,2024-02-07 00:00:00.000,0.0001,96.86159697,Regular
SOLUSDT,2024-02-07 08:00:00.000,0.0001,95.57182908,Regular
SOLUSDT,2024-02-07 16:00:00.000,0.0001,96.21800000,Regular
SOLUSDT,2024-02-08 00:00:00.000,0.0001,101.13246646,Regular
SOLUSDT,2024-02-08 08:00:00.000,0.0001,100.80477917,Regular
SOLUSDT,2024-02-08 16:00:00.000,0.0001,104.79100000,Regular
SOLUSDT,2024-02-09 00:00:00.000,7.069e-05,102.74400000,Regular
SOLUSDT,2024-02-09 08:00:00.000,3.075e-05,105.21100000,Regular
SOLUSDT,2024-02-09 16:00:00.001,0.0001,105.62000000,Regular
SOLUSDT,2024-02-10 00:00:00.001,0.0001,106.92300000,Regular
SOLUSDT,2024-02-10 08:00:00.000,0.0001,108.86600000,Regular
SOLUSDT,2024-02-10 16:00:00.000,0.0001,108.49745346,Regular
SOLUSDT,2024-02-11 00:00:00.000,0.0001,108.98526421,Regular
SOLUSDT,2024-02-11 08:00:00.001,0.0001,109.21771445,Regular
SOLUSDT,2024-02-11 16:00:00.000,0.0001,108.81016865,Regular
SOLUSDT,2024-02-12 00:00:00.000,0.0001,107.46495073,Regular
SOLUSDT,2024-02-12 08:00:00.000,0.0001,105.92723492,Regular
SOLUSDT,2024-02-12 16:00:00.000,0.0001,108.84309885,Regular
SOLUSDT,2024-02-13 00:00:00.000,0.0001,111.73900000,Regular
SOLUSDT,2024-02-13 08:00:00.000,0.00014166,114.08700000,Regular
SOLUSDT,2024-02-13 16:00:00.000,0.0001,110.36482372,Regular
SOLUSDT,2024-02-14 00:00:00.000,0.0001,112.53326192,Regular
SOLUSDT,2024-02-14 08:00:00.000,0.0001,113.09900000,Regular
SOLUSDT,2024-02-14 16:00:00.000,0.00029225,116.99454665,Regular
SOLUSDT,2024-02-15 00:00:00.000,0.00013572,117.09173686,Regular
SOLUSDT,2024-02-15 08:00:00.000,0.00015932,115.09659855,Regular
SOLUSDT,2024-02-15 16:00:00.000,0.00012,114.08665167,Regular
SOLUSDT,2024-02-16 00:00:00.000,0.00022371,113.59700000,Regular
SOLUSDT,2024-02-16 08:00:00.000,0.00032087,111.55200000,Regular
SOLUSDT,2024-02-16 16:00:00.000,0.00016914,109.72400000,Regular
SOLUSDT,2024-02-17 00:00:00.000,0.00017661,110.39169654,Regular
SOLUSDT,2024-02-17 08:00:00.000,0.00042046,110.41000000,Regular
SOLUSDT,2024-02-17 16:00:00.000,0.00028279,107.26800000,Regular
SOLUSDT,2024-02-18 00:00:00.000,0.00022777,109.00724484,Regular
SOLUSDT,2024-02-18 08:00:00.000,0.00019395,109.29084412,Regular
SOLUSDT,2024-02-18 16:00:00.000,0.00022192,112.40701989,Regular
SOLUSDT,2024-02-19 00:00:00.000,0.0003023,112.32154665,Regular
SOLUSDT,2024-02-19 08:00:00.000,0.00029566,113.28900000,Regular
SOLUSDT,2024-02-19 16:00:00.000,0.00031944,113.78000000,Regular
SOLUSDT,2024-02-20 00:00:00.000,0.0004747,111.63358358,Regular
SOLUSDT,2024-02-20 08:00:00.000,0.00029934,109.52366726,Regular
SOLUSDT,2024-02-20 16:00:00.000,0.00031742,106.59061438,Regular
SOLUSDT,2024-02-21 00:00:00.000,0.00016255,108.39609459,Regular
SOLUSDT,2024-02-21 08:00:00.000,0.0002531,104.91685745,Regular
SOLUSDT,2024-02-21 16:00:00.000,0.0001773,103.90400000,Regular
SOLUSDT,2024-02-22 00:00:00.001,0.00016351,105.10500000,Regular
SOLUSDT,2024-02-22 08:00:00.001,0.00021049,105.16100000,Regular
SOLUSDT,2024-02-22 16:00:00.000,0.00018339,105.46900000,Regular
SOLUSDT,2024-02-23 00:00:00.000,0.00026289,101.80500000,Regular
SOLUSDT,2024-02-23 08:00:00.000,0.00032841,102.04600000,Regular
SOLUSDT,2024-02-23 16:00:00.000,0.00016957,100.34084709,Regular
SOLUSDT,2024-02-24 00:00:00.000,0.00027113,99.94884067,Regular
SOLUSDT,2024-02-24 08:00:00.001,0.00033132,102.31200000,Regular
SOLUSDT,2024-02-24 16:00:00.000,0.0002623,102.02748108,Regular
SOLUSDT,2024-02-25 00:00:00.001,0.00027207,104.10902289,Regular
SOLUSDT,2024-02-25 08:00:00.000,0.00041614,103.08854499,Regular
SOLUSDT,2024-02-25 16:00:00.000,0.00042645,102.85000000,Regular
SOLUSDT,2024-02-26 00:00:00.000,0.00055329,103.56900000,Regular
SOLUSDT,2024-02-26 08:00:00.000,0.00055349,103.38663887,Regular
SOLUSDT,2024-02-26 16:00:00.000,0.00038701,105.05500000,Regular
SOLUSDT,2024-02-27 00:00:00.000,0.00060184,110.02913939,Regular
SOLUSDT,2024-02-27 08:00:00.000,0.00069189,110.47468133,Regular
SOLUSDT,2024-02-27 16:00:00.000,0.00051508,106.88460847,Regular
SOLUSDT,2024-02-28 00:00:00.000,0.00032603,108.45000000,Regular
SOLUSDT,2024-02-28 08:00:00.000,0.00040753,110.14368128,Regular
SOLUSDT,2024-02-28 16:00:00.000,0.00078549,113.17211082,Regular
SOLUSDT,2024-02-29 00:00:00.000,0.00089,119.24687856,Regular
SOLUSDT,2024-02-29 08:00:00.000,0.00098885,125.68452041,Regular
SOLUSDT,2024-02-29 16:00:00.000,0.00081567,132.43200000,Regular
SOLUSDT,2024-03-01 00:00:00.000,0.00060436,125.73100000,Regular
SOLUSDT,2024-03-01 08:00:00.000,0.00061591,132.05237220,Regular
SOLUSDT,2024-03-01 16:00:00.000,0.00066424,131.35739088,Regular
SOLUSDT,2024-03-02 00:00:00.000,0.00073268,129.44700000,Regular
SOLUSDT,2024-03-02 08:00:00.001,0.000755,129.27649114,Regular
SOLUSDT,2024-03-02 16:00:00.000,0.00063147,128.02068860,Regular
SOLUSDT,2024-03-03 00:00:00.000,0.00076414,130.18400000,Regular
SOLUSDT,2024-03-03 08:00:00.000,0.0005416,126.86034567,Regular
SOLUSDT,2024-03-03 16:00:00.000,0.00058338,129.44168078,Regular
SOLUSDT,2024-03-04 00:00:00.000,0.00070533,130.30800000,Regular
SOLUSDT,2024-03-04 08:00:00.000,0.00072401,129.71152981,Regular
SOLUSDT,2024-03-04 16:00:00.000,0.00073074,131.88400000,Regular
SOLUSDT,2024-03-05 00:00:00.000,0.00071628,133.38137945,Regular
SOLUSDT,2024-03-05 08:00:00.000,0.00119261,129.60000000,Regular
SOLUSDT,2024-03-05 16:00:00.000,0.0011456,139.33123622,Regular
SOLUSDT,2024-03-06 00:00:00.000,0.0001,125.37700000,Regular
SOLUSDT,2024-03-06 08:00:00.001,0.00036233,133.29800000,Regular
SOLUSDT,2024-03-06 16:00:00.000,0.00038317,128.32500000,Regular
SOLUSDT,2024-03-07 00:00:00.000,0.00038906,130.89446898,Regular
SOLUSDT,2024-03-07 08:00:00.000,0.00054339,138.35700000,Regular
SOLUSDT,2024-03-07 16:00:00.000,0.00052411,146.04482964,Regular
SOLUSDT,2024-03-08 00:00:00.000,0.00059435,143.98534669,Regular
SOLUSDT,2024-03-08 08:00:00.000,0.00055843,144.61434896,Regular
SOLUSDT,2024-03-08 16:00:00.000,0.00053032,145.53000000,Regular
SOLUSDT,2024-03-09 00:00:00.000,0.00048054,144.85847364,Regular
SOLUSDT,2024-03-09 08:00:00.001,0.00029228,148.45700000,Regular
SOLUSDT,2024-03-09 16:00:00.000,0.00044156,147.15098277,Regular
SOLUSDT,2024-03-10 00:00:00.000,0.00040915,144.40217718,Regular
SOLUSDT,2024-03-10 08:00:00.000,0.00084919,148.44962583,Regular
SOLUSDT,2024-03-10 16:00:00.000,0.00033129,143.02500000,Regular
SOLUSDT,2024-03-11 00:00:00.000,0.00023257,144.48890458,Regular
SOLUSDT,2024-03-11 08:00:00.000,0.00066664,148.21572856,Regular
SOLUSDT,2024-03-11 16:00:00.000,0.00081096,147.18986622,Regular
SOLUSDT,2024-03-12 00:00:00.000,0.00071463,149.04855984,Regular
SOLUSDT,2024-03-12 08:00:00.000,0.00073858,152.03500000,Regular
SOLUSDT,2024-03-12 16:00:00.000,0.00055607,150.39890819,Regular
SOLUSDT,2024-03-13 00:00:00.000,0.00064251,151.19203548,Regular
SOLUSDT,2024-03-13 08:00:00.001,0.00069679,150.91000000,Regular
SOLUSDT,2024-03-13 16:00:00.000,0.00064562,157.36100000,Regular
SOLUSDT,2024-03-14 00:00:00.001,0.0005267,164.05844021,Regular
SOLUSDT,2024-03-14 08:00:00.000,0.0005183,168.44300000,Regular
SOLUSDT,2024-03-14 16:00:00.000,0.00052725,167.76600000,Regular
SOLUSDT,2024-03-15 00:00:00.000,0.00063046,176.83800000,Regular
SOLUSDT,2024-03-15 08:00:00.000,0.00034279,176.28014084,Regular
SOLUSDT,2024-03-15 16:00:00.000,0.0002746,181.98300000,Regular
SOLUSDT,2024-03-16 00:00:00.000,0.00014955,183.96153406,Regular
SOLUSDT,2024-03-16 08:00:00.000,0.00020435,192.91400000,Regular
SOLUSDT,2024-03-16 16:00:00.000,0.00015327,195.29940885,Regular
SOLUSDT,2024-03-17 00:00:00.000,0.00014108,182.17207460,Regular
SOLUSDT,2024-03-17 08:00:00.000,0.0001,181.93187688,Regular
SOLUSDT,2024-03-17 16:00:00.000,0.00030858,195.72345475,Regular
SOLUSDT,2024-03-18 00:00:00.000,0.00033129,201.96200000,Regular
SOLUSDT,2024-03-18 08:00:00.000,0.00028956,203.32821998,Regular
SOLUSDT,2024-03-18 16:00:00.001,0.00018996,203.91000000,Regular
SOLUSDT,2024-03-19 00:00:00.000,0.0002092,196.07942787,Regular
SOLUSDT,2024-03-19 08:00:00.000,0.00020307,186.21300000,Regular
SOLUSDT,2024-03-19 16:00:00.001,0.0001,183.02696107,Regular
SOLUSDT,2024-03-20 00:00:00.000,0.00018828,169.91700000,Regular
SOLUSDT,2024-03-20 08:00:00.004,0.00018831,173.42900000,Regular
SOLUSDT,2024-03-20 16:00:00.000,0.00010917,170.66037781,Regular
SOLUSDT,2024-03-21 00:00:00.000,0.00015928,191.91500000,Regular
SOLUSDT,2024-03-21 08:00:00.000,0.00030752,188.72144080,Regular
SOLUSDT,2024-03-21 16:00:00.000,0.00014524,185.38044017,Regular
SOLUSDT,2024-03-22 00:00:00.000,0.00014092,179.53500000,Regular
SOLUSDT,2024-03-22 08:00:00.000,0.00014802,179.20266600,Regular
SOLUSDT,2024-03-22 16:00:00.000,0.00016161,171.72640059,Regular
SOLUSDT,2024-03-23 00:00:00.000,0.00015244,175.20815034,Regular
SOLUSDT,2024-03-23 08:00:00.000,0.00015091,176.12500000,Regular
SOLUSDT,2024-03-23 16:00:00.000,0.00016841,175.26200000,Regular
SOLUSDT,2024-03-24 00:00:00.000,0.00017713,172.72500000,Regular
SOLUSDT,2024-03-24 08:00:00.000,0.00015435,173.62781205,Regular
SOLUSDT,2024-03-24 16:00:00.000,0.00025686,176.35991155,Regular
SOLUSDT,2024-03-25 00:00:00.000,0.00021466,184.00072649,Regular
SOLUSDT,2024-03-25 08:00:00.001,0.00017494,185.88800000,Regular
SOLUSDT,2024-03-25 16:00:00.000,0.00020373,192.84830097,Regular
SOLUSDT,2024-03-26 00:00:00.000,0.00039207,189.15896478,Regular
SOLUSDT,2024-03-26 08:00:00.000,0.00020767,194.12614301,Regular
SOLUSDT,2024-03-26 16:00:00.000,0.00025173,190.49100000,Regular
SOLUSDT,2024-03-27 00:00:00.000,0.00032068,190.62300000,Regular
SOLUSDT,2024-03-27 08:00:00.001,0.0004048,186.94178383,Regular
SOLUSDT,2024-03-27 16:00:00.000,0.00025221,181.22500000,Regular
SOLUSDT,2024-03-28 00:00:00.000,0.00026487,186.44800000,Regular
SOLUSDT,2024-03-28 08:00:00.000,0.00039989,187.51293276,Regular
SOLUSDT,2024-03-28 16:00:00.000,0.00036742,187.49952185,Regular
SOLUSDT,2024-03-29 00:00:00.000,0.00045018,189.87190520,Regular
SOLUSDT,2024-03-29 08:00:00.000,0.00035449,183.82301069,Regular
SOLUSDT,2024-03-29 16:00:00.000,0.00040773,185.01888418,Regular
SOLUSDT,2024-03-30 00:00:00.000,0.00052381,192.20000000,Regular
SOLUSDT,2024-03-30 08:00:00.000,0.00055026,195.96664483,Regular
SOLUSDT,2024-03-30 16:00:00.000,0.00058211,196.52786710,Regular
SOLUSDT,2024-03-31 00:00:00.000,0.00044594,194.31410457,Regular
SOLUSDT,2024-03-31 08:00:00.000,0.00046087,196.95300000,Regular
SOLUSDT,2024-03-31 16:00:00.001,0.00053015,195.86000000,Regular
SOLUSDT,2024-04-01 00:00:00.000,0.00083459,202.67800000,Regular
SOLUSDT,2024-04-01 08:00:00.000,0.00044327,198.08340081,Regular
SOLUSDT,2024-04-01 16:00:00.000,0.00031429,188.21700000,Regular
SOLUSDT,2024-04-02 00:00:00.007,0.00015817,192.34853484,Regular
SOLUSDT,2024-04-02 08:00:00.015,0.0001,183.27200000,Regular
SOLUSDT,2024-04-02 16:00:00.000,0.00015893,177.55400000,Regular
SOLUSDT,2024-04-03 00:00:00.000,0.0001096,181.64800768,Regular
SOLUSDT,2024-04-03 08:00:00.000,0.0001,189.65000000,Regular
SOLUSDT,2024-04-03 16:00:00.000,0.00016154,189.13700000,Regular
SOLUSDT,2024-04-04 00:00:00.000,0.0001,185.16402224,Regular
SOLUSDT,2024-04-04 08:00:00.000,0.0001,185.05461688,Regular
SOLUSDT,2024-04-04 16:00:00.000,0.00016815,187.14640034,Regular
SOLUSDT,2024-04-05 00:00:00.000,0.0001,184.11500000,Regular
SOLUSDT,2024-04-05 08:00:00.000,0.0001,175.17696083,Regular
SOLUSDT,2024-04-05 16:00:00.000,0.0001,175.93700000,Regular
SOLUSDT,2024-04-06 00:00:00.000,0.0001,174.43127179,Regular
SOLUSDT,2024-04-06 08:00:00.000,0.0001,177.31900000,Regular
SOLUSDT,2024-04-06 16:00:00.000,0.0001,177.23200000,Regular
SOLUSDT,2024-04-07 00:00:00.000,0.0001,178.75074173,Regular
SOLUSDT,2024-04-07 08:00:00.000,0.0001,179.84600000,Regular
SOLUSDT,2024-04-07 16:00:00.000,0.0001,179.72776886,Regular
SOLUSDT,2024-04-08 00:00:00.001,0.00013953,179.61600000,Regular
SOLUSDT,2024-04-08 08:00:00.000,0.00025466,180.24859605,Regular
SOLUSDT,2024-04-08 16:00:00.006,0.00018234,181.53400000,Regular
SOLUSDT,2024-04-09 00:00:00.000,0.00013524,180.80273769,Regular
SOLUSDT,2024-04-09 08:00:00.001,0.00012502,175.74196875,Regular
SOLUSDT,2024-04-09 16:00:00.001,0.00011397,172.52900000,Regular
SOLUSDT,2024-04-10 00:00:00.000,0.00036513,172.55000000,Regular
SOLUSDT,2024-04-10 08:00:00.001,0.00031624,172.89152633,Regular
SOLUSDT,2024-04-10 16:00:00.000,0.00017163,168.03909731,Regular
SOLUSDT,2024-04-11 00:00:00.000,0.00027306,173.42449003,Regular
SOLUSDT,2024-04-11 08:00:00.000,0.00024101,174.57075619,Regular
SOLUSDT,2024-04-11 16:00:00.000,0.00027676,173.54800000,Regular
SOLUSDT,2024-04-12 00:00:00.000,0.00026578,172.49700000,Regular
SOLUSDT,2024-04-12 08:00:00.001,0.0002941,173.38468030,Regular
SOLUSDT,2024-04-12 16:00:00.000,0.00025596,167.46000000,Regular
SOLUSDT,2024-04-13 00:00:00.000,0.0001,153.18345357,Regular
SOLUSDT,2024-04-13 08:00:00.000,0.0001,151.09500000,Regular
SOLUSDT,2024-04-13 16:00:00.001,0.0001,149.01800000,Regular
SOLUSDT,2024-04-14 00:00:00.000,0.0001,138.39379496,Regular
SOLUSDT,2024-04-14 08:00:00.000,0.0001,144.01900000,Regular
SOLUSDT,2024-04-14 16:00:00.000,0.0001,137.94924828,Regular
SOLUSDT,2024-04-15 00:00:00.000,9.686e-05,151.22558184,Regular
SOLUSDT,2024-04-15 08:00:00.001,-7.58e-06,153.70362534,Regular
SOLUSDT,2024-04-15 16:00:00.000,6.37e-05,143.23200000,Regular
SOLUSDT,2024-04-16 00:00:00.001,-5.815e-05,138.44476488,Regular
SOLUSDT,2024-04-16 08:00:00.000,4.459e-05,137.81100000,Regular
SOLUSDT,2024-04-16 16:00:00.000,2.516e-05,127.61114289,Regular
SOLUSDT,2024-04-17 00:00:00.000,-2.599e-05,136.18400000,Regular
SOLUSDT,2024-04-17 08:00:00.000,3.33e-06,139.39500000,Regular
SOLUSDT,2024-04-17 16:00:00.000,0.0001,128.70931950,Regular
SOLUSDT,2024-04-18 00:00:00.000,6.888e-05,131.79905024,Regular
SOLUSDT,2024-04-18 08:00:00.000,7.203e-05,129.37818107,Regular
SOLUSDT,2024-04-18 16:00:00.000,6.59e-05,138.93497706,Regular
SOLUSDT,2024-04-19 00:00:00.001,-1.667e-05,141.96356940,Regular
SOLUSDT,2024-04-19 08:00:00.000,4.68e-05,143.27100000,Regular
SOLUSDT,2024-04-19 16:00:00.000,2.007e-05,146.16566985,Regular
SOLUSDT,2024-04-20 00:00:00.000,0.0001,142.44400000,Regular
SOLUSDT,2024-04-20 08:00:00.000,4.184e-05,143.45200000,Regular
SOLUSDT,2024-04-20 16:00:00.000,6.594e-05,147.11599257,Regular
SOLUSDT,2024-04-21 00:00:00.000,7.055e-05,151.17800000,Regular
SOLUSDT,2024-04-21 08:00:00.000,-2.982e-05,151.04598597,Regular
SOLUSDT,2024-04-21 16:00:00.000,4.268e-05,150.10000000,Regular
SOLUSDT,2024-04-22 00:00:00.000,3.735e-05,148.75525153,Regular
SOLUSDT,2024-04-22 08:00:00.000,8.512e-05,153.56000000,Regular
SOLUSDT,2024-04-22 16:00:00.000,-3.018e-05,153.37400000,Regular
SOLUSDT,2024-04-23 00:00:00.000,-1.27e-05,156.88100000,Regular
SOLUSDT,2024-04-23 08:00:00.000,-4.214e-05,153.55200000,Regular
SOLUSDT,2024-04-23 16:00:00.001,1.577e-05,157.84000000,Regular
SOLUSDT,2024-04-24 00:00:00.000,9.77e-06,154.72300000,Regular
SOLUSDT,2024-04-24 08:00:00.000,6.43e-06,157.74783935,Regular
SOLUSDT,2024-04-24 16:00:00.000,0.0001,151.47400000,Regular
SOLUSDT,2024-04-25 00:00:00.000,0.0001,147.71375189,Regular
SOLUSDT,2024-04-25 08:00:00.000,2.239e-05,146.22900000,Regular
SOLUSDT,2024-04-25 16:00:00.010,0.0001,147.72044338,Regular
SOLUSDT,2024-04-26 00:00:00.001,6.164e-05,144.78700000,Regular
SOLUSDT,2024-04-26 08:00:00.000,8.426e-05,143.40300000,Regular
SOLUSDT,2024-04-26 16:00:00.000,8.505e-05,142.65697578,Regular
SOLUSDT,2024-04-27 00:00:00.000,5.384e-05,139.20100000,Regular
SOLUSDT,2024-04-27 08:00:00.001,-2.561e-05,136.09600000,Regular
SOLUSDT,2024-04-27 16:00:00.000,2.358e-05,137.67200000,Regular
SOLUSDT,2024-04-28 00:00:00.000,2.733e-05,141.23500000,Regular
SOLUSDT,2024-04-28 08:00:00.000,3.029e-05,143.50100000,Regular
SOLUSDT,2024-04-28 16:00:00.000,0.0001,141.93500000,Regular
SOLUSDT,2024-04-29 00:00:00.000,0.0001,137.92200000,Regular
SOLUSDT,2024-04-29 08:00:00.000,0.0001,134.90400000,Regular
SOLUSDT,2024-04-29 16:00:00.000,0.0001,136.43500000,Regular
SOLUSDT,2024-04-30 00:00:00.000,6.384e-05,137.69900000,Regular
SOLUSDT,2024-04-30 08:00:00.000,0.0001,135.03100000,Regular
SOLUSDT,2024-04-30 16:00:00.000,4.102e-05,127.72039636,Regular
SOLUSDT,2024-05-01 00:00:00.000,-3.566e-05,126.69326163,Regular
SOLUSDT,2024-05-01 08:00:00.000,0.0001,120.54400000,Regular
SOLUSDT,2024-05-01 16:00:00.000,9.105e-05,123.33236117,Regular
SOLUSDT,2024-05-02 00:00:00.000,3.78e-06,134.56900000,Regular
SOLUSDT,2024-05-02 08:00:00.000,7.951e-05,131.32011754,Regular
SOLUSDT,2024-05-02 16:00:00.002,3.479e-05,139.01000000,Regular
SOLUSDT,2024-05-03 00:00:00.000,5.799e-05,137.53700000,Regular
SOLUSDT,2024-05-03 08:00:00.000,-5.326e-05,137.18840579,Regular
SOLUSDT,2024-05-03 16:00:00.000,3.126e-05,142.00000000,Regular
SOLUSDT,2024-05-04 00:00:00.000,-8.768e-05,143.62427845,Regular
SOLUSDT,2024-05-04 08:00:00.000,1.077e-05,143.89900000,Regular
SOLUSDT,2024-05-04 16:00:00.000,1.309e-05,146.11746473,Regular
SOLUSDT,2024-05-05 00:00:00.000,5.621e-05,146.00700000,Regular
SOLUSDT,2024-05-05 08:00:00.000,8.266e-05,145.58000000,Regular
SOLUSDT,2024-05-05 16:00:00.000,7.548e-05,147.40200000,Regular
SOLUSDT,2024-05-06 00:00:00.000,5.854e-05,145.67300000,Regular
SOLUSDT,2024-05-06 08:00:00.000,5.22e-05,148.67240700,Regular
SOLUSDT,2024-05-06 16:00:00.000,0.0001,153.79700869,Regular
SOLUSDT,2024-05-07 00:00:00.000,7.714e-05,152.78000000,Regular
SOLUSDT,2024-05-07 08:00:00.000,-1.698e-05,155.08429183,Regular
SOLUSDT,2024-05-07 16:00:00.000,2.502e-05,154.61915736,Regular
SOLUSDT,2024-05-08 00:00:00.000,0.0001,148.02850935,Regular
SOLUSDT,2024-05-08 08:00:00.000,0.0001,146.40600000,Regular
SOLUSDT,2024-05-08 16:00:00.000,0.0001,145.81600000,Regular
SOLUSDT,2024-05-09 00:00:00.000,5.327e-05,142.11900000,Regular
SOLUSDT,2024-05-09 08:00:00.000,8.335e-05,143.23415262,Regular
SOLUSDT,2024-05-09 16:00:00.000,7.648e-05,146.40000000,Regular
SOLUSDT,2024-05-10 00:00:00.000,2.012e-05,152.45700000,Regular
SOLUSDT,2024-05-10 08:00:00.000,5.156e-05,154.26800000,Regular
SOLUSDT,2024-05-10 16:00:00.000,0.0001,146.87098126,Regular
SOLUSDT,2024-05-11 00:00:00.000,4.734e-05,145.96400000,Regular
SOLUSDT,2024-05-11 08:00:00.000,9.445e-05,145.70920173,Regular
SOLUSDT,2024-05-11 16:00:00.000,5.096e-05,145.56600000,Regular
SOLUSDT,2024-05-12 00:00:00.000,4.613e-05,145.36399507,Regular
SOLUSDT,2024-05-12 08:00:00.000,2.9e-05,144.14138521,Regular
SOLUSDT,2024-05-12 16:00:00.000,6.071e-05,145.15488334,Regular
SOLUSDT,2024-05-13 00:00:00.001,-7.24e-06,143.36400000,Regular
SOLUSDT,2024-05-13 08:00:00.001,0.0001,143.50900000,Regular
SOLUSDT,2024-05-13 16:00:00.000,9.778e-05,147.20700000,Regular
SOLUSDT,2024-05-14 00:00:00.000,0.0001,147.51486847,Regular
SOLUSDT,2024-05-14 08:00:00.000,8.969e-05,146.49100000,Regular
SOLUSDT,2024-05-14 16:00:00.000,4.564e-05,142.82400000,Regular
SOLUSDT,2024-05-15 00:00:00.000,1.738e-05,141.96300000,Regular
SOLUSDT,2024-05-15 08:00:00.000,1.895e-05,144.21587153,Regular
SOLUSDT,2024-05-15 16:00:00.000,8.36e-05,151.81933412,Regular
SOLUSDT,2024-05-16 00:00:00.004,0.0001,158.44813827,Regular
SOLUSDT,2024-05-16 08:00:00.000,0.0001,162.71189365,Regular
SOLUSDT,2024-05-16 16:00:00.000,0.0001,160.41100000,Regular
SOLUSDT,2024-05-17 00:00:00.000,7.45e-05,159.30300000,Regular
SOLUSDT,2024-05-17 08:00:00.000,3.361e-05,169.10496702,Regular
SOLUSDT,2024-05-17 16:00:00.000,4.112e-05,169.58500000,Regular
SOLUSDT,2024-05-18 00:00:00.000,4.208e-05,169.35100000,Regular
SOLUSDT,2024-05-18 08:00:00.000,2.883e-05,172.21600000,Regular
SOLUSDT,2024-05-18 16:00:00.000,6.893e-05,172.34330544,Regular
SOLUSDT,2024-05-19 00:00:00.000,3.799e-05,172.29900000,Regular
SOLUSDT,2024-05-19 08:00:00.000,1.875e-05,174.09100000,Regular
SOLUSDT,2024-05-19 16:00:00.000,8.795e-05,168.20240894,Regular
SOLUSDT,2024-05-20 00:00:00.000,0.0001,169.85300000,Regular
SOLUSDT,2024-05-20 08:00:00.000,0.0001,177.94900601,Regular
SOLUSDT,2024-05-20 16:00:00.003,6.762e-05,178.91923886,Regular
SOLUSDT,2024-05-21 00:00:00.000,0.0001,186.69512073,Regular
SOLUSDT,2024-05-21 08:00:00.001,0.0001,181.31062744,Regular
SOLUSDT,2024-05-21 16:00:00.000,0.0001,176.85441502,Regular
SOLUSDT,2024-05-22 00:00:00.000,0.0001,178.15000000,Regular
SOLUSDT,2024-05-22 08:00:00.000,0.0001,179.88731597,Regular
SOLUSDT,2024-05-22 16:00:00.000,0.0001,181.39304713,Regular
SOLUSDT,2024-05-23 00:00:00.000,0.0001,177.00100000,Regular
SOLUSDT,2024-05-23 08:00:00.000,0.0001,177.49000000,Regular
SOLUSDT,2024-05-23 16:00:00.000,0.0001,172.70000000,Regular
SOLUSDT,2024-05-24 00:00:00.000,0.0001,176.18200000,Regular
SOLUSDT,2024-05-24 08:00:00.000,0.0001,166.24000000,Regular
SOLUSDT,2024-05-24 16:00:00.000,0.0001,167.27480894,Regular
SOLUSDT,2024-05-25 00:00:00.000,0.0001,167.66760810,Regular
SOLUSDT,2024-05-25 08:00:00.000,0.0001,169.00329730,Regular
SOLUSDT,2024-05-25 16:00:00.000,0.0001,167.78524111,Regular
SOLUSDT,2024-05-26 00:00:00.000,0.0001,168.35780113,Regular
SOLUSDT,2024-05-26 08:00:00.000,0.0001,165.37200000,Regular
SOLUSDT,2024-05-26 16:00:00.000,0.0001,162.92251383,Regular
SOLUSDT,2024-05-27 00:00:00.000,0.0001,163.50975682,Regular
SOLUSDT,2024-05-27 08:00:00.000,0.0001,165.61300000,Regular
SOLUSDT,2024-05-27 16:00:00.000,0.0001,171.11300000,Regular
SOLUSDT,2024-05-28 00:00:00.000,0.0001,170.24900000,Regular
SOLUSDT,2024-05-28 08:00:00.000,0.0001,166.20242341,Regular
SOLUSDT,2024-05-28 16:00:00.000,0.00014129,168.32490203,Regular
SOLUSDT,2024-05-29 00:00:00.001,0.00018529,168.79745455,Regular
SOLUSDT,2024-05-29 08:00:00.000,0.00013729,170.91800000,Regular
SOLUSDT,2024-05-29 16:00:00.000,0.0001,168.65200000,Regular
SOLUSDT,2024-05-30 00:00:00.000,0.0001,168.42500000,Regular
SOLUSDT,2024-05-30 08:00:00.000,0.0001,165.09300000,Regular
SOLUSDT,2024-05-30 16:00:00.000,0.0001,168.53197518,Regular
SOLUSDT,2024-05-31 00:00:00.000,0.0001,166.98188639,Regular
SOLUSDT,2024-05-31 08:00:00.000,0.0001,166.73994677,Regular
SOLUSDT,2024-05-31 16:00:00.000,0.0001,164.91900000,Regular
SOLUSDT,2024-06-01 00:00:00.000,0.00016081,165.74340237,Regular
SOLUSDT,2024-06-01 08:00:00.000,0.00011764,166.94483777,Regular
SOLUSDT,2024-06-01 16:00:00.001,0.00010981,167.37061007,Regular
SOLUSDT,2024-06-02 00:00:00.000,0.00016684,166.27969042,Regular
SOLUSDT,2024-06-02 08:00:00.000,0.0001,165.10100000,Regular
SOLUSDT,2024-06-02 16:00:00.000,0.0001,165.26383465,Regular
SOLUSDT,2024-06-03 00:00:00.000,0.00012157,163.24919022,Regular
SOLUSDT,2024-06-03 08:00:00.000,0.00010832,165.43300000,Regular
SOLUSDT,2024-06-03 16:00:00.000,0.00011323,164.91884663,Regular
SOLUSDT,2024-06-04 00:00:00.000,0.00015497,164.99500000,Regular
SOLUSDT,2024-06-04 08:00:00.000,0.00013282,165.35211176,Regular
SOLUSDT,2024-06-04 16:00:00.000,0.00016338,168.01248845,Regular
SOLUSDT,2024-06-05 00:00:00.000,0.00021045,171.88712880,Regular
SOLUSDT,2024-06-05 08:00:00.000,0.00023899,173.52439268,Regular
SOLUSDT,2024-06-05 16:00:00.000,0.00021842,174.89900000,Regular
SOLUSDT,2024-06-06 00:00:00.000,0.00016193,173.64620330,Regular
SOLUSDT,2024-06-06 08:00:00.008,0.00020255,172.72900000,Regular
SOLUSDT,2024-06-06 16:00:00.000,0.00020758,173.08969027,Regular
SOLUSDT,2024-06-07 00:00:00.000,0.0001,170.27099164,Regular
SOLUSDT,2024-06-07 08:00:00.000,0.00016418,172.12100000,Regular
SOLUSDT,2024-06-07 16:00:00.000,0.0001698,170.21900000,Regular
SOLUSDT,2024-06-08 00:00:00.000,0.0001,162.51811457,Regular
SOLUSDT,2024-06-08 08:00:00.000,0.0001,163.59657954,Regular
SOLUSDT,2024-06-08 16:00:00.000,0.0001,160.13244394,Regular
SOLUSDT,2024-06-09 00:00:00.000,0.0001,157.83251870,Regular
SOLUSDT,2024-06-09 08:00:00.000,0.0001,159.01010319,Regular
SOLUSDT,2024-06-09 16:00:00.001,0.0001,161.60718748,Regular
SOLUSDT,2024-06-10 00:00:00.000,0.0001,162.12160957,Regular
SOLUSDT,2024-06-10 08:00:00.000,0.0001,157.65926512,Regular
SOLUSDT,2024-06-10 16:00:00.001,0.0001,162.35900000,Regular
SOLUSDT,2024-06-11 00:00:00.001,0.0001,159.08602475,Regular
SOLUSDT,2024-06-11 08:00:00.000,0.0001,153.39150116,Regular
SOLUSDT,2024-06-11 16:00:00.000,0.0001,147.61607412,Regular
SOLUSDT,2024-06-12 00:00:00.000,0.0001,149.24517645,Regular
SOLUSDT,2024-06-12 08:00:00.000,0.0001,151.76500000,Regular
SOLUSDT,2024-06-12 16:00:00.000,0.0001,158.81000000,Regular
SOLUSDT,2024-06-13 00:00:00.000,0.0001,155.18113793,Regular
SOLUSDT,2024-06-13 08:00:00.001,0.0001,152.07100000,Regular
SOLUSDT,2024-06-13 16:00:00.000,0.0001,146.83065193,Regular
SOLUSDT,2024-06-14 00:00:00.000,0.0001,147.21583775,Regular
SOLUSDT,2024-06-14 08:00:00.000,8.277e-05,147.52632094,Regular
SOLUSDT,2024-06-14 16:00:00.000,9.897e-05,143.74164219,Regular
SOLUSDT,2024-06-15 00:00:00.000,0.0001,142.98790926,Regular
SOLUSDT,2024-06-15 08:00:00.000,0.0001,143.76000000,Regular
SOLUSDT,2024-06-15 16:00:00.000,0.0001,145.09800000,Regular
SOLUSDT,2024-06-16 00:00:00.001,0.0001,145.45000000,Regular
SOLUSDT,2024-06-16 08:00:00.000,0.0001,144.43485774,Regular
SOLUSDT,2024-06-16 16:00:00.000,3.192e-05,148.43629168,Regular
SOLUSDT,2024-06-17 00:00:00.000,0.0001,151.24554704,Regular
SOLUSDT,2024-06-17 08:00:00.000,0.0001,146.56102734,Regular
SOLUSDT,2024-06-17 16:00:00.000,7.161e-05,141.17800000,Regular
SOLUSDT,2024-06-18 00:00:00.000,7.592e-05,143.19700000,Regular
SOLUSDT,2024-06-18 08:00:00.000,-8.849e-05,136.63983046,Regular
SOLUSDT,2024-06-18 16:00:00.000,0.0001,135.98969153,Regular
SOLUSDT,2024-06-19 00:00:00.001,0.0001,137.35900000,Regular
SOLUSDT,2024-06-19 08:00:00.001,4.103e-05,139.92208663,Regular
SOLUSDT,2024-06-19 16:00:00.000,6.996e-05,136.88500000,Regular
SOLUSDT,2024-06-20 00:00:00.000,7.341e-05,135.55700000,Regular
SOLUSDT,2024-06-20 08:00:00.000,1.175e-05,137.10000000,Regular
SOLUSDT,2024-06-20 16:00:00.000,-2.605e-05,133.19600000,Regular
SOLUSDT,2024-06-21 00:00:00.000,8.76e-06,133.50587862,Regular
SOLUSDT,2024-06-21 08:00:00.000,4.454e-05,131.38100000,Regular
SOLUSDT,2024-06-21 16:00:00.000,4.111e-05,131.33347481,Regular
SOLUSDT,2024-06-22 00:00:00.000,7.06e-05,134.54400000,Regular
SOLUSDT,2024-06-22 08:00:00.000,-2.362e-05,134.80744822,Regular
SOLUSDT,2024-06-22 16:00:00.000,0.0001,134.20105191,Regular
SOLUSDT,2024-06-23 00:00:00.000,7.846e-05,133.62700000,Regular
SOLUSDT,2024-06-23 08:00:00.000,3.933e-05,134.68043277,Regular
SOLUSDT,2024-06-23 16:00:00.000,4.131e-05,131.53500000,Regular
SOLUSDT,2024-06-24 00:00:00.002,0.0001,128.66000000,Regular
SOLUSDT,2024-06-24 08:00:00.000,3.318e-05,125.12100000,Regular
SOLUSDT,2024-06-24 16:00:00.000,2.872e-05,126.27530225,Regular
SOLUSDT,2024-06-25 00:00:00.000,1.182e-05,132.23700000,Regular
SOLUSDT,2024-06-25 08:00:00.000,-3.228e-05,134.77300000,Regular
SOLUSDT,2024-06-25 16:00:00.000,8.255e-05,139.37200000,Regular
SOLUSDT,2024-06-26 00:00:00.002,0.0001,136.53800000,Regular
SOLUSDT,2024-06-26 08:00:00.000,0.0001,137.91908321,Regular
SOLUSDT,2024-06-26 16:00:00.000,0.0001,136.84037530,Regular
SOLUSDT,2024-06-27 00:00:00.000,0.0001,136.80700000,Regular
SOLUSDT,2024-06-27 08:00:00.001,0.0001,135.90252208,Regular
SOLUSDT,2024-06-27 16:00:00.000,0.0001,147.69700000,Regular
SOLUSDT,2024-06-28 00:00:00.000,0.0001,149.67091819,Regular
SOLUSDT,2024-06-28 08:00:00.000,8.707e-05,145.30900000,Regular
SOLUSDT,2024-06-28 16:00:00.000,9.286e-05,143.20280883,Regular
SOLUSDT,2024-06-29 00:00:00.001,0.0001,139.98984023,Regular
SOLUSDT,2024-06-29 08:00:00.000,0.0001,141.93200000,Regular
SOLUSDT,2024-06-29 16:00:00.000,0.0001,142.63817401,Regular
SOLUSDT,2024-06-30 00:00:00.000,0.0001,140.22000000,Regular
SOLUSDT,2024-06-30 08:00:00.000,0.0001,140.58000000,Regular
SOLUSDT,2024-06-30 16:00:00.000,0.0001,143.73500000,Regular
SOLUSDT,2024-07-01 00:00:00.000,8.734e-05,146.58200000,Regular
SOLUSDT,2024-07-01 08:00:00.000,5.816e-05,148.24900000,Regular
SOLUSDT,2024-07-01 16:00:00.001,0.0001,148.46800000,Regular
SOLUSDT,2024-07-02 00:00:00.000,0.0001,146.63447863,Regular
SOLUSDT,2024-07-02 08:00:00.000,7.576e-05,147.39414119,Regular
SOLUSDT,2024-07-02 16:00:00.000,2.759e-05,148.34200000,Regular
SOLUSDT,2024-07-03 00:00:00.000,0.0001,153.96800000,Regular
SOLUSDT,2024-07-03 08:00:00.001,0.0001,146.40951041,Regular
SOLUSDT,2024-07-03 16:00:00.000,0.0001,141.64449821,Regular
SOLUSDT,2024-07-04 00:00:00.000,0.0001,140.74500000,Regular
SOLUSDT,2024-07-04 08:00:00.000,8.877e-05,134.36000000,Regular
SOLUSDT,2024-07-04 16:00:00.000,4.97e-05,135.29600000,Regular
SOLUSDT,2024-07-05 00:00:00.000,-9.47e-06,127.79400000,Regular
SOLUSDT,2024-07-05 08:00:00.000,5.21e-05,126.67900000,Regular
SOLUSDT,2024-07-05 16:00:00.000,-0.0001139,134.82211595,Regular
SOLUSDT,2024-07-06 00:00:00.000,7.35e-05,134.23000000,Regular
SOLUSDT,2024-07-06 08:00:00.000,4.265e-05,136.85111886,Regular
SOLUSDT,2024-07-06 16:00:00.000,-0.00012992,141.76978216,Regular
SOLUSDT,2024-07-07 00:00:00.001,3.52e-06,142.99600000,Regular
SOLUSDT,2024-07-07 08:00:00.000,0.0001,139.07400000,Regular
SOLUSDT,2024-07-07 16:00:00.000,0.0001,137.03100000,Regular
SOLUSDT,2024-07-08 00:00:00.000,0.0001,131.59900000,Regular
SOLUSDT,2024-07-08 08:00:00.000,-5.629e-05,132.52500000,Regular
SOLUSDT,2024-07-08 16:00:00.000,0.0001,137.38919096,Regular
SOLUSDT,2024-07-09 00:00:00.000,0.0001,139.77501355,Regular
SOLUSDT,2024-07-09 08:00:00.001,5.602e-05,142.06300000,Regular
SOLUSDT,2024-07-09 16:00:00.000,4.22e-05,140.48573585,Regular
SOLUSDT,2024-07-10 00:00:00.000,8.78e-05,141.39100000,Regular
SOLUSDT,2024-07-10 08:00:00.000,8.961e-05,144.10700000,Regular
SOLUSDT,2024-07-10 16:00:00.000,7.406e-05,141.09562629,Regular
SOLUSDT,2024-07-11 00:00:00.002,0.0001,141.93042702,Regular
SOLUSDT,2024-07-11 08:00:00.002,2.205e-05,142.01400000,Regular
SOLUSDT,2024-07-11 16:00:00.004,-1.433e-05,138.39122213,Regular
SOLUSDT,2024-07-12 00:00:00.000,0.0001,135.70200000,Regular
SOLUSDT,2024-07-12 08:00:00.000,4.566e-05,135.35655146,Regular
SOLUSDT,2024-07-12 16:00:00.000,-1.079e-05,138.75858453,Regular
SOLUSDT,2024-07-13 00:00:00.000,1.668e-05,139.37900000,Regular
SOLUSDT,2024-07-13 08:00:00.000,8.326e-05,139.32506123,Regular
SOLUSDT,2024-07-13 16:00:00.000,4.063e-05,140.31100000,Regular
SOLUSDT,2024-07-14 00:00:00.000,8.116e-05,141.82657535,Regular
SOLUSDT,2024-07-14 08:00:00.000,4.07e-05,144.68500000,Regular
SOLUSDT,2024-07-14 16:00:00.000,2.006e-05,145.81600000,Regular
SOLUSDT,2024-07-15 00:00:00.000,-1.038e-05,147.59600000,Regular
SOLUSDT,2024-07-15 08:00:00.000,2.402e-05,153.16800000,Regular
SOLUSDT,2024-07-15 16:00:00.000,3.81e-05,152.86527730,Regular
SOLUSDT,2024-07-16 00:00:00.000,-3.759e-05,159.30000000,Regular
SOLUSDT,2024-07-16 08:00:00.000,0.0001,154.46676815,Regular
SOLUSDT,2024-07-16 16:00:00.000,7.774e-05,160.90500000,Regular
SOLUSDT,2024-07-17 00:00:00.000,0.0001,160.58328979,Regular
SOLUSDT,2024-07-17 08:00:00.001,5.083e-05,160.50800000,Regular
SOLUSDT,2024-07-17 16:00:00.000,0.0001,158.04717751,Regular
SOLUSDT,2024-07-18 00:00:00.000,6.464e-05,155.46240657,Regular
SOLUSDT,2024-07-18 08:00:00.000,8.411e-05,158.60800000,Regular
SOLUSDT,2024-07-18 16:00:00.000,0.0001,156.29988230,Regular
SOLUSDT,2024-07-19 00:00:00.000,7.366e-05,159.15035041,Regular
SOLUSDT,2024-07-19 08:00:00.000,0.0001,161.37600000,Regular
SOLUSDT,2024-07-19 16:00:00.000,5.128e-05,168.76000000,Regular
SOLUSDT,2024-07-20 00:00:00.001,0.0001,169.07501731,Regular
SOLUSDT,2024-07-20 08:00:00.000,2.379e-05,168.48538309,Regular
SOLUSDT,2024-07-20 16:00:00.000,3.05e-06,169.18899855,Regular
SOLUSDT,2024-07-21 00:00:00.000,0.0001,173.53200000,Regular
SOLUSDT,2024-07-21 08:00:00.000,0.0001,171.26000000,Regular
SOLUSDT,2024-07-21 16:00:00.000,5.463e-05,175.36600000,Regular
SOLUSDT,2024-07-22 00:00:00.000,0.0001,184.47200000,Regular
SOLUSDT,2024-07-22 08:00:00.000,0.0001,178.29108269,Regular
SOLUSDT,2024-07-22 16:00:00.000,7.105e-05,179.79100000,Regular
SOLUSDT,2024-07-23 00:00:00.000,0.0001,178.82300000,Regular
SOLUSDT,2024-07-23 08:00:00.000,0.0001,175.95800000,Regular
SOLUSDT,2024-07-23 16:00:00.000,0.0001,176.45578960,Regular
SOLUSDT,2024-07-24 00:00:00.000,4.584e-05,172.93333468,Regular
SOLUSDT,2024-07-24 08:00:00.000,0.0001,174.16267443,Regular
SOLUSDT,2024-07-24 16:00:00.000,7.12e-05,177.73478119,Regular
SOLUSDT,2024-07-25 00:00:00.000,8.091e-05,177.98300000,Regular
SOLUSDT,2024-07-25 08:00:00.000,9.813e-05,169.35014446,Regular
SOLUSDT,2024-07-25 16:00:00.000,7.841e-05,170.37600000,Regular
SOLUSDT,2024-07-26 00:00:00.000,7.483e-05,171.76000000,Regular
SOLUSDT,2024-07-26 08:00:00.000,3.235e-05,176.69600000,Regular
SOLUSDT,2024-07-26 16:00:00.000,6.143e-05,181.45303333,Regular
SOLUSDT,2024-07-27 00:00:00.000,4.76e-05,182.99100000,Regular
SOLUSDT,2024-07-27 08:00:00.000,3.411e-05,185.78404636,Regular
SOLUSDT,2024-07-27 16:00:00.000,8.705e-05,182.43173275,Regular
SOLUSDT,2024-07-28 00:00:00.000,0.0001,183.89600000,Regular
SOLUSDT,2024-07-28 08:00:00.000,0.0001,183.78099704,Regular
SOLUSDT,2024-07-28 16:00:00.001,8.932e-05,184.08300000,Regular
SOLUSDT,2024-07-29 00:00:00.001,3.694e-05,184.81360502,Regular
SOLUSDT,2024-07-29 08:00:00.000,0.0001,192.30200000,Regular
SOLUSDT,2024-07-29 16:00:00.001,0.0001,186.84376039,Regular
SOLUSDT,2024-07-30 00:00:00.000,7.783e-05,182.50900000,Regular
SOLUSDT,2024-07-30 08:00:00.001,0.0001,182.29900000,Regular
SOLUSDT,2024-07-30 16:00:00.000,0.0001,180.96120667,Regular
SOLUSDT,2024-07-31 00:00:00.000,3.184e-05,179.07200000,Regular
SOLUSDT,2024-07-31 08:00:00.000,7.743e-05,183.04619766,Regular
SOLUSDT,2024-07-31 16:00:00.000,8.931e-05,180.01800000,Regular
SOLUSDT,2024-08-01 00:00:00.000,9.291e-05,171.65888412,Regular
SOLUSDT,2024-08-01 08:00:00.000,0.0001,168.17899046,Regular
SOLUSDT,2024-08-01 16:00:00.000,0.0001,162.57237971,Regular
SOLUSDT,2024-08-02 00:00:00.000,3.639e-05,167.29443817,Regular
SOLUSDT,2024-08-02 08:00:00.001,0.0001,161.36050876,Regular
SOLUSDT,2024-08-02 16:00:00.000,0.0001,156.67294435,Regular
SOLUSDT,2024-08-03 00:00:00.000,9.802e-05,152.71688301,Regular
SOLUSDT,2024-08-03 08:00:00.000,0.0001,151.58391932,Regular
SOLUSDT,2024-08-03 16:00:00.001,8.073e-05,146.14615092,Regular
SOLUSDT,2024-08-04 00:00:00.000,-1.748e-05,142.46400000,Regular
SOLUSDT,2024-08-04 08:00:00.000,8.871e-05,140.82900000,Regular
SOLUSDT,2024-08-04 16:00:00.000,4.224e-05,135.14187778,Regular
SOLUSDT,2024-08-05 00:00:00.000,6.211e-05,138.27594987,Regular
SOLUSDT,2024-08-05 08:00:00.000,-7.57e-06,122.87795028,Regular
SOLUSDT,2024-08-05 16:00:00.000,4.63e-06,130.41700000,Regular
SOLUSDT,2024-08-06 00:00:00.000,8.019e-05,129.74228548,Regular
SOLUSDT,2024-08-06 08:00:00.000,-5.258e-05,141.93769668,Regular
SOLUSDT,2024-08-06 16:00:00.000,-3.23e-06,145.81600000,Regular
SOLUSDT,2024-08-07 00:00:00.000,2.337e-05,144.37291359,Regular
SOLUSDT,2024-08-07 08:00:00.001,-8.086e-05,152.38400000,Regular
SOLUSDT,2024-08-07 16:00:00.000,1.745e-05,148.38586089,Regular
SOLUSDT,2024-08-08 00:00:00.001,7.141e-05,144.73800000,Regular
SOLUSDT,2024-08-08 08:00:00.000,2.523e-05,153.61500000,Regular
SOLUSDT,2024-08-08 16:00:00.000,-2.941e-05,160.42300000,Regular
SOLUSDT,2024-08-09 00:00:00.000,3.148e-05,163.09681049,Regular
SOLUSDT,2024-08-09 08:00:00.000,1.575e-05,157.86100000,Regular
SOLUSDT,2024-08-09 16:00:00.000,2.642e-05,151.12976098,Regular
SOLUSDT,2024-08-10 00:00:00.000,-6.621e-05,156.18200000,Regular
SOLUSDT,2024-08-10 08:00:00.000,4.285e-05,155.35808455,Regular
SOLUSDT,2024-08-10 16:00:00.000,5.146e-05,153.91199371,Regular
SOLUSDT,2024-08-11 00:00:00.000,-3.889e-05,153.93200000,Regular
SOLUSDT,2024-08-11 08:00:00.000,-1.62e-05,156.60865449,Regular
SOLUSDT,2024-08-11 16:00:00.001,2.894e-05,148.68700000,Regular
SOLUSDT,2024-08-12 00:00:00.000,9.903e-05,141.49700000,Regular
SOLUSDT,2024-08-12 08:00:00.000,6.88e-06,145.83400000,Regular
SOLUSDT,2024-08-12 16:00:00.000,-9.32e-06,147.49572155,Regular
SOLUSDT,2024-08-13 00:00:00.000,-6.2e-06,146.24100000,Regular
SOLUSDT,2024-08-13 08:00:00.000,5.492e-05,145.94800000,Regular
SOLUSDT,2024-08-13 16:00:00.000,8.364e-05,146.02814345,Regular
SOLUSDT,2024-08-14 00:00:00.000,-1e-07,146.58689376,Regular
SOLUSDT,2024-08-14 08:00:00.000,2.644e-05,145.65400000,Regular
SOLUSDT,2024-08-14 16:00:00.000,8.21e-06,146.59100000,Regular
SOLUSDT,2024-08-15 00:00:00.000,5.88e-06,143.64400000,Regular
SOLUSDT,2024-08-15 08:00:00.000,4.403e-05,142.43300000,Regular
SOLUSDT,2024-08-15 16:00:00.000,-2.764e-05,145.89100000,Regular
SOLUSDT,2024-08-16 00:00:00.000,-6.592e-05,142.53900000,Regular
SOLUSDT,2024-08-16 08:00:00.000,2.572e-05,144.46500000,Regular
SOLUSDT,2024-08-16 16:00:00.000,-3.407e-05,137.87384297,Regular
SOLUSDT,2024-08-17 00:00:00.000,2.001e-05,138.98600000,Regular
SOLUSDT,2024-08-17 08:00:00.000,-1.28e-05,139.38311827,Regular
SOLUSDT,2024-08-17 16:00:00.000,-7.03e-06,140.12900000,Regular
SOLUSDT,2024-08-18 00:00:00.000,4.55e-06,141.84472080,Regular
SOLUSDT,2024-08-18 08:00:00.000,-2.019e-05,141.47503113,Regular
SOLUSDT,2024-08-18 16:00:00.000,-0.00010289,145.72800000,Regular
SOLUSDT,2024-08-19 00:00:00.000,1.862e-05,142.36500000,Regular
SOLUSDT,2024-08-19 08:00:00.000,-9.28e-06,142.21383884,Regular
SOLUSDT,2024-08-19 16:00:00.002,5.854e-05,143.80731665,Regular
SOLUSDT,2024-08-20 00:00:00.000,3.839e-05,144.21811958,Regular
SOLUSDT,2024-08-20 08:00:00.000,-2.96e-05,147.39700000,Regular
SOLUSDT,2024-08-20 16:00:00.001,-3.807e-05,142.08166528,Regular
SOLUSDT,2024-08-21 00:00:00.001,2.703e-05,142.21000000,Regular
SOLUSDT,2024-08-21 08:00:00.000,8.62e-06,143.13000000,Regular
SOLUSDT,2024-08-21 16:00:00.001,-1.553e-05,140.28100000,Regular
SOLUSDT,2024-08-22 00:00:00.000,6.11e-06,142.72967381,Regular
SOLUSDT,2024-08-22 08:00:00.000,6.844e-05,143.25870105,Regular
SOLUSDT,2024-08-22 16:00:00.008,2.936e-05,142.57579256,Regular
SOLUSDT,2024-08-23 00:00:00.000,4.556e-05,143.15900000,Regular
SOLUSDT,2024-08-23 08:00:00.000,4.05e-05,145.09900000,Regular
SOLUSDT,2024-08-23 16:00:00.000,-4.648e-05,144.34000000,Regular
SOLUSDT,2024-08-24 00:00:00.000,7.101e-05,153.22800000,Regular
SOLUSDT,2024-08-24 08:00:00.005,2.046e-05,154.54000000,Regular
SOLUSDT,2024-08-24 16:00:00.000,6.232e-05,159.37200000,Regular
SOLUSDT,2024-08-25 00:00:00.000,9.763e-05,160.57013837,Regular
SOLUSDT,2024-08-25 08:00:00.000,0.0001,156.09485391,Regular
SOLUSDT,2024-08-25 16:00:00.000,-1.338e-05,159.30000000,Regular
SOLUSDT,2024-08-26 00:00:00.000,1.048e-05,158.88000000,Regular
SOLUSDT,2024-08-26 08:00:00.001,0.0001,159.05137350,Regular
SOLUSDT,2024-08-26 16:00:00.000,2.054e-05,157.53200000,Regular
SOLUSDT,2024-08-27 00:00:00.001,0.0001,157.05291377,Regular
SOLUSDT,2024-08-27 08:00:00.000,4.402e-05,157.68200000,Regular
SOLUSDT,2024-08-27 16:00:00.000,5.909e-05,153.70434232,Regular
SOLUSDT,2024-08-28 00:00:00.000,-1.779e-05,146.72700000,Regular
SOLUSDT,2024-08-28 08:00:00.000,1.753e-05,143.91200000,Regular
SOLUSDT,2024-08-28 16:00:00.001,2.718e-05,144.06792168,Regular
SOLUSDT,2024-08-29 00:00:00.000,-1.723e-05,143.87500000,Regular
SOLUSDT,2024-08-29 08:00:00.001,-8.639e-05,144.58952991,Regular
SOLUSDT,2024-08-29 16:00:00.000,-9.711e-05,146.02427813,Regular
SOLUSDT,2024-08-30 00:00:00.000,-3.891e-05,139.94800000,Regular
SOLUSDT,2024-08-30 08:00:00.000,3.115e-05,138.93412925,Regular
SOLUSDT,2024-08-30 16:00:00.000,-5.69e-05,133.25700000,Regular
SOLUSDT,2024-08-31 00:00:00.000,-6.239e-05,137.91600000,Regular
SOLUSDT,2024-08-31 08:00:00.000,4.9e-05,137.54700000,Regular
SOLUSDT,2024-08-31 16:00:00.000,1.853e-05,136.57000000,Regular
SOLUSDT,2024-09-01 00:00:00.000,-9.59e-06,135.27756038,Regular
SOLUSDT,2024-09-01 08:00:00.001,-2.631e-05,132.74300000,Regular
SOLUSDT,2024-09-01 16:00:00.000,-2.877e-05,134.19245547,Regular
SOLUSDT,2024-09-02 00:00:00.001,-4.426e-05,128.46565098,Regular
SOLUSDT,2024-09-02 08:00:00.001,5.21e-06,127.59900000,Regular
SOLUSDT,2024-09-02 16:00:00.000,-5.556e-05,132.45481665,Regular
SOLUSDT,2024-09-03 00:00:00.000,-8.288e-05,134.86500000,Regular
SOLUSDT,2024-09-03 08:00:00.001,3.441e-05,134.53001590,Regular
SOLUSDT,2024-09-03 16:00:00.000,5.362e-05,129.76788490,Regular
SOLUSDT,2024-09-04 00:00:00.000,8.904e-05,127.51163404,Regular
SOLUSDT,2024-09-04 08:00:00.000,-1.3e-05,130.22796696,Regular
SOLUSDT,2024-09-04 16:00:00.000,3.561e-05,133.73641100,Regular
SOLUSDT,2024-09-05 00:00:00.000,6.659e-05,133.57767135,Regular
SOLUSDT,2024-09-05 08:00:00.000,5.123e-05,133.04300000,Regular
SOLUSDT,2024-09-05 16:00:00.005,1.522e-05,130.53271079,Regular
SOLUSDT,2024-09-06 00:00:00.000,5.678e-05,129.35453230,Regular
SOLUSDT,2024-09-06 08:00:00.001,4.047e-05,128.06100000,Regular
SOLUSDT,2024-09-06 16:00:00.000,-1.324e-05,128.02876178,Regular
SOLUSDT,2024-09-07 00:00:00.000,-2.225e-05,124.95978799,Regular
SOLUSDT,2024-09-07 08:00:00.000,-2.317e-05,127.57761694,Regular
SOLUSDT,2024-09-07 16:00:00.000,5.99e-06,128.76917200,Regular
SOLUSDT,2024-09-08 00:00:00.000,8.148e-05,127.65600000,Regular
SOLUSDT,2024-09-08 08:00:00.000,6.264e-05,129.54900000,Regular
SOLUSDT,2024-09-08 16:00:00.000,6.412e-05,126.71100000,Regular
SOLUSDT,2024-09-09 00:00:00.000,3.966e-05,130.07300000,Regular
SOLUSDT,2024-09-09 08:00:00.000,-5.564e-05,129.24458443,Regular
SOLUSDT,2024-09-09 16:00:00.001,-4.794e-05,128.33300000,Regular
SOLUSDT,2024-09-10 00:00:00.000,9.587e-05,135.02226581,Regular
SOLUSDT,2024-09-10 08:00:00.000,-1.672e-05,134.88900000,Regular
SOLUSDT,2024-09-10 16:00:00.000,2.349e-05,134.06019467,Regular
SOLUSDT,2024-09-11 00:00:00.000,-6.617e-05,135.56300000,Regular
SOLUSDT,2024-09-11 08:00:00.000,-1.813e-05,132.34209368,Regular
SOLUSDT,2024-09-11 16:00:00.000,-2.041e-05,131.16079122,Regular
SOLUSDT,2024-09-12 00:00:00.000,-2.81e-05,132.35900000,Regular
SOLUSDT,2024-09-12 08:00:00.000,-8.6e-06,134.83100000,Regular
SOLUSDT,2024-09-12 16:00:00.000,1.32e-05,133.49900000,Regular
SOLUSDT,2024-09-13 00:00:00.000,2.638e-05,135.99800000,Regular
SOLUSDT,2024-09-13 08:00:00.001,1.756e-05,134.52600000,Regular
SOLUSDT,2024-09-13 16:00:00.001,1.798e-05,136.55700000,Regular
SOLUSDT,2024-09-14 00:00:00.000,-1.2e-06,138.94989985,Regular
SOLUSDT,2024-09-14 08:00:00.000,3.207e-05,137.43995527,Regular
SOLUSDT,2024-09-14 16:00:00.001,5.55e-06,137.31595398,Regular
SOLUSDT,2024-09-15 00:00:00.000,1.401e-05,137.06800000,Regular
SOLUSDT,2024-09-15 08:00:00.000,1.07e-06,137.10000000,Regular
SOLUSDT,2024-09-15 16:00:00.000,1.278e-05,135.68738930,Regular
SOLUSDT,2024-09-16 00:00:00.000,1.892e-05,131.31900000,Regular
SOLUSDT,2024-09-16 08:00:00.001,-5.218e-05,131.18105959,Regular
SOLUSDT,2024-09-16 16:00:00.000,7.164e-05,131.41445866,Regular
SOLUSDT,2024-09-17 00:00:00.001,0.0001,131.41200000,Regular
SOLUSDT,2024-09-17 08:00:00.000,2.206e-05,132.19100000,Regular
SOLUSDT,2024-09-17 16:00:00.000,2.153e-05,134.60500000,Regular
SOLUSDT,2024-09-18 00:00:00.000,-1.61e-06,131.46700000,Regular
SOLUSDT,2024-09-18 08:00:00.000,-3.792e-05,131.26387229,Regular
SOLUSDT,2024-09-18 16:00:00.004,2.354e-05,127.62561823,Regular
SOLUSDT,2024-09-19 00:00:00.000,6.423e-05,134.28317847,Regular
SOLUSDT,2024-09-19 08:00:00.000,8.771e-05,138.50900000,Regular
SOLUSDT,2024-09-19 16:00:00.001,1.474e-05,142.88252928,Regular
SOLUSDT,2024-09-20 00:00:00.000,0.0001,142.82865086,Regular
SOLUSDT,2024-09-20 08:00:00.001,0.0001,150.99200000,Regular
SOLUSDT,2024-09-20 16:00:00.000,0.0001,147.79000000,Regular
SOLUSDT,2024-09-21 00:00:00.001,0.0001,146.63966987,Regular
SOLUSDT,2024-09-21 08:00:00.000,0.0001,147.37630857,Regular
SOLUSDT,2024-09-21 16:00:00.000,4.074e-05,147.56794474,Regular
SOLUSDT,2024-09-22 00:00:00.000,0.0001,149.37200000,Regular
SOLUSDT,2024-09-22 08:00:00.000,7.587e-05,147.14800000,Regular
SOLUSDT,2024-09-22 16:00:00.000,1.979e-05,143.10112223,Regular
SOLUSDT,2024-09-23 00:00:00.000,-4.401e-05,144.58800000,Regular
SOLUSDT,2024-09-23 08:00:00.000,5.545e-05,145.42892087,Regular
SOLUSDT,2024-09-23 16:00:00.000,-2.612e-05,144.16758145,Regular
SOLUSDT,2024-09-24 00:00:00.000,4.827e-05,144.70100000,Regular
SOLUSDT,2024-09-24 08:00:00.000,6.92e-05,147.14130941,Regular
SOLUSDT,2024-09-24 16:00:00.001,5.57e-06,145.45924805,Regular
SOLUSDT,2024-09-25 00:00:00.000,0.0001,152.71200000,Regular
SOLUSDT,2024-09-25 08:00:00.003,0.0001,149.73100000,Regular
SOLUSDT,2024-09-25 16:00:00.000,5.783e-05,150.34732454,Regular
SOLUSDT,2024-09-26 00:00:00.005,3.616e-05,147.89448661,Regular
SOLUSDT,2024-09-26 08:00:00.000,6.697e-05,151.76400000,Regular
SOLUSDT,2024-09-26 16:00:00.000,0.0001,157.08400000,Regular
SOLUSDT,2024-09-27 00:00:00.000,0.0001,155.48000000,Regular
SOLUSDT,2024-09-27 08:00:00.000,9.81e-06,157.40000000,Regular
SOLUSDT,2024-09-27 16:00:00.000,0.0001,158.99930152,Regular
SOLUSDT,2024-09-28 00:00:00.000,0.0001,157.59100000,Regular
SOLUSDT,2024-09-28 08:00:00.001,9.8e-05,156.33500000,Regular
SOLUSDT,2024-09-28 16:00:00.000,0.0001,156.80800000,Regular
SOLUSDT,2024-09-29 00:00:00.001,9.314e-05,156.68200000,Regular
SOLUSDT,2024-09-29 08:00:00.000,0.0001,155.43100000,Regular
SOLUSDT,2024-09-29 16:00:00.000,0.0001,157.21275763,Regular
SOLUSDT,2024-09-30 00:00:00.000,0.0001,158.39813308,Regular
SOLUSDT,2024-09-30 08:00:00.001,0.0001,156.81200000,Regular
SOLUSDT,2024-09-30 16:00:00.000,0.0001,154.11812930,Regular
SOLUSDT,2024-10-01 00:00:00.000,0.0001,152.47015802,Regular
SOLUSDT,2024-10-01 08:00:00.000,0.0001,156.75700000,Regular
SOLUSDT,2024-10-01 16:00:00.001,0.0001,149.53174587,Regular
SOLUSDT,2024-10-02 00:00:00.000,0.0001,145.16293337,Regular
SOLUSDT,2024-10-02 08:00:00.000,1.306e-05,147.69022985,Regular
SOLUSDT,2024-10-02 16:00:00.000,7.012e-05,147.44414768,Regular
SOLUSDT,2024-10-03 00:00:00.000,1.07e-06,140.11000000,Regular
SOLUSDT,2024-10-03 08:00:00.000,5.138e-05,139.85789803,Regular
SOLUSDT,2024-10-03 16:00:00.000,-3.81e-06,135.50486859,Regular
SOLUSDT,2024-10-04 00:00:00.000,3.715e-05,136.73770600,Regular
SOLUSDT,2024-10-04 08:00:00.000,-4.939e-05,139.47658405,Regular
SOLUSDT,2024-10-04 16:00:00.001,5.24e-06,142.35959554,Regular
SOLUSDT,2024-10-05 00:00:00.000,5.818e-05,143.15800000,Regular
SOLUSDT,2024-10-05 08:00:00.000,9.502e-05,143.76400000,Regular
SOLUSDT,2024-10-05 16:00:00.000,4.49e-06,142.83167707,Regular
SOLUSDT,2024-10-06 00:00:00.000,0.0001,142.52800000,Regular
SOLUSDT,2024-10-06 08:00:00.001,0.0001,142.92692160,Regular
SOLUSDT,2024-10-06 16:00:00.000,3.507e-05,145.90400000,Regular
SOLUSDT,2024-10-07 00:00:00.000,3.973e-05,146.42212244,Regular
SOLUSDT,2024-10-07 08:00:00.000,7.543e-05,147.98200000,Regular
SOLUSDT,2024-10-07 16:00:00.001,5.43e-06,148.64924795,Regular
SOLUSDT,2024-10-08 00:00:00.000,3.9e-07,143.91764584,Regular
SOLUSDT,2024-10-08 08:00:00.000,0.0001,143.02000000,Regular
SOLUSDT,2024-10-08 16:00:00.000,-2.549e-05,142.72800000,Regular
SOLUSDT,2024-10-09 00:00:00.000,8.84e-06,143.42973236,Regular
SOLUSDT,2024-10-09 08:00:00.000,-3.713e-05,143.10715210,Regular
SOLUSDT,2024-10-09 16:00:00.000,0.0001,142.72877635,Regular
SOLUSDT,2024-10-10 00:00:00.000,0.0001,139.26600000,Regular
SOLUSDT,2024-10-10 08:00:00.000,-3.657e-05,139.62000000,Regular
SOLUSDT,2024-10-10 16:00:00.000,5.098e-05,138.59900000,Regular
SOLUSDT,2024-10-11 00:00:00.000,5.45e-06,138.97948197,Regular
SOLUSDT,2024-10-11 08:00:00.000,2.89e-06,141.12136254,Regular
SOLUSDT,2024-10-11 16:00:00.001,-6.334e-05,144.33173498,Regular
SOLUSDT,2024-10-12 00:00:00.000,-3.249e-05,145.46900000,Regular
SOLUSDT,2024-10-12 08:00:00.001,6.95e-05,145.48746750,Regular
SOLUSDT,2024-10-12 16:00:00.000,-4.766e-05,146.03041963,Regular
SOLUSDT,2024-10-13 00:00:00.000,5.22e-06,146.31800000,Regular
SOLUSDT,2024-10-13 08:00:00.000,5.938e-05,146.38290563,Regular
SOLUSDT,2024-10-13 16:00:00.000,5.394e-05,145.27086988,Regular
SOLUSDT,2024-10-14 00:00:00.000,1.631e-05,147.63255737,Regular
SOLUSDT,2024-10-14 08:00:00.000,7.203e-05,152.94336157,Regular
SOLUSDT,2024-10-14 16:00:00.000,7.332e-05,156.66202954,Regular
SOLUSDT,2024-10-15 00:00:00.000,0.0001,157.53000000,Regular
SOLUSDT,2024-10-15 08:00:00.000,0.0001,155.07000000,Regular
SOLUSDT,2024-10-15 16:00:00.000,0.0001,153.23146048,Regular
SOLUSDT,2024-10-16 00:00:00.000,6.943e-05,154.69698504,Regular
SOLUSDT,2024-10-16 08:00:00.001,2.087e-05,153.58538070,Regular
SOLUSDT,2024-10-16 16:00:00.000,9.905e-05,155.64000000,Regular
SOLUSDT,2024-10-17 00:00:00.000,4.579e-05,154.19000000,Regular
SOLUSDT,2024-10-17 08:00:00.000,9.905e-05,152.53321719,Regular
SOLUSDT,2024-10-17 16:00:00.001,0.0001,152.82000000,Regular
SOLUSDT,2024-10-18 00:00:00.010,7.589e-05,150.45000000,Regular
SOLUSDT,2024-10-18 08:00:00.001,3.467e-05,153.84386774,Regular
SOLUSDT,2024-10-18 16:00:00.000,9.885e-05,154.65000000,Regular
SOLUSDT,2024-10-19 00:00:00.000,3.918e-05,154.86000000,Regular
SOLUSDT,2024-10-19 08:00:00.000,5.265e-05,154.49000000,Regular
SOLUSDT,2024-10-19 16:00:00.000,7.269e-05,156.44242324,Regular
SOLUSDT,2024-10-20 00:00:00.000,0.0001,159.70637472,Regular
SOLUSDT,2024-10-20 08:00:00.000,4.903e-05,158.71452553,Regular
SOLUSDT,2024-10-20 16:00:00.000,7.01e-05,159.94000000,Regular
SOLUSDT,2024-10-21 00:00:00.000,0.0001,167.39948646,Regular
SOLUSDT,2024-10-21 08:00:00.000,0.0001,168.69803437,Regular
SOLUSDT,2024-10-21 16:00:00.000,0.0001,165.35329266,Regular
SOLUSDT,2024-10-22 00:00:00.000,0.0001,166.17735196,Regular
SOLUSDT,2024-10-22 08:00:00.000,0.0001,167.09739629,Regular
SOLUSDT,2024-10-22 16:00:00.000,0.0001,167.76859178,Regular
SOLUSDT,2024-10-23 00:00:00.000,0.0001,167.56308353,Regular
SOLUSDT,2024-10-23 08:00:00.000,0.0001,165.69000000,Regular
SOLUSDT,2024-10-23 16:00:00.000,0.0001,168.07155630,Regular
SOLUSDT,2024-10-24 00:00:00.000,0.0001,170.81000000,Regular
SOLUSDT,2024-10-24 08:00:00.000,0.0001,173.52102122,Regular
SOLUSDT,2024-10-24 16:00:00.000,0.0001,175.36273498,Regular
SOLUSDT,2024-10-25 00:00:00.000,0.0001,177.10138160,Regular
SOLUSDT,2024-10-25 08:00:00.000,0.0001,171.86000000,Regular
SOLUSDT,2024-10-25 16:00:00.000,3.16e-05,172.37896655,Regular
SOLUSDT,2024-10-26 00:00:00.000,5.848e-05,164.88812095,Regular
SOLUSDT,2024-10-26 08:00:00.001,5.269e-05,167.25401673,Regular
SOLUSDT,2024-10-26 16:00:00.000,0.0001,168.55000000,Regular
SOLUSDT,2024-10-27 00:00:00.000,0.0001,170.82024015,Regular
SOLUSDT,2024-10-27 08:00:00.000,4.801e-05,173.17978124,Regular
SOLUSDT,2024-10-27 16:00:00.000,-1.684e-05,175.71000000,Regular
SOLUSDT,2024-10-28 00:00:00.000,8.656e-05,176.75000000,Regular
SOLUSDT,2024-10-28 08:00:00.001,0.0001,175.61316931,Regular
SOLUSDT,2024-10-28 16:00:00.000,2.332e-05,173.36135549,Regular
SOLUSDT,2024-10-29 00:00:00.000,0.0001,178.20000000,Regular
SOLUSDT,2024-10-29 08:00:00.000,0.0001,180.10329966,Regular
SOLUSDT,2024-10-29 16:00:00.004,0.0001,180.55000000,Regular
SOLUSDT,2024-10-30 00:00:00.000,0.0001,179.40000000,Regular
SOLUSDT,2024-10-30 08:00:00.000,0.0001,178.71000000,Regular
SOLUSDT,2024-10-30 16:00:00.013,0.0001,173.93066873,Regular
SOLUSDT,2024-10-31 00:00:00.000,0.0001,174.84632729,Regular
SOLUSDT,2024-10-31 08:00:00.000,0.0001,174.49000000,Regular
SOLUSDT,2024-10-31 16:00:00.000,0.0001,170.60000000,Regular
SOLUSDT,2024-11-01 00:00:00.000,0.0001,168.66045610,Regular
SOLUSDT,2024-11-01 08:00:00.000,0.0001,165.96920129,Regular
SOLUSDT,2024-11-01 16:00:00.000,0.0001,163.99000000,Regular
SOLUSDT,2024-11-02 00:00:00.000,6.813e-05,166.02000000,Regular
SOLUSDT,2024-11-02 08:00:00.000,9.387e-05,167.54000000,Regular
SOLUSDT,2024-11-02 16:00:00.000,6.9e-05,163.74894889,Regular
SOLUSDT,2024-11-03 00:00:00.000,3.98e-05,166.09000000,Regular
SOLUSDT,2024-11-03 08:00:00.000,3.241e-05,163.46000000,Regular
SOLUSDT,2024-11-03 16:00:00.000,8.014e-05,159.91719810,Regular
SOLUSDT,2024-11-04 00:00:00.000,4.818e-05,162.45165079,Regular
SOLUSDT,2024-11-04 08:00:00.000,6.725e-05,161.32612342,Regular
SOLUSDT,2024-11-04 16:00:00.000,6.216e-05,162.97000000,Regular
SOLUSDT,2024-11-05 00:00:00.000,5.868e-05,157.90182410,Regular
SOLUSDT,2024-11-05 08:00:00.003,4.51e-05,161.92000000,Regular
SOLUSDT,2024-11-05 16:00:00.001,7.17e-06,165.82000000,Regular
SOLUSDT,2024-11-06 00:00:00.000,-1.892e-05,166.54000000,Regular
SOLUSDT,2024-11-06 08:00:00.000,0.0001,183.96747234,Regular
SOLUSDT,2024-11-06 16:00:00.000,0.0001,185.56000000,Regular
SOLUSDT,2024-11-07 00:00:00.000,0.0001,186.62000000,Regular
SOLUSDT,2024-11-07 08:00:00.000,0.0001,188.08000000,Regular
SOLUSDT,2024-11-07 16:00:00.000,0.0001,192.75000000,Regular
SOLUSDT,2024-11-08 00:00:00.000,0.0001,196.42361641,Regular
SOLUSDT,2024-11-08 08:00:00.000,0.0001,200.50000000,Regular
SOLUSDT,2024-11-08 16:00:00.000,0.0001,201.03598205,Regular
SOLUSDT,2024-11-09 00:00:00.000,0.0001,199.88480296,Regular
SOLUSDT,2024-11-09 08:00:00.000,0.0001,200.30924843,Regular
SOLUSDT,2024-11-09 16:00:00.000,0.0001,198.42252055,Regular
SOLUSDT,2024-11-10 00:00:00.000,0.0001,199.93000000,Regular
SOLUSDT,2024-11-10 08:00:00.000,0.00019071,205.08000000,Regular
SOLUSDT,2024-11-10 16:00:00.000,0.00041975,212.51000000,Regular
SOLUSDT,2024-11-11 00:00:00.001,0.00034668,210.28745447,Regular
SOLUSDT,2024-11-11 08:00:00.000,0.00011081,208.08000000,Regular
SOLUSDT,2024-11-11 16:00:00.000,0.00022373,219.16558065,Regular
SOLUSDT,2024-11-12 00:00:00.002,0.00035969,222.30912641,Regular
SOLUSDT,2024-11-12 08:00:00.000,0.00043733,221.99238924,Regular
SOLUSDT,2024-11-12 16:00:00.000,0.00048819,210.57577374,Regular
SOLUSDT,2024-11-13 00:00:00.000,0.00032823,211.73919884,Regular
SOLUSDT,2024-11-13 08:00:00.010,0.00020936,205.36024726,Regular
SOLUSDT,2024-11-13 16:00:00.000,0.00022016,216.70000000,Regular
SOLUSDT,2024-11-14 00:00:00.001,0.00020764,215.28000000,Regular
SOLUSDT,2024-11-14 08:00:00.000,0.00022462,218.27711396,Regular
SOLUSDT,2024-11-14 16:00:00.000,0.0001,211.00958458,Regular
SOLUSDT,2024-11-15 00:00:00.000,0.0001,209.64995188,Regular
SOLUSDT,2024-11-15 08:00:00.000,0.0001,209.28493283,Regular
SOLUSDT,2024-11-15 16:00:00.000,0.0001,208.32000000,Regular
SOLUSDT,2024-11-16 00:00:00.001,0.0001,218.65382623,Regular
SOLUSDT,2024-11-16 08:00:00.001,0.00023693,219.08000000,Regular
SOLUSDT,2024-11-16 16:00:00.000,0.00016028,215.09633736,Regular
SOLUSDT,2024-11-17 00:00:00.000,0.0001,215.81658937,Regular
SOLUSDT,2024-11-17 08:00:00.000,0.00044518,237.49000000,Regular
SOLUSDT,2024-11-17 16:00:00.001,0.00021627,234.15000000,Regular
SOLUSDT,2024-11-18 00:00:00.000,0.00023762,237.60711286,Regular
SOLUSDT,2024-11-18 08:00:00.000,0.0001653,242.21275008,Regular
SOLUSDT,2024-11-18 16:00:00.000,0.0002213,243.51855761,Regular
SOLUSDT,2024-11-19 00:00:00.000,0.00022018,239.96000000,Regular
SOLUSDT,2024-11-19 08:00:00.000,0.00019184,243.48946031,Regular
SOLUSDT,2024-11-19 16:00:00.000,0.00012644,240.64000000,Regular
SOLUSDT,2024-11-20 00:00:00.003,0.0001,237.68000000,Regular
SOLUSDT,2024-11-20 08:00:00.000,0.0001,235.96346530,Regular
SOLUSDT,2024-11-20 16:00:00.000,0.0001,238.36798470,Regular
SOLUSDT,2024-11-21 00:00:00.001,0.0001,235.42560884,Regular
SOLUSDT,2024-11-21 08:00:00.000,0.0001,241.46122606,Regular
SOLUSDT,2024-11-21 16:00:00.001,0.0001,248.93576225,Regular
SOLUSDT,2024-11-22 00:00:00.000,0.00043945,256.67000000,Regular
SOLUSDT,2024-11-22 08:00:00.000,0.00022593,259.37145809,Regular
SOLUSDT,2024-11-22 16:00:00.001,0.0001702,256.56000000,Regular
SOLUSDT,2024-11-23 00:00:00.000,0.0001,257.03697866,Regular
SOLUSDT,2024-11-23 08:00:00.000,0.00028946,258.45000000,Regular
SOLUSDT,2024-11-23 16:00:00.000,0.00025577,259.94000000,Regular
SOLUSDT,2024-11-24 00:00:00.001,0.00018175,255.03859273,Regular
SOLUSDT,2024-11-24 08:00:00.000,0.00033189,256.84000000,Regular
SOLUSDT,2024-11-24 16:00:00.000,0.00025244,244.39219352,Regular
SOLUSDT,2024-11-25 00:00:00.000,0.00014445,252.92737130,Regular
SOLUSDT,2024-11-25 08:00:00.000,0.00019888,253.45837047,Regular
SOLUSDT,2024-11-25 16:00:00.000,0.00010485,245.07000000,Regular
SOLUSDT,2024-11-26 00:00:00.000,0.0001,234.29000000,Regular
SOLUSDT,2024-11-26 08:00:00.000,0.0001,235.82000000,Regular
SOLUSDT,2024-11-26 16:00:00.000,0.0001,227.38613496,Regular
SOLUSDT,2024-11-27 00:00:00.000,0.0001,230.71562608,Regular
SOLUSDT,2024-11-27 08:00:00.000,0.0001,234.33000000,Regular
SOLUSDT,2024-11-27 16:00:00.001,0.0001,240.57035995,Regular
SOLUSDT,2024-11-28 00:00:00.000,0.0001,242.03955937,Regular
SOLUSDT,2024-11-28 08:00:00.000,0.0001,238.01727444,Regular
SOLUSDT,2024-11-28 16:00:00.000,0.0001,233.03019139,Regular
SOLUSDT,2024-11-29 00:00:00.000,0.0001,237.60430550,Regular
SOLUSDT,2024-11-29 08:00:00.000,0.0001,237.66607857,Regular
SOLUSDT,2024-11-29 16:00:00.000,0.0001,243.57000000,Regular
SOLUSDT,2024-11-30 00:00:00.000,0.0001,243.42000000,Regular
SOLUSDT,2024-11-30 08:00:00.000,0.0001,244.35803166,Regular
SOLUSDT,2024-11-30 16:00:00.000,0.0001,240.00000000,Regular
SOLUSDT,2024-12-01 00:00:00.000,0.00011575,237.73000000,Regular
SOLUSDT,2024-12-01 08:00:00.000,0.0001,235.61560020,Regular
SOLUSDT,2024-12-01 16:00:00.000,0.00021606,238.69626260,Regular
SOLUSDT,2024-12-02 00:00:00.001,0.00037518,237.03897019,Regular
SOLUSDT,2024-12-02 08:00:00.001,0.00025587,228.79000000,Regular
SOLUSDT,2024-12-02 16:00:00.000,0.00026772,229.36000000,Regular
SOLUSDT,2024-12-03 00:00:00.000,0.00032728,225.87000000,Regular
SOLUSDT,2024-12-03 08:00:00.000,0.00031454,227.12000000,Regular
SOLUSDT,2024-12-03 16:00:00.000,0.00030312,223.39278797,Regular
SOLUSDT,2024-12-04 00:00:00.000,0.00035501,234.09000000,Regular
SOLUSDT,2024-12-04 08:00:00.000,0.00023264,236.79861245,Regular
SOLUSDT,2024-12-04 16:00:00.000,0.00036215,233.95235681,Regular
SOLUSDT,2024-12-05 00:00:00.001,0.00027166,229.36000000,Regular
SOLUSDT,2024-12-05 08:00:00.000,0.00055995,234.06583005,Regular
SOLUSDT,2024-12-05 16:00:00.000,0.0005091,239.24000000,Regular
SOLUSDT,2024-12-06 00:00:00.000,0.00032251,236.05000000,Regular
SOLUSDT,2024-12-06 08:00:00.000,0.00032302,239.47367249,Regular
SOLUSDT,2024-12-06 16:00:00.000,0.00012425,238.12641675,Regular
SOLUSDT,2024-12-07 00:00:00.000,0.00041557,237.05521923,Regular
SOLUSDT,2024-12-07 08:00:00.000,0.00034529,236.36000000,Regular
SOLUSDT,2024-12-07 16:00:00.000,0.00038467,241.01000000,Regular
SOLUSDT,2024-12-08 00:00:00.000,0.00045069,238.30000000,Regular
SOLUSDT,2024-12-08 08:00:00.000,0.00019374,237.74000000,Regular
SOLUSDT,2024-12-08 16:00:00.000,0.00013754,237.53000000,Regular
SOLUSDT,2024-12-09 00:00:00.000,0.00025945,237.23141997,Regular
SOLUSDT,2024-12-09 08:00:00.000,0.00015891,231.68000000,Regular
SOLUSDT,2024-12-09 16:00:00.001,0.00012595,224.41315135,Regular
SOLUSDT,2024-12-10 00:00:00.007,0.0001,216.77139538,Regular
SOLUSDT,2024-12-10 08:00:00.000,0.0001,217.32000000,Regular
SOLUSDT,2024-12-10 16:00:00.000,0.0001,206.48000000,Regular
SOLUSDT,2024-12-11 00:00:00.000,0.0001,213.58995756,Regular
SOLUSDT,2024-12-11 08:00:00.000,0.0001,218.40000000,Regular
SOLUSDT,2024-12-11 16:00:00.001,0.0001,228.36000000,Regular
SOLUSDT,2024-12-12 00:00:00.001,0.0001,227.28748375,Regular
SOLUSDT,2024-12-12 08:00:00.000,0.0001,229.99000000,Regular
SOLUSDT,2024-12-12 16:00:00.001,0.0001,231.20578019,Regular
SOLUSDT,2024-12-13 00:00:00.000,0.0001,226.90230934,Regular
SOLUSDT,2024-12-13 08:00:00.000,0.0001,224.71000000,Regular
SOLUSDT,2024-12-13 16:00:00.001,0.0001,221.05000000,Regular
SOLUSDT,2024-12-14 00:00:00.000,0.0001,224.72440941,Regular
SOLUSDT,2024-12-14 08:00:00.000,0.0001,225.88781879,Regular
SOLUSDT,2024-12-14 16:00:00.000,0.0001,222.49078669,Regular
SOLUSDT,2024-12-15 00:00:00.000,0.0001,219.84077673,Regular
SOLUSDT,2024-12-15 08:00:00.000,6.761e-05,217.16927059,Regular
SOLUSDT,2024-12-15 16:00:00.000,0.0001,220.82764674,Regular
SOLUSDT,2024-12-16 00:00:00.000,0.0001,224.22000000,Regular
SOLUSDT,2024-12-16 08:00:00.001,0.0001,223.08000000,Regular
SOLUSDT,2024-12-16 16:00:00.000,0.0001,216.94416601,Regular
SOLUSDT,2024-12-17 00:00:00.000,0.0001,216.09981566,Regular
SOLUSDT,2024-12-17 08:00:00.000,4.064e-05,215.49630490,Regular
SOLUSDT,2024-12-17 16:00:00.000,0.0001,220.47607511,Regular
SOLUSDT,2024-12-18 00:00:00.000,0.0001,223.12258447,Regular
SOLUSDT,2024-12-18 08:00:00.000,9.102e-05,215.81709029,Regular
SOLUSDT,2024-12-18 16:00:00.000,6.23e-06,217.64540916,Regular
SOLUSDT,2024-12-19 00:00:00.000,-3.6e-05,206.49414504,Regular
SOLUSDT,2024-12-19 08:00:00.000,-1.903e-05,211.67000000,Regular
SOLUSDT,2024-12-19 16:00:00.000,1.572e-05,205.43284338,Regular
SOLUSDT,2024-12-20 00:00:00.000,-1.795e-05,193.71171105,Regular
SOLUSDT,2024-12-20 08:00:00.001,-2.757e-05,191.23548746,Regular
SOLUSDT,2024-12-20 16:00:00.014,-6.045e-05,189.73000000,Regular
SOLUSDT,2024-12-21 00:00:00.000,-0.00018625,194.33740729,Regular
SOLUSDT,2024-12-21 08:00:00.000,-0.00013946,198.69000000,Regular
SOLUSDT,2024-12-21 16:00:00.001,-4.2e-05,186.55117686,Regular
SOLUSDT,2024-12-22 00:00:00.000,-0.00011655,181.33000000,Regular
SOLUSDT,2024-12-22 08:00:00.000,2.97e-05,184.20000000,Regular
SOLUSDT,2024-12-22 16:00:00.000,-0.00010865,181.77000000,Regular
SOLUSDT,2024-12-23 00:00:00.000,-5.764e-05,180.42000000,Regular
SOLUSDT,2024-12-23 08:00:00.000,-2.514e-05,182.15000000,Regular
SOLUSDT,2024-12-23 16:00:00.001,-1.518e-05,180.83000000,Regular
SOLUSDT,2024-12-24 00:00:00.000,4.56e-06,190.06000000,Regular
SOLUSDT,2024-12-24 08:00:00.000,-8.87e-06,191.42000000,Regular
SOLUSDT,2024-12-24 16:00:00.001,-2.528e-05,197.66045157,Regular
SOLUSDT,2024-12-25 00:00:00.001,-1.032e-05,197.04372026,Regular
SOLUSDT,2024-12-25 08:00:00.000,-2.015e-05,198.05000000,Regular
SOLUSDT,2024-12-25 16:00:00.000,3.692e-05,198.18000000,Regular
SOLUSDT,2024-12-26 00:00:00.000,2.735e-05,197.35880214,Regular
SOLUSDT,2024-12-26 08:00:00.000,0.0001,193.38000000,Regular
SOLUSDT,2024-12-26 16:00:00.000,1.522e-05,188.59783157,Regular
SOLUSDT,2024-12-27 00:00:00.000,3.726e-05,188.37454973,Regular
SOLUSDT,2024-12-27 08:00:00.000,-2.625e-05,186.57648132,Regular
SOLUSDT,2024-12-27 16:00:00.000,-8.145e-05,184.01854509,Regular
SOLUSDT,2024-12-28 00:00:00.001,9.283e-05,184.18000000,Regular
SOLUSDT,2024-12-28 08:00:00.000,1.275e-05,185.04321141,Regular
SOLUSDT,2024-12-28 16:00:00.000,-9.03e-06,190.11000000,Regular
SOLUSDT,2024-12-29 00:00:00.000,7.78e-06,195.39000000,Regular
SOLUSDT,2024-12-29 08:00:00.000,-2.727e-05,195.93322461,Regular
SOLUSDT,2024-12-29 16:00:00.000,6.14e-05,195.05629387,Regular
SOLUSDT,2024-12-30 00:00:00.000,0.0001,189.85091862,Regular
SOLUSDT,2024-12-30 08:00:00.001,4.76e-05,192.30766984,Regular
SOLUSDT,2024-12-30 16:00:00.000,5.906e-05,187.24000000,Regular
SOLUSDT,2024-12-31 00:00:00.000,8.373e-05,191.26447609,Regular
SOLUSDT,2024-12-31 08:00:00.000,2.697e-05,189.94000000,Regular
SOLUSDT,2024-12-31 16:00:00.000,6.744e-05,198.32385034,Regular
SOLUSDT,2025-01-01 00:00:00.015,-5.587e-05,189.19974226,Regular
SOLUSDT,2025-01-01 08:00:00.000,-2.663e-05,189.96000000,Regular
SOLUSDT,2025-01-01 16:00:00.001,-1.487e-05,191.81481222,Regular
SOLUSDT,2025-01-02 00:00:00.000,0.0001,194.22000000,Regular
SOLUSDT,2025-01-02 08:00:00.006,0.0001,205.83473243,Regular
SOLUSDT,2025-01-02 16:00:00.000,9.337e-05,206.68000000,Regular
SOLUSDT,2025-01-03 00:00:00.000,0.0001,208.17135122,Regular
SOLUSDT,2025-01-03 08:00:00.000,-1.47e-05,207.86000000,Regular
SOLUSDT,2025-01-03 16:00:00.000,-7.967e-05,217.27000000,Regular
SOLUSDT,2025-01-04 00:00:00.000,-7.358e-05,217.92000000,Regular
SOLUSDT,2025-01-04 08:00:00.000,4.915e-05,216.62801422,Regular
SOLUSDT,2025-01-04 16:00:00.000,5.813e-05,214.26508239,Regular
SOLUSDT,2025-01-05 00:00:00.000,9.572e-05,216.56055099,Regular
SOLUSDT,2025-01-05 08:00:00.000,-3.098e-05,216.35000000,Regular
SOLUSDT,2025-01-05 16:00:00.000,0.0001,213.47752759,Regular
SOLUSDT,2025-01-06 00:00:00.000,-1.03e-06,213.30000000,Regular
SOLUSDT,2025-01-06 08:00:00.001,-1.539e-05,215.13000000,Regular
SOLUSDT,2025-01-06 16:00:00.000,5.815e-05,221.51000000,Regular
SOLUSDT,2025-01-07 00:00:00.000,-2.492e-05,218.10381116,Regular
SOLUSDT,2025-01-07 08:00:00.000,1.88e-05,215.97000000,Regular
SOLUSDT,2025-01-07 16:00:00.008,1.765e-05,207.68687845,Regular
SOLUSDT,2025-01-08 00:00:00.001,9.47e-06,202.07573710,Regular
SOLUSDT,2025-01-08 08:00:00.000,9.384e-05,195.59194327,Regular
SOLUSDT,2025-01-08 16:00:00.000,-2.658e-05,197.69578628,Regular
SOLUSDT,2025-01-09 00:00:00.000,-4.356e-05,197.40056516,Regular
SOLUSDT,2025-01-09 08:00:00.000,0.0001,190.07000000,Regular
SOLUSDT,2025-01-09 16:00:00.000,-1.659e-05,192.08000000,Regular
SOLUSDT,2025-01-10 00:00:00.000,8.73e-06,184.89423939,Regular
SOLUSDT,2025-01-10 08:00:00.000,-7.385e-05,191.64239383,Regular
SOLUSDT,2025-01-10 16:00:00.000,3.388e-05,187.20588983,Regular
SOLUSDT,2025-01-11 00:00:00.000,9.89e-06,187.59000000,Regular
SOLUSDT,2025-01-11 08:00:00.000,-3.578e-05,186.14000000,Regular
SOLUSDT,2025-01-11 16:00:00.000,-4.343e-05,186.84000000,Regular
SOLUSDT,2025-01-12 00:00:00.000,2.102e-05,188.00000000,Regular
SOLUSDT,2025-01-12 08:00:00.000,-4.366e-05,186.47000000,Regular
SOLUSDT,2025-01-12 16:00:00.000,3.548e-05,190.38364628,Regular
SOLUSDT,2025-01-13 00:00:00.000,0.0001,188.43000000,Regular
SOLUSDT,2025-01-13 08:00:00.000,2.66e-05,182.39000000,Regular
SOLUSDT,2025-01-13 16:00:00.000,8.17e-06,178.69000000,Regular
SOLUSDT,2025-01-14 00:00:00.000,-4.601e-05,182.77000000,Regular
SOLUSDT,2025-01-14 08:00:00.000,-2.434e-05,185.52000000,Regular
SOLUSDT,2025-01-14 16:00:00.000,2.374e-05,186.75000000,Regular
SOLUSDT,2025-01-15 00:00:00.000,3.357e-05,187.46000000,Regular
SOLUSDT,2025-01-15 08:00:00.000,-5.153e-05,189.87536362,Regular
SOLUSDT,2025-01-15 16:00:00.000,-2.957e-05,196.39000000,Regular
SOLUSDT,2025-01-16 00:00:00.000,0.0001,205.76000000,Regular
SOLUSDT,2025-01-16 08:00:00.000,0.0001,203.06407101,Regular
SOLUSDT,2025-01-16 16:00:00.000,0.0001,208.99816554,Regular
SOLUSDT,2025-01-17 00:00:00.004,0.0001,210.99000000,Regular
SOLUSDT,2025-01-17 08:00:00.000,8.22e-05,213.20000000,Regular
SOLUSDT,2025-01-17 16:00:00.008,0.0001,218.53000000,Regular
SOLUSDT,2025-01-18 00:00:00.000,0.0001,219.46000000,Regular
SOLUSDT,2025-01-18 08:00:00.007,1.883e-05,232.83981406,Regular
SOLUSDT,2025-01-18 16:00:00.000,5.671e-05,257.60576295,Regular
SOLUSDT,2025-01-19 00:00:00.000,0.0001,261.92498236,Regular
SOLUSDT,2025-01-19 08:00:00.000,9.252e-05,271.39665661,Regular
SOLUSDT,2025-01-19 16:00:00.000,5.667e-05,270.47000000,Regular
SOLUSDT,2025-01-20 00:00:00.000,-0.0007115,252.51000000,Regular
SOLUSDT,2025-01-20 08:00:00.009,-7.723e-05,261.77000000,Regular
SOLUSDT,2025-01-20 16:00:00.000,8.924e-05,253.87316340,Regular
SOLUSDT,2025-01-21 00:00:00.000,-0.00027508,241.81000000,Regular
SOLUSDT,2025-01-21 08:00:00.000,9.31e-05,236.75000000,Regular
SOLUSDT,2025-01-21 16:00:00.000,-3.008e-05,240.83802505,Regular
SOLUSDT,2025-01-22 00:00:00.000,0.0001,250.26000000,Regular
SOLUSDT,2025-01-22 08:00:00.000,-2.092e-05,258.40000000,Regular
SOLUSDT,2025-01-22 16:00:00.000,8.64e-05,257.19769937,Regular
SOLUSDT,2025-01-23 00:00:00.001,0.0001,257.33678347,Regular
SOLUSDT,2025-01-23 08:00:00.000,8.081e-05,249.41000000,Regular
SOLUSDT,2025-01-23 16:00:00.000,-7.98e-05,249.15000000,Regular
SOLUSDT,2025-01-24 00:00:00.000,6.903e-05,253.01000000,Regular
SOLUSDT,2025-01-24 08:00:00.000,9.064e-05,259.60266158,Regular
SOLUSDT,2025-01-24 16:00:00.000,0.0001,262.14642847,Regular
SOLUSDT,2025-01-25 00:00:00.000,-1.473e-05,253.22104393,Regular
SOLUSDT,2025-01-25 08:00:00.000,-4.82e-06,247.15000000,Regular
SOLUSDT,2025-01-25 16:00:00.001,-0.00012014,253.48644101,Regular
SOLUSDT,2025-01-26 00:00:00.000,0.0001,256.36000000,Regular
SOLUSDT,2025-01-26 08:00:00.000,8.407e-05,258.85000000,Regular
SOLUSDT,2025-01-26 16:00:00.000,2.626e-05,254.45000000,Regular
SOLUSDT,2025-01-27 00:00:00.000,-3.653e-05,240.41000000,Regular
SOLUSDT,2025-01-27 08:00:00.000,5.173e-05,227.39000000,Regular
SOLUSDT,2025-01-27 16:00:00.000,-0.00018696,233.46154361,Regular
SOLUSDT,2025-01-28 00:00:00.000,7.942e-05,234.77176852,Regular
SOLUSDT,2025-01-28 08:00:00.000,-4.139e-05,238.78919205,Regular
SOLUSDT,2025-01-28 16:00:00.000,3.672e-05,237.36062279,Regular
SOLUSDT,2025-01-29 00:00:00.000,8.718e-05,226.92156675,Regular
SOLUSDT,2025-01-29 08:00:00.000,5.356e-05,234.32000000,Regular
SOLUSDT,2025-01-29 16:00:00.000,-1.196e-05,228.30000000,Regular
SOLUSDT,2025-01-30 00:00:00.000,1.678e-05,228.04000000,Regular
SOLUSDT,2025-01-30 08:00:00.000,0.0001,238.81000000,Regular
SOLUSDT,2025-01-30 16:00:00.000,2.727e-05,240.98000000,Regular
SOLUSDT,2025-01-31 00:00:00.000,-7.61e-06,238.17127422,Regular
SOLUSDT,2025-01-31 08:00:00.000,-4.97e-05,235.58000000,Regular
SOLUSDT,2025-01-31 16:00:00.000,5.524e-05,240.05162558,Regular
SOLUSDT,2025-02-01 00:00:00.000,-6.866e-05,231.61106120,Regular
SOLUSDT,2025-02-01 08:00:00.000,3.033e-05,230.55402407,Regular
SOLUSDT,2025-02-01 16:00:00.000,-5.063e-05,226.24816815,Regular
SOLUSDT,2025-02-02 00:00:00.001,-5.306e-05,212.89000000,Regular
SOLUSDT,2025-02-02 08:00:00.000,7.21e-06,211.69038145,Regular
SOLUSDT,2025-02-02 16:00:00.000,2.68e-06,211.91000000,Regular
SOLUSDT,2025-02-03 00:00:00.000,7.72e-06,203.36764822,Regular
SOLUSDT,2025-02-03 08:00:00.000,-0.00012368,198.95000000,Regular
SOLUSDT,2025-02-03 16:00:00.000,-8.808e-05,206.92357253,Regular
SOLUSDT,2025-02-04 00:00:00.000,-0.00055791,216.21112041,Regular
SOLUSDT,2025-02-04 08:00:00.001,-4.35e-05,204.15798539,Regular
SOLUSDT,2025-02-04 16:00:00.000,5.7e-05,215.58000000,Regular
SOLUSDT,2025-02-05 00:00:00.001,-3.571e-05,206.48000000,Regular
SOLUSDT,2025-02-05 08:00:00.001,-4.834e-05,204.98205670,Regular
SOLUSDT,2025-02-05 16:00:00.000,-0.0001085,201.73000000,Regular
SOLUSDT,2025-02-06 00:00:00.001,-4.538e-05,196.03000000,Regular
SOLUSDT,2025-02-06 08:00:00.001,-1.671e-05,201.92000000,Regular
SOLUSDT,2025-02-06 16:00:00.000,6.857e-05,191.15523484,Regular
SOLUSDT,2025-02-07 00:00:00.000,2.703e-05,189.46996868,Regular
SOLUSDT,2025-02-07 08:00:00.000,6.95e-06,192.42000000,Regular
SOLUSDT,2025-02-07 16:00:00.000,7.27e-06,197.96000000,Regular
SOLUSDT,2025-02-08 00:00:00.000,-2.483e-05,191.90918108,Regular
SOLUSDT,2025-02-08 08:00:00.000,2.105e-05,192.68000000,Regular
SOLUSDT,2025-02-08 16:00:00.000,5.719e-05,193.32677547,Regular
SOLUSDT,2025-02-09 00:00:00.000,-0.00011027,199.20000000,Regular
SOLUSDT,2025-02-09 08:00:00.000,-4.053e-05,203.87000000,Regular
SOLUSDT,2025-02-09 16:00:00.000,-0.00021227,200.51578273,Regular
SOLUSDT,2025-02-10 00:00:00.000,-0.00016119,200.32935261,Regular
SOLUSDT,2025-02-10 08:00:00.000,-2.743e-05,202.72000000,Regular
SOLUSDT,2025-02-10 16:00:00.000,-4.863e-05,202.96000000,Regular
SOLUSDT,2025-02-11 00:00:00.000,-0.00018095,200.34133623,Regular
SOLUSDT,2025-02-11 08:00:00.000,-0.00011994,204.31214257,Regular
SOLUSDT,2025-02-11 16:00:00.000,-0.00027714,199.31271069,Regular
SOLUSDT,2025-02-12 00:00:00.000,-0.00022332,197.88156182,Regular
SOLUSDT,2025-02-12 08:00:00.000,1.847e-05,195.16918800,Regular
SOLUSDT,2025-02-12 16:00:00.001,7.002e-05,191.90963629,Regular
SOLUSDT,2025-02-13 00:00:00.001,3.627e-05,196.71000000,Regular
SOLUSDT,2025-02-13 08:00:00.000,-3.212e-05,192.98000000,Regular
SOLUSDT,2025-02-13 16:00:00.001,-0.00012867,191.85380679,Regular
SOLUSDT,2025-02-14 00:00:00.000,-1.559e-05,194.14399628,Regular
SOLUSDT,2025-02-14 08:00:00.001,8.32e-05,196.50000000,Regular
SOLUSDT,2025-02-14 16:00:00.000,8.466e-05,200.77000000,Regular
SOLUSDT,2025-02-15 00:00:00.000,8.582e-05,199.36178104,Regular
SOLUSDT,2025-02-15 08:00:00.000,3.121e-05,195.79615983,Regular
SOLUSDT,2025-02-15 16:00:00.000,-5.05e-05,194.53161831,Regular
SOLUSDT,2025-02-16 00:00:00.000,-5.811e-05,194.36630934,Regular
SOLUSDT,2025-02-16 08:00:00.000,-2.569e-05,192.79000000,Regular
SOLUSDT,2025-02-16 16:00:00.000,-0.00016876,190.20000000,Regular
SOLUSDT,2025-02-17 00:00:00.000,-0.00015544,188.14220351,Regular
SOLUSDT,2025-02-17 08:00:00.000,-0.00016029,181.26216702,Regular
SOLUSDT,2025-02-17 16:00:00.000,2.136e-05,180.26427814,Regular
SOLUSDT,2025-02-18 00:00:00.000,3.5e-05,177.47000000,Regular
SOLUSDT,2025-02-18 08:00:00.000,3.939e-05,165.58000000,Regular
SOLUSDT,2025-02-18 16:00:00.000,7.053e-05,165.87640835,Regular
SOLUSDT,2025-02-19 00:00:00.000,-1.072e-05,169.21263823,Regular
SOLUSDT,2025-02-19 08:00:00.000,3.53e-06,168.86937447,Regular
SOLUSDT,2025-02-19 16:00:00.000,-3.859e-05,169.66528311,Regular
SOLUSDT,2025-02-20 00:00:00.000,-6.024e-05,168.85000000,Regular
SOLUSDT,2025-02-20 08:00:00.000,1.172e-05,171.65788861,Regular
SOLUSDT,2025-02-20 16:00:00.000,-2.991e-05,171.50000000,Regular
SOLUSDT,2025-02-21 00:00:00.001,7.497e-05,175.97000000,Regular
SOLUSDT,2025-02-21 08:00:00.000,1.692e-05,175.75027027,Regular
SOLUSDT,2025-02-21 16:00:00.000,-4.765e-05,173.08000000,Regular
SOLUSDT,2025-02-22 00:00:00.000,-0.00011947,168.84000000,Regular
SOLUSDT,2025-02-22 08:00:00.000,-6.714e-05,171.65000000,Regular
SOLUSDT,2025-02-22 16:00:00.000,-6.107e-05,174.12119354,Regular
SOLUSDT,2025-02-23 00:00:00.000,9.111e-05,171.99000000,Regular
SOLUSDT,2025-02-23 08:00:00.000,7.31e-05,172.80308956,Regular
SOLUSDT,2025-02-23 16:00:00.000,-5.162e-05,166.68701706,Regular
SOLUSDT,2025-02-24 00:00:00.000,-6.07e-05,167.84000000,Regular
SOLUSDT,2025-02-24 08:00:00.000,-6.256e-05,160.90150419,Regular
SOLUSDT,2025-02-24 16:00:00.000,6.005e-05,152.61000000,Regular
SOLUSDT,2025-02-25 00:00:00.000,2.735e-05,141.75021548,Regular
SOLUSDT,2025-02-25 08:00:00.000,3.295e-05,136.27353948,Regular
SOLUSDT,2025-02-25 16:00:00.000,-5.354e-05,138.79367504,Regular
SOLUSDT,2025-02-26 00:00:00.000,-0.00010562,144.25000000,Regular
SOLUSDT,2025-02-26 08:00:00.000,2.46e-05,140.12000000,Regular
SOLUSDT,2025-02-26 16:00:00.000,3.131e-05,139.21000000,Regular
SOLUSDT,2025-02-27 00:00:00.001,7.728e-05,135.27000000,Regular
SOLUSDT,2025-02-27 08:00:00.000,2.605e-05,140.93000000,Regular
SOLUSDT,2025-02-27 16:00:00.000,0.0001,139.60000000,Regular
SOLUSDT,2025-02-28 00:00:00.001,0.0001,137.60169084,Regular
SOLUSDT,2025-02-28 08:00:00.000,0.0001,128.47944622,Regular
SOLUSDT,2025-02-28 16:00:00.000,0.0001,145.63000000,Regular
SOLUSDT,2025-03-01 00:00:00.000,0.0001,148.06548702,Regular
SOLUSDT,2025-03-01 08:00:00.000,8.741e-05,142.46000000,Regular
SOLUSDT,2025-03-01 16:00:00.001,7.852e-05,140.31787626,Regular
SOLUSDT,2025-03-02 00:00:00.000,-8.161e-05,143.56000000,Regular
SOLUSDT,2025-03-02 08:00:00.000,9.93e-05,143.72044887,Regular
SOLUSDT,2025-03-02 16:00:00.000,7.81e-05,157.29000000,Regular
SOLUSDT,2025-03-03 00:00:00.001,-3.892e-05,178.63590092,Regular
SOLUSDT,2025-03-03 08:00:00.000,6.535e-05,162.18000000,Regular
SOLUSDT,2025-03-03 16:00:00.000,-8.506e-05,157.70000000,Regular
SOLUSDT,2025-03-04 00:00:00.001,-7.114e-05,142.05000000,Regular
SOLUSDT,2025-03-04 08:00:00.005,-8.372e-05,135.98000000,Regular
SOLUSDT,2025-03-04 16:00:00.000,3.869e-05,138.51478272,Regular
SOLUSDT,2025-03-05 00:00:00.000,-0.00014911,144.70718577,Regular
SOLUSDT,2025-03-05 08:00:00.000,2.866e-05,142.80000000,Regular
SOLUSDT,2025-03-05 16:00:00.000,-6.413e-05,141.56049877,Regular
SOLUSDT,2025-03-06 00:00:00.000,-0.00011916,146.15682397,Regular
SOLUSDT,2025-03-06 08:00:00.001,-1.489e-05,148.57000000,Regular
SOLUSDT,2025-03-06 16:00:00.000,-3.599e-05,148.96000000,Regular
SOLUSDT,2025-03-07 00:00:00.000,-0.00011194,143.22000000,Regular
SOLUSDT,2025-03-07 08:00:00.001,-8.351e-05,144.23000000,Regular
SOLUSDT,2025-03-07 16:00:00.000,4.709e-05,144.80428919,Regular
SOLUSDT,2025-03-08 00:00:00.000,6.15e-05,139.30000000,Regular
SOLUSDT,2025-03-08 08:00:00.001,-3.422e-05,138.71541976,Regular
SOLUSDT,2025-03-08 16:00:00.001,-6.242e-05,137.11000000,Regular
SOLUSDT,2025-03-09 00:00:00.001,-0.00010535,136.93000000,Regular
SOLUSDT,2025-03-09 08:00:00.000,5.62e-06,139.55508954,Regular
SOLUSDT,2025-03-09 16:00:00.000,6.936e-05,130.13000000,Regular
SOLUSDT,2025-03-10 00:00:00.000,-5.692e-05,126.42511195,Regular
SOLUSDT,2025-03-10 08:00:00.000,-0.00010237,128.02045464,Regular
SOLUSDT,2025-03-10 16:00:00.000,-9.844e-05,121.88000000,Regular
SOLUSDT,2025-03-11 00:00:00.000,-0.00011653,118.26000000,Regular
SOLUSDT,2025-03-11 08:00:00.000,9.198e-05,123.05000000,Regular
SOLUSDT,2025-03-11 16:00:00.001,8.681e-05,124.94000000,Regular
SOLUSDT,2025-03-12 00:00:00.000,-7.98e-06,125.29000000,Regular
SOLUSDT,2025-03-12 08:00:00.000,3.25e-06,123.12761296,Regular
SOLUSDT,2025-03-12 16:00:00.001,-3.859e-05,124.46863670,Regular
SOLUSDT,2025-03-13 00:00:00.000,1.189e-05,126.55655286,Regular
SOLUSDT,2025-03-13 08:00:00.000,-7.287e-05,124.18000000,Regular
SOLUSDT,2025-03-13 16:00:00.000,7.399e-05,124.27303681,Regular
SOLUSDT,2025-03-14 00:00:00.000,3.347e-05,123.32000000,Regular
SOLUSDT,2025-03-14 08:00:00.000,0.0001,124.61000000,Regular
SOLUSDT,2025-03-14 16:00:00.000,9.595e-05,132.08594090,Regular
SOLUSDT,2025-03-15 00:00:00.000,0.0001,133.50023954,Regular
SOLUSDT,2025-03-15 08:00:00.000,7.299e-05,132.85890609,Regular
SOLUSDT,2025-03-15 16:00:00.000,-2.397e-05,135.04000000,Regular
SOLUSDT,2025-03-16 00:00:00.000,3.93e-06,135.79004921,Regular
SOLUSDT,2025-03-16 08:00:00.000,5.58e-05,134.58000000,Regular
SOLUSDT,2025-03-16 16:00:00.000,-3.228e-05,128.69635225,Regular
SOLUSDT,2025-03-17 00:00:00.000,-8.027e-05,126.05000000,Regular
SOLUSDT,2025-03-17 08:00:00.000,-5.403e-05,129.19000000,Regular
SOLUSDT,2025-03-17 16:00:00.000,-3.998e-05,127.47000000,Regular
SOLUSDT,2025-03-18 00:00:00.000,-6.365e-05,127.93387199,Regular
SOLUSDT,2025-03-18 08:00:00.000,-8.081e-05,125.10114641,Regular
SOLUSDT,2025-03-18 16:00:00.000,-2.71e-05,122.49298813,Regular
SOLUSDT,2025-03-19 00:00:00.000,-6.788e-05,125.26230239,Regular
SOLUSDT,2025-03-19 08:00:00.000,7.274e-05,125.63000000,Regular
SOLUSDT,2025-03-19 16:00:00.000,0.0001,132.26495301,Regular
SOLUSDT,2025-03-20 00:00:00.000,0.0001,135.30000000,Regular
SOLUSDT,2025-03-20 08:00:00.000,0.0001,133.95965670,Regular
SOLUSDT,2025-03-20 16:00:00.000,-1.871e-05,128.89721665,Regular
SOLUSDT,2025-03-21 00:00:00.000,-3.932e-05,127.53000000,Regular
SOLUSDT,2025-03-21 08:00:00.000,-1.407e-05,128.00000000,Regular
SOLUSDT,2025-03-21 16:00:00.000,-3.604e-05,125.92000000,Regular
SOLUSDT,2025-03-22 00:00:00.000,-3.723e-05,128.40449159,Regular
SOLUSDT,2025-03-22 08:00:00.004,-2.882e-05,128.74000000,Regular
SOLUSDT,2025-03-22 16:00:00.000,-8.49e-06,129.15415255,Regular
SOLUSDT,2025-03-23 00:00:00.000,-6.482e-05,128.44000000,Regular
SOLUSDT,2025-03-23 08:00:00.000,2.642e-05,131.08000000,Regular
SOLUSDT,2025-03-23 16:00:00.000,5.551e-05,132.44550601,Regular
SOLUSDT,2025-03-24 00:00:00.000,-2.538e-05,132.77034094,Regular
SOLUSDT,2025-03-24 08:00:00.000,0.0001,138.83000000,Regular
SOLUSDT,2025-03-24 16:00:00.000,5.301e-05,143.19202196,Regular
SOLUSDT,2025-03-25 00:00:00.001,0.0001,140.95000000,Regular
SOLUSDT,2025-03-25 08:00:00.000,1.127e-05,139.39331957,Regular
SOLUSDT,2025-03-25 16:00:00.000,1.713e-05,145.22097202,Regular
SOLUSDT,2025-03-26 00:00:00.000,6.16e-06,143.60000000,Regular
SOLUSDT,2025-03-26 08:00:00.000,-4.441e-05,144.44000000,Regular
SOLUSDT,2025-03-26 16:00:00.001,-0.00012817,139.25602689,Regular
SOLUSDT,2025-03-27 00:00:00.001,-0.00013711,137.26000000,Regular
SOLUSDT,2025-03-27 08:00:00.001,-5.633e-05,138.80967611,Regular
SOLUSDT,2025-03-27 16:00:00.002,-2.555e-05,137.70812692,Regular
SOLUSDT,2025-03-28 00:00:00.001,-3.227e-05,138.37000000,Regular
SOLUSDT,2025-03-28 08:00:00.001,-0.00010137,131.54072372,Regular
SOLUSDT,2025-03-28 16:00:00.000,-9.351e-05,129.85266281,Regular
SOLUSDT,2025-03-29 00:00:00.000,-4.899e-05,129.40185333,Regular
SOLUSDT,2025-03-29 08:00:00.000,2.251e-05,126.33000000,Regular
SOLUSDT,2025-03-29 16:00:00.000,-8.909e-05,126.23000000,Regular
SOLUSDT,2025-03-30 00:00:00.000,-0.00025778,124.50000000,Regular
SOLUSDT,2025-03-30 08:00:00.000,-0.00040116,125.38000000,Regular
SOLUSDT,2025-03-30 16:00:00.000,-0.00018023,124.85000000,Regular
SOLUSDT,2025-03-31 00:00:00.000,-0.0002337,124.74000000,Regular
SOLUSDT,2025-03-31 08:00:00.000,-7.84e-06,125.83000000,Regular
SOLUSDT,2025-03-31 16:00:00.000,-4.24e-06,126.71000000,Regular
SOLUSDT,2025-04-01 00:00:00.000,-9.179e-05,124.49277192,Regular
SOLUSDT,2025-04-01 08:00:00.001,-5.66e-06,126.62529522,Regular
SOLUSDT,2025-04-01 16:00:00.000,-5.281e-05,129.21000000,Regular
SOLUSDT,2025-04-02 00:00:00.001,-6.427e-05,126.61000000,Regular
SOLUSDT,2025-04-02 08:00:00.000,-0.00013428,124.46488475,Regular
SOLUSDT,2025-04-02 16:00:00.000,4.319e-05,130.36914386,Regular
SOLUSDT,2025-04-03 00:00:00.000,-7.645e-05,117.33000000,Regular
SOLUSDT,2025-04-03 08:00:00.000,-7.305e-05,118.58233938,Regular
SOLUSDT,2025-04-03 16:00:00.000,-0.00011099,114.08299728,Regular
SOLUSDT,2025-04-04 00:00:00.000,-0.00033632,117.05000000,Regular
SOLUSDT,2025-04-04 08:00:00.000,-1.52e-06,118.12000000,Regular
SOLUSDT,2025-04-04 16:00:00.000,5.6e-06,118.54000000,Regular
SOLUSDT,2025-04-05 00:00:00.000,4.038e-05,122.73914211,Regular
SOLUSDT,2025-04-05 08:00:00.000,9.687e-05,121.02000000,Regular
SOLUSDT,2025-04-05 16:00:00.000,2.06e-05,117.49301842,Regular
SOLUSDT,2025-04-06 00:00:00.000,-5.619e-05,120.24932368,Regular
SOLUSDT,2025-04-06 08:00:00.000,0.0001,119.14000000,Regular
SOLUSDT,2025-04-06 16:00:00.002,-5.463e-05,114.91000000,Regular
SOLUSDT,2025-04-07 00:00:00.000,-5.72e-06,105.85953176,Regular
SOLUSDT,2025-04-07 08:00:00.000,3.966e-05,97.09000000,Regular
SOLUSDT,2025-04-07 16:00:00.000,-5.584e-05,106.62697982,Regular
SOLUSDT,2025-04-08 00:00:00.000,-0.00011753,106.91278070,Regular
SOLUSDT,2025-04-08 08:00:00.000,-4.472e-05,108.63448772,Regular
SOLUSDT,2025-04-08 16:00:00.000,-0.00023327,107.15000000,Regular
SOLUSDT,2025-04-09 00:00:00.000,-8.09e-05,105.32000000,Regular
SOLUSDT,2025-04-09 08:00:00.001,-7.831e-05,107.32000000,Regular
SOLUSDT,2025-04-09 16:00:00.000,7.621e-05,106.49000000,Regular
SOLUSDT,2025-04-10 00:00:00.000,0.0001,119.01393158,Regular
SOLUSDT,2025-04-10 08:00:00.000,0.0001,114.75000000,Regular
SOLUSDT,2025-04-10 16:00:00.000,3.456e-05,109.53000000,Regular
SOLUSDT,2025-04-11 00:00:00.001,-6.109e-05,112.75960702,Regular
SOLUSDT,2025-04-11 08:00:00.000,4.298e-05,116.53000000,Regular
SOLUSDT,2025-04-11 16:00:00.000,0.0001,119.88132456,Regular
SOLUSDT,2025-04-12 00:00:00.000,5.911e-05,121.33030702,Regular
SOLUSDT,2025-04-12 08:00:00.001,-1.714e-05,124.18000000,Regular
SOLUSDT,2025-04-12 16:00:00.000,2.768e-05,130.43000000,Regular
SOLUSDT,2025-04-13 00:00:00.000,-3.35e-06,132.17447018,Regular
SOLUSDT,2025-04-13 08:00:00.000,0.0001,128.50478596,Regular
SOLUSDT,2025-04-13 16:00:00.000,8.174e-05,128.66694123,Regular
SOLUSDT,2025-04-14 00:00:00.000,9.053e-05,128.30000000,Regular
SOLUSDT,2025-04-14 08:00:00.000,-3.957e-05,132.23249825,Regular
SOLUSDT,2025-04-14 16:00:00.000,-9.45e-05,128.70917423,Regular
SOLUSDT,2025-04-15 00:00:00.000,-5.912e-05,129.34000000,Regular
SOLUSDT,2025-04-15 08:00:00.000,-0.00013087,131.48000000,Regular
SOLUSDT,2025-04-15 16:00:00.001,1.824e-05,129.54000000,Regular
SOLUSDT,2025-04-16 00:00:00.000,-9.158e-05,126.06000000,Regular
SOLUSDT,2025-04-16 08:00:00.000,-3.187e-05,124.73429038,Regular
SOLUSDT,2025-04-16 16:00:00.000,-2.327e-05,128.32305439,Regular
SOLUSDT,2025-04-17 00:00:00.001,0.0001,131.29000000,Regular
SOLUSDT,2025-04-17 08:00:00.000,0.0001,134.22000000,Regular
SOLUSDT,2025-04-17 16:00:00.001,1.614e-05,133.39000000,Regular
SOLUSDT,2025-04-18 00:00:00.000,1.84e-06,134.76002105,Regular
SOLUSDT,2025-04-18 08:00:00.000,-1.498e-05,134.86000000,Regular
SOLUSDT,2025-04-18 16:00:00.000,-3.334e-05,132.81932895,Regular
SOLUSDT,2025-04-19 00:00:00.000,-5.659e-05,133.97070145,Regular
SOLUSDT,2025-04-19 08:00:00.000,-5.634e-05,138.67000000,Regular
SOLUSDT,2025-04-19 16:00:00.000,-0.00013071,138.87000000,Regular
SOLUSDT,2025-04-20 00:00:00.000,-7.971e-05,139.77000000,Regular
SOLUSDT,2025-04-20 08:00:00.000,-0.00016975,139.52275877,Regular
SOLUSDT,2025-04-20 16:00:00.000,-0.00013544,135.88000000,Regular
SOLUSDT,2025-04-21 00:00:00.000,-0.00019655,137.77072105,Regular
SOLUSDT,2025-04-21 08:00:00.005,-0.0001549,140.08000000,Regular
SOLUSDT,2025-04-21 16:00:00.003,-0.00010934,138.26000000,Regular
SOLUSDT,2025-04-22 00:00:00.008,-0.00025936,136.44000000,Regular
SOLUSDT,2025-04-22 08:00:00.000,3.362e-05,140.12000000,Regular
SOLUSDT,2025-04-22 16:00:00.000,4.549e-05,145.25889649,Regular
SOLUSDT,2025-04-23 00:00:00.000,0.0001,148.70000000,Regular
SOLUSDT,2025-04-23 08:00:00.002,-3.559e-05,151.52380762,Regular
SOLUSDT,2025-04-23 16:00:00.000,6.137e-05,151.35349792,Regular
SOLUSDT,2025-04-24 00:00:00.000,0.0001,151.09161875,Regular
SOLUSDT,2025-04-24 08:00:00.001,0.0001,147.12696458,Regular
SOLUSDT,2025-04-24 16:00:00.001,5.163e-05,149.25000000,Regular
SOLUSDT,2025-04-25 00:00:00.007,0.0001,152.50556771,Regular
SOLUSDT,2025-04-25 08:00:00.002,0.0001,154.82059688,Regular
SOLUSDT,2025-04-25 16:00:00.003,1.235e-05,152.83526250,Regular
SOLUSDT,2025-04-26 00:00:00.002,1.05e-05,150.76000000,Regular
SOLUSDT,2025-04-26 08:00:00.000,-4.023e-05,151.28000000,Regular
SOLUSDT,2025-04-26 16:00:00.002,-7.805e-05,149.21485312,Regular
SOLUSDT,2025-04-27 00:00:00.001,1.325e-05,149.14000000,Regular
SOLUSDT,2025-04-27 08:00:00.000,-7.219e-05,147.35000000,Regular
SOLUSDT,2025-04-27 16:00:00.000,5.977e-05,148.94000000,Regular
SOLUSDT,2025-04-28 00:00:00.001,-2.3e-05,147.90228125,Regular
SOLUSDT,2025-04-28 08:00:00.003,5.514e-05,151.04000000,Regular
SOLUSDT,2025-04-28 16:00:00.005,-0.00010338,146.23000000,Regular
SOLUSDT,2025-04-29 00:00:00.000,-0.00016044,147.76000000,Regular
SOLUSDT,2025-04-29 08:00:00.000,-4.373e-05,148.82000000,Regular
SOLUSDT,2025-04-29 16:00:00.010,2.238e-05,147.92000000,Regular
SOLUSDT,2025-04-30 00:00:00.001,-6.214e-05,146.20970877,Regular
SOLUSDT,2025-04-30 08:00:00.000,-5.841e-05,146.33000000,Regular
SOLUSDT,2025-04-30 16:00:00.003,-0.0001511,142.16146140,Regular
SOLUSDT,2025-05-01 00:00:00.000,4.946e-05,147.47723860,Regular
SOLUSDT,2025-05-01 08:00:00.000,8.433e-05,149.72746667,Regular
SOLUSDT,2025-05-01 16:00:00.001,5.6e-06,151.77000000,Regular
SOLUSDT,2025-05-02 00:00:00.000,2.49e-05,150.76346579,Regular
SOLUSDT,2025-05-02 08:00:00.000,-5.683e-05,148.43000000,Regular
SOLUSDT,2025-05-02 16:00:00.003,-5.442e-05,149.82000000,Regular
SOLUSDT,2025-05-03 00:00:00.000,-0.00012523,147.94767604,Regular
SOLUSDT,2025-05-03 08:00:00.000,-3.821e-05,148.02040877,Regular
SOLUSDT,2025-05-03 16:00:00.000,-9.958e-05,148.38497544,Regular
SOLUSDT,2025-05-04 00:00:00.001,-4.04e-06,146.63567544,Regular
SOLUSDT,2025-05-04 08:00:00.001,-4.138e-05,145.57000000,Regular
SOLUSDT,2025-05-04 16:00:00.002,-0.00012151,146.72538246,Regular
SOLUSDT,2025-05-05 00:00:00.000,-6.756e-05,143.87029825,Regular
SOLUSDT,2025-05-05 08:00:00.000,1.617e-05,146.80000000,Regular
SOLUSDT,2025-05-05 16:00:00.006,-9.298e-05,143.66304649,Regular
SOLUSDT,2025-05-06 00:00:00.002,6.405e-05,146.65000000,Regular
SOLUSDT,2025-05-06 08:00:00.005,-4.546e-05,145.19346053,Regular
SOLUSDT,2025-05-06 16:00:00.000,-2.434e-05,143.11000000,Regular
SOLUSDT,2025-05-07 00:00:00.002,8.971e-05,146.83000000,Regular
SOLUSDT,2025-05-07 08:00:00.000,3.313e-05,147.19097544,Regular
SOLUSDT,2025-05-07 16:00:00.006,6.688e-05,145.67760000,Regular
SOLUSDT,2025-05-08 00:00:00.000,2.457e-05,147.27000000,Regular
SOLUSDT,2025-05-08 08:00:00.001,5.832e-05,151.51000000,Regular
SOLUSDT,2025-05-08 16:00:00.002,9.64e-05,160.16273684,Regular
SOLUSDT,2025-05-09 00:00:00.001,0.0001,164.44475439,Regular
SOLUSDT,2025-05-09 08:00:00.006,0.0001,165.06110614,Regular
SOLUSDT,2025-05-09 16:00:00.000,0.0001,170.73000000,Regular
SOLUSDT,2025-05-10 00:00:00.001,0.0001,172.74000000,Regular
SOLUSDT,2025-05-10 08:00:00.000,0.0001,172.29862412,Regular
SOLUSDT,2025-05-10 16:00:00.001,0.0001,171.02073684,Regular
SOLUSDT,2025-05-11 00:00:00.000,0.0001,177.87069825,Regular
SOLUSDT,2025-05-11 08:00:00.001,0.0001,172.59454912,Regular
SOLUSDT,2025-05-11 16:00:00.001,5.117e-05,170.41000000,Regular
SOLUSDT,2025-05-12 00:00:00.004,3.571e-05,173.09405000,Regular
SOLUSDT,2025-05-12 08:00:00.000,6.886e-05,176.03000000,Regular
SOLUSDT,2025-05-12 16:00:00.000,0.0001,174.40000000,Regular
SOLUSDT,2025-05-13 00:00:00.000,8.216e-05,174.14000000,Regular
SOLUSDT,2025-05-13 08:00:00.008,0.0001,171.42000000,Regular
SOLUSDT,2025-05-13 16:00:00.001,4.667e-05,176.00333860,Regular
SOLUSDT,2025-05-14 00:00:00.007,0.0001,183.72067456,Regular
SOLUSDT,2025-05-14 08:00:00.000,0.0001,181.68896579,Regular
SOLUSDT,2025-05-14 16:00:00.002,2.295e-05,177.26000000,Regular
SOLUSDT,2025-05-15 00:00:00.000,-2.267e-05,176.52094781,Regular
SOLUSDT,2025-05-15 08:00:00.003,9.24e-06,170.34000000,Regular
SOLUSDT,2025-05-15 16:00:00.000,3.324e-05,172.14809737,Regular
SOLUSDT,2025-05-16 00:00:00.001,-1.229e-05,169.06000000,Regular
SOLUSDT,2025-05-16 08:00:00.000,8.483e-05,172.07000000,Regular
SOLUSDT,2025-05-16 16:00:00.000,-1.038e-05,172.01804474,Regular
SOLUSDT,2025-05-17 00:00:00.000,-4.807e-05,167.36287412,Regular
SOLUSDT,2025-05-17 08:00:00.001,3.475e-05,168.49000000,Regular
SOLUSDT,2025-05-17 16:00:00.004,1.111e-05,167.21177807,Regular
SOLUSDT,2025-05-18 00:00:00.000,2.02e-05,165.88000000,Regular
SOLUSDT,2025-05-18 08:00:00.000,7.853e-05,170.59000000,Regular
SOLUSDT,2025-05-18 16:00:00.000,5.057e-05,176.20000000,Regular
SOLUSDT,2025-05-19 00:00:00.000,-1.197e-05,173.24000000,Regular
SOLUSDT,2025-05-19 08:00:00.006,-0.00013744,161.79328070,Regular
SOLUSDT,2025-05-19 16:00:00.010,-0.00010509,164.09827851,Regular
SOLUSDT,2025-05-20 00:00:00.000,7.217e-05,166.71779649,Regular
SOLUSDT,2025-05-20 08:00:00.002,0.0001,167.30000000,Regular
SOLUSDT,2025-05-20 16:00:00.000,-2.235e-05,166.54000000,Regular
SOLUSDT,2025-05-21 00:00:00.000,6.901e-05,168.51000000,Regular
SOLUSDT,2025-05-21 08:00:00.001,9.58e-05,168.76000000,Regular
SOLUSDT,2025-05-21 16:00:00.004,9.897e-05,172.12000000,Regular
SOLUSDT,2025-05-22 00:00:00.001,7.607e-05,173.49895439,Regular
SOLUSDT,2025-05-22 08:00:00.000,0.0001,178.45000000,Regular
SOLUSDT,2025-05-22 16:00:00.002,0.0001,178.90873860,Regular
SOLUSDT,2025-05-23 00:00:00.006,0.0001,179.60000000,Regular
SOLUSDT,2025-05-23 08:00:00.000,0.0001,182.49000000,Regular
SOLUSDT,2025-05-23 16:00:00.007,0.0001,180.61000000,Regular
SOLUSDT,2025-05-24 00:00:00.010,0.0001,173.92919035,Regular
SOLUSDT,2025-05-24 08:00:00.000,-2.064e-05,173.84143860,Regular
SOLUSDT,2025-05-24 16:00:00.003,1.263e-05,176.23556053,Regular
SOLUSDT,2025-05-25 00:00:00.004,6.352e-05,175.81000000,Regular
SOLUSDT,2025-05-25 08:00:00.000,-3.821e-05,172.27191272,Regular
SOLUSDT,2025-05-25 16:00:00.000,-3.651e-05,170.21376447,Regular
SOLUSDT,2025-05-26 00:00:00.000,-9.9e-06,175.65000000,Regular
SOLUSDT,2025-05-26 08:00:00.000,1.765e-05,178.07513684,Regular
SOLUSDT,2025-05-26 16:00:00.002,8.686e-05,177.38000000,Regular
SOLUSDT,2025-05-27 00:00:00.003,-8.877e-05,174.80368026,Regular
SOLUSDT,2025-05-27 08:00:00.001,-2.909e-05,175.38000000,Regular
SOLUSDT,2025-05-27 16:00:00.005,0.0001,178.40000000,Regular
SOLUSDT,2025-05-28 00:00:00.002,0.0001,176.64447588,Regular
SOLUSDT,2025-05-28 08:00:00.003,-2.762e-05,173.81000000,Regular
SOLUSDT,2025-05-28 16:00:00.002,-0.00013891,169.58000000,Regular
SOLUSDT,2025-05-29 00:00:00.000,-8.565e-05,172.12576447,Regular
SOLUSDT,2025-05-29 08:00:00.006,7.947e-05,172.17000000,Regular
SOLUSDT,2025-05-29 16:00:00.000,-3.067e-05,169.65000000,Regular
SOLUSDT,2025-05-30 00:00:00.003,-1.093e-05,166.62000000,Regular
SOLUSDT,2025-05-30 08:00:00.003,-5.322e-05,162.59000000,Regular
SOLUSDT,2025-05-30 16:00:00.000,3.101e-05,161.11000000,Regular
SOLUSDT,2025-05-31 00:00:00.000,3.422e-05,156.12199123,Regular
SOLUSDT,2025-05-31 08:00:00.000,1.633e-05,154.77000000,Regular
SOLUSDT,2025-05-31 16:00:00.000,-0.00010143,155.52383728,Regular
SOLUSDT,2025-06-01 00:00:00.001,-6.233e-05,156.37000000,Regular
SOLUSDT,2025-06-01 08:00:00.002,-8.005e-05,154.35154326,Regular
SOLUSDT,2025-06-01 16:00:00.000,-4.325e-05,154.08000000,Regular
SOLUSDT,2025-06-02 00:00:00.001,4.401e-05,157.62000000,Regular
SOLUSDT,2025-06-02 08:00:00.000,4.587e-05,155.46115877,Regular
SOLUSDT,2025-06-02 16:00:00.000,-3.75e-06,153.09000000,Regular
SOLUSDT,2025-06-03 00:00:00.000,4.371e-05,156.74000000,Regular
SOLUSDT,2025-06-03 08:00:00.000,6.746e-05,159.75000000,Regular
SOLUSDT,2025-06-03 16:00:00.001,5.76e-06,162.12000000,Regular
SOLUSDT,2025-06-04 00:00:00.000,-4.581e-05,155.10815746,Regular
SOLUSDT,2025-06-04 08:00:00.000,5.065e-05,156.34891228,Regular
SOLUSDT,2025-06-04 16:00:00.000,1.795e-05,157.06000000,Regular
SOLUSDT,2025-06-05 00:00:00.016,1.332e-05,153.19000000,Regular
SOLUSDT,2025-06-05 08:00:00.000,3.552e-05,152.36000000,Regular
SOLUSDT,2025-06-05 16:00:00.000,-6.04e-06,150.81000000,Regular
SOLUSDT,2025-06-06 00:00:00.002,-6.476e-05,144.21257632,Regular
SOLUSDT,2025-06-06 08:00:00.000,-0.00011387,147.29542281,Regular
SOLUSDT,2025-06-06 16:00:00.006,-1.384e-05,151.01787281,Regular
SOLUSDT,2025-06-07 00:00:00.000,6.211e-05,147.77000000,Regular
SOLUSDT,2025-06-07 08:00:00.000,1.3e-05,152.30123596,Regular
SOLUSDT,2025-06-07 16:00:00.002,-2.393e-05,150.92000000,Regular
SOLUSDT,2025-06-08 00:00:00.000,-7.4e-07,149.98000000,Regular
SOLUSDT,2025-06-08 08:00:00.000,4.196e-05,149.22000000,Regular
SOLUSDT,2025-06-08 16:00:00.000,-2.649e-05,150.63000000,Regular
SOLUSDT,2025-06-09 00:00:00.000,0.0001,152.39030175,Regular
SOLUSDT,2025-06-09 08:00:00.001,2.864e-05,150.78000000,Regular
SOLUSDT,2025-06-09 16:00:00.001,4.81e-05,154.92853640,Regular
SOLUSDT,2025-06-10 00:00:00.000,9.077e-05,161.09000000,Regular
SOLUSDT,2025-06-10 08:00:00.001,0.0001,158.39000000,Regular
SOLUSDT,2025-06-10 16:00:00.003,-1.13e-06,157.97000000,Regular
SOLUSDT,2025-06-11 00:00:00.000,0.0001,165.06000000,Regular
SOLUSDT,2025-06-11 08:00:00.000,0.0001,166.59149167,Regular
SOLUSDT,2025-06-11 16:00:00.010,0.0001,167.20000000,Regular
SOLUSDT,2025-06-12 00:00:00.002,5.193e-05,160.90971454,Regular
SOLUSDT,2025-06-12 08:00:00.003,3.997e-05,158.71141905,Regular
SOLUSDT,2025-06-12 16:00:00.001,-2.02e-06,156.94063377,Regular
SOLUSDT,2025-06-13 00:00:00.000,-1.707e-05,152.25097588,Regular
SOLUSDT,2025-06-13 08:00:00.001,-9.27e-05,144.92041659,Regular
SOLUSDT,2025-06-13 16:00:00.004,1.064e-05,147.09000000,Regular
SOLUSDT,2025-06-14 00:00:00.000,8.928e-05,148.53000000,Regular
SOLUSDT,2025-06-14 08:00:00.000,2.159e-05,146.11000000,Regular
SOLUSDT,2025-06-14 16:00:00.000,-4.8e-06,144.46155175,Regular
SOLUSDT,2025-06-15 00:00:00.005,-3.76e-05,144.56000000,Regular
SOLUSDT,2025-06-15 08:00:00.009,7.334e-05,145.82000000,Regular
SOLUSDT,2025-06-15 16:00:00.000,8.709e-05,150.77000000,Regular
SOLUSDT,2025-06-16 00:00:00.000,0.0001,152.89000000,Regular
SOLUSDT,2025-06-16 08:00:00.000,0.0001,157.19949956,Regular
SOLUSDT,2025-06-16 16:00:00.003,-6.24e-06,156.49000000,Regular
SOLUSDT,2025-06-17 00:00:00.000,9.96e-06,150.67078596,Regular
SOLUSDT,2025-06-17 08:00:00.006,0.0001,152.61862237,Regular
SOLUSDT,2025-06-17 16:00:00.001,5.322e-05,147.55000000,Regular
SOLUSDT,2025-06-18 00:00:00.001,5.552e-05,147.49000000,Regular
SOLUSDT,2025-06-18 08:00:00.001,-7.1e-06,147.91312412,Regular
SOLUSDT,2025-06-18 16:00:00.001,-2.074e-05,145.68091404,Regular
SOLUSDT,2025-06-19 00:00:00.005,2.853e-05,146.28000000,Regular
SOLUSDT,2025-06-19 08:00:00.003,2.565e-05,145.00000000,Regular
SOLUSDT,2025-06-19 16:00:00.000,1.075e-05,143.08000000,Regular
SOLUSDT,2025-06-20 00:00:00.000,5.538e-05,146.97565746,Regular
SOLUSDT,2025-06-20 08:00:00.002,4.09e-05,147.40000000,Regular
SOLUSDT,2025-06-20 16:00:00.001,1.443e-05,142.76000000,Regular
SOLUSDT,2025-06-21 00:00:00.002,-5.118e-05,140.02000000,Regular
SOLUSDT,2025-06-21 08:00:00.005,-7.613e-05,140.55000000,Regular
SOLUSDT,2025-06-21 16:00:00.000,2.732e-05,140.23000000,Regular
SOLUSDT,2025-06-22 00:00:00.005,-3.464e-05,135.33827939,Regular
SOLUSDT,2025-06-22 08:00:00.000,3.965e-05,134.75000000,Regular
SOLUSDT,2025-06-22 16:00:00.003,8.55e-06,128.53444605,Regular
SOLUSDT,2025-06-23 00:00:00.000,4.979e-05,131.67592500,Regular
SOLUSDT,2025-06-23 08:00:00.004,4.69e-06,134.32000000,Regular
SOLUSDT,2025-06-23 16:00:00.013,1.44e-05,133.35000000,Regular
SOLUSDT,2025-06-24 00:00:00.003,8.638e-05,144.41000000,Regular
SOLUSDT,2025-06-24 08:00:00.000,-2.013e-05,143.96364693,Regular
SOLUSDT,2025-06-24 16:00:00.000,2.041e-05,144.24000000,Regular
SOLUSDT,2025-06-25 00:00:00.005,-1.345e-05,145.82440482,Regular
SOLUSDT,2025-06-25 08:00:00.000,0.0001,146.94988728,Regular
SOLUSDT,2025-06-25 16:00:00.005,4.739e-05,143.61000000,Regular
SOLUSDT,2025-06-26 00:00:00.000,3.413e-05,143.49000000,Regular
SOLUSDT,2025-06-26 08:00:00.006,2.145e-05,145.07359649,Regular
SOLUSDT,2025-06-26 16:00:00.007,-6.184e-05,142.93723860,Regular
SOLUSDT,2025-06-27 00:00:00.000,-6.442e-05,138.98000000,Regular
SOLUSDT,2025-06-27 08:00:00.000,1.541e-05,140.26209054,Regular
SOLUSDT,2025-06-27 16:00:00.009,1.738e-05,143.40000000,Regular
SOLUSDT,2025-06-28 00:00:00.001,6.933e-05,142.03001667,Regular
SOLUSDT,2025-06-28 08:00:00.002,0.0001,146.45733333,Regular
SOLUSDT,2025-06-28 16:00:00.000,0.0001,148.10836491,Regular
SOLUSDT,2025-06-29 00:00:00.004,0.0001,150.67000000,Regular
SOLUSDT,2025-06-29 08:00:00.001,0.0001,150.26000000,Regular
SOLUSDT,2025-06-29 16:00:00.001,3.46e-05,150.69125965,Regular
SOLUSDT,2025-06-30 00:00:00.000,6.987e-05,153.22808158,Regular
SOLUSDT,2025-06-30 08:00:00.005,8.33e-06,150.59659474,Regular
SOLUSDT,2025-06-30 16:00:00.002,3.926e-05,157.78000000,Regular
SOLUSDT,2025-07-01 00:00:00.007,9.123e-05,154.74839561,Regular
SOLUSDT,2025-07-01 08:00:00.002,5.05e-05,149.97504059,Regular
SOLUSDT,2025-07-01 16:00:00.000,-7.235e-05,147.13000000,Regular
SOLUSDT,2025-07-02 00:00:00.001,-5.826e-05,146.79291667,Regular
SOLUSDT,2025-07-02 08:00:00.000,-4.281e-05,149.03000000,Regular
SOLUSDT,2025-07-02 16:00:00.003,-4.92e-06,151.25000000,Regular
SOLUSDT,2025-07-03 00:00:00.006,7.514e-05,152.24000000,Regular
SOLUSDT,2025-07-03 08:00:00.003,8.784e-05,155.53000000,Regular
SOLUSDT,2025-07-03 16:00:00.003,-8.08e-06,150.09544474,Regular
SOLUSDT,2025-07-04 00:00:00.005,-1.339e-05,152.28169518,Regular
SOLUSDT,2025-07-04 08:00:00.003,9.974e-05,150.42292895,Regular
SOLUSDT,2025-07-04 16:00:00.001,-6.162e-05,146.50265789,Regular
SOLUSDT,2025-07-05 00:00:00.004,-0.00015145,147.59000000,Regular
SOLUSDT,2025-07-05 08:00:00.009,-7.863e-05,147.78000000,Regular
SOLUSDT,2025-07-05 16:00:00.006,-6.498e-05,147.04813333,Regular
SOLUSDT,2025-07-06 00:00:00.001,-3.364e-05,147.50000000,Regular
SOLUSDT,2025-07-06 08:00:00.002,-7.54e-05,147.82000000,Regular
SOLUSDT,2025-07-06 16:00:00.004,3.442e-05,151.48000000,Regular
SOLUSDT,2025-07-07 00:00:00.000,0.0001,151.81000000,Regular
SOLUSDT,2025-07-07 08:00:00.007,6.88e-05,152.30300482,Regular
SOLUSDT,2025-07-07 16:00:00.000,3.57e-05,150.99421184,Regular
SOLUSDT,2025-07-08 00:00:00.010,3.474e-05,148.82000000,Regular
SOLUSDT,2025-07-08 08:00:00.003,-3.311e-05,149.57875088,Regular
SOLUSDT,2025-07-08 16:00:00.000,-7.41e-06,149.79000000,Regular
SOLUSDT,2025-07-09 00:00:00.002,2.053e-05,151.59000000,Regular
SOLUSDT,2025-07-09 08:00:00.006,1.7e-07,152.94000000,Regular
SOLUSDT,2025-07-09 16:00:00.001,5.52e-06,153.91000000,Regular
SOLUSDT,2025-07-10 00:00:00.003,0.0001,157.00600833,Regular
SOLUSDT,2025-07-10 08:00:00.000,2.127e-05,157.83000000,Regular
SOLUSDT,2025-07-10 16:00:00.004,1.69e-05,156.37000000,Regular
SOLUSDT,2025-07-11 00:00:00.004,0.0001,164.28716754,Regular
SOLUSDT,2025-07-11 08:00:00.007,4.064e-05,163.18000000,Regular
SOLUSDT,2025-07-11 16:00:00.001,0.0001,162.27551842,Regular
SOLUSDT,2025-07-12 00:00:00.000,0.0001,162.87883860,Regular
SOLUSDT,2025-07-12 08:00:00.001,0.0001,163.16000000,Regular
SOLUSDT,2025-07-12 16:00:00.002,0.0001,158.07000000,Regular
SOLUSDT,2025-07-13 00:00:00.006,0.0001,160.63000000,Regular
SOLUSDT,2025-07-13 08:00:00.001,0.0001,162.58065132,Regular
SOLUSDT,2025-07-13 16:00:00.003,7.719e-05,161.95000000,Regular
SOLUSDT,2025-07-14 00:00:00.000,3.59e-05,161.05029868,Regular
SOLUSDT,2025-07-14 08:00:00.000,0.0001,167.18102982,Regular
SOLUSDT,2025-07-14 16:00:00.000,0.0001,163.92204956,Regular
SOLUSDT,2025-07-15 00:00:00.002,7.758e-05,162.14343991,Regular
SOLUSDT,2025-07-15 08:00:00.000,-3.61e-06,159.45340526,Regular
SOLUSDT,2025-07-15 16:00:00.000,2.244e-05,160.39000000,Regular
SOLUSDT,2025-07-16 00:00:00.000,0.0001,163.99894254,Regular
SOLUSDT,2025-07-16 08:00:00.000,0.0001,164.03167105,Regular
SOLUSDT,2025-07-16 16:00:00.008,0.0001,168.43000000,Regular
SOLUSDT,2025-07-17 00:00:00.003,0.0001,173.63000000,Regular
SOLUSDT,2025-07-17 08:00:00.000,0.0001,173.98000000,Regular
SOLUSDT,2025-07-17 16:00:00.000,0.0001,174.12000000,Regular
SOLUSDT,2025-07-18 00:00:00.004,0.0001,175.82000000,Regular
SOLUSDT,2025-07-18 08:00:00.000,0.0001,181.15000000,Regular
SOLUSDT,2025-07-18 16:00:00.000,0.0001,177.02986842,Regular
SOLUSDT,2025-07-19 00:00:00.009,0.0001,177.21000000,Regular
SOLUSDT,2025-07-19 08:00:00.000,0.0001,176.99000000,Regular
SOLUSDT,2025-07-19 16:00:00.002,0.0001,177.37645921,Regular
SOLUSDT,2025-07-20 00:00:00.000,0.0001,176.93442456,Regular
SOLUSDT,2025-07-20 08:00:00.000,0.0001,177.92000000,Regular
SOLUSDT,2025-07-20 16:00:00.000,0.0001,181.93000000,Regular
SOLUSDT,2025-07-21 00:00:00.001,0.0001,181.41071272,Regular
SOLUSDT,2025-07-21 08:00:00.000,0.0001,190.10000000,Regular
SOLUSDT,2025-07-21 16:00:00.001,0.000129,196.86700263,Regular
SOLUSDT,2025-07-22 00:00:00.000,0.0001,195.73310482,Regular
SOLUSDT,2025-07-22 08:00:00.010,0.0001,198.08459254,Regular
SOLUSDT,2025-07-22 16:00:00.007,0.0001,201.85002237,Regular
SOLUSDT,2025-07-23 00:00:00.000,0.0001,205.77987588,Regular
SOLUSDT,2025-07-23 08:00:00.004,0.0001,199.49798509,Regular
SOLUSDT,2025-07-23 16:00:00.002,0.0001,192.71000000,Regular
SOLUSDT,2025-07-24 00:00:00.000,0.0001,189.38281579,Regular
SOLUSDT,2025-07-24 08:00:00.001,0.0001,184.16258158,Regular
SOLUSDT,2025-07-24 16:00:00.000,0.0001,188.47000000,Regular
SOLUSDT,2025-07-25 00:00:00.000,0.0001,182.77000000,Regular
SOLUSDT,2025-07-25 08:00:00.000,6.102e-05,177.47048947,Regular
SOLUSDT,2025-07-25 16:00:00.000,0.0001,178.14628904,Regular
SOLUSDT,2025-07-26 00:00:00.001,0.0001,186.69139161,Regular
SOLUSDT,2025-07-26 08:00:00.005,0.0001,186.41000000,Regular
SOLUSDT,2025-07-26 16:00:00.001,0.0001,187.49000000,Regular
SOLUSDT,2025-07-27 00:00:00.001,0.0001,184.83000000,Regular
SOLUSDT,2025-07-27 08:00:00.000,0.0001,187.17980833,Regular
SOLUSDT,2025-07-27 16:00:00.008,0.0001,186.39519079,Regular
SOLUSDT,2025-07-28 00:00:00.005,0.0001,188.56781009,Regular
SOLUSDT,2025-07-28 08:00:00.000,0.0001,192.32797632,Regular
SOLUSDT,2025-07-28 16:00:00.000,0.0001,187.14000000,Regular
SOLUSDT,2025-07-29 00:00:00.001,-3.47e-06,183.03000000,Regular
SOLUSDT,2025-07-29 08:00:00.000,8.17e-06,185.95000000,Regular
SOLUSDT,2025-07-29 16:00:00.000,4.218e-05,180.74365351,Regular
SOLUSDT,2025-07-30 00:00:00.011,1.098e-05,181.39000000,Regular
SOLUSDT,2025-07-30 08:00:00.000,7.655e-05,180.77022675,Regular
SOLUSDT,2025-07-30 16:00:00.008,-1.266e-05,179.11307281,Regular
SOLUSDT,2025-07-31 00:00:00.000,-8.14e-06,177.68000000,Regular
SOLUSDT,2025-07-31 08:00:00.009,4.662e-05,181.16000000,Regular
SOLUSDT,2025-07-31 16:00:00.000,8.62e-06,177.24208596,Regular
SOLUSDT,2025-08-01 00:00:00.001,4.034e-05,172.16545132,Regular
SOLUSDT,2025-08-01 08:00:00.003,-1.44e-05,169.32300570,Regular
SOLUSDT,2025-08-01 16:00:00.000,3.852e-05,168.50000000,Regular
SOLUSDT,2025-08-02 00:00:00.004,-3.851e-05,162.60000000,Regular
SOLUSDT,2025-08-02 08:00:00.000,3.654e-05,164.34499430,Regular
SOLUSDT,2025-08-02 16:00:00.000,3.981e-05,161.45000000,Regular
SOLUSDT,2025-08-03 00:00:00.000,-0.00010062,158.39208465,Regular
SOLUSDT,2025-08-03 08:00:00.000,-5.92e-05,161.25000000,Regular
SOLUSDT,2025-08-03 16:00:00.003,-7.571e-05,162.00000000,Regular
SOLUSDT,2025-08-04 00:00:00.004,-0.00014534,161.84000000,Regular
SOLUSDT,2025-08-04 08:00:00.000,-6.297e-05,162.95102632,Regular
SOLUSDT,2025-08-04 16:00:00.002,-6.458e-05,165.38853202,Regular
SOLUSDT,2025-08-05 00:00:00.000,-3.577e-05,169.46286447,Regular
SOLUSDT,2025-08-05 08:00:00.000,-2.117e-05,166.14000000,Regular
SOLUSDT,2025-08-05 16:00:00.000,-4.816e-05,163.68000000,Regular
SOLUSDT,2025-08-06 00:00:00.005,-6.84e-05,163.99000000,Regular
SOLUSDT,2025-08-06 08:00:00.000,-3.584e-05,164.16000000,Regular
SOLUSDT,2025-08-06 16:00:00.000,1.84e-05,168.97000000,Regular
SOLUSDT,2025-08-07 00:00:00.003,0.0001,168.03000000,Regular
SOLUSDT,2025-08-07 08:00:00.002,1.246e-05,169.91000000,Regular
SOLUSDT,2025-08-07 16:00:00.002,4.431e-05,170.38000000,Regular
SOLUSDT,2025-08-08 00:00:00.002,6.422e-05,175.27888877,Regular
SOLUSDT,2025-08-08 08:00:00.004,1.197e-05,177.04000000,Regular
SOLUSDT,2025-08-08 16:00:00.000,3.043e-05,175.14138333,Regular
SOLUSDT,2025-08-09 00:00:00.005,0.0001,176.69000000,Regular
SOLUSDT,2025-08-09 08:00:00.000,8.345e-05,180.54000000,Regular
SOLUSDT,2025-08-09 16:00:00.007,7.712e-05,180.01000000,Regular
SOLUSDT,2025-08-10 00:00:00.003,9.612e-05,179.87102344,Regular
SOLUSDT,2025-08-10 08:00:00.005,7.842e-05,178.86862500,Regular
SOLUSDT,2025-08-10 16:00:00.002,0.0001,181.46731979,Regular
SOLUSDT,2025-08-11 00:00:00.000,9.508e-05,182.59000000,Regular
SOLUSDT,2025-08-11 08:00:00.000,0.0001,182.93000000,Regular
SOLUSDT,2025-08-11 16:00:00.000,3.19e-06,180.10106579,Regular
SOLUSDT,2025-08-12 00:00:00.000,-2.394e-05,174.75000000,Regular
SOLUSDT,2025-08-12 08:00:00.001,-1.203e-05,175.81000000,Regular
SOLUSDT,2025-08-12 16:00:00.005,-2.257e-05,181.61000000,Regular
SOLUSDT,2025-08-13 00:00:00.000,0.0001,191.76000000,Regular
SOLUSDT,2025-08-13 08:00:00.002,0.0001,198.78821491,Regular
SOLUSDT,2025-08-13 16:00:00.006,0.0001,197.46507895,Regular
SOLUSDT,2025-08-14 00:00:00.002,0.0001,201.57000000,Regular
SOLUSDT,2025-08-14 08:00:00.003,0.00025876,205.73010088,Regular
SOLUSDT,2025-08-14 16:00:00.000,0.0001,194.87115789,Regular
SOLUSDT,2025-08-15 00:00:00.000,0.0001,192.41275877,Regular
SOLUSDT,2025-08-15 08:00:00.000,0.0001,196.89107456,Regular
SOLUSDT,2025-08-15 16:00:00.000,4.024e-05,185.45000000,Regular
SOLUSDT,2025-08-16 00:00:00.004,-4.219e-05,185.62240625,Regular
SOLUSDT,2025-08-16 08:00:00.000,6.279e-05,189.01000000,Regular
SOLUSDT,2025-08-16 16:00:00.002,7.134e-05,188.73000000,Regular
SOLUSDT,2025-08-17 00:00:00.000,0.0001,189.52000000,Regular
SOLUSDT,2025-08-17 08:00:00.001,9.63e-05,191.80000000,Regular
SOLUSDT,2025-08-17 16:00:00.007,5.105e-05,195.39000000,Regular
SOLUSDT,2025-08-18 00:00:00.000,8.86e-05,190.92791667,Regular
SOLUSDT,2025-08-18 08:00:00.001,-5.077e-05,180.54000000,Regular
SOLUSDT,2025-08-18 16:00:00.002,-6.163e-05,183.00742982,Regular
SOLUSDT,2025-08-19 00:00:00.000,-1.986e-05,182.84000000,Regular
SOLUSDT,2025-08-19 08:00:00.001,4.048e-05,180.05000000,Regular
SOLUSDT,2025-08-19 16:00:00.000,6.293e-05,177.89000000,Regular
SOLUSDT,2025-08-20 00:00:00.000,2.581e-05,176.10000000,Regular
SOLUSDT,2025-08-20 08:00:00.000,8.81e-05,180.45000000,Regular
SOLUSDT,2025-08-20 16:00:00.000,0.0001,182.95000000,Regular
SOLUSDT,2025-08-21 00:00:00.006,0.0001,187.89656579,Regular
SOLUSDT,2025-08-21 08:00:00.000,0.0001,186.93000000,Regular
SOLUSDT,2025-08-21 16:00:00.003,1.366e-05,181.55000000,Regular
SOLUSDT,2025-08-22 00:00:00.010,3.301e-05,180.24000000,Regular
SOLUSDT,2025-08-22 08:00:00.007,0.0001,183.89601249,Regular
SOLUSDT,2025-08-22 16:00:00.001,0.0001,193.49722368,Regular
SOLUSDT,2025-08-23 00:00:00.004,0.0001,200.67000000,Regular
SOLUSDT,2025-08-23 08:00:00.006,0.0001,205.27516228,Regular
SOLUSDT,2025-08-23 16:00:00.000,0.0001,202.68060088,Regular
SOLUSDT,2025-08-24 00:00:00.001,0.0001,204.20878947,Regular
SOLUSDT,2025-08-24 08:00:00.002,0.0001,206.79745175,Regular
SOLUSDT,2025-08-24 16:00:00.001,0.0001,205.73000000,Regular
SOLUSDT,2025-08-25 00:00:00.000,0.0001,206.06179386,Regular
SOLUSDT,2025-08-25 08:00:00.002,0.0001,199.84000000,Regular
SOLUSDT,2025-08-25 16:00:00.002,0.0001,196.48761842,Regular
SOLUSDT,2025-08-26 00:00:00.000,2.857e-05,187.08518421,Regular
SOLUSDT,2025-08-26 08:00:00.000,-8.98e-06,188.82000000,Regular
SOLUSDT,2025-08-26 16:00:00.000,5.27e-05,190.71867105,Regular
SOLUSDT,2025-08-27 00:00:00.003,0.0001,195.77000000,Regular
SOLUSDT,2025-08-27 08:00:00.000,0.0001,202.37000000,Regular
SOLUSDT,2025-08-27 16:00:00.009,0.0001,208.63000000,Regular
SOLUSDT,2025-08-28 00:00:00.000,0.0001,202.93000000,Regular
SOLUSDT,2025-08-28 08:00:00.005,0.0001,213.03000000,Regular
SOLUSDT,2025-08-28 16:00:00.004,0.0001,211.02660965,Regular
SOLUSDT,2025-08-29 00:00:00.000,8.562e-05,214.30363596,Regular
SOLUSDT,2025-08-29 08:00:00.000,7.793e-05,208.73000000,Regular
SOLUSDT,2025-08-29 16:00:00.005,7.047e-05,204.34000000,Regular
SOLUSDT,2025-08-30 00:00:00.000,-1.362e-05,204.98000000,Regular
SOLUSDT,2025-08-30 08:00:00.002,5.373e-05,205.04000000,Regular
SOLUSDT,2025-08-30 16:00:00.003,-3.14e-05,200.98000000,Regular
SOLUSDT,2025-08-31 00:00:00.016,1.753e-05,202.60000000,Regular
SOLUSDT,2025-08-31 08:00:00.000,9.518e-05,203.44000000,Regular
SOLUSDT,2025-08-31 16:00:00.001,9.036e-05,204.48000000,Regular
SOLUSDT,2025-09-01 00:00:00.000,9.019e-05,200.57673952,Regular
SOLUSDT,2025-09-01 08:00:00.000,7.92e-06,202.84000000,Regular
SOLUSDT,2025-09-01 16:00:00.001,2.302e-05,198.26811842,Regular
SOLUSDT,2025-09-02 00:00:00.000,4.576e-05,197.22000000,Regular
SOLUSDT,2025-09-02 08:00:00.005,0.0001,202.07000000,Regular
SOLUSDT,2025-09-02 16:00:00.007,9.872e-05,200.20000000,Regular
SOLUSDT,2025-09-03 00:00:00.006,0.0001,209.54000000,Regular
SOLUSDT,2025-09-03 08:00:00.002,8.685e-05,209.28296491,Regular
SOLUSDT,2025-09-03 16:00:00.002,7.61e-06,211.25311404,Regular
SOLUSDT,2025-09-04 00:00:00.002,3.074e-05,210.64000000,Regular
SOLUSDT,2025-09-04 08:00:00.000,6.703e-05,206.56035526,Regular
SOLUSDT,2025-09-04 16:00:00.000,6.691e-05,203.71000000,Regular
SOLUSDT,2025-09-05 00:00:00.001,-4.57e-06,202.23000000,Regular
SOLUSDT,2025-09-05 08:00:00.006,1.493e-05,207.75411686,Regular
SOLUSDT,2025-09-05 16:00:00.000,1.122e-05,203.46000000,Regular
SOLUSDT,2025-09-06 00:00:00.000,8.9e-05,203.29228070,Regular
SOLUSDT,2025-09-06 08:00:00.005,0.0001,202.94614912,Regular
SOLUSDT,2025-09-06 16:00:00.000,1.754e-05,201.16000000,Regular
SOLUSDT,2025-09-07 00:00:00.000,6e-08,200.06000000,Regular
SOLUSDT,2025-09-07 08:00:00.000,6.542e-05,202.90000000,Regular
SOLUSDT,2025-09-07 16:00:00.000,3.077e-05,205.09890351,Regular
SOLUSDT,2025-09-08 00:00:00.007,0.0001,206.30730152,Regular
SOLUSDT,2025-09-08 08:00:00.000,0.0001,207.85000000,Regular
SOLUSDT,2025-09-08 16:00:00.000,0.0001,214.98035965,Regular
SOLUSDT,2025-09-09 00:00:00.000,8.916e-05,214.03000000,Regular
SOLUSDT,2025-09-09 08:00:00.000,0.0001,219.17894737,Regular
SOLUSDT,2025-09-09 16:00:00.000,0.0001,212.97179386,Regular
SOLUSDT,2025-09-10 00:00:00.000,3.617e-05,217.11000000,Regular
SOLUSDT,2025-09-10 08:00:00.002,0.0001,222.14000000,Regular
SOLUSDT,2025-09-10 16:00:00.000,0.0001,223.04000000,Regular
SOLUSDT,2025-09-11 00:00:00.000,4.953e-05,223.94159233,Regular
SOLUSDT,2025-09-11 08:00:00.000,-1.99e-05,223.09880702,Regular
SOLUSDT,2025-09-11 16:00:00.001,9.486e-05,226.71000000,Regular
SOLUSDT,2025-09-12 00:00:00.002,2.36e-06,228.62782018,Regular
SOLUSDT,2025-09-12 08:00:00.001,4.69e-06,237.24000000,Regular
SOLUSDT,2025-09-12 16:00:00.005,7.19e-06,239.21000000,Regular
SOLUSDT,2025-09-13 00:00:00.005,1.709e-05,242.08000000,Regular
SOLUSDT,2025-09-13 08:00:00.002,6.327e-05,242.34618421,Regular
SOLUSDT,2025-09-13 16:00:00.000,5.623e-05,239.39000000,Regular
SOLUSDT,2025-09-14 00:00:00.006,-3.76e-06,242.23000000,Regular
SOLUSDT,2025-09-14 08:00:00.000,5.813e-05,246.27228509,Regular
SOLUSDT,2025-09-14 16:00:00.001,2.92e-05,243.74238158,Regular
SOLUSDT,2025-09-15 00:00:00.006,-7.17e-06,239.63640789,Regular
SOLUSDT,2025-09-15 08:00:00.002,8.58e-06,237.87000000,Regular
SOLUSDT,2025-09-15 16:00:00.001,4.813e-05,232.90297368,Regular
SOLUSDT,2025-09-16 00:00:00.001,6.405e-05,234.18893860,Regular
SOLUSDT,2025-09-16 08:00:00.000,7.636e-05,235.68000000,Regular
SOLUSDT,2025-09-16 16:00:00.000,7.783e-05,237.67542982,Regular
SOLUSDT,2025-09-17 00:00:00.001,-1.958e-05,236.86090351,Regular
SOLUSDT,2025-09-17 08:00:00.000,3.782e-05,237.64000000,Regular
SOLUSDT,2025-09-17 16:00:00.003,3.428e-05,233.79000000,Regular
SOLUSDT,2025-09-18 00:00:00.006,8.719e-05,244.75000000,Regular
SOLUSDT,2025-09-18 08:00:00.002,0.0001,244.65000000,Regular
SOLUSDT,2025-09-18 16:00:00.000,1.468e-05,248.13000000,Regular
SOLUSDT,2025-09-19 00:00:00.000,0.0001,247.35885088,Regular
SOLUSDT,2025-09-19 08:00:00.005,9.667e-05,243.71000000,Regular
SOLUSDT,2025-09-19 16:00:00.000,8.03e-06,237.38000000,Regular
SOLUSDT,2025-09-20 00:00:00.000,-3.324e-05,238.40000000,Regular
SOLUSDT,2025-09-20 08:00:00.000,-6.98e-05,239.64161404,Regular
SOLUSDT,2025-09-20 16:00:00.002,-2.909e-05,240.01000000,Regular
SOLUSDT,2025-09-21 00:00:00.000,-4.39e-06,239.38000000,Regular
SOLUSDT,2025-09-21 08:00:00.000,4.391e-05,239.75105263,Regular
SOLUSDT,2025-09-21 16:00:00.000,9.63e-06,237.78000000,Regular
SOLUSDT,2025-09-22 00:00:00.005,4.06e-06,236.06271053,Regular
SOLUSDT,2025-09-22 08:00:00.003,-1.362e-05,221.81000000,Regular
SOLUSDT,2025-09-22 16:00:00.000,-0.00010344,220.62000000,Regular
SOLUSDT,2025-09-23 00:00:00.000,4.622e-05,220.28330702,Regular
SOLUSDT,2025-09-23 08:00:00.001,4.873e-05,218.87000000,Regular
SOLUSDT,2025-09-23 16:00:00.000,5.93e-06,219.18000000,Regular
SOLUSDT,2025-09-24 00:00:00.003,2.831e-05,213.19000000,Regular
SOLUSDT,2025-09-24 08:00:00.001,3.094e-05,210.54000000,Regular
SOLUSDT,2025-09-24 16:00:00.002,-3.4e-06,213.46679825,Regular
SOLUSDT,2025-09-25 00:00:00.000,-0.0001284,211.45650877,Regular
SOLUSDT,2025-09-25 08:00:00.001,-3.446e-05,204.10227193,Regular
SOLUSDT,2025-09-25 16:00:00.000,3.595e-05,201.05000000,Regular
SOLUSDT,2025-09-26 00:00:00.000,3.743e-05,192.63193860,Regular
SOLUSDT,2025-09-26 08:00:00.000,-3.977e-05,196.25598246,Regular
SOLUSDT,2025-09-26 16:00:00.008,-4.772e-05,195.92000000,Regular
SOLUSDT,2025-09-27 00:00:00.000,-9.862e-05,205.03000000,Regular
SOLUSDT,2025-09-27 08:00:00.010,6.955e-05,201.96232456,Regular
SOLUSDT,2025-09-27 16:00:00.003,-2.293e-05,203.41585088,Regular
SOLUSDT,2025-09-28 00:00:00.000,2.105e-05,203.32218421,Regular
SOLUSDT,2025-09-28 08:00:00.000,-3.715e-05,202.00000000,Regular
SOLUSDT,2025-09-28 16:00:00.000,1.97e-05,203.33000000,Regular
SOLUSDT,2025-09-29 00:00:00.000,4.762e-05,210.72236842,Regular
SOLUSDT,2025-09-29 08:00:00.002,0.0001,208.85000000,Regular
SOLUSDT,2025-09-29 16:00:00.001,-7.412e-05,209.95000000,Regular
SOLUSDT,2025-09-30 00:00:00.002,-5.066e-05,212.60618421,Regular
SOLUSDT,2025-09-30 08:00:00.005,-0.00016084,208.88000000,Regular
SOLUSDT,2025-09-30 16:00:00.000,-3.859e-05,205.92147368,Regular
SOLUSDT,2025-10-01 00:00:00.000,7.07e-05,208.60000000,Regular
SOLUSDT,2025-10-01 08:00:00.000,0.0001,210.09137931,Regular
SOLUSDT,2025-10-01 16:00:00.000,-7.02e-06,220.13000000,Regular
SOLUSDT,2025-10-02 00:00:00.000,7.943e-05,221.92000000,Regular
SOLUSDT,2025-10-02 08:00:00.013,-9.812e-05,222.82000000,Regular
SOLUSDT,2025-10-02 16:00:00.000,-2.091e-05,227.09000000,Regular
SOLUSDT,2025-10-03 00:00:00.006,-9.937e-05,234.61000000,Regular
SOLUSDT,2025-10-03 08:00:00.006,6.248e-05,229.33000000,Regular
SOLUSDT,2025-10-03 16:00:00.000,7.389e-05,234.67000000,Regular
SOLUSDT,2025-10-04 00:00:00.001,7.725e-05,232.74000000,Regular
SOLUSDT,2025-10-04 08:00:00.000,5.17e-06,229.02445554,Regular
SOLUSDT,2025-10-04 16:00:00.000,1.04e-05,224.55000000,Regular
SOLUSDT,2025-10-05 00:00:00.000,1.013e-05,227.73871930,Regular
SOLUSDT,2025-10-05 08:00:00.003,8.81e-05,236.48000000,Regular
SOLUSDT,2025-10-05 16:00:00.009,-4.722e-05,230.02000000,Regular
SOLUSDT,2025-10-06 00:00:00.004,-7.241e-05,228.45000000,Regular
SOLUSDT,2025-10-06 08:00:00.002,2.963e-05,231.23000000,Regular
SOLUSDT,2025-10-06 16:00:00.004,5.395e-05,235.56406140,Regular
SOLUSDT,2025-10-07 00:00:00.000,1.768e-05,232.27000000,Regular
SOLUSDT,2025-10-07 08:00:00.003,-6.695e-05,230.88000000,Regular
SOLUSDT,2025-10-07 16:00:00.000,-2.108e-05,223.66678947,Regular
SOLUSDT,2025-10-08 00:00:00.000,-6.781e-05,219.84930702,Regular
SOLUSDT,2025-10-08 08:00:00.006,-6.05e-06,220.85000000,Regular
SOLUSDT,2025-10-08 16:00:00.002,-3.581e-05,221.09483333,Regular
SOLUSDT,2025-10-09 00:00:00.001,0.0001,228.96000000,Regular
SOLUSDT,2025-10-09 08:00:00.000,0.0001,224.39488596,Regular
SOLUSDT,2025-10-09 16:00:00.000,-2.36e-06,219.05704386,Regular
SOLUSDT,2025-10-10 00:00:00.005,-2.367e-05,220.80268421,Regular
SOLUSDT,2025-10-10 08:00:00.002,2.784e-05,217.99000000,Regular
SOLUSDT,2025-10-10 16:00:00.014,3.06e-06,210.58000000,Regular
SOLUSDT,2025-10-11 00:00:00.000,-0.00302761,187.65000000,Regular
SOLUSDT,2025-10-11 08:00:00.003,-0.00203878,182.58305263,Regular
SOLUSDT,2025-10-11 16:00:00.000,-0.00158704,183.58000000,Regular
SOLUSDT,2025-10-12 00:00:00.004,-0.00124994,177.21000000,Regular
SOLUSDT,2025-10-12 08:00:00.002,-0.00123408,182.31776770,Regular
SOLUSDT,2025-10-12 16:00:00.000,-0.00057183,191.04957895,Regular
SOLUSDT,2025-10-13 00:00:00.003,-0.00060725,196.89000000,Regular
SOLUSDT,2025-10-13 08:00:00.002,-0.00023311,196.65000000,Regular
SOLUSDT,2025-10-13 16:00:00.003,-5.122e-05,196.32000000,Regular
SOLUSDT,2025-10-14 00:00:00.000,6.21e-06,208.58342105,Regular
SOLUSDT,2025-10-14 08:00:00.000,4.088e-05,194.38979825,Regular
SOLUSDT,2025-10-14 16:00:00.000,-7.11e-05,202.05735965,Regular
SOLUSDT,2025-10-15 00:00:00.006,-6.096e-05,202.35901754,Regular
SOLUSDT,2025-10-15 08:00:00.002,5.749e-05,204.57874561,Regular
SOLUSDT,2025-10-15 16:00:00.000,4.099e-05,197.06000000,Regular
SOLUSDT,2025-10-16 00:00:00.000,-6.784e-05,193.73000000,Regular
SOLUSDT,2025-10-16 08:00:00.003,-4.113e-05,192.84157018,Regular
SOLUSDT,2025-10-16 16:00:00.002,-7.614e-05,187.52011404,Regular
SOLUSDT,2025-10-17 00:00:00.001,-2.994e-05,184.76815789,Regular
SOLUSDT,2025-10-17 08:00:00.005,7.329e-05,177.72000000,Regular
SOLUSDT,2025-10-17 16:00:00.003,9.462e-05,182.65000000,Regular
SOLUSDT,2025-10-18 00:00:00.000,-8.545e-05,181.89000000,Regular
SOLUSDT,2025-10-18 08:00:00.002,-1.55e-06,186.17000000,Regular
SOLUSDT,2025-10-18 16:00:00.001,-3.501e-05,184.94734120,Regular
SOLUSDT,2025-10-19 00:00:00.001,0.0001,187.48000000,Regular
SOLUSDT,2025-10-19 08:00:00.001,1.997e-05,185.82000000,Regular
SOLUSDT,2025-10-19 16:00:00.001,2.25e-05,190.66000000,Regular
SOLUSDT,2025-10-20 00:00:00.004,-8.569e-05,187.78000000,Regular
SOLUSDT,2025-10-20 08:00:00.001,5.3e-06,192.95646491,Regular
SOLUSDT,2025-10-20 16:00:00.000,-3.004e-05,190.42000000,Regular
SOLUSDT,2025-10-21 00:00:00.009,-3.42e-06,189.64000000,Regular
SOLUSDT,2025-10-21 08:00:00.000,-8.944e-05,184.89294737,Regular
SOLUSDT,2025-10-21 16:00:00.000,4.135e-05,196.17000000,Regular
SOLUSDT,2025-10-22 00:00:00.004,0.0001,185.54000000,Regular
SOLUSDT,2025-10-22 08:00:00.000,-9.872e-05,184.90000000,Regular
SOLUSDT,2025-10-22 16:00:00.000,-2.23e-05,183.91000000,Regular
SOLUSDT,2025-10-23 00:00:00.000,-3.216e-05,179.98452632,Regular
SOLUSDT,2025-10-23 08:00:00.001,6.84e-06,187.40000000,Regular
SOLUSDT,2025-10-23 16:00:00.004,0.0001,190.98000000,Regular
SOLUSDT,2025-10-24 00:00:00.000,0.0001,191.27000000,Regular
SOLUSDT,2025-10-24 08:00:00.000,0.0001,192.09000000,Regular
SOLUSDT,2025-10-24 16:00:00.009,1.595e-05,189.31792105,Regular
SOLUSDT,2025-10-25 00:00:00.000,0.0001,193.51140653,Regular
SOLUSDT,2025-10-25 08:00:00.001,0.0001,193.86000000,Regular
SOLUSDT,2025-10-25 16:00:00.001,5.536e-05,191.80354386,Regular
SOLUSDT,2025-10-26 00:00:00.001,6.721e-05,193.75082456,Regular
SOLUSDT,2025-10-26 08:00:00.001,4.492e-05,193.79347368,Regular
SOLUSDT,2025-10-26 16:00:00.000,5.882e-05,199.42445614,Regular
SOLUSDT,2025-10-27 00:00:00.000,0.0001,199.95000000,Regular
SOLUSDT,2025-10-27 08:00:00.005,0.0001,202.43000000,Regular
SOLUSDT,2025-10-27 16:00:00.000,3.983e-05,200.01012281,Regular
SOLUSDT,2025-10-28 00:00:00.000,1.82e-05,198.61000000,Regular
SOLUSDT,2025-10-28 08:00:00.000,7.929e-05,202.29150877,Regular
SOLUSDT,2025-10-28 16:00:00.004,6.17e-06,198.74400877,Regular
SOLUSDT,2025-10-29 00:00:00.004,-0.0001386,194.05710526,Regular
SOLUSDT,2025-10-29 08:00:00.005,-5.808e-05,195.53000000,Regular
SOLUSDT,2025-10-29 16:00:00.000,8.873e-05,196.72000000,Regular
SOLUSDT,2025-10-30 00:00:00.004,7.1e-07,193.81848246,Regular
SOLUSDT,2025-10-30 08:00:00.008,2.026e-05,195.73340351,Regular
SOLUSDT,2025-10-30 16:00:00.001,-0.00016797,184.95272807,Regular
SOLUSDT,2025-10-31 00:00:00.000,-0.00022069,184.51346491,Regular
SOLUSDT,2025-10-31 08:00:00.008,-7.523e-05,185.23000000,Regular
SOLUSDT,2025-10-31 16:00:00.007,-1.38e-06,188.05371143,Regular
SOLUSDT,2025-11-01 00:00:00.001,1.5e-06,187.12627193,Regular
SOLUSDT,2025-11-01 08:00:00.000,2.93e-05,185.71000000,Regular
SOLUSDT,2025-11-01 16:00:00.000,-5.041e-05,186.30282456,Regular
SOLUSDT,2025-11-02 00:00:00.007,5.263e-05,186.29000000,Regular
SOLUSDT,2025-11-02 08:00:00.000,2.822e-05,187.62000000,Regular
SOLUSDT,2025-11-02 16:00:00.001,-7.385e-05,183.68581579,Regular
SOLUSDT,2025-11-03 00:00:00.000,2.882e-05,187.68878070,Regular
SOLUSDT,2025-11-03 08:00:00.010,-0.00017049,176.38259649,Regular
SOLUSDT,2025-11-03 16:00:00.000,-0.00015146,166.70000000,Regular
SOLUSDT,2025-11-04 00:00:00.002,-4.994e-05,165.96408772,Regular
SOLUSDT,2025-11-04 08:00:00.004,-0.00013832,157.00000000,Regular
SOLUSDT,2025-11-04 16:00:00.000,1.759e-05,161.40000000,Regular
SOLUSDT,2025-11-05 00:00:00.000,3.273e-05,154.95000000,Regular
SOLUSDT,2025-11-05 08:00:00.000,5.027e-05,156.41000000,Regular
SOLUSDT,2025-11-05 16:00:00.004,-0.00011308,160.37806140,Regular
SOLUSDT,2025-11-06 00:00:00.001,-0.0001041,162.30709649,Regular
SOLUSDT,2025-11-06 08:00:00.000,-4.391e-05,158.78000000,Regular
SOLUSDT,2025-11-06 16:00:00.001,7.661e-05,155.86076316,Regular
SOLUSDT,2025-11-07 00:00:00.005,-1.927e-05,155.22391107,Regular
SOLUSDT,2025-11-07 08:00:00.003,-4.73e-06,157.69708772,Regular
SOLUSDT,2025-11-07 16:00:00.005,1.958e-05,155.33650000,Regular
SOLUSDT,2025-11-08 00:00:00.011,8.95e-05,161.73274561,Regular
SOLUSDT,2025-11-08 08:00:00.015,-1.277e-05,160.96000000,Regular
SOLUSDT,2025-11-08 16:00:00.001,4.85e-06,156.60000000,Regular
SOLUSDT,2025-11-09 00:00:00.004,-9.501e-05,157.95000000,Regular
SOLUSDT,2025-11-09 08:00:00.000,-2.922e-05,159.19086842,Regular
SOLUSDT,2025-11-09 16:00:00.005,4.444e-05,162.46672807,Regular
SOLUSDT,2025-11-10 00:00:00.000,0.0001,164.46000000,Regular
SOLUSDT,2025-11-10 08:00:00.000,-0.00011243,167.30646491,Regular
SOLUSDT,2025-11-10 16:00:00.003,-7.96e-05,166.17000000,Regular
SOLUSDT,2025-11-11 00:00:00.007,-4.5e-05,167.24000000,Regular
SOLUSDT,2025-11-11 08:00:00.000,-0.00020845,163.88464912,Regular
SOLUSDT,2025-11-11 16:00:00.009,-1.407e-05,160.81778947,Regular
SOLUSDT,2025-11-12 00:00:00.000,-2e-05,154.50000000,Regular
SOLUSDT,2025-11-12 08:00:00.002,-0.00015825,154.93373684,Regular
SOLUSDT,2025-11-12 16:00:00.000,-3.65e-05,155.67933757,Regular
SOLUSDT,2025-11-13 00:00:00.002,-8.205e-05,153.31098246,Regular
SOLUSDT,2025-11-13 08:00:00.000,3.785e-05,155.23678766,Regular
SOLUSDT,2025-11-13 16:00:00.001,-1.195e-05,153.07185118,Regular
SOLUSDT,2025-11-14 00:00:00.000,-0.00019091,144.63000000,Regular
SOLUSDT,2025-11-14 08:00:00.000,-9.95e-06,142.77992502,Regular
SOLUSDT,2025-11-14 16:00:00.001,0.0001,142.17000000,Regular
SOLUSDT,2025-11-15 00:00:00.005,0.0001,138.84676133,Regular
SOLUSDT,2025-11-15 08:00:00.000,5.851e-05,142.66000000,Regular
SOLUSDT,2025-11-15 16:00:00.001,-1.324e-05,141.64000000,Regular
SOLUSDT,2025-11-16 00:00:00.001,4.071e-05,139.55000000,Regular
SOLUSDT,2025-11-16 08:00:00.000,7.161e-05,142.23403365,Regular
SOLUSDT,2025-11-16 16:00:00.000,-5.32e-06,137.36000000,Regular
SOLUSDT,2025-11-17 00:00:00.003,0.0001,137.12000000,Regular
SOLUSDT,2025-11-17 08:00:00.003,0.0001,141.26000000,Regular
SOLUSDT,2025-11-17 16:00:00.000,9.994e-05,137.05371218,Regular
SOLUSDT,2025-11-18 00:00:00.002,2.095e-05,130.89000000,Regular
SOLUSDT,2025-11-18 08:00:00.004,0.0001,136.85115942,Regular
SOLUSDT,2025-11-18 16:00:00.000,8.922e-05,139.62000000,Regular
SOLUSDT,2025-11-19 00:00:00.000,2.756e-05,140.61000000,Regular
SOLUSDT,2025-11-19 08:00:00.000,8.916e-05,140.49795401,Regular
SOLUSDT,2025-11-19 16:00:00.008,-6.86e-06,134.54000000,Regular
SOLUSDT,2025-11-20 00:00:00.000,-0.00010212,136.95450283,Regular
SOLUSDT,2025-11-20 08:00:00.000,0.0001,143.74000000,Regular
SOLUSDT,2025-11-20 16:00:00.000,0.0001,138.50378068,Regular
SOLUSDT,2025-11-21 00:00:00.001,-9.397e-05,133.64464663,Regular
SOLUSDT,2025-11-21 08:00:00.000,5.033e-05,127.44857072,Regular
SOLUSDT,2025-11-21 16:00:00.001,-0.00012104,125.34000000,Regular
SOLUSDT,2025-11-22 00:00:00.004,-5.419e-05,128.62901262,Regular
SOLUSDT,2025-11-22 08:00:00.000,-3.816e-05,127.64001836,Regular
SOLUSDT,2025-11-22 16:00:00.000,-5.023e-05,127.06788184,Regular
SOLUSDT,2025-11-23 00:00:00.000,4.294e-05,127.51447344,Regular
SOLUSDT,2025-11-23 08:00:00.008,-4.937e-05,128.80325121,Regular
SOLUSDT,2025-11-23 16:00:00.003,2.945e-05,132.82108304,Regular
SOLUSDT,2025-11-24 00:00:00.004,1.509e-05,130.51213194,Regular
SOLUSDT,2025-11-24 08:00:00.000,3.449e-05,130.24000000,Regular
SOLUSDT,2025-11-24 16:00:00.006,4.57e-06,131.88196885,Regular
SOLUSDT,2025-11-25 00:00:00.000,-4.847e-05,138.38629986,Regular
SOLUSDT,2025-11-25 08:00:00.009,8.543e-05,136.28000000,Regular
SOLUSDT,2025-11-25 16:00:00.007,-0.00018105,134.77000000,Regular
SOLUSDT,2025-11-26 00:00:00.001,-6.75e-06,138.90000000,Regular
SOLUSDT,2025-11-26 08:00:00.001,0.0001,139.84196636,Regular
SOLUSDT,2025-11-26 16:00:00.000,-8.604e-05,136.59395896,Regular
SOLUSDT,2025-11-27 00:00:00.013,8.82e-05,142.94000000,Regular
SOLUSDT,2025-11-27 08:00:00.000,-1.255e-05,143.67216831,Regular
SOLUSDT,2025-11-27 16:00:00.004,2.643e-05,142.08000000,Regular
SOLUSDT,2025-11-28 00:00:00.008,-6.408e-05,140.77000000,Regular
SOLUSDT,2025-11-28 08:00:00.000,-0.00015136,138.89203804,Regular
SOLUSDT,2025-11-28 16:00:00.008,2.204e-05,141.57038176,Regular
SOLUSDT,2025-11-29 00:00:00.000,-8.328e-05,137.27000000,Regular
SOLUSDT,2025-11-29 08:00:00.005,6.1e-05,137.22955869,Regular
SOLUSDT,2025-11-29 16:00:00.001,1.089e-05,137.50025108,Regular
SOLUSDT,2025-11-30 00:00:00.003,7.173e-05,135.84418666,Regular
SOLUSDT,2025-11-30 08:00:00.000,6.664e-05,136.44976485,Regular
SOLUSDT,2025-11-30 16:00:00.004,8.402e-05,138.29000000,Regular
SOLUSDT,2025-12-01 00:00:00.000,0.0001,133.41112660,Regular
SOLUSDT,2025-12-01 08:00:00.004,-9.161e-05,127.32000000,Regular
SOLUSDT,2025-12-01 16:00:00.000,7.07e-06,125.05000000,Regular
SOLUSDT,2025-12-02 00:00:00.004,-6.147e-05,126.57808864,Regular
SOLUSDT,2025-12-02 08:00:00.000,1.549e-05,127.18000000,Regular
SOLUSDT,2025-12-02 16:00:00.000,2.488e-05,137.80371664,Regular
SOLUSDT,2025-12-03 00:00:00.000,0.0001,138.63400240,Regular
SOLUSDT,2025-12-03 08:00:00.000,8.835e-05,141.82000000,Regular
SOLUSDT,2025-12-03 16:00:00.005,6.438e-05,140.94621737,Regular
SOLUSDT,2025-12-04 00:00:00.012,0.0001,144.62460389,Regular
SOLUSDT,2025-12-04 08:00:00.000,7.212e-05,143.38000000,Regular
SOLUSDT,2025-12-04 16:00:00.011,0.0001,143.14234727,Regular
SOLUSDT,2025-12-05 00:00:00.000,2.583e-05,138.95572447,Regular
SOLUSDT,2025-12-05 08:00:00.000,4.599e-05,139.61000000,Regular
SOLUSDT,2025-12-05 16:00:00.010,6.353e-05,134.97261252,Regular
SOLUSDT,2025-12-06 00:00:00.001,-2.519e-05,133.22957320,Regular
SOLUSDT,2025-12-06 08:00:00.001,-1.154e-05,132.64024890,Regular
SOLUSDT,2025-12-06 16:00:00.008,-2.208e-05,132.80000000,Regular
SOLUSDT,2025-12-07 00:00:00.000,4.977e-05,132.14000000,Regular
SOLUSDT,2025-12-07 08:00:00.004,2.491e-05,132.04711702,Regular
SOLUSDT,2025-12-07 16:00:00.000,-4.449e-05,131.96000000,Regular
SOLUSDT,2025-12-08 00:00:00.000,-4.676e-05,132.17000000,Regular
SOLUSDT,2025-12-08 08:00:00.000,6.981e-05,135.79642378,Regular
SOLUSDT,2025-12-08 16:00:00.001,7.621e-05,135.46000000,Regular
SOLUSDT,2025-12-09 00:00:00.001,-4.393e-05,133.19000000,Regular
SOLUSDT,2025-12-09 08:00:00.001,3.189e-05,133.12000000,Regular
SOLUSDT,2025-12-09 16:00:00.007,-1.38e-05,138.40284129,Regular
SOLUSDT,2025-12-10 00:00:00.007,0.0001,137.82000000,Regular
SOLUSDT,2025-12-10 08:00:00.002,2.067e-05,139.13000000,Regular
SOLUSDT,2025-12-10 16:00:00.012,2.31e-05,136.10650823,Regular
SOLUSDT,2025-12-11 00:00:00.001,9.45e-06,136.19000000,Regular
SOLUSDT,2025-12-11 08:00:00.000,-0.00016369,130.94041339,Regular
SOLUSDT,2025-12-11 16:00:00.000,-6.531e-05,131.10957885,Regular
SOLUSDT,2025-12-12 00:00:00.005,9.412e-05,136.37000000,Regular
SOLUSDT,2025-12-12 08:00:00.007,0.0001,139.06300776,Regular
SOLUSDT,2025-12-12 16:00:00.002,0.0001,133.48393222,Regular
SOLUSDT,2025-12-13 00:00:00.001,-7.703e-05,132.19000000,Regular
SOLUSDT,2025-12-13 08:00:00.006,-2.011e-05,132.84106571,Regular
SOLUSDT,2025-12-13 16:00:00.000,-2.083e-05,133.21568344,Regular
SOLUSDT,2025-12-14 00:00:00.000,-1.51e-05,133.05000000,Regular
SOLUSDT,2025-12-14 08:00:00.003,-2.194e-05,133.19767324,Regular
SOLUSDT,2025-12-14 16:00:00.005,-9.436e-05,130.60000000,Regular
SOLUSDT,2025-12-15 00:00:00.000,-9.823e-05,129.28000000,Regular
SOLUSDT,2025-12-15 08:00:00.000,2.213e-05,132.29000000,Regular
SOLUSDT,2025-12-15 16:00:00.000,2.482e-05,126.81163833,Regular
SOLUSDT,2025-12-16 00:00:00.002,-0.00012962,127.72211192,Regular
SOLUSDT,2025-12-16 08:00:00.000,-6.503e-05,125.48641913,Regular
SOLUSDT,2025-12-16 16:00:00.002,6.541e-05,129.67272467,Regular
SOLUSDT,2025-12-17 00:00:00.004,3.595e-05,129.06000000,Regular
SOLUSDT,2025-12-17 08:00:00.000,3.39e-05,128.20729133,Regular
SOLUSDT,2025-12-17 16:00:00.000,5.848e-05,126.72000000,Regular
SOLUSDT,2025-12-18 00:00:00.005,-0.00017374,123.16799135,Regular
SOLUSDT,2025-12-18 08:00:00.007,-3.187e-05,122.76000000,Regular
SOLUSDT,2025-12-18 16:00:00.001,4.877e-05,127.36000000,Regular
SOLUSDT,2025-12-19 00:00:00.000,-3.298e-05,119.53000000,Regular
SOLUSDT,2025-12-19 08:00:00.001,7.363e-05,124.39000000,Regular
SOLUSDT,2025-12-19 16:00:00.000,0.0001,125.02653782,Regular
SOLUSDT,2025-12-20 00:00:00.005,0.0001,126.22000000,Regular
SOLUSDT,2025-12-20 08:00:00.000,6.912e-05,126.13288035,Regular
SOLUSDT,2025-12-20 16:00:00.002,6.936e-05,126.49000000,Regular
SOLUSDT,2025-12-21 00:00:00.000,8.009e-05,125.74000000,Regular
SOLUSDT,2025-12-21 08:00:00.009,9.929e-05,125.25000000,Regular
SOLUSDT,2025-12-21 16:00:00.000,-1.358e-05,124.98986373,Regular
SOLUSDT,2025-12-22 00:00:00.000,3.525e-05,125.97000000,Regular
SOLUSDT,2025-12-22 08:00:00.005,4.368e-05,126.23476123,Regular
SOLUSDT,2025-12-22 16:00:00.009,5.393e-05,128.02000000,Regular
SOLUSDT,2025-12-23 00:00:00.000,-6.2e-05,125.86000000,Regular
SOLUSDT,2025-12-23 08:00:00.000,2.113e-05,124.14000000,Regular
SOLUSDT,2025-12-23 16:00:00.001,-7.533e-05,123.29860916,Regular
SOLUSDT,2025-12-24 00:00:00.001,7.105e-05,123.95000000,Regular
SOLUSDT,2025-12-24 08:00:00.001,-3.47e-06,121.24000000,Regular
SOLUSDT,2025-12-24 16:00:00.000,2.942e-05,122.68869200,Regular
SOLUSDT,2025-12-25 00:00:00.000,0.0001,122.49000000,Regular
SOLUSDT,2025-12-25 08:00:00.001,0.0001,122.25000000,Regular
SOLUSDT,2025-12-25 16:00:00.005,2.98e-05,123.60000000,Regular
SOLUSDT,2025-12-26 00:00:00.004,8.16e-05,119.96972657,Regular
SOLUSDT,2025-12-26 08:00:00.001,4.708e-05,122.67000000,Regular
SOLUSDT,2025-12-26 16:00:00.007,0.0001,121.49767409,Regular
SOLUSDT,2025-12-27 00:00:00.000,4.89e-06,122.21862911,Regular
SOLUSDT,2025-12-27 08:00:00.000,0.0001,123.11000000,Regular
SOLUSDT,2025-12-27 16:00:00.011,0.0001,123.26000000,Regular
SOLUSDT,2025-12-28 00:00:00.008,0.0001,124.67000000,Regular
SOLUSDT,2025-12-28 08:00:00.000,0.0001,124.17000000,Regular
SOLUSDT,2025-12-28 16:00:00.000,0.0001,124.40000000,Regular
SOLUSDT,2025-12-29 00:00:00.016,5.464e-05,125.22000000,Regular
SOLUSDT,2025-12-29 08:00:00.001,0.0001,127.83000000,Regular
SOLUSDT,2025-12-29 16:00:00.000,-3.375e-05,123.36978281,Regular
SOLUSDT,2025-12-30 00:00:00.005,-2.097e-05,123.19847985,Regular
SOLUSDT,2025-12-30 08:00:00.001,-3.541e-05,123.94000000,Regular
SOLUSDT,2025-12-30 16:00:00.003,0.0001,125.11000000,Regular
SOLUSDT,2025-12-31 00:00:00.004,0.0001,124.92806357,Regular
SOLUSDT,2025-12-31 08:00:00.001,2.078e-05,125.91502538,Regular
SOLUSDT,2025-12-31 16:00:00.001,0.0001,125.54000000,Regular
SOLUSDT,2026-01-01 00:00:00.008,2.778e-05,124.58353366,Regular
SOLUSDT,2026-01-01 08:00:00.002,1.759e-05,124.19000000,Regular
SOLUSDT,2026-01-01 16:00:00.001,2.227e-05,124.90000000,Regular
SOLUSDT,2026-01-02 00:00:00.006,0.0001,126.83802867,Regular
SOLUSDT,2026-01-02 08:00:00.007,0.0001,127.10000000,Regular
SOLUSDT,2026-01-02 16:00:00.000,0.0001,128.95000000,Regular
SOLUSDT,2026-01-03 00:00:00.001,0.0001,132.24000000,Regular
SOLUSDT,2026-01-03 08:00:00.000,8.286e-05,130.04561207,Regular
SOLUSDT,2026-01-03 16:00:00.000,6.427e-05,131.41171045,Regular
SOLUSDT,2026-01-04 00:00:00.000,0.0001,133.31000000,Regular
SOLUSDT,2026-01-04 08:00:00.000,4.499e-05,133.76582109,Regular
SOLUSDT,2026-01-04 16:00:00.001,4.667e-05,134.83875265,Regular
SOLUSDT,2026-01-05 00:00:00.000,5.164e-05,134.05546468,Regular
SOLUSDT,2026-01-05 08:00:00.000,1.007e-05,135.34642229,Regular
SOLUSDT,2026-01-05 16:00:00.000,1.357e-05,136.11752274,Regular
SOLUSDT,2026-01-06 00:00:00.010,0.0001,137.85000000,Regular
SOLUSDT,2026-01-06 08:00:00.000,3.473e-05,137.52000000,Regular
SOLUSDT,2026-01-06 16:00:00.000,0.0001,141.56000000,Regular
SOLUSDT,2026-01-07 00:00:00.001,0.0001,141.03000000,Regular
SOLUSDT,2026-01-07 08:00:00.001,-1.47e-06,139.31000000,Regular
SOLUSDT,2026-01-07 16:00:00.001,-4.471e-05,135.62000000,Regular
SOLUSDT,2026-01-08 00:00:00.001,2.799e-05,136.32000000,Regular
SOLUSDT,2026-01-08 08:00:00.000,7.768e-05,135.82000000,Regular
SOLUSDT,2026-01-08 16:00:00.000,8.5e-07,136.35028542,Regular
SOLUSDT,2026-01-09 00:00:00.003,0.0001,138.29702508,Regular
SOLUSDT,2026-01-09 08:00:00.000,9.569e-05,139.51000000,Regular
SOLUSDT,2026-01-09 16:00:00.001,0.0001,138.76000000,Regular
SOLUSDT,2026-01-10 00:00:00.000,-9.725e-05,135.89376587,Regular
SOLUSDT,2026-01-10 08:00:00.002,-6.589e-05,136.00030780,Regular
SOLUSDT,2026-01-10 16:00:00.001,-1.82e-06,136.35788816,Regular
SOLUSDT,2026-01-11 00:00:00.003,8.687e-05,135.78000000,Regular
SOLUSDT,2026-01-11 08:00:00.006,0.0001,136.13736255,Regular
SOLUSDT,2026-01-11 16:00:00.000,4.403e-05,138.38000000,Regular
SOLUSDT,2026-01-12 00:00:00.005,0.0001,139.66275279,Regular
SOLUSDT,2026-01-12 08:00:00.000,0.0001,141.34000000,Regular
SOLUSDT,2026-01-12 16:00:00.000,3.69e-05,142.55000000,Regular
SOLUSDT,2026-01-13 00:00:00.007,3.697e-05,139.13546452,Regular
SOLUSDT,2026-01-13 08:00:00.009,2.223e-05,139.88787790,Regular
SOLUSDT,2026-01-13 16:00:00.002,0.0001,143.44648096,Regular
SOLUSDT,2026-01-14 00:00:00.000,0.0001,145.47779433,Regular
SOLUSDT,2026-01-14 08:00:00.001,0.0001,144.81000000,Regular
SOLUSDT,2026-01-14 16:00:00.004,9.806e-05,147.03000000,Regular
SOLUSDT,2026-01-15 00:00:00.000,0.0001,146.61718185,Regular
SOLUSDT,2026-01-15 08:00:00.004,9.75e-06,144.94000000,Regular
SOLUSDT,2026-01-15 16:00:00.002,-1.293e-05,143.44941339,Regular
SOLUSDT,2026-01-16 00:00:00.000,-4.172e-05,142.32580280,Regular
SOLUSDT,2026-01-16 08:00:00.000,-1.717e-05,142.85000000,Regular
SOLUSDT,2026-01-16 16:00:00.001,1.27e-05,140.68636363,Regular
SOLUSDT,2026-01-17 00:00:00.000,0.0001,144.83599855,Regular
SOLUSDT,2026-01-17 08:00:00.000,7.146e-05,143.56213667,Regular
SOLUSDT,2026-01-17 16:00:00.002,-1.012e-05,144.26153099,Regular
SOLUSDT,2026-01-18 00:00:00.001,1.596e-05,143.67292804,Regular
SOLUSDT,2026-01-18 08:00:00.000,-9.483e-05,142.03184718,Regular
SOLUSDT,2026-01-18 16:00:00.000,-3.06e-05,141.91242695,Regular
SOLUSDT,2026-01-19 00:00:00.007,-1.163e-05,137.79000000,Regular
SOLUSDT,2026-01-19 08:00:00.007,2.229e-05,133.39860337,Regular
SOLUSDT,2026-01-19 16:00:00.007,9.979e-05,133.47754611,Regular
SOLUSDT,2026-01-20 00:00:00.005,2.304e-05,133.39000000,Regular
SOLUSDT,2026-01-20 08:00:00.001,8.389e-05,130.58145684,Regular
SOLUSDT,2026-01-20 16:00:00.009,-6.674e-05,127.78709444,Regular
SOLUSDT,2026-01-21 00:00:00.001,2.13e-06,125.73063535,Regular
SOLUSDT,2026-01-21 08:00:00.011,-2.73e-05,127.53000000,Regular
SOLUSDT,2026-01-21 16:00:00.011,3.81e-06,130.38000000,Regular
SOLUSDT,2026-01-22 00:00:00.010,6.571e-05,129.48000000,Regular
SOLUSDT,2026-01-22 08:00:00.003,-6.167e-05,129.72000000,Regular
SOLUSDT,2026-01-22 16:00:00.005,-6.749e-05,127.35822098,Regular
SOLUSDT,2026-01-23 00:00:00.005,-1.016e-05,128.41000000,Regular
SOLUSDT,2026-01-23 08:00:00.000,1.237e-05,127.84286467,Regular
SOLUSDT,2026-01-23 16:00:00.011,-6.703e-05,127.85000000,Regular
SOLUSDT,2026-01-24 00:00:00.011,-1.852e-05,127.37000000,Regular
SOLUSDT,2026-01-24 08:00:00.002,-9.28e-06,127.06378911,Regular
SOLUSDT,2026-01-24 16:00:00.001,5.43e-06,126.77256865,Regular
SOLUSDT,2026-01-25 00:00:00.002,-7.297e-05,127.13647591,Regular
SOLUSDT,2026-01-25 08:00:00.011,-3.952e-05,126.40892978,Regular
SOLUSDT,2026-01-25 16:00:00.005,5.353e-05,125.51419737,Regular
SOLUSDT,2026-01-26 00:00:00.000,-0.00020746,118.77551437,Regular
SOLUSDT,2026-01-26 08:00:00.003,7.17e-06,122.85000000,Regular
SOLUSDT,2026-01-26 16:00:00.000,2.194e-05,123.46000000,Regular
SOLUSDT,2026-01-27 00:00:00.002,8.056e-05,124.18000000,Regular
SOLUSDT,2026-01-27 08:00:00.000,7.857e-05,124.45982222,Regular
SOLUSDT,2026-01-27 16:00:00.000,2.427e-05,124.96456833,Regular
SOLUSDT,2026-01-28 00:00:00.000,8.604e-05,127.12000000,Regular
SOLUSDT,2026-01-28 08:00:00.000,6.014e-05,127.04000000,Regular
SOLUSDT,2026-01-28 16:00:00.000,3.305e-05,126.01000000,Regular
SOLUSDT,2026-01-29 00:00:00.000,1.45e-05,125.29000000,Regular
SOLUSDT,2026-01-29 08:00:00.009,-5.141e-05,123.71000000,Regular
SOLUSDT,2026-01-29 16:00:00.000,-7.62e-05,117.59121661,Regular
SOLUSDT,2026-01-30 00:00:00.008,-0.000182,117.73589308,Regular
SOLUSDT,2026-01-30 08:00:00.000,-8.985e-05,115.73712653,Regular
SOLUSDT,2026-01-30 16:00:00.001,-4.603e-05,116.76665474,Regular
SOLUSDT,2026-01-31 00:00:00.000,-4.73e-06,117.53000000,Regular
SOLUSDT,2026-01-31 08:00:00.001,-0.00019176,117.30000000,Regular
SOLUSDT,2026-01-31 16:00:00.009,-0.00015483,108.57309709,Regular
SOLUSDT,2026-02-01 00:00:00.001,-0.00069212,105.43000000,Regular
SOLUSDT,2026-02-01 08:00:00.004,-0.00019219,105.14612407,Regular
SOLUSDT,2026-02-01 16:00:00.000,-8.954e-05,101.61000000,Regular
SOLUSDT,2026-02-02 00:00:00.000,-0.00014659,100.72000000,Regular
SOLUSDT,2026-02-02 08:00:00.014,-7.189e-05,101.39000000,Regular
SOLUSDT,2026-02-02 16:00:00.000,-5.479e-05,104.62139390,Regular
SOLUSDT,2026-02-03 00:00:00.000,-0.00012874,104.47417437,Regular
SOLUSDT,2026-02-03 08:00:00.007,-9.347e-05,104.63000000,Regular
SOLUSDT,2026-02-03 16:00:00.000,-0.00016414,102.52093071,Regular
SOLUSDT,2026-02-04 00:00:00.002,-0.00017777,97.81694967,Regular
SOLUSDT,2026-02-04 08:00:00.007,-0.00047041,97.83000000,Regular
SOLUSDT,2026-02-04 16:00:00.000,-0.00033402,92.69000000,Regular
SOLUSDT,2026-02-05 00:00:00.011,-2.794e-05,92.07483339,Regular
SOLUSDT,2026-02-05 08:00:00.000,9.48e-06,90.50000000,Regular
SOLUSDT,2026-02-05 16:00:00.007,-2.324e-05,84.53637247,Regular
SOLUSDT,2026-02-06 00:00:00.000,-0.00016041,78.29703527,Regular
SOLUSDT,2026-02-06 08:00:00.001,-0.00043701,79.48000000,Regular
SOLUSDT,2026-02-06 16:00:00.000,-0.00055144,84.39000000,Regular
SOLUSDT,2026-02-07 00:00:00.003,-0.00053126,87.41000000,Regular
SOLUSDT,2026-02-07 08:00:00.000,-0.00024143,85.26068912,Regular
SOLUSDT,2026-02-07 16:00:00.010,-0.00015393,86.51000000,Regular
SOLUSDT,2026-02-08 00:00:00.003,-0.00028211,87.52246626,Regular
SOLUSDT,2026-02-08 08:00:00.000,-0.00039857,87.32125481,Regular
SOLUSDT,2026-02-08 16:00:00.000,-0.00030758,87.72000000,Regular
SOLUSDT,2026-02-09 00:00:00.002,-0.00018599,86.92825337,Regular
SOLUSDT,2026-02-09 08:00:00.001,-0.00015733,85.43000000,Regular
SOLUSDT,2026-02-09 16:00:00.007,-1.919e-05,85.26000000,Regular
SOLUSDT,2026-02-10 00:00:00.000,-0.00012797,86.71341251,Regular
SOLUSDT,2026-02-10 08:00:00.007,-9.266e-05,84.58000000,Regular
SOLUSDT,2026-02-10 16:00:00.000,-0.00015079,84.25000000,Regular
SOLUSDT,2026-02-11 00:00:00.000,3.598e-05,82.96000000,Regular
SOLUSDT,2026-02-11 08:00:00.006,-9.212e-05,80.96000000,Regular
SOLUSDT,2026-02-11 16:00:00.000,-8.635e-05,79.66036535,Regular
SOLUSDT,2026-02-12 00:00:00.000,-0.0001924,79.26506784,Regular
SOLUSDT,2026-02-12 08:00:00.001,-7.372e-05,80.72583313,Regular
SOLUSDT,2026-02-12 16:00:00.001,-0.00016709,80.06714162,Regular
SOLUSDT,2026-02-13 00:00:00.007,-4.022e-05,78.37000000,Regular
SOLUSDT,2026-02-13 08:00:00.003,-6.12e-06,78.93168824,Regular
SOLUSDT,2026-02-13 16:00:00.005,7.1e-06,83.15602904,Regular
SOLUSDT,2026-02-14 00:00:00.002,2.902e-05,84.28000000,Regular
SOLUSDT,2026-02-14 08:00:00.004,-7.743e-05,85.13000000,Regular
SOLUSDT,2026-02-14 16:00:00.002,-5.619e-05,87.39000000,Regular
SOLUSDT,2026-02-15 00:00:00.000,-0.00017847,88.01000000,Regular
SOLUSDT,2026-02-15 08:00:00.002,-1.01e-05,90.68000000,Regular
SOLUSDT,2026-02-15 16:00:00.000,5.339e-05,87.36140729,Regular
SOLUSDT,2026-02-16 00:00:00.001,-4.817e-05,86.10000000,Regular
SOLUSDT,2026-02-16 08:00:00.003,-6.6e-06,85.01000000,Regular
SOLUSDT,2026-02-16 16:00:00.000,-0.00015888,83.16000000,Regular
SOLUSDT,2026-02-17 00:00:00.008,-3.812e-05,86.40000000,Regular
SOLUSDT,2026-02-17 08:00:00.001,-5.851e-05,86.42000000,Regular
SOLUSDT,2026-02-17 16:00:00.002,-0.00012454,83.76000000,Regular
SOLUSDT,2026-02-18 00:00:00.000,-9.696e-05,85.03000000,Regular
SOLUSDT,2026-02-18 08:00:00.000,-3.984e-05,85.22000000,Regular
SOLUSDT,2026-02-18 16:00:00.011,-0.0002287,82.95751549,Regular
SOLUSDT,2026-02-19 00:00:00.013,-0.00012426,81.54887179,Regular
SOLUSDT,2026-02-19 08:00:00.000,-0.00012365,82.35328832,Regular
SOLUSDT,2026-02-19 16:00:00.003,3.106e-05,80.58635694,Regular
SOLUSDT,2026-02-20 00:00:00.000,2.253e-05,82.46000000,Regular
SOLUSDT,2026-02-20 08:00:00.000,-9.514e-05,83.39413085,Regular
SOLUSDT,2026-02-20 16:00:00.000,3.03e-06,84.33000000,Regular
SOLUSDT,2026-02-21 00:00:00.004,5.856e-05,84.62000000,Regular
SOLUSDT,2026-02-21 08:00:00.000,-9.185e-05,84.18000000,Regular
SOLUSDT,2026-02-21 16:00:00.005,-6.16e-06,86.52000000,Regular
SOLUSDT,2026-02-22 00:00:00.001,-5.057e-05,85.13000000,Regular
SOLUSDT,2026-02-22 08:00:00.004,-0.00010584,85.19257546,Regular
SOLUSDT,2026-02-22 16:00:00.000,-6.575e-05,83.45453353,Regular
SOLUSDT,2026-02-23 00:00:00.001,-7.447e-05,82.75000000,Regular
SOLUSDT,2026-02-23 08:00:00.000,-0.00053535,79.33364570,Regular
SOLUSDT,2026-02-23 16:00:00.000,-0.00014788,79.37381545,Regular
SOLUSDT,2026-02-24 00:00:00.007,-4.143e-05,77.87000000,Regular
SOLUSDT,2026-02-24 08:00:00.000,-7.491e-05,76.81006723,Regular
SOLUSDT,2026-02-24 16:00:00.001,-5.768e-05,77.25000000,Regular
SOLUSDT,2026-02-25 00:00:00.001,-0.00017258,78.90000000,Regular
SOLUSDT,2026-02-25 08:00:00.007,6.827e-05,82.14389088,Regular
SOLUSDT,2026-02-25 16:00:00.000,6.24e-05,85.95238390,Regular
SOLUSDT,2026-02-26 00:00:00.000,0.0001,88.01403517,Regular
SOLUSDT,2026-02-26 08:00:00.006,1.584e-05,87.20168246,Regular
SOLUSDT,2026-02-26 16:00:00.002,-6.714e-05,86.51000000,Regular
SOLUSDT,2026-02-27 00:00:00.007,-2.35e-06,85.87000000,Regular
SOLUSDT,2026-02-27 08:00:00.000,-8.411e-05,87.27350697,Regular
SOLUSDT,2026-02-27 16:00:00.001,-0.00018881,82.64000000,Regular
SOLUSDT,2026-02-28 00:00:00.000,5.04e-06,81.80000000,Regular
SOLUSDT,2026-02-28 08:00:00.000,-0.00020116,78.66000000,Regular
SOLUSDT,2026-02-28 16:00:00.004,-0.00022315,80.86754461,Regular
SOLUSDT,2026-03-01 00:00:00.005,-4.585e-05,84.30664941,Regular
SOLUSDT,2026-03-01 08:00:00.000,0.0001,86.58000000,Regular
SOLUSDT,2026-03-01 16:00:00.002,5.377e-05,85.61000000,Regular
SOLUSDT,2026-03-02 00:00:00.001,2.413e-05,83.55000000,Regular
SOLUSDT,2026-03-02 08:00:00.007,-8.58e-05,82.90000000,Regular
SOLUSDT,2026-03-02 16:00:00.000,-1.424e-05,88.75543251,Regular
SOLUSDT,2026-03-03 00:00:00.000,-3.622e-05,86.60000000,Regular
SOLUSDT,2026-03-03 08:00:00.000,-6.186e-05,85.53754436,Regular
SOLUSDT,2026-03-03 16:00:00.007,-0.00014862,84.99000000,Regular
SOLUSDT,2026-03-04 00:00:00.001,3.07e-06,86.92585871,Regular
SOLUSDT,2026-03-04 08:00:00.005,1.145e-05,87.40688987,Regular
SOLUSDT,2026-03-04 16:00:00.000,2.4e-05,92.89000000,Regular
SOLUSDT,2026-03-05 00:00:00.000,5.985e-05,90.82713925,Regular
SOLUSDT,2026-03-05 08:00:00.000,-7.723e-05,90.10216298,Regular
SOLUSDT,2026-03-05 16:00:00.004,-0.00011105,89.55668754,Regular
SOLUSDT,2026-03-06 00:00:00.001,6.362e-05,88.72836530,Regular
SOLUSDT,2026-03-06 08:00:00.001,-7.936e-05,88.65000000,Regular
SOLUSDT,2026-03-06 16:00:00.004,-0.00013058,84.57942747,Regular
SOLUSDT,2026-03-07 00:00:00.001,-6.121e-05,84.65169316,Regular
SOLUSDT,2026-03-07 08:00:00.012,2.98e-06,84.27000000,Regular
SOLUSDT,2026-03-07 16:00:00.001,-0.00012228,83.69000000,Regular
SOLUSDT,2026-03-08 00:00:00.001,-0.00010523,83.16471608,Regular
SOLUSDT,2026-03-08 08:00:00.000,-0.00016925,82.90461995,Regular
SOLUSDT,2026-03-08 16:00:00.002,-0.00019962,82.01088821,Regular
SOLUSDT,2026-03-09 00:00:00.000,-0.00010144,81.57000000,Regular
SOLUSDT,2026-03-09 08:00:00.004,-8.215e-05,83.11000000,Regular
SOLUSDT,2026-03-09 16:00:00.003,-1.812e-05,85.01042437,Regular
SOLUSDT,2026-03-10 00:00:00.012,3.046e-05,84.91693406,Regular
SOLUSDT,2026-03-10 08:00:00.002,6.257e-05,86.66075123,Regular
SOLUSDT,2026-03-10 16:00:00.001,-1.909e-05,88.31000000,Regular
SOLUSDT,2026-03-11 00:00:00.000,6.61e-06,85.83000000,Regular
SOLUSDT,2026-03-11 08:00:00.007,-9.673e-05,85.39000000,Regular
SOLUSDT,2026-03-11 16:00:00.010,-0.00010183,85.37000000,Regular
SOLUSDT,2026-03-12 00:00:00.000,4.554e-05,86.53000000,Regular
SOLUSDT,2026-03-12 08:00:00.000,-0.00016439,85.78000000,Regular
SOLUSDT,2026-03-12 16:00:00.000,-3.63e-06,86.53000000,Regular
SOLUSDT,2026-03-13 00:00:00.006,7.234e-05,86.80000000,Regular
SOLUSDT,2026-03-13 08:00:00.001,7.241e-05,88.63000000,Regular
SOLUSDT,2026-03-13 16:00:00.000,9.095e-05,89.42798954,Regular
SOLUSDT,2026-03-14 00:00:00.001,-2.65e-05,88.12000000,Regular
SOLUSDT,2026-03-14 08:00:00.000,-6.738e-05,87.28263723,Regular
SOLUSDT,2026-03-14 16:00:00.007,-9.915e-05,86.68000000,Regular
SOLUSDT,2026-03-15 00:00:00.000,-0.00010764,88.00000000,Regular
SOLUSDT,2026-03-15 08:00:00.000,-5.506e-05,88.18187400,Regular
SOLUSDT,2026-03-15 16:00:00.000,1.663e-05,87.86000000,Regular
SOLUSDT,2026-03-16 00:00:00.000,9.583e-05,92.29000000,Regular
SOLUSDT,2026-03-16 08:00:00.010,0.0001,93.54000000,Regular
SOLUSDT,2026-03-16 16:00:00.000,5.241e-05,93.14000000,Regular
SOLUSDT,2026-03-17 00:00:00.000,8.675e-05,96.15546577,Regular
SOLUSDT,2026-03-17 08:00:00.002,4.97e-06,94.38000000,Regular
SOLUSDT,2026-03-17 16:00:00.011,-1.43e-05,93.77000000,Regular
SOLUSDT,2026-03-18 00:00:00.002,-8.83e-06,94.57000000,Regular
SOLUSDT,2026-03-18 08:00:00.002,-4.951e-05,93.89326824,Regular
SOLUSDT,2026-03-18 16:00:00.005,-6.465e-05,89.31735445,Regular
SOLUSDT,2026-03-19 00:00:00.000,-0.00010064,90.03196863,Regular
SOLUSDT,2026-03-19 08:00:00.003,-1.65e-06,89.38274806,Regular
SOLUSDT,2026-03-19 16:00:00.003,-3.8e-06,87.57162408,Regular
SOLUSDT,2026-03-20 00:00:00.002,3.87e-06,88.85000000,Regular
SOLUSDT,2026-03-20 08:00:00.000,-4.929e-05,89.32032084,Regular
SOLUSDT,2026-03-20 16:00:00.000,-6.064e-05,88.91436860,Regular
SOLUSDT,2026-03-21 00:00:00.000,2.431e-05,89.81000000,Regular
SOLUSDT,2026-03-21 08:00:00.000,-1.16e-05,90.09000000,Regular
SOLUSDT,2026-03-21 16:00:00.014,-0.00012136,89.78000000,Regular
SOLUSDT,2026-03-22 00:00:00.012,-0.00012994,87.51000000,Regular
SOLUSDT,2026-03-22 08:00:00.007,-0.00013452,87.65000000,Regular
SOLUSDT,2026-03-22 16:00:00.002,-0.00012882,87.52921056,Regular
SOLUSDT,2026-03-23 00:00:00.000,-6.305e-05,86.17476311,Regular
SOLUSDT,2026-03-23 08:00:00.003,-1.921e-05,85.93000000,Regular
SOLUSDT,2026-03-23 16:00:00.002,4.974e-05,89.91000000,Regular
SOLUSDT,2026-03-24 00:00:00.000,0.0001,91.40000000,Regular
SOLUSDT,2026-03-24 08:00:00.000,2.758e-05,91.70000000,Regular
SOLUSDT,2026-03-24 16:00:00.003,-0.00011027,89.69000000,Regular
SOLUSDT,2026-03-25 00:00:00.000,-4.578e-05,90.75217934,Regular
SOLUSDT,2026-03-25 08:00:00.000,6.687e-05,91.78000000,Regular
SOLUSDT,2026-03-25 16:00:00.013,9.615e-05,91.73664664,Regular
SOLUSDT,2026-03-26 00:00:00.001,8.033e-05,91.65490413,Regular
SOLUSDT,2026-03-26 08:00:00.001,-0.00019611,89.04000000,Regular
SOLUSDT,2026-03-26 16:00:00.000,-0.00022349,87.47489853,Regular
SOLUSDT,2026-03-27 00:00:00.006,-0.00022517,86.47056766,Regular
SOLUSDT,2026-03-27 08:00:00.000,-0.00019053,85.86000000,Regular
SOLUSDT,2026-03-27 16:00:00.000,-0.0003981,83.25108506,Regular
SOLUSDT,2026-03-28 00:00:00.005,-0.00028259,83.04000000,Regular
SOLUSDT,2026-03-28 08:00:00.005,-0.00021298,83.55000000,Regular
SOLUSDT,2026-03-28 16:00:00.000,-0.00016926,83.75000000,Regular
SOLUSDT,2026-03-29 00:00:00.003,-0.00030226,82.01985075,Regular
SOLUSDT,2026-03-29 08:00:00.001,-0.00023173,82.39926748,Regular
SOLUSDT,2026-03-29 16:00:00.000,-0.00014871,81.75000000,Regular
SOLUSDT,2026-03-30 00:00:00.000,-0.00027324,81.33633904,Regular
SOLUSDT,2026-03-30 08:00:00.005,-7.1e-06,83.98000000,Regular
SOLUSDT,2026-03-30 16:00:00.000,-1.962e-05,84.46000000,Regular
SOLUSDT,2026-03-31 00:00:00.000,-8.653e-05,82.51000000,Regular
SOLUSDT,2026-03-31 08:00:00.000,3.994e-05,83.06000000,Regular
SOLUSDT,2026-03-31 16:00:00.000,-0.0001383,80.82000000,Regular
SOLUSDT,2026-04-01 00:00:00.000,1.608e-05,83.15000000,Regular
SOLUSDT,2026-04-01 08:00:00.000,-6.42e-06,83.80000000,Regular
SOLUSDT,2026-04-01 16:00:00.000,-1.877e-05,83.58217839,Regular
SOLUSDT,2026-04-02 00:00:00.003,1.042e-05,81.14392049,Regular
SOLUSDT,2026-04-02 08:00:00.001,-0.00023581,79.59000000,Regular
SOLUSDT,2026-04-02 16:00:00.001,-6.199e-05,79.01000000,Regular
SOLUSDT,2026-04-03 00:00:00.000,-6.8e-06,78.91000000,Regular
SOLUSDT,2026-04-03 08:00:00.008,-2.576e-05,79.90000000,Regular
SOLUSDT,2026-04-03 16:00:00.008,4.323e-05,80.29000000,Regular
SOLUSDT,2026-04-04 00:00:00.000,-4.223e-05,80.35000000,Regular
SOLUSDT,2026-04-04 08:00:00.003,-7.014e-05,80.27348478,Regular
SOLUSDT,2026-04-04 16:00:00.000,-3.973e-05,81.06000000,Regular
SOLUSDT,2026-04-05 00:00:00.008,-4.086e-05,80.80000000,Regular
SOLUSDT,2026-04-05 08:00:00.000,-9.381e-05,79.55921111,Regular
SOLUSDT,2026-04-05 16:00:00.001,-7.917e-05,79.55126527,Regular
SOLUSDT,2026-04-06 00:00:00.004,-1.272e-05,81.86000000,Regular
SOLUSDT,2026-04-06 08:00:00.001,7.896e-05,81.76929809,Regular
SOLUSDT,2026-04-06 16:00:00.003,-1.845e-05,82.24818036,Regular
SOLUSDT,2026-04-07 00:00:00.000,-0.00010287,79.98000000,Regular
SOLUSDT,2026-04-07 08:00:00.000,-0.00021212,79.81364852,Regular
SOLUSDT,2026-04-07 16:00:00.000,-6.822e-05,78.82883087,Regular
SOLUSDT,2026-04-08 00:00:00.000,0.0001,85.53000000,Regular
SOLUSDT,2026-04-08 08:00:00.000,0.0001,84.48095139,Regular
SOLUSDT,2026-04-08 16:00:00.006,0.0001,83.30147361,Regular
SOLUSDT,2026-04-09 00:00:00.000,4.258e-05,82.52476453,Regular
SOLUSDT,2026-04-09 08:00:00.010,-1.292e-05,82.24227732,Regular
SOLUSDT,2026-04-09 16:00:00.001,2.462e-05,83.70000000,Regular
SOLUSDT,2026-04-10 00:00:00.000,0.0001,83.28958469,Regular
SOLUSDT,2026-04-10 08:00:00.005,1e-06,82.92255636,Regular
SOLUSDT,2026-04-10 16:00:00.000,8.338e-05,84.20000000,Regular
SOLUSDT,2026-04-11 00:00:00.000,4.33e-05,84.78462873,Regular
SOLUSDT,2026-04-11 08:00:00.000,-1.872e-05,84.22717811,Regular
SOLUSDT,2026-04-11 16:00:00.003,-1.22e-05,84.63000000,Regular
SOLUSDT,2026-04-12 00:00:00.000,0.0001,84.89158292,Regular
SOLUSDT,2026-04-12 08:00:00.000,-0.00011509,82.23000000,Regular
SOLUSDT,2026-04-12 16:00:00.000,-6.761e-05,81.55000000,Regular
SOLUSDT,2026-04-13 00:00:00.011,3.827e-05,81.48000000,Regular
SOLUSDT,2026-04-13 08:00:00.006,-9.36e-06,82.13000000,Regular
SOLUSDT,2026-04-13 16:00:00.000,0.0001,82.63000000,Regular
SOLUSDT,2026-04-14 00:00:00.005,0.0001,86.50000000,Regular
SOLUSDT,2026-04-14 08:00:00.003,0.0001,85.86000000,Regular
SOLUSDT,2026-04-14 16:00:00.001,0.0001,85.93000000,Regular
SOLUSDT,2026-04-15 00:00:00.000,1.64e-06,83.66985558,Regular
SOLUSDT,2026-04-15 08:00:00.000,-9.128e-05,82.88000000,Regular
SOLUSDT,2026-04-15 16:00:00.000,-2.279e-05,83.97373820,Regular
SOLUSDT,2026-04-16 00:00:00.013,0.0001,84.86000000,Regular
SOLUSDT,2026-04-16 08:00:00.000,0.0001,85.15450625,Regular
SOLUSDT,2026-04-16 16:00:00.000,7.305e-05,86.58000000,Regular
SOLUSDT,2026-04-17 00:00:00.001,0.0001,89.03000000,Regular
SOLUSDT,2026-04-17 08:00:00.011,3.085e-05,88.10000000,Regular
SOLUSDT,2026-04-17 16:00:00.001,1.016e-05,89.90243676,Regular
SOLUSDT,2026-04-18 00:00:00.001,2.64e-06,88.71505425,Regular
SOLUSDT,2026-04-18 08:00:00.006,-8.193e-05,88.39671365,Regular
SOLUSDT,2026-04-18 16:00:00.000,-7.993e-05,86.70366441,Regular
SOLUSDT,2026-04-19 00:00:00.002,-6.547e-05,86.11000000,Regular
SOLUSDT,2026-04-19 08:00:00.010,-9.117e-05,84.82380593,Regular
SOLUSDT,2026-04-19 16:00:00.001,-7.527e-05,86.31197204,Regular
SOLUSDT,2026-04-20 00:00:00.000,-8.585e-05,83.41000000,Regular
SOLUSDT,2026-04-20 08:00:00.000,-1.265e-05,84.70000000,Regular
SOLUSDT,2026-04-20 16:00:00.001,4.88e-05,85.82888647,Regular
SOLUSDT,2026-04-21 00:00:00.000,8.917e-05,85.24610624,Regular
SOLUSDT,2026-04-21 08:00:00.004,2.729e-05,85.65000000,Regular
SOLUSDT,2026-04-21 16:00:00.004,-7.3e-07,86.00000000,Regular
SOLUSDT,2026-04-22 00:00:00.004,6.371e-05,86.00000000,Regular
SOLUSDT,2026-04-22 08:00:00.000,0.0001,88.03076525,Regular
SOLUSDT,2026-04-22 16:00:00.000,0.0001,88.13424570,Regular
SOLUSDT,2026-04-23 00:00:00.000,8.553e-05,86.83162359,Regular
SOLUSDT,2026-04-23 08:00:00.000,-4.21e-05,85.86000000,Regular
SOLUSDT,2026-04-23 16:00:00.004,1.908e-05,86.30817354,Regular
SOLUSDT,2026-04-24 00:00:00.006,-7.719e-05,86.08000000,Regular
SOLUSDT,2026-04-24 08:00:00.000,-2.981e-05,85.45000000,Regular
SOLUSDT,2026-04-24 16:00:00.000,-5.314e-05,86.47899113,Regular
SOLUSDT,2026-04-25 00:00:00.000,5.235e-05,86.13327371,Regular
SOLUSDT,2026-04-25 08:00:00.002,1.927e-05,86.32000000,Regular
SOLUSDT,2026-04-25 16:00:00.002,-5.575e-05,86.18000000,Regular
SOLUSDT,2026-04-26 00:00:00.003,-4.604e-05,86.13000000,Regular
SOLUSDT,2026-04-26 08:00:00.007,9.411e-05,86.59225627,Regular
SOLUSDT,2026-04-26 16:00:00.004,-3.44e-06,86.50000000,Regular
SOLUSDT,2026-04-27 00:00:00.004,-1.262e-05,86.87723102,Regular
SOLUSDT,2026-04-27 08:00:00.000,-2.08e-05,85.21000000,Regular
SOLUSDT,2026-04-27 16:00:00.002,-0.00011407,84.10375475,Regular
SOLUSDT,2026-04-28 00:00:00.001,-0.00011394,84.78027685,Regular
SOLUSDT,2026-04-28 08:00:00.000,8.41e-06,83.96785907,Regular
SOLUSDT,2026-04-28 16:00:00.004,-4.511e-05,83.43000000,Regular
SOLUSDT,2026-04-29 00:00:00.006,-1.641e-05,84.02000000,Regular
SOLUSDT,2026-04-29 08:00:00.011,7.892e-05,84.67000000,Regular
SOLUSDT,2026-04-29 16:00:00.003,-6.745e-05,83.19722325,Regular
SOLUSDT,2026-04-30 00:00:00.002,-3.778e-05,83.01000000,Regular
SOLUSDT,2026-04-30 08:00:00.000,7.422e-05,83.32000000,Regular
SOLUSDT,2026-04-30 16:00:00.000,7.585e-05,83.31000000,Regular
SOLUSDT,2026-05-01 00:00:00.000,6.01e-05,83.04780485,Regular
SOLUSDT,2026-05-01 08:00:00.005,1.697e-05,83.91099501,Regular
SOLUSDT,2026-05-01 16:00:00.000,4.955e-05,84.43174944,Regular
SOLUSDT,2026-05-02 00:00:00.006,7.261e-05,83.70452092,Regular
SOLUSDT,2026-05-02 08:00:00.000,-3.588e-05,83.67731771,Regular
SOLUSDT,2026-05-02 16:00:00.010,-1.782e-05,83.99635578,Regular
SOLUSDT,2026-05-03 00:00:00.005,4.38e-05,84.23000000,Regular
SOLUSDT,2026-05-03 08:00:00.003,-2.973e-05,83.83000000,Regular
SOLUSDT,2026-05-03 16:00:00.000,-1.872e-05,84.11554263,Regular
SOLUSDT,2026-05-04 00:00:00.000,7.211e-05,83.87000000,Regular
SOLUSDT,2026-05-04 08:00:00.000,0.0001,84.83564771,Regular
SOLUSDT,2026-05-04 16:00:00.003,2.423e-05,84.45000000,Regular
SOLUSDT,2026-05-05 00:00:00.000,6.511e-05,84.05000000,Regular
SOLUSDT,2026-05-05 08:00:00.011,7.893e-05,84.83876225,Regular
SOLUSDT,2026-05-05 16:00:00.000,0.0001,85.45263533,Regular
SOLUSDT,2026-05-06 00:00:00.010,0.0001,86.25472099,Regular
SOLUSDT,2026-05-06 08:00:00.000,5.677e-05,87.65494104,Regular
SOLUSDT,2026-05-06 16:00:00.002,0.0001,88.92707819,Regular
SOLUSDT,2026-05-07 00:00:00.000,8.995e-05,89.10517415,Regular
SOLUSDT,2026-05-07 08:00:00.000,8.232e-05,90.12000000,Regular
SOLUSDT,2026-05-07 16:00:00.004,-5.96e-05,88.26193722,Regular
SOLUSDT,2026-05-08 00:00:00.003,9.448e-05,88.39000000,Regular
SOLUSDT,2026-05-08 08:00:00.002,0.0001,88.19147377,Regular
SOLUSDT,2026-05-08 16:00:00.003,-9.97e-06,89.54273567,Regular
SOLUSDT,2026-05-09 00:00:00.000,0.0001,91.98810768,Regular
SOLUSDT,2026-05-09 08:00:00.001,4.331e-05,93.71000000,Regular
SOLUSDT,2026-05-09 16:00:00.002,1.497e-05,92.95000000,Regular
SOLUSDT,2026-05-10 00:00:00.003,-5.236e-05,93.07000000,Regular
SOLUSDT,2026-05-10 08:00:00.000,1.717e-05,93.40574662,Regular
SOLUSDT,2026-05-10 16:00:00.000,-8.59e-06,94.49775782,Regular
SOLUSDT,2026-05-11 00:00:00.000,8.884e-05,96.43000000,Regular
SOLUSDT,2026-05-11 08:00:00.000,3.592e-05,95.30114782,Regular
SOLUSDT,2026-05-11 16:00:00.000,6.498e-05,96.76564182,Regular
SOLUSDT,2026-05-12 00:00:00.002,3.539e-05,97.32000000,Regular
SOLUSDT,2026-05-12 08:00:00.008,-6.049e-05,95.98771708,Regular
SOLUSDT,2026-05-12 16:00:00.000,8.095e-05,93.81503128,Regular
SOLUSDT,2026-05-13 00:00:00.010,0.0001,94.25000000,Regular
SOLUSDT,2026-05-13 08:00:00.003,-1.573e-05,95.09000000,Regular
SOLUSDT,2026-05-13 16:00:00.001,-0.00012043,90.38422567,Regular
SOLUSDT,2026-05-14 00:00:00.005,-0.0001508,91.11486872,Regular
SOLUSDT,2026-05-14 08:00:00.000,-3.038e-05,90.83000000,Regular
SOLUSDT,2026-05-14 16:00:00.000,-5.361e-05,93.11606450,Regular
SOLUSDT,2026-05-15 00:00:00.000,-1.584e-05,92.11000000,Regular
SOLUSDT,2026-05-15 08:00:00.016,4.052e-05,91.56000000,Regular
SOLUSDT,2026-05-15 16:00:00.012,2.053e-05,89.00000000,Regular
SOLUSDT,2026-05-16 00:00:00.005,0.0001,89.20000000,Regular
SOLUSDT,2026-05-16 08:00:00.000,5.209e-05,87.42042235,Regular
SOLUSDT,2026-05-16 16:00:00.005,-0.00015361,86.42596481,Regular
SOLUSDT,2026-05-17 00:00:00.000,-5.139e-05,86.49850120,Regular
SOLUSDT,2026-05-17 08:00:00.010,-5.436e-05,86.92000000,Regular
SOLUSDT,2026-05-17 16:00:00.009,-0.00012569,86.40002495,Regular
SOLUSDT,2026-05-18 00:00:00.007,-0.00010788,85.18000000,Regular
SOLUSDT,2026-05-18 08:00:00.002,3.36e-06,84.71000000,Regular
SOLUSDT,2026-05-18 16:00:00.007,5.09e-06,84.17000000,Regular
SOLUSDT,2026-05-19 00:00:00.001,3.87e-06,85.33453916,Regular
SOLUSDT,2026-05-19 08:00:00.001,-2.902e-05,85.44000000,Regular
SOLUSDT,2026-05-19 16:00:00.009,-0.00010936,84.32000000,Regular
SOLUSDT,2026-05-20 00:00:00.001,2.839e-05,84.24445199,Regular
SOLUSDT,2026-05-20 08:00:00.006,-6.66e-06,84.70782299,Regular
SOLUSDT,2026-05-20 16:00:00.000,-1.433e-05,85.89000000,Regular
SOLUSDT,2026-05-21 00:00:00.001,-2.74e-06,86.11270584,Regular
SOLUSDT,2026-05-21 08:00:00.000,6.241e-05,86.58992385,Regular
SOLUSDT,2026-05-21 16:00:00.000,2.943e-05,86.42000000,Regular
SOLUSDT,2026-05-22 00:00:00.000,0.0001,87.32000000,Regular
SOLUSDT,2026-05-22 08:00:00.004,-1.571e-05,86.94000000,Regular
SOLUSDT,2026-05-22 16:00:00.001,-1.78e-06,86.72434448,Regular
SOLUSDT,2026-05-23 00:00:00.009,2.621e-05,84.32857285,Regular
SOLUSDT,2026-05-23 08:00:00.001,-0.0001267,82.18174261,Regular
SOLUSDT,2026-05-23 16:00:00.003,-0.00028322,84.05224608,Regular
SOLUSDT,2026-05-24 00:00:00.011,-4.389e-05,85.69543748,Regular
SOLUSDT,2026-05-24 08:00:00.008,5.791e-05,86.03000000,Regular
SOLUSDT,2026-05-24 16:00:00.000,9.58e-06,85.26000000,Regular
SOLUSDT,2026-05-25 00:00:00.001,-4.636e-05,85.21305842,Regular
SOLUSDT,2026-05-25 08:00:00.001,-4.276e-05,85.91356256,Regular
SOLUSDT,2026-05-25 16:00:00.001,3.864e-05,86.21000000,Regular
SOLUSDT,2026-05-26 00:00:00.000,4.297e-05,85.01000000,Regular
SOLUSDT,2026-05-26 08:00:00.003,-0.00010038,84.31303788,Regular
SOLUSDT,2026-05-26 16:00:00.000,4.692e-05,84.43535451,Regular
SOLUSDT,2026-05-27 00:00:00.000,-0.00014384,83.65956949,Regular
SOLUSDT,2026-05-27 08:00:00.004,-8.548e-05,84.16381966,Regular
SOLUSDT,2026-05-27 16:00:00.009,1.025e-05,84.40000000,Regular
SOLUSDT,2026-05-28 00:00:00.001,-5.061e-05,82.38000000,Regular
SOLUSDT,2026-05-28 08:00:00.000,-0.00014123,81.19948918,Regular
SOLUSDT,2026-05-28 16:00:00.001,-3.559e-05,81.10000000,Regular
SOLUSDT,2026-05-29 00:00:00.000,4.219e-05,82.07000000,Regular
SOLUSDT,2026-05-29 08:00:00.001,2.5e-05,82.19986316,Regular
SOLUSDT,2026-05-29 16:00:00.008,6.335e-05,82.53845247,Regular
SOLUSDT,2026-05-30 00:00:00.000,7.48e-05,81.98000000,Regular
SOLUSDT,2026-05-30 08:00:00.001,3.702e-05,82.33260002,Regular
SOLUSDT,2026-05-30 16:00:00.000,4.292e-05,82.65735507,Regular
SOLUSDT,2026-05-31 00:00:00.000,2.3e-05,82.69000000,Regular
SOLUSDT,2026-05-31 08:00:00.000,3.645e-05,82.61848804,Regular
SOLUSDT,2026-05-31 16:00:00.004,2.671e-05,81.83000000,Regular
SOLUSDT,2026-06-01 00:00:00.001,5.009e-05,82.40699422,Regular
SOLUSDT,2026-06-01 08:00:00.001,-2.566e-05,80.68000000,Regular
SOLUSDT,2026-06-01 16:00:00.000,3.141e-05,79.57367531,Regular
SOLUSDT,2026-06-02 00:00:00.000,0.0001,81.25000000,Regular
SOLUSDT,2026-06-02 08:00:00.000,2.624e-05,79.63000000,Regular
SOLUSDT,2026-06-02 16:00:00.000,-4.38e-05,76.32898845,Regular
SOLUSDT,2026-06-03 00:00:00.013,-0.00019668,74.17000000,Regular
SOLUSDT,2026-06-03 08:00:00.000,-4.817e-05,75.22067866,Regular
SOLUSDT,2026-06-03 16:00:00.001,-4.446e-05,73.25000000,Regular
SOLUSDT,2026-06-04 00:00:00.009,-0.00012086,71.58000000,Regular
SOLUSDT,2026-06-04 08:00:00.000,-0.00018206,69.11643822,Regular
SOLUSDT,2026-06-04 16:00:00.003,-6.287e-05,69.60957688,Regular
SOLUSDT,2026-06-05 00:00:00.000,-9.673e-05,68.82681209,Regular
SOLUSDT,2026-06-05 08:00:00.004,-0.00025721,66.12000000,Regular
SOLUSDT,2026-06-05 16:00:00.009,-8.011e-05,64.23478758,Regular
SOLUSDT,2026-06-06 00:00:00.000,-7.32e-05,63.59000000,Regular
SOLUSDT,2026-06-06 08:00:00.000,-0.00018542,62.75000000,Regular
SOLUSDT,2026-06-06 16:00:00.000,-0.00016398,62.01087707,Regular
SOLUSDT,2026-06-07 00:00:00.001,-7.23e-05,62.16000000,Regular
SOLUSDT,2026-06-07 08:00:00.000,-0.00023704,64.87489847,Regular
SOLUSDT,2026-06-07 16:00:00.000,-0.00038757,64.94000000,Regular
SOLUSDT,2026-06-08 00:00:00.000,-0.00025513,66.45018136,Regular
SOLUSDT,2026-06-08 08:00:00.005,-0.00022946,66.07000000,Regular
SOLUSDT,2026-06-08 16:00:00.004,-1.174e-05,67.14000000,Regular
SOLUSDT,2026-06-09 00:00:00.000,-6.393e-05,66.78438096,Regular
SOLUSDT,2026-06-09 08:00:00.000,-2.354e-05,66.85546656,Regular
SOLUSDT,2026-06-09 16:00:00.001,-9.828e-05,64.30654982,Regular
SOLUSDT,2026-06-10 00:00:00.001,1.79e-05,64.92276788,Regular
SOLUSDT,2026-06-10 08:00:00.011,-8.438e-05,64.45320954,Regular
SOLUSDT,2026-06-10 16:00:00.009,-1.777e-05,65.40401330,Regular
SOLUSDT,2026-06-11 00:00:00.000,-8.243e-05,63.16136146,Regular
SOLUSDT,2026-06-11 08:00:00.004,-8.25e-06,65.02000000,Regular
SOLUSDT,2026-06-11 16:00:00.000,-3.36e-06,65.51000000,Regular
SOLUSDT,2026-06-12 00:00:00.000,-9.068e-05,66.88000000,Regular
SOLUSDT,2026-06-12 08:00:00.000,-9.448e-05,66.28000000,Regular
SOLUSDT,2026-06-12 16:00:00.000,-2.866e-05,67.19430719,Regular
SOLUSDT,2026-06-13 00:00:00.000,-5.235e-05,66.79000000,Regular
SOLUSDT,2026-06-13 08:00:00.007,-2.582e-05,67.33679948,Regular
SOLUSDT,2026-06-13 16:00:00.002,-4.55e-06,68.56000000,Regular
SOLUSDT,2026-06-14 00:00:00.005,-0.00012137,68.88000000,Regular
SOLUSDT,2026-06-14 08:00:00.009,-0.00010682,68.18000000,Regular
SOLUSDT,2026-06-14 16:00:00.000,-9.337e-05,67.38862017,Regular
SOLUSDT,2026-06-15 00:00:00.013,-3.596e-05,71.24000000,Regular
SOLUSDT,2026-06-15 08:00:00.013,-3.856e-05,71.23000000,Regular
SOLUSDT,2026-06-15 16:00:00.004,-4.542e-05,75.20967816,Regular
SOLUSDT,2026-06-16 00:00:00.000,1.871e-05,73.93621061,Regular
SOLUSDT,2026-06-16 08:00:00.000,-1.544e-05,74.42410480,Regular
SOLUSDT,2026-06-16 16:00:00.001,-2.499e-05,73.26000000,Regular
SOLUSDT,2026-06-17 00:00:00.012,-1.7e-06,73.49140441,Regular
SOLUSDT,2026-06-17 08:00:00.000,-5.638e-05,73.22940294,Regular
SOLUSDT,2026-06-17 16:00:00.000,-3.481e-05,73.78022582,Regular
SOLUSDT,2026-06-18 00:00:00.002,-5.509e-05,72.00000000,Regular
SOLUSDT,2026-06-18 08:00:00.000,-4.124e-05,71.73663337,Regular
SOLUSDT,2026-06-18 16:00:00.001,-2.67e-05,68.42441327,Regular
SOLUSDT,2026-06-19 00:00:00.005,0.0001,69.69000000,Regular
SOLUSDT,2026-06-19 08:00:00.001,6.065e-05,68.34958931,Regular
SOLUSDT,2026-06-19 16:00:00.001,-3.617e-05,69.29000000,Regular
SOLUSDT,2026-06-20 00:00:00.001,-3.087e-05,69.69623879,Regular
SOLUSDT,2026-06-20 08:00:00.000,-3.337e-05,71.54348160,Regular
SOLUSDT,2026-06-20 16:00:00.001,-1.391e-05,71.98000000,Regular
SOLUSDT,2026-06-21 00:00:00.000,4.438e-05,73.18000000,Regular
SOLUSDT,2026-06-21 08:00:00.000,2.277e-05,73.17982368,Regular
SOLUSDT,2026-06-21 16:00:00.000,7.45e-06,74.11156140,Regular
SOLUSDT,2026-06-22 00:00:00.000,4.338e-05,72.42000000,Regular
SOLUSDT,2026-06-22 08:00:00.000,-4.305e-05,74.06608096,Regular
SOLUSDT,2026-06-22 16:00:00.002,-3.017e-05,73.10000000,Regular
SOLUSDT,2026-06-23 00:00:00.003,-2.964e-05,71.91252441,Regular
SOLUSDT,2026-06-23 08:00:00.005,-9.607e-05,69.95187865,Regular
SOLUSDT,2026-06-23 16:00:00.002,-0.00020855,68.88454777,Regular
SOLUSDT,2026-06-24 00:00:00.005,-8.775e-05,69.65000000,Regular
SOLUSDT,2026-06-24 08:00:00.005,-7.233e-05,69.33000000,Regular
SOLUSDT,2026-06-24 16:00:00.003,-1.309e-05,67.30000000,Regular
SOLUSDT,2026-06-25 00:00:00.000,-0.00011854,68.07000000,Regular
SOLUSDT,2026-06-25 08:00:00.000,-4.028e-05,69.40139065,Regular
SOLUSDT,2026-06-25 16:00:00.000,-4.827e-05,66.27592892,Regular
SOLUSDT,2026-06-26 00:00:00.010,3.113e-05,67.65829253,Regular
SOLUSDT,2026-06-26 08:00:00.002,8.442e-05,70.74987595,Regular
SOLUSDT,2026-06-26 16:00:00.000,6.096e-05,72.04000000,Regular
SOLUSDT,2026-06-27 00:00:00.000,0.0001,71.87000000,Regular
SOLUSDT,2026-06-27 08:00:00.000,4.81e-05,72.27126616,Regular
SOLUSDT,2026-06-27 16:00:00.009,-1.93e-05,72.80000000,Regular
SOLUSDT,2026-06-28 00:00:00.000,1.63e-05,70.47000000,Regular
SOLUSDT,2026-06-28 08:00:00.013,2.764e-05,71.04086445,Regular
SOLUSDT,2026-06-28 16:00:00.000,9.68e-06,72.05000000,Regular
SOLUSDT,2026-06-29 00:00:00.006,5.21e-06,71.35000000,Regular
SOLUSDT,2026-06-29 08:00:00.013,3.745e-05,72.68000000,Regular
SOLUSDT,2026-06-29 16:00:00.004,4.184e-05,73.87000000,Regular
SOLUSDT,2026-06-30 00:00:00.000,0.0001,75.13307681,Regular
SOLUSDT,2026-06-30 08:00:00.000,7.704e-05,74.12165781,Regular
SOLUSDT,2026-06-30 16:00:00.005,7.228e-05,73.09480251,Regular
SOLUSDT,2026-07-01 00:00:00.000,0.0001,73.63890447,Regular
SOLUSDT,2026-07-01 08:00:00.000,0.0001,74.83100211,Regular
SOLUSDT,2026-07-01 16:00:00.000,6.848e-05,77.40218899,Regular
SOLUSDT,2026-07-02 00:00:00.000,2.682e-05,77.42000000,Regular
SOLUSDT,2026-07-02 08:00:00.000,-2.441e-05,77.95000000,Regular
SOLUSDT,2026-07-02 16:00:00.000,6.544e-05,80.81000000,Regular
SOLUSDT,2026-07-03 00:00:00.000,2.31e-05,80.68142920,Regular
SOLUSDT,2026-07-03 08:00:00.007,1.188e-05,81.19000000,Regular
SOLUSDT,2026-07-03 16:00:00.000,-3.2e-05,81.17426393,Regular
SOLUSDT,2026-07-04 00:00:00.000,7.283e-05,82.30098762,Regular
SOLUSDT,2026-07-04 08:00:00.000,8.74e-05,82.68674953,Regular
SOLUSDT,2026-07-04 16:00:00.007,4.847e-05,82.19802477,Regular
SOLUSDT,2026-07-05 00:00:00.003,1.37e-05,81.74410705,Regular
SOLUSDT,2026-07-05 08:00:00.001,5.506e-05,80.67000000,Regular
SOLUSDT,2026-07-05 16:00:00.000,3.855e-05,81.31175681,Regular
SOLUSDT,2026-07-06 00:00:00.000,6.82e-05,81.55497647,Regular
SOLUSDT,2026-07-06 08:00:00.000,3.336e-05,80.77013972,Regular
SOLUSDT,2026-07-06 16:00:00.000,6.227e-05,81.45000000,Regular
SOLUSDT,2026-07-07 00:00:00.000,6.816e-05,81.91000000,Regular
SOLUSDT,2026-07-07 08:00:00.000,5.46e-06,81.45077219,Regular
SOLUSDT,2026-07-07 16:00:00.000,-1.996e-05,82.09000000,Regular
SOLUSDT,2026-07-08 00:00:00.000,-2.939e-05,80.53000000,Regular
SOLUSDT,2026-07-08 08:00:00.000,-1.042e-05,78.24747773,Regular
SOLUSDT,2026-07-08 16:00:00.000,-1.721e-05,76.71471894,Regular
SOLUSDT,2026-07-09 00:00:00.000,4.117e-05,77.79000000,Regular
SOLUSDT,2026-07-09 08:00:00.001,4.411e-05,78.18000000,Regular
SOLUSDT,2026-07-09 16:00:00.001,2.46e-06,77.57446097,Regular
SOLUSDT,2026-07-10 00:00:00.000,4.254e-05,78.00287217,Regular
SOLUSDT,2026-07-10 08:00:00.005,1.338e-05,78.81775134,Regular
SOLUSDT,2026-07-10 16:00:00.005,0.0001,78.12000000,Regular
SOLUSDT,2026-07-11 00:00:00.000,5.263e-05,78.08000000,Regular
SOLUSDT,2026-07-11 08:00:00.000,-2.607e-05,77.95019059,Regular
SOLUSDT,2026-07-11 16:00:00.000,7.892e-05,78.35060440,Regular
SOLUSDT,2026-07-12 00:00:00.000,2.546e-05,76.74000000,Regular
SOLUSDT,2026-07-12 08:00:00.003,-4.011e-05,76.46191564,Regular
SOLUSDT,2026-07-12 16:00:00.000,6.891e-05,77.44000000,Regular
SOLUSDT,2026-07-13 00:00:00.000,5.504e-05,76.86620185,Regular
SOLUSDT,2026-07-13 08:00:00.001,-5.873e-05,76.40269529,Regular
SOLUSDT,2026-07-13 16:00:00.004,2.296e-05,75.78007368,Regular
SOLUSDT,2026-07-14 00:00:00.000,4.27e-06,74.96110666,Regular
SOLUSDT,2026-07-14 08:00:00.002,3.868e-05,74.92155753,Regular
SOLUSDT,2026-07-14 16:00:00.001,6.297e-05,77.34002433,Regular
SOLUSDT,2026-07-15 00:00:00.005,1.428e-05,77.82181018,Regular
SOLUSDT,2026-07-15 08:00:00.002,2.48e-05,77.36417199,Regular
SOLUSDT,2026-07-15 16:00:00.000,-6.87e-06,78.03407406,Regular
SOLUSDT,2026-07-16 00:00:00.000,2.874e-05,77.23558836,Regular
SOLUSDT,2026-07-16 08:00:00.003,-4.349e-05,76.38000000,Regular
SOLUSDT,2026-07-16 16:00:00.002,-3.49e-06,76.60000000,Regular
SOLUSDT,2026-07-17 00:00:00.000,1.683e-05,75.28056622,Regular
SOLUSDT,2026-07-17 08:00:00.010,-2.497e-05,74.57618387,Regular
SOLUSDT,2026-07-17 16:00:00.004,-4.44e-05,74.75000000,Regular
SOLUSDT,2026-07-18 00:00:00.000,2.897e-05,75.00000000,Regular
SOLUSDT,2026-07-18 08:00:00.000,2.87e-05,74.93000000,Regular
SOLUSDT,2026-07-18 16:00:00.001,3.433e-05,74.93000000,Regular
SOLUSDT,2026-07-19 00:00:00.003,-3.81e-06,75.47207437,Regular
SOLUSDT,2026-07-19 08:00:00.000,4.518e-05,76.11000000,Regular
SOLUSDT,2026-07-19 16:00:00.001,6.396e-05,76.18138701,Regular
SOLUSDT,2026-07-20 00:00:00.000,5.638e-05,76.34052249,Regular
SOLUSDT,2026-07-20 08:00:00.001,-5.079e-05,76.19000000,Regular
SOLUSDT,2026-07-20 16:00:00.004,1.312e-05,77.73736337,Regular
SOLUSDT,2026-07-21 00:00:00.001,0.0001,77.80567694,Regular
SOLUSDT,2026-07-21 08:00:00.000,6.58e-05,78.53634557,Regular
SOLUSDT,2026-07-21 16:00:00.002,2.609e-05,78.10000000,Regular
SOLUSDT,2026-07-22 00:00:00.000,2.725e-05,78.10000000,Regular
SOLUSDT,2026-07-22 08:00:00.000,-3.237e-05,77.06461665,Regular
SOLUSDT,2026-07-22 16:00:00.001,3.89e-05,78.43000000,Regular
SOLUSDT,2026-07-23 00:00:00.000,-3.674e-05,77.93000000,Regular
SOLUSDT,2026-07-23 08:00:00.000,-0.00010642,77.11469550,Regular
SOLUSDT,2026-07-23 16:00:00.000,-3.609e-05,76.33258375,Regular
SOLUSDT,2026-07-24 00:00:00.000,3.044e-05,75.84000000,Regular
SOLUSDT,2026-07-24 08:00:00.000,5.692e-05,76.02234746,Regular
SOLUSDT,2026-07-24 16:00:00.008,-9.588e-05,73.98000000,Regular
SOLUSDT,2026-07-25 00:00:00.002,-4.287e-05,73.93000000,Regular
SOLUSDT,2026-07-25 08:00:00.000,4.81e-06,73.74509034,Regular
SOLUSDT,2026-07-25 16:00:00.000,-4.127e-05,74.12682539,Regular
SOLUSDT,2026-07-26 00:00:00.000,1.81e-06,74.48507010,Regular
SOLUSDT,2026-07-26 08:00:00.002,6.371e-05,74.84000000,Regular
SOLUSDT,2026-07-26 16:00:00.000,1.514e-05,75.46003997,Regular
SOLUSDT,2026-07-27 00:00:00.010,8.751e-05,76.74000000,Regular
SOLUSDT,2026-07-27 08:00:00.000,7.729e-05,76.44414217,Regular
SOLUSDT,2026-07-27 16:00:00.001,3.835e-05,75.22467761,Regular
SOLUSDT,2026-07-28 00:00:00.000,-3.055e-05,74.16000000,Regular
SOLUSDT,2026-07-28 08:00:00.000,-0.00013328,73.24658417,Regular
SOLUSDT,2026-07-28 16:00:00.000,-4.712e-05,74.31494586,Regular
SOLUSDT,2026-07-29 00:00:00.000,2.994e-05,73.77820853,Regular
SOLUSDT,2026-07-29 08:00:00.002,-8.2e-07,74.20353596,Regular
SOLUSDT,2026-07-29 16:00:00.000,-3.76e-06,73.09455290,Regular
SOLUSDT,2026-07-30 00:00:00.000,2.21e-05,73.65000000,Regular
SOLUSDT,2026-07-30 08:00:00.000,8.517e-05,73.39000000,Regular
SOLUSDT,2026-07-30 16:00:00.000,5.752e-05,74.61000000,Regular
SOLUSDT,2026-07-31 00:00:00.003,9.768e-05,74.46978868,Regular
SOLUSDT,2026-07-31 08:00:00.000,4.606e-05,73.64533773,Regular
SOLUSDT,2026-07-31 16:00:00.000,3.736e-05,73.05718379,Regular
SOLUSDT,2026-08-01 00:00:00.001,0.0001,72.83450225,Regular
SOLUSDT,2026-08-01 08:00:00.000,0.0001,72.93386243,Regular
SOLUSDT,2026-08-01 16:00:00.000,3.159e-05,72.75218621,Regular
SOLUSDT,2026-08-02 00:00:00.000,-4.925e-05,71.91000000,Regular
SOLUSDT,2026-08-02 08:00:00.000,0.0001,73.44000000,Regular
SOLUSDT,2026-08-02 16:00:00.000,1.348e-05,72.99000000,Regular
SOLUSDT,2026-08-03 00:00:00.000,7.985e-05,73.60000000,Regular
SOLUSDT,2026-08-03 08:00:00.000,2.558e-05,72.48089846,Regular
SOLUSDT,2026-08-03 16:00:00.000,5.86e-05,73.57551020,Regular
SOLUSDT,2026-08-04 00:00:00.004,0.0001,73.54000000,Regular
SOLUSDT,2026-08-04 08:00:00.002,0.0001,73.66000000,Regular
SOLUSDT,2026-08-04 16:00:00.000,0.0001,73.95479275,Regular
SOLUSDT,2026-08-05 00:00:00.003,6.418e-05,73.72000000,Regular
SOLUSDT,2026-08-05 08:00:00.004,3.7e-05,73.94352419,Regular
SOLUSDT,2026-08-05 16:00:00.000,5.055e-05,73.92000000,Regular
SOLUSDT,2026-08-06 00:00:00.002,9e-07,74.00000000,Regular
SOLUSDT,2026-08-06 08:00:00.000,-4.113e-05,73.84000000,Regular
SOLUSDT,2026-08-06 16:00:00.000,-6.988e-05,73.26137514,Regular
SOLUSDT,2026-08-07 00:00:00.000,-1.898e-05,72.65333211,Regular
SOLUSDT,2026-08-07 08:00:00.000,3.45e-05,72.90000000,Regular
SOLUSDT,2026-08-07 16:00:00.000,0.0001,73.86000000,Regular
SOLUSDT,2026-08-08 00:00:00.001,8.378e-05,73.62472168,Regular
SOLUSDT,2026-08-08 08:00:00.000,0.0001,74.79000000,Regular
SOLUSDT,2026-08-08 16:00:00.002,0.0001,76.38000000,Regular
SOLUSDT,2026-08-09 00:00:00.000,0.0001,76.00000000,Regular
SOLUSDT,2026-08-09 08:00:00.005,0.0001,76.34000000,Regular
SOLUSDT,2026-08-09 16:00:00.000,0.0001,77.41740667,Regular
SOLUSDT,2026-08-10 00:00:00.001,0.0001,76.23503042,Regular
SOLUSDT,2026-08-10 08:00:00.005,9.534e-05,76.94098931,Regular
SOLUSDT,2026-08-10 16:00:00.000,0.0001,75.94000000,Regular
SOLUSDT,2026-08-11 00:00:00.000,0.0001,75.95000000,Regular
SOLUSDT,2026-08-11 08:00:00.006,-2.3e-07,75.65000000,Regular
SOLUSDT,2026-08-11 16:00:00.000,-5.533e-05,74.89239731,Regular
SOLUSDT,2026-08-12 00:00:00.001,5.998e-05,76.27000000,Regular
SOLUSDT,2026-08-12 08:00:00.000,8.133e-05,76.25000000,Regular
SOLUSDT,2026-08-12 16:00:00.000,-5.256e-05,75.71000000,Regular
SOLUSDT,2026-08-13 00:00:00.000,-6.47e-05,75.59000000,Regular
SOLUSDT,2026-08-13 08:00:00.000,5.877e-05,76.41000000,Regular
SOLUSDT,2026-08-13 16:00:00.000,-4.9e-06,75.60043631,Regular
SOLUSDT,2026-08-14 00:00:00.000,5.622e-05,76.23000000,Regular
SOLUSDT,2026-08-14 08:00:00.001,2.264e-05,75.55000000,Regular
SOLUSDT,2026-08-14 16:00:00.001,-6.847e-05,75.60528750,Regular
SOLUSDT,2026-08-15 00:00:00.003,-0.00010912,75.37000000,Regular
SOLUSDT,2026-08-15 08:00:00.002,6.794e-05,75.19472190,Regular
SOLUSDT,2026-08-15 16:00:00.000,-9.423e-05,75.49000000,Regular
SOLUSDT,2026-08-16 00:00:00.000,-4.786e-05,75.30938111,Regular
SOLUSDT,2026-08-16 08:00:00.002,-2.592e-05,75.43738773,Regular
SOLUSDT,2026-08-16 16:00:00.000,-1.428e-05,75.54000000,Regular
SOLUSDT,2026-08-17 00:00:00.001,-4.738e-05,74.57000000,Regular
SOLUSDT,2026-08-17 08:00:00.003,4.746e-05,75.74824283,Regular
SOLUSDT,2026-08-17 16:00:00.005,-1.69e-05,76.06083748,Regular
SOLUSDT,2026-08-18 00:00:00.006,3.077e-05,75.99000000,Regular
SOLUSDT,2026-08-18 08:00:00.001,-4.037e-05,76.06000000,Regular
SOLUSDT,2026-08-18 16:00:00.003,0.0001,77.17198251,Regular
SOLUSDT,2026-08-19 00:00:00.000,0.0001,77.03000000,Regular
SOLUSDT,2026-08-19 08:00:00.000,9.206e-05,76.92028574,Regular
SOLUSDT,2026-08-19 16:00:00.004,4.058e-05,81.81324914,Regular
SOLUSDT,2026-08-20 00:00:00.001,0.0001,85.37000000,Regular
SOLUSDT,2026-08-20 08:00:00.000,0.0001,86.15978549,Regular
SOLUSDT,2026-08-20 16:00:00.005,0.0001,87.34450119,Regular
SOLUSDT,2026-08-21 00:00:00.004,0.0001,87.63000000,Regular
SOLUSDT,2026-08-21 08:00:00.000,0.0001,90.41000000,Regular
SOLUSDT,2026-08-21 16:00:00.001,0.0001,91.34655692,Regular
SOLUSDT,2026-08-22 00:00:00.000,0.0001,93.72244891,Regular
SOLUSDT,2026-08-22 08:00:00.000,0.0001,94.44762297,Regular
SOLUSDT,2026-08-22 16:00:00.000,0.0001,93.08850395,Regular
SOLUSDT,2026-08-23 00:00:00.000,0.0001,93.83109467,Regular
SOLUSDT,2026-08-23 08:00:00.000,0.0001,92.46451042,Regular
SOLUSDT,2026-08-23 16:00:00.006,0.0001,95.35207321,Regular
SOLUSDT,2026-08-24 00:00:00.001,0.0001,95.43540619,Regular
SOLUSDT,2026-08-24 08:00:00.002,0.0001,94.08000000,Regular
SOLUSDT,2026-08-24 16:00:00.000,0.0001,96.43000000,Regular
SOLUSDT,2026-08-25 00:00:00.001,0.0001,98.96000000,Regular
SOLUSDT,2026-08-25 08:00:00.000,0.0001,100.23736970,Regular
SOLUSDT,2026-08-25 16:00:00.005,0.0001,98.33011630,Regular
SOLUSDT,2026-08-26 00:00:00.000,5.433e-05,96.56000000,Regular
SOLUSDT,2026-08-26 08:00:00.005,6.042e-05,96.88731912,Regular
SOLUSDT,2026-08-26 16:00:00.000,3.48e-05,95.90000000,Regular
SOLUSDT,2026-08-27 00:00:00.000,0.0001,102.04857193,Regular
SOLUSDT,2026-08-27 08:00:00.000,0.0001,101.76333814,Regular
SOLUSDT,2026-08-27 16:00:00.013,0.0001,107.12499929,Regular
SOLUSDT,2026-08-28 00:00:00.026,-9.83e-06,109.08303195,Regular
SOLUSDT,2026-08-28 08:00:00.000,-1.519e-05,106.32036637,Regular
SOLUSDT,2026-08-28 16:00:00.001,-8.235e-05,105.23000000,Regular
SOLUSDT,2026-08-29 00:00:00.000,6.69e-05,104.09644251,Regular
SOLUSDT,2026-08-29 08:00:00.000,3.506e-05,103.67620275,Regular
SOLUSDT,2026-08-29 16:00:00.002,-3.437e-05,104.96000000,Regular
SOLUSDT,2026-08-30 00:00:00.000,-0.00010154,105.55830385,Regular
SOLUSDT,2026-08-30 08:00:00.000,-1.39e-06,104.79000000,Regular
SOLUSDT,2026-08-30 16:00:00.001,7.1e-06,106.22086364,Regular
SOLUSDT,2026-08-31 00:00:00.002,-0.00012421,101.70000000,Regular
SOLUSDT,2026-08-31 08:00:00.002,-4.036e-05,102.91000000,Regular
SOLUSDT,2026-08-31 16:00:00.001,-1.602e-05,102.82569798,Regular
SOLUSDT,2026-09-01 00:00:00.005,3.679e-05,103.00515595,Regular
SOLUSDT,2026-09-01 08:00:00.000,-4.082e-05,103.09099006,Regular
SOLUSDT,2026-09-01 16:00:00.000,-8.785e-05,101.98522505,Regular
SOLUSDT,2026-09-02 00:00:00.000,-1.608e-05,99.92872677,Regular
SOLUSDT,2026-09-02 08:00:00.001,-1.902e-05,99.79360071,Regular
SOLUSDT,2026-09-02 16:00:00.005,5.315e-05,99.28000000,Regular
SOLUSDT,2026-09-03 00:00:00.000,1.34e-05,100.38000000,Regular
SOLUSDT,2026-09-03 08:00:00.000,4.455e-05,100.34743527,Regular
SOLUSDT,2026-09-03 16:00:00.000,6.485e-05,105.14000000,Regular
SOLUSDT,2026-09-04 00:00:00.000,0.0001,103.88706623,Regular
SOLUSDT,2026-09-04 08:00:00.000,-4.08e-05,103.55000000,Regular
SOLUSDT,2026-09-04 16:00:00.009,-3.498e-05,101.39473851,Regular
SOLUSDT,2026-09-05 00:00:00.000,-7e-08,101.86000000,Regular
SOLUSDT,2026-09-05 08:00:00.000,2.508e-05,102.15954192,Regular
SOLUSDT,2026-09-05 16:00:00.001,5.459e-05,102.88000000,Regular
SOLUSDT,2026-09-06 00:00:00.000,7.95e-06,103.11287473,Regular
SOLUSDT,2026-09-06 08:00:00.000,9.657e-05,105.19000000,Regular
SOLUSDT,2026-09-06 16:00:00.004,8.084e-05,105.70000000,Regular
SOLUSDT,2026-09-07 00:00:00.004,4.85e-05,106.50558214,Regular
SOLUSDT,2026-09-07 08:00:00.000,-1.408e-05,104.42000000,Regular
SOLUSDT,2026-09-07 16:00:00.003,-1.093e-05,103.19008095,Regular
SOLUSDT,2026-09-08 00:00:00.004,2.574e-05,103.75000000,Regular
SOLUSDT,2026-09-08 08:00:00.002,-6.42e-06,102.90000000,Regular
SOLUSDT,2026-09-08 16:00:00.001,2.385e-05,104.27884347,Regular
SOLUSDT,2026-09-09 00:00:00.005,-9.39e-06,103.33000000,Regular
SOLUSDT,2026-09-09 08:00:00.004,3.107e-05,104.53000000,Regular
SOLUSDT,2026-09-09 16:00:00.002,-6.173e-05,103.02000000,Regular
SOLUSDT,2026-09-10 00:00:00.000,-8.755e-05,101.52290287,Regular
SOLUSDT,2026-09-10 08:00:00.007,-1.661e-05,101.25374146,Regular
SOLUSDT,2026-09-10 16:00:00.002,-4.489e-05,99.69000000,Regular
SOLUSDT,2026-09-11 00:00:00.008,1.25e-05,98.60820096,Regular
SOLUSDT,2026-09-11 08:00:00.000,3.648e-05,99.69000000,Regular
SOLUSDT,2026-09-11 16:00:00.000,4.064e-05,101.55803589,Regular
SOLUSDT,2026-09-12 00:00:00.001,5.071e-05,102.41000000,Regular
SOLUSDT,2026-09-12 08:00:00.003,4.475e-05,101.62109845,Regular
SOLUSDT,2026-09-12 16:00:00.000,1.503e-05,102.01000000,Regular
SOLUSDT,2026-09-13 00:00:00.002,2.147e-05,101.71055650,Regular
SOLUSDT,2026-09-13 08:00:00.000,-1.4e-05,100.66000000,Regular
