symbol,fundingTime,fundingRate,markPrice,rateType
VTHOUSDT,2025-01-22 12:00:00.000,-0.02,0.00801000,Regular
VTHOUSDT,2025-01-22 16:00:00.000,-0.01172875,0.00666317,Regular
VTHOUSDT,2025-01-22 20:00:00.000,-0.02,0.00723336,Regular
VTHOUSDT,2025-01-23 00:00:00.001,-0.02,0.00733359,Regular
VTHOUSDT,2025-01-23 04:00:00.001,-0.02,0.00742864,Regular
VTHOUSDT,2025-01-23 08:00:00.000,-0.01650881,0.00747200,Regular
VTHOUSDT,2025-01-23 12:00:00.000,-0.01172214,0.00689202,Regular
VTHOUSDT,2025-01-23 16:00:00.000,-0.00466287,0.00680100,Regular
VTHOUSDT,2025-01-23 20:00:00.000,-0.00438279,0.00655500,Regular
VTHOUSDT,2025-01-24 00:00:00.000,-0.00482343,0.00668568,Regular
VTHOUSDT,2025-01-24 04:00:00.000,-0.0018235,0.00571937,Regular
VTHOUSDT,2025-01-24 08:00:00.000,-0.00216853,0.00579500,Regular
VTHOUSDT,2025-01-24 12:00:00.001,-0.00158913,0.00574800,Regular
VTHOUSDT,2025-01-24 16:00:00.000,-0.00083449,0.00557615,Regular
VTHOUSDT,2025-01-24 20:00:00.000,-0.00052828,0.00544178,Regular
VTHOUSDT,2025-01-25 00:00:00.000,-0.00079212,0.00534051,Regular
VTHOUSDT,2025-01-25 04:00:00.000,-0.00118437,0.00544400,Regular
VTHOUSDT,2025-01-25 08:00:00.000,-0.00029258,0.00534300,Regular
VTHOUSDT,2025-01-25 12:00:00.000,-0.0010574,0.00518012,Regular
VTHOUSDT,2025-01-25 16:00:00.001,-0.00088732,0.00554800,Regular
VTHOUSDT,2025-01-25 20:00:00.001,-0.000355,0.00543861,Regular
VTHOUSDT,2025-01-26 00:00:00.000,-2.109e-05,0.00529297,Regular
VTHOUSDT,2025-01-26 04:00:00.000,-0.00288613,0.00599230,Regular
VTHOUSDT,2025-01-26 08:00:00.000,-0.00049613,0.00562700,Regular
VTHOUSDT,2025-01-26 12:00:00.000,-0.00228318,0.00549728,Regular
VTHOUSDT,2025-01-26 16:00:00.000,-0.0009409,0.00540013,Regular
VTHOUSDT,2025-01-26 20:00:00.000,-0.00292761,0.00538700,Regular
VTHOUSDT,2025-01-27 00:00:00.000,-0.00590328,0.00524000,Regular
VTHOUSDT,2025-01-27 04:00:00.000,-0.00517072,0.00504591,Regular
VTHOUSDT,2025-01-27 08:00:00.000,-0.00161236,0.00481800,Regular
VTHOUSDT,2025-01-27 12:00:00.001,-0.00074331,0.00501861,Regular
VTHOUSDT,2025-01-27 16:00:00.000,-0.00069566,0.00496479,Regular
VTHOUSDT,2025-01-27 20:00:00.000,-0.00012576,0.00493000,Regular
VTHOUSDT,2025-01-28 00:00:00.000,-0.00018163,0.00505903,Regular
VTHOUSDT,2025-01-28 04:00:00.000,-0.00069447,0.00495067,Regular
VTHOUSDT,2025-01-28 08:00:00.000,-0.00073227,0.00489700,Regular
VTHOUSDT,2025-01-28 12:00:00.000,-0.00190203,0.00485947,Regular
VTHOUSDT,2025-01-28 16:00:00.000,-0.00216376,0.00473577,Regular
VTHOUSDT,2025-01-28 20:00:00.000,-0.00086519,0.00461968,Regular
VTHOUSDT,2025-01-29 00:00:00.000,-0.0022284,0.00455700,Regular
VTHOUSDT,2025-01-29 04:00:00.001,-0.00132396,0.00467727,Regular
VTHOUSDT,2025-01-29 08:00:00.000,-0.000338,0.00478826,Regular
VTHOUSDT,2025-01-29 12:00:00.000,-0.00030281,0.00487524,Regular
VTHOUSDT,2025-01-29 16:00:00.000,-0.00112301,0.00476600,Regular
VTHOUSDT,2025-01-29 20:00:00.000,-0.00048918,0.00491635,Regular
VTHOUSDT,2025-01-30 00:00:00.000,-0.00028791,0.00483300,Regular
VTHOUSDT,2025-01-30 04:00:00.000,-0.00079152,0.00491000,Regular
VTHOUSDT,2025-01-30 08:00:00.000,-0.00056922,0.00486462,Regular
VTHOUSDT,2025-01-30 12:00:00.000,-0.00022642,0.00490046,Regular
VTHOUSDT,2025-01-30 16:00:00.000,-0.00031192,0.00493900,Regular
VTHOUSDT,2025-01-30 20:00:00.000,-3.544e-05,0.00495031,Regular
VTHOUSDT,2025-01-31 00:00:00.000,-0.00041116,0.00491100,Regular
VTHOUSDT,2025-01-31 04:00:00.000,-0.00065382,0.00481908,Regular
VTHOUSDT,2025-01-31 08:00:00.000,-0.00196188,0.00588960,Regular
VTHOUSDT,2025-01-31 12:00:00.001,-0.01491725,0.00599781,Regular
VTHOUSDT,2025-01-31 16:00:00.000,-0.00313835,0.00567480,Regular
VTHOUSDT,2025-01-31 20:00:00.000,-0.00191403,0.00561200,Regular
VTHOUSDT,2025-02-01 00:00:00.000,-0.00219861,0.00556000,Regular
VTHOUSDT,2025-02-01 04:00:00.000,-0.00991865,0.00588672,Regular
VTHOUSDT,2025-02-01 08:00:00.000,-0.02,0.00628800,Regular
VTHOUSDT,2025-02-01 12:00:00.000,-0.00734814,0.00600300,Regular
VTHOUSDT,2025-02-01 16:00:00.000,-0.00641442,0.00588800,Regular
VTHOUSDT,2025-02-01 20:00:00.000,-0.00537516,0.00578368,Regular
VTHOUSDT,2025-02-02 00:00:00.001,-0.00596172,0.00583187,Regular
VTHOUSDT,2025-02-02 04:00:00.000,-0.0071317,0.00542309,Regular
VTHOUSDT,2025-02-02 08:00:00.000,-0.00620248,0.00546400,Regular
VTHOUSDT,2025-02-02 12:00:00.000,-0.00285938,0.00518900,Regular
VTHOUSDT,2025-02-02 16:00:00.000,-0.00170615,0.00521900,Regular
VTHOUSDT,2025-02-02 20:00:00.000,-0.00082944,0.00493800,Regular
VTHOUSDT,2025-02-03 00:00:00.000,-0.00101722,0.00481100,Regular
VTHOUSDT,2025-02-03 04:00:00.000,-0.00053574,0.00434223,Regular
VTHOUSDT,2025-02-03 08:00:00.000,-0.00209229,0.00445300,Regular
VTHOUSDT,2025-02-03 12:00:00.000,-0.00207112,0.00445600,Regular
VTHOUSDT,2025-02-03 16:00:00.000,-0.00052858,0.00469000,Regular
VTHOUSDT,2025-02-03 20:00:00.000,-0.0010739,0.00513546,Regular
VTHOUSDT,2025-02-04 00:00:00.000,-0.00034395,0.00515887,Regular
VTHOUSDT,2025-02-04 04:00:00.001,-0.00092569,0.00533900,Regular
VTHOUSDT,2025-02-04 08:00:00.001,-0.00045688,0.00506024,Regular
VTHOUSDT,2025-02-04 12:00:00.001,-0.00107503,0.00517700,Regular
VTHOUSDT,2025-02-04 16:00:00.000,-0.0005959,0.00524111,Regular
VTHOUSDT,2025-02-04 20:00:00.000,-0.00022437,0.00502060,Regular
VTHOUSDT,2025-02-05 00:00:00.001,-0.00043762,0.00506623,Regular
VTHOUSDT,2025-02-05 04:00:00.000,-0.00028153,0.00503157,Regular
VTHOUSDT,2025-02-05 08:00:00.001,-0.00052665,0.00491700,Regular
VTHOUSDT,2025-02-05 12:00:00.000,-0.00064636,0.00493207,Regular
VTHOUSDT,2025-02-05 16:00:00.000,-0.00041066,0.00488864,Regular
VTHOUSDT,2025-02-05 20:00:00.000,-0.00026176,0.00479900,Regular
VTHOUSDT,2025-02-06 00:00:00.001,-0.00020163,0.00473800,Regular
VTHOUSDT,2025-02-06 04:00:00.001,-0.00055664,0.00465904,Regular
VTHOUSDT,2025-02-06 08:00:00.001,-0.00110884,0.00476600,Regular
VTHOUSDT,2025-02-06 12:00:00.000,-0.00084147,0.00476900,Regular
VTHOUSDT,2025-02-06 16:00:00.000,-0.00032674,0.00444300,Regular
VTHOUSDT,2025-02-06 20:00:00.000,-0.00010368,0.00437400,Regular
VTHOUSDT,2025-02-07 00:00:00.000,-0.00010186,0.00440269,Regular
VTHOUSDT,2025-02-07 04:00:00.000,-0.00012393,0.00440700,Regular
VTHOUSDT,2025-02-07 08:00:00.000,-0.00035627,0.00435208,Regular
VTHOUSDT,2025-02-07 12:00:00.000,-2.619e-05,0.00456800,Regular
VTHOUSDT,2025-02-07 16:00:00.000,-7.31e-05,0.00454200,Regular
VTHOUSDT,2025-02-07 20:00:00.000,-0.00012733,0.00438289,Regular
VTHOUSDT,2025-02-08 00:00:00.000,1.775e-05,0.00424028,Regular
VTHOUSDT,2025-02-08 04:00:00.000,-0.00071402,0.00442866,Regular
VTHOUSDT,2025-02-08 08:00:00.000,-0.00025312,0.00439894,Regular
VTHOUSDT,2025-02-08 12:00:00.000,-0.00020078,0.00434400,Regular
VTHOUSDT,2025-02-08 16:00:00.000,-0.00032257,0.00436300,Regular
VTHOUSDT,2025-02-08 20:00:00.000,-0.00018587,0.00440915,Regular
VTHOUSDT,2025-02-09 00:00:00.000,-0.00058048,0.00440500,Regular
VTHOUSDT,2025-02-09 04:00:00.000,-0.00041536,0.00442900,Regular
VTHOUSDT,2025-02-09 08:00:00.000,-0.00088567,0.00420400,Regular
VTHOUSDT,2025-02-09 12:00:00.000,-0.00070655,0.00419546,Regular
VTHOUSDT,2025-02-09 16:00:00.000,-0.00071901,0.00413600,Regular
VTHOUSDT,2025-02-09 20:00:00.007,-0.00102175,0.00403580,Regular
VTHOUSDT,2025-02-10 00:00:00.000,-0.00053235,0.00405504,Regular
VTHOUSDT,2025-02-10 04:00:00.000,-0.00058754,0.00399300,Regular
VTHOUSDT,2025-02-10 08:00:00.000,-0.00043387,0.00400900,Regular
VTHOUSDT,2025-02-10 12:00:00.000,-0.00037927,0.00408492,Regular
VTHOUSDT,2025-02-10 16:00:00.000,-0.00010105,0.00408500,Regular
VTHOUSDT,2025-02-10 20:00:00.001,-0.00013707,0.00412784,Regular
VTHOUSDT,2025-02-11 00:00:00.000,-0.00014924,0.00410205,Regular
VTHOUSDT,2025-02-11 04:00:00.000,5e-05,0.00413709,Regular
VTHOUSDT,2025-02-11 08:00:00.000,5e-05,0.00422300,Regular
VTHOUSDT,2025-02-11 12:00:00.000,1.463e-05,0.00414006,Regular
VTHOUSDT,2025-02-11 16:00:00.000,5e-05,0.00406600,Regular
VTHOUSDT,2025-02-11 20:00:00.000,-0.00014695,0.00393316,Regular
VTHOUSDT,2025-02-12 00:00:00.000,-0.00012728,0.00393800,Regular
VTHOUSDT,2025-02-12 04:00:00.000,-6.769e-05,0.00379200,Regular
VTHOUSDT,2025-02-12 08:00:00.000,-0.00013325,0.00387200,Regular
VTHOUSDT,2025-02-12 12:00:00.001,-0.00039406,0.00385202,Regular
VTHOUSDT,2025-02-12 16:00:00.001,-0.00014715,0.00382700,Regular
VTHOUSDT,2025-02-12 20:00:00.000,-0.00019142,0.00392000,Regular
VTHOUSDT,2025-02-13 00:00:00.001,-0.00029484,0.00400400,Regular
VTHOUSDT,2025-02-13 04:00:00.000,-0.00024674,0.00399100,Regular
VTHOUSDT,2025-02-13 08:00:00.000,-0.00022422,0.00384063,Regular
VTHOUSDT,2025-02-13 12:00:00.000,-0.00017697,0.00379726,Regular
VTHOUSDT,2025-02-13 16:00:00.001,-0.00011574,0.00379300,Regular
VTHOUSDT,2025-02-13 20:00:00.000,-7.521e-05,0.00378822,Regular
VTHOUSDT,2025-02-14 00:00:00.000,-6.605e-05,0.00379819,Regular
VTHOUSDT,2025-02-14 04:00:00.000,-0.00012838,0.00383643,Regular
VTHOUSDT,2025-02-14 08:00:00.001,1.71e-05,0.00381100,Regular
VTHOUSDT,2025-02-14 12:00:00.000,5e-05,0.00383307,Regular
VTHOUSDT,2025-02-14 16:00:00.000,5e-05,0.00387476,Regular
VTHOUSDT,2025-02-14 20:00:00.000,5e-05,0.00390000,Regular
VTHOUSDT,2025-02-15 00:00:00.000,3.564e-05,0.00385247,Regular
VTHOUSDT,2025-02-15 04:00:00.000,5e-05,0.00379800,Regular
VTHOUSDT,2025-02-15 08:00:00.000,-0.00011409,0.00376807,Regular
VTHOUSDT,2025-02-15 12:00:00.000,-0.00022103,0.00370643,Regular
VTHOUSDT,2025-02-15 16:00:00.000,-0.00014284,0.00365900,Regular
VTHOUSDT,2025-02-15 20:00:00.001,-0.00010827,0.00364300,Regular
VTHOUSDT,2025-02-16 00:00:00.000,1.286e-05,0.00364900,Regular
VTHOUSDT,2025-02-16 04:00:00.000,5e-05,0.00356600,Regular
VTHOUSDT,2025-02-16 08:00:00.000,-0.00035777,0.00359500,Regular
VTHOUSDT,2025-02-16 12:00:00.000,5e-05,0.00365114,Regular
VTHOUSDT,2025-02-16 16:00:00.000,5e-05,0.00359480,Regular
VTHOUSDT,2025-02-16 20:00:00.000,-4.1e-06,0.00356900,Regular
VTHOUSDT,2025-02-17 00:00:00.000,5e-05,0.00353221,Regular
VTHOUSDT,2025-02-17 04:00:00.001,-0.00234426,0.00354838,Regular
VTHOUSDT,2025-02-17 08:00:00.000,-0.00031714,0.00337800,Regular
VTHOUSDT,2025-02-17 12:00:00.004,-0.00032916,0.00348050,Regular
VTHOUSDT,2025-02-17 16:00:00.000,-0.00076659,0.00342900,Regular
VTHOUSDT,2025-02-17 20:00:00.001,-0.00015261,0.00339900,Regular
VTHOUSDT,2025-02-18 00:00:00.000,-0.00021664,0.00343656,Regular
VTHOUSDT,2025-02-18 04:00:00.000,-8.51e-05,0.00345600,Regular
VTHOUSDT,2025-02-18 08:00:00.000,-0.00026902,0.00335454,Regular
VTHOUSDT,2025-02-18 12:00:00.000,-9.928e-05,0.00339262,Regular
VTHOUSDT,2025-02-18 16:00:00.000,-0.00013724,0.00326800,Regular
VTHOUSDT,2025-02-18 20:00:00.000,5e-05,0.00331248,Regular
VTHOUSDT,2025-02-19 00:00:00.000,5e-05,0.00338100,Regular
VTHOUSDT,2025-02-19 04:00:00.000,-0.00020359,0.00336900,Regular
VTHOUSDT,2025-02-19 08:00:00.000,5e-05,0.00341223,Regular
VTHOUSDT,2025-02-19 12:00:00.000,5e-05,0.00345865,Regular
VTHOUSDT,2025-02-19 16:00:00.000,5e-05,0.00341235,Regular
VTHOUSDT,2025-02-19 20:00:00.000,-0.00040818,0.00344040,Regular
VTHOUSDT,2025-02-20 00:00:00.000,-0.00012211,0.00345600,Regular
VTHOUSDT,2025-02-20 04:00:00.000,5e-05,0.00344500,Regular
VTHOUSDT,2025-02-20 08:00:00.000,5e-05,0.00338788,Regular
VTHOUSDT,2025-02-20 12:00:00.000,5e-05,0.00341655,Regular
VTHOUSDT,2025-02-20 16:00:00.000,5e-05,0.00337700,Regular
VTHOUSDT,2025-02-20 20:00:00.000,5e-05,0.00346389,Regular
VTHOUSDT,2025-02-21 00:00:00.001,-6.363e-05,0.00349300,Regular
VTHOUSDT,2025-02-21 04:00:00.000,5e-05,0.00344400,Regular
VTHOUSDT,2025-02-21 08:00:00.000,5e-05,0.00349200,Regular
VTHOUSDT,2025-02-21 12:00:00.000,5e-05,0.00355500,Regular
VTHOUSDT,2025-02-21 16:00:00.000,5e-05,0.00341230,Regular
VTHOUSDT,2025-02-21 20:00:00.000,-0.00032562,0.00325234,Regular
VTHOUSDT,2025-02-22 00:00:00.000,-0.00011049,0.00329700,Regular
VTHOUSDT,2025-02-22 04:00:00.000,1.125e-05,0.00338700,Regular
VTHOUSDT,2025-02-22 08:00:00.000,5e-05,0.00338844,Regular
VTHOUSDT,2025-02-22 12:00:00.000,5e-05,0.00345083,Regular
VTHOUSDT,2025-02-22 16:00:00.000,5e-05,0.00345574,Regular
VTHOUSDT,2025-02-22 20:00:00.000,5e-05,0.00341600,Regular
VTHOUSDT,2025-02-23 00:00:00.000,5e-05,0.00341133,Regular
VTHOUSDT,2025-02-23 04:00:00.000,5e-05,0.00339439,Regular
VTHOUSDT,2025-02-23 08:00:00.000,5e-05,0.00343888,Regular
VTHOUSDT,2025-02-23 12:00:00.000,5e-05,0.00337353,Regular
VTHOUSDT,2025-02-23 16:00:00.000,-1.146e-05,0.00327344,Regular
VTHOUSDT,2025-02-23 20:00:00.000,-0.0002947,0.00326500,Regular
VTHOUSDT,2025-02-24 00:00:00.000,-0.00011018,0.00330912,Regular
VTHOUSDT,2025-02-24 04:00:00.000,-0.00023942,0.00320201,Regular
VTHOUSDT,2025-02-24 08:00:00.000,-1.788e-05,0.00320628,Regular
VTHOUSDT,2025-02-24 12:00:00.001,3.374e-05,0.00316700,Regular
VTHOUSDT,2025-02-24 16:00:00.000,-0.00028809,0.00312648,Regular
VTHOUSDT,2025-02-24 20:00:00.000,-0.0001066,0.00307969,Regular
VTHOUSDT,2025-02-25 00:00:00.000,-0.00015316,0.00293877,Regular
VTHOUSDT,2025-02-25 04:00:00.000,-0.00044171,0.00294300,Regular
VTHOUSDT,2025-02-25 08:00:00.000,-0.00013186,0.00288943,Regular
VTHOUSDT,2025-02-25 12:00:00.000,5e-05,0.00292673,Regular
VTHOUSDT,2025-02-25 16:00:00.000,-9.934e-05,0.00292259,Regular
VTHOUSDT,2025-02-25 20:00:00.000,-9.88e-06,0.00299200,Regular
VTHOUSDT,2025-02-26 00:00:00.000,5e-05,0.00298978,Regular
VTHOUSDT,2025-02-26 04:00:00.000,5e-05,0.00300600,Regular
VTHOUSDT,2025-02-26 08:00:00.000,5e-05,0.00298743,Regular
VTHOUSDT,2025-02-26 12:00:00.001,5e-05,0.00297100,Regular
VTHOUSDT,2025-02-26 16:00:00.000,5e-05,0.00300773,Regular
VTHOUSDT,2025-02-26 20:00:00.000,5e-05,0.00292800,Regular
VTHOUSDT,2025-02-27 00:00:00.001,5e-05,0.00303104,Regular
VTHOUSDT,2025-02-27 04:00:00.001,5e-05,0.00306957,Regular
VTHOUSDT,2025-02-27 08:00:00.000,5e-05,0.00308700,Regular
VTHOUSDT,2025-02-27 12:00:00.006,5e-05,0.00309100,Regular
VTHOUSDT,2025-02-27 16:00:00.000,5e-05,0.00304500,Regular
VTHOUSDT,2025-02-27 20:00:00.001,5e-05,0.00300100,Regular
VTHOUSDT,2025-02-28 00:00:00.001,5e-05,0.00299100,Regular
VTHOUSDT,2025-02-28 04:00:00.000,5e-05,0.00276900,Regular
VTHOUSDT,2025-02-28 08:00:00.000,5e-05,0.00273298,Regular
VTHOUSDT,2025-02-28 12:00:00.000,5e-05,0.00276286,Regular
VTHOUSDT,2025-02-28 16:00:00.000,5e-05,0.00293413,Regular
VTHOUSDT,2025-02-28 20:00:00.000,5e-05,0.00298129,Regular
VTHOUSDT,2025-03-01 00:00:00.000,5e-05,0.00295456,Regular
VTHOUSDT,2025-03-01 04:00:00.000,5e-05,0.00294800,Regular
VTHOUSDT,2025-03-01 08:00:00.000,5e-05,0.00294224,Regular
VTHOUSDT,2025-03-01 12:00:00.001,5e-05,0.00288614,Regular
VTHOUSDT,2025-03-01 16:00:00.001,5e-05,0.00286632,Regular
VTHOUSDT,2025-03-01 20:00:00.000,5e-05,0.00289528,Regular
VTHOUSDT,2025-03-02 00:00:00.000,5e-05,0.00293100,Regular
VTHOUSDT,2025-03-02 04:00:00.000,5e-05,0.00292400,Regular
VTHOUSDT,2025-03-02 08:00:00.000,5e-05,0.00292200,Regular
VTHOUSDT,2025-03-02 12:00:00.000,5e-05,0.00292600,Regular
VTHOUSDT,2025-03-02 16:00:00.000,5e-05,0.00294029,Regular
VTHOUSDT,2025-03-02 20:00:00.000,5e-05,0.00323575,Regular
VTHOUSDT,2025-03-03 00:00:00.001,5e-05,0.00316903,Regular
VTHOUSDT,2025-03-03 04:00:00.000,-0.00108739,0.00315400,Regular
VTHOUSDT,2025-03-03 08:00:00.000,1.53e-06,0.00312417,Regular
VTHOUSDT,2025-03-03 12:00:00.001,5e-05,0.00308936,Regular
VTHOUSDT,2025-03-03 16:00:00.000,5e-05,0.00296700,Regular
VTHOUSDT,2025-03-03 20:00:00.000,5e-05,0.00274500,Regular
VTHOUSDT,2025-03-04 00:00:00.001,5e-05,0.00273700,Regular
VTHOUSDT,2025-03-04 04:00:00.000,5e-05,0.00259895,Regular
VTHOUSDT,2025-03-04 08:00:00.005,-7.085e-05,0.00257700,Regular
VTHOUSDT,2025-03-04 12:00:00.000,5e-05,0.00254800,Regular
VTHOUSDT,2025-03-04 16:00:00.000,-2.952e-05,0.00256500,Regular
VTHOUSDT,2025-03-04 20:00:00.000,5e-05,0.00266100,Regular
VTHOUSDT,2025-03-05 00:00:00.000,-6.812e-05,0.00267400,Regular
VTHOUSDT,2025-03-05 04:00:00.000,-1.023e-05,0.00264374,Regular
VTHOUSDT,2025-03-05 08:00:00.000,5e-05,0.00266542,Regular
VTHOUSDT,2025-03-05 12:00:00.000,5e-05,0.00269630,Regular
VTHOUSDT,2025-03-05 16:00:00.000,3.921e-05,0.00267000,Regular
VTHOUSDT,2025-03-05 20:00:00.000,5e-05,0.00272748,Regular
VTHOUSDT,2025-03-06 00:00:00.000,5e-05,0.00273151,Regular
VTHOUSDT,2025-03-06 04:00:00.000,-7.029e-05,0.00275385,Regular
VTHOUSDT,2025-03-06 08:00:00.001,5e-05,0.00274356,Regular
VTHOUSDT,2025-03-06 12:00:00.001,5e-05,0.00276000,Regular
VTHOUSDT,2025-03-06 16:00:00.000,5e-05,0.00273002,Regular
VTHOUSDT,2025-03-06 20:00:00.000,5e-05,0.00263400,Regular
VTHOUSDT,2025-03-07 00:00:00.000,5e-05,0.00266500,Regular
VTHOUSDT,2025-03-07 04:00:00.000,5e-05,0.00261095,Regular
VTHOUSDT,2025-03-07 08:00:00.001,5e-05,0.00263100,Regular
VTHOUSDT,2025-03-07 12:00:00.000,5e-05,0.00266600,Regular
VTHOUSDT,2025-03-07 16:00:00.000,5e-05,0.00266877,Regular
VTHOUSDT,2025-03-07 20:00:00.000,5e-05,0.00268535,Regular
VTHOUSDT,2025-03-08 00:00:00.000,-0.00029957,0.00261222,Regular
VTHOUSDT,2025-03-08 04:00:00.000,5e-05,0.00261511,Regular
VTHOUSDT,2025-03-08 08:00:00.001,5e-05,0.00262163,Regular
VTHOUSDT,2025-03-08 12:00:00.001,1.012e-05,0.00256281,Regular
VTHOUSDT,2025-03-08 16:00:00.001,5e-05,0.00255970,Regular
VTHOUSDT,2025-03-08 20:00:00.001,5e-05,0.00259500,Regular
VTHOUSDT,2025-03-09 00:00:00.001,-9.26e-05,0.00257500,Regular
VTHOUSDT,2025-03-09 04:00:00.000,5e-05,0.00255800,Regular
VTHOUSDT,2025-03-09 08:00:00.000,5e-05,0.00256000,Regular
VTHOUSDT,2025-03-09 12:00:00.000,5e-05,0.00250320,Regular
VTHOUSDT,2025-03-09 16:00:00.000,5e-05,0.00241653,Regular
VTHOUSDT,2025-03-09 20:00:00.000,-8.069e-05,0.00234600,Regular
VTHOUSDT,2025-03-10 00:00:00.000,-0.00021994,0.00232700,Regular
VTHOUSDT,2025-03-10 04:00:00.000,-4.05e-05,0.00241200,Regular
VTHOUSDT,2025-03-10 08:00:00.000,5e-05,0.00241100,Regular
VTHOUSDT,2025-03-10 12:00:00.000,5e-05,0.00244822,Regular
VTHOUSDT,2025-03-10 16:00:00.000,5e-05,0.00242367,Regular
VTHOUSDT,2025-03-10 20:00:00.000,5e-05,0.00235345,Regular
VTHOUSDT,2025-03-11 00:00:00.000,5e-05,0.00229800,Regular
VTHOUSDT,2025-03-11 04:00:00.000,5e-05,0.00227300,Regular
VTHOUSDT,2025-03-11 08:00:00.000,-0.00010162,0.00232229,Regular
VTHOUSDT,2025-03-11 12:00:00.000,5e-05,0.00233730,Regular
VTHOUSDT,2025-03-11 16:00:00.001,5e-05,0.00235401,Regular
VTHOUSDT,2025-03-11 20:00:00.001,5e-05,0.00241703,Regular
VTHOUSDT,2025-03-12 00:00:00.000,5e-05,0.00237339,Regular
VTHOUSDT,2025-03-12 04:00:00.001,-9.842e-05,0.00230700,Regular
VTHOUSDT,2025-03-12 08:00:00.000,5e-05,0.00233800,Regular
VTHOUSDT,2025-03-12 12:00:00.000,5e-05,0.00238904,Regular
VTHOUSDT,2025-03-12 16:00:00.001,5e-05,0.00235809,Regular
VTHOUSDT,2025-03-12 20:00:00.000,5e-05,0.00239780,Regular
VTHOUSDT,2025-03-13 00:00:00.000,5e-05,0.00244700,Regular
VTHOUSDT,2025-03-13 04:00:00.000,5e-05,0.00242913,Regular
VTHOUSDT,2025-03-13 08:00:00.000,5e-05,0.00239000,Regular
VTHOUSDT,2025-03-13 12:00:00.000,5e-05,0.00244324,Regular
VTHOUSDT,2025-03-13 16:00:00.000,5e-05,0.00238810,Regular
VTHOUSDT,2025-03-13 20:00:00.000,5e-05,0.00234378,Regular
VTHOUSDT,2025-03-14 00:00:00.000,5e-05,0.00236233,Regular
VTHOUSDT,2025-03-14 04:00:00.000,5e-05,0.00238666,Regular
VTHOUSDT,2025-03-14 08:00:00.000,5e-05,0.00241300,Regular
VTHOUSDT,2025-03-14 12:00:00.000,5e-05,0.00243409,Regular
VTHOUSDT,2025-03-14 16:00:00.000,5e-05,0.00246402,Regular
VTHOUSDT,2025-03-14 20:00:00.000,5e-05,0.00245459,Regular
VTHOUSDT,2025-03-15 00:00:00.000,-5.623e-05,0.00245334,Regular
VTHOUSDT,2025-03-15 04:00:00.000,5e-05,0.00248106,Regular
VTHOUSDT,2025-03-15 08:00:00.000,5e-05,0.00248038,Regular
VTHOUSDT,2025-03-15 12:00:00.000,5e-05,0.00249800,Regular
VTHOUSDT,2025-03-15 16:00:00.000,5e-05,0.00251500,Regular
VTHOUSDT,2025-03-15 20:00:00.000,5e-05,0.00251024,Regular
VTHOUSDT,2025-03-16 00:00:00.000,-0.00019536,0.00250300,Regular
VTHOUSDT,2025-03-16 04:00:00.000,5e-05,0.00250205,Regular
VTHOUSDT,2025-03-16 08:00:00.000,5e-05,0.00254702,Regular
VTHOUSDT,2025-03-16 12:00:00.000,-0.00022591,0.00250804,Regular
VTHOUSDT,2025-03-16 16:00:00.000,5e-05,0.00246504,Regular
VTHOUSDT,2025-03-16 20:00:00.000,4.307e-05,0.00244700,Regular
VTHOUSDT,2025-03-17 00:00:00.000,5e-05,0.00243900,Regular
VTHOUSDT,2025-03-17 04:00:00.000,5e-05,0.00249548,Regular
VTHOUSDT,2025-03-17 08:00:00.000,-0.00051581,0.00265123,Regular
VTHOUSDT,2025-03-17 12:00:00.000,-0.0016771,0.00270600,Regular
VTHOUSDT,2025-03-17 16:00:00.000,-3.403e-05,0.00263316,Regular
VTHOUSDT,2025-03-17 20:00:00.000,-7.957e-05,0.00264200,Regular
VTHOUSDT,2025-03-18 00:00:00.000,-0.00012377,0.00265600,Regular
VTHOUSDT,2025-03-18 04:00:00.000,-0.00025427,0.00253700,Regular
VTHOUSDT,2025-03-18 08:00:00.000,-0.00015643,0.00252100,Regular
VTHOUSDT,2025-03-18 12:00:00.001,-0.00030868,0.00250300,Regular
VTHOUSDT,2025-03-18 16:00:00.000,-0.00011423,0.00248900,Regular
VTHOUSDT,2025-03-18 20:00:00.000,5e-05,0.00253900,Regular
VTHOUSDT,2025-03-19 00:00:00.000,5e-05,0.00258577,Regular
VTHOUSDT,2025-03-19 04:00:00.000,5e-05,0.00258176,Regular
VTHOUSDT,2025-03-19 08:00:00.000,9.41e-06,0.00259800,Regular
VTHOUSDT,2025-03-19 12:00:00.000,-0.00020222,0.00263000,Regular
VTHOUSDT,2025-03-19 16:00:00.000,5e-05,0.00262110,Regular
VTHOUSDT,2025-03-19 20:00:00.000,1.89e-06,0.00261500,Regular
VTHOUSDT,2025-03-20 00:00:00.000,3.544e-05,0.00263814,Regular
VTHOUSDT,2025-03-20 04:00:00.000,4.597e-05,0.00259500,Regular
VTHOUSDT,2025-03-20 08:00:00.000,-0.00016031,0.00259509,Regular
VTHOUSDT,2025-03-20 12:00:00.000,5e-05,0.00258250,Regular
VTHOUSDT,2025-03-20 16:00:00.000,3.002e-05,0.00255300,Regular
VTHOUSDT,2025-03-20 20:00:00.000,5e-05,0.00254367,Regular
VTHOUSDT,2025-03-21 00:00:00.000,-5.717e-05,0.00253774,Regular
VTHOUSDT,2025-03-21 04:00:00.000,-4.195e-05,0.00251200,Regular
VTHOUSDT,2025-03-21 08:00:00.000,5e-05,0.00248647,Regular
VTHOUSDT,2025-03-21 12:00:00.000,-1.303e-05,0.00243800,Regular
VTHOUSDT,2025-03-21 16:00:00.000,5e-05,0.00243100,Regular
VTHOUSDT,2025-03-21 20:00:00.000,2.828e-05,0.00243300,Regular
VTHOUSDT,2025-03-22 00:00:00.000,-0.00020772,0.00243431,Regular
VTHOUSDT,2025-03-22 04:00:00.001,5e-05,0.00242739,Regular
VTHOUSDT,2025-03-22 08:00:00.004,5e-05,0.00244308,Regular
VTHOUSDT,2025-03-22 12:00:00.013,5e-05,0.00246117,Regular
VTHOUSDT,2025-03-22 16:00:00.000,5e-05,0.00244500,Regular
VTHOUSDT,2025-03-22 20:00:00.001,5e-05,0.00248117,Regular
VTHOUSDT,2025-03-23 00:00:00.000,-4.46e-05,0.00245670,Regular
VTHOUSDT,2025-03-23 04:00:00.000,3.945e-05,0.00244700,Regular
VTHOUSDT,2025-03-23 08:00:00.000,5e-05,0.00243800,Regular
VTHOUSDT,2025-03-23 12:00:00.000,5e-05,0.00243227,Regular
VTHOUSDT,2025-03-23 16:00:00.000,5e-05,0.00241300,Regular
VTHOUSDT,2025-03-23 20:00:00.000,5e-05,0.00239246,Regular
VTHOUSDT,2025-03-24 00:00:00.000,5e-05,0.00241394,Regular
VTHOUSDT,2025-03-24 04:00:00.000,-4.222e-05,0.00241600,Regular
VTHOUSDT,2025-03-24 08:00:00.000,5e-05,0.00246800,Regular
VTHOUSDT,2025-03-24 12:00:00.000,5e-05,0.00248503,Regular
VTHOUSDT,2025-03-24 16:00:00.000,3.954e-05,0.00250734,Regular
VTHOUSDT,2025-03-24 20:00:00.004,5e-05,0.00249584,Regular
VTHOUSDT,2025-03-25 00:00:00.001,5e-05,0.00250200,Regular
VTHOUSDT,2025-03-25 04:00:00.000,5e-05,0.00245071,Regular
VTHOUSDT,2025-03-25 08:00:00.000,-0.0001198,0.00247100,Regular
VTHOUSDT,2025-03-25 12:00:00.000,5e-05,0.00253586,Regular
VTHOUSDT,2025-03-25 16:00:00.000,5e-05,0.00254679,Regular
VTHOUSDT,2025-03-25 20:00:00.000,5e-05,0.00257500,Regular
VTHOUSDT,2025-03-26 00:00:00.000,5e-05,0.00256500,Regular
VTHOUSDT,2025-03-26 04:00:00.001,5e-05,0.00252400,Regular
VTHOUSDT,2025-03-26 08:00:00.000,5e-05,0.00262900,Regular
VTHOUSDT,2025-03-26 12:00:00.000,2.684e-05,0.00263087,Regular
VTHOUSDT,2025-03-26 16:00:00.001,-0.00042884,0.00258400,Regular
VTHOUSDT,2025-03-26 20:00:00.000,2.986e-05,0.00255100,Regular
VTHOUSDT,2025-03-27 00:00:00.001,-0.00017933,0.00256624,Regular
VTHOUSDT,2025-03-27 04:00:00.000,1.857e-05,0.00259400,Regular
VTHOUSDT,2025-03-27 08:00:00.001,-0.00021335,0.00256900,Regular
VTHOUSDT,2025-03-27 12:00:00.000,-5.788e-05,0.00251118,Regular
VTHOUSDT,2025-03-27 16:00:00.002,5e-05,0.00255274,Regular
VTHOUSDT,2025-03-27 20:00:00.000,-3.738e-05,0.00255998,Regular
VTHOUSDT,2025-03-28 00:00:00.001,-0.00019537,0.00255700,Regular
VTHOUSDT,2025-03-28 04:00:00.000,-0.0008364,0.00254000,Regular
VTHOUSDT,2025-03-28 08:00:00.001,-0.0009107,0.00238343,Regular
VTHOUSDT,2025-03-28 12:00:00.000,-0.00033596,0.00241272,Regular
VTHOUSDT,2025-03-28 16:00:00.000,-9.883e-05,0.00237083,Regular
VTHOUSDT,2025-03-28 20:00:00.000,-0.00026861,0.00232492,Regular
VTHOUSDT,2025-03-29 00:00:00.000,-0.00022975,0.00235800,Regular
VTHOUSDT,2025-03-29 04:00:00.001,-0.00042816,0.00233800,Regular
VTHOUSDT,2025-03-29 08:00:00.000,-0.00017121,0.00226418,Regular
VTHOUSDT,2025-03-29 12:00:00.000,-0.00039063,0.00221100,Regular
VTHOUSDT,2025-03-29 16:00:00.000,-0.00027147,0.00221214,Regular
VTHOUSDT,2025-03-29 20:00:00.000,-0.00017806,0.00219407,Regular
VTHOUSDT,2025-03-30 00:00:00.000,1.213e-05,0.00221177,Regular
VTHOUSDT,2025-03-30 04:00:00.000,-0.00024541,0.00224310,Regular
VTHOUSDT,2025-03-30 08:00:00.000,5e-05,0.00227806,Regular
VTHOUSDT,2025-03-30 12:00:00.000,-0.00027385,0.00227600,Regular
VTHOUSDT,2025-03-30 16:00:00.000,5e-05,0.00227200,Regular
VTHOUSDT,2025-03-30 20:00:00.000,-1.168e-05,0.00228000,Regular
VTHOUSDT,2025-03-31 00:00:00.000,-0.0001288,0.00227900,Regular
VTHOUSDT,2025-03-31 04:00:00.000,-0.00038775,0.00223668,Regular
VTHOUSDT,2025-03-31 08:00:00.000,-0.00021099,0.00223138,Regular
VTHOUSDT,2025-03-31 12:00:00.000,4.469e-05,0.00223700,Regular
VTHOUSDT,2025-03-31 16:00:00.000,-8.444e-05,0.00225800,Regular
VTHOUSDT,2025-03-31 20:00:00.000,-0.00030013,0.00224200,Regular
VTHOUSDT,2025-04-01 00:00:00.000,5e-05,0.00225127,Regular
VTHOUSDT,2025-04-01 04:00:00.001,-0.0001039,0.00227351,Regular
VTHOUSDT,2025-04-01 08:00:00.001,2.116e-05,0.00227337,Regular
VTHOUSDT,2025-04-01 12:00:00.000,-0.00031936,0.00227800,Regular
VTHOUSDT,2025-04-01 16:00:00.000,5e-05,0.00233900,Regular
VTHOUSDT,2025-04-01 20:00:00.003,4.433e-05,0.00229445,Regular
VTHOUSDT,2025-04-02 00:00:00.001,-3.825e-05,0.00227700,Regular
VTHOUSDT,2025-04-02 04:00:00.001,-2.38e-05,0.00222600,Regular
VTHOUSDT,2025-04-02 08:00:00.000,-0.0002233,0.00217800,Regular
VTHOUSDT,2025-04-02 12:00:00.002,5e-05,0.00219700,Regular
VTHOUSDT,2025-04-02 16:00:00.000,5e-05,0.00224833,Regular
VTHOUSDT,2025-04-02 20:00:00.000,5e-05,0.00223723,Regular
VTHOUSDT,2025-04-03 00:00:00.000,-6.52e-06,0.00205500,Regular
VTHOUSDT,2025-04-03 04:00:00.000,5e-05,0.00213111,Regular
VTHOUSDT,2025-04-03 08:00:00.000,-6.608e-05,0.00211184,Regular
VTHOUSDT,2025-04-03 12:00:00.000,5e-05,0.00207000,Regular
VTHOUSDT,2025-04-03 16:00:00.000,5e-05,0.00205000,Regular
VTHOUSDT,2025-04-03 20:00:00.000,5e-05,0.00207358,Regular
VTHOUSDT,2025-04-04 00:00:00.000,5e-05,0.00211600,Regular
VTHOUSDT,2025-04-04 04:00:00.000,5e-05,0.00211601,Regular
VTHOUSDT,2025-04-04 08:00:00.000,5e-05,0.00212470,Regular
VTHOUSDT,2025-04-04 12:00:00.000,-0.00018264,0.00205678,Regular
VTHOUSDT,2025-04-04 16:00:00.000,5e-05,0.00209848,Regular
VTHOUSDT,2025-04-04 20:00:00.001,3.534e-05,0.00212491,Regular
VTHOUSDT,2025-04-05 00:00:00.000,5e-05,0.00212534,Regular
VTHOUSDT,2025-04-05 04:00:00.000,5e-05,0.00211800,Regular
VTHOUSDT,2025-04-05 08:00:00.000,5e-05,0.00212200,Regular
VTHOUSDT,2025-04-05 12:00:00.000,5e-05,0.00211500,Regular
VTHOUSDT,2025-04-05 16:00:00.000,4.209e-05,0.00207348,Regular
VTHOUSDT,2025-04-05 20:00:00.000,5e-05,0.00207236,Regular
VTHOUSDT,2025-04-06 00:00:00.000,5e-05,0.00208412,Regular
VTHOUSDT,2025-04-06 04:00:00.000,5e-05,0.00206209,Regular
VTHOUSDT,2025-04-06 08:00:00.000,1.748e-05,0.00205200,Regular
VTHOUSDT,2025-04-06 12:00:00.001,1.272e-05,0.00204300,Regular
VTHOUSDT,2025-04-06 16:00:00.002,-2.817e-05,0.00200933,Regular
VTHOUSDT,2025-04-06 20:00:00.001,1.302e-05,0.00188733,Regular
VTHOUSDT,2025-04-07 00:00:00.000,-1.692e-05,0.00185421,Regular
VTHOUSDT,2025-04-07 04:00:00.000,-0.0002538,0.00180009,Regular
VTHOUSDT,2025-04-07 08:00:00.000,-0.0001459,0.00172232,Regular
VTHOUSDT,2025-04-07 12:00:00.000,5e-05,0.00178331,Regular
VTHOUSDT,2025-04-07 16:00:00.000,-3.947e-05,0.00188306,Regular
VTHOUSDT,2025-04-07 20:00:00.000,-0.00012148,0.00189000,Regular
VTHOUSDT,2025-04-08 00:00:00.000,-0.00011912,0.00191100,Regular
VTHOUSDT,2025-04-08 04:00:00.000,-4.421e-05,0.00193976,Regular
VTHOUSDT,2025-04-08 08:00:00.000,5e-05,0.00190417,Regular
VTHOUSDT,2025-04-08 12:00:00.000,5e-05,0.00195286,Regular
VTHOUSDT,2025-04-08 16:00:00.000,-1.613e-05,0.00192909,Regular
VTHOUSDT,2025-04-08 20:00:00.000,-0.00015446,0.00186643,Regular
VTHOUSDT,2025-04-09 00:00:00.000,5e-05,0.00185542,Regular
VTHOUSDT,2025-04-09 04:00:00.000,5e-05,0.00186004,Regular
VTHOUSDT,2025-04-09 08:00:00.001,5e-05,0.00191871,Regular
VTHOUSDT,2025-04-09 12:00:00.000,5e-05,0.00189500,Regular
VTHOUSDT,2025-04-09 16:00:00.000,5e-05,0.00192400,Regular
VTHOUSDT,2025-04-09 20:00:00.000,5e-05,0.00205001,Regular
VTHOUSDT,2025-04-10 00:00:00.000,5e-05,0.00207028,Regular
VTHOUSDT,2025-04-10 04:00:00.000,5e-05,0.00202696,Regular
VTHOUSDT,2025-04-10 08:00:00.000,5e-05,0.00203000,Regular
VTHOUSDT,2025-04-10 12:00:00.000,1.513e-05,0.00201945,Regular
VTHOUSDT,2025-04-10 16:00:00.000,-3.395e-05,0.00195869,Regular
VTHOUSDT,2025-04-10 20:00:00.000,5e-05,0.00199951,Regular
VTHOUSDT,2025-04-11 00:00:00.001,5e-05,0.00202000,Regular
VTHOUSDT,2025-04-11 04:00:00.001,3.396e-05,0.00205404,Regular
VTHOUSDT,2025-04-11 08:00:00.000,-0.00017469,0.00209700,Regular
VTHOUSDT,2025-04-11 12:00:00.000,-4.534e-05,0.00209967,Regular
VTHOUSDT,2025-04-11 16:00:00.000,1.551e-05,0.00211100,Regular
VTHOUSDT,2025-04-11 20:00:00.001,5e-05,0.00212821,Regular
VTHOUSDT,2025-04-12 00:00:00.000,-0.00023671,0.00216400,Regular
VTHOUSDT,2025-04-12 04:00:00.000,2.384e-05,0.00210826,Regular
VTHOUSDT,2025-04-12 08:00:00.001,9.7e-07,0.00214828,Regular
VTHOUSDT,2025-04-12 12:00:00.001,5e-05,0.00213411,Regular
VTHOUSDT,2025-04-12 16:00:00.000,5e-05,0.00219700,Regular
VTHOUSDT,2025-04-12 20:00:00.000,5e-05,0.00218900,Regular
VTHOUSDT,2025-04-13 00:00:00.000,5e-05,0.00220600,Regular
VTHOUSDT,2025-04-13 04:00:00.000,5e-05,0.00218700,Regular
VTHOUSDT,2025-04-13 08:00:00.000,-1.211e-05,0.00215300,Regular
VTHOUSDT,2025-04-13 12:00:00.000,-1.82e-06,0.00217300,Regular
VTHOUSDT,2025-04-13 16:00:00.000,4.421e-05,0.00214322,Regular
VTHOUSDT,2025-04-13 20:00:00.000,2.068e-05,0.00213700,Regular
VTHOUSDT,2025-04-14 00:00:00.000,5e-05,0.00210000,Regular
VTHOUSDT,2025-04-14 04:00:00.000,5e-05,0.00209923,Regular
VTHOUSDT,2025-04-14 08:00:00.000,-6.43e-05,0.00209047,Regular
VTHOUSDT,2025-04-14 12:00:00.002,-0.00986107,0.00321900,Regular
VTHOUSDT,2025-04-14 16:00:00.000,-0.00593506,0.00276029,Regular
VTHOUSDT,2025-04-14 20:00:00.000,-0.00604688,0.00287200,Regular
VTHOUSDT,2025-04-15 00:00:00.000,-0.00930865,0.00299200,Regular
VTHOUSDT,2025-04-15 04:00:00.001,-0.013368,0.00303000,Regular
VTHOUSDT,2025-04-15 08:00:00.000,-0.01561966,0.00309956,Regular
VTHOUSDT,2025-04-15 12:00:00.000,-0.00620636,0.00292900,Regular
VTHOUSDT,2025-04-15 16:00:00.001,-0.00401278,0.00285300,Regular
VTHOUSDT,2025-04-15 20:00:00.000,-0.00360431,0.00276927,Regular
VTHOUSDT,2025-04-16 00:00:00.000,-0.00597566,0.00288443,Regular
VTHOUSDT,2025-04-16 04:00:00.000,-0.00200277,0.00271887,Regular
VTHOUSDT,2025-04-16 08:00:00.000,-0.00153644,0.00268808,Regular
VTHOUSDT,2025-04-16 12:00:00.000,-0.00149458,0.00261100,Regular
VTHOUSDT,2025-04-16 16:00:00.000,-0.00130125,0.00254279,Regular
VTHOUSDT,2025-04-16 20:00:00.000,-0.00066504,0.00251203,Regular
VTHOUSDT,2025-04-17 00:00:00.001,-0.0014348,0.00245409,Regular
VTHOUSDT,2025-04-17 04:00:00.000,-0.00066988,0.00242100,Regular
VTHOUSDT,2025-04-17 08:00:00.000,-0.00170409,0.00244835,Regular
VTHOUSDT,2025-04-17 12:00:00.000,-0.00041482,0.00243917,Regular
VTHOUSDT,2025-04-17 16:00:00.001,-0.0005092,0.00251400,Regular
VTHOUSDT,2025-04-17 20:00:00.001,-0.0003753,0.00247200,Regular
VTHOUSDT,2025-04-18 00:00:00.000,-0.00028664,0.00250814,Regular
VTHOUSDT,2025-04-18 04:00:00.000,-0.0005421,0.00247900,Regular
VTHOUSDT,2025-04-18 08:00:00.000,-0.00033819,0.00244900,Regular
VTHOUSDT,2025-04-18 12:00:00.000,-0.00065886,0.00253500,Regular
VTHOUSDT,2025-04-18 16:00:00.000,-0.00062585,0.00254125,Regular
VTHOUSDT,2025-04-18 20:00:00.000,-0.00034707,0.00260639,Regular
VTHOUSDT,2025-04-19 00:00:00.000,-0.0002067,0.00256300,Regular
VTHOUSDT,2025-04-19 04:00:00.000,-0.00045832,0.00258900,Regular
VTHOUSDT,2025-04-19 08:00:00.000,-0.00052219,0.00254655,Regular
VTHOUSDT,2025-04-19 12:00:00.000,-0.00020458,0.00257495,Regular
VTHOUSDT,2025-04-19 16:00:00.000,-0.00055457,0.00250821,Regular
VTHOUSDT,2025-04-19 20:00:00.000,-0.00028419,0.00252390,Regular
VTHOUSDT,2025-04-20 00:00:00.000,-0.0002364,0.00249100,Regular
VTHOUSDT,2025-04-20 04:00:00.000,-0.00027446,0.00283030,Regular
VTHOUSDT,2025-04-20 08:00:00.000,-0.00055522,0.00269100,Regular
VTHOUSDT,2025-04-20 12:00:00.001,-0.00031718,0.00260442,Regular
VTHOUSDT,2025-04-20 16:00:00.000,-0.00010753,0.00253500,Regular
VTHOUSDT,2025-04-20 20:00:00.000,-0.00022172,0.00251532,Regular
VTHOUSDT,2025-04-21 00:00:00.000,-0.00063788,0.00254600,Regular
VTHOUSDT,2025-04-21 04:00:00.000,-0.00021255,0.00257100,Regular
VTHOUSDT,2025-04-21 08:00:00.005,-0.00023347,0.00253569,Regular
VTHOUSDT,2025-04-21 12:00:00.002,-0.00025337,0.00250648,Regular
VTHOUSDT,2025-04-21 16:00:00.003,-0.00026811,0.00250500,Regular
VTHOUSDT,2025-04-21 20:00:00.006,-9.096e-05,0.00253000,Regular
VTHOUSDT,2025-04-22 00:00:00.008,-0.00032807,0.00249354,Regular
VTHOUSDT,2025-04-22 04:00:00.000,-7.101e-05,0.00246500,Regular
VTHOUSDT,2025-04-22 08:00:00.000,-3.689e-05,0.00242100,Regular
VTHOUSDT,2025-04-22 12:00:00.001,-0.00032255,0.00244400,Regular
VTHOUSDT,2025-04-22 16:00:00.000,-0.0002818,0.00250179,Regular
VTHOUSDT,2025-04-22 20:00:00.004,-3.238e-05,0.00251585,Regular
VTHOUSDT,2025-04-23 00:00:00.000,-0.00014923,0.00256300,Regular
VTHOUSDT,2025-04-23 04:00:00.000,-8.48e-06,0.00259400,Regular
VTHOUSDT,2025-04-23 08:00:00.002,-8.622e-05,0.00262100,Regular
VTHOUSDT,2025-04-23 12:00:00.005,-0.00017651,0.00263056,Regular
VTHOUSDT,2025-04-23 16:00:00.000,-0.00032838,0.00270900,Regular
VTHOUSDT,2025-04-23 20:00:00.001,-2.759e-05,0.00268537,Regular
VTHOUSDT,2025-04-24 00:00:00.000,5e-05,0.00265363,Regular
VTHOUSDT,2025-04-24 04:00:00.003,-0.00034488,0.00253300,Regular
VTHOUSDT,2025-04-24 08:00:00.001,5e-05,0.00254100,Regular
VTHOUSDT,2025-04-24 12:00:00.001,5e-05,0.00253582,Regular
VTHOUSDT,2025-04-24 16:00:00.001,3.655e-05,0.00263300,Regular
VTHOUSDT,2025-04-24 20:00:00.006,-1.619e-05,0.00261274,Regular
VTHOUSDT,2025-04-25 00:00:00.007,5e-05,0.00263668,Regular
VTHOUSDT,2025-04-25 04:00:00.001,5e-05,0.00261500,Regular
VTHOUSDT,2025-04-25 08:00:00.002,5e-05,0.00270205,Regular
VTHOUSDT,2025-04-25 12:00:00.000,5e-05,0.00270243,Regular
VTHOUSDT,2025-04-25 16:00:00.003,5e-05,0.00269647,Regular
VTHOUSDT,2025-04-25 20:00:00.001,2.824e-05,0.00274000,Regular
VTHOUSDT,2025-04-26 00:00:00.002,5e-05,0.00276100,Regular
VTHOUSDT,2025-04-26 04:00:00.001,5e-05,0.00280832,Regular
VTHOUSDT,2025-04-26 08:00:00.000,5e-05,0.00278606,Regular
VTHOUSDT,2025-04-26 12:00:00.000,5e-05,0.00267600,Regular
VTHOUSDT,2025-04-26 16:00:00.002,-4.135e-05,0.00277100,Regular
VTHOUSDT,2025-04-26 20:00:00.000,5e-05,0.00276290,Regular
VTHOUSDT,2025-04-27 00:00:00.001,5e-05,0.00278000,Regular
VTHOUSDT,2025-04-27 04:00:00.001,5e-05,0.00273800,Regular
VTHOUSDT,2025-04-27 08:00:00.000,5e-05,0.00269300,Regular
VTHOUSDT,2025-04-27 12:00:00.000,5e-05,0.00268600,Regular
VTHOUSDT,2025-04-27 16:00:00.000,-7.553e-05,0.00264800,Regular
VTHOUSDT,2025-04-27 20:00:00.003,5e-05,0.00266575,Regular
VTHOUSDT,2025-04-28 00:00:00.001,5e-05,0.00263100,Regular
VTHOUSDT,2025-04-28 04:00:00.001,5e-05,0.00264351,Regular
VTHOUSDT,2025-04-28 08:00:00.003,2.422e-05,0.00269400,Regular
VTHOUSDT,2025-04-28 12:00:00.000,5e-05,0.00272600,Regular
VTHOUSDT,2025-04-28 16:00:00.005,5e-05,0.00264500,Regular
VTHOUSDT,2025-04-28 20:00:00.002,5e-05,0.00271600,Regular
VTHOUSDT,2025-04-29 00:00:00.000,5e-05,0.00272831,Regular
VTHOUSDT,2025-04-29 04:00:00.000,5e-05,0.00273400,Regular
VTHOUSDT,2025-04-29 08:00:00.000,5e-05,0.00273000,Regular
VTHOUSDT,2025-04-29 12:00:00.001,5e-05,0.00267077,Regular
VTHOUSDT,2025-04-29 16:00:00.010,5e-05,0.00265555,Regular
VTHOUSDT,2025-04-29 20:00:00.002,5e-05,0.00265417,Regular
VTHOUSDT,2025-04-30 00:00:00.001,5.65e-06,0.00260900,Regular
VTHOUSDT,2025-04-30 04:00:00.001,5e-05,0.00263580,Regular
VTHOUSDT,2025-04-30 08:00:00.000,5e-05,0.00260218,Regular
VTHOUSDT,2025-04-30 12:00:00.001,5e-05,0.00265000,Regular
VTHOUSDT,2025-04-30 16:00:00.003,5e-05,0.00255100,Regular
VTHOUSDT,2025-04-30 20:00:00.002,5e-05,0.00255200,Regular
VTHOUSDT,2025-05-01 00:00:00.000,5e-05,0.00256800,Regular
VTHOUSDT,2025-05-01 04:00:00.008,5e-05,0.00261321,Regular
VTHOUSDT,2025-05-01 08:00:00.000,5e-05,0.00267212,Regular
VTHOUSDT,2025-05-01 12:00:00.001,5e-05,0.00265500,Regular
VTHOUSDT,2025-05-01 16:00:00.001,5e-05,0.00263200,Regular
VTHOUSDT,2025-05-01 20:00:00.000,5e-05,0.00264600,Regular
VTHOUSDT,2025-05-02 00:00:00.000,5e-05,0.00263226,Regular
VTHOUSDT,2025-05-02 04:00:00.000,5e-05,0.00263500,Regular
VTHOUSDT,2025-05-02 08:00:00.000,5e-05,0.00261308,Regular
VTHOUSDT,2025-05-02 12:00:00.005,5e-05,0.00262000,Regular
VTHOUSDT,2025-05-02 16:00:00.003,5e-05,0.00262165,Regular
VTHOUSDT,2025-05-02 20:00:00.003,5e-05,0.00260300,Regular
VTHOUSDT,2025-05-03 00:00:00.000,5e-05,0.00263200,Regular
VTHOUSDT,2025-05-03 04:00:00.001,5e-05,0.00258600,Regular
VTHOUSDT,2025-05-03 08:00:00.000,5e-05,0.00257833,Regular
VTHOUSDT,2025-05-03 12:00:00.006,5e-05,0.00252004,Regular
VTHOUSDT,2025-05-03 16:00:00.000,5e-05,0.00255521,Regular
VTHOUSDT,2025-05-03 20:00:00.000,5e-05,0.00252200,Regular
VTHOUSDT,2025-05-04 00:00:00.001,5e-05,0.00249200,Regular
VTHOUSDT,2025-05-04 04:00:00.004,5e-05,0.00246489,Regular
VTHOUSDT,2025-05-04 08:00:00.001,5e-05,0.00243743,Regular
VTHOUSDT,2025-05-04 12:00:00.006,5e-05,0.00246100,Regular
VTHOUSDT,2025-05-04 16:00:00.002,-3.643e-05,0.00248537,Regular
VTHOUSDT,2025-05-04 20:00:00.000,-0.00010293,0.00246219,Regular
VTHOUSDT,2025-05-05 00:00:00.000,5e-05,0.00247900,Regular
VTHOUSDT,2025-05-05 04:00:00.000,5e-05,0.00247968,Regular
VTHOUSDT,2025-05-05 08:00:00.000,5e-05,0.00250285,Regular
VTHOUSDT,2025-05-05 12:00:00.000,5e-05,0.00244900,Regular
VTHOUSDT,2025-05-05 16:00:00.006,-2.14e-05,0.00242488,Regular
VTHOUSDT,2025-05-05 20:00:00.000,1.41e-05,0.00247000,Regular
VTHOUSDT,2025-05-06 00:00:00.002,5e-05,0.00246440,Regular
VTHOUSDT,2025-05-06 04:00:00.000,5e-05,0.00247700,Regular
VTHOUSDT,2025-05-06 08:00:00.005,5e-05,0.00245031,Regular
VTHOUSDT,2025-05-06 12:00:00.000,-2.08e-06,0.00235200,Regular
VTHOUSDT,2025-05-06 16:00:00.000,2.476e-05,0.00235300,Regular
VTHOUSDT,2025-05-06 20:00:00.000,3.9e-07,0.00238100,Regular
VTHOUSDT,2025-05-07 00:00:00.002,5e-05,0.00241300,Regular
VTHOUSDT,2025-05-07 04:00:00.004,2.776e-05,0.00240800,Regular
VTHOUSDT,2025-05-07 08:00:00.000,5e-05,0.00242330,Regular
VTHOUSDT,2025-05-07 12:00:00.000,2.588e-05,0.00244121,Regular
VTHOUSDT,2025-05-07 16:00:00.006,5e-05,0.00241400,Regular
VTHOUSDT,2025-05-07 20:00:00.000,5e-05,0.00238444,Regular
VTHOUSDT,2025-05-08 00:00:00.000,5e-05,0.00242725,Regular
VTHOUSDT,2025-05-08 04:00:00.005,5e-05,0.00249300,Regular
VTHOUSDT,2025-05-08 08:00:00.001,5e-05,0.00252393,Regular
VTHOUSDT,2025-05-08 12:00:00.000,5e-05,0.00254298,Regular
VTHOUSDT,2025-05-08 16:00:00.002,5e-05,0.00259170,Regular
VTHOUSDT,2025-05-08 20:00:00.006,5e-05,0.00261400,Regular
VTHOUSDT,2025-05-09 00:00:00.001,5e-05,0.00265362,Regular
VTHOUSDT,2025-05-09 04:00:00.000,5e-05,0.00264906,Regular
VTHOUSDT,2025-05-09 08:00:00.006,5e-05,0.00272800,Regular
VTHOUSDT,2025-05-09 12:00:00.000,5e-05,0.00273672,Regular
VTHOUSDT,2025-05-09 16:00:00.000,5e-05,0.00272257,Regular
VTHOUSDT,2025-05-09 20:00:00.000,5e-05,0.00272300,Regular
VTHOUSDT,2025-05-10 00:00:00.001,5e-05,0.00275306,Regular
VTHOUSDT,2025-05-10 04:00:00.003,5e-05,0.00276466,Regular
VTHOUSDT,2025-05-10 08:00:00.000,5e-05,0.00281000,Regular
VTHOUSDT,2025-05-10 12:00:00.000,5e-05,0.00275500,Regular
VTHOUSDT,2025-05-10 16:00:00.001,5e-05,0.00278293,Regular
VTHOUSDT,2025-05-10 20:00:00.000,5e-05,0.00283200,Regular
VTHOUSDT,2025-05-11 00:00:00.000,5e-05,0.00292789,Regular
VTHOUSDT,2025-05-11 04:00:00.000,5e-05,0.00287446,Regular
VTHOUSDT,2025-05-11 08:00:00.001,5e-05,0.00275760,Regular
VTHOUSDT,2025-05-11 12:00:00.001,5e-05,0.00281882,Regular
VTHOUSDT,2025-05-11 16:00:00.001,5e-05,0.00275679,Regular
VTHOUSDT,2025-05-11 20:00:00.000,5e-05,0.00278100,Regular
VTHOUSDT,2025-05-12 00:00:00.004,5e-05,0.00279500,Regular
VTHOUSDT,2025-05-12 04:00:00.003,5e-05,0.00281823,Regular
VTHOUSDT,2025-05-12 08:00:00.000,5e-05,0.00288904,Regular
VTHOUSDT,2025-05-12 12:00:00.000,5e-05,0.00284319,Regular
VTHOUSDT,2025-05-12 16:00:00.000,5e-05,0.00277856,Regular
VTHOUSDT,2025-05-12 20:00:00.004,5e-05,0.00275900,Regular
VTHOUSDT,2025-05-13 00:00:00.000,5e-05,0.00282705,Regular
VTHOUSDT,2025-05-13 04:00:00.000,5e-05,0.00263833,Regular
VTHOUSDT,2025-05-13 08:00:00.008,5e-05,0.00272900,Regular
VTHOUSDT,2025-05-13 12:00:00.000,5e-05,0.00277833,Regular
VTHOUSDT,2025-05-13 16:00:00.001,5e-05,0.00278434,Regular
VTHOUSDT,2025-05-13 20:00:00.006,5e-05,0.00288561,Regular
VTHOUSDT,2025-05-14 00:00:00.007,5e-05,0.00285000,Regular
VTHOUSDT,2025-05-14 04:00:00.000,5e-05,0.00283985,Regular
VTHOUSDT,2025-05-14 08:00:00.000,5e-05,0.00287208,Regular
VTHOUSDT,2025-05-14 12:00:00.000,5e-05,0.00282957,Regular
VTHOUSDT,2025-05-14 16:00:00.002,5e-05,0.00277077,Regular
VTHOUSDT,2025-05-14 20:00:00.007,5e-05,0.00275430,Regular
VTHOUSDT,2025-05-15 00:00:00.000,5e-05,0.00273100,Regular
VTHOUSDT,2025-05-15 04:00:00.000,5e-05,0.00268446,Regular
VTHOUSDT,2025-05-15 08:00:00.003,5e-05,0.00258043,Regular
VTHOUSDT,2025-05-15 12:00:00.000,5e-05,0.00259929,Regular
VTHOUSDT,2025-05-15 16:00:00.000,5e-05,0.00262345,Regular
VTHOUSDT,2025-05-15 20:00:00.001,5e-05,0.00259800,Regular
VTHOUSDT,2025-05-16 00:00:00.001,1.679e-05,0.00257732,Regular
VTHOUSDT,2025-05-16 04:00:00.001,5e-05,0.00260400,Regular
VTHOUSDT,2025-05-16 08:00:00.000,-2.163e-05,0.00261497,Regular
VTHOUSDT,2025-05-16 12:00:00.006,5e-05,0.00261900,Regular
VTHOUSDT,2025-05-16 16:00:00.000,5e-05,0.00261643,Regular
VTHOUSDT,2025-05-16 20:00:00.002,2.517e-05,0.00257800,Regular
VTHOUSDT,2025-05-17 00:00:00.000,-4.97e-05,0.00252800,Regular
VTHOUSDT,2025-05-17 04:00:00.000,1.377e-05,0.00249377,Regular
VTHOUSDT,2025-05-17 08:00:00.001,-2.488e-05,0.00247865,Regular
VTHOUSDT,2025-05-17 12:00:00.002,5e-05,0.00248200,Regular
VTHOUSDT,2025-05-17 16:00:00.004,2.666e-05,0.00247500,Regular
VTHOUSDT,2025-05-17 20:00:00.003,-9.521e-05,0.00245800,Regular
VTHOUSDT,2025-05-18 00:00:00.000,5e-05,0.00247800,Regular
VTHOUSDT,2025-05-18 04:00:00.003,4.692e-05,0.00248702,Regular
VTHOUSDT,2025-05-18 08:00:00.000,5e-05,0.00254213,Regular
VTHOUSDT,2025-05-18 12:00:00.010,3.536e-05,0.00252900,Regular
VTHOUSDT,2025-05-18 16:00:00.000,5e-05,0.00260200,Regular
VTHOUSDT,2025-05-18 20:00:00.001,-5.577e-05,0.00246764,Regular
VTHOUSDT,2025-05-19 00:00:00.000,5e-05,0.00257348,Regular
VTHOUSDT,2025-05-19 04:00:00.004,5e-05,0.00246300,Regular
VTHOUSDT,2025-05-19 08:00:00.006,5e-05,0.00243238,Regular
VTHOUSDT,2025-05-19 12:00:00.000,5e-05,0.00243100,Regular
VTHOUSDT,2025-05-19 16:00:00.010,4.02e-06,0.00246700,Regular
VTHOUSDT,2025-05-19 20:00:00.000,-2.243e-05,0.00247600,Regular
VTHOUSDT,2025-05-20 00:00:00.000,5e-05,0.00248800,Regular
VTHOUSDT,2025-05-20 04:00:00.000,5e-05,0.00251066,Regular
VTHOUSDT,2025-05-20 08:00:00.002,5e-05,0.00249456,Regular
VTHOUSDT,2025-05-20 12:00:00.003,5e-05,0.00247556,Regular
VTHOUSDT,2025-05-20 16:00:00.000,5e-05,0.00249748,Regular
VTHOUSDT,2025-05-20 20:00:00.000,1.262e-05,0.00251656,Regular
VTHOUSDT,2025-05-21 00:00:00.000,5e-05,0.00252900,Regular
VTHOUSDT,2025-05-21 04:00:00.000,5e-05,0.00252600,Regular
VTHOUSDT,2025-05-21 08:00:00.001,5e-05,0.00251200,Regular
VTHOUSDT,2025-05-21 12:00:00.007,5e-05,0.00250342,Regular
VTHOUSDT,2025-05-21 16:00:00.004,5e-05,0.00252828,Regular
VTHOUSDT,2025-05-21 20:00:00.001,5e-05,0.00251900,Regular
VTHOUSDT,2025-05-22 00:00:00.001,5e-05,0.00252414,Regular
VTHOUSDT,2025-05-22 04:00:00.000,5e-05,0.00260323,Regular
VTHOUSDT,2025-05-22 08:00:00.000,5e-05,0.00264344,Regular
VTHOUSDT,2025-05-22 12:00:00.000,5e-05,0.00263300,Regular
VTHOUSDT,2025-05-22 16:00:00.002,5e-05,0.00268000,Regular
VTHOUSDT,2025-05-22 20:00:00.001,5e-05,0.00266427,Regular
VTHOUSDT,2025-05-23 00:00:00.006,5e-05,0.00269600,Regular
VTHOUSDT,2025-05-23 04:00:00.000,5e-05,0.00278300,Regular
VTHOUSDT,2025-05-23 08:00:00.000,5e-05,0.00268497,Regular
VTHOUSDT,2025-05-23 12:00:00.003,5e-05,0.00255029,Regular
VTHOUSDT,2025-05-23 16:00:00.007,5e-05,0.00255737,Regular
VTHOUSDT,2025-05-23 20:00:00.006,5e-05,0.00254869,Regular
VTHOUSDT,2025-05-24 00:00:00.010,5e-05,0.00247300,Regular
VTHOUSDT,2025-05-24 04:00:00.000,5e-05,0.00251700,Regular
VTHOUSDT,2025-05-24 08:00:00.000,5e-05,0.00251300,Regular
VTHOUSDT,2025-05-24 12:00:00.007,5e-05,0.00253700,Regular
VTHOUSDT,2025-05-24 16:00:00.003,5e-05,0.00251905,Regular
VTHOUSDT,2025-05-24 20:00:00.000,5e-05,0.00250295,Regular
VTHOUSDT,2025-05-25 00:00:00.004,5e-05,0.00249000,Regular
VTHOUSDT,2025-05-25 04:00:00.001,5e-05,0.00247500,Regular
VTHOUSDT,2025-05-25 08:00:00.000,5e-05,0.00246548,Regular
VTHOUSDT,2025-05-25 12:00:00.000,1.314e-05,0.00243407,Regular
VTHOUSDT,2025-05-25 16:00:00.000,2.66e-06,0.00242000,Regular
VTHOUSDT,2025-05-25 20:00:00.010,5e-05,0.00242412,Regular
VTHOUSDT,2025-05-26 00:00:00.000,5e-05,0.00246900,Regular
VTHOUSDT,2025-05-26 04:00:00.000,5e-05,0.00249733,Regular
VTHOUSDT,2025-05-26 08:00:00.000,5e-05,0.00249800,Regular
VTHOUSDT,2025-05-26 12:00:00.000,5e-05,0.00247904,Regular
VTHOUSDT,2025-05-26 16:00:00.002,-6.711e-05,0.00246800,Regular
VTHOUSDT,2025-05-26 20:00:00.000,5e-05,0.00243200,Regular
VTHOUSDT,2025-05-27 00:00:00.003,5e-05,0.00244894,Regular
VTHOUSDT,2025-05-27 04:00:00.000,5e-05,0.00243838,Regular
VTHOUSDT,2025-05-27 08:00:00.001,5e-05,0.00247400,Regular
VTHOUSDT,2025-05-27 12:00:00.005,-1.028e-05,0.00246900,Regular
VTHOUSDT,2025-05-27 16:00:00.005,5e-05,0.00247142,Regular
VTHOUSDT,2025-05-27 20:00:00.005,5e-05,0.00248400,Regular
VTHOUSDT,2025-05-28 00:00:00.002,5e-05,0.00246602,Regular
VTHOUSDT,2025-05-28 04:00:00.010,5e-05,0.00246300,Regular
VTHOUSDT,2025-05-28 08:00:00.003,5e-05,0.00246314,Regular
VTHOUSDT,2025-05-28 12:00:00.000,5e-05,0.00245250,Regular
VTHOUSDT,2025-05-28 16:00:00.002,5e-05,0.00239321,Regular
VTHOUSDT,2025-05-28 20:00:00.000,-2.932e-05,0.00236400,Regular
VTHOUSDT,2025-05-29 00:00:00.000,5e-05,0.00241211,Regular
VTHOUSDT,2025-05-29 04:00:00.000,5e-05,0.00242415,Regular
VTHOUSDT,2025-05-29 08:00:00.006,-5.574e-05,0.00242000,Regular
VTHOUSDT,2025-05-29 12:00:00.001,5e-05,0.00240867,Regular
VTHOUSDT,2025-05-29 16:00:00.000,-3.237e-05,0.00235600,Regular
VTHOUSDT,2025-05-29 20:00:00.010,5e-05,0.00231930,Regular
VTHOUSDT,2025-05-30 00:00:00.003,-6.608e-05,0.00230900,Regular
VTHOUSDT,2025-05-30 04:00:00.000,5e-05,0.00222846,Regular
VTHOUSDT,2025-05-30 08:00:00.003,-4.833e-05,0.00220200,Regular
VTHOUSDT,2025-05-30 12:00:00.006,5e-05,0.00218300,Regular
VTHOUSDT,2025-05-30 16:00:00.000,2.348e-05,0.00215982,Regular
VTHOUSDT,2025-05-30 20:00:00.005,-4.015e-05,0.00214705,Regular
VTHOUSDT,2025-05-31 00:00:00.000,-0.0001113,0.00204615,Regular
VTHOUSDT,2025-05-31 04:00:00.004,1.481e-05,0.00204400,Regular
VTHOUSDT,2025-05-31 08:00:00.000,-5.394e-05,0.00209500,Regular
VTHOUSDT,2025-05-31 12:00:00.000,-2.205e-05,0.00209100,Regular
VTHOUSDT,2025-05-31 16:00:00.000,-0.00012254,0.00213500,Regular
VTHOUSDT,2025-05-31 20:00:00.004,5e-05,0.00214837,Regular
VTHOUSDT,2025-06-01 00:00:00.001,5e-05,0.00214400,Regular
VTHOUSDT,2025-06-01 04:00:00.001,5e-05,0.00211900,Regular
VTHOUSDT,2025-06-01 08:00:00.002,5e-05,0.00212211,Regular
VTHOUSDT,2025-06-01 12:00:00.008,5e-05,0.00211500,Regular
VTHOUSDT,2025-06-01 16:00:00.000,-0.000128,0.00214500,Regular
VTHOUSDT,2025-06-01 20:00:00.003,5e-05,0.00215439,Regular
VTHOUSDT,2025-06-02 00:00:00.001,5e-05,0.00217000,Regular
VTHOUSDT,2025-06-02 04:00:00.004,5e-05,0.00213098,Regular
VTHOUSDT,2025-06-02 08:00:00.000,5e-05,0.00214000,Regular
VTHOUSDT,2025-06-02 12:00:00.002,5e-05,0.00212100,Regular
VTHOUSDT,2025-06-02 16:00:00.000,5e-05,0.00213900,Regular
VTHOUSDT,2025-06-02 20:00:00.002,5e-05,0.00212711,Regular
VTHOUSDT,2025-06-03 00:00:00.000,5e-05,0.00217800,Regular
VTHOUSDT,2025-06-03 04:00:00.001,5e-05,0.00217900,Regular
VTHOUSDT,2025-06-03 08:00:00.000,5e-05,0.00218000,Regular
VTHOUSDT,2025-06-03 12:00:00.000,5e-05,0.00216995,Regular
VTHOUSDT,2025-06-03 16:00:00.001,5e-05,0.00218300,Regular
VTHOUSDT,2025-06-03 20:00:00.000,5e-05,0.00220003,Regular
VTHOUSDT,2025-06-04 00:00:00.000,5e-05,0.00216323,Regular
VTHOUSDT,2025-06-04 04:00:00.001,5e-05,0.00217932,Regular
VTHOUSDT,2025-06-04 08:00:00.000,5e-05,0.00216900,Regular
VTHOUSDT,2025-06-04 12:00:00.000,5e-05,0.00214918,Regular
VTHOUSDT,2025-06-04 16:00:00.000,5e-05,0.00216235,Regular
VTHOUSDT,2025-06-04 20:00:00.001,4.68e-06,0.00213028,Regular
VTHOUSDT,2025-06-05 00:00:00.016,4.448e-05,0.00210756,Regular
VTHOUSDT,2025-06-05 04:00:00.001,5e-05,0.00211100,Regular
VTHOUSDT,2025-06-05 08:00:00.000,-0.00010258,0.00208500,Regular
VTHOUSDT,2025-06-05 12:00:00.003,5e-05,0.00208438,Regular
VTHOUSDT,2025-06-05 16:00:00.000,5e-05,0.00208926,Regular
VTHOUSDT,2025-06-05 20:00:00.002,5e-05,0.00202700,Regular
VTHOUSDT,2025-06-06 00:00:00.002,5e-05,0.00201600,Regular
VTHOUSDT,2025-06-06 04:00:00.000,5e-05,0.00203960,Regular
VTHOUSDT,2025-06-06 08:00:00.000,5e-05,0.00204200,Regular
VTHOUSDT,2025-06-06 12:00:00.002,5e-05,0.00205553,Regular
VTHOUSDT,2025-06-06 16:00:00.006,5e-05,0.00209300,Regular
VTHOUSDT,2025-06-06 20:00:00.000,2.498e-05,0.00206560,Regular
VTHOUSDT,2025-06-07 00:00:00.000,5e-05,0.00204440,Regular
VTHOUSDT,2025-06-07 04:00:00.000,5e-05,0.00208200,Regular
VTHOUSDT,2025-06-07 08:00:00.000,5e-05,0.00209346,Regular
VTHOUSDT,2025-06-07 12:00:00.000,-0.00015336,0.00210178,Regular
VTHOUSDT,2025-06-07 16:00:00.002,4.944e-05,0.00209754,Regular
VTHOUSDT,2025-06-07 20:00:00.002,-6.5e-05,0.00209900,Regular
VTHOUSDT,2025-06-08 00:00:00.000,5e-05,0.00211100,Regular
VTHOUSDT,2025-06-08 04:00:00.000,5e-05,0.00210500,Regular
VTHOUSDT,2025-06-08 08:00:00.000,5e-05,0.00209600,Regular
VTHOUSDT,2025-06-08 12:00:00.020,5e-05,0.00212380,Regular
VTHOUSDT,2025-06-08 16:00:00.000,-0.00013347,0.00212200,Regular
VTHOUSDT,2025-06-08 20:00:00.001,1.833e-05,0.00212900,Regular
VTHOUSDT,2025-06-09 00:00:00.000,5e-05,0.00211100,Regular
VTHOUSDT,2025-06-09 04:00:00.003,5e-05,0.00210092,Regular
VTHOUSDT,2025-06-09 08:00:00.001,5e-05,0.00210580,Regular
VTHOUSDT,2025-06-09 12:00:00.000,5e-05,0.00212600,Regular
VTHOUSDT,2025-06-09 16:00:00.001,-4.167e-05,0.00210701,Regular
VTHOUSDT,2025-06-09 20:00:00.012,5e-05,0.00213700,Regular
VTHOUSDT,2025-06-10 00:00:00.000,5e-05,0.00218547,Regular
VTHOUSDT,2025-06-10 04:00:00.000,5e-05,0.00217337,Regular
VTHOUSDT,2025-06-10 08:00:00.001,5e-05,0.00216200,Regular
VTHOUSDT,2025-06-10 12:00:00.005,5e-05,0.00220200,Regular
VTHOUSDT,2025-06-10 16:00:00.003,5e-05,0.00217739,Regular
VTHOUSDT,2025-06-10 20:00:00.010,5e-05,0.00218839,Regular
VTHOUSDT,2025-06-11 00:00:00.000,5e-05,0.00222468,Regular
VTHOUSDT,2025-06-11 04:00:00.006,5e-05,0.00220200,Regular
VTHOUSDT,2025-06-11 08:00:00.000,5e-05,0.00219623,Regular
VTHOUSDT,2025-06-11 12:00:00.007,5e-05,0.00215878,Regular
VTHOUSDT,2025-06-11 16:00:00.010,5e-05,0.00220436,Regular
VTHOUSDT,2025-06-11 20:00:00.012,5e-05,0.00214220,Regular
VTHOUSDT,2025-06-12 00:00:00.002,5e-05,0.00211720,Regular
VTHOUSDT,2025-06-12 04:00:00.000,5e-05,0.00209601,Regular
VTHOUSDT,2025-06-12 08:00:00.003,5e-05,0.00208147,Regular
VTHOUSDT,2025-06-12 12:00:00.001,5e-05,0.00206300,Regular
VTHOUSDT,2025-06-12 16:00:00.001,1.479e-05,0.00206400,Regular
VTHOUSDT,2025-06-12 20:00:00.003,-5.342e-05,0.00204476,Regular
VTHOUSDT,2025-06-13 00:00:00.000,-1.572e-05,0.00203200,Regular
VTHOUSDT,2025-06-13 04:00:00.002,5e-05,0.00195000,Regular
VTHOUSDT,2025-06-13 08:00:00.001,-6.914e-05,0.00195175,Regular
VTHOUSDT,2025-06-13 12:00:00.000,-5.226e-05,0.00197408,Regular
VTHOUSDT,2025-06-13 16:00:00.004,5e-05,0.00199700,Regular
VTHOUSDT,2025-06-13 20:00:00.001,5e-05,0.00197653,Regular
VTHOUSDT,2025-06-14 00:00:00.000,5e-05,0.00200500,Regular
VTHOUSDT,2025-06-14 04:00:00.000,5e-05,0.00199868,Regular
VTHOUSDT,2025-06-14 08:00:00.000,5e-05,0.00200343,Regular
VTHOUSDT,2025-06-14 12:00:00.007,-1.297e-05,0.00199942,Regular
VTHOUSDT,2025-06-14 16:00:00.000,5e-05,0.00198200,Regular
VTHOUSDT,2025-06-14 20:00:00.005,1.922e-05,0.00195600,Regular
VTHOUSDT,2025-06-15 00:00:00.005,5e-05,0.00198348,Regular
VTHOUSDT,2025-06-15 04:00:00.004,5e-05,0.00198050,Regular
VTHOUSDT,2025-06-15 08:00:00.009,5e-05,0.00198100,Regular
VTHOUSDT,2025-06-15 12:00:00.000,5e-05,0.00199200,Regular
VTHOUSDT,2025-06-15 16:00:00.000,-3.25e-06,0.00199700,Regular
VTHOUSDT,2025-06-15 20:00:00.000,5e-05,0.00198513,Regular
VTHOUSDT,2025-06-16 00:00:00.000,5e-05,0.00200100,Regular
VTHOUSDT,2025-06-16 04:00:00.009,5e-05,0.00200000,Regular
VTHOUSDT,2025-06-16 08:00:00.000,5e-05,0.00203400,Regular
VTHOUSDT,2025-06-16 12:00:00.000,5e-05,0.00203677,Regular
VTHOUSDT,2025-06-16 16:00:00.003,5e-05,0.00204634,Regular
VTHOUSDT,2025-06-16 20:00:00.000,5e-05,0.00208200,Regular
VTHOUSDT,2025-06-17 00:00:00.000,-6.435e-05,0.00200243,Regular
VTHOUSDT,2025-06-17 04:00:00.000,5e-05,0.00201500,Regular
VTHOUSDT,2025-06-17 08:00:00.006,-5.79e-06,0.00200142,Regular
VTHOUSDT,2025-06-17 12:00:00.001,5e-05,0.00195851,Regular
VTHOUSDT,2025-06-17 16:00:00.001,5e-05,0.00190566,Regular
VTHOUSDT,2025-06-17 20:00:00.000,5e-05,0.00193005,Regular
VTHOUSDT,2025-06-18 00:00:00.001,5e-05,0.00192323,Regular
VTHOUSDT,2025-06-18 04:00:00.001,5e-05,0.00192300,Regular
VTHOUSDT,2025-06-18 08:00:00.001,5e-05,0.00193300,Regular
VTHOUSDT,2025-06-18 12:00:00.003,5e-05,0.00188745,Regular
VTHOUSDT,2025-06-18 16:00:00.001,5e-05,0.00189900,Regular
VTHOUSDT,2025-06-18 20:00:00.000,5e-05,0.00187800,Regular
VTHOUSDT,2025-06-19 00:00:00.005,5e-05,0.00192959,Regular
VTHOUSDT,2025-06-19 04:00:00.005,5e-05,0.00192900,Regular
VTHOUSDT,2025-06-19 08:00:00.003,5e-05,0.00191659,Regular
VTHOUSDT,2025-06-19 12:00:00.000,5e-05,0.00191351,Regular
VTHOUSDT,2025-06-19 16:00:00.000,5e-05,0.00188700,Regular
VTHOUSDT,2025-06-19 20:00:00.000,5e-05,0.00190700,Regular
VTHOUSDT,2025-06-20 00:00:00.000,5e-05,0.00191600,Regular
VTHOUSDT,2025-06-20 04:00:00.017,5e-05,0.00190254,Regular
VTHOUSDT,2025-06-20 08:00:00.002,5e-05,0.00193400,Regular
VTHOUSDT,2025-06-20 12:00:00.002,5e-05,0.00194200,Regular
VTHOUSDT,2025-06-20 16:00:00.001,5e-05,0.00190000,Regular
VTHOUSDT,2025-06-20 20:00:00.000,5e-05,0.00186900,Regular
VTHOUSDT,2025-06-21 00:00:00.002,5e-05,0.00186713,Regular
VTHOUSDT,2025-06-21 04:00:00.003,5e-05,0.00189446,Regular
VTHOUSDT,2025-06-21 08:00:00.005,5e-05,0.00192700,Regular
VTHOUSDT,2025-06-21 12:00:00.000,6.16e-06,0.00195966,Regular
VTHOUSDT,2025-06-21 16:00:00.000,5e-05,0.00187800,Regular
VTHOUSDT,2025-06-21 20:00:00.002,5e-05,0.00181200,Regular
VTHOUSDT,2025-06-22 00:00:00.005,-2.63e-05,0.00181700,Regular
VTHOUSDT,2025-06-22 04:00:00.000,-2.41e-06,0.00178386,Regular
VTHOUSDT,2025-06-22 08:00:00.000,5e-05,0.00177700,Regular
VTHOUSDT,2025-06-22 12:00:00.003,4.414e-05,0.00176800,Regular
VTHOUSDT,2025-06-22 16:00:00.003,5e-05,0.00168603,Regular
VTHOUSDT,2025-06-22 20:00:00.005,5e-05,0.00168500,Regular
VTHOUSDT,2025-06-23 00:00:00.000,5e-05,0.00173200,Regular
VTHOUSDT,2025-06-23 04:00:00.007,5e-05,0.00173000,Regular
VTHOUSDT,2025-06-23 08:00:00.004,5e-05,0.00175100,Regular
VTHOUSDT,2025-06-23 12:00:00.001,5e-05,0.00175700,Regular
VTHOUSDT,2025-06-23 16:00:00.013,3.511e-05,0.00176100,Regular
VTHOUSDT,2025-06-23 20:00:00.000,5e-05,0.00181900,Regular
VTHOUSDT,2025-06-24 00:00:00.003,-1.05e-06,0.00187600,Regular
VTHOUSDT,2025-06-24 04:00:00.001,5e-05,0.00189474,Regular
VTHOUSDT,2025-06-24 08:00:00.000,5e-05,0.00192700,Regular
VTHOUSDT,2025-06-24 12:00:00.001,5e-05,0.00193973,Regular
VTHOUSDT,2025-06-24 16:00:00.000,5e-05,0.00192579,Regular
VTHOUSDT,2025-06-24 20:00:00.000,5e-05,0.00192300,Regular
VTHOUSDT,2025-06-25 00:00:00.005,5e-05,0.00193340,Regular
VTHOUSDT,2025-06-25 04:00:00.000,5e-05,0.00193257,Regular
VTHOUSDT,2025-06-25 08:00:00.000,5e-05,0.00193247,Regular
VTHOUSDT,2025-06-25 12:00:00.003,2.144e-05,0.00192200,Regular
VTHOUSDT,2025-06-25 16:00:00.005,-0.00012988,0.00188255,Regular
VTHOUSDT,2025-06-25 20:00:00.002,-4.218e-05,0.00188600,Regular
VTHOUSDT,2025-06-26 00:00:00.000,3.668e-05,0.00187900,Regular
VTHOUSDT,2025-06-26 04:00:00.000,-4.103e-05,0.00189671,Regular
VTHOUSDT,2025-06-26 08:00:00.006,5e-05,0.00189500,Regular
VTHOUSDT,2025-06-26 12:00:00.005,5e-05,0.00187679,Regular
VTHOUSDT,2025-06-26 16:00:00.007,5e-05,0.00185100,Regular
VTHOUSDT,2025-06-26 20:00:00.000,5e-05,0.00185917,Regular
VTHOUSDT,2025-06-27 00:00:00.000,5e-05,0.00183859,Regular
VTHOUSDT,2025-06-27 04:00:00.001,5e-05,0.00185539,Regular
VTHOUSDT,2025-06-27 08:00:00.000,5e-05,0.00183500,Regular
VTHOUSDT,2025-06-27 12:00:00.003,5e-05,0.00184500,Regular
VTHOUSDT,2025-06-27 16:00:00.009,5e-05,0.00185160,Regular
VTHOUSDT,2025-06-27 20:00:00.002,5e-05,0.00183050,Regular
VTHOUSDT,2025-06-28 00:00:00.001,5e-05,0.00185043,Regular
VTHOUSDT,2025-06-28 04:00:00.000,5e-05,0.00184800,Regular
VTHOUSDT,2025-06-28 08:00:00.002,5e-05,0.00186166,Regular
VTHOUSDT,2025-06-28 12:00:00.000,5e-05,0.00185800,Regular
VTHOUSDT,2025-06-28 16:00:00.000,5e-05,0.00188200,Regular
VTHOUSDT,2025-06-28 20:00:00.007,4.33e-06,0.00190400,Regular
VTHOUSDT,2025-06-29 00:00:00.004,-1.325e-05,0.00193429,Regular
VTHOUSDT,2025-06-29 04:00:00.003,-2.879e-05,0.00191978,Regular
VTHOUSDT,2025-06-29 08:00:00.001,5e-05,0.00194100,Regular
VTHOUSDT,2025-06-29 12:00:00.003,5e-05,0.00193000,Regular
VTHOUSDT,2025-06-29 16:00:00.001,5e-05,0.00190371,Regular
VTHOUSDT,2025-06-29 20:00:00.003,5e-05,0.00191700,Regular
VTHOUSDT,2025-06-30 00:00:00.000,5e-05,0.00200305,Regular
VTHOUSDT,2025-06-30 04:00:00.003,5e-05,0.00198501,Regular
VTHOUSDT,2025-06-30 08:00:00.005,5e-05,0.00196600,Regular
VTHOUSDT,2025-06-30 12:00:00.000,5e-05,0.00193500,Regular
VTHOUSDT,2025-06-30 16:00:00.002,5e-05,0.00193400,Regular
VTHOUSDT,2025-06-30 20:00:00.000,5e-05,0.00194725,Regular
VTHOUSDT,2025-07-01 00:00:00.007,5e-05,0.00193300,Regular
VTHOUSDT,2025-07-01 04:00:00.000,5e-05,0.00192000,Regular
VTHOUSDT,2025-07-01 08:00:00.002,5e-05,0.00189600,Regular
VTHOUSDT,2025-07-01 12:00:00.000,5e-05,0.00187900,Regular
VTHOUSDT,2025-07-01 16:00:00.000,5e-05,0.00186915,Regular
VTHOUSDT,2025-07-01 20:00:00.000,-0.00011439,0.00184221,Regular
VTHOUSDT,2025-07-02 00:00:00.001,5e-05,0.00184432,Regular
VTHOUSDT,2025-07-02 04:00:00.001,5e-05,0.00185200,Regular
VTHOUSDT,2025-07-02 08:00:00.000,5e-05,0.00188000,Regular
VTHOUSDT,2025-07-02 12:00:00.001,5e-05,0.00189272,Regular
VTHOUSDT,2025-07-02 16:00:00.003,5e-05,0.00194700,Regular
VTHOUSDT,2025-07-02 20:00:00.000,5e-05,0.00198769,Regular
VTHOUSDT,2025-07-03 00:00:00.006,5e-05,0.00196700,Regular
VTHOUSDT,2025-07-03 04:00:00.002,5e-05,0.00197300,Regular
VTHOUSDT,2025-07-03 08:00:00.003,5e-05,0.00202800,Regular
VTHOUSDT,2025-07-03 12:00:00.001,5e-05,0.00200000,Regular
VTHOUSDT,2025-07-03 16:00:00.003,5e-05,0.00196400,Regular
VTHOUSDT,2025-07-03 20:00:00.000,3.687e-05,0.00198457,Regular
VTHOUSDT,2025-07-04 00:00:00.005,5e-05,0.00198554,Regular
VTHOUSDT,2025-07-04 04:00:00.002,5e-05,0.00195055,Regular
VTHOUSDT,2025-07-04 08:00:00.003,5e-05,0.00191509,Regular
VTHOUSDT,2025-07-04 12:00:00.000,5e-05,0.00193151,Regular
VTHOUSDT,2025-07-04 16:00:00.001,5e-05,0.00189000,Regular
VTHOUSDT,2025-07-04 20:00:00.000,5e-05,0.00188127,Regular
VTHOUSDT,2025-07-05 00:00:00.004,5e-05,0.00189690,Regular
VTHOUSDT,2025-07-05 04:00:00.005,5e-05,0.00189950,Regular
VTHOUSDT,2025-07-05 08:00:00.009,5e-05,0.00190300,Regular
VTHOUSDT,2025-07-05 12:00:00.000,5e-05,0.00189800,Regular
VTHOUSDT,2025-07-05 16:00:00.006,5e-05,0.00188659,Regular
VTHOUSDT,2025-07-05 20:00:00.000,5e-05,0.00187045,Regular
VTHOUSDT,2025-07-06 00:00:00.001,5e-05,0.00188000,Regular
VTHOUSDT,2025-07-06 04:00:00.000,5e-05,0.00186800,Regular
VTHOUSDT,2025-07-06 08:00:00.002,5e-05,0.00186676,Regular
VTHOUSDT,2025-07-06 12:00:00.001,5e-05,0.00188041,Regular
VTHOUSDT,2025-07-06 16:00:00.004,5e-05,0.00190309,Regular
VTHOUSDT,2025-07-06 20:00:00.006,5e-05,0.00191000,Regular
VTHOUSDT,2025-07-07 00:00:00.000,5e-05,0.00190417,Regular
VTHOUSDT,2025-07-07 04:00:00.000,5e-05,0.00192000,Regular
VTHOUSDT,2025-07-07 08:00:00.007,5e-05,0.00191700,Regular
VTHOUSDT,2025-07-07 12:00:00.000,5e-05,0.00190000,Regular
VTHOUSDT,2025-07-07 16:00:00.000,5e-05,0.00190600,Regular
VTHOUSDT,2025-07-07 20:00:00.013,5e-05,0.00187900,Regular
VTHOUSDT,2025-07-08 00:00:00.010,5e-05,0.00187500,Regular
VTHOUSDT,2025-07-08 04:00:00.000,5e-05,0.00186851,Regular
VTHOUSDT,2025-07-08 08:00:00.003,5e-05,0.00187400,Regular
VTHOUSDT,2025-07-08 12:00:00.004,5e-05,0.00188400,Regular
VTHOUSDT,2025-07-08 16:00:00.000,5e-05,0.00187200,Regular
VTHOUSDT,2025-07-08 20:00:00.002,5e-05,0.00190469,Regular
VTHOUSDT,2025-07-09 00:00:00.002,5e-05,0.00190944,Regular
VTHOUSDT,2025-07-09 04:00:00.010,5e-05,0.00190044,Regular
VTHOUSDT,2025-07-09 08:00:00.006,5e-05,0.00193100,Regular
VTHOUSDT,2025-07-09 12:00:00.000,-0.00011371,0.00194055,Regular
VTHOUSDT,2025-07-09 16:00:00.001,5e-05,0.00194100,Regular
VTHOUSDT,2025-07-09 20:00:00.007,5e-05,0.00198500,Regular
VTHOUSDT,2025-07-10 00:00:00.003,5e-05,0.00199600,Regular
VTHOUSDT,2025-07-10 04:00:00.001,5e-05,0.00199253,Regular
VTHOUSDT,2025-07-10 08:00:00.000,5e-05,0.00198834,Regular
VTHOUSDT,2025-07-10 12:00:00.001,5e-05,0.00200525,Regular
VTHOUSDT,2025-07-10 16:00:00.004,5e-05,0.00199152,Regular
VTHOUSDT,2025-07-10 20:00:00.000,5e-05,0.00202100,Regular
VTHOUSDT,2025-07-11 00:00:00.004,5e-05,0.00209600,Regular
VTHOUSDT,2025-07-11 04:00:00.001,5e-05,0.00212600,Regular
VTHOUSDT,2025-07-11 08:00:00.007,5e-05,0.00210200,Regular
VTHOUSDT,2025-07-11 12:00:00.000,5e-05,0.00211012,Regular
VTHOUSDT,2025-07-11 16:00:00.001,5e-05,0.00210168,Regular
VTHOUSDT,2025-07-11 20:00:00.006,5e-05,0.00213755,Regular
VTHOUSDT,2025-07-12 00:00:00.000,5e-05,0.00208425,Regular
VTHOUSDT,2025-07-12 04:00:00.005,5e-05,0.00211100,Regular
VTHOUSDT,2025-07-12 08:00:00.001,5e-05,0.00213400,Regular
VTHOUSDT,2025-07-12 12:00:00.007,5e-05,0.00213584,Regular
VTHOUSDT,2025-07-12 16:00:00.002,5e-05,0.00205439,Regular
VTHOUSDT,2025-07-12 20:00:00.003,5e-05,0.00210325,Regular
VTHOUSDT,2025-07-13 00:00:00.006,5e-05,0.00212169,Regular
VTHOUSDT,2025-07-13 04:00:00.001,5e-05,0.00213600,Regular
VTHOUSDT,2025-07-13 08:00:00.001,5e-05,0.00216888,Regular
VTHOUSDT,2025-07-13 12:00:00.003,5e-05,0.00214900,Regular
VTHOUSDT,2025-07-13 16:00:00.003,5e-05,0.00217438,Regular
VTHOUSDT,2025-07-13 20:00:00.008,5e-05,0.00215900,Regular
VTHOUSDT,2025-07-14 00:00:00.000,5e-05,0.00215700,Regular
VTHOUSDT,2025-07-14 04:00:00.000,5e-05,0.00217600,Regular
VTHOUSDT,2025-07-14 08:00:00.000,5e-05,0.00217857,Regular
VTHOUSDT,2025-07-14 12:00:00.001,5e-05,0.00215405,Regular
VTHOUSDT,2025-07-14 16:00:00.000,5e-05,0.00211597,Regular
VTHOUSDT,2025-07-14 20:00:00.003,5e-05,0.00210600,Regular
VTHOUSDT,2025-07-15 00:00:00.002,5e-05,0.00212057,Regular
VTHOUSDT,2025-07-15 04:00:00.008,5e-05,0.00203368,Regular
VTHOUSDT,2025-07-15 08:00:00.000,5e-05,0.00205433,Regular
VTHOUSDT,2025-07-15 12:00:00.000,5e-05,0.00207911,Regular
VTHOUSDT,2025-07-15 16:00:00.000,5e-05,0.00208653,Regular
VTHOUSDT,2025-07-15 20:00:00.005,5e-05,0.00209100,Regular
VTHOUSDT,2025-07-16 00:00:00.000,5e-05,0.00214574,Regular
VTHOUSDT,2025-07-16 04:00:00.000,5e-05,0.00210829,Regular
VTHOUSDT,2025-07-16 08:00:00.000,5e-05,0.00214617,Regular
VTHOUSDT,2025-07-16 12:00:00.005,5e-05,0.00213833,Regular
VTHOUSDT,2025-07-16 16:00:00.008,5e-05,0.00213496,Regular
VTHOUSDT,2025-07-16 20:00:00.000,5e-05,0.00215860,Regular
VTHOUSDT,2025-07-17 00:00:00.003,5e-05,0.00215500,Regular
VTHOUSDT,2025-07-17 04:00:00.000,5e-05,0.00210918,Regular
VTHOUSDT,2025-07-17 08:00:00.000,5e-05,0.00212731,Regular
VTHOUSDT,2025-07-17 12:00:00.000,5e-05,0.00214200,Regular
VTHOUSDT,2025-07-17 16:00:00.000,5e-05,0.00213729,Regular
VTHOUSDT,2025-07-17 20:00:00.000,5e-05,0.00209100,Regular
VTHOUSDT,2025-07-18 00:00:00.004,5e-05,0.00214413,Regular
VTHOUSDT,2025-07-18 04:00:00.000,5e-05,0.00220269,Regular
VTHOUSDT,2025-07-18 08:00:00.000,5e-05,0.00217587,Regular
VTHOUSDT,2025-07-18 12:00:00.000,5e-05,0.00218000,Regular
VTHOUSDT,2025-07-18 16:00:00.000,5e-05,0.00212785,Regular
VTHOUSDT,2025-07-18 20:00:00.010,5e-05,0.00212500,Regular
VTHOUSDT,2025-07-19 00:00:00.009,5e-05,0.00212655,Regular
VTHOUSDT,2025-07-19 04:00:00.000,5e-05,0.00214200,Regular
VTHOUSDT,2025-07-19 08:00:00.000,5e-05,0.00211897,Regular
VTHOUSDT,2025-07-19 12:00:00.000,5e-05,0.00209984,Regular
VTHOUSDT,2025-07-19 16:00:00.002,5e-05,0.00209400,Regular
VTHOUSDT,2025-07-19 20:00:00.002,5e-05,0.00213913,Regular
VTHOUSDT,2025-07-20 00:00:00.000,5e-05,0.00214300,Regular
VTHOUSDT,2025-07-20 04:00:00.007,5e-05,0.00215435,Regular
VTHOUSDT,2025-07-20 08:00:00.000,5e-05,0.00216919,Regular
VTHOUSDT,2025-07-20 12:00:00.003,5e-05,0.00218200,Regular
VTHOUSDT,2025-07-20 16:00:00.000,5e-05,0.00224905,Regular
VTHOUSDT,2025-07-20 20:00:00.013,5e-05,0.00225000,Regular
VTHOUSDT,2025-07-21 00:00:00.001,5e-05,0.00221065,Regular
VTHOUSDT,2025-07-21 04:00:00.001,5e-05,0.00228333,Regular
VTHOUSDT,2025-07-21 08:00:00.000,5e-05,0.00228992,Regular
VTHOUSDT,2025-07-21 12:00:00.001,5e-05,0.00230005,Regular
VTHOUSDT,2025-07-21 16:00:00.001,5e-05,0.00228559,Regular
VTHOUSDT,2025-07-21 20:00:00.003,5e-05,0.00222700,Regular
VTHOUSDT,2025-07-22 00:00:00.000,5e-05,0.00227400,Regular
VTHOUSDT,2025-07-22 04:00:00.001,5e-05,0.00219017,Regular
VTHOUSDT,2025-07-22 08:00:00.010,5e-05,0.00217700,Regular
VTHOUSDT,2025-07-22 12:00:00.001,5e-05,0.00220000,Regular
VTHOUSDT,2025-07-22 16:00:00.007,5e-05,0.00219200,Regular
VTHOUSDT,2025-07-22 20:00:00.001,5e-05,0.00216056,Regular
VTHOUSDT,2025-07-23 00:00:00.000,5e-05,0.00222200,Regular
VTHOUSDT,2025-07-23 04:00:00.010,7.519e-05,0.00218100,Regular
VTHOUSDT,2025-07-23 08:00:00.004,5e-05,0.00217865,Regular
VTHOUSDT,2025-07-23 12:00:00.002,5e-05,0.00216400,Regular
VTHOUSDT,2025-07-23 16:00:00.002,5e-05,0.00211818,Regular
VTHOUSDT,2025-07-23 20:00:00.005,5e-05,0.00206600,Regular
VTHOUSDT,2025-07-24 00:00:00.000,5e-05,0.00206505,Regular
VTHOUSDT,2025-07-24 04:00:00.001,5e-05,0.00207361,Regular
VTHOUSDT,2025-07-24 08:00:00.001,5e-05,0.00199805,Regular
VTHOUSDT,2025-07-24 12:00:00.000,5e-05,0.00202510,Regular
VTHOUSDT,2025-07-24 16:00:00.000,5e-05,0.00204344,Regular
VTHOUSDT,2025-07-24 20:00:00.001,5e-05,0.00202405,Regular
VTHOUSDT,2025-07-25 00:00:00.000,5e-05,0.00200915,Regular
VTHOUSDT,2025-07-25 04:00:00.001,5e-05,0.00196744,Regular
VTHOUSDT,2025-07-25 08:00:00.000,5e-05,0.00196871,Regular
VTHOUSDT,2025-07-25 12:00:00.000,5e-05,0.00202100,Regular
VTHOUSDT,2025-07-25 16:00:00.000,5e-05,0.00198178,Regular
VTHOUSDT,2025-07-25 20:00:00.000,5e-05,0.00199800,Regular
VTHOUSDT,2025-07-26 00:00:00.001,5e-05,0.00205700,Regular
VTHOUSDT,2025-07-26 04:00:00.001,5e-05,0.00208200,Regular
VTHOUSDT,2025-07-26 08:00:00.005,5e-05,0.00210213,Regular
VTHOUSDT,2025-07-26 12:00:00.004,5e-05,0.00213038,Regular
VTHOUSDT,2025-07-26 16:00:00.001,5e-05,0.00213300,Regular
VTHOUSDT,2025-07-26 20:00:00.000,5e-05,0.00211979,Regular
VTHOUSDT,2025-07-27 00:00:00.001,5e-05,0.00211087,Regular
VTHOUSDT,2025-07-27 04:00:00.000,5e-05,0.00212400,Regular
VTHOUSDT,2025-07-27 08:00:00.000,5e-05,0.00211012,Regular
VTHOUSDT,2025-07-27 12:00:00.000,5e-05,0.00211400,Regular
VTHOUSDT,2025-07-27 16:00:00.008,5e-05,0.00212200,Regular
VTHOUSDT,2025-07-27 20:00:00.002,5e-05,0.00213300,Regular
VTHOUSDT,2025-07-28 00:00:00.005,5e-05,0.00214739,Regular
VTHOUSDT,2025-07-28 04:00:00.001,5e-05,0.00214251,Regular
VTHOUSDT,2025-07-28 08:00:00.000,5e-05,0.00213323,Regular
VTHOUSDT,2025-07-28 12:00:00.000,5e-05,0.00212862,Regular
VTHOUSDT,2025-07-28 16:00:00.000,5e-05,0.00205732,Regular
VTHOUSDT,2025-07-28 20:00:00.005,5e-05,0.00202100,Regular
VTHOUSDT,2025-07-29 00:00:00.001,5e-05,0.00199986,Regular
VTHOUSDT,2025-07-29 04:00:00.001,5e-05,0.00199224,Regular
VTHOUSDT,2025-07-29 08:00:00.000,5e-05,0.00206700,Regular
VTHOUSDT,2025-07-29 12:00:00.001,5e-05,0.00202496,Regular
VTHOUSDT,2025-07-29 16:00:00.000,5e-05,0.00200126,Regular
VTHOUSDT,2025-07-29 20:00:00.000,5e-05,0.00198400,Regular
VTHOUSDT,2025-07-30 00:00:00.011,5e-05,0.00201540,Regular
VTHOUSDT,2025-07-30 04:00:00.000,5e-05,0.00199249,Regular
VTHOUSDT,2025-07-30 08:00:00.000,5e-05,0.00197052,Regular
VTHOUSDT,2025-07-30 12:00:00.003,5e-05,0.00192852,Regular
VTHOUSDT,2025-07-30 16:00:00.008,5e-05,0.00196350,Regular
VTHOUSDT,2025-07-30 20:00:00.000,5e-05,0.00195314,Regular
VTHOUSDT,2025-07-31 00:00:00.000,5e-05,0.00195845,Regular
VTHOUSDT,2025-07-31 04:00:00.010,5e-05,0.00199000,Regular
VTHOUSDT,2025-07-31 08:00:00.009,5e-05,0.00199228,Regular
VTHOUSDT,2025-07-31 12:00:00.003,5e-05,0.00198000,Regular
VTHOUSDT,2025-07-31 16:00:00.000,5e-05,0.00194446,Regular
VTHOUSDT,2025-07-31 20:00:00.000,5e-05,0.00192199,Regular
VTHOUSDT,2025-08-01 00:00:00.001,5e-05,0.00188300,Regular
VTHOUSDT,2025-08-01 04:00:00.000,5e-05,0.00187433,Regular
VTHOUSDT,2025-08-01 08:00:00.003,5e-05,0.00185700,Regular
VTHOUSDT,2025-08-01 12:00:00.001,5e-05,0.00185800,Regular
VTHOUSDT,2025-08-01 16:00:00.000,5e-05,0.00187900,Regular
VTHOUSDT,2025-08-01 20:00:00.004,5e-05,0.00186771,Regular
VTHOUSDT,2025-08-02 00:00:00.004,5e-05,0.00182800,Regular
VTHOUSDT,2025-08-02 04:00:00.000,5e-05,0.00184400,Regular
VTHOUSDT,2025-08-02 08:00:00.000,5e-05,0.00183000,Regular
VTHOUSDT,2025-08-02 12:00:00.005,5e-05,0.00181487,Regular
VTHOUSDT,2025-08-02 16:00:00.000,5e-05,0.00179500,Regular
VTHOUSDT,2025-08-02 20:00:00.001,5e-05,0.00177430,Regular
VTHOUSDT,2025-08-03 00:00:00.000,5e-05,0.00179014,Regular
VTHOUSDT,2025-08-03 04:00:00.000,5e-05,0.00181600,Regular
VTHOUSDT,2025-08-03 08:00:00.000,5e-05,0.00183738,Regular
VTHOUSDT,2025-08-03 12:00:00.001,5e-05,0.00184400,Regular
VTHOUSDT,2025-08-03 16:00:00.003,5e-05,0.00185000,Regular
VTHOUSDT,2025-08-03 20:00:00.002,5e-05,0.00184800,Regular
VTHOUSDT,2025-08-04 00:00:00.004,5e-05,0.00185353,Regular
VTHOUSDT,2025-08-04 04:00:00.000,5e-05,0.00186100,Regular
VTHOUSDT,2025-08-04 08:00:00.000,5e-05,0.00186300,Regular
VTHOUSDT,2025-08-04 12:00:00.006,2.222e-05,0.00185800,Regular
VTHOUSDT,2025-08-04 16:00:00.002,5e-05,0.00187503,Regular
VTHOUSDT,2025-08-04 20:00:00.007,-2.223e-05,0.00187381,Regular
VTHOUSDT,2025-08-05 00:00:00.000,5e-05,0.00189808,Regular
VTHOUSDT,2025-08-05 04:00:00.000,5e-05,0.00187000,Regular
VTHOUSDT,2025-08-05 08:00:00.000,5e-05,0.00183700,Regular
VTHOUSDT,2025-08-05 12:00:00.004,5e-05,0.00188500,Regular
VTHOUSDT,2025-08-05 16:00:00.000,5e-05,0.00182263,Regular
VTHOUSDT,2025-08-05 20:00:00.003,5e-05,0.00181300,Regular
VTHOUSDT,2025-08-06 00:00:00.005,5e-05,0.00182200,Regular
VTHOUSDT,2025-08-06 04:00:00.000,5e-05,0.00178746,Regular
VTHOUSDT,2025-08-06 08:00:00.000,1.729e-05,0.00182500,Regular
VTHOUSDT,2025-08-06 12:00:00.000,5e-05,0.00180900,Regular
VTHOUSDT,2025-08-06 16:00:00.000,5e-05,0.00184595,Regular
VTHOUSDT,2025-08-06 20:00:00.000,5e-05,0.00184062,Regular
VTHOUSDT,2025-08-07 00:00:00.003,5e-05,0.00182814,Regular
VTHOUSDT,2025-08-07 04:00:00.004,5e-05,0.00183300,Regular
VTHOUSDT,2025-08-07 08:00:00.002,5e-05,0.00185167,Regular
VTHOUSDT,2025-08-07 12:00:00.001,5e-05,0.00188247,Regular
VTHOUSDT,2025-08-07 16:00:00.002,5e-05,0.00186544,Regular
VTHOUSDT,2025-08-07 20:00:00.001,5e-05,0.00187044,Regular
VTHOUSDT,2025-08-08 00:00:00.002,5e-05,0.00192500,Regular
VTHOUSDT,2025-08-08 04:00:00.010,5e-05,0.00192600,Regular
VTHOUSDT,2025-08-08 08:00:00.004,5e-05,0.00193000,Regular
VTHOUSDT,2025-08-08 12:00:00.003,5e-05,0.00193500,Regular
VTHOUSDT,2025-08-08 16:00:00.000,5e-05,0.00192029,Regular
VTHOUSDT,2025-08-08 20:00:00.004,5e-05,0.00196101,Regular
VTHOUSDT,2025-08-09 00:00:00.005,5e-05,0.00195900,Regular
VTHOUSDT,2025-08-09 04:00:00.015,5e-05,0.00196377,Regular
VTHOUSDT,2025-08-09 08:00:00.000,5e-05,0.00199688,Regular
VTHOUSDT,2025-08-09 12:00:00.003,5e-05,0.00201935,Regular
VTHOUSDT,2025-08-09 16:00:00.007,5e-05,0.00199904,Regular
VTHOUSDT,2025-08-09 20:00:00.000,5e-05,0.00202811,Regular
VTHOUSDT,2025-08-10 00:00:00.003,5e-05,0.00200407,Regular
VTHOUSDT,2025-08-10 04:00:00.006,5e-05,0.00201888,Regular
VTHOUSDT,2025-08-10 08:00:00.005,5e-05,0.00196728,Regular
VTHOUSDT,2025-08-10 12:00:00.006,5e-05,0.00195988,Regular
VTHOUSDT,2025-08-10 16:00:00.002,5e-05,0.00197935,Regular
VTHOUSDT,2025-08-10 20:00:00.000,5e-05,0.00200635,Regular
VTHOUSDT,2025-08-11 00:00:00.000,5e-05,0.00198918,Regular
VTHOUSDT,2025-08-11 04:00:00.000,5e-05,0.00200300,Regular
VTHOUSDT,2025-08-11 08:00:00.000,5e-05,0.00196674,Regular
VTHOUSDT,2025-08-11 12:00:00.000,5e-05,0.00191800,Regular
VTHOUSDT,2025-08-11 16:00:00.000,5e-05,0.00192200,Regular
VTHOUSDT,2025-08-11 20:00:00.000,5e-05,0.00192355,Regular
VTHOUSDT,2025-08-12 00:00:00.000,5e-05,0.00188500,Regular
VTHOUSDT,2025-08-12 04:00:00.001,5e-05,0.00190149,Regular
VTHOUSDT,2025-08-12 08:00:00.001,5e-05,0.00190000,Regular
VTHOUSDT,2025-08-12 12:00:00.000,5e-05,0.00188309,Regular
VTHOUSDT,2025-08-12 16:00:00.005,5e-05,0.00196964,Regular
VTHOUSDT,2025-08-12 20:00:00.000,5e-05,0.00199706,Regular
VTHOUSDT,2025-08-13 00:00:00.000,5e-05,0.00200230,Regular
VTHOUSDT,2025-08-13 04:00:00.000,5e-05,0.00200200,Regular
VTHOUSDT,2025-08-13 08:00:00.002,5e-05,0.00199951,Regular
VTHOUSDT,2025-08-13 12:00:00.000,5e-05,0.00201947,Regular
VTHOUSDT,2025-08-13 16:00:00.006,5e-05,0.00200600,Regular
VTHOUSDT,2025-08-13 20:00:00.001,5e-05,0.00201533,Regular
VTHOUSDT,2025-08-14 00:00:00.002,5e-05,0.00201457,Regular
VTHOUSDT,2025-08-14 04:00:00.009,5e-05,0.00202966,Regular
VTHOUSDT,2025-08-14 08:00:00.003,5e-05,0.00198606,Regular
VTHOUSDT,2025-08-14 12:00:00.001,5e-05,0.00196806,Regular
VTHOUSDT,2025-08-14 16:00:00.000,5e-05,0.00190680,Regular
VTHOUSDT,2025-08-14 20:00:00.002,5e-05,0.00189105,Regular
VTHOUSDT,2025-08-15 00:00:00.000,5e-05,0.00187900,Regular
VTHOUSDT,2025-08-15 04:00:00.000,5e-05,0.00189910,Regular
VTHOUSDT,2025-08-15 08:00:00.000,5e-05,0.00190174,Regular
VTHOUSDT,2025-08-15 12:00:00.001,5e-05,0.00190307,Regular
VTHOUSDT,2025-08-15 16:00:00.000,5e-05,0.00183144,Regular
VTHOUSDT,2025-08-15 20:00:00.007,5e-05,0.00183724,Regular
VTHOUSDT,2025-08-16 00:00:00.004,5e-05,0.00187463,Regular
VTHOUSDT,2025-08-16 04:00:00.000,5e-05,0.00191529,Regular
VTHOUSDT,2025-08-16 08:00:00.000,5e-05,0.00192700,Regular
VTHOUSDT,2025-08-16 12:00:00.004,5e-05,0.00189400,Regular
VTHOUSDT,2025-08-16 16:00:00.002,5e-05,0.00192500,Regular
VTHOUSDT,2025-08-16 20:00:00.006,5e-05,0.00193347,Regular
VTHOUSDT,2025-08-17 00:00:00.000,5e-05,0.00195950,Regular
VTHOUSDT,2025-08-17 04:00:00.000,5e-05,0.00194800,Regular
VTHOUSDT,2025-08-17 08:00:00.001,5e-05,0.00194177,Regular
VTHOUSDT,2025-08-17 12:00:00.002,5e-05,0.00195606,Regular
VTHOUSDT,2025-08-17 16:00:00.007,5e-05,0.00197854,Regular
VTHOUSDT,2025-08-17 20:00:00.001,5e-05,0.00193000,Regular
VTHOUSDT,2025-08-18 00:00:00.000,5e-05,0.00193200,Regular
VTHOUSDT,2025-08-18 04:00:00.010,5e-05,0.00187266,Regular
VTHOUSDT,2025-08-18 08:00:00.001,5e-05,0.00186432,Regular
VTHOUSDT,2025-08-18 12:00:00.002,5e-05,0.00186969,Regular
VTHOUSDT,2025-08-18 16:00:00.002,5e-05,0.00188400,Regular
VTHOUSDT,2025-08-18 20:00:00.007,5e-05,0.00189206,Regular
VTHOUSDT,2025-08-19 00:00:00.000,5e-05,0.00189400,Regular
VTHOUSDT,2025-08-19 04:00:00.000,5e-05,0.00184160,Regular
VTHOUSDT,2025-08-19 08:00:00.001,5e-05,0.00184900,Regular
VTHOUSDT,2025-08-19 12:00:00.001,5e-05,0.00189815,Regular
VTHOUSDT,2025-08-19 16:00:00.000,5e-05,0.00184600,Regular
VTHOUSDT,2025-08-19 20:00:00.000,2.05e-06,0.00181600,Regular
VTHOUSDT,2025-08-20 00:00:00.000,5e-05,0.00180600,Regular
VTHOUSDT,2025-08-20 04:00:00.000,5e-05,0.00182659,Regular
VTHOUSDT,2025-08-20 08:00:00.000,5e-05,0.00183481,Regular
VTHOUSDT,2025-08-20 12:00:00.002,5e-05,0.00184440,Regular
VTHOUSDT,2025-08-20 16:00:00.000,5e-05,0.00187100,Regular
VTHOUSDT,2025-08-20 20:00:00.001,5e-05,0.00191417,Regular
VTHOUSDT,2025-08-21 00:00:00.006,5e-05,0.00190900,Regular
VTHOUSDT,2025-08-21 04:00:00.003,5e-05,0.00190600,Regular
VTHOUSDT,2025-08-21 08:00:00.000,5e-05,0.00188930,Regular
VTHOUSDT,2025-08-21 12:00:00.009,5e-05,0.00186590,Regular
VTHOUSDT,2025-08-21 16:00:00.003,5e-05,0.00183883,Regular
VTHOUSDT,2025-08-21 20:00:00.000,5e-05,0.00183700,Regular
VTHOUSDT,2025-08-22 00:00:00.010,5e-05,0.00184600,Regular
VTHOUSDT,2025-08-22 04:00:00.003,5e-05,0.00183800,Regular
VTHOUSDT,2025-08-22 08:00:00.007,5e-05,0.00185004,Regular
VTHOUSDT,2025-08-22 12:00:00.001,5e-05,0.00181700,Regular
VTHOUSDT,2025-08-22 16:00:00.001,5e-05,0.00191000,Regular
VTHOUSDT,2025-08-22 20:00:00.004,5e-05,0.00195500,Regular
VTHOUSDT,2025-08-23 00:00:00.004,5e-05,0.00196846,Regular
VTHOUSDT,2025-08-23 04:00:00.000,5e-05,0.00197700,Regular
VTHOUSDT,2025-08-23 08:00:00.006,5e-05,0.00197679,Regular
VTHOUSDT,2025-08-23 12:00:00.000,5e-05,0.00194809,Regular
VTHOUSDT,2025-08-23 16:00:00.000,5e-05,0.00195400,Regular
VTHOUSDT,2025-08-23 20:00:00.005,5e-05,0.00196700,Regular
VTHOUSDT,2025-08-24 00:00:00.001,5e-05,0.00196008,Regular
VTHOUSDT,2025-08-24 04:00:00.000,5e-05,0.00194400,Regular
VTHOUSDT,2025-08-24 08:00:00.002,5e-05,0.00190757,Regular
VTHOUSDT,2025-08-24 12:00:00.003,5e-05,0.00189051,Regular
VTHOUSDT,2025-08-24 16:00:00.001,5e-05,0.00190600,Regular
VTHOUSDT,2025-08-24 20:00:00.008,5e-05,0.00194835,Regular
VTHOUSDT,2025-08-25 00:00:00.000,5e-05,0.00192632,Regular
VTHOUSDT,2025-08-25 04:00:00.001,5e-05,0.00197300,Regular
VTHOUSDT,2025-08-25 08:00:00.002,5e-05,0.00188200,Regular
VTHOUSDT,2025-08-25 12:00:00.000,5e-05,0.00190800,Regular
VTHOUSDT,2025-08-25 16:00:00.002,5e-05,0.00185734,Regular
VTHOUSDT,2025-08-25 20:00:00.003,5e-05,0.00181514,Regular
VTHOUSDT,2025-08-26 00:00:00.000,5e-05,0.00179800,Regular
VTHOUSDT,2025-08-26 04:00:00.007,5e-05,0.00181300,Regular
VTHOUSDT,2025-08-26 08:00:00.000,5e-05,0.00183319,Regular
VTHOUSDT,2025-08-26 12:00:00.001,5e-05,0.00181814,Regular
VTHOUSDT,2025-08-26 16:00:00.000,5e-05,0.00183739,Regular
VTHOUSDT,2025-08-26 20:00:00.000,5e-05,0.00186957,Regular
VTHOUSDT,2025-08-27 00:00:00.003,5e-05,0.00186972,Regular
VTHOUSDT,2025-08-27 04:00:00.000,5e-05,0.00187055,Regular
VTHOUSDT,2025-08-27 08:00:00.000,5e-05,0.00185000,Regular
VTHOUSDT,2025-08-27 12:00:00.003,5e-05,0.00186146,Regular
VTHOUSDT,2025-08-27 16:00:00.009,5e-05,0.00188100,Regular
VTHOUSDT,2025-08-27 20:00:00.001,5e-05,0.00187500,Regular
VTHOUSDT,2025-08-28 00:00:00.000,5e-05,0.00186400,Regular
VTHOUSDT,2025-08-28 04:00:00.000,5e-05,0.00188200,Regular
VTHOUSDT,2025-08-28 08:00:00.005,5e-05,0.00188291,Regular
VTHOUSDT,2025-08-28 12:00:00.000,5e-05,0.00189120,Regular
VTHOUSDT,2025-08-28 16:00:00.004,5e-05,0.00188600,Regular
VTHOUSDT,2025-08-28 20:00:00.003,5e-05,0.00186275,Regular
VTHOUSDT,2025-08-29 00:00:00.000,5e-05,0.00190771,Regular
VTHOUSDT,2025-08-29 04:00:00.008,5e-05,0.00188700,Regular
VTHOUSDT,2025-08-29 08:00:00.000,5e-05,0.00182644,Regular
VTHOUSDT,2025-08-29 12:00:00.010,5e-05,0.00183900,Regular
VTHOUSDT,2025-08-29 16:00:00.005,5e-05,0.00182100,Regular
VTHOUSDT,2025-08-29 20:00:00.000,5e-05,0.00181617,Regular
VTHOUSDT,2025-08-30 00:00:00.000,5e-05,0.00182923,Regular
VTHOUSDT,2025-08-30 04:00:00.000,5e-05,0.00184300,Regular
VTHOUSDT,2025-08-30 08:00:00.002,5e-05,0.00185155,Regular
VTHOUSDT,2025-08-30 12:00:00.006,5e-05,0.00184761,Regular
VTHOUSDT,2025-08-30 16:00:00.003,5e-05,0.00184977,Regular
VTHOUSDT,2025-08-30 20:00:00.000,5e-05,0.00183623,Regular
VTHOUSDT,2025-08-31 00:00:00.016,5e-05,0.00184930,Regular
VTHOUSDT,2025-08-31 04:00:00.000,5e-05,0.00187100,Regular
VTHOUSDT,2025-08-31 08:00:00.000,5e-05,0.00185048,Regular
VTHOUSDT,2025-08-31 12:00:00.003,5e-05,0.00186000,Regular
VTHOUSDT,2025-08-31 16:00:00.001,5e-05,0.00185918,Regular
VTHOUSDT,2025-08-31 20:00:00.000,5e-05,0.00188265,Regular
VTHOUSDT,2025-09-01 00:00:00.000,5e-05,0.00185843,Regular
VTHOUSDT,2025-09-01 04:00:00.005,5e-05,0.00182092,Regular
VTHOUSDT,2025-09-01 08:00:00.000,5e-05,0.00185480,Regular
VTHOUSDT,2025-09-01 12:00:00.014,5e-05,0.00183300,Regular
VTHOUSDT,2025-09-01 16:00:00.001,5e-05,0.00181200,Regular
VTHOUSDT,2025-09-01 20:00:00.008,5e-05,0.00181484,Regular
VTHOUSDT,2025-09-02 00:00:00.000,5e-05,0.00180300,Regular
VTHOUSDT,2025-09-02 04:00:00.009,5e-05,0.00184147,Regular
VTHOUSDT,2025-09-02 08:00:00.005,5e-05,0.00182286,Regular
VTHOUSDT,2025-09-02 12:00:00.003,5e-05,0.00184002,Regular
VTHOUSDT,2025-09-02 16:00:00.007,5e-05,0.00181745,Regular
VTHOUSDT,2025-09-02 20:00:00.001,5e-05,0.00183412,Regular
VTHOUSDT,2025-09-03 00:00:00.006,5e-05,0.00185223,Regular
VTHOUSDT,2025-09-03 04:00:00.003,5e-05,0.00183676,Regular
VTHOUSDT,2025-09-03 08:00:00.002,5e-05,0.00183085,Regular
VTHOUSDT,2025-09-03 12:00:00.000,5e-05,0.00184400,Regular
VTHOUSDT,2025-09-03 16:00:00.002,5e-05,0.00186658,Regular
VTHOUSDT,2025-09-03 20:00:00.006,5e-05,0.00186481,Regular
VTHOUSDT,2025-09-04 00:00:00.002,5e-05,0.00185600,Regular
VTHOUSDT,2025-09-04 04:00:00.000,5e-05,0.00183246,Regular
VTHOUSDT,2025-09-04 08:00:00.000,5e-05,0.00181200,Regular
VTHOUSDT,2025-09-04 12:00:00.002,5e-05,0.00181932,Regular
VTHOUSDT,2025-09-04 16:00:00.000,5e-05,0.00179673,Regular
VTHOUSDT,2025-09-04 20:00:00.000,5e-05,0.00178614,Regular
VTHOUSDT,2025-09-05 00:00:00.001,5e-05,0.00179800,Regular
VTHOUSDT,2025-09-05 04:00:00.000,5e-05,0.00182200,Regular
VTHOUSDT,2025-09-05 08:00:00.006,5e-05,0.00184800,Regular
VTHOUSDT,2025-09-05 12:00:00.001,5e-05,0.00184100,Regular
VTHOUSDT,2025-09-05 16:00:00.000,5e-05,0.00181400,Regular
VTHOUSDT,2025-09-05 20:00:00.000,5e-05,0.00183072,Regular
VTHOUSDT,2025-09-06 00:00:00.000,5e-05,0.00183266,Regular
VTHOUSDT,2025-09-06 04:00:00.000,5e-05,0.00183000,Regular
VTHOUSDT,2025-09-06 08:00:00.005,5e-05,0.00181838,Regular
VTHOUSDT,2025-09-06 12:00:00.000,5e-05,0.00181706,Regular
VTHOUSDT,2025-09-06 16:00:00.000,5e-05,0.00180251,Regular
VTHOUSDT,2025-09-06 20:00:00.001,5e-05,0.00180100,Regular
VTHOUSDT,2025-09-07 00:00:00.000,5e-05,0.00180838,Regular
VTHOUSDT,2025-09-07 04:00:00.008,5e-05,0.00182847,Regular
VTHOUSDT,2025-09-07 08:00:00.000,5e-05,0.00182600,Regular
VTHOUSDT,2025-09-07 12:00:00.000,5e-05,0.00182900,Regular
VTHOUSDT,2025-09-07 16:00:00.000,5e-05,0.00182664,Regular
VTHOUSDT,2025-09-07 20:00:00.003,5e-05,0.00181020,Regular
VTHOUSDT,2025-09-08 00:00:00.007,5e-05,0.00182250,Regular
VTHOUSDT,2025-09-08 04:00:00.008,5e-05,0.00182700,Regular
VTHOUSDT,2025-09-08 08:00:00.000,5e-05,0.00182741,Regular
VTHOUSDT,2025-09-08 12:00:00.005,5e-05,0.00184686,Regular
VTHOUSDT,2025-09-08 16:00:00.000,5e-05,0.00185129,Regular
VTHOUSDT,2025-09-08 20:00:00.001,5e-05,0.00184281,Regular
VTHOUSDT,2025-09-09 00:00:00.000,5e-05,0.00184900,Regular
VTHOUSDT,2025-09-09 04:00:00.000,5e-05,0.00185633,Regular
VTHOUSDT,2025-09-09 08:00:00.000,5e-05,0.00188648,Regular
VTHOUSDT,2025-09-09 12:00:00.004,5e-05,0.00188804,Regular
VTHOUSDT,2025-09-09 16:00:00.000,5e-05,0.00184500,Regular
VTHOUSDT,2025-09-09 20:00:00.000,5e-05,0.00185219,Regular
VTHOUSDT,2025-09-10 00:00:00.000,5e-05,0.00186700,Regular
VTHOUSDT,2025-09-10 04:00:00.001,5e-05,0.00189500,Regular
VTHOUSDT,2025-09-10 08:00:00.002,5e-05,0.00189933,Regular
VTHOUSDT,2025-09-10 12:00:00.004,5e-05,0.00187800,Regular
VTHOUSDT,2025-09-10 16:00:00.000,5e-05,0.00189209,Regular
VTHOUSDT,2025-09-10 20:00:00.007,5e-05,0.00187700,Regular
VTHOUSDT,2025-09-11 00:00:00.000,5e-05,0.00188469,Regular
VTHOUSDT,2025-09-11 04:00:00.003,5e-05,0.00189450,Regular
VTHOUSDT,2025-09-11 08:00:00.000,5e-05,0.00190939,Regular
VTHOUSDT,2025-09-11 12:00:00.005,5e-05,0.00189400,Regular
VTHOUSDT,2025-09-11 16:00:00.001,5e-05,0.00188300,Regular
VTHOUSDT,2025-09-11 20:00:00.001,5e-05,0.00189600,Regular
VTHOUSDT,2025-09-12 00:00:00.002,5e-05,0.00190707,Regular
VTHOUSDT,2025-09-12 04:00:00.004,5e-05,0.00190064,Regular
VTHOUSDT,2025-09-12 08:00:00.001,5e-05,0.00190347,Regular
VTHOUSDT,2025-09-12 12:00:00.001,5e-05,0.00188736,Regular
VTHOUSDT,2025-09-12 16:00:00.005,5e-05,0.00189500,Regular
VTHOUSDT,2025-09-12 20:00:00.000,5e-05,0.00192325,Regular
VTHOUSDT,2025-09-13 00:00:00.005,5e-05,0.00192138,Regular
VTHOUSDT,2025-09-13 04:00:00.002,5e-05,0.00192400,Regular
VTHOUSDT,2025-09-13 08:00:00.002,5e-05,0.00192700,Regular
VTHOUSDT,2025-09-13 12:00:00.005,5e-05,0.00194400,Regular
VTHOUSDT,2025-09-13 16:00:00.000,5e-05,0.00193258,Regular
VTHOUSDT,2025-09-13 20:00:00.001,5e-05,0.00193114,Regular
VTHOUSDT,2025-09-14 00:00:00.006,5e-05,0.00194326,Regular
VTHOUSDT,2025-09-14 04:00:00.001,5e-05,0.00192000,Regular
VTHOUSDT,2025-09-14 08:00:00.000,5e-05,0.00190867,Regular
VTHOUSDT,2025-09-14 12:00:00.004,5e-05,0.00188400,Regular
VTHOUSDT,2025-09-14 16:00:00.001,5e-05,0.00187500,Regular
VTHOUSDT,2025-09-14 20:00:00.000,5e-05,0.00188000,Regular
VTHOUSDT,2025-09-15 00:00:00.006,5e-05,0.00187305,Regular
VTHOUSDT,2025-09-15 04:00:00.000,5e-05,0.00188366,Regular
VTHOUSDT,2025-09-15 08:00:00.002,5e-05,0.00184512,Regular
VTHOUSDT,2025-09-15 12:00:00.003,5e-05,0.00183200,Regular
VTHOUSDT,2025-09-15 16:00:00.001,5e-05,0.00181600,Regular
VTHOUSDT,2025-09-15 20:00:00.001,5e-05,0.00182101,Regular
VTHOUSDT,2025-09-16 00:00:00.001,5e-05,0.00182131,Regular
VTHOUSDT,2025-09-16 04:00:00.000,5e-05,0.00180871,Regular
VTHOUSDT,2025-09-16 08:00:00.000,5e-05,0.00182600,Regular
VTHOUSDT,2025-09-16 12:00:00.002,5e-05,0.00182700,Regular
VTHOUSDT,2025-09-16 16:00:00.000,5e-05,0.00184766,Regular
VTHOUSDT,2025-09-16 20:00:00.004,5e-05,0.00185050,Regular
VTHOUSDT,2025-09-17 00:00:00.001,5e-05,0.00184452,Regular
VTHOUSDT,2025-09-17 04:00:00.004,5e-05,0.00182700,Regular
VTHOUSDT,2025-09-17 08:00:00.000,5e-05,0.00183558,Regular
VTHOUSDT,2025-09-17 12:00:00.000,5e-05,0.00181477,Regular
VTHOUSDT,2025-09-17 16:00:00.003,5e-05,0.00180900,Regular
VTHOUSDT,2025-09-17 20:00:00.000,5e-05,0.00184513,Regular
VTHOUSDT,2025-09-18 00:00:00.006,5e-05,0.00186221,Regular
VTHOUSDT,2025-09-18 04:00:00.001,5e-05,0.00186450,Regular
VTHOUSDT,2025-09-18 08:00:00.002,5e-05,0.00185900,Regular
VTHOUSDT,2025-09-18 12:00:00.000,5e-05,0.00185900,Regular
VTHOUSDT,2025-09-18 16:00:00.000,5e-05,0.00188061,Regular
VTHOUSDT,2025-09-18 20:00:00.008,5e-05,0.00188600,Regular
VTHOUSDT,2025-09-19 00:00:00.000,5e-05,0.00188062,Regular
VTHOUSDT,2025-09-19 04:00:00.003,5e-05,0.00186000,Regular
VTHOUSDT,2025-09-19 08:00:00.005,5e-05,0.00186941,Regular
VTHOUSDT,2025-09-19 12:00:00.000,5e-05,0.00182350,Regular
VTHOUSDT,2025-09-19 16:00:00.000,5e-05,0.00180248,Regular
VTHOUSDT,2025-09-19 20:00:00.004,5e-05,0.00180752,Regular
VTHOUSDT,2025-09-20 00:00:00.000,5e-05,0.00181442,Regular
VTHOUSDT,2025-09-20 04:00:00.000,5e-05,0.00181600,Regular
VTHOUSDT,2025-09-20 08:00:00.000,5e-05,0.00182950,Regular
VTHOUSDT,2025-09-20 12:00:00.008,5e-05,0.00181208,Regular
VTHOUSDT,2025-09-20 16:00:00.002,5e-05,0.00182600,Regular
VTHOUSDT,2025-09-20 20:00:00.000,5e-05,0.00181350,Regular
VTHOUSDT,2025-09-21 00:00:00.000,5e-05,0.00181351,Regular
VTHOUSDT,2025-09-21 04:00:00.002,5e-05,0.00181840,Regular
VTHOUSDT,2025-09-21 08:00:00.000,5e-05,0.00182179,Regular
VTHOUSDT,2025-09-21 12:00:00.002,5e-05,0.00180088,Regular
VTHOUSDT,2025-09-21 16:00:00.000,5e-05,0.00180748,Regular
VTHOUSDT,2025-09-21 20:00:00.000,5e-05,0.00180450,Regular
VTHOUSDT,2025-09-22 00:00:00.005,5e-05,0.00179450,Regular
VTHOUSDT,2025-09-22 04:00:00.000,5e-05,0.00174600,Regular
VTHOUSDT,2025-09-22 08:00:00.003,5e-05,0.00167300,Regular
VTHOUSDT,2025-09-22 12:00:00.005,3.408e-05,0.00167200,Regular
VTHOUSDT,2025-09-22 16:00:00.000,5e-05,0.00167202,Regular
VTHOUSDT,2025-09-22 20:00:00.001,5e-05,0.00165800,Regular
VTHOUSDT,2025-09-23 00:00:00.000,5e-05,0.00167750,Regular
VTHOUSDT,2025-09-23 04:00:00.012,5e-05,0.00165950,Regular
VTHOUSDT,2025-09-23 08:00:00.001,5e-05,0.00166767,Regular
VTHOUSDT,2025-09-23 12:00:00.000,5e-05,0.00167400,Regular
VTHOUSDT,2025-09-23 16:00:00.000,5e-05,0.00167900,Regular
VTHOUSDT,2025-09-23 20:00:00.001,3.56e-06,0.00166550,Regular
VTHOUSDT,2025-09-24 00:00:00.003,5e-05,0.00167260,Regular
VTHOUSDT,2025-09-24 04:00:00.000,-3.78e-06,0.00165800,Regular
VTHOUSDT,2025-09-24 08:00:00.001,5e-05,0.00167137,Regular
VTHOUSDT,2025-09-24 12:00:00.001,5e-05,0.00168050,Regular
VTHOUSDT,2025-09-24 16:00:00.002,5e-05,0.00168600,Regular
VTHOUSDT,2025-09-24 20:00:00.001,-1.365e-05,0.00168300,Regular
VTHOUSDT,2025-09-25 00:00:00.000,1.48e-05,0.00167350,Regular
VTHOUSDT,2025-09-25 04:00:00.000,2.919e-05,0.00164733,Regular
VTHOUSDT,2025-09-25 08:00:00.001,5e-05,0.00162500,Regular
VTHOUSDT,2025-09-25 12:00:00.000,5e-05,0.00161354,Regular
VTHOUSDT,2025-09-25 16:00:00.000,-0.00010556,0.00162100,Regular
VTHOUSDT,2025-09-25 20:00:00.000,5e-05,0.00159015,Regular
VTHOUSDT,2025-09-26 00:00:00.000,5e-05,0.00157345,Regular
VTHOUSDT,2025-09-26 04:00:00.002,5e-05,0.00158600,Regular
VTHOUSDT,2025-09-26 08:00:00.000,5e-05,0.00158774,Regular
VTHOUSDT,2025-09-26 12:00:00.000,5e-05,0.00158250,Regular
VTHOUSDT,2025-09-26 16:00:00.008,5e-05,0.00159448,Regular
VTHOUSDT,2025-09-26 20:00:00.005,5e-05,0.00161869,Regular
VTHOUSDT,2025-09-27 00:00:00.000,5e-05,0.00162500,Regular
VTHOUSDT,2025-09-27 04:00:00.000,5e-05,0.00162092,Regular
VTHOUSDT,2025-09-27 08:00:00.010,5e-05,0.00160600,Regular
VTHOUSDT,2025-09-27 12:00:00.003,5e-05,0.00160200,Regular
VTHOUSDT,2025-09-27 16:00:00.003,5e-05,0.00160887,Regular
VTHOUSDT,2025-09-27 20:00:00.002,5e-05,0.00159900,Regular
VTHOUSDT,2025-09-28 00:00:00.000,5e-05,0.00160300,Regular
VTHOUSDT,2025-09-28 04:00:00.002,5e-05,0.00158346,Regular
VTHOUSDT,2025-09-28 08:00:00.000,5e-05,0.00158001,Regular
VTHOUSDT,2025-09-28 12:00:00.000,5e-05,0.00157300,Regular
VTHOUSDT,2025-09-28 16:00:00.000,5e-05,0.00159126,Regular
VTHOUSDT,2025-09-28 20:00:00.004,5e-05,0.00159900,Regular
VTHOUSDT,2025-09-29 00:00:00.000,5e-05,0.00162657,Regular
VTHOUSDT,2025-09-29 04:00:00.000,5e-05,0.00161600,Regular
VTHOUSDT,2025-09-29 08:00:00.002,5e-05,0.00160869,Regular
VTHOUSDT,2025-09-29 12:00:00.000,5e-05,0.00160700,Regular
VTHOUSDT,2025-09-29 16:00:00.001,5e-05,0.00160500,Regular
VTHOUSDT,2025-09-29 20:00:00.000,5e-05,0.00161300,Regular
VTHOUSDT,2025-09-30 00:00:00.002,5e-05,0.00160900,Regular
VTHOUSDT,2025-09-30 04:00:00.000,5e-05,0.00159200,Regular
VTHOUSDT,2025-09-30 08:00:00.005,5e-05,0.00158400,Regular
VTHOUSDT,2025-09-30 12:00:00.000,5e-05,0.00157700,Regular
VTHOUSDT,2025-09-30 16:00:00.000,5e-05,0.00155800,Regular
VTHOUSDT,2025-09-30 20:00:00.000,5e-05,0.00157600,Regular
VTHOUSDT,2025-10-01 00:00:00.000,5e-05,0.00157500,Regular
VTHOUSDT,2025-10-01 04:00:00.008,5e-05,0.00155800,Regular
VTHOUSDT,2025-10-01 08:00:00.000,5e-05,0.00157300,Regular
VTHOUSDT,2025-10-01 12:00:00.007,5e-05,0.00161766,Regular
VTHOUSDT,2025-10-01 16:00:00.000,5e-05,0.00162554,Regular
VTHOUSDT,2025-10-01 20:00:00.001,5e-05,0.00164600,Regular
VTHOUSDT,2025-10-02 00:00:00.000,5e-05,0.00165043,Regular
VTHOUSDT,2025-10-02 04:00:00.001,5e-05,0.00166030,Regular
VTHOUSDT,2025-10-02 08:00:00.013,5e-05,0.00165959,Regular
VTHOUSDT,2025-10-02 12:00:00.000,5e-05,0.00167810,Regular
VTHOUSDT,2025-10-02 16:00:00.000,5e-05,0.00166250,Regular
VTHOUSDT,2025-10-02 20:00:00.000,5e-05,0.00169112,Regular
VTHOUSDT,2025-10-03 00:00:00.006,5e-05,0.00168650,Regular
VTHOUSDT,2025-10-03 04:00:00.000,5e-05,0.00166800,Regular
VTHOUSDT,2025-10-03 08:00:00.006,5e-05,0.00166119,Regular
VTHOUSDT,2025-10-03 12:00:00.000,5e-05,0.00165942,Regular
VTHOUSDT,2025-10-03 16:00:00.000,5e-05,0.00168700,Regular
VTHOUSDT,2025-10-03 20:00:00.002,5e-05,0.00168843,Regular
VTHOUSDT,2025-10-04 00:00:00.001,5e-05,0.00168226,Regular
VTHOUSDT,2025-10-04 04:00:00.006,5e-05,0.00167300,Regular
VTHOUSDT,2025-10-04 08:00:00.000,5e-05,0.00167107,Regular
VTHOUSDT,2025-10-04 12:00:00.000,5e-05,0.00164791,Regular
VTHOUSDT,2025-10-04 16:00:00.000,5e-05,0.00162700,Regular
VTHOUSDT,2025-10-04 20:00:00.003,5e-05,0.00163512,Regular
VTHOUSDT,2025-10-05 00:00:00.000,5e-05,0.00164027,Regular
VTHOUSDT,2025-10-05 04:00:00.000,5e-05,0.00165688,Regular
VTHOUSDT,2025-10-05 08:00:00.003,5e-05,0.00168939,Regular
VTHOUSDT,2025-10-05 12:00:00.000,5e-05,0.00166100,Regular
VTHOUSDT,2025-10-05 16:00:00.009,5e-05,0.00166200,Regular
VTHOUSDT,2025-10-05 20:00:00.004,5e-05,0.00162741,Regular
VTHOUSDT,2025-10-06 00:00:00.004,5e-05,0.00162840,Regular
VTHOUSDT,2025-10-06 04:00:00.003,5e-05,0.00163700,Regular
VTHOUSDT,2025-10-06 08:00:00.002,5e-05,0.00163904,Regular
VTHOUSDT,2025-10-06 12:00:00.000,5e-05,0.00164906,Regular
VTHOUSDT,2025-10-06 16:00:00.004,5e-05,0.00167746,Regular
VTHOUSDT,2025-10-06 20:00:00.002,5e-05,0.00169018,Regular
VTHOUSDT,2025-10-07 00:00:00.000,5e-05,0.00167999,Regular
VTHOUSDT,2025-10-07 04:00:00.001,5e-05,0.00167147,Regular
VTHOUSDT,2025-10-07 08:00:00.003,5e-05,0.00164900,Regular
VTHOUSDT,2025-10-07 12:00:00.005,5e-05,0.00166550,Regular
VTHOUSDT,2025-10-07 16:00:00.000,5e-05,0.00159868,Regular
VTHOUSDT,2025-10-07 20:00:00.002,5e-05,0.00160355,Regular
VTHOUSDT,2025-10-08 00:00:00.000,5e-05,0.00159350,Regular
VTHOUSDT,2025-10-08 04:00:00.002,5e-05,0.00157412,Regular
VTHOUSDT,2025-10-08 08:00:00.006,5e-05,0.00158894,Regular
VTHOUSDT,2025-10-08 12:00:00.003,5e-05,0.00158031,Regular
VTHOUSDT,2025-10-08 16:00:00.002,5e-05,0.00157458,Regular
VTHOUSDT,2025-10-08 20:00:00.000,5e-05,0.00159659,Regular
VTHOUSDT,2025-10-09 00:00:00.001,5e-05,0.00159954,Regular
VTHOUSDT,2025-10-09 04:00:00.003,5e-05,0.00158853,Regular
VTHOUSDT,2025-10-09 08:00:00.000,5e-05,0.00157200,Regular
VTHOUSDT,2025-10-09 12:00:00.002,5e-05,0.00155633,Regular
VTHOUSDT,2025-10-09 16:00:00.000,5e-05,0.00153869,Regular
VTHOUSDT,2025-10-09 20:00:00.010,5e-05,0.00154708,Regular
VTHOUSDT,2025-10-10 00:00:00.005,5e-05,0.00155150,Regular
VTHOUSDT,2025-10-10 04:00:00.001,5e-05,0.00155005,Regular
VTHOUSDT,2025-10-10 08:00:00.002,5e-05,0.00153355,Regular
VTHOUSDT,2025-10-10 12:00:00.004,5e-05,0.00153657,Regular
VTHOUSDT,2025-10-10 16:00:00.014,5e-05,0.00147909,Regular
VTHOUSDT,2025-10-10 20:00:00.003,5e-05,0.00143800,Regular
VTHOUSDT,2025-10-11 00:00:00.000,5e-05,0.00123500,Regular
VTHOUSDT,2025-10-11 04:00:00.000,5e-05,0.00118558,Regular
VTHOUSDT,2025-10-11 08:00:00.003,5e-05,0.00117402,Regular
VTHOUSDT,2025-10-11 12:00:00.003,5e-05,0.00119920,Regular
VTHOUSDT,2025-10-11 16:00:00.000,5e-05,0.00119600,Regular
VTHOUSDT,2025-10-11 20:00:00.001,2.772e-05,0.00115900,Regular
VTHOUSDT,2025-10-12 00:00:00.004,5.49e-06,0.00116000,Regular
VTHOUSDT,2025-10-12 04:00:00.001,5e-05,0.00115300,Regular
VTHOUSDT,2025-10-12 08:00:00.002,5e-05,0.00116800,Regular
VTHOUSDT,2025-10-12 12:00:00.001,5e-05,0.00116800,Regular
VTHOUSDT,2025-10-12 16:00:00.000,5e-05,0.00122300,Regular
VTHOUSDT,2025-10-12 20:00:00.000,5e-05,0.00128228,Regular
VTHOUSDT,2025-10-13 00:00:00.003,5e-05,0.00127371,Regular
VTHOUSDT,2025-10-13 04:00:00.000,5e-05,0.00125886,Regular
VTHOUSDT,2025-10-13 08:00:00.002,5e-05,0.00126159,Regular
VTHOUSDT,2025-10-13 12:00:00.001,5e-05,0.00126318,Regular
VTHOUSDT,2025-10-13 16:00:00.003,5e-05,0.00129100,Regular
VTHOUSDT,2025-10-13 20:00:00.002,5e-05,0.00134500,Regular
VTHOUSDT,2025-10-14 00:00:00.000,5e-05,0.00134345,Regular
VTHOUSDT,2025-10-14 04:00:00.000,5e-05,0.00131400,Regular
VTHOUSDT,2025-10-14 08:00:00.000,4.48e-06,0.00125100,Regular
VTHOUSDT,2025-10-14 12:00:00.000,5e-05,0.00125000,Regular
VTHOUSDT,2025-10-14 16:00:00.000,5e-05,0.00128688,Regular
VTHOUSDT,2025-10-14 20:00:00.000,3.187e-05,0.00128398,Regular
VTHOUSDT,2025-10-15 00:00:00.006,4.951e-05,0.00129422,Regular
VTHOUSDT,2025-10-15 04:00:00.001,1.759e-05,0.00127935,Regular
VTHOUSDT,2025-10-15 08:00:00.002,5e-05,0.00129619,Regular
VTHOUSDT,2025-10-15 12:00:00.005,2.695e-05,0.00128550,Regular
VTHOUSDT,2025-10-15 16:00:00.000,-8.939e-05,0.00124675,Regular
VTHOUSDT,2025-10-15 20:00:00.004,-2.026e-05,0.00124010,Regular
VTHOUSDT,2025-10-16 00:00:00.000,5e-05,0.00124200,Regular
VTHOUSDT,2025-10-16 04:00:00.000,-9.808e-05,0.00124400,Regular
VTHOUSDT,2025-10-16 08:00:00.003,5e-05,0.00125200,Regular
VTHOUSDT,2025-10-16 12:00:00.000,3.98e-06,0.00126100,Regular
VTHOUSDT,2025-10-16 16:00:00.002,-0.00012104,0.00121298,Regular
VTHOUSDT,2025-10-16 20:00:00.003,-8.008e-05,0.00120609,Regular
VTHOUSDT,2025-10-17 00:00:00.001,5e-05,0.00120500,Regular
VTHOUSDT,2025-10-17 04:00:00.001,4.025e-05,0.00121000,Regular
VTHOUSDT,2025-10-17 08:00:00.005,-1.209e-05,0.00112526,Regular
VTHOUSDT,2025-10-17 12:00:00.000,-1.811e-05,0.00115350,Regular
VTHOUSDT,2025-10-17 16:00:00.003,5e-05,0.00116470,Regular
VTHOUSDT,2025-10-17 20:00:00.004,5e-05,0.00116342,Regular
VTHOUSDT,2025-10-18 00:00:00.000,-9.91e-06,0.00117069,Regular
VTHOUSDT,2025-10-18 04:00:00.000,5e-05,0.00118273,Regular
VTHOUSDT,2025-10-18 08:00:00.002,5e-05,0.00118400,Regular
VTHOUSDT,2025-10-18 12:00:00.007,5e-05,0.00119188,Regular
VTHOUSDT,2025-10-18 16:00:00.001,-2.321e-05,0.00117500,Regular
VTHOUSDT,2025-10-18 20:00:00.000,5e-05,0.00118573,Regular
VTHOUSDT,2025-10-19 00:00:00.001,1.153e-05,0.00118538,Regular
VTHOUSDT,2025-10-19 04:00:00.000,5e-05,0.00119375,Regular
VTHOUSDT,2025-10-19 08:00:00.001,2.015e-05,0.00118356,Regular
VTHOUSDT,2025-10-19 12:00:00.000,3.204e-05,0.00120800,Regular
VTHOUSDT,2025-10-19 16:00:00.001,5e-05,0.00122600,Regular
VTHOUSDT,2025-10-19 20:00:00.000,5e-05,0.00122813,Regular
VTHOUSDT,2025-10-20 00:00:00.004,3.468e-05,0.00124800,Regular
VTHOUSDT,2025-10-20 04:00:00.000,5e-05,0.00125758,Regular
VTHOUSDT,2025-10-20 08:00:00.001,4.306e-05,0.00126425,Regular
VTHOUSDT,2025-10-20 12:00:00.000,5e-05,0.00126550,Regular
VTHOUSDT,2025-10-20 16:00:00.000,1.933e-05,0.00125273,Regular
VTHOUSDT,2025-10-20 20:00:00.000,5e-05,0.00125234,Regular
VTHOUSDT,2025-10-21 00:00:00.009,1.752e-05,0.00124714,Regular
VTHOUSDT,2025-10-21 04:00:00.003,-0.00012997,0.00122600,Regular
VTHOUSDT,2025-10-21 08:00:00.000,5e-05,0.00120900,Regular
VTHOUSDT,2025-10-21 12:00:00.000,1.567e-05,0.00124257,Regular
VTHOUSDT,2025-10-21 16:00:00.000,1.058e-05,0.00129080,Regular
VTHOUSDT,2025-10-21 20:00:00.001,-0.00011252,0.00126717,Regular
VTHOUSDT,2025-10-22 00:00:00.004,-8.914e-05,0.00122800,Regular
VTHOUSDT,2025-10-22 04:00:00.000,2.741e-05,0.00121783,Regular
VTHOUSDT,2025-10-22 08:00:00.000,5.05e-06,0.00121500,Regular
VTHOUSDT,2025-10-22 12:00:00.000,-3.633e-05,0.00121200,Regular
VTHOUSDT,2025-10-22 16:00:00.000,2.833e-05,0.00121144,Regular
VTHOUSDT,2025-10-22 20:00:00.004,4.314e-05,0.00119060,Regular
VTHOUSDT,2025-10-23 00:00:00.000,5e-05,0.00117900,Regular
VTHOUSDT,2025-10-23 04:00:00.000,5e-05,0.00119300,Regular
VTHOUSDT,2025-10-23 08:00:00.001,-9.72e-05,0.00121300,Regular
VTHOUSDT,2025-10-23 12:00:00.000,-1.627e-05,0.00120950,Regular
VTHOUSDT,2025-10-23 16:00:00.004,-3.51e-06,0.00121734,Regular
VTHOUSDT,2025-10-23 20:00:00.000,5e-05,0.00121151,Regular
VTHOUSDT,2025-10-24 00:00:00.000,5e-05,0.00121000,Regular
VTHOUSDT,2025-10-24 04:00:00.002,5e-05,0.00120800,Regular
VTHOUSDT,2025-10-24 08:00:00.000,5e-05,0.00122188,Regular
VTHOUSDT,2025-10-24 12:00:00.002,5e-05,0.00121500,Regular
VTHOUSDT,2025-10-24 16:00:00.009,5e-05,0.00120077,Regular
VTHOUSDT,2025-10-24 20:00:00.000,4.689e-05,0.00121900,Regular
VTHOUSDT,2025-10-25 00:00:00.000,5e-05,0.00121532,Regular
VTHOUSDT,2025-10-25 04:00:00.000,-9.05e-06,0.00120000,Regular
VTHOUSDT,2025-10-25 08:00:00.001,3.774e-05,0.00120100,Regular
VTHOUSDT,2025-10-25 12:00:00.000,-3.879e-05,0.00120200,Regular
VTHOUSDT,2025-10-25 16:00:00.001,5e-05,0.00120732,Regular
VTHOUSDT,2025-10-25 20:00:00.002,-1.646e-05,0.00120600,Regular
VTHOUSDT,2025-10-26 00:00:00.001,5e-05,0.00120760,Regular
VTHOUSDT,2025-10-26 04:00:00.000,4.967e-05,0.00120100,Regular
VTHOUSDT,2025-10-26 08:00:00.001,4.381e-05,0.00121327,Regular
VTHOUSDT,2025-10-26 12:00:00.002,5e-05,0.00123646,Regular
VTHOUSDT,2025-10-26 16:00:00.000,5e-05,0.00124851,Regular
VTHOUSDT,2025-10-26 20:00:00.000,5e-05,0.00124843,Regular
VTHOUSDT,2025-10-27 00:00:00.000,5e-05,0.00127437,Regular
VTHOUSDT,2025-10-27 04:00:00.000,5e-05,0.00127152,Regular
VTHOUSDT,2025-10-27 08:00:00.005,5e-05,0.00127500,Regular
VTHOUSDT,2025-10-27 12:00:00.003,5e-05,0.00125347,Regular
VTHOUSDT,2025-10-27 16:00:00.000,4.848e-05,0.00124000,Regular
VTHOUSDT,2025-10-27 20:00:00.001,1.349e-05,0.00124700,Regular
VTHOUSDT,2025-10-28 00:00:00.000,5e-05,0.00123100,Regular
VTHOUSDT,2025-10-28 04:00:00.004,5e-05,0.00122546,Regular
VTHOUSDT,2025-10-28 08:00:00.000,1.968e-05,0.00122962,Regular
VTHOUSDT,2025-10-28 12:00:00.000,5e-05,0.00123337,Regular
VTHOUSDT,2025-10-28 16:00:00.004,5e-05,0.00124300,Regular
VTHOUSDT,2025-10-28 20:00:00.004,5e-05,0.00122100,Regular
VTHOUSDT,2025-10-29 00:00:00.004,5e-05,0.00120400,Regular
VTHOUSDT,2025-10-29 04:00:00.005,-1.165e-05,0.00120364,Regular
VTHOUSDT,2025-10-29 08:00:00.005,5e-05,0.00120734,Regular
VTHOUSDT,2025-10-29 12:00:00.011,-4.237e-05,0.00121648,Regular
VTHOUSDT,2025-10-29 16:00:00.000,5e-05,0.00119500,Regular
VTHOUSDT,2025-10-29 20:00:00.008,5e-05,0.00120400,Regular
VTHOUSDT,2025-10-30 00:00:00.004,5e-05,0.00118270,Regular
VTHOUSDT,2025-10-30 04:00:00.001,5e-05,0.00118843,Regular
VTHOUSDT,2025-10-30 08:00:00.008,1.44e-05,0.00117750,Regular
VTHOUSDT,2025-10-30 12:00:00.006,2.999e-05,0.00115633,Regular
VTHOUSDT,2025-10-30 16:00:00.001,7.91e-06,0.00111900,Regular
VTHOUSDT,2025-10-30 20:00:00.000,-4.142e-05,0.00109465,Regular
VTHOUSDT,2025-10-31 00:00:00.000,-3.631e-05,0.00112100,Regular
VTHOUSDT,2025-10-31 04:00:00.000,4.625e-05,0.00112850,Regular
VTHOUSDT,2025-10-31 08:00:00.008,-6.403e-05,0.00112100,Regular
VTHOUSDT,2025-10-31 12:00:00.008,-3.361e-05,0.00112637,Regular
VTHOUSDT,2025-10-31 16:00:00.007,-7.082e-05,0.00112043,Regular
VTHOUSDT,2025-10-31 20:00:00.001,3.138e-05,0.00112062,Regular
VTHOUSDT,2025-11-01 00:00:00.001,-6.765e-05,0.00110150,Regular
VTHOUSDT,2025-11-01 04:00:00.000,-6.463e-05,0.00110912,Regular
VTHOUSDT,2025-11-01 08:00:00.000,1.228e-05,0.00110900,Regular
VTHOUSDT,2025-11-01 12:00:00.000,-1.336e-05,0.00110735,Regular
VTHOUSDT,2025-11-01 16:00:00.000,1.099e-05,0.00110851,Regular
VTHOUSDT,2025-11-01 20:00:00.003,-0.00011727,0.00110453,Regular
VTHOUSDT,2025-11-02 00:00:00.007,-0.00012182,0.00110800,Regular
VTHOUSDT,2025-11-02 04:00:00.002,5e-05,0.00109345,Regular
VTHOUSDT,2025-11-02 08:00:00.000,5e-05,0.00110447,Regular
VTHOUSDT,2025-11-02 12:00:00.001,-0.00023291,0.00104300,Regular
VTHOUSDT,2025-11-02 16:00:00.001,-0.00021809,0.00104100,Regular
VTHOUSDT,2025-11-02 20:00:00.001,-2.81e-05,0.00106765,Regular
VTHOUSDT,2025-11-03 00:00:00.000,1.431e-05,0.00108612,Regular
VTHOUSDT,2025-11-03 04:00:00.003,5e-05,0.00102700,Regular
VTHOUSDT,2025-11-03 08:00:00.010,5e-05,0.00101100,Regular
VTHOUSDT,2025-11-03 12:00:00.002,5e-05,0.00100900,Regular
VTHOUSDT,2025-11-03 16:00:00.000,5e-05,0.00099300,Regular
VTHOUSDT,2025-11-03 20:00:00.008,5e-05,0.00099800,Regular
VTHOUSDT,2025-11-04 00:00:00.002,5e-05,0.00099289,Regular
VTHOUSDT,2025-11-04 04:00:00.000,5e-05,0.00100565,Regular
VTHOUSDT,2025-11-04 08:00:00.004,5e-05,0.00096038,Regular
VTHOUSDT,2025-11-04 12:00:00.000,5e-05,0.00097554,Regular
VTHOUSDT,2025-11-04 16:00:00.000,5e-05,0.00097800,Regular
VTHOUSDT,2025-11-04 20:00:00.001,5e-05,0.00094754,Regular
VTHOUSDT,2025-11-05 00:00:00.000,5e-05,0.00097088,Regular
VTHOUSDT,2025-11-05 04:00:00.005,5e-05,0.00098115,Regular
VTHOUSDT,2025-11-05 08:00:00.000,5e-05,0.00098800,Regular
VTHOUSDT,2025-11-05 12:00:00.000,5e-05,0.00100400,Regular
VTHOUSDT,2025-11-05 16:00:00.004,5e-05,0.00102820,Regular
VTHOUSDT,2025-11-05 20:00:00.001,5e-05,0.00103824,Regular
VTHOUSDT,2025-11-06 00:00:00.001,5e-05,0.00103055,Regular
VTHOUSDT,2025-11-06 04:00:00.009,5e-05,0.00111200,Regular
VTHOUSDT,2025-11-06 08:00:00.000,5e-05,0.00106457,Regular
VTHOUSDT,2025-11-06 12:00:00.001,5e-05,0.00104226,Regular
VTHOUSDT,2025-11-06 16:00:00.001,5e-05,0.00103140,Regular
VTHOUSDT,2025-11-06 20:00:00.006,5e-05,0.00104700,Regular
VTHOUSDT,2025-11-07 00:00:00.005,5e-05,0.00105200,Regular
VTHOUSDT,2025-11-07 04:00:00.000,1.455e-05,0.00108500,Regular
VTHOUSDT,2025-11-07 08:00:00.003,5e-05,0.00110400,Regular
VTHOUSDT,2025-11-07 12:00:00.005,5e-05,0.00108853,Regular
VTHOUSDT,2025-11-07 16:00:00.005,5e-05,0.00116342,Regular
VTHOUSDT,2025-11-07 20:00:00.000,5e-05,0.00123550,Regular
VTHOUSDT,2025-11-08 00:00:00.011,5e-05,0.00121500,Regular
VTHOUSDT,2025-11-08 04:00:00.001,5e-05,0.00118656,Regular
VTHOUSDT,2025-11-08 08:00:00.015,5e-05,0.00120722,Regular
VTHOUSDT,2025-11-08 12:00:00.000,5e-05,0.00121217,Regular
VTHOUSDT,2025-11-08 16:00:00.001,5e-05,0.00117700,Regular
VTHOUSDT,2025-11-08 20:00:00.006,5e-05,0.00118607,Regular
VTHOUSDT,2025-11-09 00:00:00.004,5e-05,0.00118400,Regular
VTHOUSDT,2025-11-09 04:00:00.000,5e-05,0.00114450,Regular
VTHOUSDT,2025-11-09 08:00:00.000,5e-05,0.00116100,Regular
VTHOUSDT,2025-11-09 12:00:00.000,5e-05,0.00115684,Regular
VTHOUSDT,2025-11-09 16:00:00.005,5e-05,0.00118035,Regular
VTHOUSDT,2025-11-09 20:00:00.010,5e-05,0.00119361,Regular
VTHOUSDT,2025-11-10 00:00:00.000,5e-05,0.00119300,Regular
VTHOUSDT,2025-11-10 04:00:00.005,5e-05,0.00120589,Regular
VTHOUSDT,2025-11-10 08:00:00.000,5e-05,0.00120524,Regular
VTHOUSDT,2025-11-10 12:00:00.003,5e-05,0.00120700,Regular
VTHOUSDT,2025-11-10 16:00:00.003,5e-05,0.00118384,Regular
VTHOUSDT,2025-11-10 20:00:00.000,5e-05,0.00118650,Regular
VTHOUSDT,2025-11-11 00:00:00.007,5e-05,0.00119550,Regular
VTHOUSDT,2025-11-11 04:00:00.003,5e-05,0.00120668,Regular
VTHOUSDT,2025-11-11 08:00:00.000,5e-05,0.00117454,Regular
VTHOUSDT,2025-11-11 12:00:00.002,5e-05,0.00120730,Regular
VTHOUSDT,2025-11-11 16:00:00.009,5e-05,0.00123323,Regular
VTHOUSDT,2025-11-11 20:00:00.000,5e-05,0.00119031,Regular
VTHOUSDT,2025-11-12 00:00:00.000,5e-05,0.00116900,Regular
VTHOUSDT,2025-11-12 04:00:00.000,5e-05,0.00119600,Regular
VTHOUSDT,2025-11-12 08:00:00.002,-8.43e-06,0.00122800,Regular
VTHOUSDT,2025-11-12 12:00:00.000,5e-05,0.00121900,Regular
VTHOUSDT,2025-11-12 16:00:00.000,-1.158e-05,0.00117600,Regular
VTHOUSDT,2025-11-12 20:00:00.001,3.717e-05,0.00114400,Regular
VTHOUSDT,2025-11-13 00:00:00.002,5e-05,0.00115837,Regular
VTHOUSDT,2025-11-13 04:00:00.000,-7.771e-05,0.00117800,Regular
VTHOUSDT,2025-11-13 08:00:00.000,5e-05,0.00117700,Regular
VTHOUSDT,2025-11-13 12:00:00.001,3.153e-05,0.00118330,Regular
VTHOUSDT,2025-11-13 16:00:00.001,5e-05,0.00117038,Regular
VTHOUSDT,2025-11-13 20:00:00.004,5e-05,0.00109829,Regular
VTHOUSDT,2025-11-14 00:00:00.000,5e-05,0.00112900,Regular
VTHOUSDT,2025-11-14 04:00:00.000,1.127e-05,0.00110800,Regular
VTHOUSDT,2025-11-14 08:00:00.000,5e-05,0.00110800,Regular
VTHOUSDT,2025-11-14 12:00:00.001,5e-05,0.00109000,Regular
VTHOUSDT,2025-11-14 16:00:00.001,5e-05,0.00110400,Regular
VTHOUSDT,2025-11-14 20:00:00.000,5e-05,0.00110353,Regular
VTHOUSDT,2025-11-15 00:00:00.005,5e-05,0.00108023,Regular
VTHOUSDT,2025-11-15 04:00:00.015,5e-05,0.00110593,Regular
VTHOUSDT,2025-11-15 08:00:00.000,5e-05,0.00109675,Regular
VTHOUSDT,2025-11-15 12:00:00.008,5e-05,0.00108300,Regular
VTHOUSDT,2025-11-15 16:00:00.001,5e-05,0.00108552,Regular
VTHOUSDT,2025-11-15 20:00:00.003,5e-05,0.00109200,Regular
VTHOUSDT,2025-11-16 00:00:00.001,5e-05,0.00108938,Regular
VTHOUSDT,2025-11-16 04:00:00.003,5e-05,0.00110000,Regular
VTHOUSDT,2025-11-16 08:00:00.000,5e-05,0.00110324,Regular
VTHOUSDT,2025-11-16 12:00:00.003,5e-05,0.00108257,Regular
VTHOUSDT,2025-11-16 16:00:00.000,5e-05,0.00103900,Regular
VTHOUSDT,2025-11-16 20:00:00.000,2.479e-05,0.00104000,Regular
VTHOUSDT,2025-11-17 00:00:00.003,5e-05,0.00105700,Regular
VTHOUSDT,2025-11-17 04:00:00.001,5e-05,0.00107035,Regular
VTHOUSDT,2025-11-17 08:00:00.003,5e-05,0.00106250,Regular
VTHOUSDT,2025-11-17 12:00:00.000,5e-05,0.00106500,Regular
VTHOUSDT,2025-11-17 16:00:00.000,3.438e-05,0.00104736,Regular
VTHOUSDT,2025-11-17 20:00:00.003,5e-05,0.00100822,Regular
VTHOUSDT,2025-11-18 00:00:00.002,4.465e-05,0.00101597,Regular
VTHOUSDT,2025-11-18 04:00:00.000,5e-05,0.00100836,Regular
VTHOUSDT,2025-11-18 08:00:00.004,5e-05,0.00100900,Regular
VTHOUSDT,2025-11-18 12:00:00.000,5e-05,0.00100400,Regular
VTHOUSDT,2025-11-18 16:00:00.000,5e-05,0.00102500,Regular
VTHOUSDT,2025-11-18 20:00:00.002,-3.137e-05,0.00104051,Regular
VTHOUSDT,2025-11-19 00:00:00.000,5e-05,0.00104400,Regular
VTHOUSDT,2025-11-19 04:00:00.000,1.535e-05,0.00102730,Regular
VTHOUSDT,2025-11-19 08:00:00.000,5e-05,0.00103328,Regular
VTHOUSDT,2025-11-19 12:00:00.000,4.752e-05,0.00102552,Regular
VTHOUSDT,2025-11-19 16:00:00.008,5e-05,0.00101100,Regular
VTHOUSDT,2025-11-19 20:00:00.000,5e-05,0.00099044,Regular
VTHOUSDT,2025-11-20 00:00:00.000,5e-05,0.00102750,Regular
VTHOUSDT,2025-11-20 04:00:00.006,5e-05,0.00103638,Regular
VTHOUSDT,2025-11-20 08:00:00.000,5e-05,0.00105200,Regular
VTHOUSDT,2025-11-20 12:00:00.003,4.194e-05,0.00105092,Regular
VTHOUSDT,2025-11-20 16:00:00.000,5e-05,0.00105508,Regular
VTHOUSDT,2025-11-20 20:00:00.002,5e-05,0.00101000,Regular
VTHOUSDT,2025-11-21 00:00:00.001,5e-05,0.00100300,Regular
VTHOUSDT,2025-11-21 04:00:00.000,1.544e-05,0.00099821,Regular
VTHOUSDT,2025-11-21 08:00:00.000,5e-05,0.00095334,Regular
VTHOUSDT,2025-11-21 12:00:00.001,5e-05,0.00092500,Regular
VTHOUSDT,2025-11-21 16:00:00.001,5e-05,0.00093788,Regular
VTHOUSDT,2025-11-21 20:00:00.000,5e-05,0.00096255,Regular
VTHOUSDT,2025-11-22 00:00:00.004,5e-05,0.00096166,Regular
VTHOUSDT,2025-11-22 04:00:00.000,5e-05,0.00095139,Regular
VTHOUSDT,2025-11-22 08:00:00.000,5e-05,0.00095750,Regular
VTHOUSDT,2025-11-22 12:00:00.000,5e-05,0.00094085,Regular
VTHOUSDT,2025-11-22 16:00:00.000,5e-05,0.00094312,Regular
VTHOUSDT,2025-11-22 20:00:00.001,5e-05,0.00095500,Regular
VTHOUSDT,2025-11-23 00:00:00.000,5e-05,0.00095917,Regular
VTHOUSDT,2025-11-23 04:00:00.000,5e-05,0.00095648,Regular
VTHOUSDT,2025-11-23 08:00:00.008,5e-05,0.00096400,Regular
VTHOUSDT,2025-11-23 12:00:00.000,5e-05,0.00097100,Regular
VTHOUSDT,2025-11-23 16:00:00.003,5e-05,0.00097250,Regular
VTHOUSDT,2025-11-23 20:00:00.003,5e-05,0.00097253,Regular
VTHOUSDT,2025-11-24 00:00:00.004,5e-05,0.00095349,Regular
VTHOUSDT,2025-11-24 04:00:00.000,5e-05,0.00097357,Regular
VTHOUSDT,2025-11-24 08:00:00.000,5e-05,0.00096749,Regular
VTHOUSDT,2025-11-24 12:00:00.000,5e-05,0.00096100,Regular
VTHOUSDT,2025-11-24 16:00:00.006,5e-05,0.00096010,Regular
VTHOUSDT,2025-11-24 20:00:00.003,5e-05,0.00098900,Regular
VTHOUSDT,2025-11-25 00:00:00.000,5e-05,0.00101583,Regular
VTHOUSDT,2025-11-25 04:00:00.000,7.14e-06,0.00101834,Regular
VTHOUSDT,2025-11-25 08:00:00.009,5e-05,0.00101011,Regular
VTHOUSDT,2025-11-25 12:00:00.002,2.731e-05,0.00100650,Regular
VTHOUSDT,2025-11-25 16:00:00.007,4.07e-06,0.00101151,Regular
VTHOUSDT,2025-11-25 20:00:00.009,5e-05,0.00100575,Regular
VTHOUSDT,2025-11-26 00:00:00.001,5e-05,0.00101200,Regular
VTHOUSDT,2025-11-26 04:00:00.006,5e-05,0.00100400,Regular
VTHOUSDT,2025-11-26 08:00:00.001,5e-05,0.00100800,Regular
VTHOUSDT,2025-11-26 12:00:00.001,5e-05,0.00099245,Regular
VTHOUSDT,2025-11-26 16:00:00.000,5e-05,0.00097938,Regular
VTHOUSDT,2025-11-26 20:00:00.001,5e-05,0.00100333,Regular
VTHOUSDT,2025-11-27 00:00:00.013,5e-05,0.00100650,Regular
VTHOUSDT,2025-11-27 04:00:00.007,5e-05,0.00101400,Regular
VTHOUSDT,2025-11-27 08:00:00.000,5e-05,0.00102050,Regular
VTHOUSDT,2025-11-27 12:00:00.002,3.35e-05,0.00103150,Regular
VTHOUSDT,2025-11-27 16:00:00.004,5e-05,0.00105200,Regular
VTHOUSDT,2025-11-27 20:00:00.004,5e-05,0.00105941,Regular
VTHOUSDT,2025-11-28 00:00:00.008,-4.019e-05,0.00104000,Regular
VTHOUSDT,2025-11-28 04:00:00.000,5e-05,0.00103600,Regular
VTHOUSDT,2025-11-28 08:00:00.000,5e-05,0.00103143,Regular
VTHOUSDT,2025-11-28 12:00:00.004,5e-05,0.00103200,Regular
VTHOUSDT,2025-11-28 16:00:00.008,5e-05,0.00103233,Regular
VTHOUSDT,2025-11-28 20:00:00.010,5e-05,0.00102500,Regular
VTHOUSDT,2025-11-29 00:00:00.000,4.24e-06,0.00102789,Regular
VTHOUSDT,2025-11-29 04:00:00.002,5e-05,0.00103100,Regular
VTHOUSDT,2025-11-29 08:00:00.005,5e-05,0.00102351,Regular
VTHOUSDT,2025-11-29 12:00:00.003,5e-05,0.00102453,Regular
VTHOUSDT,2025-11-29 16:00:00.001,5e-05,0.00102500,Regular
VTHOUSDT,2025-11-29 20:00:00.000,5e-05,0.00101450,Regular
VTHOUSDT,2025-11-30 00:00:00.003,5e-05,0.00100591,Regular
VTHOUSDT,2025-11-30 04:00:00.004,5e-05,0.00101200,Regular
VTHOUSDT,2025-11-30 08:00:00.000,5e-05,0.00100400,Regular
VTHOUSDT,2025-11-30 12:00:00.000,5e-05,0.00101100,Regular
VTHOUSDT,2025-11-30 16:00:00.004,5e-05,0.00100900,Regular
VTHOUSDT,2025-11-30 20:00:00.006,5e-05,0.00100700,Regular
VTHOUSDT,2025-12-01 00:00:00.000,5e-05,0.00099215,Regular
VTHOUSDT,2025-12-01 04:00:00.000,-8e-06,0.00093512,Regular
VTHOUSDT,2025-12-01 08:00:00.004,4.957e-05,0.00092512,Regular
VTHOUSDT,2025-12-01 12:00:00.000,-8.89e-06,0.00093200,Regular
VTHOUSDT,2025-12-01 16:00:00.000,1.412e-05,0.00093000,Regular
VTHOUSDT,2025-12-01 20:00:00.000,5e-05,0.00092400,Regular
VTHOUSDT,2025-12-02 00:00:00.004,5e-05,0.00093652,Regular
VTHOUSDT,2025-12-02 04:00:00.000,5e-05,0.00093100,Regular
VTHOUSDT,2025-12-02 08:00:00.000,5e-05,0.00093000,Regular
VTHOUSDT,2025-12-02 12:00:00.004,4.459e-05,0.00093500,Regular
VTHOUSDT,2025-12-02 16:00:00.000,5e-05,0.00098600,Regular
VTHOUSDT,2025-12-02 20:00:00.000,5e-05,0.00099700,Regular
VTHOUSDT,2025-12-03 00:00:00.000,5e-05,0.00099533,Regular
VTHOUSDT,2025-12-03 04:00:00.004,5e-05,0.00100400,Regular
VTHOUSDT,2025-12-03 08:00:00.000,5e-05,0.00099879,Regular
VTHOUSDT,2025-12-03 12:00:00.001,5e-05,0.00099100,Regular
VTHOUSDT,2025-12-03 16:00:00.005,5e-05,0.00098699,Regular
VTHOUSDT,2025-12-03 20:00:00.002,5e-05,0.00098800,Regular
VTHOUSDT,2025-12-04 00:00:00.012,5e-05,0.00099500,Regular
VTHOUSDT,2025-12-04 04:00:00.000,5e-05,0.00099563,Regular
VTHOUSDT,2025-12-04 08:00:00.000,5e-05,0.00099235,Regular
VTHOUSDT,2025-12-04 12:00:00.005,5e-05,0.00098550,Regular
VTHOUSDT,2025-12-04 16:00:00.011,5e-05,0.00098434,Regular
VTHOUSDT,2025-12-04 20:00:00.000,5e-05,0.00097850,Regular
VTHOUSDT,2025-12-05 00:00:00.000,5e-05,0.00096900,Regular
VTHOUSDT,2025-12-05 04:00:00.000,-4.129e-05,0.00096650,Regular
VTHOUSDT,2025-12-05 08:00:00.000,5e-05,0.00097500,Regular
VTHOUSDT,2025-12-05 12:00:00.001,-0.00016765,0.00096800,Regular
VTHOUSDT,2025-12-05 16:00:00.010,2.653e-05,0.00094700,Regular
VTHOUSDT,2025-12-05 20:00:00.001,-8.19e-06,0.00093800,Regular
VTHOUSDT,2025-12-06 00:00:00.001,5e-05,0.00094300,Regular
VTHOUSDT,2025-12-06 04:00:00.000,5e-05,0.00093700,Regular
VTHOUSDT,2025-12-06 08:00:00.001,5e-05,0.00093553,Regular
VTHOUSDT,2025-12-06 12:00:00.000,5e-05,0.00093900,Regular
VTHOUSDT,2025-12-06 16:00:00.008,5e-05,0.00093233,Regular
VTHOUSDT,2025-12-06 20:00:00.000,5e-05,0.00093800,Regular
VTHOUSDT,2025-12-07 00:00:00.000,5e-05,0.00094326,Regular
VTHOUSDT,2025-12-07 04:00:00.000,5e-05,0.00094652,Regular
VTHOUSDT,2025-12-07 08:00:00.004,5e-05,0.00094450,Regular
VTHOUSDT,2025-12-07 12:00:00.004,5e-05,0.00092850,Regular
VTHOUSDT,2025-12-07 16:00:00.000,5e-05,0.00092900,Regular
VTHOUSDT,2025-12-07 20:00:00.000,3.604e-05,0.00094600,Regular
VTHOUSDT,2025-12-08 00:00:00.000,-1.139e-05,0.00092900,Regular
VTHOUSDT,2025-12-08 04:00:00.000,-1.742e-05,0.00093852,Regular
VTHOUSDT,2025-12-08 08:00:00.000,5e-05,0.00094653,Regular
VTHOUSDT,2025-12-08 12:00:00.001,5e-05,0.00095042,Regular
VTHOUSDT,2025-12-08 16:00:00.001,-1.8e-06,0.00096935,Regular
VTHOUSDT,2025-12-08 20:00:00.000,-0.00020809,0.00093900,Regular
VTHOUSDT,2025-12-09 00:00:00.001,-6.083e-05,0.00094800,Regular
VTHOUSDT,2025-12-09 04:00:00.004,-7.395e-05,0.00094650,Regular
VTHOUSDT,2025-12-09 08:00:00.001,-3.499e-05,0.00094300,Regular
VTHOUSDT,2025-12-09 12:00:00.000,2.235e-05,0.00094198,Regular
VTHOUSDT,2025-12-09 16:00:00.007,2.951e-05,0.00097800,Regular
VTHOUSDT,2025-12-09 20:00:00.001,4.487e-05,0.00101300,Regular
VTHOUSDT,2025-12-10 00:00:00.007,4.05e-05,0.00099700,Regular
VTHOUSDT,2025-12-10 04:00:00.012,5e-05,0.00098800,Regular
VTHOUSDT,2025-12-10 08:00:00.002,5e-05,0.00098251,Regular
VTHOUSDT,2025-12-10 12:00:00.000,5e-05,0.00096751,Regular
VTHOUSDT,2025-12-10 16:00:00.012,-2.575e-05,0.00097000,Regular
VTHOUSDT,2025-12-10 20:00:00.000,5e-05,0.00098800,Regular
VTHOUSDT,2025-12-11 00:00:00.001,5e-05,0.00095631,Regular
VTHOUSDT,2025-12-11 04:00:00.000,-6.05e-06,0.00091900,Regular
VTHOUSDT,2025-12-11 08:00:00.000,5e-05,0.00092324,Regular
VTHOUSDT,2025-12-11 12:00:00.000,5e-05,0.00092900,Regular
VTHOUSDT,2025-12-11 16:00:00.000,5e-05,0.00093200,Regular
VTHOUSDT,2025-12-11 20:00:00.001,-2.43e-05,0.00093253,Regular
VTHOUSDT,2025-12-12 00:00:00.005,5e-05,0.00094000,Regular
VTHOUSDT,2025-12-12 04:00:00.000,-2.089e-05,0.00094652,Regular
VTHOUSDT,2025-12-12 08:00:00.007,5e-05,0.00094760,Regular
VTHOUSDT,2025-12-12 12:00:00.000,5e-05,0.00094524,Regular
VTHOUSDT,2025-12-12 16:00:00.002,-4.329e-05,0.00091676,Regular
VTHOUSDT,2025-12-12 20:00:00.004,-3.25e-05,0.00091863,Regular
VTHOUSDT,2025-12-13 00:00:00.001,5e-05,0.00093951,Regular
VTHOUSDT,2025-12-13 04:00:00.006,5e-05,0.00095623,Regular
VTHOUSDT,2025-12-13 08:00:00.006,-8.576e-05,0.00094514,Regular
VTHOUSDT,2025-12-13 12:00:00.002,5e-05,0.00093750,Regular
VTHOUSDT,2025-12-13 16:00:00.000,5e-05,0.00093900,Regular
VTHOUSDT,2025-12-13 20:00:00.000,5e-05,0.00094300,Regular
VTHOUSDT,2025-12-14 00:00:00.000,5e-05,0.00094700,Regular
VTHOUSDT,2025-12-14 04:00:00.001,5e-05,0.00095653,Regular
VTHOUSDT,2025-12-14 08:00:00.003,5e-05,0.00095547,Regular
VTHOUSDT,2025-12-14 12:00:00.000,5e-05,0.00094000,Regular
VTHOUSDT,2025-12-14 16:00:00.005,5e-05,0.00093100,Regular
VTHOUSDT,2025-12-14 20:00:00.000,5e-05,0.00092500,Regular
VTHOUSDT,2025-12-15 00:00:00.000,5e-05,0.00092000,Regular
VTHOUSDT,2025-12-15 04:00:00.001,5e-05,0.00092900,Regular
VTHOUSDT,2025-12-15 08:00:00.000,5e-05,0.00092600,Regular
VTHOUSDT,2025-12-15 12:00:00.000,5e-05,0.00092343,Regular
VTHOUSDT,2025-12-15 16:00:00.000,5e-05,0.00088100,Regular
VTHOUSDT,2025-12-15 20:00:00.000,5e-05,0.00085152,Regular
VTHOUSDT,2025-12-16 00:00:00.002,5e-05,0.00086248,Regular
VTHOUSDT,2025-12-16 04:00:00.000,5e-05,0.00085400,Regular
VTHOUSDT,2025-12-16 08:00:00.000,5e-05,0.00084400,Regular
VTHOUSDT,2025-12-16 12:00:00.008,5e-05,0.00085552,Regular
VTHOUSDT,2025-12-16 16:00:00.002,5e-05,0.00084329,Regular
VTHOUSDT,2025-12-16 20:00:00.000,5e-05,0.00083800,Regular
VTHOUSDT,2025-12-17 00:00:00.004,5e-05,0.00084200,Regular
VTHOUSDT,2025-12-17 04:00:00.002,5e-05,0.00083100,Regular
VTHOUSDT,2025-12-17 08:00:00.000,5e-05,0.00083500,Regular
VTHOUSDT,2025-12-17 12:00:00.000,5e-05,0.00083404,Regular
VTHOUSDT,2025-12-17 16:00:00.000,5e-05,0.00081788,Regular
VTHOUSDT,2025-12-17 20:00:00.001,5e-05,0.00080100,Regular
VTHOUSDT,2025-12-18 00:00:00.005,5e-05,0.00080107,Regular
VTHOUSDT,2025-12-18 04:00:00.000,5e-05,0.00079352,Regular
VTHOUSDT,2025-12-18 08:00:00.007,5e-05,0.00078700,Regular
VTHOUSDT,2025-12-18 12:00:00.000,5e-05,0.00079400,Regular
VTHOUSDT,2025-12-18 16:00:00.001,5e-05,0.00080400,Regular
VTHOUSDT,2025-12-18 20:00:00.000,3.827e-05,0.00075807,Regular
VTHOUSDT,2025-12-19 00:00:00.000,5e-05,0.00076800,Regular
VTHOUSDT,2025-12-19 04:00:00.000,5e-05,0.00078247,Regular
VTHOUSDT,2025-12-19 08:00:00.001,5e-05,0.00079300,Regular
VTHOUSDT,2025-12-19 12:00:00.000,5e-05,0.00079500,Regular
VTHOUSDT,2025-12-19 16:00:00.000,5e-05,0.00079741,Regular
VTHOUSDT,2025-12-19 20:00:00.000,5e-05,0.00081556,Regular
VTHOUSDT,2025-12-20 00:00:00.005,5e-05,0.00082100,Regular
VTHOUSDT,2025-12-20 04:00:00.001,5e-05,0.00082300,Regular
VTHOUSDT,2025-12-20 08:00:00.000,5e-05,0.00082400,Regular
VTHOUSDT,2025-12-20 12:00:00.000,5e-05,0.00082400,Regular
VTHOUSDT,2025-12-20 16:00:00.002,5e-05,0.00082300,Regular
VTHOUSDT,2025-12-20 20:00:00.009,5e-05,0.00082100,Regular
VTHOUSDT,2025-12-21 00:00:00.000,5e-05,0.00081838,Regular
VTHOUSDT,2025-12-21 04:00:00.003,-0.00546826,0.00105918,Regular
VTHOUSDT,2025-12-21 08:00:00.009,-0.00580831,0.00106442,Regular
VTHOUSDT,2025-12-21 12:00:00.000,-0.00670191,0.00100400,Regular
VTHOUSDT,2025-12-21 16:00:00.000,-0.00474774,0.00096100,Regular
VTHOUSDT,2025-12-21 20:00:00.009,-0.00335851,0.00095824,Regular
VTHOUSDT,2025-12-22 00:00:00.000,-0.00448991,0.00093200,Regular
VTHOUSDT,2025-12-22 04:00:00.000,-0.00210915,0.00088100,Regular
VTHOUSDT,2025-12-22 08:00:00.005,-0.00193044,0.00089200,Regular
VTHOUSDT,2025-12-22 12:00:00.002,-0.00213473,0.00090220,Regular
VTHOUSDT,2025-12-22 16:00:00.009,-0.00161842,0.00090890,Regular
VTHOUSDT,2025-12-22 20:00:00.001,-0.00120587,0.00090433,Regular
VTHOUSDT,2025-12-23 00:00:00.000,-0.00080282,0.00093096,Regular
VTHOUSDT,2025-12-23 04:00:00.000,-0.00052213,0.00089110,Regular
VTHOUSDT,2025-12-23 08:00:00.000,-0.00029689,0.00087760,Regular
VTHOUSDT,2025-12-23 12:00:00.000,-0.00035035,0.00088740,Regular
VTHOUSDT,2025-12-23 16:00:00.001,-8.084e-05,0.00085099,Regular
VTHOUSDT,2025-12-23 20:00:00.005,-0.00040742,0.00084860,Regular
VTHOUSDT,2025-12-24 00:00:00.001,-0.00113373,0.00085660,Regular
VTHOUSDT,2025-12-24 04:00:00.000,-0.00028767,0.00082764,Regular
VTHOUSDT,2025-12-24 08:00:00.001,-0.00032603,0.00082140,Regular
VTHOUSDT,2025-12-24 12:00:00.002,-0.00044103,0.00081895,Regular
VTHOUSDT,2025-12-24 16:00:00.000,-1.886e-05,0.00081320,Regular
VTHOUSDT,2025-12-24 20:00:00.003,-0.00014977,0.00081900,Regular
VTHOUSDT,2025-12-25 00:00:00.000,-0.00016395,0.00082438,Regular
VTHOUSDT,2025-12-25 04:00:00.000,-0.00013812,0.00082634,Regular
VTHOUSDT,2025-12-25 08:00:00.001,-0.00011663,0.00082406,Regular
VTHOUSDT,2025-12-25 12:00:00.008,3.51e-06,0.00081108,Regular
VTHOUSDT,2025-12-25 16:00:00.005,-3.845e-05,0.00081892,Regular
VTHOUSDT,2025-12-25 20:00:00.001,-0.00020748,0.00081960,Regular
VTHOUSDT,2025-12-26 00:00:00.004,-0.00018929,0.00079826,Regular
VTHOUSDT,2025-12-26 04:00:00.005,-0.00012817,0.00079596,Regular
VTHOUSDT,2025-12-26 08:00:00.001,-0.00011721,0.00078880,Regular
VTHOUSDT,2025-12-26 12:00:00.000,-0.00017362,0.00078750,Regular
VTHOUSDT,2025-12-26 16:00:00.007,-0.00015303,0.00077490,Regular
VTHOUSDT,2025-12-26 20:00:00.000,-0.00019241,0.00078300,Regular
VTHOUSDT,2025-12-27 00:00:00.000,-0.00023294,0.00077815,Regular
VTHOUSDT,2025-12-27 04:00:00.000,-0.0001544,0.00077910,Regular
VTHOUSDT,2025-12-27 08:00:00.000,-0.00038819,0.00077740,Regular
VTHOUSDT,2025-12-27 12:00:00.000,-0.00026171,0.00077670,Regular
VTHOUSDT,2025-12-27 16:00:00.011,-0.00028944,0.00077386,Regular
VTHOUSDT,2025-12-27 20:00:00.003,-0.0002709,0.00077533,Regular
VTHOUSDT,2025-12-28 00:00:00.008,-0.00023115,0.00078273,Regular
VTHOUSDT,2025-12-28 04:00:00.000,-0.00011924,0.00077880,Regular
VTHOUSDT,2025-12-28 08:00:00.000,-0.00017737,0.00078800,Regular
VTHOUSDT,2025-12-28 12:00:00.010,-0.00019941,0.00078865,Regular
VTHOUSDT,2025-12-28 16:00:00.000,-0.00030779,0.00078855,Regular
VTHOUSDT,2025-12-28 20:00:00.002,-0.00023098,0.00077424,Regular
VTHOUSDT,2025-12-29 00:00:00.016,-0.00024886,0.00078640,Regular
VTHOUSDT,2025-12-29 04:00:00.000,-8.86e-06,0.00078260,Regular
VTHOUSDT,2025-12-29 08:00:00.001,-0.00012315,0.00078740,Regular
VTHOUSDT,2025-12-29 12:00:00.001,-0.00011025,0.00077460,Regular
VTHOUSDT,2025-12-29 16:00:00.000,-0.00016702,0.00076989,Regular
VTHOUSDT,2025-12-29 20:00:00.000,-0.00022559,0.00077140,Regular
VTHOUSDT,2025-12-30 00:00:00.005,-1.038e-05,0.00076615,Regular
VTHOUSDT,2025-12-30 04:00:00.012,-0.00029141,0.00076520,Regular
VTHOUSDT,2025-12-30 08:00:00.001,-7.648e-05,0.00076157,Regular
VTHOUSDT,2025-12-30 12:00:00.000,-5.1e-07,0.00077032,Regular
VTHOUSDT,2025-12-30 16:00:00.003,-4.341e-05,0.00076940,Regular
VTHOUSDT,2025-12-30 20:00:00.001,-9.537e-05,0.00076520,Regular
VTHOUSDT,2025-12-31 00:00:00.004,-6.406e-05,0.00077210,Regular
VTHOUSDT,2025-12-31 04:00:00.008,-0.00017954,0.00076269,Regular
VTHOUSDT,2025-12-31 08:00:00.001,-0.00020473,0.00075618,Regular
VTHOUSDT,2025-12-31 12:00:00.007,-0.0002609,0.00076460,Regular
VTHOUSDT,2025-12-31 16:00:00.001,-0.00029041,0.00075853,Regular
VTHOUSDT,2025-12-31 20:00:00.009,-0.00023312,0.00074570,Regular
VTHOUSDT,2026-01-01 00:00:00.008,-0.00018471,0.00074970,Regular
VTHOUSDT,2026-01-01 04:00:00.000,-0.00015146,0.00075840,Regular
VTHOUSDT,2026-01-01 08:00:00.002,-0.00068492,0.00075142,Regular
VTHOUSDT,2026-01-01 12:00:00.007,-0.00015181,0.00076300,Regular
VTHOUSDT,2026-01-01 16:00:00.001,-0.00018604,0.00077670,Regular
VTHOUSDT,2026-01-01 20:00:00.005,-0.00015178,0.00078222,Regular
VTHOUSDT,2026-01-02 00:00:00.006,-0.00019137,0.00079550,Regular
VTHOUSDT,2026-01-02 04:00:00.000,-2.604e-05,0.00079256,Regular
VTHOUSDT,2026-01-02 08:00:00.007,-0.00014578,0.00078731,Regular
VTHOUSDT,2026-01-02 12:00:00.000,-6.873e-05,0.00078620,Regular
VTHOUSDT,2026-01-02 16:00:00.000,-8.44e-05,0.00079120,Regular
VTHOUSDT,2026-01-02 20:00:00.000,-2.776e-05,0.00080310,Regular
VTHOUSDT,2026-01-03 00:00:00.001,4.932e-05,0.00081300,Regular
VTHOUSDT,2026-01-03 04:00:00.000,-0.00035056,0.00081515,Regular
VTHOUSDT,2026-01-03 08:00:00.000,-0.00010897,0.00078700,Regular
VTHOUSDT,2026-01-03 12:00:00.008,-0.00016784,0.00079544,Regular
VTHOUSDT,2026-01-03 16:00:00.000,-0.00015107,0.00079830,Regular
VTHOUSDT,2026-01-03 20:00:00.001,-0.00012081,0.00080106,Regular
VTHOUSDT,2026-01-04 00:00:00.000,-5.187e-05,0.00080440,Regular
VTHOUSDT,2026-01-04 04:00:00.000,-0.00016991,0.00081849,Regular
VTHOUSDT,2026-01-04 08:00:00.000,-0.00014834,0.00082350,Regular
VTHOUSDT,2026-01-04 12:00:00.001,-7.075e-05,0.00082945,Regular
VTHOUSDT,2026-01-04 16:00:00.001,-7.169e-05,0.00083920,Regular
VTHOUSDT,2026-01-04 20:00:00.002,-0.00013984,0.00083260,Regular
VTHOUSDT,2026-01-05 00:00:00.000,-4.069e-05,0.00083884,Regular
VTHOUSDT,2026-01-05 04:00:00.001,-0.00021411,0.00084250,Regular
VTHOUSDT,2026-01-05 08:00:00.000,-7.502e-05,0.00083260,Regular
VTHOUSDT,2026-01-05 12:00:00.000,-0.00016298,0.00082720,Regular
VTHOUSDT,2026-01-05 16:00:00.000,-0.00011345,0.00084620,Regular
VTHOUSDT,2026-01-05 20:00:00.000,3.453e-05,0.00085300,Regular
VTHOUSDT,2026-01-06 00:00:00.010,-1.024e-05,0.00085990,Regular
VTHOUSDT,2026-01-06 04:00:00.000,5e-05,0.00086540,Regular
VTHOUSDT,2026-01-06 08:00:00.000,5e-05,0.00085218,Regular
VTHOUSDT,2026-01-06 12:00:00.000,-5.385e-05,0.00086230,Regular
VTHOUSDT,2026-01-06 16:00:00.000,5e-05,0.00086750,Regular
VTHOUSDT,2026-01-06 20:00:00.002,-7.774e-05,0.00085183,Regular
VTHOUSDT,2026-01-07 00:00:00.001,5e-05,0.00086714,Regular
VTHOUSDT,2026-01-07 04:00:00.003,5e-05,0.00085360,Regular
VTHOUSDT,2026-01-07 08:00:00.001,5e-05,0.00086110,Regular
VTHOUSDT,2026-01-07 12:00:00.000,5e-05,0.00085300,Regular
VTHOUSDT,2026-01-07 16:00:00.001,1.813e-05,0.00083050,Regular
VTHOUSDT,2026-01-07 20:00:00.001,-1.033e-05,0.00083821,Regular
VTHOUSDT,2026-01-08 00:00:00.001,5e-05,0.00082860,Regular
VTHOUSDT,2026-01-08 04:00:00.000,-5.074e-05,0.00083110,Regular
VTHOUSDT,2026-01-08 08:00:00.000,-6.596e-05,0.00083360,Regular
VTHOUSDT,2026-01-08 12:00:00.002,-8.702e-05,0.00085436,Regular
VTHOUSDT,2026-01-08 16:00:00.000,-9.674e-05,0.00087658,Regular
VTHOUSDT,2026-01-08 20:00:00.000,-5.67e-05,0.00086990,Regular
VTHOUSDT,2026-01-09 00:00:00.003,-6.482e-05,0.00085780,Regular
VTHOUSDT,2026-01-09 04:00:00.000,-5.621e-05,0.00087016,Regular
VTHOUSDT,2026-01-09 08:00:00.000,-0.00010912,0.00086950,Regular
VTHOUSDT,2026-01-09 12:00:00.000,-2.244e-05,0.00086369,Regular
VTHOUSDT,2026-01-09 16:00:00.001,-2.5e-07,0.00085522,Regular
VTHOUSDT,2026-01-09 20:00:00.005,-4.483e-05,0.00084266,Regular
VTHOUSDT,2026-01-10 00:00:00.000,5e-05,0.00084975,Regular
VTHOUSDT,2026-01-10 04:00:00.000,5e-05,0.00084248,Regular
VTHOUSDT,2026-01-10 08:00:00.002,5e-05,0.00084622,Regular
VTHOUSDT,2026-01-10 12:00:00.000,5e-05,0.00085430,Regular
VTHOUSDT,2026-01-10 16:00:00.001,2.368e-05,0.00085300,Regular
VTHOUSDT,2026-01-10 20:00:00.014,4.298e-05,0.00085615,Regular
VTHOUSDT,2026-01-11 00:00:00.003,-6.27e-06,0.00084320,Regular
VTHOUSDT,2026-01-11 04:00:00.000,-8.576e-05,0.00084597,Regular
VTHOUSDT,2026-01-11 08:00:00.006,-0.00015099,0.00084670,Regular
VTHOUSDT,2026-01-11 12:00:00.000,-4.349e-05,0.00084800,Regular
VTHOUSDT,2026-01-11 16:00:00.000,-3.569e-05,0.00083240,Regular
VTHOUSDT,2026-01-11 20:00:00.002,5e-05,0.00083750,Regular
VTHOUSDT,2026-01-12 00:00:00.005,3.3e-06,0.00083170,Regular
VTHOUSDT,2026-01-12 04:00:00.008,-3.152e-05,0.00083780,Regular
VTHOUSDT,2026-01-12 08:00:00.000,-0.00011943,0.00082708,Regular
VTHOUSDT,2026-01-12 12:00:00.000,1.25e-06,0.00082009,Regular
VTHOUSDT,2026-01-12 16:00:00.000,1.498e-05,0.00082960,Regular
VTHOUSDT,2026-01-12 20:00:00.000,-7.363e-05,0.00082460,Regular
VTHOUSDT,2026-01-13 00:00:00.007,4.832e-05,0.00081580,Regular
VTHOUSDT,2026-01-13 04:00:00.000,-4.505e-05,0.00082245,Regular
VTHOUSDT,2026-01-13 08:00:00.009,-1.334e-05,0.00082930,Regular
VTHOUSDT,2026-01-13 12:00:00.000,5e-05,0.00083130,Regular
VTHOUSDT,2026-01-13 16:00:00.002,5e-05,0.00084263,Regular
VTHOUSDT,2026-01-13 20:00:00.003,5e-05,0.00085080,Regular
VTHOUSDT,2026-01-14 00:00:00.000,-2.769e-05,0.00086224,Regular
VTHOUSDT,2026-01-14 04:00:00.001,5e-05,0.00086316,Regular
VTHOUSDT,2026-01-14 08:00:00.001,2.479e-05,0.00085580,Regular
VTHOUSDT,2026-01-14 12:00:00.000,-2.739e-05,0.00086407,Regular
VTHOUSDT,2026-01-14 16:00:00.004,-5.288e-05,0.00087120,Regular
VTHOUSDT,2026-01-14 20:00:00.007,-1.387e-05,0.00086980,Regular
VTHOUSDT,2026-01-15 00:00:00.000,5e-05,0.00086430,Regular
VTHOUSDT,2026-01-15 04:00:00.008,-6.642e-05,0.00085215,Regular
VTHOUSDT,2026-01-15 08:00:00.004,1.653e-05,0.00086200,Regular
VTHOUSDT,2026-01-15 12:00:00.000,5e-05,0.00085910,Regular
VTHOUSDT,2026-01-15 16:00:00.002,-3.933e-05,0.00085245,Regular
VTHOUSDT,2026-01-15 20:00:00.000,-0.00015485,0.00083696,Regular
VTHOUSDT,2026-01-16 00:00:00.000,-0.00012168,0.00085002,Regular
VTHOUSDT,2026-01-16 04:00:00.000,2.47e-06,0.00084556,Regular
VTHOUSDT,2026-01-16 08:00:00.000,5e-05,0.00084803,Regular
VTHOUSDT,2026-01-16 12:00:00.001,-8.46e-06,0.00085928,Regular
VTHOUSDT,2026-01-16 16:00:00.001,-3.908e-05,0.00083875,Regular
VTHOUSDT,2026-01-16 20:00:00.003,5e-05,0.00084410,Regular
VTHOUSDT,2026-01-17 00:00:00.000,3.561e-05,0.00086904,Regular
VTHOUSDT,2026-01-17 04:00:00.000,5e-05,0.00086203,Regular
VTHOUSDT,2026-01-17 08:00:00.000,5e-05,0.00085750,Regular
VTHOUSDT,2026-01-17 12:00:00.000,5e-05,0.00085965,Regular
VTHOUSDT,2026-01-17 16:00:00.002,5e-05,0.00088088,Regular
VTHOUSDT,2026-01-17 20:00:00.002,5e-05,0.00087035,Regular
VTHOUSDT,2026-01-18 00:00:00.001,2.51e-05,0.00087260,Regular
VTHOUSDT,2026-01-18 04:00:00.002,3.379e-05,0.00086905,Regular
VTHOUSDT,2026-01-18 08:00:00.000,-3.069e-05,0.00086810,Regular
VTHOUSDT,2026-01-18 12:00:00.000,-4.197e-05,0.00086513,Regular
VTHOUSDT,2026-01-18 16:00:00.000,-4.9e-05,0.00086484,Regular
VTHOUSDT,2026-01-18 20:00:00.011,5e-05,0.00086770,Regular
VTHOUSDT,2026-01-19 00:00:00.007,-4.294e-05,0.00083030,Regular
VTHOUSDT,2026-01-19 04:00:00.002,-7.691e-05,0.00081742,Regular
VTHOUSDT,2026-01-19 08:00:00.007,-0.0001189,0.00080960,Regular
VTHOUSDT,2026-01-19 12:00:00.000,-2.601e-05,0.00080950,Regular
VTHOUSDT,2026-01-19 16:00:00.007,5.55e-06,0.00080630,Regular
VTHOUSDT,2026-01-19 20:00:00.000,5e-05,0.00081523,Regular
VTHOUSDT,2026-01-20 00:00:00.005,5e-05,0.00081181,Regular
VTHOUSDT,2026-01-20 04:00:00.008,5e-05,0.00080150,Regular
VTHOUSDT,2026-01-20 08:00:00.001,-0.00012324,0.00078429,Regular
VTHOUSDT,2026-01-20 12:00:00.007,5e-05,0.00078540,Regular
VTHOUSDT,2026-01-20 16:00:00.009,5e-05,0.00078059,Regular
VTHOUSDT,2026-01-20 20:00:00.002,5e-05,0.00076182,Regular
VTHOUSDT,2026-01-21 00:00:00.001,3.915e-05,0.00075963,Regular
VTHOUSDT,2026-01-21 04:00:00.009,4.15e-06,0.00078098,Regular
VTHOUSDT,2026-01-21 08:00:00.011,5e-05,0.00077741,Regular
VTHOUSDT,2026-01-21 12:00:00.000,5e-05,0.00077370,Regular
VTHOUSDT,2026-01-21 16:00:00.011,5e-05,0.00078680,Regular
VTHOUSDT,2026-01-21 20:00:00.000,5e-05,0.00078962,Regular
VTHOUSDT,2026-01-22 00:00:00.010,5e-05,0.00077629,Regular
VTHOUSDT,2026-01-22 04:00:00.011,5e-05,0.00077960,Regular
VTHOUSDT,2026-01-22 08:00:00.003,5e-05,0.00077810,Regular
VTHOUSDT,2026-01-22 12:00:00.000,5e-05,0.00077340,Regular
VTHOUSDT,2026-01-22 16:00:00.005,5e-05,0.00076100,Regular
VTHOUSDT,2026-01-22 20:00:00.000,5e-05,0.00076223,Regular
VTHOUSDT,2026-01-23 00:00:00.005,5e-05,0.00076189,Regular
VTHOUSDT,2026-01-23 04:00:00.000,5e-05,0.00076577,Regular
VTHOUSDT,2026-01-23 08:00:00.000,5e-05,0.00077137,Regular
VTHOUSDT,2026-01-23 12:00:00.002,5e-05,0.00077040,Regular
VTHOUSDT,2026-01-23 16:00:00.011,5e-05,0.00077280,Regular
VTHOUSDT,2026-01-23 20:00:00.000,5e-05,0.00077250,Regular
VTHOUSDT,2026-01-24 00:00:00.011,5e-05,0.00077780,Regular
VTHOUSDT,2026-01-24 04:00:00.008,5e-05,0.00078430,Regular
VTHOUSDT,2026-01-24 08:00:00.002,5e-05,0.00077784,Regular
VTHOUSDT,2026-01-24 12:00:00.000,5e-05,0.00078142,Regular
VTHOUSDT,2026-01-24 16:00:00.001,5e-05,0.00077545,Regular
VTHOUSDT,2026-01-24 20:00:00.008,5e-05,0.00077140,Regular
VTHOUSDT,2026-01-25 00:00:00.002,5e-05,0.00078510,Regular
VTHOUSDT,2026-01-25 04:00:00.000,5e-05,0.00078811,Regular
VTHOUSDT,2026-01-25 08:00:00.011,5e-05,0.00078912,Regular
VTHOUSDT,2026-01-25 12:00:00.000,5e-05,0.00078411,Regular
VTHOUSDT,2026-01-25 16:00:00.005,5e-05,0.00079090,Regular
VTHOUSDT,2026-01-25 20:00:00.001,-9.619e-05,0.00073918,Regular
VTHOUSDT,2026-01-26 00:00:00.000,5e-05,0.00075170,Regular
VTHOUSDT,2026-01-26 04:00:00.000,-4.48e-05,0.00075440,Regular
VTHOUSDT,2026-01-26 08:00:00.003,5e-05,0.00076550,Regular
VTHOUSDT,2026-01-26 12:00:00.000,5e-05,0.00076950,Regular
VTHOUSDT,2026-01-26 16:00:00.000,5e-05,0.00076920,Regular
VTHOUSDT,2026-01-26 20:00:00.000,5e-05,0.00076698,Regular
VTHOUSDT,2026-01-27 00:00:00.002,5e-05,0.00077139,Regular
VTHOUSDT,2026-01-27 04:00:00.002,5e-05,0.00077530,Regular
VTHOUSDT,2026-01-27 08:00:00.000,5e-05,0.00076664,Regular
VTHOUSDT,2026-01-27 12:00:00.006,5e-05,0.00075820,Regular
VTHOUSDT,2026-01-27 16:00:00.000,5e-05,0.00075761,Regular
VTHOUSDT,2026-01-27 20:00:00.000,5e-05,0.00076301,Regular
VTHOUSDT,2026-01-28 00:00:00.000,5e-05,0.00076637,Regular
VTHOUSDT,2026-01-28 04:00:00.008,5e-05,0.00076636,Regular
VTHOUSDT,2026-01-28 08:00:00.000,5e-05,0.00075410,Regular
VTHOUSDT,2026-01-28 12:00:00.005,5e-05,0.00076447,Regular
VTHOUSDT,2026-01-28 16:00:00.000,5e-05,0.00075318,Regular
VTHOUSDT,2026-01-28 20:00:00.004,5e-05,0.00075598,Regular
VTHOUSDT,2026-01-29 00:00:00.000,5e-05,0.00075530,Regular
VTHOUSDT,2026-01-29 04:00:00.000,5e-05,0.00073714,Regular
VTHOUSDT,2026-01-29 08:00:00.009,5e-05,0.00073730,Regular
VTHOUSDT,2026-01-29 12:00:00.000,5e-05,0.00072860,Regular
VTHOUSDT,2026-01-29 16:00:00.000,1.169e-05,0.00071040,Regular
VTHOUSDT,2026-01-29 20:00:00.004,5e-05,0.00070160,Regular
VTHOUSDT,2026-01-30 00:00:00.008,-3.17e-06,0.00071030,Regular
VTHOUSDT,2026-01-30 04:00:00.005,5e-05,0.00069270,Regular
VTHOUSDT,2026-01-30 08:00:00.000,5e-05,0.00069860,Regular
VTHOUSDT,2026-01-30 12:00:00.005,5e-05,0.00070328,Regular
VTHOUSDT,2026-01-30 16:00:00.001,5e-05,0.00070490,Regular
VTHOUSDT,2026-01-30 20:00:00.004,5e-05,0.00070853,Regular
VTHOUSDT,2026-01-31 00:00:00.000,5e-05,0.00070418,Regular
VTHOUSDT,2026-01-31 04:00:00.002,5e-05,0.00070306,Regular
VTHOUSDT,2026-01-31 08:00:00.001,5e-05,0.00069916,Regular
VTHOUSDT,2026-01-31 12:00:00.010,5e-05,0.00068430,Regular
VTHOUSDT,2026-01-31 16:00:00.009,4.027e-05,0.00065400,Regular
VTHOUSDT,2026-01-31 20:00:00.012,1.911e-05,0.00062800,Regular
VTHOUSDT,2026-02-01 00:00:00.001,5e-05,0.00065215,Regular
VTHOUSDT,2026-02-01 04:00:00.000,5e-05,0.00065692,Regular
VTHOUSDT,2026-02-01 08:00:00.004,5e-05,0.00066340,Regular
VTHOUSDT,2026-02-01 12:00:00.004,-4.259e-05,0.00065950,Regular
VTHOUSDT,2026-02-01 16:00:00.000,-3.785e-05,0.00065071,Regular
VTHOUSDT,2026-02-01 20:00:00.004,5e-05,0.00065374,Regular
VTHOUSDT,2026-02-02 00:00:00.000,5e-05,0.00064594,Regular
VTHOUSDT,2026-02-02 04:00:00.000,-1.238e-05,0.00064680,Regular
VTHOUSDT,2026-02-02 08:00:00.014,3.253e-05,0.00064648,Regular
VTHOUSDT,2026-02-02 12:00:00.009,5e-05,0.00065500,Regular
VTHOUSDT,2026-02-02 16:00:00.000,2.615e-05,0.00067760,Regular
VTHOUSDT,2026-02-02 20:00:00.000,5e-05,0.00066990,Regular
VTHOUSDT,2026-02-03 00:00:00.000,5e-05,0.00066960,Regular
VTHOUSDT,2026-02-03 04:00:00.001,2.403e-05,0.00067030,Regular
VTHOUSDT,2026-02-03 08:00:00.007,5e-05,0.00068188,Regular
VTHOUSDT,2026-02-03 12:00:00.006,5e-05,0.00067790,Regular
VTHOUSDT,2026-02-03 16:00:00.000,5e-05,0.00068152,Regular
VTHOUSDT,2026-02-03 20:00:00.009,5.55e-06,0.00066960,Regular
VTHOUSDT,2026-02-04 00:00:00.002,5e-05,0.00066780,Regular
VTHOUSDT,2026-02-04 04:00:00.004,5e-05,0.00067295,Regular
VTHOUSDT,2026-02-04 08:00:00.007,5e-05,0.00067151,Regular
VTHOUSDT,2026-02-04 12:00:00.010,5e-05,0.00066447,Regular
VTHOUSDT,2026-02-04 16:00:00.000,4.474e-05,0.00064287,Regular
VTHOUSDT,2026-02-04 20:00:00.001,5e-05,0.00066260,Regular
VTHOUSDT,2026-02-05 00:00:00.011,5e-05,0.00065320,Regular
VTHOUSDT,2026-02-05 04:00:00.001,5e-05,0.00063960,Regular
VTHOUSDT,2026-02-05 08:00:00.000,3.424e-05,0.00063160,Regular
VTHOUSDT,2026-02-05 12:00:00.006,-3.552e-05,0.00061570,Regular
VTHOUSDT,2026-02-05 16:00:00.007,3.351e-05,0.00058950,Regular
VTHOUSDT,2026-02-05 20:00:00.000,5e-05,0.00056715,Regular
VTHOUSDT,2026-02-06 00:00:00.000,5e-05,0.00054250,Regular
VTHOUSDT,2026-02-06 04:00:00.001,5e-05,0.00054530,Regular
VTHOUSDT,2026-02-06 08:00:00.001,5e-05,0.00055590,Regular
VTHOUSDT,2026-02-06 12:00:00.003,5e-05,0.00057430,Regular
VTHOUSDT,2026-02-06 16:00:00.000,5e-05,0.00059480,Regular
VTHOUSDT,2026-02-06 20:00:00.005,5e-05,0.00060622,Regular
VTHOUSDT,2026-02-07 00:00:00.003,5e-05,0.00061120,Regular
VTHOUSDT,2026-02-07 04:00:00.024,5e-05,0.00061280,Regular
VTHOUSDT,2026-02-07 08:00:00.000,5e-05,0.00058543,Regular
VTHOUSDT,2026-02-07 12:00:00.007,5e-05,0.00059184,Regular
VTHOUSDT,2026-02-07 16:00:00.010,5e-05,0.00060302,Regular
VTHOUSDT,2026-02-07 20:00:00.000,5e-05,0.00060770,Regular
VTHOUSDT,2026-02-08 00:00:00.003,5e-05,0.00060507,Regular
VTHOUSDT,2026-02-08 04:00:00.002,5e-05,0.00059858,Regular
VTHOUSDT,2026-02-08 08:00:00.000,5e-05,0.00059461,Regular
VTHOUSDT,2026-02-08 12:00:00.005,5e-05,0.00060180,Regular
VTHOUSDT,2026-02-08 16:00:00.000,5e-05,0.00059660,Regular
VTHOUSDT,2026-02-08 20:00:00.000,5e-05,0.00059469,Regular
VTHOUSDT,2026-02-09 00:00:00.002,5e-05,0.00058053,Regular
VTHOUSDT,2026-02-09 04:00:00.012,5e-05,0.00059516,Regular
VTHOUSDT,2026-02-09 08:00:00.001,5e-05,0.00058410,Regular
VTHOUSDT,2026-02-09 12:00:00.003,5e-05,0.00056960,Regular
VTHOUSDT,2026-02-09 16:00:00.007,5e-05,0.00058000,Regular
VTHOUSDT,2026-02-09 20:00:00.006,5e-05,0.00058620,Regular
VTHOUSDT,2026-02-10 00:00:00.000,5e-05,0.00058072,Regular
VTHOUSDT,2026-02-10 04:00:00.000,5e-05,0.00057320,Regular
VTHOUSDT,2026-02-10 08:00:00.007,5e-05,0.00056274,Regular
VTHOUSDT,2026-02-10 12:00:00.000,5e-05,0.00055950,Regular
VTHOUSDT,2026-02-10 16:00:00.000,5e-05,0.00056020,Regular
VTHOUSDT,2026-02-10 20:00:00.007,5e-05,0.00055930,Regular
VTHOUSDT,2026-02-11 00:00:00.000,5e-05,0.00056020,Regular
VTHOUSDT,2026-02-11 04:00:00.000,5e-05,0.00055830,Regular
VTHOUSDT,2026-02-11 08:00:00.006,5e-05,0.00054008,Regular
VTHOUSDT,2026-02-11 12:00:00.000,5e-05,0.00054090,Regular
VTHOUSDT,2026-02-11 16:00:00.000,5e-05,0.00054206,Regular
VTHOUSDT,2026-02-11 20:00:00.003,5e-05,0.00055062,Regular
VTHOUSDT,2026-02-12 00:00:00.000,5e-05,0.00055575,Regular
VTHOUSDT,2026-02-12 04:00:00.000,-0.00194167,0.00065380,Regular
VTHOUSDT,2026-02-12 08:00:00.001,-0.00175552,0.00063880,Regular
VTHOUSDT,2026-02-12 12:00:00.002,-0.00126243,0.00061996,Regular
VTHOUSDT,2026-02-12 16:00:00.001,-0.00122014,0.00060380,Regular
VTHOUSDT,2026-02-12 20:00:00.006,-0.00223768,0.00061270,Regular
VTHOUSDT,2026-02-13 00:00:00.007,-0.0005607,0.00060082,Regular
VTHOUSDT,2026-02-13 04:00:00.000,-0.00029431,0.00058950,Regular
VTHOUSDT,2026-02-13 08:00:00.003,-0.00019506,0.00059070,Regular
VTHOUSDT,2026-02-13 12:00:00.000,-0.00015761,0.00059450,Regular
VTHOUSDT,2026-02-13 16:00:00.005,-0.00020174,0.00061982,Regular
VTHOUSDT,2026-02-13 20:00:00.006,-0.0001375,0.00062310,Regular
VTHOUSDT,2026-02-14 00:00:00.002,-0.00013812,0.00062084,Regular
VTHOUSDT,2026-02-14 04:00:00.007,-8.004e-05,0.00061940,Regular
VTHOUSDT,2026-02-14 08:00:00.004,3.84e-05,0.00062150,Regular
VTHOUSDT,2026-02-14 12:00:00.000,-6.212e-05,0.00062651,Regular
VTHOUSDT,2026-02-14 16:00:00.002,-3.161e-05,0.00062734,Regular
VTHOUSDT,2026-02-14 20:00:00.000,2.876e-05,0.00063646,Regular
VTHOUSDT,2026-02-15 00:00:00.000,-3.64e-05,0.00063647,Regular
VTHOUSDT,2026-02-15 04:00:00.000,-6.929e-05,0.00063880,Regular
VTHOUSDT,2026-02-15 08:00:00.002,-1.25e-05,0.00064265,Regular
VTHOUSDT,2026-02-15 12:00:00.005,5e-05,0.00062817,Regular
VTHOUSDT,2026-02-15 16:00:00.000,-2.525e-05,0.00061680,Regular
VTHOUSDT,2026-02-15 20:00:00.009,-4.89e-06,0.00060718,Regular
VTHOUSDT,2026-02-16 00:00:00.001,5e-05,0.00061341,Regular
VTHOUSDT,2026-02-16 04:00:00.004,5e-05,0.00061180,Regular
VTHOUSDT,2026-02-16 08:00:00.003,5e-05,0.00061180,Regular
VTHOUSDT,2026-02-16 12:00:00.000,-0.00012107,0.00061656,Regular
VTHOUSDT,2026-02-16 16:00:00.000,5e-05,0.00061225,Regular
VTHOUSDT,2026-02-16 20:00:00.009,5e-05,0.00062060,Regular
VTHOUSDT,2026-02-17 00:00:00.008,5e-05,0.00062176,Regular
VTHOUSDT,2026-02-17 04:00:00.003,5e-05,0.00062130,Regular
VTHOUSDT,2026-02-17 08:00:00.001,5e-05,0.00061670,Regular
VTHOUSDT,2026-02-17 12:00:00.000,5e-05,0.00061310,Regular
VTHOUSDT,2026-02-17 16:00:00.002,5e-05,0.00061217,Regular
VTHOUSDT,2026-02-17 20:00:00.002,5e-05,0.00061130,Regular
VTHOUSDT,2026-02-18 00:00:00.000,5e-05,0.00060920,Regular
VTHOUSDT,2026-02-18 04:00:00.000,5e-05,0.00061323,Regular
VTHOUSDT,2026-02-18 08:00:00.000,5e-05,0.00061900,Regular
VTHOUSDT,2026-02-18 12:00:00.007,5e-05,0.00061100,Regular
VTHOUSDT,2026-02-18 16:00:00.011,5e-05,0.00061010,Regular
VTHOUSDT,2026-02-18 20:00:00.004,-1.82e-05,0.00059590,Regular
VTHOUSDT,2026-02-19 00:00:00.013,-2.87e-06,0.00059800,Regular
VTHOUSDT,2026-02-19 04:00:00.003,5e-05,0.00060086,Regular
VTHOUSDT,2026-02-19 08:00:00.000,5e-05,0.00060035,Regular
VTHOUSDT,2026-02-19 12:00:00.011,5e-05,0.00058948,Regular
VTHOUSDT,2026-02-19 16:00:00.003,-0.00015443,0.00057846,Regular
VTHOUSDT,2026-02-19 20:00:00.000,-7.304e-05,0.00059049,Regular
VTHOUSDT,2026-02-20 00:00:00.000,5e-05,0.00059200,Regular
VTHOUSDT,2026-02-20 04:00:00.003,5e-05,0.00059373,Regular
VTHOUSDT,2026-02-20 08:00:00.000,5e-05,0.00059424,Regular
VTHOUSDT,2026-02-20 12:00:00.000,5e-05,0.00059190,Regular
VTHOUSDT,2026-02-20 16:00:00.000,5e-05,0.00059788,Regular
VTHOUSDT,2026-02-20 20:00:00.000,5e-05,0.00059600,Regular
VTHOUSDT,2026-02-21 00:00:00.004,5e-05,0.00059907,Regular
VTHOUSDT,2026-02-21 04:00:00.000,1.658e-05,0.00059970,Regular
VTHOUSDT,2026-02-21 08:00:00.000,5e-05,0.00060151,Regular
VTHOUSDT,2026-02-21 12:00:00.013,5e-05,0.00060703,Regular
VTHOUSDT,2026-02-21 16:00:00.005,5e-05,0.00060207,Regular
VTHOUSDT,2026-02-21 20:00:00.000,5e-05,0.00059520,Regular
VTHOUSDT,2026-02-22 00:00:00.001,-4.756e-05,0.00058985,Regular
VTHOUSDT,2026-02-22 04:00:00.008,-0.00416747,0.00066803,Regular
VTHOUSDT,2026-02-22 08:00:00.004,-0.00415076,0.00065726,Regular
VTHOUSDT,2026-02-22 12:00:00.008,-0.00240772,0.00061716,Regular
VTHOUSDT,2026-02-22 16:00:00.000,-0.00220756,0.00061938,Regular
VTHOUSDT,2026-02-22 20:00:00.000,-0.00112645,0.00061025,Regular
VTHOUSDT,2026-02-23 00:00:00.001,-0.00299845,0.00061084,Regular
VTHOUSDT,2026-02-23 04:00:00.000,-0.00100668,0.00057607,Regular
VTHOUSDT,2026-02-23 08:00:00.000,-0.00070163,0.00059842,Regular
VTHOUSDT,2026-02-23 12:00:00.003,-0.00041078,0.00060522,Regular
VTHOUSDT,2026-02-23 16:00:00.000,-0.00031891,0.00061260,Regular
VTHOUSDT,2026-02-23 20:00:00.000,-0.00032682,0.00061880,Regular
VTHOUSDT,2026-02-24 00:00:00.007,-0.00014831,0.00061050,Regular
VTHOUSDT,2026-02-24 04:00:00.000,-0.00033576,0.00059754,Regular
VTHOUSDT,2026-02-24 08:00:00.000,-0.00027383,0.00058590,Regular
VTHOUSDT,2026-02-24 12:00:00.000,-0.000119,0.00058940,Regular
VTHOUSDT,2026-02-24 16:00:00.001,-0.0001237,0.00059140,Regular
VTHOUSDT,2026-02-24 20:00:00.002,-0.0001207,0.00058821,Regular
VTHOUSDT,2026-02-25 00:00:00.001,-0.00024579,0.00057810,Regular
VTHOUSDT,2026-02-25 04:00:00.000,-2.723e-05,0.00058276,Regular
VTHOUSDT,2026-02-25 08:00:00.007,-5.91e-06,0.00059178,Regular
VTHOUSDT,2026-02-25 12:00:00.000,1.318e-05,0.00059824,Regular
VTHOUSDT,2026-02-25 16:00:00.000,5e-05,0.00060817,Regular
VTHOUSDT,2026-02-25 20:00:00.006,5e-05,0.00061820,Regular
VTHOUSDT,2026-02-26 00:00:00.000,-0.00010081,0.00060846,Regular
VTHOUSDT,2026-02-26 04:00:00.000,5e-05,0.00060485,Regular
VTHOUSDT,2026-02-26 08:00:00.006,5e-05,0.00059970,Regular
VTHOUSDT,2026-02-26 12:00:00.004,1.114e-05,0.00059105,Regular
VTHOUSDT,2026-02-26 16:00:00.002,-2.121e-05,0.00059030,Regular
VTHOUSDT,2026-02-26 20:00:00.001,-3.447e-05,0.00059470,Regular
VTHOUSDT,2026-02-27 00:00:00.007,5e-05,0.00059362,Regular
VTHOUSDT,2026-02-27 04:00:00.000,5e-05,0.00059540,Regular
VTHOUSDT,2026-02-27 08:00:00.000,5e-05,0.00059883,Regular
VTHOUSDT,2026-02-27 12:00:00.000,3.434e-05,0.00058810,Regular
VTHOUSDT,2026-02-27 16:00:00.001,5e-05,0.00059784,Regular
VTHOUSDT,2026-02-27 20:00:00.007,5.35e-06,0.00059463,Regular
VTHOUSDT,2026-02-28 00:00:00.000,5e-05,0.00059511,Regular
VTHOUSDT,2026-02-28 04:00:00.002,-3.427e-05,0.00058560,Regular
VTHOUSDT,2026-02-28 08:00:00.000,-0.0001103,0.00056420,Regular
VTHOUSDT,2026-02-28 12:00:00.001,-0.00018631,0.00055940,Regular
VTHOUSDT,2026-02-28 16:00:00.004,-0.00015235,0.00056950,Regular
VTHOUSDT,2026-02-28 20:00:00.000,-3.82e-05,0.00058515,Regular
VTHOUSDT,2026-03-01 00:00:00.005,-4.106e-05,0.00060150,Regular
VTHOUSDT,2026-03-01 04:00:00.000,-2.445e-05,0.00060320,Regular
VTHOUSDT,2026-03-01 08:00:00.000,1.207e-05,0.00060400,Regular
VTHOUSDT,2026-03-01 12:00:00.000,3.38e-06,0.00059870,Regular
VTHOUSDT,2026-03-01 16:00:00.002,5e-05,0.00059874,Regular
VTHOUSDT,2026-03-01 20:00:00.001,-2.15e-06,0.00059039,Regular
VTHOUSDT,2026-03-02 00:00:00.001,5e-05,0.00059610,Regular
VTHOUSDT,2026-03-02 04:00:00.001,5e-05,0.00059980,Regular
VTHOUSDT,2026-03-02 08:00:00.007,5e-05,0.00058950,Regular
VTHOUSDT,2026-03-02 12:00:00.002,5e-05,0.00059530,Regular
VTHOUSDT,2026-03-02 16:00:00.000,5e-05,0.00060940,Regular
VTHOUSDT,2026-03-02 20:00:00.000,5e-05,0.00059990,Regular
VTHOUSDT,2026-03-03 00:00:00.000,5e-05,0.00059370,Regular
VTHOUSDT,2026-03-03 04:00:00.009,5e-05,0.00058470,Regular
VTHOUSDT,2026-03-03 08:00:00.000,5e-05,0.00058125,Regular
VTHOUSDT,2026-03-03 12:00:00.017,5e-05,0.00057854,Regular
VTHOUSDT,2026-03-03 16:00:00.007,5e-05,0.00058650,Regular
VTHOUSDT,2026-03-03 20:00:00.000,5e-05,0.00059018,Regular
VTHOUSDT,2026-03-04 00:00:00.001,5e-05,0.00058810,Regular
VTHOUSDT,2026-03-04 04:00:00.000,5e-05,0.00058250,Regular
VTHOUSDT,2026-03-04 08:00:00.005,5e-05,0.00058809,Regular
VTHOUSDT,2026-03-04 12:00:00.008,5e-05,0.00059629,Regular
VTHOUSDT,2026-03-04 16:00:00.000,5e-05,0.00061090,Regular
VTHOUSDT,2026-03-04 20:00:00.000,4.615e-05,0.00060934,Regular
VTHOUSDT,2026-03-05 00:00:00.000,5e-05,0.00060134,Regular
VTHOUSDT,2026-03-05 04:00:00.000,5e-05,0.00060245,Regular
VTHOUSDT,2026-03-05 08:00:00.000,-7.59e-06,0.00059657,Regular
VTHOUSDT,2026-03-05 12:00:00.000,5e-05,0.00060352,Regular
VTHOUSDT,2026-03-05 16:00:00.004,-3.261e-05,0.00059331,Regular
VTHOUSDT,2026-03-05 20:00:00.000,4.502e-05,0.00058843,Regular
VTHOUSDT,2026-03-06 00:00:00.001,5e-05,0.00058711,Regular
VTHOUSDT,2026-03-06 04:00:00.003,5e-05,0.00059084,Regular
VTHOUSDT,2026-03-06 08:00:00.001,5e-05,0.00059745,Regular
VTHOUSDT,2026-03-06 12:00:00.005,-1.49e-06,0.00058678,Regular
VTHOUSDT,2026-03-06 16:00:00.004,-4.978e-05,0.00057508,Regular
VTHOUSDT,2026-03-06 20:00:00.010,2.34e-06,0.00057652,Regular
VTHOUSDT,2026-03-07 00:00:00.001,4.061e-05,0.00057700,Regular
VTHOUSDT,2026-03-07 04:00:00.006,-0.00025039,0.00057382,Regular
VTHOUSDT,2026-03-07 08:00:00.012,-0.0002049,0.00057231,Regular
VTHOUSDT,2026-03-07 12:00:00.000,-4.21e-06,0.00057535,Regular
VTHOUSDT,2026-03-07 16:00:00.001,-3.553e-05,0.00057255,Regular
VTHOUSDT,2026-03-07 20:00:00.000,-4.161e-05,0.00056862,Regular
VTHOUSDT,2026-03-08 00:00:00.001,2.122e-05,0.00057080,Regular
VTHOUSDT,2026-03-08 04:00:00.010,-0.00013638,0.00056702,Regular
VTHOUSDT,2026-03-08 08:00:00.000,-7.303e-05,0.00056980,Regular
VTHOUSDT,2026-03-08 12:00:00.002,-4.318e-05,0.00057076,Regular
VTHOUSDT,2026-03-08 16:00:00.002,-0.00015522,0.00056320,Regular
VTHOUSDT,2026-03-08 20:00:00.000,-4.354e-05,0.00056803,Regular
VTHOUSDT,2026-03-09 00:00:00.000,-4.624e-05,0.00056313,Regular
VTHOUSDT,2026-03-09 04:00:00.006,-8.849e-05,0.00057360,Regular
VTHOUSDT,2026-03-09 08:00:00.004,5e-05,0.00057562,Regular
VTHOUSDT,2026-03-09 12:00:00.001,-8.721e-05,0.00057294,Regular
VTHOUSDT,2026-03-09 16:00:00.003,3.086e-05,0.00057920,Regular
VTHOUSDT,2026-03-09 20:00:00.000,-6.551e-05,0.00057970,Regular
VTHOUSDT,2026-03-10 00:00:00.012,5e-05,0.00057479,Regular
VTHOUSDT,2026-03-10 04:00:00.000,-4.15e-05,0.00057820,Regular
VTHOUSDT,2026-03-10 08:00:00.002,5e-05,0.00058290,Regular
VTHOUSDT,2026-03-10 12:00:00.004,5e-05,0.00058250,Regular
VTHOUSDT,2026-03-10 16:00:00.001,5e-05,0.00059052,Regular
VTHOUSDT,2026-03-10 20:00:00.004,5.15e-06,0.00058031,Regular
VTHOUSDT,2026-03-11 00:00:00.000,-4.794e-05,0.00058267,Regular
VTHOUSDT,2026-03-11 04:00:00.000,-0.00329172,0.00062784,Regular
VTHOUSDT,2026-03-11 08:00:00.007,-0.00075454,0.00061669,Regular
VTHOUSDT,2026-03-11 12:00:00.003,-0.0003099,0.00059140,Regular
VTHOUSDT,2026-03-11 16:00:00.010,-0.00010197,0.00059447,Regular
VTHOUSDT,2026-03-11 20:00:00.004,-4.748e-05,0.00059352,Regular
VTHOUSDT,2026-03-12 00:00:00.000,-5.71e-06,0.00059171,Regular
VTHOUSDT,2026-03-12 04:00:00.001,3.706e-05,0.00058358,Regular
VTHOUSDT,2026-03-12 08:00:00.000,1.306e-05,0.00058134,Regular
VTHOUSDT,2026-03-12 12:00:00.006,5e-05,0.00058320,Regular
VTHOUSDT,2026-03-12 16:00:00.000,5e-05,0.00058982,Regular
VTHOUSDT,2026-03-12 20:00:00.006,5e-05,0.00059220,Regular
VTHOUSDT,2026-03-13 00:00:00.006,5e-05,0.00059066,Regular
VTHOUSDT,2026-03-13 04:00:00.005,5e-05,0.00059770,Regular
VTHOUSDT,2026-03-13 08:00:00.001,5e-05,0.00059350,Regular
VTHOUSDT,2026-03-13 12:00:00.003,5e-05,0.00059450,Regular
VTHOUSDT,2026-03-13 16:00:00.000,5e-05,0.00059670,Regular
VTHOUSDT,2026-03-13 20:00:00.000,5e-05,0.00059330,Regular
VTHOUSDT,2026-03-14 00:00:00.001,5e-05,0.00058850,Regular
VTHOUSDT,2026-03-14 04:00:00.002,5e-05,0.00058751,Regular
VTHOUSDT,2026-03-14 08:00:00.000,5e-05,0.00058032,Regular
VTHOUSDT,2026-03-14 12:00:00.000,5e-05,0.00058200,Regular
VTHOUSDT,2026-03-14 16:00:00.007,5e-05,0.00058018,Regular
VTHOUSDT,2026-03-14 20:00:00.000,5e-05,0.00057910,Regular
VTHOUSDT,2026-03-15 00:00:00.000,5e-05,0.00058236,Regular
VTHOUSDT,2026-03-15 04:00:00.000,5e-05,0.00058540,Regular
VTHOUSDT,2026-03-15 08:00:00.000,5e-05,0.00058780,Regular
VTHOUSDT,2026-03-15 12:00:00.002,5e-05,0.00059950,Regular
VTHOUSDT,2026-03-15 16:00:00.000,5e-05,0.00059140,Regular
VTHOUSDT,2026-03-15 20:00:00.000,5e-05,0.00059326,Regular
VTHOUSDT,2026-03-16 00:00:00.000,5e-05,0.00059651,Regular
VTHOUSDT,2026-03-16 04:00:00.006,5e-05,0.00059968,Regular
VTHOUSDT,2026-03-16 08:00:00.010,5e-05,0.00060102,Regular
VTHOUSDT,2026-03-16 12:00:00.002,5e-05,0.00061244,Regular
VTHOUSDT,2026-03-16 16:00:00.000,5e-05,0.00061520,Regular
VTHOUSDT,2026-03-16 20:00:00.001,5e-05,0.00061640,Regular
VTHOUSDT,2026-03-17 00:00:00.000,5e-05,0.00062093,Regular
VTHOUSDT,2026-03-17 04:00:00.008,5e-05,0.00061672,Regular
VTHOUSDT,2026-03-17 08:00:00.002,5e-05,0.00061819,Regular
VTHOUSDT,2026-03-17 12:00:00.012,5e-05,0.00063520,Regular
VTHOUSDT,2026-03-17 16:00:00.011,5e-05,0.00062717,Regular
VTHOUSDT,2026-03-17 20:00:00.000,5e-05,0.00063050,Regular
VTHOUSDT,2026-03-18 00:00:00.002,5e-05,0.00062953,Regular
VTHOUSDT,2026-03-18 04:00:00.000,5e-05,0.00062560,Regular
VTHOUSDT,2026-03-18 08:00:00.002,5e-05,0.00062500,Regular
VTHOUSDT,2026-03-18 12:00:00.001,5e-05,0.00061020,Regular
VTHOUSDT,2026-03-18 16:00:00.005,5e-05,0.00060017,Regular
VTHOUSDT,2026-03-18 20:00:00.008,5e-05,0.00059888,Regular
VTHOUSDT,2026-03-19 00:00:00.000,5e-05,0.00060430,Regular
VTHOUSDT,2026-03-19 04:00:00.000,5e-05,0.00060080,Regular
VTHOUSDT,2026-03-19 08:00:00.003,5e-05,0.00059600,Regular
VTHOUSDT,2026-03-19 12:00:00.002,5e-05,0.00059890,Regular
VTHOUSDT,2026-03-19 16:00:00.003,5e-05,0.00058979,Regular
VTHOUSDT,2026-03-19 20:00:00.000,5e-05,0.00058947,Regular
VTHOUSDT,2026-03-20 00:00:00.002,5e-05,0.00058540,Regular
VTHOUSDT,2026-03-20 04:00:00.008,5e-05,0.00059320,Regular
VTHOUSDT,2026-03-20 08:00:00.000,5e-05,0.00059021,Regular
VTHOUSDT,2026-03-20 12:00:00.000,5e-05,0.00059105,Regular
VTHOUSDT,2026-03-20 16:00:00.000,5e-05,0.00058760,Regular
VTHOUSDT,2026-03-20 20:00:00.007,5e-05,0.00059500,Regular
VTHOUSDT,2026-03-21 00:00:00.000,5e-05,0.00060324,Regular
VTHOUSDT,2026-03-21 04:00:00.002,5e-05,0.00060740,Regular
VTHOUSDT,2026-03-21 08:00:00.000,5e-05,0.00060760,Regular
VTHOUSDT,2026-03-21 12:00:00.003,5e-05,0.00060285,Regular
VTHOUSDT,2026-03-21 16:00:00.014,5e-05,0.00061000,Regular
VTHOUSDT,2026-03-21 20:00:00.000,5e-05,0.00060820,Regular
VTHOUSDT,2026-03-22 00:00:00.012,5e-05,0.00059220,Regular
VTHOUSDT,2026-03-22 04:00:00.003,5e-05,0.00059410,Regular
VTHOUSDT,2026-03-22 08:00:00.007,5e-05,0.00059310,Regular
VTHOUSDT,2026-03-22 12:00:00.000,5e-05,0.00058646,Regular
VTHOUSDT,2026-03-22 16:00:00.002,5e-05,0.00058729,Regular
VTHOUSDT,2026-03-22 20:00:00.000,5e-05,0.00058030,Regular
VTHOUSDT,2026-03-23 00:00:00.000,5e-05,0.00058163,Regular
VTHOUSDT,2026-03-23 04:00:00.000,5e-05,0.00058054,Regular
VTHOUSDT,2026-03-23 08:00:00.003,5e-05,0.00057540,Regular
VTHOUSDT,2026-03-23 12:00:00.000,5e-05,0.00059442,Regular
VTHOUSDT,2026-03-23 16:00:00.002,5e-05,0.00059892,Regular
VTHOUSDT,2026-03-23 20:00:00.000,5e-05,0.00059540,Regular
VTHOUSDT,2026-03-24 00:00:00.000,5e-05,0.00059555,Regular
VTHOUSDT,2026-03-24 04:00:00.001,5e-05,0.00059378,Regular
VTHOUSDT,2026-03-24 08:00:00.000,5e-05,0.00060060,Regular
VTHOUSDT,2026-03-24 12:00:00.000,5e-05,0.00060360,Regular
VTHOUSDT,2026-03-24 16:00:00.003,5e-05,0.00060090,Regular
VTHOUSDT,2026-03-24 20:00:00.000,5e-05,0.00059175,Regular
VTHOUSDT,2026-03-25 00:00:00.000,5e-05,0.00059990,Regular
VTHOUSDT,2026-03-25 04:00:00.000,5e-05,0.00060115,Regular
VTHOUSDT,2026-03-25 08:00:00.000,5e-05,0.00059529,Regular
VTHOUSDT,2026-03-25 12:00:00.005,5e-05,0.00058370,Regular
VTHOUSDT,2026-03-25 16:00:00.013,5e-05,0.00058080,Regular
VTHOUSDT,2026-03-25 20:00:00.001,5e-05,0.00057960,Regular
VTHOUSDT,2026-03-26 00:00:00.001,5e-05,0.00058403,Regular
VTHOUSDT,2026-03-26 04:00:00.002,5e-05,0.00057571,Regular
VTHOUSDT,2026-03-26 08:00:00.001,5e-05,0.00056740,Regular
VTHOUSDT,2026-03-26 12:00:00.000,5e-05,0.00055530,Regular
VTHOUSDT,2026-03-26 16:00:00.000,5e-05,0.00055361,Regular
VTHOUSDT,2026-03-26 20:00:00.003,5e-05,0.00055060,Regular
VTHOUSDT,2026-03-27 00:00:00.006,5e-05,0.00055156,Regular
VTHOUSDT,2026-03-27 04:00:00.001,5e-05,0.00054838,Regular
VTHOUSDT,2026-03-27 08:00:00.000,5e-05,0.00054980,Regular
VTHOUSDT,2026-03-27 12:00:00.002,5e-05,0.00054030,Regular
VTHOUSDT,2026-03-27 16:00:00.000,5e-05,0.00054299,Regular
VTHOUSDT,2026-03-27 20:00:00.000,5e-05,0.00054153,Regular
VTHOUSDT,2026-03-28 00:00:00.005,5e-05,0.00053770,Regular
VTHOUSDT,2026-03-28 04:00:00.003,5e-05,0.00053350,Regular
VTHOUSDT,2026-03-28 08:00:00.005,4.257e-05,0.00054060,Regular
VTHOUSDT,2026-03-28 12:00:00.006,5e-05,0.00053620,Regular
VTHOUSDT,2026-03-28 16:00:00.000,5e-05,0.00053437,Regular
VTHOUSDT,2026-03-28 20:00:00.003,5e-05,0.00053692,Regular
VTHOUSDT,2026-03-29 00:00:00.003,5e-05,0.00053620,Regular
VTHOUSDT,2026-03-29 04:00:00.000,3.953e-05,0.00053415,Regular
VTHOUSDT,2026-03-29 08:00:00.001,9.66e-06,0.00053260,Regular
VTHOUSDT,2026-03-29 12:00:00.000,5e-05,0.00052870,Regular
VTHOUSDT,2026-03-29 16:00:00.000,5e-05,0.00052680,Regular
VTHOUSDT,2026-03-29 20:00:00.000,5e-05,0.00053110,Regular
VTHOUSDT,2026-03-30 00:00:00.000,5e-05,0.00052610,Regular
VTHOUSDT,2026-03-30 04:00:00.012,5e-05,0.00053370,Regular
VTHOUSDT,2026-03-30 08:00:00.005,5e-05,0.00053290,Regular
VTHOUSDT,2026-03-30 12:00:00.005,5e-05,0.00053570,Regular
VTHOUSDT,2026-03-30 16:00:00.000,5e-05,0.00053390,Regular
VTHOUSDT,2026-03-30 20:00:00.000,5e-05,0.00052260,Regular
VTHOUSDT,2026-03-31 00:00:00.000,5e-05,0.00052659,Regular
VTHOUSDT,2026-03-31 04:00:00.000,5e-05,0.00052640,Regular
VTHOUSDT,2026-03-31 08:00:00.000,5e-05,0.00052885,Regular
VTHOUSDT,2026-03-31 12:00:00.001,1.587e-05,0.00052828,Regular
VTHOUSDT,2026-03-31 16:00:00.000,1.81e-06,0.00053014,Regular
VTHOUSDT,2026-03-31 20:00:00.002,5e-05,0.00053615,Regular
VTHOUSDT,2026-04-01 00:00:00.000,8.41e-06,0.00053520,Regular
VTHOUSDT,2026-04-01 04:00:00.004,-5.3e-06,0.00053750,Regular
VTHOUSDT,2026-04-01 08:00:00.000,5e-05,0.00054280,Regular
VTHOUSDT,2026-04-01 12:00:00.000,5e-05,0.00054460,Regular
VTHOUSDT,2026-04-01 16:00:00.000,5e-05,0.00054319,Regular
VTHOUSDT,2026-04-01 20:00:00.000,5e-05,0.00054000,Regular
VTHOUSDT,2026-04-02 00:00:00.003,5e-05,0.00054120,Regular
VTHOUSDT,2026-04-02 04:00:00.003,-0.0001441,0.00055460,Regular
VTHOUSDT,2026-04-02 08:00:00.001,-0.00072303,0.00055165,Regular
VTHOUSDT,2026-04-02 12:00:00.003,-0.00156025,0.00054880,Regular
VTHOUSDT,2026-04-02 16:00:00.001,-6.631e-05,0.00054080,Regular
VTHOUSDT,2026-04-02 20:00:00.003,-4.902e-05,0.00054085,Regular
VTHOUSDT,2026-04-03 00:00:00.000,-0.00013881,0.00054230,Regular
VTHOUSDT,2026-04-03 04:00:00.000,5e-05,0.00053860,Regular
VTHOUSDT,2026-04-03 08:00:00.008,5e-05,0.00054670,Regular
VTHOUSDT,2026-04-03 12:00:00.006,5e-05,0.00055534,Regular
VTHOUSDT,2026-04-03 16:00:00.008,5e-05,0.00054760,Regular
VTHOUSDT,2026-04-03 20:00:00.001,5e-05,0.00054210,Regular
VTHOUSDT,2026-04-04 00:00:00.000,5e-05,0.00054520,Regular
VTHOUSDT,2026-04-04 04:00:00.001,5e-05,0.00054980,Regular
VTHOUSDT,2026-04-04 08:00:00.003,5e-05,0.00055114,Regular
VTHOUSDT,2026-04-04 12:00:00.000,5e-05,0.00055150,Regular
VTHOUSDT,2026-04-04 16:00:00.000,5e-05,0.00054497,Regular
VTHOUSDT,2026-04-04 20:00:00.000,5e-05,0.00054110,Regular
VTHOUSDT,2026-04-05 00:00:00.008,5e-05,0.00054260,Regular
VTHOUSDT,2026-04-05 04:00:00.002,5e-05,0.00053507,Regular
VTHOUSDT,2026-04-05 08:00:00.000,5e-05,0.00052890,Regular
VTHOUSDT,2026-04-05 12:00:00.003,5e-05,0.00053157,Regular
VTHOUSDT,2026-04-05 16:00:00.001,5e-05,0.00053210,Regular
VTHOUSDT,2026-04-05 20:00:00.003,5e-05,0.00053190,Regular
VTHOUSDT,2026-04-06 00:00:00.004,5e-05,0.00054160,Regular
VTHOUSDT,2026-04-06 04:00:00.005,-6.53e-06,0.00054050,Regular
VTHOUSDT,2026-04-06 08:00:00.001,5e-05,0.00054090,Regular
VTHOUSDT,2026-04-06 12:00:00.002,5e-05,0.00054300,Regular
VTHOUSDT,2026-04-06 16:00:00.003,5e-05,0.00054700,Regular
VTHOUSDT,2026-04-06 20:00:00.000,5e-05,0.00055243,Regular
VTHOUSDT,2026-04-07 00:00:00.000,5e-05,0.00054120,Regular
VTHOUSDT,2026-04-07 04:00:00.003,5e-05,0.00054350,Regular
VTHOUSDT,2026-04-07 08:00:00.000,5e-05,0.00053940,Regular
VTHOUSDT,2026-04-07 12:00:00.008,1.59e-05,0.00053750,Regular
VTHOUSDT,2026-04-07 16:00:00.000,5e-05,0.00053573,Regular
VTHOUSDT,2026-04-07 20:00:00.000,5e-05,0.00054118,Regular
VTHOUSDT,2026-04-08 00:00:00.000,5e-05,0.00056148,Regular
VTHOUSDT,2026-04-08 04:00:00.002,5e-05,0.00056120,Regular
VTHOUSDT,2026-04-08 08:00:00.000,5e-05,0.00056092,Regular
VTHOUSDT,2026-04-08 12:00:00.013,5e-05,0.00056200,Regular
VTHOUSDT,2026-04-08 16:00:00.006,5e-05,0.00056072,Regular
VTHOUSDT,2026-04-08 20:00:00.005,5e-05,0.00056100,Regular
VTHOUSDT,2026-04-09 00:00:00.000,5e-05,0.00055267,Regular
VTHOUSDT,2026-04-09 04:00:00.005,5e-05,0.00055300,Regular
VTHOUSDT,2026-04-09 08:00:00.010,5e-05,0.00055762,Regular
VTHOUSDT,2026-04-09 12:00:00.001,5e-05,0.00055912,Regular
VTHOUSDT,2026-04-09 16:00:00.001,5e-05,0.00055743,Regular
VTHOUSDT,2026-04-09 20:00:00.001,5e-05,0.00056589,Regular
VTHOUSDT,2026-04-10 00:00:00.000,5e-05,0.00056115,Regular
VTHOUSDT,2026-04-10 04:00:00.000,5e-05,0.00055951,Regular
VTHOUSDT,2026-04-10 08:00:00.005,5e-05,0.00055960,Regular
VTHOUSDT,2026-04-10 12:00:00.000,5e-05,0.00056050,Regular
VTHOUSDT,2026-04-10 16:00:00.000,5e-05,0.00056566,Regular
VTHOUSDT,2026-04-10 20:00:00.002,5e-05,0.00056830,Regular
VTHOUSDT,2026-04-11 00:00:00.000,5e-05,0.00056622,Regular
VTHOUSDT,2026-04-11 04:00:00.009,5e-05,0.00056191,Regular
VTHOUSDT,2026-04-11 08:00:00.000,5e-05,0.00055805,Regular
VTHOUSDT,2026-04-11 12:00:00.002,5e-05,0.00055959,Regular
VTHOUSDT,2026-04-11 16:00:00.003,5e-05,0.00056150,Regular
VTHOUSDT,2026-04-11 20:00:00.001,5e-05,0.00056717,Regular
VTHOUSDT,2026-04-12 00:00:00.000,5e-05,0.00056303,Regular
VTHOUSDT,2026-04-12 04:00:00.000,5e-05,0.00054820,Regular
VTHOUSDT,2026-04-12 08:00:00.000,5e-05,0.00055230,Regular
VTHOUSDT,2026-04-12 12:00:00.000,5e-05,0.00054874,Regular
VTHOUSDT,2026-04-12 16:00:00.000,5e-05,0.00054990,Regular
VTHOUSDT,2026-04-12 20:00:00.013,5e-05,0.00055300,Regular
VTHOUSDT,2026-04-13 00:00:00.011,5e-05,0.00055303,Regular
VTHOUSDT,2026-04-13 04:00:00.003,-4.04e-06,0.00055150,Regular
VTHOUSDT,2026-04-13 08:00:00.006,5e-05,0.00055453,Regular
VTHOUSDT,2026-04-13 12:00:00.010,5e-05,0.00055270,Regular
VTHOUSDT,2026-04-13 16:00:00.000,5e-05,0.00055240,Regular
VTHOUSDT,2026-04-13 20:00:00.000,5e-05,0.00055610,Regular
VTHOUSDT,2026-04-14 00:00:00.005,5e-05,0.00057114,Regular
VTHOUSDT,2026-04-14 04:00:00.000,5e-05,0.00056344,Regular
VTHOUSDT,2026-04-14 08:00:00.003,5e-05,0.00056605,Regular
VTHOUSDT,2026-04-14 12:00:00.000,5e-05,0.00056409,Regular
VTHOUSDT,2026-04-14 16:00:00.001,5e-05,0.00056820,Regular
VTHOUSDT,2026-04-14 20:00:00.009,5e-05,0.00056110,Regular
VTHOUSDT,2026-04-15 00:00:00.000,5e-05,0.00056259,Regular
VTHOUSDT,2026-04-15 04:00:00.000,5e-05,0.00056120,Regular
VTHOUSDT,2026-04-15 08:00:00.000,5e-05,0.00056014,Regular
VTHOUSDT,2026-04-15 12:00:00.000,5e-05,0.00056180,Regular
VTHOUSDT,2026-04-15 16:00:00.000,5e-05,0.00056490,Regular
VTHOUSDT,2026-04-15 20:00:00.009,5e-05,0.00057310,Regular
VTHOUSDT,2026-04-16 00:00:00.013,5e-05,0.00057220,Regular
VTHOUSDT,2026-04-16 04:00:00.008,5e-05,0.00057560,Regular
VTHOUSDT,2026-04-16 08:00:00.000,5e-05,0.00058133,Regular
VTHOUSDT,2026-04-16 12:00:00.004,5e-05,0.00057940,Regular
VTHOUSDT,2026-04-16 16:00:00.000,5e-05,0.00058310,Regular
VTHOUSDT,2026-04-16 20:00:00.000,5e-05,0.00058950,Regular
VTHOUSDT,2026-04-17 00:00:00.001,5e-05,0.00059225,Regular
VTHOUSDT,2026-04-17 04:00:00.003,5e-05,0.00058580,Regular
VTHOUSDT,2026-04-17 08:00:00.011,5e-05,0.00059130,Regular
VTHOUSDT,2026-04-17 12:00:00.003,5e-05,0.00059424,Regular
VTHOUSDT,2026-04-17 16:00:00.001,5e-05,0.00060210,Regular
VTHOUSDT,2026-04-17 20:00:00.005,5e-05,0.00060533,Regular
VTHOUSDT,2026-04-18 00:00:00.001,5e-05,0.00060454,Regular
VTHOUSDT,2026-04-18 04:00:00.003,5e-05,0.00060420,Regular
VTHOUSDT,2026-04-18 08:00:00.006,5e-05,0.00060976,Regular
VTHOUSDT,2026-04-18 12:00:00.000,5e-05,0.00059440,Regular
VTHOUSDT,2026-04-18 16:00:00.000,5e-05,0.00059177,Regular
VTHOUSDT,2026-04-18 20:00:00.002,5e-05,0.00058513,Regular
VTHOUSDT,2026-04-19 00:00:00.002,5e-05,0.00058178,Regular
VTHOUSDT,2026-04-19 04:00:00.000,-3.867e-05,0.00057480,Regular
VTHOUSDT,2026-04-19 08:00:00.010,3.819e-05,0.00057303,Regular
VTHOUSDT,2026-04-19 12:00:00.003,5e-05,0.00057430,Regular
VTHOUSDT,2026-04-19 16:00:00.001,5e-05,0.00057596,Regular
VTHOUSDT,2026-04-19 20:00:00.005,5e-05,0.00057220,Regular
VTHOUSDT,2026-04-20 00:00:00.000,5e-05,0.00056195,Regular
VTHOUSDT,2026-04-20 04:00:00.001,5e-05,0.00056800,Regular
VTHOUSDT,2026-04-20 08:00:00.000,5e-05,0.00056712,Regular
VTHOUSDT,2026-04-20 12:00:00.009,5e-05,0.00057359,Regular
VTHOUSDT,2026-04-20 16:00:00.001,5e-05,0.00057490,Regular
VTHOUSDT,2026-04-20 20:00:00.000,5e-05,0.00058060,Regular
VTHOUSDT,2026-04-21 00:00:00.000,5e-05,0.00058001,Regular
VTHOUSDT,2026-04-21 04:00:00.000,5e-05,0.00057300,Regular
VTHOUSDT,2026-04-21 08:00:00.004,5e-05,0.00057248,Regular
VTHOUSDT,2026-04-21 12:00:00.000,5e-05,0.00057526,Regular
VTHOUSDT,2026-04-21 16:00:00.004,5e-05,0.00057320,Regular
VTHOUSDT,2026-04-21 20:00:00.003,5e-05,0.00056416,Regular
VTHOUSDT,2026-04-22 00:00:00.004,5e-05,0.00057448,Regular
VTHOUSDT,2026-04-22 04:00:00.003,5e-05,0.00057990,Regular
VTHOUSDT,2026-04-22 08:00:00.000,5e-05,0.00058300,Regular
VTHOUSDT,2026-04-22 12:00:00.000,5e-05,0.00058255,Regular
VTHOUSDT,2026-04-22 16:00:00.000,5e-05,0.00058251,Regular
VTHOUSDT,2026-04-22 20:00:00.003,5e-05,0.00058172,Regular
VTHOUSDT,2026-04-23 00:00:00.000,5e-05,0.00057454,Regular
VTHOUSDT,2026-04-23 04:00:00.000,5e-05,0.00056540,Regular
VTHOUSDT,2026-04-23 08:00:00.000,5e-05,0.00056790,Regular
VTHOUSDT,2026-04-23 12:00:00.000,5e-05,0.00056920,Regular
VTHOUSDT,2026-04-23 16:00:00.004,5e-05,0.00057510,Regular
VTHOUSDT,2026-04-23 20:00:00.006,5e-05,0.00057015,Regular
VTHOUSDT,2026-04-24 00:00:00.006,5e-05,0.00057660,Regular
VTHOUSDT,2026-04-24 04:00:00.000,5e-05,0.00057440,Regular
VTHOUSDT,2026-04-24 08:00:00.000,5e-05,0.00057583,Regular
VTHOUSDT,2026-04-24 12:00:00.002,5e-05,0.00057960,Regular
VTHOUSDT,2026-04-24 16:00:00.000,5e-05,0.00058253,Regular
VTHOUSDT,2026-04-24 20:00:00.003,5e-05,0.00058736,Regular
VTHOUSDT,2026-04-25 00:00:00.000,5e-05,0.00058250,Regular
VTHOUSDT,2026-04-25 04:00:00.005,5e-05,0.00058980,Regular
VTHOUSDT,2026-04-25 08:00:00.002,5e-05,0.00058710,Regular
VTHOUSDT,2026-04-25 12:00:00.001,5e-05,0.00058570,Regular
VTHOUSDT,2026-04-25 16:00:00.002,5e-05,0.00058610,Regular
VTHOUSDT,2026-04-25 20:00:00.001,5e-05,0.00058047,Regular
VTHOUSDT,2026-04-26 00:00:00.003,5e-05,0.00058330,Regular
VTHOUSDT,2026-04-26 04:00:00.001,5e-05,0.00058157,Regular
VTHOUSDT,2026-04-26 08:00:00.007,5e-05,0.00058635,Regular
VTHOUSDT,2026-04-26 12:00:00.001,5e-05,0.00058744,Regular
VTHOUSDT,2026-04-26 16:00:00.004,5e-05,0.00058520,Regular
VTHOUSDT,2026-04-26 20:00:00.014,5e-05,0.00058540,Regular
VTHOUSDT,2026-04-27 00:00:00.004,5e-05,0.00058589,Regular
VTHOUSDT,2026-04-27 04:00:00.000,5e-05,0.00058709,Regular
VTHOUSDT,2026-04-27 08:00:00.000,-1.04e-06,0.00057380,Regular
VTHOUSDT,2026-04-27 12:00:00.004,5e-05,0.00057740,Regular
VTHOUSDT,2026-04-27 16:00:00.002,-3.285e-05,0.00057428,Regular
VTHOUSDT,2026-04-27 20:00:00.000,5e-05,0.00057410,Regular
VTHOUSDT,2026-04-28 00:00:00.001,5e-05,0.00057990,Regular
VTHOUSDT,2026-04-28 04:00:00.006,5e-05,0.00057610,Regular
VTHOUSDT,2026-04-28 08:00:00.000,5e-05,0.00057590,Regular
VTHOUSDT,2026-04-28 12:00:00.000,5e-05,0.00057310,Regular
VTHOUSDT,2026-04-28 16:00:00.004,5e-05,0.00057493,Regular
VTHOUSDT,2026-04-28 20:00:00.001,5e-05,0.00057854,Regular
VTHOUSDT,2026-04-29 00:00:00.006,5e-05,0.00057650,Regular
VTHOUSDT,2026-04-29 04:00:00.003,5e-05,0.00057970,Regular
VTHOUSDT,2026-04-29 08:00:00.011,5e-05,0.00057667,Regular
VTHOUSDT,2026-04-29 12:00:00.000,5e-05,0.00057900,Regular
VTHOUSDT,2026-04-29 16:00:00.003,5e-05,0.00056970,Regular
VTHOUSDT,2026-04-29 20:00:00.004,5e-05,0.00056530,Regular
VTHOUSDT,2026-04-30 00:00:00.002,5e-05,0.00056900,Regular
VTHOUSDT,2026-04-30 04:00:00.000,5e-05,0.00056436,Regular
VTHOUSDT,2026-04-30 08:00:00.000,5e-05,0.00056657,Regular
VTHOUSDT,2026-04-30 12:00:00.000,5e-05,0.00056397,Regular
VTHOUSDT,2026-04-30 16:00:00.000,5e-05,0.00056470,Regular
VTHOUSDT,2026-04-30 20:00:00.002,5e-05,0.00056220,Regular
VTHOUSDT,2026-05-01 00:00:00.000,5e-05,0.00056142,Regular
VTHOUSDT,2026-05-01 04:00:00.003,5e-05,0.00056380,Regular
VTHOUSDT,2026-05-01 08:00:00.005,5e-05,0.00056268,Regular
VTHOUSDT,2026-05-01 12:00:00.000,5e-05,0.00056228,Regular
VTHOUSDT,2026-05-01 16:00:00.000,5e-05,0.00056660,Regular
VTHOUSDT,2026-05-01 20:00:00.009,5e-05,0.00056515,Regular
VTHOUSDT,2026-05-02 00:00:00.006,5e-05,0.00056390,Regular
VTHOUSDT,2026-05-02 04:00:00.000,5e-05,0.00056410,Regular
VTHOUSDT,2026-05-02 08:00:00.000,5e-05,0.00056360,Regular
VTHOUSDT,2026-05-02 12:00:00.009,5e-05,0.00056203,Regular
VTHOUSDT,2026-05-02 16:00:00.010,5e-05,0.00056620,Regular
VTHOUSDT,2026-05-02 20:00:00.000,5e-05,0.00056640,Regular
VTHOUSDT,2026-05-03 00:00:00.005,5e-05,0.00056740,Regular
VTHOUSDT,2026-05-03 04:00:00.014,5e-05,0.00056250,Regular
VTHOUSDT,2026-05-03 08:00:00.003,5e-05,0.00056530,Regular
VTHOUSDT,2026-05-03 12:00:00.004,5e-05,0.00056685,Regular
VTHOUSDT,2026-05-03 16:00:00.000,5e-05,0.00056620,Regular
VTHOUSDT,2026-05-03 20:00:00.000,5e-05,0.00056660,Regular
VTHOUSDT,2026-05-04 00:00:00.000,5e-05,0.00056730,Regular
VTHOUSDT,2026-05-04 04:00:00.003,5e-05,0.00057514,Regular
VTHOUSDT,2026-05-04 08:00:00.000,5e-05,0.00057152,Regular
VTHOUSDT,2026-05-04 12:00:00.000,5e-05,0.00056574,Regular
VTHOUSDT,2026-05-04 16:00:00.003,5e-05,0.00056878,Regular
VTHOUSDT,2026-05-04 20:00:00.007,5e-05,0.00056780,Regular
VTHOUSDT,2026-05-05 00:00:00.000,5e-05,0.00056665,Regular
VTHOUSDT,2026-05-05 04:00:00.000,5e-05,0.00057090,Regular
VTHOUSDT,2026-05-05 08:00:00.011,5e-05,0.00057520,Regular
VTHOUSDT,2026-05-05 12:00:00.006,5e-05,0.00057380,Regular
VTHOUSDT,2026-05-05 16:00:00.000,5e-05,0.00057794,Regular
VTHOUSDT,2026-05-05 20:00:00.000,5e-05,0.00058350,Regular
VTHOUSDT,2026-05-06 00:00:00.010,5e-05,0.00058594,Regular
VTHOUSDT,2026-05-06 04:00:00.000,5e-05,0.00059600,Regular
VTHOUSDT,2026-05-06 08:00:00.000,5e-05,0.00059510,Regular
VTHOUSDT,2026-05-06 12:00:00.000,5e-05,0.00060065,Regular
VTHOUSDT,2026-05-06 16:00:00.002,5e-05,0.00060228,Regular
VTHOUSDT,2026-05-06 20:00:00.000,5e-05,0.00060260,Regular
VTHOUSDT,2026-05-07 00:00:00.000,5e-05,0.00060092,Regular
VTHOUSDT,2026-05-07 04:00:00.001,5e-05,0.00059573,Regular
VTHOUSDT,2026-05-07 08:00:00.000,5e-05,0.00060320,Regular
VTHOUSDT,2026-05-07 12:00:00.000,5e-05,0.00060280,Regular
VTHOUSDT,2026-05-07 16:00:00.004,5e-05,0.00059560,Regular
VTHOUSDT,2026-05-07 20:00:00.005,5e-05,0.00059865,Regular
VTHOUSDT,2026-05-08 00:00:00.003,5e-05,0.00059670,Regular
VTHOUSDT,2026-05-08 04:00:00.000,5e-05,0.00059156,Regular
VTHOUSDT,2026-05-08 08:00:00.002,5e-05,0.00058814,Regular
VTHOUSDT,2026-05-08 12:00:00.000,5e-05,0.00059212,Regular
VTHOUSDT,2026-05-08 16:00:00.003,5e-05,0.00059438,Regular
VTHOUSDT,2026-05-08 20:00:00.000,5e-05,0.00059964,Regular
VTHOUSDT,2026-05-09 00:00:00.000,5e-05,0.00060391,Regular
VTHOUSDT,2026-05-09 04:00:00.000,5e-05,0.00060527,Regular
VTHOUSDT,2026-05-09 08:00:00.001,5e-05,0.00060230,Regular
VTHOUSDT,2026-05-09 12:00:00.000,5e-05,0.00060250,Regular
VTHOUSDT,2026-05-09 16:00:00.002,5e-05,0.00059700,Regular
VTHOUSDT,2026-05-09 20:00:00.000,5e-05,0.00060174,Regular
VTHOUSDT,2026-05-10 00:00:00.003,5e-05,0.00059895,Regular
VTHOUSDT,2026-05-10 04:00:00.005,5e-05,0.00059635,Regular
VTHOUSDT,2026-05-10 08:00:00.000,5e-05,0.00060872,Regular
VTHOUSDT,2026-05-10 12:00:00.007,5e-05,0.00060766,Regular
VTHOUSDT,2026-05-10 16:00:00.000,5e-05,0.00061354,Regular
VTHOUSDT,2026-05-10 20:00:00.002,5e-05,0.00062234,Regular
VTHOUSDT,2026-05-11 00:00:00.000,5e-05,0.00062090,Regular
VTHOUSDT,2026-05-11 04:00:00.000,5e-05,0.00061080,Regular
VTHOUSDT,2026-05-11 08:00:00.000,5e-05,0.00061190,Regular
VTHOUSDT,2026-05-11 12:00:00.001,5e-05,0.00061774,Regular
VTHOUSDT,2026-05-11 16:00:00.000,5e-05,0.00062292,Regular
VTHOUSDT,2026-05-11 20:00:00.014,5e-05,0.00062680,Regular
VTHOUSDT,2026-05-12 00:00:00.002,5e-05,0.00062660,Regular
VTHOUSDT,2026-05-12 04:00:00.000,5e-05,0.00061540,Regular
VTHOUSDT,2026-05-12 08:00:00.008,5e-05,0.00061390,Regular
VTHOUSDT,2026-05-12 12:00:00.003,5e-05,0.00060400,Regular
VTHOUSDT,2026-05-12 16:00:00.000,5e-05,0.00059431,Regular
VTHOUSDT,2026-05-12 20:00:00.000,5e-05,0.00060300,Regular
VTHOUSDT,2026-05-13 00:00:00.010,5e-05,0.00060060,Regular
VTHOUSDT,2026-05-13 04:00:00.003,5e-05,0.00060905,Regular
VTHOUSDT,2026-05-13 08:00:00.003,5e-05,0.00060601,Regular
VTHOUSDT,2026-05-13 12:00:00.004,5e-05,0.00060071,Regular
VTHOUSDT,2026-05-13 16:00:00.001,5e-05,0.00057930,Regular
VTHOUSDT,2026-05-13 20:00:00.004,5e-05,0.00058130,Regular
VTHOUSDT,2026-05-14 00:00:00.005,5e-05,0.00058543,Regular
VTHOUSDT,2026-05-14 04:00:00.005,-0.00083295,0.00057260,Regular
VTHOUSDT,2026-05-14 08:00:00.000,-0.00024628,0.00057270,Regular
VTHOUSDT,2026-05-14 12:00:00.001,-0.00025327,0.00057219,Regular
VTHOUSDT,2026-05-14 16:00:00.000,5e-05,0.00058420,Regular
VTHOUSDT,2026-05-14 20:00:00.000,1.096e-05,0.00058313,Regular
VTHOUSDT,2026-05-15 00:00:00.000,5e-05,0.00058027,Regular
VTHOUSDT,2026-05-15 04:00:00.006,5e-05,0.00057608,Regular
VTHOUSDT,2026-05-15 08:00:00.016,5e-05,0.00057035,Regular
VTHOUSDT,2026-05-15 12:00:00.001,5e-05,0.00056534,Regular
VTHOUSDT,2026-05-15 16:00:00.012,5e-05,0.00054984,Regular
VTHOUSDT,2026-05-15 20:00:00.001,5e-05,0.00055019,Regular
VTHOUSDT,2026-05-16 00:00:00.005,5e-05,0.00054801,Regular
VTHOUSDT,2026-05-16 04:00:00.000,5e-05,0.00055020,Regular
VTHOUSDT,2026-05-16 08:00:00.000,5e-05,0.00053551,Regular
VTHOUSDT,2026-05-16 12:00:00.002,5e-05,0.00053247,Regular
VTHOUSDT,2026-05-16 16:00:00.005,5e-05,0.00053620,Regular
VTHOUSDT,2026-05-16 20:00:00.000,5e-05,0.00053523,Regular
VTHOUSDT,2026-05-17 00:00:00.000,5e-05,0.00053480,Regular
VTHOUSDT,2026-05-17 04:00:00.012,5e-05,0.00053360,Regular
VTHOUSDT,2026-05-17 08:00:00.010,5e-05,0.00053637,Regular
VTHOUSDT,2026-05-17 12:00:00.014,5e-05,0.00053645,Regular
VTHOUSDT,2026-05-17 16:00:00.009,5e-05,0.00053050,Regular
VTHOUSDT,2026-05-17 20:00:00.002,5e-05,0.00053280,Regular
VTHOUSDT,2026-05-18 00:00:00.007,5e-05,0.00052230,Regular
VTHOUSDT,2026-05-18 04:00:00.000,5e-05,0.00051900,Regular
VTHOUSDT,2026-05-18 08:00:00.002,5e-05,0.00051229,Regular
VTHOUSDT,2026-05-18 12:00:00.001,5e-05,0.00051540,Regular
VTHOUSDT,2026-05-18 16:00:00.007,5e-05,0.00051206,Regular
VTHOUSDT,2026-05-18 20:00:00.000,5e-05,0.00051651,Regular
VTHOUSDT,2026-05-19 00:00:00.001,5e-05,0.00052109,Regular
VTHOUSDT,2026-05-19 04:00:00.003,5e-05,0.00052180,Regular
VTHOUSDT,2026-05-19 08:00:00.001,5e-05,0.00052240,Regular
VTHOUSDT,2026-05-19 12:00:00.000,5e-05,0.00051530,Regular
VTHOUSDT,2026-05-19 16:00:00.009,5e-05,0.00051500,Regular
VTHOUSDT,2026-05-19 20:00:00.001,5e-05,0.00051340,Regular
VTHOUSDT,2026-05-20 00:00:00.001,5e-05,0.00051430,Regular
VTHOUSDT,2026-05-20 04:00:00.001,5e-05,0.00051420,Regular
VTHOUSDT,2026-05-20 08:00:00.006,5e-05,0.00051630,Regular
VTHOUSDT,2026-05-20 12:00:00.001,5e-05,0.00051320,Regular
VTHOUSDT,2026-05-20 16:00:00.000,5e-05,0.00051974,Regular
VTHOUSDT,2026-05-20 20:00:00.019,5e-05,0.00052249,Regular
VTHOUSDT,2026-05-21 00:00:00.001,5e-05,0.00051897,Regular
VTHOUSDT,2026-05-21 04:00:00.000,5e-05,0.00052345,Regular
VTHOUSDT,2026-05-21 08:00:00.000,5e-05,0.00052409,Regular
VTHOUSDT,2026-05-21 12:00:00.000,5e-05,0.00052040,Regular
VTHOUSDT,2026-05-21 16:00:00.000,5e-05,0.00052540,Regular
VTHOUSDT,2026-05-21 20:00:00.001,5e-05,0.00053240,Regular
VTHOUSDT,2026-05-22 00:00:00.000,5e-05,0.00052990,Regular
VTHOUSDT,2026-05-22 04:00:00.000,5e-05,0.00053030,Regular
VTHOUSDT,2026-05-22 08:00:00.004,5e-05,0.00053000,Regular
VTHOUSDT,2026-05-22 12:00:00.000,5e-05,0.00052930,Regular
VTHOUSDT,2026-05-22 16:00:00.001,5e-05,0.00052482,Regular
VTHOUSDT,2026-05-22 20:00:00.002,5e-05,0.00051440,Regular
VTHOUSDT,2026-05-23 00:00:00.009,5e-05,0.00051155,Regular
VTHOUSDT,2026-05-23 04:00:00.006,5e-05,0.00051820,Regular
VTHOUSDT,2026-05-23 08:00:00.001,5e-05,0.00050460,Regular
VTHOUSDT,2026-05-23 12:00:00.000,5e-05,0.00050225,Regular
VTHOUSDT,2026-05-23 16:00:00.003,5e-05,0.00051370,Regular
VTHOUSDT,2026-05-23 20:00:00.007,5e-05,0.00051540,Regular
VTHOUSDT,2026-05-24 00:00:00.011,5e-05,0.00052173,Regular
VTHOUSDT,2026-05-24 04:00:00.001,5e-05,0.00051868,Regular
VTHOUSDT,2026-05-24 08:00:00.008,5e-05,0.00051930,Regular
VTHOUSDT,2026-05-24 12:00:00.001,5e-05,0.00051762,Regular
VTHOUSDT,2026-05-24 16:00:00.000,5e-05,0.00051165,Regular
VTHOUSDT,2026-05-24 20:00:00.002,5e-05,0.00050905,Regular
VTHOUSDT,2026-05-25 00:00:00.001,5e-05,0.00050814,Regular
VTHOUSDT,2026-05-25 04:00:00.000,5e-05,0.00050570,Regular
VTHOUSDT,2026-05-25 08:00:00.001,5e-05,0.00051229,Regular
VTHOUSDT,2026-05-25 12:00:00.008,5e-05,0.00051010,Regular
VTHOUSDT,2026-05-25 16:00:00.001,5e-05,0.00051220,Regular
VTHOUSDT,2026-05-25 20:00:00.000,5e-05,0.00051050,Regular
VTHOUSDT,2026-05-26 00:00:00.000,5e-05,0.00050601,Regular
VTHOUSDT,2026-05-26 04:00:00.003,5e-05,0.00050260,Regular
VTHOUSDT,2026-05-26 08:00:00.003,5e-05,0.00050390,Regular
VTHOUSDT,2026-05-26 12:00:00.000,5e-05,0.00050820,Regular
VTHOUSDT,2026-05-26 16:00:00.000,5e-05,0.00050220,Regular
VTHOUSDT,2026-05-26 20:00:00.000,5e-05,0.00049760,Regular
VTHOUSDT,2026-05-27 00:00:00.000,5.65e-06,0.00049767,Regular
VTHOUSDT,2026-05-27 04:00:00.002,6.91e-06,0.00049575,Regular
VTHOUSDT,2026-05-27 08:00:00.004,5e-05,0.00049790,Regular
VTHOUSDT,2026-05-27 12:00:00.007,5e-05,0.00049466,Regular
VTHOUSDT,2026-05-27 16:00:00.009,5e-05,0.00050170,Regular
VTHOUSDT,2026-05-27 20:00:00.001,5e-05,0.00049960,Regular
VTHOUSDT,2026-05-28 00:00:00.001,5e-05,0.00049073,Regular
VTHOUSDT,2026-05-28 04:00:00.000,5e-05,0.00047674,Regular
VTHOUSDT,2026-05-28 08:00:00.000,5e-05,0.00047325,Regular
VTHOUSDT,2026-05-28 12:00:00.000,5e-05,0.00046890,Regular
VTHOUSDT,2026-05-28 16:00:00.001,5e-05,0.00047120,Regular
VTHOUSDT,2026-05-28 20:00:00.005,5e-05,0.00047760,Regular
VTHOUSDT,2026-05-29 00:00:00.000,5e-05,0.00047749,Regular
VTHOUSDT,2026-05-29 04:00:00.000,5e-05,0.00047421,Regular
VTHOUSDT,2026-05-29 08:00:00.001,5e-05,0.00047704,Regular
VTHOUSDT,2026-05-29 12:00:00.001,5e-05,0.00047492,Regular
VTHOUSDT,2026-05-29 16:00:00.008,5e-05,0.00048143,Regular
VTHOUSDT,2026-05-29 20:00:00.000,5e-05,0.00047705,Regular
VTHOUSDT,2026-05-30 00:00:00.000,5e-05,0.00047940,Regular
VTHOUSDT,2026-05-30 04:00:00.004,-0.00390894,0.00056660,Regular
VTHOUSDT,2026-05-30 08:00:00.001,-0.00911132,0.00063735,Regular
VTHOUSDT,2026-05-30 12:00:00.000,-0.00819026,0.00057729,Regular
VTHOUSDT,2026-05-30 16:00:00.000,-0.00900173,0.00057087,Regular
VTHOUSDT,2026-05-30 20:00:00.000,-0.00206254,0.00056311,Regular
VTHOUSDT,2026-05-31 00:00:00.000,-0.00463443,0.00055444,Regular
VTHOUSDT,2026-05-31 04:00:00.006,-0.00395706,0.00054146,Regular
VTHOUSDT,2026-05-31 08:00:00.000,-0.00167885,0.00052950,Regular
VTHOUSDT,2026-05-31 12:00:00.005,-0.00089689,0.00052080,Regular
VTHOUSDT,2026-05-31 16:00:00.004,-0.00059001,0.00051621,Regular
VTHOUSDT,2026-05-31 20:00:00.010,-0.00115822,0.00051190,Regular
VTHOUSDT,2026-06-01 00:00:00.001,-0.00107591,0.00051652,Regular
VTHOUSDT,2026-06-01 04:00:00.006,-0.00038317,0.00050587,Regular
VTHOUSDT,2026-06-01 08:00:00.001,-0.00023949,0.00048881,Regular
VTHOUSDT,2026-06-01 12:00:00.000,-0.00023228,0.00049500,Regular
VTHOUSDT,2026-06-01 16:00:00.000,-0.00010812,0.00049510,Regular
VTHOUSDT,2026-06-01 20:00:00.000,-9.969e-05,0.00050008,Regular
VTHOUSDT,2026-06-02 00:00:00.000,-5.254e-05,0.00049537,Regular
VTHOUSDT,2026-06-02 04:00:00.008,-1.976e-05,0.00048802,Regular
VTHOUSDT,2026-06-02 08:00:00.000,-7.591e-05,0.00048446,Regular
VTHOUSDT,2026-06-02 12:00:00.002,2.295e-05,0.00047950,Regular
VTHOUSDT,2026-06-02 16:00:00.000,5e-05,0.00045549,Regular
VTHOUSDT,2026-06-02 20:00:00.000,3.087e-05,0.00045500,Regular
VTHOUSDT,2026-06-03 00:00:00.013,4.325e-05,0.00045328,Regular
VTHOUSDT,2026-06-03 04:00:00.000,-5.74e-06,0.00044950,Regular
VTHOUSDT,2026-06-03 08:00:00.000,5e-05,0.00046300,Regular
VTHOUSDT,2026-06-03 12:00:00.000,5e-05,0.00046290,Regular
VTHOUSDT,2026-06-03 16:00:00.001,5e-05,0.00046312,Regular
VTHOUSDT,2026-06-03 20:00:00.002,5e-05,0.00046004,Regular
VTHOUSDT,2026-06-04 00:00:00.009,5e-05,0.00046010,Regular
VTHOUSDT,2026-06-04 04:00:00.000,5e-05,0.00045030,Regular
VTHOUSDT,2026-06-04 08:00:00.000,5e-05,0.00044540,Regular
VTHOUSDT,2026-06-04 12:00:00.002,-9.89e-06,0.00045246,Regular
VTHOUSDT,2026-06-04 16:00:00.003,5e-05,0.00045502,Regular
VTHOUSDT,2026-06-04 20:00:00.001,5e-05,0.00044875,Regular
VTHOUSDT,2026-06-05 00:00:00.000,5e-05,0.00044020,Regular
VTHOUSDT,2026-06-05 04:00:00.001,5e-05,0.00042200,Regular
VTHOUSDT,2026-06-05 08:00:00.004,5e-05,0.00041400,Regular
VTHOUSDT,2026-06-05 12:00:00.000,5e-05,0.00040990,Regular
VTHOUSDT,2026-06-05 16:00:00.009,1.105e-05,0.00040230,Regular
VTHOUSDT,2026-06-05 20:00:00.000,5e-05,0.00039548,Regular
VTHOUSDT,2026-06-06 00:00:00.000,5e-05,0.00040010,Regular
VTHOUSDT,2026-06-06 04:00:00.000,3.78e-05,0.00039429,Regular
VTHOUSDT,2026-06-06 08:00:00.000,5e-05,0.00039020,Regular
VTHOUSDT,2026-06-06 12:00:00.002,5e-05,0.00039390,Regular
VTHOUSDT,2026-06-06 16:00:00.000,5e-05,0.00039673,Regular
VTHOUSDT,2026-06-06 20:00:00.003,5e-05,0.00039243,Regular
VTHOUSDT,2026-06-07 00:00:00.001,5e-05,0.00039560,Regular
VTHOUSDT,2026-06-07 04:00:00.000,5e-05,0.00039533,Regular
VTHOUSDT,2026-06-07 08:00:00.000,5e-05,0.00039892,Regular
VTHOUSDT,2026-06-07 12:00:00.000,5e-05,0.00040130,Regular
VTHOUSDT,2026-06-07 16:00:00.000,5e-05,0.00039635,Regular
VTHOUSDT,2026-06-07 20:00:00.000,5e-05,0.00038670,Regular
VTHOUSDT,2026-06-08 00:00:00.000,5e-05,0.00040044,Regular
VTHOUSDT,2026-06-08 04:00:00.009,5e-05,0.00039879,Regular
VTHOUSDT,2026-06-08 08:00:00.005,5e-05,0.00039843,Regular
VTHOUSDT,2026-06-08 12:00:00.001,5e-05,0.00040553,Regular
VTHOUSDT,2026-06-08 16:00:00.004,5e-05,0.00040452,Regular
VTHOUSDT,2026-06-08 20:00:00.000,5e-05,0.00040287,Regular
VTHOUSDT,2026-06-09 00:00:00.000,5e-05,0.00039940,Regular
VTHOUSDT,2026-06-09 04:00:00.003,5e-05,0.00038760,Regular
VTHOUSDT,2026-06-09 08:00:00.000,5e-05,0.00039452,Regular
VTHOUSDT,2026-06-09 12:00:00.000,5e-05,0.00039382,Regular
VTHOUSDT,2026-06-09 16:00:00.001,5e-05,0.00038845,Regular
VTHOUSDT,2026-06-09 20:00:00.000,5e-05,0.00039390,Regular
VTHOUSDT,2026-06-10 00:00:00.001,-1.88e-06,0.00039260,Regular
VTHOUSDT,2026-06-10 04:00:00.002,-1.417e-05,0.00038536,Regular
VTHOUSDT,2026-06-10 08:00:00.011,5e-05,0.00038430,Regular
VTHOUSDT,2026-06-10 12:00:00.002,5e-05,0.00037920,Regular
VTHOUSDT,2026-06-10 16:00:00.009,5e-05,0.00039209,Regular
VTHOUSDT,2026-06-10 20:00:00.003,5e-05,0.00038372,Regular
VTHOUSDT,2026-06-11 00:00:00.000,5e-05,0.00038308,Regular
VTHOUSDT,2026-06-11 04:00:00.000,5e-05,0.00039799,Regular
VTHOUSDT,2026-06-11 08:00:00.004,5e-05,0.00039550,Regular
VTHOUSDT,2026-06-11 12:00:00.005,5e-05,0.00039496,Regular
VTHOUSDT,2026-06-11 16:00:00.000,5e-05,0.00039530,Regular
VTHOUSDT,2026-06-11 20:00:00.014,5e-05,0.00039939,Regular
VTHOUSDT,2026-06-12 00:00:00.000,5e-05,0.00039746,Regular
VTHOUSDT,2026-06-12 04:00:00.000,5e-05,0.00039730,Regular
VTHOUSDT,2026-06-12 08:00:00.000,5e-05,0.00039355,Regular
VTHOUSDT,2026-06-12 12:00:00.000,5e-05,0.00039513,Regular
VTHOUSDT,2026-06-12 16:00:00.000,5e-05,0.00039473,Regular
VTHOUSDT,2026-06-12 20:00:00.000,5e-05,0.00039331,Regular
VTHOUSDT,2026-06-13 00:00:00.000,5e-05,0.00039299,Regular
VTHOUSDT,2026-06-13 04:00:00.000,5e-05,0.00039190,Regular
VTHOUSDT,2026-06-13 08:00:00.007,5e-05,0.00039880,Regular
VTHOUSDT,2026-06-13 12:00:00.004,5e-05,0.00040020,Regular
VTHOUSDT,2026-06-13 16:00:00.002,5e-05,0.00040453,Regular
VTHOUSDT,2026-06-13 20:00:00.004,5e-05,0.00040170,Regular
VTHOUSDT,2026-06-14 00:00:00.005,5e-05,0.00040070,Regular
VTHOUSDT,2026-06-14 04:00:00.012,5e-05,0.00039910,Regular
VTHOUSDT,2026-06-14 08:00:00.009,5e-05,0.00039685,Regular
VTHOUSDT,2026-06-14 12:00:00.000,5e-05,0.00039780,Regular
VTHOUSDT,2026-06-14 16:00:00.000,5e-05,0.00039360,Regular
VTHOUSDT,2026-06-14 20:00:00.010,5e-05,0.00039152,Regular
VTHOUSDT,2026-06-15 00:00:00.013,5e-05,0.00040700,Regular
VTHOUSDT,2026-06-15 04:00:00.001,5e-05,0.00040630,Regular
VTHOUSDT,2026-06-15 08:00:00.013,5e-05,0.00040427,Regular
VTHOUSDT,2026-06-15 12:00:00.000,5e-05,0.00041336,Regular
VTHOUSDT,2026-06-15 16:00:00.004,5e-05,0.00041890,Regular
VTHOUSDT,2026-06-15 20:00:00.002,5e-05,0.00041366,Regular
VTHOUSDT,2026-06-16 00:00:00.000,5e-05,0.00041280,Regular
VTHOUSDT,2026-06-16 04:00:00.000,5e-05,0.00041203,Regular
VTHOUSDT,2026-06-16 08:00:00.000,5e-05,0.00041284,Regular
VTHOUSDT,2026-06-16 12:00:00.000,5e-05,0.00041385,Regular
VTHOUSDT,2026-06-16 16:00:00.001,5e-05,0.00040644,Regular
VTHOUSDT,2026-06-16 20:00:00.000,5e-05,0.00040870,Regular
VTHOUSDT,2026-06-17 00:00:00.012,5e-05,0.00040780,Regular
VTHOUSDT,2026-06-17 04:00:00.000,5e-05,0.00041060,Regular
VTHOUSDT,2026-06-17 08:00:00.000,5e-05,0.00041023,Regular
VTHOUSDT,2026-06-17 12:00:00.000,5e-05,0.00040700,Regular
VTHOUSDT,2026-06-17 16:00:00.000,5e-05,0.00041450,Regular
VTHOUSDT,2026-06-17 20:00:00.000,5e-05,0.00040380,Regular
VTHOUSDT,2026-06-18 00:00:00.002,5e-05,0.00040661,Regular
VTHOUSDT,2026-06-18 04:00:00.000,5e-05,0.00040268,Regular
VTHOUSDT,2026-06-18 08:00:00.000,5e-05,0.00040020,Regular
VTHOUSDT,2026-06-18 12:00:00.004,5e-05,0.00039490,Regular
VTHOUSDT,2026-06-18 16:00:00.001,-1.954e-05,0.00038120,Regular
VTHOUSDT,2026-06-18 20:00:00.000,4.534e-05,0.00038960,Regular
VTHOUSDT,2026-06-19 00:00:00.005,3.349e-05,0.00039056,Regular
VTHOUSDT,2026-06-19 04:00:00.000,5e-05,0.00038800,Regular
VTHOUSDT,2026-06-19 08:00:00.001,5e-05,0.00038625,Regular
VTHOUSDT,2026-06-19 12:00:00.000,4.218e-05,0.00038664,Regular
VTHOUSDT,2026-06-19 16:00:00.001,7.82e-06,0.00038850,Regular
VTHOUSDT,2026-06-19 20:00:00.000,5e-05,0.00038700,Regular
VTHOUSDT,2026-06-20 00:00:00.001,5e-05,0.00038800,Regular
VTHOUSDT,2026-06-20 04:00:00.000,5e-05,0.00038410,Regular
VTHOUSDT,2026-06-20 08:00:00.000,5e-05,0.00038800,Regular
VTHOUSDT,2026-06-20 12:00:00.001,3.966e-05,0.00039050,Regular
VTHOUSDT,2026-06-20 16:00:00.001,5e-05,0.00039334,Regular
VTHOUSDT,2026-06-20 20:00:00.000,5e-05,0.00039150,Regular
VTHOUSDT,2026-06-21 00:00:00.000,-6.691e-05,0.00039460,Regular
VTHOUSDT,2026-06-21 04:00:00.000,5e-05,0.00039605,Regular
VTHOUSDT,2026-06-21 08:00:00.000,5e-05,0.00039440,Regular
VTHOUSDT,2026-06-21 12:00:00.001,5e-05,0.00039320,Regular
VTHOUSDT,2026-06-21 16:00:00.000,5e-05,0.00039460,Regular
VTHOUSDT,2026-06-21 20:00:00.004,5e-05,0.00039393,Regular
VTHOUSDT,2026-06-22 00:00:00.000,-7.91e-06,0.00038560,Regular
VTHOUSDT,2026-06-22 04:00:00.000,-2.8e-07,0.00039060,Regular
VTHOUSDT,2026-06-22 08:00:00.000,5e-05,0.00039160,Regular
VTHOUSDT,2026-06-22 12:00:00.000,5e-05,0.00039470,Regular
VTHOUSDT,2026-06-22 16:00:00.002,-5.729e-05,0.00039831,Regular
VTHOUSDT,2026-06-22 20:00:00.000,3.766e-05,0.00039434,Regular
VTHOUSDT,2026-06-23 00:00:00.003,-8.6e-07,0.00039028,Regular
VTHOUSDT,2026-06-23 04:00:00.000,4.777e-05,0.00038704,Regular
VTHOUSDT,2026-06-23 08:00:00.005,1.88e-06,0.00037450,Regular
VTHOUSDT,2026-06-23 12:00:00.000,5e-05,0.00037246,Regular
VTHOUSDT,2026-06-23 16:00:00.002,5e-05,0.00037301,Regular
VTHOUSDT,2026-06-23 20:00:00.000,5e-05,0.00037311,Regular
VTHOUSDT,2026-06-24 00:00:00.005,5e-05,0.00037540,Regular
VTHOUSDT,2026-06-24 08:00:00.005,5e-05,0.00037363,Regular
VTHOUSDT,2026-06-24 12:00:00.005,5e-05,0.00037320,Regular
VTHOUSDT,2026-06-24 16:00:00.003,5e-05,0.00036110,Regular
VTHOUSDT,2026-06-24 20:00:00.006,5e-05,0.00035980,Regular
VTHOUSDT,2026-06-25 00:00:00.000,5e-05,0.00036649,Regular
VTHOUSDT,2026-06-25 04:00:00.008,5e-05,0.00036407,Regular
VTHOUSDT,2026-06-25 08:00:00.000,5e-05,0.00036720,Regular
VTHOUSDT,2026-06-25 12:00:00.006,5e-05,0.00036333,Regular
VTHOUSDT,2026-06-25 16:00:00.000,5e-05,0.00035189,Regular
VTHOUSDT,2026-06-25 20:00:00.011,-8.7e-06,0.00035320,Regular
VTHOUSDT,2026-06-26 00:00:00.010,5e-05,0.00035590,Regular
VTHOUSDT,2026-06-26 04:00:00.001,5e-05,0.00035381,Regular
VTHOUSDT,2026-06-26 08:00:00.002,5e-05,0.00036230,Regular
VTHOUSDT,2026-06-26 12:00:00.004,5e-05,0.00035510,Regular
VTHOUSDT,2026-06-26 16:00:00.000,5e-05,0.00036368,Regular
VTHOUSDT,2026-06-26 20:00:00.000,5e-05,0.00036309,Regular
VTHOUSDT,2026-06-27 00:00:00.000,5e-05,0.00036350,Regular
VTHOUSDT,2026-06-27 04:00:00.000,5e-05,0.00036496,Regular
VTHOUSDT,2026-06-27 08:00:00.000,5e-05,0.00036373,Regular
VTHOUSDT,2026-06-27 12:00:00.001,5e-05,0.00036521,Regular
VTHOUSDT,2026-06-27 16:00:00.009,5e-05,0.00036675,Regular
VTHOUSDT,2026-06-27 20:00:00.000,5e-05,0.00036062,Regular
VTHOUSDT,2026-06-28 00:00:00.000,5e-05,0.00035987,Regular
VTHOUSDT,2026-06-28 04:00:00.002,5e-05,0.00036316,Regular
VTHOUSDT,2026-06-28 08:00:00.013,-8.01e-06,0.00036621,Regular
VTHOUSDT,2026-06-28 12:00:00.008,5e-05,0.00036520,Regular
VTHOUSDT,2026-06-28 16:00:00.000,5e-05,0.00036508,Regular
VTHOUSDT,2026-06-28 20:00:00.003,5e-05,0.00036080,Regular
VTHOUSDT,2026-06-29 00:00:00.006,5e-05,0.00036000,Regular
VTHOUSDT,2026-06-29 04:00:00.000,5e-05,0.00036606,Regular
VTHOUSDT,2026-06-29 08:00:00.013,5e-05,0.00036320,Regular
VTHOUSDT,2026-06-29 12:00:00.001,5e-05,0.00036300,Regular
VTHOUSDT,2026-06-29 16:00:00.004,5e-05,0.00036210,Regular
VTHOUSDT,2026-06-29 20:00:00.000,5e-05,0.00036410,Regular
VTHOUSDT,2026-06-30 00:00:00.000,5e-05,0.00036138,Regular
VTHOUSDT,2026-06-30 04:00:00.000,2.747e-05,0.00035690,Regular
VTHOUSDT,2026-06-30 08:00:00.000,-1.465e-05,0.00035820,Regular
VTHOUSDT,2026-06-30 12:00:00.002,5e-05,0.00035185,Regular
VTHOUSDT,2026-06-30 16:00:00.005,-7.292e-05,0.00035380,Regular
VTHOUSDT,2026-06-30 20:00:00.003,3.19e-06,0.00035480,Regular
VTHOUSDT,2026-07-01 00:00:00.000,5e-05,0.00035094,Regular
VTHOUSDT,2026-07-01 04:00:00.001,6.24e-06,0.00035320,Regular
VTHOUSDT,2026-07-01 08:00:00.000,5e-05,0.00035033,Regular
VTHOUSDT,2026-07-01 12:00:00.000,5e-05,0.00035159,Regular
VTHOUSDT,2026-07-01 16:00:00.000,5e-05,0.00036130,Regular
VTHOUSDT,2026-07-01 20:00:00.000,5e-05,0.00035970,Regular
VTHOUSDT,2026-07-02 00:00:00.000,2.669e-05,0.00036151,Regular
VTHOUSDT,2026-07-02 04:00:00.003,5e-05,0.00036559,Regular
VTHOUSDT,2026-07-02 08:00:00.000,5e-05,0.00036288,Regular
VTHOUSDT,2026-07-02 12:00:00.005,5e-05,0.00036579,Regular
VTHOUSDT,2026-07-02 16:00:00.000,5e-05,0.00036620,Regular
VTHOUSDT,2026-07-02 20:00:00.008,5e-05,0.00036420,Regular
VTHOUSDT,2026-07-03 00:00:00.000,5e-05,0.00036600,Regular
VTHOUSDT,2026-07-03 04:00:00.000,5e-05,0.00036815,Regular
VTHOUSDT,2026-07-03 08:00:00.007,5e-05,0.00036792,Regular
VTHOUSDT,2026-07-03 12:00:00.002,5e-05,0.00037340,Regular
VTHOUSDT,2026-07-03 16:00:00.000,5e-05,0.00037356,Regular
VTHOUSDT,2026-07-03 20:00:00.001,5e-05,0.00037675,Regular
VTHOUSDT,2026-07-04 00:00:00.000,5e-05,0.00037806,Regular
VTHOUSDT,2026-07-04 04:00:00.006,-7.718e-05,0.00037450,Regular
VTHOUSDT,2026-07-04 08:00:00.000,2.294e-05,0.00037340,Regular
VTHOUSDT,2026-07-04 12:00:00.000,5e-05,0.00037813,Regular
VTHOUSDT,2026-07-04 16:00:00.007,2.976e-05,0.00038215,Regular
VTHOUSDT,2026-07-04 20:00:00.000,5e-05,0.00037990,Regular
VTHOUSDT,2026-07-05 00:00:00.003,-6.236e-05,0.00037800,Regular
VTHOUSDT,2026-07-05 04:00:00.002,5e-05,0.00036860,Regular
VTHOUSDT,2026-07-05 08:00:00.001,5e-05,0.00036905,Regular
VTHOUSDT,2026-07-05 12:00:00.000,5e-05,0.00036755,Regular
VTHOUSDT,2026-07-05 16:00:00.000,5e-05,0.00036820,Regular
VTHOUSDT,2026-07-05 20:00:00.000,5e-05,0.00036920,Regular
VTHOUSDT,2026-07-06 00:00:00.000,5e-05,0.00037332,Regular
VTHOUSDT,2026-07-06 04:00:00.000,5e-05,0.00037120,Regular
VTHOUSDT,2026-07-06 08:00:00.000,5e-05,0.00036934,Regular
VTHOUSDT,2026-07-06 12:00:00.002,5e-05,0.00036767,Regular
VTHOUSDT,2026-07-06 16:00:00.000,5e-05,0.00037340,Regular
VTHOUSDT,2026-07-06 20:00:00.003,5e-05,0.00037620,Regular
VTHOUSDT,2026-07-07 00:00:00.000,5e-05,0.00037930,Regular
VTHOUSDT,2026-07-07 04:00:00.000,9.94e-06,0.00037470,Regular
VTHOUSDT,2026-07-07 08:00:00.000,-1.61e-05,0.00037352,Regular
VTHOUSDT,2026-07-07 12:00:00.010,5e-05,0.00037550,Regular
VTHOUSDT,2026-07-07 16:00:00.000,3.126e-05,0.00037602,Regular
VTHOUSDT,2026-07-07 20:00:00.000,5e-05,0.00036935,Regular
VTHOUSDT,2026-07-08 00:00:00.000,-0.00018917,0.00036532,Regular
VTHOUSDT,2026-07-08 04:00:00.003,5e-05,0.00036030,Regular
VTHOUSDT,2026-07-08 08:00:00.000,4.474e-05,0.00036110,Regular
VTHOUSDT,2026-07-08 12:00:00.005,-5.394e-05,0.00036010,Regular
VTHOUSDT,2026-07-08 16:00:00.000,3.873e-05,0.00035820,Regular
VTHOUSDT,2026-07-08 20:00:00.006,-4.449e-05,0.00036018,Regular
VTHOUSDT,2026-07-09 00:00:00.000,5e-05,0.00036229,Regular
VTHOUSDT,2026-07-09 04:00:00.002,5e-05,0.00035906,Regular
VTHOUSDT,2026-07-09 08:00:00.001,5e-05,0.00036254,Regular
VTHOUSDT,2026-07-09 12:00:00.002,5e-05,0.00036320,Regular
VTHOUSDT,2026-07-09 16:00:00.001,5e-05,0.00036210,Regular
VTHOUSDT,2026-07-09 20:00:00.000,5e-05,0.00036362,Regular
VTHOUSDT,2026-07-10 00:00:00.000,5e-05,0.00036404,Regular
VTHOUSDT,2026-07-10 04:00:00.000,5e-05,0.00036840,Regular
VTHOUSDT,2026-07-10 08:00:00.005,5e-05,0.00036780,Regular
VTHOUSDT,2026-07-10 12:00:00.002,5e-05,0.00036816,Regular
VTHOUSDT,2026-07-10 16:00:00.005,5e-05,0.00036730,Regular
VTHOUSDT,2026-07-10 20:00:00.000,5e-05,0.00036625,Regular
VTHOUSDT,2026-07-11 00:00:00.000,5e-05,0.00036720,Regular
VTHOUSDT,2026-07-11 04:00:00.000,5e-05,0.00036825,Regular
VTHOUSDT,2026-07-11 08:00:00.000,5e-05,0.00036880,Regular
VTHOUSDT,2026-07-11 12:00:00.008,5e-05,0.00037240,Regular
VTHOUSDT,2026-07-11 16:00:00.000,5e-05,0.00037530,Regular
VTHOUSDT,2026-07-11 20:00:00.000,5e-05,0.00037514,Regular
VTHOUSDT,2026-07-12 00:00:00.000,1.289e-05,0.00036980,Regular
VTHOUSDT,2026-07-12 04:00:00.000,5e-05,0.00037230,Regular
VTHOUSDT,2026-07-12 08:00:00.003,5e-05,0.00036882,Regular
VTHOUSDT,2026-07-12 12:00:00.000,4.79e-06,0.00037470,Regular
VTHOUSDT,2026-07-12 16:00:00.000,-4.662e-05,0.00037050,Regular
VTHOUSDT,2026-07-12 20:00:00.002,5e-05,0.00037020,Regular
VTHOUSDT,2026-07-13 00:00:00.000,-0.00017139,0.00036530,Regular
VTHOUSDT,2026-07-13 04:00:00.000,-0.00029032,0.00035890,Regular
VTHOUSDT,2026-07-13 08:00:00.001,-4.15e-06,0.00036427,Regular
VTHOUSDT,2026-07-13 12:00:00.000,-1.402e-05,0.00036536,Regular
VTHOUSDT,2026-07-13 16:00:00.004,-2.741e-05,0.00036500,Regular
VTHOUSDT,2026-07-13 20:00:00.000,-0.00011786,0.00036200,Regular
VTHOUSDT,2026-07-14 00:00:00.000,-0.00018187,0.00036397,Regular
VTHOUSDT,2026-07-14 04:00:00.000,1.06e-06,0.00036330,Regular
VTHOUSDT,2026-07-14 08:00:00.002,5e-05,0.00036352,Regular
VTHOUSDT,2026-07-14 12:00:00.001,5e-05,0.00036425,Regular
VTHOUSDT,2026-07-14 16:00:00.001,5e-05,0.00037360,Regular
VTHOUSDT,2026-07-14 20:00:00.000,5e-05,0.00037190,Regular
VTHOUSDT,2026-07-15 00:00:00.005,5e-05,0.00037209,Regular
VTHOUSDT,2026-07-15 04:00:00.003,5e-05,0.00037220,Regular
VTHOUSDT,2026-07-15 08:00:00.002,-9.99e-06,0.00037190,Regular
VTHOUSDT,2026-07-15 12:00:00.003,5e-05,0.00037300,Regular
VTHOUSDT,2026-07-15 16:00:00.000,5e-05,0.00037510,Regular
VTHOUSDT,2026-07-15 20:00:00.002,5e-05,0.00037435,Regular
VTHOUSDT,2026-07-16 00:00:00.000,1.288e-05,0.00037500,Regular
VTHOUSDT,2026-07-16 04:00:00.003,5e-05,0.00037500,Regular
VTHOUSDT,2026-07-16 08:00:00.003,5e-05,0.00037411,Regular
VTHOUSDT,2026-07-16 12:00:00.001,5e-05,0.00037181,Regular
VTHOUSDT,2026-07-16 16:00:00.002,5e-05,0.00037226,Regular
VTHOUSDT,2026-07-16 20:00:00.002,5e-05,0.00036928,Regular
VTHOUSDT,2026-07-17 00:00:00.000,5e-05,0.00036759,Regular
VTHOUSDT,2026-07-17 04:00:00.000,5e-05,0.00036710,Regular
VTHOUSDT,2026-07-17 08:00:00.010,5e-05,0.00036300,Regular
VTHOUSDT,2026-07-17 12:00:00.004,5e-05,0.00036450,Regular
VTHOUSDT,2026-07-17 16:00:00.004,5e-05,0.00036521,Regular
VTHOUSDT,2026-07-17 20:00:00.000,5e-05,0.00036596,Regular
VTHOUSDT,2026-07-18 00:00:00.000,5e-05,0.00036600,Regular
VTHOUSDT,2026-07-18 04:00:00.000,5e-05,0.00036483,Regular
VTHOUSDT,2026-07-18 08:00:00.000,5e-05,0.00036356,Regular
VTHOUSDT,2026-07-18 12:00:00.002,-6.797e-05,0.00036530,Regular
VTHOUSDT,2026-07-18 16:00:00.001,-5.01e-05,0.00037093,Regular
VTHOUSDT,2026-07-18 20:00:00.004,-7.656e-05,0.00038144,Regular
VTHOUSDT,2026-07-19 00:00:00.003,-6.14e-05,0.00037546,Regular
VTHOUSDT,2026-07-19 04:00:00.000,5e-05,0.00037302,Regular
VTHOUSDT,2026-07-19 08:00:00.000,5e-05,0.00037270,Regular
VTHOUSDT,2026-07-19 12:00:00.000,5e-05,0.00037405,Regular
VTHOUSDT,2026-07-19 16:00:00.001,-4.48e-06,0.00037324,Regular
VTHOUSDT,2026-07-19 20:00:00.004,-0.00015822,0.00036810,Regular
VTHOUSDT,2026-07-20 00:00:00.000,5e-05,0.00036813,Regular
VTHOUSDT,2026-07-20 04:00:00.000,2.427e-05,0.00036530,Regular
VTHOUSDT,2026-07-20 08:00:00.001,2.859e-05,0.00036182,Regular
VTHOUSDT,2026-07-20 12:00:00.000,5e-05,0.00036350,Regular
VTHOUSDT,2026-07-20 16:00:00.004,5e-05,0.00036522,Regular
VTHOUSDT,2026-07-20 20:00:00.002,5e-05,0.00036554,Regular
VTHOUSDT,2026-07-21 00:00:00.001,3.831e-05,0.00036620,Regular
VTHOUSDT,2026-07-21 04:00:00.000,5e-05,0.00036730,Regular
VTHOUSDT,2026-07-21 08:00:00.000,5e-05,0.00037105,Regular
VTHOUSDT,2026-07-21 12:00:00.000,4.532e-05,0.00036970,Regular
VTHOUSDT,2026-07-21 16:00:00.002,5e-05,0.00037010,Regular
VTHOUSDT,2026-07-21 20:00:00.000,5e-05,0.00036958,Regular
VTHOUSDT,2026-07-22 00:00:00.000,5e-05,0.00037054,Regular
VTHOUSDT,2026-07-22 04:00:00.008,5e-05,0.00036742,Regular
VTHOUSDT,2026-07-22 08:00:00.000,3.489e-05,0.00036641,Regular
VTHOUSDT,2026-07-22 12:00:00.000,5e-05,0.00036520,Regular
VTHOUSDT,2026-07-22 16:00:00.001,5e-05,0.00036983,Regular
VTHOUSDT,2026-07-22 20:00:00.000,5e-05,0.00036779,Regular
VTHOUSDT,2026-07-23 00:00:00.000,5e-05,0.00036590,Regular
VTHOUSDT,2026-07-23 04:00:00.006,5e-05,0.00036270,Regular
VTHOUSDT,2026-07-23 08:00:00.000,5e-05,0.00036320,Regular
VTHOUSDT,2026-07-23 12:00:00.000,5e-05,0.00036422,Regular
VTHOUSDT,2026-07-23 16:00:00.000,5e-05,0.00036205,Regular
VTHOUSDT,2026-07-23 20:00:00.000,5e-05,0.00035929,Regular
VTHOUSDT,2026-07-24 00:00:00.000,5e-05,0.00036104,Regular
VTHOUSDT,2026-07-24 04:00:00.001,5e-05,0.00035920,Regular
VTHOUSDT,2026-07-24 08:00:00.000,5e-05,0.00036190,Regular
VTHOUSDT,2026-07-24 12:00:00.000,5e-05,0.00036026,Regular
VTHOUSDT,2026-07-24 16:00:00.008,5e-05,0.00035600,Regular
VTHOUSDT,2026-07-24 20:00:00.001,5e-05,0.00035680,Regular
VTHOUSDT,2026-07-25 00:00:00.002,5e-05,0.00035731,Regular
VTHOUSDT,2026-07-25 04:00:00.000,4.441e-05,0.00035742,Regular
VTHOUSDT,2026-07-25 08:00:00.000,5e-05,0.00035670,Regular
VTHOUSDT,2026-07-25 12:00:00.000,5e-05,0.00035570,Regular
VTHOUSDT,2026-07-25 16:00:00.000,5e-05,0.00035879,Regular
VTHOUSDT,2026-07-25 20:00:00.003,1.665e-05,0.00036105,Regular
VTHOUSDT,2026-07-26 00:00:00.000,-8.236e-05,0.00036000,Regular
VTHOUSDT,2026-07-26 04:00:00.000,5e-05,0.00035990,Regular
VTHOUSDT,2026-07-26 08:00:00.002,5e-05,0.00036050,Regular
VTHOUSDT,2026-07-26 12:00:00.000,5e-05,0.00036135,Regular
VTHOUSDT,2026-07-26 16:00:00.000,5e-05,0.00036125,Regular
VTHOUSDT,2026-07-26 20:00:00.000,5e-05,0.00036030,Regular
VTHOUSDT,2026-07-27 00:00:00.010,5e-05,0.00036300,Regular
VTHOUSDT,2026-07-27 04:00:00.000,5e-05,0.00036040,Regular
VTHOUSDT,2026-07-27 08:00:00.000,5e-05,0.00035886,Regular
VTHOUSDT,2026-07-27 12:00:00.000,5e-05,0.00035644,Regular
VTHOUSDT,2026-07-27 16:00:00.001,-1.675e-05,0.00034734,Regular
VTHOUSDT,2026-07-27 20:00:00.004,5e-05,0.00034930,Regular
VTHOUSDT,2026-07-28 00:00:00.000,-0.00016034,0.00034200,Regular
VTHOUSDT,2026-07-28 04:00:00.012,3.541e-05,0.00033980,Regular
VTHOUSDT,2026-07-28 08:00:00.000,4.911e-05,0.00033410,Regular
VTHOUSDT,2026-07-28 12:00:00.001,5e-05,0.00033663,Regular
VTHOUSDT,2026-07-28 16:00:00.000,5e-05,0.00034280,Regular
VTHOUSDT,2026-07-28 20:00:00.000,5e-05,0.00034073,Regular
VTHOUSDT,2026-07-29 00:00:00.000,-5.029e-05,0.00034060,Regular
VTHOUSDT,2026-07-29 04:00:00.000,-0.00014624,0.00032851,Regular
VTHOUSDT,2026-07-29 08:00:00.002,5e-05,0.00033106,Regular
VTHOUSDT,2026-07-29 12:00:00.007,5e-05,0.00032926,Regular
VTHOUSDT,2026-07-29 16:00:00.000,-9.243e-05,0.00032660,Regular
VTHOUSDT,2026-07-29 20:00:00.003,-8.42e-05,0.00032520,Regular
VTHOUSDT,2026-07-30 00:00:00.000,5e-05,0.00032700,Regular
VTHOUSDT,2026-07-30 04:00:00.001,5e-05,0.00033020,Regular
VTHOUSDT,2026-07-30 08:00:00.000,5e-05,0.00033180,Regular
VTHOUSDT,2026-07-30 12:00:00.000,3.864e-05,0.00033176,Regular
VTHOUSDT,2026-07-30 16:00:00.000,5e-05,0.00033386,Regular
VTHOUSDT,2026-07-30 20:00:00.003,-0.00027038,0.00033179,Regular
VTHOUSDT,2026-07-31 00:00:00.003,5e-05,0.00033265,Regular
VTHOUSDT,2026-07-31 04:00:00.000,5e-05,0.00033370,Regular
VTHOUSDT,2026-07-31 08:00:00.000,5e-05,0.00033380,Regular
VTHOUSDT,2026-07-31 12:00:00.000,-0.00019796,0.00033160,Regular
VTHOUSDT,2026-07-31 16:00:00.000,5e-05,0.00033261,Regular
VTHOUSDT,2026-07-31 20:00:00.001,5e-05,0.00033320,Regular
VTHOUSDT,2026-08-01 00:00:00.001,5e-05,0.00033386,Regular
VTHOUSDT,2026-08-01 04:00:00.000,5e-05,0.00033875,Regular
VTHOUSDT,2026-08-01 08:00:00.000,3.75e-05,0.00034356,Regular
VTHOUSDT,2026-08-01 12:00:00.000,5e-05,0.00033725,Regular
VTHOUSDT,2026-08-01 16:00:00.000,-1.277e-05,0.00033569,Regular
VTHOUSDT,2026-08-01 20:00:00.000,5e-05,0.00033202,Regular
VTHOUSDT,2026-08-02 00:00:00.000,5e-05,0.00033060,Regular
VTHOUSDT,2026-08-02 04:00:00.000,5e-05,0.00033356,Regular
VTHOUSDT,2026-08-02 08:00:00.000,1.475e-05,0.00033155,Regular
VTHOUSDT,2026-08-02 12:00:00.007,5e-05,0.00033056,Regular
VTHOUSDT,2026-08-02 16:00:00.000,5e-05,0.00033066,Regular
VTHOUSDT,2026-08-02 20:00:00.002,-3.02e-05,0.00033100,Regular
VTHOUSDT,2026-08-03 00:00:00.000,5e-05,0.00033121,Regular
VTHOUSDT,2026-08-03 04:00:00.000,-4.044e-05,0.00032950,Regular
VTHOUSDT,2026-08-03 08:00:00.000,-9.177e-05,0.00032794,Regular
VTHOUSDT,2026-08-03 12:00:00.000,-6.938e-05,0.00032591,Regular
VTHOUSDT,2026-08-03 16:00:00.000,5e-05,0.00033451,Regular
VTHOUSDT,2026-08-03 20:00:00.003,-0.00017867,0.00033272,Regular
VTHOUSDT,2026-08-04 00:00:00.004,-0.00015679,0.00033090,Regular
VTHOUSDT,2026-08-04 04:00:00.002,5e-05,0.00033055,Regular
VTHOUSDT,2026-08-04 08:00:00.002,-0.00029286,0.00033120,Regular
VTHOUSDT,2026-08-04 12:00:00.002,1.068e-05,0.00033111,Regular
VTHOUSDT,2026-08-04 16:00:00.000,5e-05,0.00032960,Regular
VTHOUSDT,2026-08-04 20:00:00.000,5e-05,0.00033010,Regular
VTHOUSDT,2026-08-05 00:00:00.003,5e-05,0.00032816,Regular
VTHOUSDT,2026-08-05 04:00:00.001,5e-05,0.00032830,Regular
VTHOUSDT,2026-08-05 08:00:00.004,5e-05,0.00033091,Regular
VTHOUSDT,2026-08-05 12:00:00.008,5e-05,0.00032995,Regular
VTHOUSDT,2026-08-05 16:00:00.000,5e-05,0.00033002,Regular
VTHOUSDT,2026-08-05 20:00:00.000,5e-05,0.00033092,Regular
VTHOUSDT,2026-08-06 00:00:00.002,5e-05,0.00033005,Regular
VTHOUSDT,2026-08-06 04:00:00.000,3.674e-05,0.00033003,Regular
VTHOUSDT,2026-08-06 08:00:00.000,5e-05,0.00033320,Regular
VTHOUSDT,2026-08-06 12:00:00.000,-2.076e-05,0.00033234,Regular
VTHOUSDT,2026-08-06 16:00:00.000,5e-05,0.00033490,Regular
VTHOUSDT,2026-08-06 20:00:00.001,5e-05,0.00033366,Regular
VTHOUSDT,2026-08-07 00:00:00.000,5e-05,0.00033301,Regular
VTHOUSDT,2026-08-07 04:00:00.000,5e-05,0.00033286,Regular
VTHOUSDT,2026-08-07 08:00:00.000,5e-05,0.00033686,Regular
VTHOUSDT,2026-08-07 12:00:00.000,5e-05,0.00033435,Regular
VTHOUSDT,2026-08-07 16:00:00.000,5e-05,0.00033445,Regular
VTHOUSDT,2026-08-07 20:00:00.000,5e-05,0.00033350,Regular
VTHOUSDT,2026-08-08 00:00:00.001,3.656e-05,0.00033219,Regular
VTHOUSDT,2026-08-08 04:00:00.000,5e-05,0.00033531,Regular
VTHOUSDT,2026-08-08 08:00:00.000,5e-05,0.00034020,Regular
VTHOUSDT,2026-08-08 12:00:00.001,3.982e-05,0.00034095,Regular
VTHOUSDT,2026-08-08 16:00:00.002,5e-05,0.00034081,Regular
VTHOUSDT,2026-08-08 20:00:00.000,5e-05,0.00034012,Regular
VTHOUSDT,2026-08-09 00:00:00.000,5e-05,0.00034156,Regular
VTHOUSDT,2026-08-09 04:00:00.000,5e-05,0.00034353,Regular
VTHOUSDT,2026-08-09 08:00:00.005,5e-05,0.00034340,Regular
VTHOUSDT,2026-08-09 12:00:00.000,5e-05,0.00034392,Regular
VTHOUSDT,2026-08-09 16:00:00.000,5e-05,0.00034460,Regular
VTHOUSDT,2026-08-09 20:00:00.000,5e-05,0.00034520,Regular
VTHOUSDT,2026-08-10 00:00:00.001,5e-05,0.00034250,Regular
VTHOUSDT,2026-08-10 04:00:00.000,5e-05,0.00034260,Regular
VTHOUSDT,2026-08-10 08:00:00.005,5e-05,0.00034314,Regular
VTHOUSDT,2026-08-10 12:00:00.000,5e-05,0.00034250,Regular
VTHOUSDT,2026-08-10 16:00:00.000,5e-05,0.00034000,Regular
VTHOUSDT,2026-08-10 20:00:00.000,5e-05,0.00033824,Regular
VTHOUSDT,2026-08-11 00:00:00.000,5e-05,0.00033663,Regular
VTHOUSDT,2026-08-11 04:00:00.000,5e-05,0.00033650,Regular
VTHOUSDT,2026-08-11 08:00:00.006,4.028e-05,0.00033325,Regular
VTHOUSDT,2026-08-11 12:00:00.001,5e-05,0.00033244,Regular
VTHOUSDT,2026-08-11 16:00:00.000,-3.12e-06,0.00032660,Regular
VTHOUSDT,2026-08-11 20:00:00.003,5e-05,0.00032694,Regular
VTHOUSDT,2026-08-12 00:00:00.001,5e-05,0.00032760,Regular
VTHOUSDT,2026-08-12 04:00:00.000,5e-05,0.00032630,Regular
VTHOUSDT,2026-08-12 08:00:00.000,5e-05,0.00032644,Regular
VTHOUSDT,2026-08-12 12:00:00.000,5e-05,0.00032845,Regular
VTHOUSDT,2026-08-12 16:00:00.000,5e-05,0.00032620,Regular
VTHOUSDT,2026-08-12 20:00:00.001,-4.704e-05,0.00032329,Regular
VTHOUSDT,2026-08-13 00:00:00.000,3.801e-05,0.00032130,Regular
VTHOUSDT,2026-08-13 04:00:00.000,5e-05,0.00031970,Regular
VTHOUSDT,2026-08-13 08:00:00.000,5e-05,0.00032090,Regular
VTHOUSDT,2026-08-13 12:00:00.000,5e-05,0.00032238,Regular
VTHOUSDT,2026-08-13 16:00:00.000,5e-05,0.00032239,Regular
VTHOUSDT,2026-08-13 20:00:00.002,5e-05,0.00032110,Regular
VTHOUSDT,2026-08-14 00:00:00.000,5e-05,0.00032305,Regular
VTHOUSDT,2026-08-14 04:00:00.001,5e-05,0.00031886,Regular
VTHOUSDT,2026-08-14 08:00:00.001,5e-05,0.00031327,Regular
VTHOUSDT,2026-08-14 12:00:00.002,5e-05,0.00031365,Regular
VTHOUSDT,2026-08-14 16:00:00.001,5e-05,0.00031527,Regular
VTHOUSDT,2026-08-14 20:00:00.000,5e-05,0.00031544,Regular
VTHOUSDT,2026-08-15 00:00:00.003,5e-05,0.00031650,Regular
VTHOUSDT,2026-08-15 04:00:00.000,5e-05,0.00031743,Regular
VTHOUSDT,2026-08-15 08:00:00.002,5e-05,0.00031686,Regular
VTHOUSDT,2026-08-15 12:00:00.001,5e-05,0.00032063,Regular
VTHOUSDT,2026-08-15 16:00:00.000,5e-05,0.00032570,Regular
VTHOUSDT,2026-08-15 20:00:00.003,5e-05,0.00032070,Regular
VTHOUSDT,2026-08-16 00:00:00.000,5e-05,0.00031930,Regular
VTHOUSDT,2026-08-16 04:00:00.001,5e-05,0.00031780,Regular
VTHOUSDT,2026-08-16 08:00:00.002,5e-05,0.00031684,Regular
VTHOUSDT,2026-08-16 12:00:00.008,5e-05,0.00031690,Regular
VTHOUSDT,2026-08-16 16:00:00.000,5e-05,0.00031844,Regular
VTHOUSDT,2026-08-16 20:00:00.000,5e-05,0.00031720,Regular
VTHOUSDT,2026-08-17 00:00:00.001,5e-05,0.00031370,Regular
VTHOUSDT,2026-08-17 04:00:00.001,5e-05,0.00031585,Regular
VTHOUSDT,2026-08-17 08:00:00.003,5e-05,0.00031540,Regular
VTHOUSDT,2026-08-17 12:00:00.002,5e-05,0.00031432,Regular
VTHOUSDT,2026-08-17 16:00:00.005,5e-05,0.00031630,Regular
VTHOUSDT,2026-08-17 20:00:00.000,5e-05,0.00031446,Regular
VTHOUSDT,2026-08-18 00:00:00.006,5e-05,0.00031380,Regular
VTHOUSDT,2026-08-18 04:00:00.001,-4.572e-05,0.00030770,Regular
VTHOUSDT,2026-08-18 08:00:00.001,5e-05,0.00030920,Regular
VTHOUSDT,2026-08-18 12:00:00.000,5e-05,0.00030890,Regular
VTHOUSDT,2026-08-18 16:00:00.003,5e-05,0.00031014,Regular
VTHOUSDT,2026-08-18 20:00:00.008,3.114e-05,0.00030945,Regular
VTHOUSDT,2026-08-19 00:00:00.000,3.596e-05,0.00030926,Regular
VTHOUSDT,2026-08-19 04:00:00.001,5e-05,0.00030900,Regular
VTHOUSDT,2026-08-19 08:00:00.000,5e-05,0.00030722,Regular
VTHOUSDT,2026-08-19 12:00:00.000,5e-05,0.00030940,Regular
VTHOUSDT,2026-08-19 16:00:00.004,5e-05,0.00032130,Regular
VTHOUSDT,2026-08-19 20:00:00.009,5e-05,0.00032155,Regular
VTHOUSDT,2026-08-20 00:00:00.001,5e-05,0.00033036,Regular
VTHOUSDT,2026-08-20 04:00:00.011,5e-05,0.00032845,Regular
VTHOUSDT,2026-08-20 08:00:00.000,-2.159e-05,0.00032980,Regular
VTHOUSDT,2026-08-20 12:00:00.002,1.108e-05,0.00033675,Regular
VTHOUSDT,2026-08-20 16:00:00.005,5e-05,0.00034150,Regular
VTHOUSDT,2026-08-20 20:00:00.001,-9.36e-06,0.00034161,Regular
VTHOUSDT,2026-08-21 00:00:00.004,5e-05,0.00035282,Regular
VTHOUSDT,2026-08-21 04:00:00.000,5e-05,0.00035800,Regular
VTHOUSDT,2026-08-21 08:00:00.000,5e-05,0.00036160,Regular
VTHOUSDT,2026-08-21 12:00:00.000,5e-05,0.00036865,Regular
VTHOUSDT,2026-08-21 16:00:00.001,5e-05,0.00037680,Regular
VTHOUSDT,2026-08-21 20:00:00.000,5e-05,0.00037133,Regular
VTHOUSDT,2026-08-22 00:00:00.000,5e-05,0.00037770,Regular
VTHOUSDT,2026-08-22 04:00:00.004,5e-05,0.00039290,Regular
VTHOUSDT,2026-08-22 08:00:00.000,5e-05,0.00037990,Regular
VTHOUSDT,2026-08-22 12:00:00.002,5e-05,0.00037190,Regular
VTHOUSDT,2026-08-22 16:00:00.000,5e-05,0.00037040,Regular
VTHOUSDT,2026-08-22 20:00:00.001,5e-05,0.00037459,Regular
VTHOUSDT,2026-08-23 00:00:00.000,5e-05,0.00036781,Regular
VTHOUSDT,2026-08-23 04:00:00.004,5e-05,0.00035810,Regular
VTHOUSDT,2026-08-23 08:00:00.000,5e-05,0.00035460,Regular
VTHOUSDT,2026-08-23 12:00:00.002,5e-05,0.00036400,Regular
VTHOUSDT,2026-08-23 16:00:00.006,5e-05,0.00037010,Regular
VTHOUSDT,2026-08-23 20:00:00.000,5e-05,0.00037075,Regular
VTHOUSDT,2026-08-24 00:00:00.001,5e-05,0.00037420,Regular
VTHOUSDT,2026-08-24 04:00:00.000,5e-05,0.00036615,Regular
VTHOUSDT,2026-08-24 08:00:00.002,5e-05,0.00036790,Regular
VTHOUSDT,2026-08-24 12:00:00.000,5e-05,0.00038231,Regular
VTHOUSDT,2026-08-24 16:00:00.000,5e-05,0.00037760,Regular
VTHOUSDT,2026-08-24 20:00:00.000,5e-05,0.00037560,Regular
VTHOUSDT,2026-08-25 00:00:00.001,5e-05,0.00037740,Regular
VTHOUSDT,2026-08-25 04:00:00.001,5e-05,0.00037888,Regular
VTHOUSDT,2026-08-25 08:00:00.000,5e-05,0.00037990,Regular
VTHOUSDT,2026-08-25 12:00:00.001,5e-05,0.00039027,Regular
VTHOUSDT,2026-08-25 16:00:00.005,5e-05,0.00038470,Regular
VTHOUSDT,2026-08-25 20:00:00.000,5e-05,0.00037830,Regular
VTHOUSDT,2026-08-26 00:00:00.000,5e-05,0.00037240,Regular
VTHOUSDT,2026-08-26 04:00:00.000,5e-05,0.00037685,Regular
VTHOUSDT,2026-08-26 08:00:00.005,5e-05,0.00037600,Regular
VTHOUSDT,2026-08-26 12:00:00.000,5e-05,0.00037430,Regular
VTHOUSDT,2026-08-26 16:00:00.000,5e-05,0.00037501,Regular
VTHOUSDT,2026-08-26 20:00:00.000,5e-05,0.00038160,Regular
VTHOUSDT,2026-08-27 00:00:00.000,5e-05,0.00040326,Regular
VTHOUSDT,2026-08-27 04:00:00.000,5e-05,0.00039288,Regular
VTHOUSDT,2026-08-27 08:00:00.000,5e-05,0.00039340,Regular
VTHOUSDT,2026-08-27 12:00:00.000,5e-05,0.00040140,Regular
VTHOUSDT,2026-08-27 16:00:00.013,5e-05,0.00040719,Regular
VTHOUSDT,2026-08-27 20:00:00.000,3.399e-05,0.00041570,Regular
VTHOUSDT,2026-08-28 00:00:00.026,5e-05,0.00041230,Regular
VTHOUSDT,2026-08-28 04:00:00.008,5e-05,0.00039899,Regular
VTHOUSDT,2026-08-28 08:00:00.000,5e-05,0.00039206,Regular
VTHOUSDT,2026-08-28 12:00:00.004,5e-05,0.00039855,Regular
VTHOUSDT,2026-08-28 16:00:00.001,-2.237e-05,0.00039832,Regular
VTHOUSDT,2026-08-28 20:00:00.000,5e-05,0.00039300,Regular
VTHOUSDT,2026-08-29 00:00:00.000,5e-05,0.00039875,Regular
VTHOUSDT,2026-08-29 04:00:00.000,5e-05,0.00039765,Regular
VTHOUSDT,2026-08-29 08:00:00.000,5e-05,0.00040039,Regular
VTHOUSDT,2026-08-29 12:00:00.000,5e-05,0.00039730,Regular
VTHOUSDT,2026-08-29 16:00:00.002,5e-05,0.00040110,Regular
VTHOUSDT,2026-08-29 20:00:00.002,5e-05,0.00040107,Regular
VTHOUSDT,2026-08-30 00:00:00.000,5e-05,0.00040994,Regular
VTHOUSDT,2026-08-30 04:00:00.000,5e-05,0.00040431,Regular
VTHOUSDT,2026-08-30 08:00:00.000,5e-05,0.00040787,Regular
VTHOUSDT,2026-08-30 12:00:00.000,5e-05,0.00041314,Regular
VTHOUSDT,2026-08-30 16:00:00.001,5e-05,0.00041005,Regular
VTHOUSDT,2026-08-30 20:00:00.000,5e-05,0.00041070,Regular
VTHOUSDT,2026-08-31 00:00:00.002,5e-05,0.00039420,Regular
VTHOUSDT,2026-08-31 04:00:00.002,5e-05,0.00040455,Regular
VTHOUSDT,2026-08-31 08:00:00.002,5e-05,0.00040640,Regular
VTHOUSDT,2026-08-31 12:00:00.003,5e-05,0.00040231,Regular
VTHOUSDT,2026-08-31 16:00:00.001,5e-05,0.00039925,Regular
VTHOUSDT,2026-08-31 20:00:00.000,5e-05,0.00040030,Regular
VTHOUSDT,2026-09-01 00:00:00.005,5e-05,0.00040140,Regular
VTHOUSDT,2026-09-01 04:00:00.007,5e-05,0.00040240,Regular
VTHOUSDT,2026-09-01 08:00:00.000,5e-05,0.00040134,Regular
VTHOUSDT,2026-09-01 12:00:00.001,5e-05,0.00040023,Regular
VTHOUSDT,2026-09-01 16:00:00.000,5e-05,0.00039640,Regular
VTHOUSDT,2026-09-01 20:00:00.000,5e-05,0.00038975,Regular
VTHOUSDT,2026-09-02 00:00:00.000,5e-05,0.00038840,Regular
VTHOUSDT,2026-09-02 04:00:00.000,5e-05,0.00039155,Regular
VTHOUSDT,2026-09-02 08:00:00.001,5e-05,0.00039123,Regular
VTHOUSDT,2026-09-02 12:00:00.000,5e-05,0.00038740,Regular
VTHOUSDT,2026-09-02 16:00:00.005,5e-05,0.00038529,Regular
VTHOUSDT,2026-09-02 20:00:00.000,5e-05,0.00038190,Regular
VTHOUSDT,2026-09-03 00:00:00.000,5e-05,0.00038292,Regular
VTHOUSDT,2026-09-03 04:00:00.000,5e-05,0.00038680,Regular
VTHOUSDT,2026-09-03 08:00:00.000,5e-05,0.00038880,Regular
VTHOUSDT,2026-09-03 12:00:00.002,5e-05,0.00039090,Regular
VTHOUSDT,2026-09-03 16:00:00.000,5e-05,0.00040147,Regular
VTHOUSDT,2026-09-03 20:00:00.000,5e-05,0.00040696,Regular
VTHOUSDT,2026-09-04 00:00:00.000,5e-05,0.00040480,Regular
VTHOUSDT,2026-09-04 04:00:00.000,5e-05,0.00040060,Regular
VTHOUSDT,2026-09-04 08:00:00.000,5e-05,0.00040050,Regular
VTHOUSDT,2026-09-04 12:00:00.003,5e-05,0.00040215,Regular
VTHOUSDT,2026-09-04 16:00:00.009,5e-05,0.00039880,Regular
VTHOUSDT,2026-09-04 20:00:00.000,5e-05,0.00040179,Regular
VTHOUSDT,2026-09-05 00:00:00.000,5e-05,0.00040295,Regular
VTHOUSDT,2026-09-05 04:00:00.001,5e-05,0.00040558,Regular
VTHOUSDT,2026-09-05 08:00:00.000,5e-05,0.00040940,Regular
VTHOUSDT,2026-09-05 12:00:00.007,5e-05,0.00040806,Regular
VTHOUSDT,2026-09-05 16:00:00.001,5e-05,0.00041030,Regular
VTHOUSDT,2026-09-05 20:00:00.000,5e-05,0.00040990,Regular
VTHOUSDT,2026-09-06 00:00:00.000,5e-05,0.00041420,Regular
VTHOUSDT,2026-09-06 04:00:00.005,5e-05,0.00042540,Regular
VTHOUSDT,2026-09-06 08:00:00.000,5e-05,0.00042043,Regular
VTHOUSDT,2026-09-06 12:00:00.001,5e-05,0.00042382,Regular
VTHOUSDT,2026-09-06 16:00:00.004,5e-05,0.00042150,Regular
VTHOUSDT,2026-09-06 20:00:00.000,5e-05,0.00042198,Regular
VTHOUSDT,2026-09-07 00:00:00.004,5e-05,0.00042540,Regular
VTHOUSDT,2026-09-07 04:00:00.001,5e-05,0.00042280,Regular
VTHOUSDT,2026-09-07 08:00:00.000,5e-05,0.00042140,Regular
VTHOUSDT,2026-09-07 12:00:00.000,5e-05,0.00042434,Regular
VTHOUSDT,2026-09-07 16:00:00.003,5e-05,0.00041720,Regular
VTHOUSDT,2026-09-07 20:00:00.000,5e-05,0.00042040,Regular
VTHOUSDT,2026-09-08 00:00:00.004,5e-05,0.00041795,Regular
VTHOUSDT,2026-09-08 04:00:00.000,5e-05,0.00041860,Regular
VTHOUSDT,2026-09-08 08:00:00.002,5e-05,0.00042050,Regular
VTHOUSDT,2026-09-08 12:00:00.006,5e-05,0.00044680,Regular
VTHOUSDT,2026-09-08 16:00:00.001,5e-05,0.00044740,Regular
VTHOUSDT,2026-09-08 20:00:00.002,5e-05,0.00044620,Regular
VTHOUSDT,2026-09-09 00:00:00.005,5e-05,0.00045290,Regular
VTHOUSDT,2026-09-09 04:00:00.004,5e-05,0.00044696,Regular
VTHOUSDT,2026-09-09 08:00:00.004,5e-05,0.00044517,Regular
VTHOUSDT,2026-09-09 12:00:00.004,5e-05,0.00044161,Regular
VTHOUSDT,2026-09-09 16:00:00.002,5e-05,0.00043307,Regular
VTHOUSDT,2026-09-09 20:00:00.000,5e-05,0.00043350,Regular
VTHOUSDT,2026-09-10 00:00:00.000,-2.655e-05,0.00043232,Regular
VTHOUSDT,2026-09-10 04:00:00.000,-0.01597985,0.00069125,Regular
VTHOUSDT,2026-09-10 08:00:00.007,-0.01564113,0.00065594,Regular
VTHOUSDT,2026-09-10 12:00:00.000,-0.01475458,0.00066950,Regular
VTHOUSDT,2026-09-10 16:00:00.002,-0.01113314,0.00062900,Regular
VTHOUSDT,2026-09-10 20:00:00.000,-0.00564215,0.00058204,Regular
VTHOUSDT,2026-09-11 00:00:00.008,-0.01137037,0.00057100,Regular
VTHOUSDT,2026-09-11 04:00:00.005,-0.0028282,0.00049920,Regular
VTHOUSDT,2026-09-11 08:00:00.000,-0.00511449,0.00054400,Regular
VTHOUSDT,2026-09-11 12:00:00.000,-0.01078258,0.00056141,Regular
VTHOUSDT,2026-09-11 16:00:00.000,-0.00478982,0.00057592,Regular
VTHOUSDT,2026-09-11 20:00:00.004,-0.00181084,0.00056971,Regular
VTHOUSDT,2026-09-12 00:00:00.001,-0.00738865,0.00057290,Regular
VTHOUSDT,2026-09-12 04:00:00.002,-0.00752489,0.00057362,Regular
VTHOUSDT,2026-09-12 08:00:00.003,-0.00209351,0.00072510,Regular
VTHOUSDT,2026-09-12 12:00:00.000,-0.00330747,0.00068390,Regular
VTHOUSDT,2026-09-12 16:00:00.000,-0.0029595,0.00066153,Regular
VTHOUSDT,2026-09-12 20:00:00.000,-0.0028799,0.00066570,Regular
VTHOUSDT,2026-09-13 00:00:00.002,-0.00403579,0.00066047,Regular
VTHOUSDT,2026-09-13 04:00:00.007,-0.00350735,0.00075072,Regular
VTHOUSDT,2026-09-13 08:00:00.000,-0.00348131,0.00089890,Regular
VTHOUSDT,2026-09-13 12:00:00.001,-0.0016164,0.00089290,Regular
