symbol,fundingTime,fundingRate,markPrice,rateType
XRPUSDT,2023-09-14 16:00:00.000,7.325e-05,,Regular
XRPUSDT,2023-09-15 00:00:00.000,1.115e-05,,Regular
XRPUSDT,2023-09-15 08:00:00.000,8.71e-05,,Regular
XRPUSDT,2023-09-15 16:00:00.000,9.687e-05,,Regular
XRPUSDT,2023-09-16 00:00:00.000,3.15e-06,,Regular
XRPUSDT,2023-09-16 08:00:00.000,0.0001,,Regular
XRPUSDT,2023-09-16 16:00:00.000,7.496e-05,,Regular
XRPUSDT,2023-09-17 00:00:00.000,3.927e-05,,Regular
XRPUSDT,2023-09-17 08:00:00.000,7.401e-05,,Regular
XRPUSDT,2023-09-17 16:00:00.000,7.21e-05,,Regular
XRPUSDT,2023-09-18 00:00:00.000,-4.79e-06,,Regular
XRPUSDT,2023-09-18 08:00:00.000,0.0001,,Regular
XRPUSDT,2023-09-18 16:00:00.000,0.0001,,Regular
XRPUSDT,2023-09-19 00:00:00.000,4.772e-05,,Regular
XRPUSDT,2023-09-19 08:00:00.001,0.0001,,Regular
XRPUSDT,2023-09-19 16:00:00.000,0.0001,,Regular
XRPUSDT,2023-09-20 00:00:00.000,-5.987e-05,,Regular
XRPUSDT,2023-09-20 08:00:00.000,4.841e-05,,Regular
XRPUSDT,2023-09-20 16:00:00.000,1.316e-05,,Regular
XRPUSDT,2023-09-21 00:00:00.001,1.09e-05,,Regular
XRPUSDT,2023-09-21 08:00:00.000,0.0001,,Regular
XRPUSDT,2023-09-21 16:00:00.000,9.138e-05,,Regular
XRPUSDT,2023-09-22 00:00:00.000,7.371e-05,,Regular
XRPUSDT,2023-09-22 08:00:00.000,0.0001,,Regular
XRPUSDT,2023-09-22 16:00:00.000,0.0001,,Regular
XRPUSDT,2023-09-23 00:00:00.000,4.264e-05,,Regular
XRPUSDT,2023-09-23 08:00:00.000,0.0001,,Regular
XRPUSDT,2023-09-23 16:00:00.000,3.934e-05,,Regular
XRPUSDT,2023-09-24 00:00:00.000,4.218e-05,,Regular
XRPUSDT,2023-09-24 08:00:00.000,0.0001,,Regular
XRPUSDT,2023-09-24 16:00:00.000,0.0001,,Regular
XRPUSDT,2023-09-25 00:00:00.000,3.094e-05,,Regular
XRPUSDT,2023-09-25 08:00:00.000,0.0001,,Regular
XRPUSDT,2023-09-25 16:00:00.000,3.846e-05,,Regular
XRPUSDT,2023-09-26 00:00:00.000,-1.372e-05,,Regular
XRPUSDT,2023-09-26 08:00:00.000,5.469e-05,,Regular
XRPUSDT,2023-09-26 16:00:00.000,1.789e-05,,Regular
XRPUSDT,2023-09-27 00:00:00.000,-3.323e-05,,Regular
XRPUSDT,2023-09-27 08:00:00.001,4.049e-05,,Regular
XRPUSDT,2023-09-27 16:00:00.000,4.781e-05,,Regular
XRPUSDT,2023-09-28 00:00:00.000,7.45e-05,,Regular
XRPUSDT,2023-09-28 08:00:00.000,0.0001,,Regular
XRPUSDT,2023-09-28 16:00:00.000,0.0001,,Regular
XRPUSDT,2023-09-29 00:00:00.000,5.692e-05,,Regular
XRPUSDT,2023-09-29 08:00:00.000,0.0001,,Regular
XRPUSDT,2023-09-29 16:00:00.000,0.0001,,Regular
XRPUSDT,2023-09-30 00:00:00.000,4.835e-05,,Regular
XRPUSDT,2023-09-30 08:00:00.000,9.904e-05,,Regular
XRPUSDT,2023-09-30 16:00:00.000,0.0001,,Regular
XRPUSDT,2023-10-01 00:00:00.000,0.0001,,Regular
XRPUSDT,2023-10-01 08:00:00.000,0.0001,,Regular
XRPUSDT,2023-10-01 16:00:00.000,0.0001,,Regular
XRPUSDT,2023-10-02 00:00:00.000,0.0001,,Regular
XRPUSDT,2023-10-02 08:00:00.000,8.613e-05,,Regular
XRPUSDT,2023-10-02 16:00:00.000,7.143e-05,,Regular
XRPUSDT,2023-10-03 00:00:00.000,3.276e-05,,Regular
XRPUSDT,2023-10-03 08:00:00.000,9.73e-05,,Regular
XRPUSDT,2023-10-03 16:00:00.000,9.28e-05,,Regular
XRPUSDT,2023-10-04 00:00:00.000,-1.633e-05,,Regular
XRPUSDT,2023-10-04 08:00:00.000,9.41e-05,,Regular
XRPUSDT,2023-10-04 16:00:00.000,0.0001,,Regular
XRPUSDT,2023-10-05 00:00:00.000,-4.955e-05,,Regular
XRPUSDT,2023-10-05 08:00:00.000,0.0001,,Regular
XRPUSDT,2023-10-05 16:00:00.001,8.941e-05,,Regular
XRPUSDT,2023-10-06 00:00:00.000,-7.83e-06,,Regular
XRPUSDT,2023-10-06 08:00:00.000,7.523e-05,,Regular
XRPUSDT,2023-10-06 16:00:00.000,0.0001,,Regular
XRPUSDT,2023-10-07 00:00:00.000,-9.48e-06,,Regular
XRPUSDT,2023-10-07 08:00:00.000,0.0001,,Regular
XRPUSDT,2023-10-07 16:00:00.000,1.9e-05,,Regular
XRPUSDT,2023-10-08 00:00:00.000,9.922e-05,,Regular
XRPUSDT,2023-10-08 08:00:00.001,7.271e-05,,Regular
XRPUSDT,2023-10-08 16:00:00.000,5.941e-05,,Regular
XRPUSDT,2023-10-09 00:00:00.000,6.01e-05,,Regular
XRPUSDT,2023-10-09 08:00:00.000,4.411e-05,,Regular
XRPUSDT,2023-10-09 16:00:00.000,-0.00012776,,Regular
XRPUSDT,2023-10-10 00:00:00.000,-0.00013479,,Regular
XRPUSDT,2023-10-10 08:00:00.000,-7.429e-05,,Regular
XRPUSDT,2023-10-10 16:00:00.000,7.925e-05,,Regular
XRPUSDT,2023-10-11 00:00:00.000,-6.292e-05,,Regular
XRPUSDT,2023-10-11 08:00:00.000,0.0001,,Regular
XRPUSDT,2023-10-11 16:00:00.000,5.183e-05,,Regular
XRPUSDT,2023-10-12 00:00:00.000,-3.108e-05,,Regular
XRPUSDT,2023-10-12 08:00:00.000,3.995e-05,,Regular
XRPUSDT,2023-10-12 16:00:00.000,0.0001,,Regular
XRPUSDT,2023-10-13 00:00:00.000,8.69e-05,,Regular
XRPUSDT,2023-10-13 08:00:00.000,5.762e-05,,Regular
XRPUSDT,2023-10-13 16:00:00.000,0.0001,,Regular
XRPUSDT,2023-10-14 00:00:00.000,2.301e-05,,Regular
XRPUSDT,2023-10-14 08:00:00.000,5.873e-05,,Regular
XRPUSDT,2023-10-14 16:00:00.000,0.0001,,Regular
XRPUSDT,2023-10-15 00:00:00.000,6.883e-05,,Regular
XRPUSDT,2023-10-15 08:00:00.000,8.294e-05,,Regular
XRPUSDT,2023-10-15 16:00:00.000,9.985e-05,,Regular
XRPUSDT,2023-10-16 00:00:00.000,7.8e-06,,Regular
XRPUSDT,2023-10-16 08:00:00.000,4.081e-05,,Regular
XRPUSDT,2023-10-16 16:00:00.000,0.0001,,Regular
XRPUSDT,2023-10-17 00:00:00.000,1.235e-05,,Regular
XRPUSDT,2023-10-17 08:00:00.000,0.0001,,Regular
XRPUSDT,2023-10-17 16:00:00.000,0.0001,,Regular
XRPUSDT,2023-10-18 00:00:00.000,1.705e-05,,Regular
XRPUSDT,2023-10-18 08:00:00.000,8.668e-05,,Regular
XRPUSDT,2023-10-18 16:00:00.000,8.866e-05,,Regular
XRPUSDT,2023-10-19 00:00:00.000,-9.86e-06,,Regular
XRPUSDT,2023-10-19 08:00:00.001,-9.28e-06,,Regular
XRPUSDT,2023-10-19 16:00:00.000,-7.16e-06,,Regular
XRPUSDT,2023-10-20 00:00:00.000,-6.544e-05,,Regular
XRPUSDT,2023-10-20 08:00:00.005,0.0001,,Regular
XRPUSDT,2023-10-20 16:00:00.000,0.0001,,Regular
XRPUSDT,2023-10-21 00:00:00.000,-1.113e-05,,Regular
XRPUSDT,2023-10-21 08:00:00.000,7.845e-05,,Regular
XRPUSDT,2023-10-21 16:00:00.000,5.525e-05,,Regular
XRPUSDT,2023-10-22 00:00:00.000,0.0001,,Regular
XRPUSDT,2023-10-22 08:00:00.000,9.874e-05,,Regular
XRPUSDT,2023-10-22 16:00:00.000,3.21e-05,,Regular
XRPUSDT,2023-10-23 00:00:00.000,0.0001,,Regular
XRPUSDT,2023-10-23 08:00:00.001,0.0001,,Regular
XRPUSDT,2023-10-23 16:00:00.001,0.0001,,Regular
XRPUSDT,2023-10-24 00:00:00.000,0.0001,,Regular
XRPUSDT,2023-10-24 08:00:00.000,0.0001,,Regular
XRPUSDT,2023-10-24 16:00:00.000,0.0001,,Regular
XRPUSDT,2023-10-25 00:00:00.000,0.0001,,Regular
XRPUSDT,2023-10-25 08:00:00.000,0.0001,,Regular
XRPUSDT,2023-10-25 16:00:00.001,0.0001,,Regular
XRPUSDT,2023-10-26 00:00:00.001,0.0001,,Regular
XRPUSDT,2023-10-26 08:00:00.000,0.0001,,Regular
XRPUSDT,2023-10-26 16:00:00.000,0.0001,,Regular
XRPUSDT,2023-10-27 00:00:00.000,0.0001,,Regular
XRPUSDT,2023-10-27 08:00:00.000,0.0001,,Regular
XRPUSDT,2023-10-27 16:00:00.000,0.0001,,Regular
XRPUSDT,2023-10-28 00:00:00.000,0.0001,,Regular
XRPUSDT,2023-10-28 08:00:00.001,0.0001,,Regular
XRPUSDT,2023-10-28 16:00:00.000,0.0001,,Regular
XRPUSDT,2023-10-29 00:00:00.000,0.0001,,Regular
XRPUSDT,2023-10-29 08:00:00.000,0.0001,,Regular
XRPUSDT,2023-10-29 16:00:00.000,0.0001,,Regular
XRPUSDT,2023-10-30 00:00:00.000,0.0001,,Regular
XRPUSDT,2023-10-30 08:00:00.000,0.0001,,Regular
XRPUSDT,2023-10-30 16:00:00.000,0.00011666,,Regular
XRPUSDT,2023-10-31 00:00:00.001,0.00015788,,Regular
XRPUSDT,2023-10-31 08:00:00.000,0.0001,0.56847324,Regular
XRPUSDT,2023-10-31 16:00:00.000,0.0001,0.59537097,Regular
XRPUSDT,2023-11-01 00:00:00.000,0.0001,0.59962922,Regular
XRPUSDT,2023-11-01 08:00:00.000,0.0001,0.59850883,Regular
XRPUSDT,2023-11-01 16:00:00.000,0.0001,0.59710000,Regular
XRPUSDT,2023-11-02 00:00:00.001,0.0001,0.60890274,Regular
XRPUSDT,2023-11-02 08:00:00.000,0.0001179,0.60559693,Regular
XRPUSDT,2023-11-02 16:00:00.000,0.00017218,0.60412018,Regular
XRPUSDT,2023-11-03 00:00:00.000,0.00010423,0.60570000,Regular
XRPUSDT,2023-11-03 08:00:00.000,0.0001,0.59676294,Regular
XRPUSDT,2023-11-03 16:00:00.000,0.00019081,0.61183987,Regular
XRPUSDT,2023-11-04 00:00:00.000,0.0001,0.61233081,Regular
XRPUSDT,2023-11-04 08:00:00.000,0.00012373,0.61448117,Regular
XRPUSDT,2023-11-04 16:00:00.000,0.0001,0.61040000,Regular
XRPUSDT,2023-11-05 00:00:00.000,0.0001,0.61542945,Regular
XRPUSDT,2023-11-05 08:00:00.000,0.00032222,0.62274083,Regular
XRPUSDT,2023-11-05 16:00:00.000,0.0001843,0.64450000,Regular
XRPUSDT,2023-11-06 00:00:00.000,0.0001,0.66100000,Regular
XRPUSDT,2023-11-06 08:00:00.001,0.00012298,0.68160000,Regular
XRPUSDT,2023-11-06 16:00:00.000,0.00011051,0.71765522,Regular
XRPUSDT,2023-11-07 00:00:00.001,0.0001,0.71529146,Regular
XRPUSDT,2023-11-07 08:00:00.000,0.00017964,0.69475310,Regular
XRPUSDT,2023-11-07 16:00:00.000,0.0001967,0.67205756,Regular
XRPUSDT,2023-11-08 00:00:00.000,0.0001,0.68520000,Regular
XRPUSDT,2023-11-08 08:00:00.000,0.00012297,0.67461706,Regular
XRPUSDT,2023-11-08 16:00:00.000,0.0001,0.68460000,Regular
XRPUSDT,2023-11-09 00:00:00.000,0.0001,0.68750000,Regular
XRPUSDT,2023-11-09 08:00:00.000,0.00017407,0.69539524,Regular
XRPUSDT,2023-11-09 16:00:00.000,0.00040147,0.68730000,Regular
XRPUSDT,2023-11-10 00:00:00.000,0.0001,0.66700785,Regular
XRPUSDT,2023-11-10 08:00:00.000,0.00044107,0.65380455,Regular
XRPUSDT,2023-11-10 16:00:00.000,0.00015409,0.64730000,Regular
XRPUSDT,2023-11-11 00:00:00.000,0.00026284,0.65990000,Regular
XRPUSDT,2023-11-11 08:00:00.000,0.0001,0.66080000,Regular
XRPUSDT,2023-11-11 16:00:00.000,0.00019884,0.67360000,Regular
XRPUSDT,2023-11-12 00:00:00.000,0.00027518,0.66330721,Regular
XRPUSDT,2023-11-12 08:00:00.000,0.0001,0.66836053,Regular
XRPUSDT,2023-11-12 16:00:00.001,0.00034938,0.66480000,Regular
XRPUSDT,2023-11-13 00:00:00.000,0.00032744,0.66177197,Regular
XRPUSDT,2023-11-13 08:00:00.000,0.00025714,0.65670000,Regular
XRPUSDT,2023-11-13 16:00:00.000,0.00026761,0.65081258,Regular
XRPUSDT,2023-11-14 00:00:00.000,0.00017011,0.67047882,Regular
XRPUSDT,2023-11-14 08:00:00.000,0.00027937,0.66464711,Regular
XRPUSDT,2023-11-14 16:00:00.001,0.0001,0.65410000,Regular
XRPUSDT,2023-11-15 00:00:00.000,0.0001,0.62949646,Regular
XRPUSDT,2023-11-15 08:00:00.000,0.0001,0.62955729,Regular
XRPUSDT,2023-11-15 16:00:00.000,0.0001,0.64022043,Regular
XRPUSDT,2023-11-16 00:00:00.000,0.0001,0.64820000,Regular
XRPUSDT,2023-11-16 08:00:00.000,0.0001,0.65160000,Regular
XRPUSDT,2023-11-16 16:00:00.001,0.0001,0.62210000,Regular
XRPUSDT,2023-11-17 00:00:00.000,0.0001,0.61198145,Regular
XRPUSDT,2023-11-17 08:00:00.001,0.0001,0.61563133,Regular
XRPUSDT,2023-11-17 16:00:00.001,0.0001,0.58995222,Regular
XRPUSDT,2023-11-18 00:00:00.000,0.0001,0.61330000,Regular
XRPUSDT,2023-11-18 08:00:00.000,0.0001,0.60077820,Regular
XRPUSDT,2023-11-18 16:00:00.000,0.0001,0.60754785,Regular
XRPUSDT,2023-11-19 00:00:00.000,0.0001,0.61088341,Regular
XRPUSDT,2023-11-19 08:00:00.000,0.0001,0.61025637,Regular
XRPUSDT,2023-11-19 16:00:00.000,0.0001,0.62092514,Regular
XRPUSDT,2023-11-20 00:00:00.000,0.0001,0.62590000,Regular
XRPUSDT,2023-11-20 08:00:00.000,0.0001,0.62277630,Regular
XRPUSDT,2023-11-20 16:00:00.000,0.0001,0.61942320,Regular
XRPUSDT,2023-11-21 00:00:00.000,0.0001,0.61227481,Regular
XRPUSDT,2023-11-21 08:00:00.000,0.0001,0.60997020,Regular
XRPUSDT,2023-11-21 16:00:00.000,0.0001,0.60430000,Regular
XRPUSDT,2023-11-22 00:00:00.000,0.0001,0.57850650,Regular
XRPUSDT,2023-11-22 08:00:00.000,0.0001,0.59320000,Regular
XRPUSDT,2023-11-22 16:00:00.000,0.0001,0.59340000,Regular
XRPUSDT,2023-11-23 00:00:00.000,0.0001,0.61114669,Regular
XRPUSDT,2023-11-23 08:00:00.000,0.0001,0.61160000,Regular
XRPUSDT,2023-11-23 16:00:00.001,0.0001,0.61610000,Regular
XRPUSDT,2023-11-24 00:00:00.000,0.0001,0.62100000,Regular
XRPUSDT,2023-11-24 08:00:00.000,0.0001,0.62390000,Regular
XRPUSDT,2023-11-24 16:00:00.000,0.0001,0.62230000,Regular
XRPUSDT,2023-11-25 00:00:00.000,0.0001,0.62120000,Regular
XRPUSDT,2023-11-25 08:00:00.000,0.0001,0.62255671,Regular
XRPUSDT,2023-11-25 16:00:00.000,0.0001,0.61940000,Regular
XRPUSDT,2023-11-26 00:00:00.000,0.0001,0.62265378,Regular
XRPUSDT,2023-11-26 08:00:00.000,0.0001,0.62180000,Regular
XRPUSDT,2023-11-26 16:00:00.000,0.0001,0.62222644,Regular
XRPUSDT,2023-11-27 00:00:00.000,0.0001,0.61575760,Regular
XRPUSDT,2023-11-27 08:00:00.001,0.0001,0.60728516,Regular
XRPUSDT,2023-11-27 16:00:00.000,0.0001,0.59782358,Regular
XRPUSDT,2023-11-28 00:00:00.000,0.0001,0.60379080,Regular
XRPUSDT,2023-11-28 08:00:00.000,0.0001,0.60260000,Regular
XRPUSDT,2023-11-28 16:00:00.000,0.0001,0.60858482,Regular
XRPUSDT,2023-11-29 00:00:00.001,0.0001,0.61050000,Regular
XRPUSDT,2023-11-29 08:00:00.000,0.0001,0.61333799,Regular
XRPUSDT,2023-11-29 16:00:00.000,0.0001,0.60787780,Regular
XRPUSDT,2023-11-30 00:00:00.000,0.0001,0.60919237,Regular
XRPUSDT,2023-11-30 08:00:00.000,0.0001,0.60390000,Regular
XRPUSDT,2023-11-30 16:00:00.000,0.0001,0.60215249,Regular
XRPUSDT,2023-12-01 00:00:00.000,0.0001,0.60656262,Regular
XRPUSDT,2023-12-01 08:00:00.000,0.0001,0.61050000,Regular
XRPUSDT,2023-12-01 16:00:00.000,0.00016933,0.60816557,Regular
XRPUSDT,2023-12-02 00:00:00.000,0.0001,0.61289018,Regular
XRPUSDT,2023-12-02 08:00:00.000,0.0001,0.61390000,Regular
XRPUSDT,2023-12-02 16:00:00.000,0.00018347,0.61420000,Regular
XRPUSDT,2023-12-03 00:00:00.000,0.00016267,0.62130000,Regular
XRPUSDT,2023-12-03 08:00:00.000,0.00025658,0.62093827,Regular
XRPUSDT,2023-12-03 16:00:00.000,0.00017299,0.62170000,Regular
XRPUSDT,2023-12-04 00:00:00.000,0.00011617,0.62344982,Regular
XRPUSDT,2023-12-04 08:00:00.000,0.00017218,0.63348053,Regular
XRPUSDT,2023-12-04 16:00:00.000,0.0001,0.61590000,Regular
XRPUSDT,2023-12-05 00:00:00.000,0.0001,0.62478659,Regular
XRPUSDT,2023-12-05 08:00:00.000,0.0001,0.61267365,Regular
XRPUSDT,2023-12-05 16:00:00.000,0.0001,0.61430000,Regular
XRPUSDT,2023-12-06 00:00:00.000,0.00029533,0.62161263,Regular
XRPUSDT,2023-12-06 08:00:00.000,0.00036494,0.62791201,Regular
XRPUSDT,2023-12-06 16:00:00.000,0.00010996,0.62780000,Regular
XRPUSDT,2023-12-07 00:00:00.000,0.00018162,0.64040000,Regular
XRPUSDT,2023-12-07 08:00:00.000,0.0003181,0.64870000,Regular
XRPUSDT,2023-12-07 16:00:00.000,0.00028221,0.63740000,Regular
XRPUSDT,2023-12-08 00:00:00.000,0.00047024,0.64370000,Regular
XRPUSDT,2023-12-08 08:00:00.000,0.0004186,0.64142567,Regular
XRPUSDT,2023-12-08 16:00:00.000,0.00038529,0.66012847,Regular
XRPUSDT,2023-12-09 00:00:00.000,0.00019374,0.67290000,Regular
XRPUSDT,2023-12-09 08:00:00.000,0.00043063,0.69231152,Regular
XRPUSDT,2023-12-09 16:00:00.000,0.00036399,0.68073234,Regular
XRPUSDT,2023-12-10 00:00:00.000,0.00020579,0.65870000,Regular
XRPUSDT,2023-12-10 08:00:00.000,0.00026626,0.66610000,Regular
XRPUSDT,2023-12-10 16:00:00.000,0.0002677,0.66154355,Regular
XRPUSDT,2023-12-11 00:00:00.000,0.00034092,0.66220000,Regular
XRPUSDT,2023-12-11 08:00:00.000,0.0001,0.62162427,Regular
XRPUSDT,2023-12-11 16:00:00.000,0.0001,0.61995548,Regular
XRPUSDT,2023-12-12 00:00:00.000,0.0001,0.61890000,Regular
XRPUSDT,2023-12-12 08:00:00.000,0.0001,0.62520000,Regular
XRPUSDT,2023-12-12 16:00:00.000,0.0001,0.61739310,Regular
XRPUSDT,2023-12-13 00:00:00.000,0.0001,0.61946772,Regular
XRPUSDT,2023-12-13 08:00:00.000,0.0001,0.60522148,Regular
XRPUSDT,2023-12-13 16:00:00.001,0.0001,0.61500000,Regular
XRPUSDT,2023-12-14 00:00:00.000,0.0001,0.62762643,Regular
XRPUSDT,2023-12-14 08:00:00.000,0.0001,0.62634180,Regular
XRPUSDT,2023-12-14 16:00:00.000,0.0001,0.62340000,Regular
XRPUSDT,2023-12-15 00:00:00.000,0.00015907,0.63210000,Regular
XRPUSDT,2023-12-15 08:00:00.000,0.00014826,0.63109505,Regular
XRPUSDT,2023-12-15 16:00:00.000,0.00017118,0.61960000,Regular
XRPUSDT,2023-12-16 00:00:00.000,0.0001,0.61569950,Regular
XRPUSDT,2023-12-16 08:00:00.000,0.00014674,0.62022838,Regular
XRPUSDT,2023-12-16 16:00:00.001,0.00016112,0.62510000,Regular
XRPUSDT,2023-12-17 00:00:00.000,0.0001,0.62060000,Regular
XRPUSDT,2023-12-17 08:00:00.000,0.0001,0.61380000,Regular
XRPUSDT,2023-12-17 16:00:00.000,0.00026295,0.61899306,Regular
XRPUSDT,2023-12-18 00:00:00.000,0.00011245,0.61054476,Regular
XRPUSDT,2023-12-18 08:00:00.001,0.0001,0.60139330,Regular
XRPUSDT,2023-12-18 16:00:00.000,0.0001,0.59666238,Regular
XRPUSDT,2023-12-19 00:00:00.000,0.0001,0.61258783,Regular
XRPUSDT,2023-12-19 08:00:00.000,0.0001,0.61149261,Regular
XRPUSDT,2023-12-19 16:00:00.000,0.0001,0.60580000,Regular
XRPUSDT,2023-12-20 00:00:00.000,0.0001,0.60480000,Regular
XRPUSDT,2023-12-20 08:00:00.000,0.0001,0.61050000,Regular
XRPUSDT,2023-12-20 16:00:00.000,0.00024912,0.62250000,Regular
XRPUSDT,2023-12-21 00:00:00.000,0.0001,0.61740000,Regular
XRPUSDT,2023-12-21 08:00:00.000,0.00022667,0.61694162,Regular
XRPUSDT,2023-12-21 16:00:00.000,0.00038445,0.61610000,Regular
XRPUSDT,2023-12-22 00:00:00.000,0.00046503,0.62460000,Regular
XRPUSDT,2023-12-22 08:00:00.000,0.00037544,0.61945504,Regular
XRPUSDT,2023-12-22 16:00:00.000,0.00049083,0.62040000,Regular
XRPUSDT,2023-12-23 00:00:00.000,0.00034284,0.62508512,Regular
XRPUSDT,2023-12-23 08:00:00.001,0.00027016,0.61560137,Regular
XRPUSDT,2023-12-23 16:00:00.000,0.00037952,0.61865740,Regular
XRPUSDT,2023-12-24 00:00:00.000,0.00038483,0.62000000,Regular
XRPUSDT,2023-12-24 08:00:00.000,0.00038492,0.61700000,Regular
XRPUSDT,2023-12-24 16:00:00.000,0.00048585,0.62200000,Regular
XRPUSDT,2023-12-25 00:00:00.000,0.00020674,0.61277718,Regular
XRPUSDT,2023-12-25 08:00:00.000,0.00031527,0.61660000,Regular
XRPUSDT,2023-12-25 16:00:00.000,0.0005671,0.63426305,Regular
XRPUSDT,2023-12-26 00:00:00.000,0.00039955,0.64661779,Regular
XRPUSDT,2023-12-26 08:00:00.000,0.00032223,0.62223943,Regular
XRPUSDT,2023-12-26 16:00:00.000,0.00045937,0.62042024,Regular
XRPUSDT,2023-12-27 00:00:00.000,0.00031355,0.62240000,Regular
XRPUSDT,2023-12-27 08:00:00.000,0.00041621,0.62000000,Regular
XRPUSDT,2023-12-27 16:00:00.000,0.00065536,0.63428109,Regular
XRPUSDT,2023-12-28 00:00:00.000,0.00047324,0.63481956,Regular
XRPUSDT,2023-12-28 08:00:00.000,0.00072184,0.63740000,Regular
XRPUSDT,2023-12-28 16:00:00.000,0.00062696,0.63020000,Regular
XRPUSDT,2023-12-29 00:00:00.001,0.00043077,0.63520000,Regular
XRPUSDT,2023-12-29 08:00:00.000,0.00050167,0.62447299,Regular
XRPUSDT,2023-12-29 16:00:00.000,0.00060608,0.62470000,Regular
XRPUSDT,2023-12-30 00:00:00.001,0.00011528,0.62320000,Regular
XRPUSDT,2023-12-30 08:00:00.000,0.00039233,0.62271867,Regular
XRPUSDT,2023-12-30 16:00:00.000,0.00037355,0.62870000,Regular
XRPUSDT,2023-12-31 00:00:00.000,0.00033923,0.62119531,Regular
XRPUSDT,2023-12-31 08:00:00.001,0.00037173,0.62409883,Regular
XRPUSDT,2023-12-31 16:00:00.000,0.00033745,0.62278565,Regular
XRPUSDT,2024-01-01 00:00:00.000,0.00022084,0.61570000,Regular
XRPUSDT,2024-01-01 08:00:00.000,0.0001,0.61541719,Regular
XRPUSDT,2024-01-01 16:00:00.000,0.0003992,0.62180000,Regular
XRPUSDT,2024-01-02 00:00:00.000,0.00063561,0.63024407,Regular
XRPUSDT,2024-01-02 08:00:00.000,0.00057012,0.63130000,Regular
XRPUSDT,2024-01-02 16:00:00.000,0.00059688,0.62601921,Regular
XRPUSDT,2024-01-03 00:00:00.000,0.0003411,0.62503942,Regular
XRPUSDT,2024-01-03 08:00:00.000,0.00044741,0.63259307,Regular
XRPUSDT,2024-01-03 16:00:00.000,0.0001,0.57667008,Regular
XRPUSDT,2024-01-04 00:00:00.000,0.0001,0.58225767,Regular
XRPUSDT,2024-01-04 08:00:00.000,0.0001,0.57450000,Regular
XRPUSDT,2024-01-04 16:00:00.000,0.0001,0.58569710,Regular
XRPUSDT,2024-01-05 00:00:00.001,0.0001,0.58686782,Regular
XRPUSDT,2024-01-05 08:00:00.000,0.0001,0.57350721,Regular
XRPUSDT,2024-01-05 16:00:00.000,0.0001,0.56339393,Regular
XRPUSDT,2024-01-06 00:00:00.000,0.0001,0.57560000,Regular
XRPUSDT,2024-01-06 08:00:00.000,0.0001,0.56420000,Regular
XRPUSDT,2024-01-06 16:00:00.000,0.0001,0.57093151,Regular
XRPUSDT,2024-01-07 00:00:00.000,0.0001,0.56794058,Regular
XRPUSDT,2024-01-07 08:00:00.001,0.0001,0.56918721,Regular
XRPUSDT,2024-01-07 16:00:00.001,0.0001,0.56716221,Regular
XRPUSDT,2024-01-08 00:00:00.000,0.0001,0.55110000,Regular
XRPUSDT,2024-01-08 08:00:00.000,0.0001,0.55640000,Regular
XRPUSDT,2024-01-08 16:00:00.000,0.0001,0.56550000,Regular
XRPUSDT,2024-01-09 00:00:00.001,0.0001,0.57760000,Regular
XRPUSDT,2024-01-09 08:00:00.000,0.0001,0.57143295,Regular
XRPUSDT,2024-01-09 16:00:00.000,0.0001,0.55950000,Regular
XRPUSDT,2024-01-10 00:00:00.000,0.0001,0.56690000,Regular
XRPUSDT,2024-01-10 08:00:00.000,0.0001,0.56330000,Regular
XRPUSDT,2024-01-10 16:00:00.000,0.0001,0.57090000,Regular
XRPUSDT,2024-01-11 00:00:00.000,0.0001,0.60087830,Regular
XRPUSDT,2024-01-11 08:00:00.000,0.0001,0.59740000,Regular
XRPUSDT,2024-01-11 16:00:00.000,0.0001,0.60117806,Regular
XRPUSDT,2024-01-12 00:00:00.001,0.0001,0.60200000,Regular
XRPUSDT,2024-01-12 08:00:00.000,0.0001,0.59480000,Regular
XRPUSDT,2024-01-12 16:00:00.000,0.0001,0.58730000,Regular
XRPUSDT,2024-01-13 00:00:00.000,0.0001,0.56989605,Regular
XRPUSDT,2024-01-13 08:00:00.000,0.0001,0.57480000,Regular
XRPUSDT,2024-01-13 16:00:00.001,0.0001,0.57430000,Regular
XRPUSDT,2024-01-14 00:00:00.000,0.0001,0.57475964,Regular
XRPUSDT,2024-01-14 08:00:00.000,0.0001,0.57568889,Regular
XRPUSDT,2024-01-14 16:00:00.001,0.0001,0.57750000,Regular
XRPUSDT,2024-01-15 00:00:00.000,0.0001,0.57650000,Regular
XRPUSDT,2024-01-15 08:00:00.000,0.0001,0.57756421,Regular
XRPUSDT,2024-01-15 16:00:00.000,0.0001,0.57010000,Regular
XRPUSDT,2024-01-16 00:00:00.000,0.0001,0.57560000,Regular
XRPUSDT,2024-01-16 08:00:00.000,0.0001,0.57646269,Regular
XRPUSDT,2024-01-16 16:00:00.001,0.0001,0.57575529,Regular
XRPUSDT,2024-01-17 00:00:00.000,0.0001,0.57584452,Regular
XRPUSDT,2024-01-17 08:00:00.000,0.0001,0.57207993,Regular
XRPUSDT,2024-01-17 16:00:00.000,0.0001,0.56901106,Regular
XRPUSDT,2024-01-18 00:00:00.001,0.0001,0.56864289,Regular
XRPUSDT,2024-01-18 08:00:00.000,0.0001,0.56860619,Regular
XRPUSDT,2024-01-18 16:00:00.000,0.0001,0.56240000,Regular
XRPUSDT,2024-01-19 00:00:00.000,0.0001,0.55196547,Regular
XRPUSDT,2024-01-19 08:00:00.000,0.0001,0.54731761,Regular
XRPUSDT,2024-01-19 16:00:00.002,0.0001,0.53880000,Regular
XRPUSDT,2024-01-20 00:00:00.000,0.0001,0.54430572,Regular
XRPUSDT,2024-01-20 08:00:00.003,0.0001,0.54927679,Regular
XRPUSDT,2024-01-20 16:00:00.000,0.0001,0.54807440,Regular
XRPUSDT,2024-01-21 00:00:00.000,0.0001,0.55380000,Regular
XRPUSDT,2024-01-21 08:00:00.000,0.0001,0.55240000,Regular
XRPUSDT,2024-01-21 16:00:00.000,0.0001,0.55150000,Regular
XRPUSDT,2024-01-22 00:00:00.000,0.0001,0.54649161,Regular
XRPUSDT,2024-01-22 08:00:00.000,0.0001,0.53717137,Regular
XRPUSDT,2024-01-22 16:00:00.000,0.0001,0.52870000,Regular
XRPUSDT,2024-01-23 00:00:00.000,0.0001,0.52754140,Regular
XRPUSDT,2024-01-23 08:00:00.000,0.0001,0.52244843,Regular
XRPUSDT,2024-01-23 16:00:00.000,0.0001,0.51030000,Regular
XRPUSDT,2024-01-24 00:00:00.000,0.0001,0.51803244,Regular
XRPUSDT,2024-01-24 08:00:00.000,0.0001,0.51550000,Regular
XRPUSDT,2024-01-24 16:00:00.000,0.0001,0.51600000,Regular
XRPUSDT,2024-01-25 00:00:00.000,0.0001,0.51810000,Regular
XRPUSDT,2024-01-25 08:00:00.001,0.0001,0.51364988,Regular
XRPUSDT,2024-01-25 16:00:00.000,0.0001,0.50709354,Regular
XRPUSDT,2024-01-26 00:00:00.001,0.0001,0.51375824,Regular
XRPUSDT,2024-01-26 08:00:00.000,0.0001,0.51140000,Regular
XRPUSDT,2024-01-26 16:00:00.000,0.0001,0.52120000,Regular
XRPUSDT,2024-01-27 00:00:00.000,0.0001,0.53190000,Regular
XRPUSDT,2024-01-27 08:00:00.000,0.0001,0.52859704,Regular
XRPUSDT,2024-01-27 16:00:00.000,0.0001,0.52980000,Regular
XRPUSDT,2024-01-28 00:00:00.000,0.0001,0.53026276,Regular
XRPUSDT,2024-01-28 08:00:00.000,0.0001,0.53030000,Regular
XRPUSDT,2024-01-28 16:00:00.000,0.0001,0.52930000,Regular
XRPUSDT,2024-01-29 00:00:00.000,0.0001,0.52400000,Regular
XRPUSDT,2024-01-29 08:00:00.001,0.0001,0.52476368,Regular
XRPUSDT,2024-01-29 16:00:00.000,0.0001,0.52753284,Regular
XRPUSDT,2024-01-30 00:00:00.000,0.0001,0.53490479,Regular
XRPUSDT,2024-01-30 08:00:00.000,0.0001,0.53406829,Regular
XRPUSDT,2024-01-30 16:00:00.001,0.0001,0.52570000,Regular
XRPUSDT,2024-01-31 00:00:00.000,0.0001,0.51060000,Regular
XRPUSDT,2024-01-31 08:00:00.000,1.751e-05,0.51090000,Regular
XRPUSDT,2024-01-31 16:00:00.000,0.0001,0.50860000,Regular
XRPUSDT,2024-02-01 00:00:00.000,0.0001,0.50310000,Regular
XRPUSDT,2024-02-01 08:00:00.000,0.0001,0.49269303,Regular
XRPUSDT,2024-02-01 16:00:00.002,0.0001,0.49939989,Regular
XRPUSDT,2024-02-02 00:00:00.000,0.0001,0.50563483,Regular
XRPUSDT,2024-02-02 08:00:00.000,0.0001,0.50660585,Regular
XRPUSDT,2024-02-02 16:00:00.000,0.0001,0.50265613,Regular
XRPUSDT,2024-02-03 00:00:00.000,0.0001,0.51027506,Regular
XRPUSDT,2024-02-03 08:00:00.000,0.0001,0.50770000,Regular
XRPUSDT,2024-02-03 16:00:00.001,0.0001,0.51996518,Regular
XRPUSDT,2024-02-04 00:00:00.000,0.0001,0.51860000,Regular
XRPUSDT,2024-02-04 08:00:00.004,0.0001,0.50990945,Regular
XRPUSDT,2024-02-04 16:00:00.000,0.0001,0.51067738,Regular
XRPUSDT,2024-02-05 00:00:00.000,0.0001,0.50290000,Regular
XRPUSDT,2024-02-05 08:00:00.000,0.0001,0.50425715,Regular
XRPUSDT,2024-02-05 16:00:00.000,0.0001,0.50240000,Regular
XRPUSDT,2024-02-06 00:00:00.000,0.0001,0.50651154,Regular
XRPUSDT,2024-02-06 08:00:00.001,0.0001,0.50400000,Regular
XRPUSDT,2024-02-06 16:00:00.000,0.0001,0.50420000,Regular
XRPUSDT,2024-02-07 00:00:00.000,0.0001,0.50482835,Regular
XRPUSDT,2024-02-07 08:00:00.000,0.0001,0.50110000,Regular
XRPUSDT,2024-02-07 16:00:00.000,0.0001,0.50340000,Regular
XRPUSDT,2024-02-08 00:00:00.000,0.0001,0.51360000,Regular
XRPUSDT,2024-02-08 08:00:00.000,0.0001,0.51205430,Regular
XRPUSDT,2024-02-08 16:00:00.000,0.0001,0.51710000,Regular
XRPUSDT,2024-02-09 00:00:00.000,0.0001,0.51450000,Regular
XRPUSDT,2024-02-09 08:00:00.000,0.0001,0.51756778,Regular
XRPUSDT,2024-02-09 16:00:00.001,0.0001,0.52160071,Regular
XRPUSDT,2024-02-10 00:00:00.001,0.0001,0.52600000,Regular
XRPUSDT,2024-02-10 08:00:00.000,0.0001,0.52359217,Regular
XRPUSDT,2024-02-10 16:00:00.000,0.0001,0.52200000,Regular
XRPUSDT,2024-02-11 00:00:00.000,0.0001,0.52385490,Regular
XRPUSDT,2024-02-11 08:00:00.001,0.0001,0.52837118,Regular
XRPUSDT,2024-02-11 16:00:00.000,0.0001,0.52915819,Regular
XRPUSDT,2024-02-12 00:00:00.000,0.0001,0.52600000,Regular
XRPUSDT,2024-02-12 08:00:00.000,0.0001,0.51935580,Regular
XRPUSDT,2024-02-12 16:00:00.000,0.0001,0.52780000,Regular
XRPUSDT,2024-02-13 00:00:00.000,0.0001,0.53170000,Regular
XRPUSDT,2024-02-13 08:00:00.000,0.00011054,0.53102748,Regular
XRPUSDT,2024-02-13 16:00:00.000,0.0001,0.52007072,Regular
XRPUSDT,2024-02-14 00:00:00.000,0.0001,0.52495246,Regular
XRPUSDT,2024-02-14 08:00:00.000,0.0001,0.52504348,Regular
XRPUSDT,2024-02-14 16:00:00.000,0.0001,0.53278614,Regular
XRPUSDT,2024-02-15 00:00:00.000,0.0001,0.53800000,Regular
XRPUSDT,2024-02-15 08:00:00.000,0.0002296,0.54990000,Regular
XRPUSDT,2024-02-15 16:00:00.000,0.00033409,0.54684088,Regular
XRPUSDT,2024-02-16 00:00:00.000,0.0001111,0.56240713,Regular
XRPUSDT,2024-02-16 08:00:00.000,0.00032969,0.56650000,Regular
XRPUSDT,2024-02-16 16:00:00.000,0.00020422,0.56060000,Regular
XRPUSDT,2024-02-17 00:00:00.000,0.00015724,0.56460000,Regular
XRPUSDT,2024-02-17 08:00:00.000,0.00025595,0.56130000,Regular
XRPUSDT,2024-02-17 16:00:00.000,0.0002203,0.54660000,Regular
XRPUSDT,2024-02-18 00:00:00.000,0.0001,0.54999753,Regular
XRPUSDT,2024-02-18 08:00:00.000,0.0001663,0.55540000,Regular
XRPUSDT,2024-02-18 16:00:00.000,0.00019394,0.55990000,Regular
XRPUSDT,2024-02-19 00:00:00.000,0.00029723,0.55763333,Regular
XRPUSDT,2024-02-19 08:00:00.000,0.00038631,0.56403180,Regular
XRPUSDT,2024-02-19 16:00:00.000,0.00022019,0.55860000,Regular
XRPUSDT,2024-02-20 00:00:00.000,0.00047974,0.56308690,Regular
XRPUSDT,2024-02-20 08:00:00.000,0.00037424,0.56770000,Regular
XRPUSDT,2024-02-20 16:00:00.000,0.00030967,0.55484414,Regular
XRPUSDT,2024-02-21 00:00:00.000,0.00012964,0.56276124,Regular
XRPUSDT,2024-02-21 08:00:00.000,0.0001,0.54715705,Regular
XRPUSDT,2024-02-21 16:00:00.000,0.0001,0.54030000,Regular
XRPUSDT,2024-02-22 00:00:00.001,0.0001,0.54950000,Regular
XRPUSDT,2024-02-22 08:00:00.001,0.00027034,0.54630000,Regular
XRPUSDT,2024-02-22 16:00:00.000,0.00029264,0.54460000,Regular
XRPUSDT,2024-02-23 00:00:00.000,0.00020032,0.54135343,Regular
XRPUSDT,2024-02-23 08:00:00.000,0.00027338,0.53759938,Regular
XRPUSDT,2024-02-23 16:00:00.000,0.00027554,0.53200000,Regular
XRPUSDT,2024-02-24 00:00:00.000,0.0001,0.53449122,Regular
XRPUSDT,2024-02-24 08:00:00.001,0.00032557,0.54310000,Regular
XRPUSDT,2024-02-24 16:00:00.000,0.00030831,0.54368286,Regular
XRPUSDT,2024-02-25 00:00:00.001,0.00019714,0.54530000,Regular
XRPUSDT,2024-02-25 08:00:00.000,0.00023317,0.54689077,Regular
XRPUSDT,2024-02-25 16:00:00.000,0.0003983,0.54419968,Regular
XRPUSDT,2024-02-26 00:00:00.000,0.00040754,0.54305253,Regular
XRPUSDT,2024-02-26 08:00:00.000,0.0003934,0.53750000,Regular
XRPUSDT,2024-02-26 16:00:00.000,0.00037148,0.54163663,Regular
XRPUSDT,2024-02-27 00:00:00.000,0.00040898,0.55116445,Regular
XRPUSDT,2024-02-27 08:00:00.000,0.00075385,0.55240000,Regular
XRPUSDT,2024-02-27 16:00:00.000,0.00047399,0.56120000,Regular
XRPUSDT,2024-02-28 00:00:00.000,0.00040595,0.58670528,Regular
XRPUSDT,2024-02-28 08:00:00.000,0.00048315,0.58355794,Regular
XRPUSDT,2024-02-28 16:00:00.000,0.00069328,0.58782691,Regular
XRPUSDT,2024-02-29 00:00:00.000,0.00025836,0.57549335,Regular
XRPUSDT,2024-02-29 08:00:00.000,0.00102953,0.59420000,Regular
XRPUSDT,2024-02-29 16:00:00.000,0.00090107,0.60680000,Regular
XRPUSDT,2024-03-01 00:00:00.000,0.00058081,0.58703584,Regular
XRPUSDT,2024-03-01 08:00:00.000,0.00067177,0.58530000,Regular
XRPUSDT,2024-03-01 16:00:00.000,0.00060892,0.58840000,Regular
XRPUSDT,2024-03-02 00:00:00.000,0.0006694,0.60180000,Regular
XRPUSDT,2024-03-02 08:00:00.001,0.0011,0.63140000,Regular
XRPUSDT,2024-03-02 16:00:00.000,0.00085763,0.63015740,Regular
XRPUSDT,2024-03-03 00:00:00.000,0.00077125,0.64500000,Regular
XRPUSDT,2024-03-03 08:00:00.000,0.00074901,0.61070000,Regular
XRPUSDT,2024-03-03 16:00:00.000,0.00045718,0.62338649,Regular
XRPUSDT,2024-03-04 00:00:00.000,0.00050769,0.62720000,Regular
XRPUSDT,2024-03-04 08:00:00.000,0.00061206,0.63770000,Regular
XRPUSDT,2024-03-04 16:00:00.000,0.00062949,0.66266102,Regular
XRPUSDT,2024-03-05 00:00:00.000,0.00058516,0.64828454,Regular
XRPUSDT,2024-03-05 08:00:00.000,0.00106742,0.64100000,Regular
XRPUSDT,2024-03-05 16:00:00.000,0.00088782,0.63920000,Regular
XRPUSDT,2024-03-06 00:00:00.000,0.0001,0.59148820,Regular
XRPUSDT,2024-03-06 08:00:00.001,0.00023656,0.61520000,Regular
XRPUSDT,2024-03-06 16:00:00.000,0.00037994,0.59940000,Regular
XRPUSDT,2024-03-07 00:00:00.000,0.0003619,0.61265892,Regular
XRPUSDT,2024-03-07 08:00:00.000,0.00040786,0.62571545,Regular
XRPUSDT,2024-03-07 16:00:00.000,0.000601,0.62614154,Regular
XRPUSDT,2024-03-08 00:00:00.000,0.00063772,0.62795687,Regular
XRPUSDT,2024-03-08 08:00:00.000,0.00048734,0.62190000,Regular
XRPUSDT,2024-03-08 16:00:00.000,0.00051878,0.61474418,Regular
XRPUSDT,2024-03-09 00:00:00.000,0.00029912,0.62034342,Regular
XRPUSDT,2024-03-09 08:00:00.001,0.00066943,0.62959718,Regular
XRPUSDT,2024-03-09 16:00:00.000,0.00058267,0.62217169,Regular
XRPUSDT,2024-03-10 00:00:00.000,0.00057256,0.62041527,Regular
XRPUSDT,2024-03-10 08:00:00.000,0.00072552,0.62700000,Regular
XRPUSDT,2024-03-10 16:00:00.000,0.00038356,0.61070000,Regular
XRPUSDT,2024-03-11 00:00:00.000,0.00039616,0.60868670,Regular
XRPUSDT,2024-03-11 08:00:00.000,0.00056437,0.62070000,Regular
XRPUSDT,2024-03-11 16:00:00.000,0.00083859,0.69330000,Regular
XRPUSDT,2024-03-12 00:00:00.000,0.00097839,0.72403371,Regular
XRPUSDT,2024-03-12 08:00:00.000,0.00056942,0.70316934,Regular
XRPUSDT,2024-03-12 16:00:00.000,0.00038468,0.70325516,Regular
XRPUSDT,2024-03-13 00:00:00.000,0.00047742,0.68860000,Regular
XRPUSDT,2024-03-13 08:00:00.001,0.00059767,0.69660460,Regular
XRPUSDT,2024-03-13 16:00:00.000,0.00050819,0.67760000,Regular
XRPUSDT,2024-03-14 00:00:00.001,0.00048064,0.68950686,Regular
XRPUSDT,2024-03-14 08:00:00.000,0.00072451,0.68140000,Regular
XRPUSDT,2024-03-14 16:00:00.000,0.00050052,0.66950000,Regular
XRPUSDT,2024-03-15 00:00:00.000,0.0005677,0.66980000,Regular
XRPUSDT,2024-03-15 08:00:00.000,0.00027783,0.63608129,Regular
XRPUSDT,2024-03-15 16:00:00.000,0.00021834,0.62760000,Regular
XRPUSDT,2024-03-16 00:00:00.000,0.00013091,0.63449571,Regular
XRPUSDT,2024-03-16 08:00:00.000,0.00033605,0.64065149,Regular
XRPUSDT,2024-03-16 16:00:00.000,0.00016769,0.62510000,Regular
XRPUSDT,2024-03-17 00:00:00.000,0.00013253,0.60350000,Regular
XRPUSDT,2024-03-17 08:00:00.000,0.00012677,0.60080000,Regular
XRPUSDT,2024-03-17 16:00:00.000,0.00021621,0.62078565,Regular
XRPUSDT,2024-03-18 00:00:00.000,0.00013735,0.61958507,Regular
XRPUSDT,2024-03-18 08:00:00.000,0.00022327,0.62176305,Regular
XRPUSDT,2024-03-18 16:00:00.001,0.00024262,0.60696923,Regular
XRPUSDT,2024-03-19 00:00:00.000,0.00021824,0.64570000,Regular
XRPUSDT,2024-03-19 08:00:00.000,0.00016631,0.59980000,Regular
XRPUSDT,2024-03-19 16:00:00.001,0.00011988,0.60650313,Regular
XRPUSDT,2024-03-20 00:00:00.000,0.000142,0.58500000,Regular
XRPUSDT,2024-03-20 08:00:00.004,0.0001643,0.59540000,Regular
XRPUSDT,2024-03-20 16:00:00.000,0.00018258,0.58699543,Regular
XRPUSDT,2024-03-21 00:00:00.000,0.00017834,0.61118029,Regular
XRPUSDT,2024-03-21 08:00:00.000,0.00014625,0.60510000,Regular
XRPUSDT,2024-03-21 16:00:00.000,0.0001,0.63670000,Regular
XRPUSDT,2024-03-22 00:00:00.000,0.00041412,0.64103898,Regular
XRPUSDT,2024-03-22 08:00:00.000,0.00024782,0.63533300,Regular
XRPUSDT,2024-03-22 16:00:00.000,0.00011609,0.61105151,Regular
XRPUSDT,2024-03-23 00:00:00.000,0.00013003,0.61190000,Regular
XRPUSDT,2024-03-23 08:00:00.000,0.0001,0.61645177,Regular
XRPUSDT,2024-03-23 16:00:00.000,0.00015078,0.62830000,Regular
XRPUSDT,2024-03-24 00:00:00.000,0.00023843,0.61718343,Regular
XRPUSDT,2024-03-24 08:00:00.000,0.0001,0.62710000,Regular
XRPUSDT,2024-03-24 16:00:00.000,0.00031311,0.63205158,Regular
XRPUSDT,2024-03-25 00:00:00.000,0.00016962,0.63307395,Regular
XRPUSDT,2024-03-25 08:00:00.001,0.00021377,0.62954651,Regular
XRPUSDT,2024-03-25 16:00:00.000,0.00017935,0.64260000,Regular
XRPUSDT,2024-03-26 00:00:00.000,0.00031904,0.64070000,Regular
XRPUSDT,2024-03-26 08:00:00.000,0.0001717,0.64727621,Regular
XRPUSDT,2024-03-26 16:00:00.000,0.00015702,0.63463698,Regular
XRPUSDT,2024-03-27 00:00:00.000,0.00028944,0.63228610,Regular
XRPUSDT,2024-03-27 08:00:00.001,0.00023616,0.62081762,Regular
XRPUSDT,2024-03-27 16:00:00.000,0.00032618,0.61133168,Regular
XRPUSDT,2024-03-28 00:00:00.000,0.00034532,0.61234411,Regular
XRPUSDT,2024-03-28 08:00:00.000,0.00033103,0.62270000,Regular
XRPUSDT,2024-03-28 16:00:00.000,0.00055069,0.62309441,Regular
XRPUSDT,2024-03-29 00:00:00.000,0.00057713,0.62520000,Regular
XRPUSDT,2024-03-29 08:00:00.000,0.00054399,0.61090000,Regular
XRPUSDT,2024-03-29 16:00:00.000,0.00045882,0.62520000,Regular
XRPUSDT,2024-03-30 00:00:00.000,0.00052477,0.63074395,Regular
XRPUSDT,2024-03-30 08:00:00.000,0.00057681,0.62300000,Regular
XRPUSDT,2024-03-30 16:00:00.000,0.00055784,0.62938615,Regular
XRPUSDT,2024-03-31 00:00:00.000,0.0004843,0.62170000,Regular
XRPUSDT,2024-03-31 08:00:00.000,0.00063365,0.62792536,Regular
XRPUSDT,2024-03-31 16:00:00.001,0.00066713,0.62732931,Regular
XRPUSDT,2024-04-01 00:00:00.000,0.00074271,0.62970000,Regular
XRPUSDT,2024-04-01 08:00:00.000,0.00041317,0.61580000,Regular
XRPUSDT,2024-04-01 16:00:00.000,0.00027346,0.60015938,Regular
XRPUSDT,2024-04-02 00:00:00.007,0.00029924,0.61150000,Regular
XRPUSDT,2024-04-02 08:00:00.015,0.0001,0.60010000,Regular
XRPUSDT,2024-04-02 16:00:00.000,0.00022679,0.58201998,Regular
XRPUSDT,2024-04-03 00:00:00.000,0.00011604,0.58578762,Regular
XRPUSDT,2024-04-03 08:00:00.000,0.00012295,0.58860000,Regular
XRPUSDT,2024-04-03 16:00:00.000,0.0001,0.58020638,Regular
XRPUSDT,2024-04-04 00:00:00.000,0.0001,0.57460000,Regular
XRPUSDT,2024-04-04 08:00:00.000,0.00024541,0.57380000,Regular
XRPUSDT,2024-04-04 16:00:00.000,0.00018585,0.59440000,Regular
XRPUSDT,2024-04-05 00:00:00.000,0.00015759,0.59380000,Regular
XRPUSDT,2024-04-05 08:00:00.000,0.00010997,0.58209957,Regular
XRPUSDT,2024-04-05 16:00:00.000,0.00012395,0.58343454,Regular
XRPUSDT,2024-04-06 00:00:00.000,0.0001,0.58720000,Regular
XRPUSDT,2024-04-06 08:00:00.000,0.0001,0.59020000,Regular
XRPUSDT,2024-04-06 16:00:00.000,0.0001429,0.59460000,Regular
XRPUSDT,2024-04-07 00:00:00.000,0.0001,0.59320000,Regular
XRPUSDT,2024-04-07 08:00:00.000,0.0001,0.59600000,Regular
XRPUSDT,2024-04-07 16:00:00.000,0.0001024,0.59677461,Regular
XRPUSDT,2024-04-08 00:00:00.001,0.0001,0.59474277,Regular
XRPUSDT,2024-04-08 08:00:00.000,0.0001,0.60214585,Regular
XRPUSDT,2024-04-08 16:00:00.006,0.00022387,0.61580000,Regular
XRPUSDT,2024-04-09 00:00:00.000,0.0002389,0.61526827,Regular
XRPUSDT,2024-04-09 08:00:00.001,0.00016656,0.60869859,Regular
XRPUSDT,2024-04-09 16:00:00.001,0.00024361,0.62238539,Regular
XRPUSDT,2024-04-10 00:00:00.000,0.00013624,0.61440000,Regular
XRPUSDT,2024-04-10 08:00:00.001,0.00010688,0.61510000,Regular
XRPUSDT,2024-04-10 16:00:00.000,0.00021085,0.60790000,Regular
XRPUSDT,2024-04-11 00:00:00.000,0.00015207,0.61760000,Regular
XRPUSDT,2024-04-11 08:00:00.000,0.00013993,0.61930000,Regular
XRPUSDT,2024-04-11 16:00:00.000,0.00010698,0.60870000,Regular
XRPUSDT,2024-04-12 00:00:00.000,0.00012641,0.60890000,Regular
XRPUSDT,2024-04-12 08:00:00.001,0.00013318,0.61070000,Regular
XRPUSDT,2024-04-12 16:00:00.000,0.0001,0.59370000,Regular
XRPUSDT,2024-04-13 00:00:00.000,0.0001,0.54684124,Regular
XRPUSDT,2024-04-13 08:00:00.000,0.0001,0.54254901,Regular
XRPUSDT,2024-04-13 16:00:00.001,0.0001,0.54311393,Regular
XRPUSDT,2024-04-14 00:00:00.000,3.758e-05,0.47860000,Regular
XRPUSDT,2024-04-14 08:00:00.000,0.0001,0.49540895,Regular
XRPUSDT,2024-04-14 16:00:00.000,0.0001,0.48660000,Regular
XRPUSDT,2024-04-15 00:00:00.000,-4.578e-05,0.50290000,Regular
XRPUSDT,2024-04-15 08:00:00.001,7.804e-05,0.51350450,Regular
XRPUSDT,2024-04-15 16:00:00.000,0.0001,0.49690000,Regular
XRPUSDT,2024-04-16 00:00:00.001,-4.25e-06,0.49740000,Regular
XRPUSDT,2024-04-16 08:00:00.000,5.362e-05,0.49832751,Regular
XRPUSDT,2024-04-16 16:00:00.000,2.587e-05,0.48762011,Regular
XRPUSDT,2024-04-17 00:00:00.000,-3.853e-05,0.49611893,Regular
XRPUSDT,2024-04-17 08:00:00.000,-5.136e-05,0.50390000,Regular
XRPUSDT,2024-04-17 16:00:00.000,8.395e-05,0.47780000,Regular
XRPUSDT,2024-04-18 00:00:00.000,5.18e-05,0.49480000,Regular
XRPUSDT,2024-04-18 08:00:00.000,9.036e-05,0.48980000,Regular
XRPUSDT,2024-04-18 16:00:00.000,0.0001,0.50020465,Regular
XRPUSDT,2024-04-19 00:00:00.001,-1.552e-05,0.50210000,Regular
XRPUSDT,2024-04-19 08:00:00.000,6.527e-05,0.49510000,Regular
XRPUSDT,2024-04-19 16:00:00.000,0.0001,0.50299121,Regular
XRPUSDT,2024-04-20 00:00:00.000,6.587e-05,0.50270000,Regular
XRPUSDT,2024-04-20 08:00:00.000,-3.787e-05,0.51380000,Regular
XRPUSDT,2024-04-20 16:00:00.000,-6.592e-05,0.52110000,Regular
XRPUSDT,2024-04-21 00:00:00.000,0.0001,0.52850000,Regular
XRPUSDT,2024-04-21 08:00:00.000,1.335e-05,0.53340000,Regular
XRPUSDT,2024-04-21 16:00:00.000,7.132e-05,0.52730000,Regular
XRPUSDT,2024-04-22 00:00:00.000,2.992e-05,0.52430000,Regular
XRPUSDT,2024-04-22 08:00:00.000,0.0001,0.53190000,Regular
XRPUSDT,2024-04-22 16:00:00.000,-5.65e-06,0.53840000,Regular
XRPUSDT,2024-04-23 00:00:00.000,6.016e-05,0.55580000,Regular
XRPUSDT,2024-04-23 08:00:00.000,9.964e-05,0.54900000,Regular
XRPUSDT,2024-04-23 16:00:00.001,-4.455e-05,0.54630000,Regular
XRPUSDT,2024-04-24 00:00:00.000,7.577e-05,0.54430700,Regular
XRPUSDT,2024-04-24 08:00:00.000,6.538e-05,0.54917875,Regular
XRPUSDT,2024-04-24 16:00:00.000,1.438e-05,0.52591028,Regular
XRPUSDT,2024-04-25 00:00:00.000,6.195e-05,0.52718279,Regular
XRPUSDT,2024-04-25 08:00:00.000,5.552e-05,0.52240000,Regular
XRPUSDT,2024-04-25 16:00:00.010,0.0001,0.52433667,Regular
XRPUSDT,2024-04-26 00:00:00.001,6.369e-05,0.52517101,Regular
XRPUSDT,2024-04-26 08:00:00.000,3.744e-05,0.52560000,Regular
XRPUSDT,2024-04-26 16:00:00.000,6.457e-05,0.52020000,Regular
XRPUSDT,2024-04-27 00:00:00.000,2.741e-05,0.52570000,Regular
XRPUSDT,2024-04-27 08:00:00.001,9.12e-05,0.51440937,Regular
XRPUSDT,2024-04-27 16:00:00.000,4.501e-05,0.51567583,Regular
XRPUSDT,2024-04-28 00:00:00.000,-8.93e-06,0.51767149,Regular
XRPUSDT,2024-04-28 08:00:00.000,8.796e-05,0.52320000,Regular
XRPUSDT,2024-04-28 16:00:00.000,-5.014e-05,0.51984356,Regular
XRPUSDT,2024-04-29 00:00:00.000,-0.00012216,0.50990000,Regular
XRPUSDT,2024-04-29 08:00:00.000,-0.0001151,0.50220000,Regular
XRPUSDT,2024-04-29 16:00:00.000,0.0001,0.51220000,Regular
XRPUSDT,2024-04-30 00:00:00.000,0.0001,0.51476929,Regular
XRPUSDT,2024-04-30 08:00:00.000,8.953e-05,0.51010000,Regular
XRPUSDT,2024-04-30 16:00:00.000,3.585e-05,0.49597899,Regular
XRPUSDT,2024-05-01 00:00:00.000,-3.768e-05,0.50032866,Regular
XRPUSDT,2024-05-01 08:00:00.000,5.366e-05,0.49040000,Regular
XRPUSDT,2024-05-01 16:00:00.000,0.0001,0.49884405,Regular
XRPUSDT,2024-05-02 00:00:00.000,0.0001,0.51740000,Regular
XRPUSDT,2024-05-02 08:00:00.000,0.0001,0.51350000,Regular
XRPUSDT,2024-05-02 16:00:00.002,0.0001,0.51980000,Regular
XRPUSDT,2024-05-03 00:00:00.000,5.565e-05,0.51778613,Regular
XRPUSDT,2024-05-03 08:00:00.000,0.0001,0.51804913,Regular
XRPUSDT,2024-05-03 16:00:00.000,0.0001,0.52650000,Regular
XRPUSDT,2024-05-04 00:00:00.000,-5.69e-06,0.53133068,Regular
XRPUSDT,2024-05-04 08:00:00.000,1.211e-05,0.52763650,Regular
XRPUSDT,2024-05-04 16:00:00.000,0.0001,0.53580465,Regular
XRPUSDT,2024-05-05 00:00:00.000,7.737e-05,0.52990000,Regular
XRPUSDT,2024-05-05 08:00:00.000,0.0001,0.52823821,Regular
XRPUSDT,2024-05-05 16:00:00.000,3.844e-05,0.53148676,Regular
XRPUSDT,2024-05-06 00:00:00.000,0.0001,0.52935455,Regular
XRPUSDT,2024-05-06 08:00:00.000,0.0001,0.53960000,Regular
XRPUSDT,2024-05-06 16:00:00.000,0.0001,0.55922396,Regular
XRPUSDT,2024-05-07 00:00:00.000,8.428e-05,0.53980000,Regular
XRPUSDT,2024-05-07 08:00:00.000,-2.685e-05,0.53760000,Regular
XRPUSDT,2024-05-07 16:00:00.000,7.13e-05,0.53977189,Regular
XRPUSDT,2024-05-08 00:00:00.000,0.0001,0.52421740,Regular
XRPUSDT,2024-05-08 08:00:00.000,5.237e-05,0.52070000,Regular
XRPUSDT,2024-05-08 16:00:00.000,0.0001,0.52730000,Regular
XRPUSDT,2024-05-09 00:00:00.000,0.0001,0.51680000,Regular
XRPUSDT,2024-05-09 08:00:00.000,0.0001,0.51564531,Regular
XRPUSDT,2024-05-09 16:00:00.000,0.0001,0.51670000,Regular
XRPUSDT,2024-05-10 00:00:00.000,2.657e-05,0.52060000,Regular
XRPUSDT,2024-05-10 08:00:00.000,0.0001,0.51725135,Regular
XRPUSDT,2024-05-10 16:00:00.000,6.703e-05,0.50100000,Regular
XRPUSDT,2024-05-11 00:00:00.000,3.789e-05,0.50180000,Regular
XRPUSDT,2024-05-11 08:00:00.000,0.0001,0.50543015,Regular
XRPUSDT,2024-05-11 16:00:00.000,0.0001,0.50630128,Regular
XRPUSDT,2024-05-12 00:00:00.000,2.478e-05,0.50570000,Regular
XRPUSDT,2024-05-12 08:00:00.000,0.0001,0.50395731,Regular
XRPUSDT,2024-05-12 16:00:00.000,0.0001,0.50464879,Regular
XRPUSDT,2024-05-13 00:00:00.001,-1.783e-05,0.49891437,Regular
XRPUSDT,2024-05-13 08:00:00.001,6.218e-05,0.50324298,Regular
XRPUSDT,2024-05-13 16:00:00.000,0.0001,0.50916789,Regular
XRPUSDT,2024-05-14 00:00:00.000,0.0001,0.50500251,Regular
XRPUSDT,2024-05-14 08:00:00.000,0.0001,0.50550000,Regular
XRPUSDT,2024-05-14 16:00:00.000,0.0001,0.50790000,Regular
XRPUSDT,2024-05-15 00:00:00.000,4.302e-05,0.49993812,Regular
XRPUSDT,2024-05-15 08:00:00.000,3.944e-05,0.49960000,Regular
XRPUSDT,2024-05-15 16:00:00.000,0.0001,0.51070000,Regular
XRPUSDT,2024-05-16 00:00:00.004,9.28e-05,0.51850818,Regular
XRPUSDT,2024-05-16 08:00:00.000,0.0001,0.52030000,Regular
XRPUSDT,2024-05-16 16:00:00.000,0.0001,0.51850000,Regular
XRPUSDT,2024-05-17 00:00:00.000,0.0001,0.51550335,Regular
XRPUSDT,2024-05-17 08:00:00.000,7.734e-05,0.52150000,Regular
XRPUSDT,2024-05-17 16:00:00.000,0.0001,0.52521520,Regular
XRPUSDT,2024-05-18 00:00:00.000,-1.764e-05,0.52315308,Regular
XRPUSDT,2024-05-18 08:00:00.000,5.796e-05,0.52260000,Regular
XRPUSDT,2024-05-18 16:00:00.000,5.225e-05,0.52181623,Regular
XRPUSDT,2024-05-19 00:00:00.000,8.633e-05,0.52100000,Regular
XRPUSDT,2024-05-19 08:00:00.000,0.0001,0.52043595,Regular
XRPUSDT,2024-05-19 16:00:00.000,5.34e-06,0.51245720,Regular
XRPUSDT,2024-05-20 00:00:00.000,-3.294e-05,0.50910056,Regular
XRPUSDT,2024-05-20 08:00:00.000,9.7e-06,0.51372092,Regular
XRPUSDT,2024-05-20 16:00:00.003,0.0001,0.51651851,Regular
XRPUSDT,2024-05-21 00:00:00.000,0.0001,0.53771598,Regular
XRPUSDT,2024-05-21 08:00:00.001,0.0001,0.54082754,Regular
XRPUSDT,2024-05-21 16:00:00.000,0.0001,0.54254385,Regular
XRPUSDT,2024-05-22 00:00:00.000,0.0001,0.53720000,Regular
XRPUSDT,2024-05-22 08:00:00.000,0.0001,0.53470000,Regular
XRPUSDT,2024-05-22 16:00:00.000,0.0001,0.53610000,Regular
XRPUSDT,2024-05-23 00:00:00.000,0.0001,0.52710000,Regular
XRPUSDT,2024-05-23 08:00:00.000,0.0001,0.52920000,Regular
XRPUSDT,2024-05-23 16:00:00.000,0.0001,0.52930000,Regular
XRPUSDT,2024-05-24 00:00:00.000,0.0001,0.52900000,Regular
XRPUSDT,2024-05-24 08:00:00.000,0.0001,0.52321703,Regular
XRPUSDT,2024-05-24 16:00:00.000,0.0001,0.53290000,Regular
XRPUSDT,2024-05-25 00:00:00.000,0.0001,0.53635349,Regular
XRPUSDT,2024-05-25 08:00:00.000,0.0001,0.53520000,Regular
XRPUSDT,2024-05-25 16:00:00.000,0.0001,0.53980810,Regular
XRPUSDT,2024-05-26 00:00:00.000,0.0001,0.54188816,Regular
XRPUSDT,2024-05-26 08:00:00.000,0.0001,0.53985927,Regular
XRPUSDT,2024-05-26 16:00:00.000,0.0001,0.53130000,Regular
XRPUSDT,2024-05-27 00:00:00.000,0.0001,0.52855573,Regular
XRPUSDT,2024-05-27 08:00:00.000,0.0001,0.52802617,Regular
XRPUSDT,2024-05-27 16:00:00.000,0.00011858,0.53970000,Regular
XRPUSDT,2024-05-28 00:00:00.000,0.0001,0.53433081,Regular
XRPUSDT,2024-05-28 08:00:00.000,0.0001,0.52649949,Regular
XRPUSDT,2024-05-28 16:00:00.000,0.00020504,0.53049106,Regular
XRPUSDT,2024-05-29 00:00:00.001,0.0001,0.52898184,Regular
XRPUSDT,2024-05-29 08:00:00.000,0.00013669,0.52630000,Regular
XRPUSDT,2024-05-29 16:00:00.000,0.00021111,0.52830000,Regular
XRPUSDT,2024-05-30 00:00:00.000,0.00011506,0.52390000,Regular
XRPUSDT,2024-05-30 08:00:00.000,0.0001,0.51610000,Regular
XRPUSDT,2024-05-30 16:00:00.000,0.00018489,0.52499606,Regular
XRPUSDT,2024-05-31 00:00:00.000,0.0001,0.51897214,Regular
XRPUSDT,2024-05-31 08:00:00.000,0.000108,0.51680000,Regular
XRPUSDT,2024-05-31 16:00:00.000,0.0001,0.51780000,Regular
XRPUSDT,2024-06-01 00:00:00.000,0.0001,0.51781657,Regular
XRPUSDT,2024-06-01 08:00:00.000,0.00026381,0.51920000,Regular
XRPUSDT,2024-06-01 16:00:00.001,0.0002558,0.52044136,Regular
XRPUSDT,2024-06-02 00:00:00.000,0.00011858,0.51890000,Regular
XRPUSDT,2024-06-02 08:00:00.000,0.0001281,0.51680000,Regular
XRPUSDT,2024-06-02 16:00:00.000,0.00010171,0.51800000,Regular
XRPUSDT,2024-06-03 00:00:00.000,0.0001,0.51367092,Regular
XRPUSDT,2024-06-03 08:00:00.000,0.00021761,0.52128040,Regular
XRPUSDT,2024-06-03 16:00:00.000,0.00017757,0.52201871,Regular
XRPUSDT,2024-06-04 00:00:00.000,0.0001,0.52018813,Regular
XRPUSDT,2024-06-04 08:00:00.000,0.0001,0.52060000,Regular
XRPUSDT,2024-06-04 16:00:00.000,0.0001,0.52984022,Regular
XRPUSDT,2024-06-05 00:00:00.000,0.0001,0.52590000,Regular
XRPUSDT,2024-06-05 08:00:00.000,0.00015158,0.52719940,Regular
XRPUSDT,2024-06-05 16:00:00.000,0.00018024,0.52963298,Regular
XRPUSDT,2024-06-06 00:00:00.000,0.00010109,0.52611156,Regular
XRPUSDT,2024-06-06 08:00:00.008,0.00019575,0.52500000,Regular
XRPUSDT,2024-06-06 16:00:00.000,0.00028204,0.52699925,Regular
XRPUSDT,2024-06-07 00:00:00.000,0.0001,0.52178711,Regular
XRPUSDT,2024-06-07 08:00:00.000,0.00014911,0.52568511,Regular
XRPUSDT,2024-06-07 16:00:00.000,0.00030813,0.52430000,Regular
XRPUSDT,2024-06-08 00:00:00.000,0.0001,0.49895101,Regular
XRPUSDT,2024-06-08 08:00:00.000,0.0001,0.50030000,Regular
XRPUSDT,2024-06-08 16:00:00.000,0.0001,0.49310000,Regular
XRPUSDT,2024-06-09 00:00:00.000,0.0001,0.49260000,Regular
XRPUSDT,2024-06-09 08:00:00.000,0.0001,0.49392050,Regular
XRPUSDT,2024-06-09 16:00:00.001,0.0001,0.49515341,Regular
XRPUSDT,2024-06-10 00:00:00.000,0.0001,0.49850000,Regular
XRPUSDT,2024-06-10 08:00:00.000,0.0001,0.49370000,Regular
XRPUSDT,2024-06-10 16:00:00.001,0.0001,0.50460000,Regular
XRPUSDT,2024-06-11 00:00:00.001,0.0001,0.49693601,Regular
XRPUSDT,2024-06-11 08:00:00.000,0.0001,0.48585937,Regular
XRPUSDT,2024-06-11 16:00:00.000,0.0001,0.47652393,Regular
XRPUSDT,2024-06-12 00:00:00.000,0.0001,0.48022764,Regular
XRPUSDT,2024-06-12 08:00:00.000,0.0001,0.48112326,Regular
XRPUSDT,2024-06-12 16:00:00.000,0.0001,0.49629858,Regular
XRPUSDT,2024-06-13 00:00:00.000,0.0001,0.49165702,Regular
XRPUSDT,2024-06-13 08:00:00.001,0.0001,0.48824877,Regular
XRPUSDT,2024-06-13 16:00:00.000,0.0001,0.48049303,Regular
XRPUSDT,2024-06-14 00:00:00.000,0.0001,0.47684840,Regular
XRPUSDT,2024-06-14 08:00:00.000,0.0001,0.47806327,Regular
XRPUSDT,2024-06-14 16:00:00.000,0.0001,0.47414944,Regular
XRPUSDT,2024-06-15 00:00:00.000,0.0001,0.47451889,Regular
XRPUSDT,2024-06-15 08:00:00.000,0.0001,0.47837190,Regular
XRPUSDT,2024-06-15 16:00:00.000,0.0001,0.48467199,Regular
XRPUSDT,2024-06-16 00:00:00.001,0.0001,0.49061408,Regular
XRPUSDT,2024-06-16 08:00:00.000,0.0001,0.48851234,Regular
XRPUSDT,2024-06-16 16:00:00.000,0.0001,0.49070740,Regular
XRPUSDT,2024-06-17 00:00:00.000,0.0001,0.48900000,Regular
XRPUSDT,2024-06-17 08:00:00.000,0.0001,0.49910000,Regular
XRPUSDT,2024-06-17 16:00:00.000,6.718e-05,0.50936365,Regular
XRPUSDT,2024-06-18 00:00:00.000,0.0001,0.50452057,Regular
XRPUSDT,2024-06-18 08:00:00.000,9.104e-05,0.50052107,Regular
XRPUSDT,2024-06-18 16:00:00.000,0.0001,0.48490000,Regular
XRPUSDT,2024-06-19 00:00:00.001,-2.935e-05,0.49081631,Regular
XRPUSDT,2024-06-19 08:00:00.001,0.0001,0.49156214,Regular
XRPUSDT,2024-06-19 16:00:00.000,0.0001,0.49224010,Regular
XRPUSDT,2024-06-20 00:00:00.000,0.0001,0.49319755,Regular
XRPUSDT,2024-06-20 08:00:00.000,-1.133e-05,0.49950000,Regular
XRPUSDT,2024-06-20 16:00:00.000,0.0001,0.49210000,Regular
XRPUSDT,2024-06-21 00:00:00.000,2.357e-05,0.48861098,Regular
XRPUSDT,2024-06-21 08:00:00.000,-4.41e-06,0.49026871,Regular
XRPUSDT,2024-06-21 16:00:00.000,3.481e-05,0.48550000,Regular
XRPUSDT,2024-06-22 00:00:00.000,4.995e-05,0.48880000,Regular
XRPUSDT,2024-06-22 08:00:00.000,0.0001,0.48640269,Regular
XRPUSDT,2024-06-22 16:00:00.000,9.94e-05,0.48583734,Regular
XRPUSDT,2024-06-23 00:00:00.000,0.0001,0.48640000,Regular
XRPUSDT,2024-06-23 08:00:00.000,9.474e-05,0.48762632,Regular
XRPUSDT,2024-06-23 16:00:00.000,-1.869e-05,0.48250000,Regular
XRPUSDT,2024-06-24 00:00:00.002,3.941e-05,0.47961114,Regular
XRPUSDT,2024-06-24 08:00:00.000,-1.033e-05,0.47370000,Regular
XRPUSDT,2024-06-24 16:00:00.000,0.0001,0.47301226,Regular
XRPUSDT,2024-06-25 00:00:00.000,0.0001,0.47380000,Regular
XRPUSDT,2024-06-25 08:00:00.000,0.0001,0.47600000,Regular
XRPUSDT,2024-06-25 16:00:00.000,0.0001,0.47708474,Regular
XRPUSDT,2024-06-26 00:00:00.002,0.0001,0.47550884,Regular
XRPUSDT,2024-06-26 08:00:00.000,7.928e-05,0.47324393,Regular
XRPUSDT,2024-06-26 16:00:00.000,0.0001,0.46963700,Regular
XRPUSDT,2024-06-27 00:00:00.000,0.0001,0.46960000,Regular
XRPUSDT,2024-06-27 08:00:00.001,5.919e-05,0.46680000,Regular
XRPUSDT,2024-06-27 16:00:00.000,0.0001,0.47212002,Regular
XRPUSDT,2024-06-28 00:00:00.000,0.0001,0.47532058,Regular
XRPUSDT,2024-06-28 08:00:00.000,0.0001,0.47760000,Regular
XRPUSDT,2024-06-28 16:00:00.000,0.0001,0.47604483,Regular
XRPUSDT,2024-06-29 00:00:00.001,0.0001,0.47130000,Regular
XRPUSDT,2024-06-29 08:00:00.000,0.0001,0.47560000,Regular
XRPUSDT,2024-06-29 16:00:00.000,0.0001,0.47516995,Regular
XRPUSDT,2024-06-30 00:00:00.000,0.0001,0.47240000,Regular
XRPUSDT,2024-06-30 08:00:00.000,4.856e-05,0.47444773,Regular
XRPUSDT,2024-06-30 16:00:00.000,0.0001,0.47358388,Regular
XRPUSDT,2024-07-01 00:00:00.000,0.0001,0.47600000,Regular
XRPUSDT,2024-07-01 08:00:00.000,0.0001,0.47987208,Regular
XRPUSDT,2024-07-01 16:00:00.001,0.0001,0.47988279,Regular
XRPUSDT,2024-07-02 00:00:00.000,8.225e-05,0.47670229,Regular
XRPUSDT,2024-07-02 08:00:00.000,0.0001,0.47840397,Regular
XRPUSDT,2024-07-02 16:00:00.000,0.0001,0.48190259,Regular
XRPUSDT,2024-07-03 00:00:00.000,0.0001,0.48530000,Regular
XRPUSDT,2024-07-03 08:00:00.001,0.0001,0.48260000,Regular
XRPUSDT,2024-07-03 16:00:00.000,0.0001,0.47140619,Regular
XRPUSDT,2024-07-04 00:00:00.000,2.872e-05,0.46692751,Regular
XRPUSDT,2024-07-04 08:00:00.000,6.02e-05,0.45433457,Regular
XRPUSDT,2024-07-04 16:00:00.000,0.0001,0.44433132,Regular
XRPUSDT,2024-07-05 00:00:00.000,-3.882e-05,0.43265015,Regular
XRPUSDT,2024-07-05 08:00:00.000,-7.319e-05,0.40456900,Regular
XRPUSDT,2024-07-05 16:00:00.000,-6.99e-05,0.42433718,Regular
XRPUSDT,2024-07-06 00:00:00.000,6.497e-05,0.42490000,Regular
XRPUSDT,2024-07-06 08:00:00.000,7.794e-05,0.43270000,Regular
XRPUSDT,2024-07-06 16:00:00.000,2.97e-05,0.43820000,Regular
XRPUSDT,2024-07-07 00:00:00.001,5.735e-05,0.44862488,Regular
XRPUSDT,2024-07-07 08:00:00.000,0.0001,0.43690000,Regular
XRPUSDT,2024-07-07 16:00:00.000,-3.164e-05,0.42682501,Regular
XRPUSDT,2024-07-08 00:00:00.000,2.344e-05,0.41930000,Regular
XRPUSDT,2024-07-08 08:00:00.000,-8.431e-05,0.42250000,Regular
XRPUSDT,2024-07-08 16:00:00.000,0.0001,0.42390000,Regular
XRPUSDT,2024-07-09 00:00:00.000,0.0001,0.43140000,Regular
XRPUSDT,2024-07-09 08:00:00.001,-1.82e-05,0.43420000,Regular
XRPUSDT,2024-07-09 16:00:00.000,0.0001,0.43150000,Regular
XRPUSDT,2024-07-10 00:00:00.000,4.68e-05,0.43550000,Regular
XRPUSDT,2024-07-10 08:00:00.000,0.0001,0.43964304,Regular
XRPUSDT,2024-07-10 16:00:00.000,0.0001,0.43294111,Regular
XRPUSDT,2024-07-11 00:00:00.002,-3.219e-05,0.43860000,Regular
XRPUSDT,2024-07-11 08:00:00.002,0.0001,0.44440180,Regular
XRPUSDT,2024-07-11 16:00:00.004,0.0001,0.44041971,Regular
XRPUSDT,2024-07-12 00:00:00.000,0.0001,0.44894367,Regular
XRPUSDT,2024-07-12 08:00:00.000,5.644e-05,0.46273192,Regular
XRPUSDT,2024-07-12 16:00:00.000,0.0001,0.46118632,Regular
XRPUSDT,2024-07-13 00:00:00.000,-4.793e-05,0.47420000,Regular
XRPUSDT,2024-07-13 08:00:00.000,4.708e-05,0.51510000,Regular
XRPUSDT,2024-07-13 16:00:00.000,0.0001,0.53628062,Regular
XRPUSDT,2024-07-14 00:00:00.000,0.0001,0.52550600,Regular
XRPUSDT,2024-07-14 08:00:00.000,8.455e-05,0.52601644,Regular
XRPUSDT,2024-07-14 16:00:00.000,0.0001,0.52690000,Regular
XRPUSDT,2024-07-15 00:00:00.000,0.0001,0.52022489,Regular
XRPUSDT,2024-07-15 08:00:00.000,0.0001,0.53039408,Regular
XRPUSDT,2024-07-15 16:00:00.000,-1.048e-05,0.52373185,Regular
XRPUSDT,2024-07-16 00:00:00.000,0.0001,0.53685955,Regular
XRPUSDT,2024-07-16 08:00:00.000,4.064e-05,0.54003428,Regular
XRPUSDT,2024-07-16 16:00:00.000,0.0001,0.58443737,Regular
XRPUSDT,2024-07-17 00:00:00.000,0.0001,0.57905919,Regular
XRPUSDT,2024-07-17 08:00:00.001,5.504e-05,0.60911475,Regular
XRPUSDT,2024-07-17 16:00:00.000,7.207e-05,0.60227998,Regular
XRPUSDT,2024-07-18 00:00:00.000,0.0001,0.62582530,Regular
XRPUSDT,2024-07-18 08:00:00.000,0.0001,0.57978040,Regular
XRPUSDT,2024-07-18 16:00:00.000,0.0001,0.56271534,Regular
XRPUSDT,2024-07-19 00:00:00.000,0.0001,0.56942902,Regular
XRPUSDT,2024-07-19 08:00:00.000,8.136e-05,0.54904373,Regular
XRPUSDT,2024-07-19 16:00:00.000,5.02e-06,0.56250000,Regular
XRPUSDT,2024-07-20 00:00:00.001,0.0001,0.57300000,Regular
XRPUSDT,2024-07-20 08:00:00.000,8.615e-05,0.59500000,Regular
XRPUSDT,2024-07-20 16:00:00.000,0.0001,0.59111575,Regular
XRPUSDT,2024-07-21 00:00:00.000,0.0001,0.59360000,Regular
XRPUSDT,2024-07-21 08:00:00.000,0.0001,0.58893109,Regular
XRPUSDT,2024-07-21 16:00:00.000,3.873e-05,0.58773355,Regular
XRPUSDT,2024-07-22 00:00:00.000,0.0001,0.59830927,Regular
XRPUSDT,2024-07-22 08:00:00.000,0.0001,0.59780000,Regular
XRPUSDT,2024-07-22 16:00:00.000,0.0001,0.61013746,Regular
XRPUSDT,2024-07-23 00:00:00.000,0.0001,0.60760000,Regular
XRPUSDT,2024-07-23 08:00:00.000,0.0001,0.59984298,Regular
XRPUSDT,2024-07-23 16:00:00.000,6.85e-05,0.60047747,Regular
XRPUSDT,2024-07-24 00:00:00.000,0.0001,0.59726501,Regular
XRPUSDT,2024-07-24 08:00:00.000,0.0001,0.60278803,Regular
XRPUSDT,2024-07-24 16:00:00.000,0.0001,0.62357669,Regular
XRPUSDT,2024-07-25 00:00:00.000,3.869e-05,0.61775075,Regular
XRPUSDT,2024-07-25 08:00:00.000,2.644e-05,0.60884314,Regular
XRPUSDT,2024-07-25 16:00:00.000,0.0001,0.61730000,Regular
XRPUSDT,2024-07-26 00:00:00.000,4.81e-06,0.59940000,Regular
XRPUSDT,2024-07-26 08:00:00.000,1.78e-05,0.59820000,Regular
XRPUSDT,2024-07-26 16:00:00.000,-9.915e-05,0.59199066,Regular
XRPUSDT,2024-07-27 00:00:00.000,0.0001,0.60320000,Regular
XRPUSDT,2024-07-27 08:00:00.000,0.0001,0.60060000,Regular
XRPUSDT,2024-07-27 16:00:00.000,0.0001,0.59860000,Regular
XRPUSDT,2024-07-28 00:00:00.000,0.0001,0.59544351,Regular
XRPUSDT,2024-07-28 08:00:00.000,0.0001,0.60420030,Regular
XRPUSDT,2024-07-28 16:00:00.001,0.0001,0.60350000,Regular
XRPUSDT,2024-07-29 00:00:00.001,5.139e-05,0.60100000,Regular
XRPUSDT,2024-07-29 08:00:00.000,0.0001,0.61010000,Regular
XRPUSDT,2024-07-29 16:00:00.001,6.889e-05,0.59854755,Regular
XRPUSDT,2024-07-30 00:00:00.000,0.0001,0.60168205,Regular
XRPUSDT,2024-07-30 08:00:00.001,7.981e-05,0.59960000,Regular
XRPUSDT,2024-07-30 16:00:00.000,0.0001,0.61782057,Regular
XRPUSDT,2024-07-31 00:00:00.000,0.0001,0.62730000,Regular
XRPUSDT,2024-07-31 08:00:00.000,9.958e-05,0.64630000,Regular
XRPUSDT,2024-07-31 16:00:00.000,0.0001,0.65169238,Regular
XRPUSDT,2024-08-01 00:00:00.000,0.0001,0.62290000,Regular
XRPUSDT,2024-08-01 08:00:00.000,1.46e-06,0.60826237,Regular
XRPUSDT,2024-08-01 16:00:00.000,7.562e-05,0.58556519,Regular
XRPUSDT,2024-08-02 00:00:00.000,-6.64e-05,0.59610000,Regular
XRPUSDT,2024-08-02 08:00:00.001,9.547e-05,0.57247196,Regular
XRPUSDT,2024-08-02 16:00:00.000,7.354e-05,0.56127932,Regular
XRPUSDT,2024-08-03 00:00:00.000,0.0001,0.56058956,Regular
XRPUSDT,2024-08-03 08:00:00.000,-7.759e-05,0.57560000,Regular
XRPUSDT,2024-08-03 16:00:00.001,-1.35e-05,0.55610000,Regular
XRPUSDT,2024-08-04 00:00:00.000,-1.823e-05,0.55560000,Regular
XRPUSDT,2024-08-04 08:00:00.000,3.565e-05,0.54770000,Regular
XRPUSDT,2024-08-04 16:00:00.000,-4.134e-05,0.52828670,Regular
XRPUSDT,2024-08-05 00:00:00.000,7.157e-05,0.52272351,Regular
XRPUSDT,2024-08-05 08:00:00.000,-6.109e-05,0.46921221,Regular
XRPUSDT,2024-08-05 16:00:00.000,-2.644e-05,0.48840000,Regular
XRPUSDT,2024-08-06 00:00:00.000,2.478e-05,0.48865321,Regular
XRPUSDT,2024-08-06 08:00:00.000,-6.729e-05,0.51627450,Regular
XRPUSDT,2024-08-06 16:00:00.000,6.652e-05,0.51084738,Regular
XRPUSDT,2024-08-07 00:00:00.000,4.577e-05,0.50580563,Regular
XRPUSDT,2024-08-07 08:00:00.001,-1.565e-05,0.51290000,Regular
XRPUSDT,2024-08-07 16:00:00.000,-2.816e-05,0.49950000,Regular
XRPUSDT,2024-08-08 00:00:00.001,-5.6e-06,0.59993942,Regular
XRPUSDT,2024-08-08 08:00:00.000,7.266e-05,0.60586986,Regular
XRPUSDT,2024-08-08 16:00:00.000,5.545e-05,0.61270000,Regular
XRPUSDT,2024-08-09 00:00:00.000,7.762e-05,0.61630000,Regular
XRPUSDT,2024-08-09 08:00:00.000,0.0001,0.60280000,Regular
XRPUSDT,2024-08-09 16:00:00.000,4.647e-05,0.57292586,Regular
XRPUSDT,2024-08-10 00:00:00.000,-6.555e-05,0.58021335,Regular
XRPUSDT,2024-08-10 08:00:00.000,1.486e-05,0.58612404,Regular
XRPUSDT,2024-08-10 16:00:00.000,1.59e-06,0.59723913,Regular
XRPUSDT,2024-08-11 00:00:00.000,5.962e-05,0.58373696,Regular
XRPUSDT,2024-08-11 08:00:00.000,0.0001,0.59110000,Regular
XRPUSDT,2024-08-11 16:00:00.001,-2.119e-05,0.56640624,Regular
XRPUSDT,2024-08-12 00:00:00.000,2.828e-05,0.55260000,Regular
XRPUSDT,2024-08-12 08:00:00.000,-1.064e-05,0.56759589,Regular
XRPUSDT,2024-08-12 16:00:00.000,9.573e-05,0.57110000,Regular
XRPUSDT,2024-08-13 00:00:00.000,6.651e-05,0.56814717,Regular
XRPUSDT,2024-08-13 08:00:00.000,1.571e-05,0.57281964,Regular
XRPUSDT,2024-08-13 16:00:00.000,3.334e-05,0.57379591,Regular
XRPUSDT,2024-08-14 00:00:00.000,5.899e-05,0.57662766,Regular
XRPUSDT,2024-08-14 08:00:00.000,6.911e-05,0.57630000,Regular
XRPUSDT,2024-08-14 16:00:00.000,1.227e-05,0.57360000,Regular
XRPUSDT,2024-08-15 00:00:00.000,6.615e-05,0.56841490,Regular
XRPUSDT,2024-08-15 08:00:00.000,7.997e-05,0.56583957,Regular
XRPUSDT,2024-08-15 16:00:00.000,6.3e-05,0.57116433,Regular
XRPUSDT,2024-08-16 00:00:00.000,-4.909e-05,0.56050000,Regular
XRPUSDT,2024-08-16 08:00:00.000,8.323e-05,0.56720000,Regular
XRPUSDT,2024-08-16 16:00:00.000,7.215e-05,0.55780000,Regular
XRPUSDT,2024-08-17 00:00:00.000,0.0001,0.56340000,Regular
XRPUSDT,2024-08-17 08:00:00.000,1.022e-05,0.56451898,Regular
XRPUSDT,2024-08-17 16:00:00.000,2.736e-05,0.56650000,Regular
XRPUSDT,2024-08-18 00:00:00.000,3.73e-05,0.56610827,Regular
XRPUSDT,2024-08-18 08:00:00.000,9.645e-05,0.56494402,Regular
XRPUSDT,2024-08-18 16:00:00.000,-4.97e-05,0.57313022,Regular
XRPUSDT,2024-08-19 00:00:00.000,4.95e-05,0.56282730,Regular
XRPUSDT,2024-08-19 08:00:00.000,1.061e-05,0.57330000,Regular
XRPUSDT,2024-08-19 16:00:00.002,4.149e-05,0.57910000,Regular
XRPUSDT,2024-08-20 00:00:00.000,8.115e-05,0.59810000,Regular
XRPUSDT,2024-08-20 08:00:00.000,5.315e-05,0.60670000,Regular
XRPUSDT,2024-08-20 16:00:00.001,8.787e-05,0.58932796,Regular
XRPUSDT,2024-08-21 00:00:00.001,-1.156e-05,0.59335362,Regular
XRPUSDT,2024-08-21 08:00:00.000,3.839e-05,0.59800000,Regular
XRPUSDT,2024-08-21 16:00:00.001,3.5e-05,0.59208096,Regular
XRPUSDT,2024-08-22 00:00:00.000,4.083e-05,0.59970000,Regular
XRPUSDT,2024-08-22 08:00:00.000,7.355e-05,0.60127527,Regular
XRPUSDT,2024-08-22 16:00:00.008,0.0001,0.59516985,Regular
XRPUSDT,2024-08-23 00:00:00.000,-4.36e-06,0.59740000,Regular
XRPUSDT,2024-08-23 08:00:00.000,9.305e-05,0.59910000,Regular
XRPUSDT,2024-08-23 16:00:00.000,3.996e-05,0.59890000,Regular
XRPUSDT,2024-08-24 00:00:00.000,-1.826e-05,0.61053786,Regular
XRPUSDT,2024-08-24 08:00:00.005,7.598e-05,0.60820000,Regular
XRPUSDT,2024-08-24 16:00:00.000,0.0001,0.61975569,Regular
XRPUSDT,2024-08-25 00:00:00.000,9.003e-05,0.61229343,Regular
XRPUSDT,2024-08-25 08:00:00.000,-8.614e-05,0.59855177,Regular
XRPUSDT,2024-08-25 16:00:00.000,-1.958e-05,0.60230000,Regular
XRPUSDT,2024-08-26 00:00:00.000,-0.00014309,0.59970000,Regular
XRPUSDT,2024-08-26 08:00:00.001,1.931e-05,0.59477562,Regular
XRPUSDT,2024-08-26 16:00:00.000,5.817e-05,0.59239639,Regular
XRPUSDT,2024-08-27 00:00:00.001,-0.00017615,0.58712903,Regular
XRPUSDT,2024-08-27 08:00:00.000,1.307e-05,0.59080000,Regular
XRPUSDT,2024-08-27 16:00:00.000,0.0001,0.59370000,Regular
XRPUSDT,2024-08-28 00:00:00.000,-3.905e-05,0.56622295,Regular
XRPUSDT,2024-08-28 08:00:00.000,-0.00017728,0.56910000,Regular
XRPUSDT,2024-08-28 16:00:00.001,9.502e-05,0.56862577,Regular
XRPUSDT,2024-08-29 00:00:00.000,7.166e-05,0.56903597,Regular
XRPUSDT,2024-08-29 08:00:00.001,1.721e-05,0.57405678,Regular
XRPUSDT,2024-08-29 16:00:00.000,5.353e-05,0.57173867,Regular
XRPUSDT,2024-08-30 00:00:00.000,-2.38e-05,0.56159136,Regular
XRPUSDT,2024-08-30 08:00:00.000,3.797e-05,0.56397174,Regular
XRPUSDT,2024-08-30 16:00:00.000,4.92e-06,0.54801707,Regular
XRPUSDT,2024-08-31 00:00:00.000,6.633e-05,0.56650000,Regular
XRPUSDT,2024-08-31 08:00:00.000,0.0001,0.56624503,Regular
XRPUSDT,2024-08-31 16:00:00.000,0.0001,0.56625474,Regular
XRPUSDT,2024-09-01 00:00:00.000,0.0001,0.56610000,Regular
XRPUSDT,2024-09-01 08:00:00.001,1.024e-05,0.55870768,Regular
XRPUSDT,2024-09-01 16:00:00.000,3.04e-05,0.55620000,Regular
XRPUSDT,2024-09-02 00:00:00.001,8.1e-07,0.54697367,Regular
XRPUSDT,2024-09-02 08:00:00.001,-5.077e-05,0.54600000,Regular
XRPUSDT,2024-09-02 16:00:00.000,7.233e-05,0.55800000,Regular
XRPUSDT,2024-09-03 00:00:00.000,4.862e-05,0.56741847,Regular
XRPUSDT,2024-09-03 08:00:00.001,3.989e-05,0.56890000,Regular
XRPUSDT,2024-09-03 16:00:00.000,8.626e-05,0.55910000,Regular
XRPUSDT,2024-09-04 00:00:00.000,8.664e-05,0.55693695,Regular
XRPUSDT,2024-09-04 08:00:00.000,4.057e-05,0.55421649,Regular
XRPUSDT,2024-09-04 16:00:00.000,3.38e-05,0.56188783,Regular
XRPUSDT,2024-09-05 00:00:00.000,-4.66e-06,0.55764432,Regular
XRPUSDT,2024-09-05 08:00:00.000,-1.701e-05,0.55308681,Regular
XRPUSDT,2024-09-05 16:00:00.005,4.069e-05,0.54600000,Regular
XRPUSDT,2024-09-06 00:00:00.000,9.65e-06,0.54413624,Regular
XRPUSDT,2024-09-06 08:00:00.001,1.082e-05,0.53472768,Regular
XRPUSDT,2024-09-06 16:00:00.000,4.93e-06,0.52604103,Regular
XRPUSDT,2024-09-07 00:00:00.000,-0.0001307,0.52060000,Regular
XRPUSDT,2024-09-07 08:00:00.000,-3.715e-05,0.52932747,Regular
XRPUSDT,2024-09-07 16:00:00.000,9.17e-06,0.53116498,Regular
XRPUSDT,2024-09-08 00:00:00.000,6.484e-05,0.52462017,Regular
XRPUSDT,2024-09-08 08:00:00.000,7.221e-05,0.52903525,Regular
XRPUSDT,2024-09-08 16:00:00.000,3.107e-05,0.52220000,Regular
XRPUSDT,2024-09-09 00:00:00.000,1.686e-05,0.52921494,Regular
XRPUSDT,2024-09-09 08:00:00.000,4.572e-05,0.53070474,Regular
XRPUSDT,2024-09-09 16:00:00.001,2.103e-05,0.52910000,Regular
XRPUSDT,2024-09-10 00:00:00.000,6.767e-05,0.53930712,Regular
XRPUSDT,2024-09-10 08:00:00.000,-1.963e-05,0.53890000,Regular
XRPUSDT,2024-09-10 16:00:00.000,3.57e-05,0.53571684,Regular
XRPUSDT,2024-09-11 00:00:00.000,5.088e-05,0.54050000,Regular
XRPUSDT,2024-09-11 08:00:00.000,1.913e-05,0.53326151,Regular
XRPUSDT,2024-09-11 16:00:00.000,9.14e-06,0.53190000,Regular
XRPUSDT,2024-09-12 00:00:00.000,7.149e-05,0.53460000,Regular
XRPUSDT,2024-09-12 08:00:00.000,-1.027e-05,0.53810000,Regular
XRPUSDT,2024-09-12 16:00:00.000,1.96e-06,0.55748056,Regular
XRPUSDT,2024-09-13 00:00:00.000,2.306e-05,0.56240000,Regular
XRPUSDT,2024-09-13 08:00:00.001,4.47e-06,0.56312675,Regular
XRPUSDT,2024-09-13 16:00:00.001,4.752e-05,0.57070416,Regular
XRPUSDT,2024-09-14 00:00:00.000,-5.76e-05,0.57229354,Regular
XRPUSDT,2024-09-14 08:00:00.000,7.898e-05,0.57910000,Regular
XRPUSDT,2024-09-14 16:00:00.001,6.594e-05,0.58680000,Regular
XRPUSDT,2024-09-15 00:00:00.000,5.188e-05,0.59530000,Regular
XRPUSDT,2024-09-15 08:00:00.000,2.769e-05,0.58831497,Regular
XRPUSDT,2024-09-15 16:00:00.000,4.46e-06,0.58822321,Regular
XRPUSDT,2024-09-16 00:00:00.000,1.644e-05,0.57043903,Regular
XRPUSDT,2024-09-16 08:00:00.001,3.194e-05,0.57171092,Regular
XRPUSDT,2024-09-16 16:00:00.000,5.446e-05,0.56820000,Regular
XRPUSDT,2024-09-17 00:00:00.001,6.486e-05,0.58620000,Regular
XRPUSDT,2024-09-17 08:00:00.000,6.988e-05,0.58490000,Regular
XRPUSDT,2024-09-17 16:00:00.000,1.902e-05,0.59037482,Regular
XRPUSDT,2024-09-18 00:00:00.000,-2.796e-05,0.58360000,Regular
XRPUSDT,2024-09-18 08:00:00.000,4.565e-05,0.57740000,Regular
XRPUSDT,2024-09-18 16:00:00.004,8.67e-06,0.56407343,Regular
XRPUSDT,2024-09-19 00:00:00.000,5.25e-05,0.58508812,Regular
XRPUSDT,2024-09-19 08:00:00.000,0.0001,0.58480000,Regular
XRPUSDT,2024-09-19 16:00:00.001,0.0001,0.58595910,Regular
XRPUSDT,2024-09-20 00:00:00.000,0.0001,0.58661387,Regular
XRPUSDT,2024-09-20 08:00:00.001,0.0001,0.59080000,Regular
XRPUSDT,2024-09-20 16:00:00.000,0.0001,0.57957673,Regular
XRPUSDT,2024-09-21 00:00:00.001,6.213e-05,0.58470000,Regular
XRPUSDT,2024-09-21 08:00:00.000,0.0001,0.58320000,Regular
XRPUSDT,2024-09-21 16:00:00.000,0.0001,0.58640000,Regular
XRPUSDT,2024-09-22 00:00:00.000,0.0001,0.59745239,Regular
XRPUSDT,2024-09-22 08:00:00.000,0.0001,0.59570000,Regular
XRPUSDT,2024-09-22 16:00:00.000,4.53e-05,0.58877920,Regular
XRPUSDT,2024-09-23 00:00:00.000,6.389e-05,0.58691128,Regular
XRPUSDT,2024-09-23 08:00:00.000,0.0001,0.58860405,Regular
XRPUSDT,2024-09-23 16:00:00.000,7.235e-05,0.58781336,Regular
XRPUSDT,2024-09-24 00:00:00.000,4.237e-05,0.58452151,Regular
XRPUSDT,2024-09-24 08:00:00.000,0.0001,0.58680000,Regular
XRPUSDT,2024-09-24 16:00:00.001,7.669e-05,0.58284147,Regular
XRPUSDT,2024-09-25 00:00:00.000,0.0001,0.59070000,Regular
XRPUSDT,2024-09-25 08:00:00.003,7.834e-05,0.58728142,Regular
XRPUSDT,2024-09-25 16:00:00.000,0.0001,0.58492242,Regular
XRPUSDT,2024-09-26 00:00:00.005,3.275e-05,0.58281985,Regular
XRPUSDT,2024-09-26 08:00:00.000,0.0001,0.58800222,Regular
XRPUSDT,2024-09-26 16:00:00.000,0.0001,0.59256182,Regular
XRPUSDT,2024-09-27 00:00:00.000,0.0001,0.59030000,Regular
XRPUSDT,2024-09-27 08:00:00.000,9.029e-05,0.58901568,Regular
XRPUSDT,2024-09-27 16:00:00.000,0.0001,0.58810000,Regular
XRPUSDT,2024-09-28 00:00:00.000,8.859e-05,0.58850000,Regular
XRPUSDT,2024-09-28 08:00:00.001,0.0001,0.60791901,Regular
XRPUSDT,2024-09-28 16:00:00.000,0.0001,0.61766912,Regular
XRPUSDT,2024-09-29 00:00:00.001,0.0001,0.61373367,Regular
XRPUSDT,2024-09-29 08:00:00.000,0.0001,0.62835089,Regular
XRPUSDT,2024-09-29 16:00:00.000,0.0001,0.65952843,Regular
XRPUSDT,2024-09-30 00:00:00.000,0.0001,0.64110000,Regular
XRPUSDT,2024-09-30 08:00:00.001,0.0001,0.64510000,Regular
XRPUSDT,2024-09-30 16:00:00.000,0.0001,0.61763491,Regular
XRPUSDT,2024-10-01 00:00:00.000,0.0001,0.61141550,Regular
XRPUSDT,2024-10-01 08:00:00.000,0.0001,0.62813553,Regular
XRPUSDT,2024-10-01 16:00:00.001,0.0001,0.61156355,Regular
XRPUSDT,2024-10-02 00:00:00.000,9.312e-05,0.59680000,Regular
XRPUSDT,2024-10-02 08:00:00.000,1.329e-05,0.60016399,Regular
XRPUSDT,2024-10-02 16:00:00.000,3.889e-05,0.58430982,Regular
XRPUSDT,2024-10-03 00:00:00.000,8.621e-05,0.53813074,Regular
XRPUSDT,2024-10-03 08:00:00.000,4.166e-05,0.51848184,Regular
XRPUSDT,2024-10-03 16:00:00.000,1.912e-05,0.52242649,Regular
XRPUSDT,2024-10-04 00:00:00.000,1.536e-05,0.52150000,Regular
XRPUSDT,2024-10-04 08:00:00.000,4.907e-05,0.52370764,Regular
XRPUSDT,2024-10-04 16:00:00.001,1.62e-05,0.52170000,Regular
XRPUSDT,2024-10-05 00:00:00.000,-2.791e-05,0.53380000,Regular
XRPUSDT,2024-10-05 08:00:00.000,0.0001,0.53290000,Regular
XRPUSDT,2024-10-05 16:00:00.000,6.098e-05,0.53010000,Regular
XRPUSDT,2024-10-06 00:00:00.000,0.0001,0.52916301,Regular
XRPUSDT,2024-10-06 08:00:00.001,0.0001,0.53090000,Regular
XRPUSDT,2024-10-06 16:00:00.000,9.216e-05,0.53669260,Regular
XRPUSDT,2024-10-07 00:00:00.000,2.974e-05,0.53341010,Regular
XRPUSDT,2024-10-07 08:00:00.000,7.223e-05,0.54000000,Regular
XRPUSDT,2024-10-07 16:00:00.001,8.064e-05,0.54090925,Regular
XRPUSDT,2024-10-08 00:00:00.000,0.0001,0.52831462,Regular
XRPUSDT,2024-10-08 08:00:00.000,7.631e-05,0.52700000,Regular
XRPUSDT,2024-10-08 16:00:00.000,0.0001,0.52443502,Regular
XRPUSDT,2024-10-09 00:00:00.000,0.0001,0.53080000,Regular
XRPUSDT,2024-10-09 08:00:00.000,0.0001,0.53072704,Regular
XRPUSDT,2024-10-09 16:00:00.000,0.0001,0.53141350,Regular
XRPUSDT,2024-10-10 00:00:00.000,0.0001,0.52420000,Regular
XRPUSDT,2024-10-10 08:00:00.000,0.0001,0.52554167,Regular
XRPUSDT,2024-10-10 16:00:00.000,4.881e-05,0.53530000,Regular
XRPUSDT,2024-10-11 00:00:00.000,0.0001,0.53030000,Regular
XRPUSDT,2024-10-11 08:00:00.000,8.139e-05,0.53797156,Regular
XRPUSDT,2024-10-11 16:00:00.001,6.455e-05,0.53809668,Regular
XRPUSDT,2024-10-12 00:00:00.000,0.0001,0.53865036,Regular
XRPUSDT,2024-10-12 08:00:00.001,0.0001,0.53801989,Regular
XRPUSDT,2024-10-12 16:00:00.000,0.0001,0.54140000,Regular
XRPUSDT,2024-10-13 00:00:00.000,8.88e-05,0.53900000,Regular
XRPUSDT,2024-10-13 08:00:00.000,0.0001,0.53638240,Regular
XRPUSDT,2024-10-13 16:00:00.000,-1.324e-05,0.52760232,Regular
XRPUSDT,2024-10-14 00:00:00.000,8.7e-05,0.53175541,Regular
XRPUSDT,2024-10-14 08:00:00.000,0.0001,0.53880000,Regular
XRPUSDT,2024-10-14 16:00:00.000,0.0001,0.54888119,Regular
XRPUSDT,2024-10-15 00:00:00.000,0.0001,0.54836821,Regular
XRPUSDT,2024-10-15 08:00:00.000,0.0001,0.54578968,Regular
XRPUSDT,2024-10-15 16:00:00.000,0.0001,0.53890000,Regular
XRPUSDT,2024-10-16 00:00:00.000,0.0001,0.54151162,Regular
XRPUSDT,2024-10-16 08:00:00.001,0.0001,0.53890000,Regular
XRPUSDT,2024-10-16 16:00:00.000,0.0001,0.54750000,Regular
XRPUSDT,2024-10-17 00:00:00.000,0.0001,0.54809046,Regular
XRPUSDT,2024-10-17 08:00:00.000,0.0001,0.55440000,Regular
XRPUSDT,2024-10-17 16:00:00.001,0.0001,0.55360000,Regular
XRPUSDT,2024-10-18 00:00:00.010,0.0001,0.54400000,Regular
XRPUSDT,2024-10-18 08:00:00.001,0.0001,0.54962303,Regular
XRPUSDT,2024-10-18 16:00:00.000,0.0001,0.54596604,Regular
XRPUSDT,2024-10-19 00:00:00.000,0.0001,0.54654189,Regular
XRPUSDT,2024-10-19 08:00:00.000,0.0001,0.54614319,Regular
XRPUSDT,2024-10-19 16:00:00.000,0.0001,0.54430000,Regular
XRPUSDT,2024-10-20 00:00:00.000,0.0001,0.54386383,Regular
XRPUSDT,2024-10-20 08:00:00.000,0.0001,0.54010000,Regular
XRPUSDT,2024-10-20 16:00:00.000,0.0001,0.54460000,Regular
XRPUSDT,2024-10-21 00:00:00.000,0.0001,0.54830000,Regular
XRPUSDT,2024-10-21 08:00:00.000,0.0001,0.54870000,Regular
XRPUSDT,2024-10-21 16:00:00.000,0.0001,0.54659796,Regular
XRPUSDT,2024-10-22 00:00:00.000,0.0001,0.54491175,Regular
XRPUSDT,2024-10-22 08:00:00.000,0.0001,0.54720000,Regular
XRPUSDT,2024-10-22 16:00:00.000,9.868e-05,0.53330000,Regular
XRPUSDT,2024-10-23 00:00:00.000,0.0001,0.53365450,Regular
XRPUSDT,2024-10-23 08:00:00.000,0.0001,0.52652993,Regular
XRPUSDT,2024-10-23 16:00:00.000,0.0001,0.52391300,Regular
XRPUSDT,2024-10-24 00:00:00.000,0.0001,0.52570000,Regular
XRPUSDT,2024-10-24 08:00:00.000,0.0001,0.52903863,Regular
XRPUSDT,2024-10-24 16:00:00.000,0.0001,0.52923636,Regular
XRPUSDT,2024-10-25 00:00:00.000,0.0001,0.53211355,Regular
XRPUSDT,2024-10-25 08:00:00.000,0.0001,0.52380000,Regular
XRPUSDT,2024-10-25 16:00:00.000,0.0001,0.52221460,Regular
XRPUSDT,2024-10-26 00:00:00.000,2.578e-05,0.50186708,Regular
XRPUSDT,2024-10-26 08:00:00.001,0.0001,0.51400000,Regular
XRPUSDT,2024-10-26 16:00:00.000,0.0001,0.50900000,Regular
XRPUSDT,2024-10-27 00:00:00.000,0.0001,0.51325281,Regular
XRPUSDT,2024-10-27 08:00:00.000,0.0001,0.51480000,Regular
XRPUSDT,2024-10-27 16:00:00.000,0.0001,0.51700000,Regular
XRPUSDT,2024-10-28 00:00:00.000,8.166e-05,0.51670000,Regular
XRPUSDT,2024-10-28 08:00:00.001,0.0001,0.51605957,Regular
XRPUSDT,2024-10-28 16:00:00.000,0.0001,0.51380000,Regular
XRPUSDT,2024-10-29 00:00:00.000,0.0001,0.51928125,Regular
XRPUSDT,2024-10-29 08:00:00.000,0.0001,0.52566805,Regular
XRPUSDT,2024-10-29 16:00:00.004,0.0001,0.52572649,Regular
XRPUSDT,2024-10-30 00:00:00.000,0.0001,0.52849914,Regular
XRPUSDT,2024-10-30 08:00:00.000,0.0001,0.52400000,Regular
XRPUSDT,2024-10-30 16:00:00.013,0.0001,0.52340000,Regular
XRPUSDT,2024-10-31 00:00:00.000,0.0001,0.52295331,Regular
XRPUSDT,2024-10-31 08:00:00.000,0.0001,0.51785039,Regular
XRPUSDT,2024-10-31 16:00:00.000,0.0001,0.51078273,Regular
XRPUSDT,2024-11-01 00:00:00.000,0.0001,0.50950000,Regular
XRPUSDT,2024-11-01 08:00:00.000,0.0001,0.51190000,Regular
XRPUSDT,2024-11-01 16:00:00.000,0.0001,0.51594487,Regular
XRPUSDT,2024-11-02 00:00:00.000,0.0001,0.51304667,Regular
XRPUSDT,2024-11-02 08:00:00.000,0.0001,0.51300000,Regular
XRPUSDT,2024-11-02 16:00:00.000,0.0001,0.51030000,Regular
XRPUSDT,2024-11-03 00:00:00.000,0.0001,0.51030000,Regular
XRPUSDT,2024-11-03 08:00:00.000,0.0001,0.50580000,Regular
XRPUSDT,2024-11-03 16:00:00.000,4.917e-05,0.49690000,Regular
XRPUSDT,2024-11-04 00:00:00.000,0.0001,0.50290000,Regular
XRPUSDT,2024-11-04 08:00:00.000,0.0001,0.50535632,Regular
XRPUSDT,2024-11-04 16:00:00.000,0.0001,0.51030000,Regular
XRPUSDT,2024-11-05 00:00:00.000,0.0001,0.50331943,Regular
XRPUSDT,2024-11-05 08:00:00.003,0.0001,0.51451228,Regular
XRPUSDT,2024-11-05 16:00:00.001,0.0001,0.50970000,Regular
XRPUSDT,2024-11-06 00:00:00.000,0.0001,0.51390000,Regular
XRPUSDT,2024-11-06 08:00:00.000,0.0001,0.53628832,Regular
XRPUSDT,2024-11-06 16:00:00.000,0.0001,0.53080000,Regular
XRPUSDT,2024-11-07 00:00:00.000,0.0001,0.54212661,Regular
XRPUSDT,2024-11-07 08:00:00.000,0.0001,0.55581402,Regular
XRPUSDT,2024-11-07 16:00:00.000,0.0001,0.55000000,Regular
XRPUSDT,2024-11-08 00:00:00.000,0.0001,0.55580000,Regular
XRPUSDT,2024-11-08 08:00:00.000,0.0001,0.55080000,Regular
XRPUSDT,2024-11-08 16:00:00.000,0.0001,0.55240000,Regular
XRPUSDT,2024-11-09 00:00:00.000,0.0001,0.55407398,Regular
XRPUSDT,2024-11-09 08:00:00.000,0.0001,0.55335776,Regular
XRPUSDT,2024-11-09 16:00:00.000,0.0001,0.54830000,Regular
XRPUSDT,2024-11-10 00:00:00.000,0.0001,0.55953030,Regular
XRPUSDT,2024-11-10 08:00:00.000,0.00024198,0.58590000,Regular
XRPUSDT,2024-11-10 16:00:00.000,0.000338,0.60496066,Regular
XRPUSDT,2024-11-11 00:00:00.001,0.00013259,0.58879480,Regular
XRPUSDT,2024-11-11 08:00:00.000,0.00020534,0.57750000,Regular
XRPUSDT,2024-11-11 16:00:00.000,0.0001,0.59088002,Regular
XRPUSDT,2024-11-12 00:00:00.002,0.00052015,0.62158920,Regular
XRPUSDT,2024-11-12 08:00:00.000,0.00046735,0.61620000,Regular
XRPUSDT,2024-11-12 16:00:00.000,0.00064103,0.67840000,Regular
XRPUSDT,2024-11-13 00:00:00.000,0.00033052,0.70459860,Regular
XRPUSDT,2024-11-13 08:00:00.010,0.00010732,0.66089864,Regular
XRPUSDT,2024-11-13 16:00:00.000,0.0001,0.71330000,Regular
XRPUSDT,2024-11-14 00:00:00.001,0.0001275,0.69020000,Regular
XRPUSDT,2024-11-14 08:00:00.000,0.00011273,0.69872520,Regular
XRPUSDT,2024-11-14 16:00:00.000,0.00020405,0.71405563,Regular
XRPUSDT,2024-11-15 00:00:00.000,0.0001337,0.77410000,Regular
XRPUSDT,2024-11-15 08:00:00.000,0.0001,0.78606792,Regular
XRPUSDT,2024-11-15 16:00:00.000,0.0001,0.86620000,Regular
XRPUSDT,2024-11-16 00:00:00.001,0.0001,0.89250000,Regular
XRPUSDT,2024-11-16 08:00:00.001,0.0001,0.97260000,Regular
XRPUSDT,2024-11-16 16:00:00.000,0.00025348,1.10964220,Regular
XRPUSDT,2024-11-17 00:00:00.000,0.00013756,1.12156196,Regular
XRPUSDT,2024-11-17 08:00:00.000,0.00020468,1.06862103,Regular
XRPUSDT,2024-11-17 16:00:00.001,0.00021541,1.08450000,Regular
XRPUSDT,2024-11-18 00:00:00.000,0.00014936,1.05500000,Regular
XRPUSDT,2024-11-18 08:00:00.000,0.00017906,1.17138462,Regular
XRPUSDT,2024-11-18 16:00:00.000,0.0002213,1.16785554,Regular
XRPUSDT,2024-11-19 00:00:00.000,0.00016154,1.11506633,Regular
XRPUSDT,2024-11-19 08:00:00.000,0.00032269,1.10300859,Regular
XRPUSDT,2024-11-19 16:00:00.000,0.00012411,1.09718829,Regular
XRPUSDT,2024-11-20 00:00:00.003,0.00019145,1.10130000,Regular
XRPUSDT,2024-11-20 08:00:00.000,0.0001,1.08214711,Regular
XRPUSDT,2024-11-20 16:00:00.000,0.00013761,1.12104416,Regular
XRPUSDT,2024-11-21 00:00:00.001,0.0001,1.10430000,Regular
XRPUSDT,2024-11-21 08:00:00.000,0.0001,1.11000000,Regular
XRPUSDT,2024-11-21 16:00:00.001,0.0001,1.10366936,Regular
XRPUSDT,2024-11-22 00:00:00.000,0.00017976,1.24770000,Regular
XRPUSDT,2024-11-22 08:00:00.000,0.00042066,1.36485939,Regular
XRPUSDT,2024-11-22 16:00:00.001,0.0001,1.44230000,Regular
XRPUSDT,2024-11-23 00:00:00.000,0.000213,1.47358983,Regular
XRPUSDT,2024-11-23 08:00:00.000,0.00019987,1.54610000,Regular
XRPUSDT,2024-11-23 16:00:00.000,0.00029953,1.55637643,Regular
XRPUSDT,2024-11-24 00:00:00.001,0.0001,1.46970000,Regular
XRPUSDT,2024-11-24 08:00:00.000,0.0002623,1.46640000,Regular
XRPUSDT,2024-11-24 16:00:00.000,0.00023222,1.31000000,Regular
XRPUSDT,2024-11-25 00:00:00.000,0.0001,1.43340000,Regular
XRPUSDT,2024-11-25 08:00:00.000,0.0001,1.47932014,Regular
XRPUSDT,2024-11-25 16:00:00.000,0.0001607,1.42320000,Regular
XRPUSDT,2024-11-26 00:00:00.000,0.0001,1.41465278,Regular
XRPUSDT,2024-11-26 08:00:00.000,0.0001,1.42540000,Regular
XRPUSDT,2024-11-26 16:00:00.000,0.0001,1.34533542,Regular
XRPUSDT,2024-11-27 00:00:00.000,0.0001,1.39920000,Regular
XRPUSDT,2024-11-27 08:00:00.000,0.0001,1.41146785,Regular
XRPUSDT,2024-11-27 16:00:00.001,0.0001,1.49630000,Regular
XRPUSDT,2024-11-28 00:00:00.000,0.00029799,1.47072680,Regular
XRPUSDT,2024-11-28 08:00:00.000,0.00025844,1.46385141,Regular
XRPUSDT,2024-11-28 16:00:00.000,0.00012197,1.43554305,Regular
XRPUSDT,2024-11-29 00:00:00.000,0.00033036,1.54310000,Regular
XRPUSDT,2024-11-29 08:00:00.000,0.0002402,1.58990000,Regular
XRPUSDT,2024-11-29 16:00:00.000,0.00019614,1.71079415,Regular
XRPUSDT,2024-11-30 00:00:00.000,0.00011631,1.80283752,Regular
XRPUSDT,2024-11-30 08:00:00.000,0.0001,1.91419828,Regular
XRPUSDT,2024-11-30 16:00:00.000,0.0001834,1.87820000,Regular
XRPUSDT,2024-12-01 00:00:00.000,0.0001,1.95270000,Regular
XRPUSDT,2024-12-01 08:00:00.000,0.0001,1.87360000,Regular
XRPUSDT,2024-12-01 16:00:00.000,0.0001,1.90210000,Regular
XRPUSDT,2024-12-02 00:00:00.001,0.00038336,2.29768275,Regular
XRPUSDT,2024-12-02 08:00:00.001,0.00030395,2.44167040,Regular
XRPUSDT,2024-12-02 16:00:00.000,0.00012545,2.70070000,Regular
XRPUSDT,2024-12-03 00:00:00.000,0.0001,2.72459895,Regular
XRPUSDT,2024-12-03 08:00:00.000,0.0001094,2.62828045,Regular
XRPUSDT,2024-12-03 16:00:00.000,0.00031216,2.52620000,Regular
XRPUSDT,2024-12-04 00:00:00.000,0.0001,2.51130000,Regular
XRPUSDT,2024-12-04 08:00:00.000,0.0001,2.62300000,Regular
XRPUSDT,2024-12-04 16:00:00.000,0.00014023,2.51414350,Regular
XRPUSDT,2024-12-05 00:00:00.001,0.00035884,2.36110000,Regular
XRPUSDT,2024-12-05 08:00:00.000,0.00065561,2.37710000,Regular
XRPUSDT,2024-12-05 16:00:00.000,0.00067031,2.37760000,Regular
XRPUSDT,2024-12-06 00:00:00.000,0.00037393,2.24559526,Regular
XRPUSDT,2024-12-06 08:00:00.000,0.00040861,2.32246453,Regular
XRPUSDT,2024-12-06 16:00:00.000,0.00016716,2.33177095,Regular
XRPUSDT,2024-12-07 00:00:00.000,0.00032472,2.42608492,Regular
XRPUSDT,2024-12-07 08:00:00.000,0.00025537,2.40850000,Regular
XRPUSDT,2024-12-07 16:00:00.000,0.0003042,2.54158029,Regular
XRPUSDT,2024-12-08 00:00:00.000,0.00033402,2.61194689,Regular
XRPUSDT,2024-12-08 08:00:00.000,0.0001,2.55440000,Regular
XRPUSDT,2024-12-08 16:00:00.000,0.0001,2.54210000,Regular
XRPUSDT,2024-12-09 00:00:00.000,0.0001,2.60298695,Regular
XRPUSDT,2024-12-09 08:00:00.000,0.0001,2.44390000,Regular
XRPUSDT,2024-12-09 16:00:00.001,0.0001,2.38790000,Regular
XRPUSDT,2024-12-10 00:00:00.007,0.0001,2.21332237,Regular
XRPUSDT,2024-12-10 08:00:00.000,0.0001,2.20801775,Regular
XRPUSDT,2024-12-10 16:00:00.000,0.0001,2.04123711,Regular
XRPUSDT,2024-12-11 00:00:00.000,1.03e-05,2.36906492,Regular
XRPUSDT,2024-12-11 08:00:00.000,0.0001,2.28740000,Regular
XRPUSDT,2024-12-11 16:00:00.001,2.476e-05,2.44609540,Regular
XRPUSDT,2024-12-12 00:00:00.001,0.0001,2.39390000,Regular
XRPUSDT,2024-12-12 08:00:00.000,0.0001,2.42420000,Regular
XRPUSDT,2024-12-12 16:00:00.001,0.0001,2.41614289,Regular
XRPUSDT,2024-12-13 00:00:00.000,0.0001,2.33770000,Regular
XRPUSDT,2024-12-13 08:00:00.000,9.422e-05,2.31410000,Regular
XRPUSDT,2024-12-13 16:00:00.001,0.0001,2.39993424,Regular
XRPUSDT,2024-12-14 00:00:00.000,0.0001,2.42200000,Regular
XRPUSDT,2024-12-14 08:00:00.000,0.0001,2.48730000,Regular
XRPUSDT,2024-12-14 16:00:00.000,0.0001,2.40370000,Regular
XRPUSDT,2024-12-15 00:00:00.000,2.433e-05,2.39980000,Regular
XRPUSDT,2024-12-15 08:00:00.000,0.0001,2.39912243,Regular
XRPUSDT,2024-12-15 16:00:00.000,0.0001,2.41485369,Regular
XRPUSDT,2024-12-16 00:00:00.000,-2.659e-05,2.44685362,Regular
XRPUSDT,2024-12-16 08:00:00.001,0.0001,2.40377621,Regular
XRPUSDT,2024-12-16 16:00:00.000,-3.882e-05,2.37415962,Regular
XRPUSDT,2024-12-17 00:00:00.000,0.0001,2.48456987,Regular
XRPUSDT,2024-12-17 08:00:00.000,0.0001,2.53500000,Regular
XRPUSDT,2024-12-17 16:00:00.000,0.0001,2.59687053,Regular
XRPUSDT,2024-12-18 00:00:00.000,0.0001,2.56562728,Regular
XRPUSDT,2024-12-18 08:00:00.000,5.666e-05,2.50821782,Regular
XRPUSDT,2024-12-18 16:00:00.000,0.0001,2.47099766,Regular
XRPUSDT,2024-12-19 00:00:00.000,-0.00011513,2.30916146,Regular
XRPUSDT,2024-12-19 08:00:00.000,-0.00012769,2.37870020,Regular
XRPUSDT,2024-12-19 16:00:00.000,0.0001,2.32793658,Regular
XRPUSDT,2024-12-20 00:00:00.000,0.0001,2.23886158,Regular
XRPUSDT,2024-12-20 08:00:00.001,0.0001,2.28910000,Regular
XRPUSDT,2024-12-20 16:00:00.014,0.0001,2.21310000,Regular
XRPUSDT,2024-12-21 00:00:00.000,0.0001,2.27860000,Regular
XRPUSDT,2024-12-21 08:00:00.000,0.0001,2.35313315,Regular
XRPUSDT,2024-12-21 16:00:00.001,0.0001,2.25720129,Regular
XRPUSDT,2024-12-22 00:00:00.000,0.0001,2.23740000,Regular
XRPUSDT,2024-12-22 08:00:00.000,0.0001,2.22859368,Regular
XRPUSDT,2024-12-22 16:00:00.000,0.0001,2.21880000,Regular
XRPUSDT,2024-12-23 00:00:00.000,7.295e-05,2.20260000,Regular
XRPUSDT,2024-12-23 08:00:00.000,9.644e-05,2.17810000,Regular
XRPUSDT,2024-12-23 16:00:00.001,1.741e-05,2.14140241,Regular
XRPUSDT,2024-12-24 00:00:00.000,0.0001,2.26116963,Regular
XRPUSDT,2024-12-24 08:00:00.000,0.0001,2.24630000,Regular
XRPUSDT,2024-12-24 16:00:00.001,0.0001,2.32089483,Regular
XRPUSDT,2024-12-25 00:00:00.001,9.092e-05,2.32257225,Regular
XRPUSDT,2024-12-25 08:00:00.000,0.0001,2.28408389,Regular
XRPUSDT,2024-12-25 16:00:00.000,6.536e-05,2.27840000,Regular
XRPUSDT,2024-12-26 00:00:00.000,0.0001,2.29669677,Regular
XRPUSDT,2024-12-26 08:00:00.000,2.971e-05,2.24060000,Regular
XRPUSDT,2024-12-26 16:00:00.000,-7.299e-05,2.16460000,Regular
XRPUSDT,2024-12-27 00:00:00.000,-1.714e-05,2.15492004,Regular
XRPUSDT,2024-12-27 08:00:00.000,9.72e-06,2.14254826,Regular
XRPUSDT,2024-12-27 16:00:00.000,0.0001,2.14350000,Regular
XRPUSDT,2024-12-28 00:00:00.001,0.0001,2.14540000,Regular
XRPUSDT,2024-12-28 08:00:00.000,0.0001,2.15731391,Regular
XRPUSDT,2024-12-28 16:00:00.000,0.0001,2.17230000,Regular
XRPUSDT,2024-12-29 00:00:00.000,0.0001,2.18360000,Regular
XRPUSDT,2024-12-29 08:00:00.000,0.0001,2.19620000,Regular
XRPUSDT,2024-12-29 16:00:00.000,9.068e-05,2.16349151,Regular
XRPUSDT,2024-12-30 00:00:00.000,-8.01e-06,2.09264838,Regular
XRPUSDT,2024-12-30 08:00:00.001,1.52e-06,2.06724376,Regular
XRPUSDT,2024-12-30 16:00:00.000,0.0001,2.02340000,Regular
XRPUSDT,2024-12-31 00:00:00.000,6.076e-05,2.05790000,Regular
XRPUSDT,2024-12-31 08:00:00.000,-1.871e-05,2.03260000,Regular
XRPUSDT,2024-12-31 16:00:00.000,0.0001,2.12763364,Regular
XRPUSDT,2025-01-01 00:00:00.015,0.0001,2.08356447,Regular
XRPUSDT,2025-01-01 08:00:00.000,0.0001,2.12420000,Regular
XRPUSDT,2025-01-01 16:00:00.001,0.0001,2.22774145,Regular
XRPUSDT,2025-01-02 00:00:00.000,0.0001,2.33211516,Regular
XRPUSDT,2025-01-02 08:00:00.006,0.0001,2.36673859,Regular
XRPUSDT,2025-01-02 16:00:00.000,0.0001,2.40431737,Regular
XRPUSDT,2025-01-03 00:00:00.000,0.0001,2.40242921,Regular
XRPUSDT,2025-01-03 08:00:00.000,0.0001,2.41500000,Regular
XRPUSDT,2025-01-03 16:00:00.000,0.0001,2.44660000,Regular
XRPUSDT,2025-01-04 00:00:00.000,0.0001,2.45430000,Regular
XRPUSDT,2025-01-04 08:00:00.000,0.0001,2.44560000,Regular
XRPUSDT,2025-01-04 16:00:00.000,0.0001,2.41154396,Regular
XRPUSDT,2025-01-05 00:00:00.000,0.0001,2.41997452,Regular
XRPUSDT,2025-01-05 08:00:00.000,0.0001,2.40054868,Regular
XRPUSDT,2025-01-05 16:00:00.000,0.0001,2.36750000,Regular
XRPUSDT,2025-01-06 00:00:00.000,0.0001,2.39882079,Regular
XRPUSDT,2025-01-06 08:00:00.001,0.0001,2.39306658,Regular
XRPUSDT,2025-01-06 16:00:00.000,0.0001,2.43610858,Regular
XRPUSDT,2025-01-07 00:00:00.000,0.0001,2.41944915,Regular
XRPUSDT,2025-01-07 08:00:00.000,0.0001,2.42775176,Regular
XRPUSDT,2025-01-07 16:00:00.008,0.0001,2.31295311,Regular
XRPUSDT,2025-01-08 00:00:00.001,-5.632e-05,2.26980000,Regular
XRPUSDT,2025-01-08 08:00:00.000,0.0001,2.28560847,Regular
XRPUSDT,2025-01-08 16:00:00.000,0.0001,2.30850000,Regular
XRPUSDT,2025-01-09 00:00:00.000,0.0001,2.37248730,Regular
XRPUSDT,2025-01-09 08:00:00.000,0.0001,2.31210000,Regular
XRPUSDT,2025-01-09 16:00:00.000,2.825e-05,2.31930000,Regular
XRPUSDT,2025-01-10 00:00:00.000,6.1e-05,2.27129729,Regular
XRPUSDT,2025-01-10 08:00:00.000,0.0001,2.30953256,Regular
XRPUSDT,2025-01-10 16:00:00.000,0.0001,2.28830000,Regular
XRPUSDT,2025-01-11 00:00:00.000,0.0001,2.34110000,Regular
XRPUSDT,2025-01-11 08:00:00.000,0.0001,2.34386750,Regular
XRPUSDT,2025-01-11 16:00:00.000,0.0001,2.40679298,Regular
XRPUSDT,2025-01-12 00:00:00.000,0.0001,2.57620000,Regular
XRPUSDT,2025-01-12 08:00:00.000,0.0001,2.54150000,Regular
XRPUSDT,2025-01-12 16:00:00.000,0.0001,2.52183668,Regular
XRPUSDT,2025-01-13 00:00:00.000,0.0001,2.50330000,Regular
XRPUSDT,2025-01-13 08:00:00.000,8.9e-05,2.46120000,Regular
XRPUSDT,2025-01-13 16:00:00.000,1.443e-05,2.46539924,Regular
XRPUSDT,2025-01-14 00:00:00.000,0.0001,2.52240000,Regular
XRPUSDT,2025-01-14 08:00:00.000,0.0001,2.51540000,Regular
XRPUSDT,2025-01-14 16:00:00.000,0.0001,2.57864105,Regular
XRPUSDT,2025-01-15 00:00:00.000,0.0001,2.66749914,Regular
XRPUSDT,2025-01-15 08:00:00.000,0.0001,2.85830000,Regular
XRPUSDT,2025-01-15 16:00:00.000,0.0001,2.96980000,Regular
XRPUSDT,2025-01-16 00:00:00.000,7.409e-05,3.14070000,Regular
XRPUSDT,2025-01-16 08:00:00.000,0.0001,3.09014733,Regular
XRPUSDT,2025-01-16 16:00:00.000,0.0001,3.30726105,Regular
XRPUSDT,2025-01-17 00:00:00.004,0.0001,3.24060000,Regular
XRPUSDT,2025-01-17 08:00:00.000,6.516e-05,3.30120379,Regular
XRPUSDT,2025-01-17 16:00:00.008,-2.016e-05,3.19910000,Regular
XRPUSDT,2025-01-18 00:00:00.000,5.376e-05,3.29100000,Regular
XRPUSDT,2025-01-18 08:00:00.007,8.2e-05,3.11537352,Regular
XRPUSDT,2025-01-18 16:00:00.000,6.956e-05,3.17510000,Regular
XRPUSDT,2025-01-19 00:00:00.000,0.0001,3.26950000,Regular
XRPUSDT,2025-01-19 08:00:00.000,0.0001,3.18177686,Regular
XRPUSDT,2025-01-19 16:00:00.000,-1.162e-05,3.14689384,Regular
XRPUSDT,2025-01-20 00:00:00.000,5.681e-05,2.95520000,Regular
XRPUSDT,2025-01-20 08:00:00.009,0.0001,3.20060000,Regular
XRPUSDT,2025-01-20 16:00:00.000,0.0001,3.27230000,Regular
XRPUSDT,2025-01-21 00:00:00.000,0.0001,3.10420000,Regular
XRPUSDT,2025-01-21 08:00:00.000,7.298e-05,3.06830000,Regular
XRPUSDT,2025-01-21 16:00:00.000,7.88e-06,3.12080000,Regular
XRPUSDT,2025-01-22 00:00:00.000,0.0001,3.17350000,Regular
XRPUSDT,2025-01-22 08:00:00.000,0.0001,3.17110343,Regular
XRPUSDT,2025-01-22 16:00:00.000,0.0001,3.16160106,Regular
XRPUSDT,2025-01-23 00:00:00.001,0.0001,3.17910000,Regular
XRPUSDT,2025-01-23 08:00:00.000,8.339e-05,3.12830000,Regular
XRPUSDT,2025-01-23 16:00:00.000,1.281e-05,3.13360000,Regular
XRPUSDT,2025-01-24 00:00:00.000,3.375e-05,3.11870000,Regular
XRPUSDT,2025-01-24 08:00:00.000,0.0001,3.16506841,Regular
XRPUSDT,2025-01-24 16:00:00.000,0.0001,3.16470000,Regular
XRPUSDT,2025-01-25 00:00:00.000,1.509e-05,3.09880000,Regular
XRPUSDT,2025-01-25 08:00:00.000,7.5e-06,3.10720000,Regular
XRPUSDT,2025-01-25 16:00:00.001,0.0001,3.14030000,Regular
XRPUSDT,2025-01-26 00:00:00.000,0.0001,3.10690000,Regular
XRPUSDT,2025-01-26 08:00:00.000,0.0001,3.14182461,Regular
XRPUSDT,2025-01-26 16:00:00.000,0.0001,3.11400000,Regular
XRPUSDT,2025-01-27 00:00:00.000,4.256e-05,3.02100357,Regular
XRPUSDT,2025-01-27 08:00:00.000,0.0001,2.80890000,Regular
XRPUSDT,2025-01-27 16:00:00.000,-0.00010651,2.95382070,Regular
XRPUSDT,2025-01-28 00:00:00.000,5.926e-05,3.05300000,Regular
XRPUSDT,2025-01-28 08:00:00.000,0.0001,3.10440000,Regular
XRPUSDT,2025-01-28 16:00:00.000,0.0001,3.18392270,Regular
XRPUSDT,2025-01-29 00:00:00.000,0.0001,3.05596960,Regular
XRPUSDT,2025-01-29 08:00:00.000,-3.512e-05,3.10451706,Regular
XRPUSDT,2025-01-29 16:00:00.000,4.128e-05,3.06340000,Regular
XRPUSDT,2025-01-30 00:00:00.000,7.139e-05,3.06710000,Regular
XRPUSDT,2025-01-30 08:00:00.000,0.0001,3.10820000,Regular
XRPUSDT,2025-01-30 16:00:00.000,0.0001,3.11960000,Regular
XRPUSDT,2025-01-31 00:00:00.000,0.0001,3.12700000,Regular
XRPUSDT,2025-01-31 08:00:00.000,0.0001,3.07814434,Regular
XRPUSDT,2025-01-31 16:00:00.000,0.0001,3.09835982,Regular
XRPUSDT,2025-02-01 00:00:00.000,-5.902e-05,3.03480000,Regular
XRPUSDT,2025-02-01 08:00:00.000,0.0001,3.03000000,Regular
XRPUSDT,2025-02-01 16:00:00.000,-7.514e-05,2.97170000,Regular
XRPUSDT,2025-02-02 00:00:00.001,2.966e-05,2.87646236,Regular
XRPUSDT,2025-02-02 08:00:00.000,0.0001,2.88062868,Regular
XRPUSDT,2025-02-02 16:00:00.000,0.0001,2.80990000,Regular
XRPUSDT,2025-02-03 00:00:00.000,8.379e-05,2.57800000,Regular
XRPUSDT,2025-02-03 08:00:00.000,-0.00015809,2.42760000,Regular
XRPUSDT,2025-02-03 16:00:00.000,-0.00010182,2.55130908,Regular
XRPUSDT,2025-02-04 00:00:00.000,-3.066e-05,2.69949691,Regular
XRPUSDT,2025-02-04 08:00:00.001,7.032e-05,2.48548523,Regular
XRPUSDT,2025-02-04 16:00:00.000,-0.00010887,2.61920000,Regular
XRPUSDT,2025-02-05 00:00:00.001,-1.036e-05,2.52530000,Regular
XRPUSDT,2025-02-05 08:00:00.001,-9.31e-05,2.50963339,Regular
XRPUSDT,2025-02-05 16:00:00.000,-6.855e-05,2.50109397,Regular
XRPUSDT,2025-02-06 00:00:00.001,9.12e-05,2.38033425,Regular
XRPUSDT,2025-02-06 08:00:00.001,-5.578e-05,2.43930000,Regular
XRPUSDT,2025-02-06 16:00:00.000,0.0001,2.31501712,Regular
XRPUSDT,2025-02-07 00:00:00.000,-4.247e-05,2.32399993,Regular
XRPUSDT,2025-02-07 08:00:00.000,2.9e-05,2.28800267,Regular
XRPUSDT,2025-02-07 16:00:00.000,-5.677e-05,2.47820000,Regular
XRPUSDT,2025-02-08 00:00:00.000,3.883e-05,2.39490000,Regular
XRPUSDT,2025-02-08 08:00:00.000,8.1e-06,2.39280000,Regular
XRPUSDT,2025-02-08 16:00:00.000,3.058e-05,2.39000000,Regular
XRPUSDT,2025-02-09 00:00:00.000,5.134e-05,2.41790000,Regular
XRPUSDT,2025-02-09 08:00:00.000,-2.602e-05,2.46570000,Regular
XRPUSDT,2025-02-09 16:00:00.000,-2.101e-05,2.42678694,Regular
XRPUSDT,2025-02-10 00:00:00.000,-9.939e-05,2.39090000,Regular
XRPUSDT,2025-02-10 08:00:00.000,7.919e-05,2.40429354,Regular
XRPUSDT,2025-02-10 16:00:00.000,0.0001,2.42040000,Regular
XRPUSDT,2025-02-11 00:00:00.000,9.43e-05,2.42257168,Regular
XRPUSDT,2025-02-11 08:00:00.000,0.0001,2.49980000,Regular
XRPUSDT,2025-02-11 16:00:00.000,5.368e-05,2.46890000,Regular
XRPUSDT,2025-02-12 00:00:00.000,-8.371e-05,2.41210000,Regular
XRPUSDT,2025-02-12 08:00:00.000,1.113e-05,2.40550000,Regular
XRPUSDT,2025-02-12 16:00:00.001,1.842e-05,2.39902333,Regular
XRPUSDT,2025-02-13 00:00:00.001,0.0001,2.47233729,Regular
XRPUSDT,2025-02-13 08:00:00.000,0.0001,2.43961178,Regular
XRPUSDT,2025-02-13 16:00:00.001,7.66e-06,2.44660237,Regular
XRPUSDT,2025-02-14 00:00:00.000,4.872e-05,2.55790000,Regular
XRPUSDT,2025-02-14 08:00:00.001,0.0001,2.58771890,Regular
XRPUSDT,2025-02-14 16:00:00.000,3.943e-05,2.72402933,Regular
XRPUSDT,2025-02-15 00:00:00.000,2.102e-05,2.73724821,Regular
XRPUSDT,2025-02-15 08:00:00.000,8.897e-05,2.76245583,Regular
XRPUSDT,2025-02-15 16:00:00.000,3.87e-05,2.77900000,Regular
XRPUSDT,2025-02-16 00:00:00.000,2.79e-06,2.76033018,Regular
XRPUSDT,2025-02-16 08:00:00.000,8.423e-05,2.75951799,Regular
XRPUSDT,2025-02-16 16:00:00.000,-1.948e-05,2.72164838,Regular
XRPUSDT,2025-02-17 00:00:00.000,3.24e-05,2.72720000,Regular
XRPUSDT,2025-02-17 08:00:00.000,4.965e-05,2.65350000,Regular
XRPUSDT,2025-02-17 16:00:00.000,-3.899e-05,2.64620000,Regular
XRPUSDT,2025-02-18 00:00:00.000,6.878e-05,2.65858316,Regular
XRPUSDT,2025-02-18 08:00:00.000,3.132e-05,2.56210000,Regular
XRPUSDT,2025-02-18 16:00:00.000,1.173e-05,2.53990016,Regular
XRPUSDT,2025-02-19 00:00:00.000,-6.042e-05,2.56128421,Regular
XRPUSDT,2025-02-19 08:00:00.000,7.389e-05,2.55560524,Regular
XRPUSDT,2025-02-19 16:00:00.000,-6.852e-05,2.60630000,Regular
XRPUSDT,2025-02-20 00:00:00.000,-0.00011896,2.73560000,Regular
XRPUSDT,2025-02-20 08:00:00.000,2.452e-05,2.68454620,Regular
XRPUSDT,2025-02-20 16:00:00.000,5.023e-05,2.67080000,Regular
XRPUSDT,2025-02-21 00:00:00.001,-6.897e-05,2.68660000,Regular
XRPUSDT,2025-02-21 08:00:00.000,-2.591e-05,2.65790000,Regular
XRPUSDT,2025-02-21 16:00:00.000,-0.00010469,2.61170000,Regular
XRPUSDT,2025-02-22 00:00:00.000,-3.694e-05,2.56987454,Regular
XRPUSDT,2025-02-22 08:00:00.000,-4.878e-05,2.57970000,Regular
XRPUSDT,2025-02-22 16:00:00.000,-3.056e-05,2.58890000,Regular
XRPUSDT,2025-02-23 00:00:00.000,-7.261e-05,2.57261732,Regular
XRPUSDT,2025-02-23 08:00:00.000,-2.161e-05,2.58890000,Regular
XRPUSDT,2025-02-23 16:00:00.000,1.673e-05,2.52040000,Regular
XRPUSDT,2025-02-24 00:00:00.000,-1.128e-05,2.57440000,Regular
XRPUSDT,2025-02-24 08:00:00.000,-2.907e-05,2.49237123,Regular
XRPUSDT,2025-02-24 16:00:00.000,7.712e-05,2.43000000,Regular
XRPUSDT,2025-02-25 00:00:00.000,0.0001,2.27629397,Regular
XRPUSDT,2025-02-25 08:00:00.000,-5.202e-05,2.15269686,Regular
XRPUSDT,2025-02-25 16:00:00.000,-8.485e-05,2.20510000,Regular
XRPUSDT,2025-02-26 00:00:00.000,-0.00025255,2.32110000,Regular
XRPUSDT,2025-02-26 08:00:00.000,1.957e-05,2.28630000,Regular
XRPUSDT,2025-02-26 16:00:00.000,1.415e-05,2.27410000,Regular
XRPUSDT,2025-02-27 00:00:00.001,4.688e-05,2.19719077,Regular
XRPUSDT,2025-02-27 08:00:00.000,5.801e-05,2.22200000,Regular
XRPUSDT,2025-02-27 16:00:00.000,2.033e-05,2.19850000,Regular
XRPUSDT,2025-02-28 00:00:00.001,-6.81e-06,2.19730000,Regular
XRPUSDT,2025-02-28 08:00:00.000,4.458e-05,1.99950000,Regular
XRPUSDT,2025-02-28 16:00:00.000,-0.00010685,2.14581814,Regular
XRPUSDT,2025-03-01 00:00:00.000,7.132e-05,2.14424764,Regular
XRPUSDT,2025-03-01 08:00:00.000,-8.628e-05,2.16610000,Regular
XRPUSDT,2025-03-01 16:00:00.001,4.266e-05,2.15015269,Regular
XRPUSDT,2025-03-02 00:00:00.000,-3.206e-05,2.19030000,Regular
XRPUSDT,2025-03-02 08:00:00.000,-2.393e-05,2.27210000,Regular
XRPUSDT,2025-03-02 16:00:00.000,8.254e-05,2.59520000,Regular
XRPUSDT,2025-03-03 00:00:00.001,0.0001,2.93860000,Regular
XRPUSDT,2025-03-03 08:00:00.000,0.0001,2.68881814,Regular
XRPUSDT,2025-03-03 16:00:00.000,-3.839e-05,2.59720000,Regular
XRPUSDT,2025-03-04 00:00:00.001,2.76e-06,2.38600000,Regular
XRPUSDT,2025-03-04 08:00:00.005,-9.67e-06,2.31973264,Regular
XRPUSDT,2025-03-04 16:00:00.000,-2.9e-05,2.40120000,Regular
XRPUSDT,2025-03-05 00:00:00.000,-0.00010917,2.45323097,Regular
XRPUSDT,2025-03-05 08:00:00.000,-4.269e-05,2.44635983,Regular
XRPUSDT,2025-03-05 16:00:00.000,-0.00013093,2.44635431,Regular
XRPUSDT,2025-03-06 00:00:00.000,-7.54e-06,2.49870000,Regular
XRPUSDT,2025-03-06 08:00:00.001,-4.183e-05,2.51100000,Regular
XRPUSDT,2025-03-06 16:00:00.000,-3.99e-06,2.62080000,Regular
XRPUSDT,2025-03-07 00:00:00.000,-8.582e-05,2.59826039,Regular
XRPUSDT,2025-03-07 08:00:00.001,-0.00010895,2.50480000,Regular
XRPUSDT,2025-03-07 16:00:00.000,-3.651e-05,2.50123934,Regular
XRPUSDT,2025-03-08 00:00:00.000,-5.909e-05,2.38395354,Regular
XRPUSDT,2025-03-08 08:00:00.001,-1.749e-05,2.36102196,Regular
XRPUSDT,2025-03-08 16:00:00.001,-1.761e-05,2.34982708,Regular
XRPUSDT,2025-03-09 00:00:00.001,-0.00011864,2.32430000,Regular
XRPUSDT,2025-03-09 08:00:00.000,-1.02e-06,2.33846066,Regular
XRPUSDT,2025-03-09 16:00:00.000,1.892e-05,2.18442796,Regular
XRPUSDT,2025-03-10 00:00:00.000,-0.00016329,2.13720000,Regular
XRPUSDT,2025-03-10 08:00:00.000,-3.899e-05,2.18317207,Regular
XRPUSDT,2025-03-10 16:00:00.000,-0.00015204,2.11700662,Regular
XRPUSDT,2025-03-11 00:00:00.000,-0.00013574,2.02000000,Regular
XRPUSDT,2025-03-11 08:00:00.000,-7.108e-05,2.09410000,Regular
XRPUSDT,2025-03-11 16:00:00.001,4.07e-05,2.13490000,Regular
XRPUSDT,2025-03-12 00:00:00.000,-4.737e-05,2.17014315,Regular
XRPUSDT,2025-03-12 08:00:00.000,-2.007e-05,2.18740000,Regular
XRPUSDT,2025-03-12 16:00:00.001,-0.00015732,2.20323457,Regular
XRPUSDT,2025-03-13 00:00:00.000,3.796e-05,2.23843629,Regular
XRPUSDT,2025-03-13 08:00:00.000,-2.009e-05,2.23280000,Regular
XRPUSDT,2025-03-13 16:00:00.000,-6.634e-05,2.28710000,Regular
XRPUSDT,2025-03-14 00:00:00.000,-7.369e-05,2.25110000,Regular
XRPUSDT,2025-03-14 08:00:00.000,-3.884e-05,2.29323885,Regular
XRPUSDT,2025-03-14 16:00:00.000,4.499e-05,2.35705340,Regular
XRPUSDT,2025-03-15 00:00:00.000,3.83e-06,2.35580000,Regular
XRPUSDT,2025-03-15 08:00:00.000,4.939e-05,2.39140000,Regular
XRPUSDT,2025-03-15 16:00:00.000,-7.309e-05,2.42480000,Regular
XRPUSDT,2025-03-16 00:00:00.000,-9.409e-05,2.39000000,Regular
XRPUSDT,2025-03-16 08:00:00.000,1.638e-05,2.37960000,Regular
XRPUSDT,2025-03-16 16:00:00.000,1.184e-05,2.29443774,Regular
XRPUSDT,2025-03-17 00:00:00.000,-9.44e-06,2.29280661,Regular
XRPUSDT,2025-03-17 08:00:00.000,1.627e-05,2.33520667,Regular
XRPUSDT,2025-03-17 16:00:00.000,-7.039e-05,2.34390000,Regular
XRPUSDT,2025-03-18 00:00:00.000,-4.225e-05,2.33660000,Regular
XRPUSDT,2025-03-18 08:00:00.000,-0.00017624,2.28764912,Regular
XRPUSDT,2025-03-18 16:00:00.000,-0.0001018,2.23573509,Regular
XRPUSDT,2025-03-19 00:00:00.000,-0.00019936,2.28370000,Regular
XRPUSDT,2025-03-19 08:00:00.000,-4.486e-05,2.29170000,Regular
XRPUSDT,2025-03-19 16:00:00.000,-3.043e-05,2.55300000,Regular
XRPUSDT,2025-03-20 00:00:00.000,4.05e-05,2.54570000,Regular
XRPUSDT,2025-03-20 08:00:00.000,4.884e-05,2.46279356,Regular
XRPUSDT,2025-03-20 16:00:00.000,-6.205e-05,2.43783203,Regular
XRPUSDT,2025-03-21 00:00:00.000,-1.479e-05,2.43476670,Regular
XRPUSDT,2025-03-21 08:00:00.000,2.41e-05,2.40660000,Regular
XRPUSDT,2025-03-21 16:00:00.000,-2.294e-05,2.37140000,Regular
XRPUSDT,2025-03-22 00:00:00.000,-1.141e-05,2.37958227,Regular
XRPUSDT,2025-03-22 08:00:00.004,1.407e-05,2.40020000,Regular
XRPUSDT,2025-03-22 16:00:00.000,-0.00013436,2.37630000,Regular
XRPUSDT,2025-03-23 00:00:00.000,-9.094e-05,2.36990000,Regular
XRPUSDT,2025-03-23 08:00:00.000,9.832e-05,2.39430000,Regular
XRPUSDT,2025-03-23 16:00:00.000,-6.8e-06,2.41190000,Regular
XRPUSDT,2025-03-24 00:00:00.000,7.55e-06,2.43786230,Regular
XRPUSDT,2025-03-24 08:00:00.000,8.766e-05,2.44202010,Regular
XRPUSDT,2025-03-24 16:00:00.000,-8.99e-06,2.47250000,Regular
XRPUSDT,2025-03-25 00:00:00.001,8.079e-05,2.44870396,Regular
XRPUSDT,2025-03-25 08:00:00.000,4.816e-05,2.42113087,Regular
XRPUSDT,2025-03-25 16:00:00.000,6.366e-05,2.43653114,Regular
XRPUSDT,2025-03-26 00:00:00.000,3.516e-05,2.44810000,Regular
XRPUSDT,2025-03-26 08:00:00.000,7.037e-05,2.46405631,Regular
XRPUSDT,2025-03-26 16:00:00.001,-5.084e-05,2.40381292,Regular
XRPUSDT,2025-03-27 00:00:00.001,-0.00017691,2.34746453,Regular
XRPUSDT,2025-03-27 08:00:00.001,-0.00013625,2.36287129,Regular
XRPUSDT,2025-03-27 16:00:00.002,-0.00012209,2.33880000,Regular
XRPUSDT,2025-03-28 00:00:00.001,2.994e-05,2.34000000,Regular
XRPUSDT,2025-03-28 08:00:00.001,-8.92e-06,2.21980000,Regular
XRPUSDT,2025-03-28 16:00:00.000,-5.613e-05,2.17760000,Regular
XRPUSDT,2025-03-29 00:00:00.000,-0.00018043,2.20540000,Regular
XRPUSDT,2025-03-29 08:00:00.000,-1.932e-05,2.12083338,Regular
XRPUSDT,2025-03-29 16:00:00.000,-7.694e-05,2.10550000,Regular
XRPUSDT,2025-03-30 00:00:00.000,-5.931e-05,2.13350000,Regular
XRPUSDT,2025-03-30 08:00:00.000,-0.00026293,2.17440000,Regular
XRPUSDT,2025-03-30 16:00:00.000,-4.218e-05,2.13660000,Regular
XRPUSDT,2025-03-31 00:00:00.000,-0.00012916,2.13520000,Regular
XRPUSDT,2025-03-31 08:00:00.000,-0.00010085,2.06420000,Regular
XRPUSDT,2025-03-31 16:00:00.000,-0.0001085,2.11720000,Regular
XRPUSDT,2025-04-01 00:00:00.000,-2.398e-05,2.08890000,Regular
XRPUSDT,2025-04-01 08:00:00.001,8.2e-07,2.09358686,Regular
XRPUSDT,2025-04-01 16:00:00.000,-0.00010407,2.15810000,Regular
XRPUSDT,2025-04-02 00:00:00.001,2.81e-05,2.13780000,Regular
XRPUSDT,2025-04-02 08:00:00.000,-0.0001018,2.10700000,Regular
XRPUSDT,2025-04-02 16:00:00.000,5.13e-05,2.17162296,Regular
XRPUSDT,2025-04-03 00:00:00.000,-0.00028827,2.02100000,Regular
XRPUSDT,2025-04-03 08:00:00.000,-0.0002005,2.05080000,Regular
XRPUSDT,2025-04-03 16:00:00.000,-0.00021804,2.00390412,Regular
XRPUSDT,2025-04-04 00:00:00.000,-0.00026931,2.06280000,Regular
XRPUSDT,2025-04-04 08:00:00.000,-7.735e-05,2.08900000,Regular
XRPUSDT,2025-04-04 16:00:00.000,-3.992e-05,2.12130000,Regular
XRPUSDT,2025-04-05 00:00:00.000,8.859e-05,2.12948277,Regular
XRPUSDT,2025-04-05 08:00:00.000,9.502e-05,2.13550000,Regular
XRPUSDT,2025-04-05 16:00:00.000,3.181e-05,2.12170000,Regular
XRPUSDT,2025-04-06 00:00:00.000,0.0001,2.14328478,Regular
XRPUSDT,2025-04-06 08:00:00.000,3.668e-05,2.09250000,Regular
XRPUSDT,2025-04-06 16:00:00.002,6.38e-06,2.07393123,Regular
XRPUSDT,2025-04-07 00:00:00.000,-8.102e-05,1.92080269,Regular
XRPUSDT,2025-04-07 08:00:00.000,9.773e-05,1.67770000,Regular
XRPUSDT,2025-04-07 16:00:00.000,-0.00033013,1.87398367,Regular
XRPUSDT,2025-04-08 00:00:00.000,-0.0002503,1.89740000,Regular
XRPUSDT,2025-04-08 08:00:00.000,-0.00018793,1.86620000,Regular
XRPUSDT,2025-04-08 16:00:00.000,-0.00011922,1.90345030,Regular
XRPUSDT,2025-04-09 00:00:00.000,9.53e-05,1.79560000,Regular
XRPUSDT,2025-04-09 08:00:00.001,-8.169e-05,1.83023123,Regular
XRPUSDT,2025-04-09 16:00:00.000,-2.178e-05,1.82760000,Regular
XRPUSDT,2025-04-10 00:00:00.000,4.719e-05,2.05230000,Regular
XRPUSDT,2025-04-10 08:00:00.000,3.36e-06,1.98930000,Regular
XRPUSDT,2025-04-10 16:00:00.000,-0.00014016,1.93220000,Regular
XRPUSDT,2025-04-11 00:00:00.001,-0.00012751,1.96490243,Regular
XRPUSDT,2025-04-11 08:00:00.000,8.46e-06,2.00370000,Regular
XRPUSDT,2025-04-11 16:00:00.000,-2.867e-05,2.00060000,Regular
XRPUSDT,2025-04-12 00:00:00.000,3.152e-05,2.02138362,Regular
XRPUSDT,2025-04-12 08:00:00.001,3.408e-05,2.05370000,Regular
XRPUSDT,2025-04-12 16:00:00.000,0.0001,2.15202555,Regular
XRPUSDT,2025-04-13 00:00:00.000,7.795e-05,2.15890000,Regular
XRPUSDT,2025-04-13 08:00:00.000,0.0001,2.14550000,Regular
XRPUSDT,2025-04-13 16:00:00.000,6.754e-05,2.14663975,Regular
XRPUSDT,2025-04-14 00:00:00.000,5.195e-05,2.11814846,Regular
XRPUSDT,2025-04-14 08:00:00.000,-4.61e-06,2.12670000,Regular
XRPUSDT,2025-04-14 16:00:00.000,-1.591e-05,2.11500000,Regular
XRPUSDT,2025-04-15 00:00:00.000,4.35e-05,2.12630000,Regular
XRPUSDT,2025-04-15 08:00:00.000,8.827e-05,2.15055822,Regular
XRPUSDT,2025-04-15 16:00:00.001,-8.75e-06,2.13340000,Regular
XRPUSDT,2025-04-16 00:00:00.000,-0.00016535,2.08300000,Regular
XRPUSDT,2025-04-16 08:00:00.000,-9.104e-05,2.04986750,Regular
XRPUSDT,2025-04-16 16:00:00.000,-0.00012028,2.09331232,Regular
XRPUSDT,2025-04-17 00:00:00.001,7.093e-05,2.08237703,Regular
XRPUSDT,2025-04-17 08:00:00.000,7.457e-05,2.09080000,Regular
XRPUSDT,2025-04-17 16:00:00.001,-2.363e-05,2.06622235,Regular
XRPUSDT,2025-04-18 00:00:00.000,-8.521e-05,2.06610000,Regular
XRPUSDT,2025-04-18 08:00:00.000,-0.0001155,2.06790000,Regular
XRPUSDT,2025-04-18 16:00:00.000,3.7e-07,2.05700756,Regular
XRPUSDT,2025-04-19 00:00:00.000,6.705e-05,2.06080000,Regular
XRPUSDT,2025-04-19 08:00:00.000,0.0001,2.08820070,Regular
XRPUSDT,2025-04-19 16:00:00.000,-1.515e-05,2.07598525,Regular
XRPUSDT,2025-04-20 00:00:00.000,7.365e-05,2.08672026,Regular
XRPUSDT,2025-04-20 08:00:00.000,-2.124e-05,2.06803081,Regular
XRPUSDT,2025-04-20 16:00:00.000,-0.00023819,2.04730000,Regular
XRPUSDT,2025-04-21 00:00:00.000,2.909e-05,2.07770000,Regular
XRPUSDT,2025-04-21 08:00:00.005,0.0001,2.12590000,Regular
XRPUSDT,2025-04-21 16:00:00.003,0.0001,2.11391040,Regular
XRPUSDT,2025-04-22 00:00:00.008,-0.000119,2.08410000,Regular
XRPUSDT,2025-04-22 08:00:00.000,5.335e-05,2.09158702,Regular
XRPUSDT,2025-04-22 16:00:00.000,0.0001,2.15457790,Regular
XRPUSDT,2025-04-23 00:00:00.000,0.0001,2.21362870,Regular
XRPUSDT,2025-04-23 08:00:00.002,0.0001,2.25662605,Regular
XRPUSDT,2025-04-23 16:00:00.000,0.0001,2.22668425,Regular
XRPUSDT,2025-04-24 00:00:00.000,0.0001,2.21779419,Regular
XRPUSDT,2025-04-24 08:00:00.001,0.0001,2.14890121,Regular
XRPUSDT,2025-04-24 16:00:00.001,-3.867e-05,2.21160000,Regular
XRPUSDT,2025-04-25 00:00:00.007,6.7e-05,2.20394002,Regular
XRPUSDT,2025-04-25 08:00:00.002,0.0001,2.19400000,Regular
XRPUSDT,2025-04-25 16:00:00.003,1.038e-05,2.19960000,Regular
XRPUSDT,2025-04-26 00:00:00.002,-1.474e-05,2.18010000,Regular
XRPUSDT,2025-04-26 08:00:00.000,0.0001,2.21890000,Regular
XRPUSDT,2025-04-26 16:00:00.002,-1.371e-05,2.19840000,Regular
XRPUSDT,2025-04-27 00:00:00.001,-6.201e-05,2.18982552,Regular
XRPUSDT,2025-04-27 08:00:00.000,-8.18e-06,2.17141240,Regular
XRPUSDT,2025-04-27 16:00:00.000,0.0001,2.22700000,Regular
XRPUSDT,2025-04-28 00:00:00.001,0.0001,2.25130000,Regular
XRPUSDT,2025-04-28 08:00:00.003,0.0001,2.33450750,Regular
XRPUSDT,2025-04-28 16:00:00.005,0.0001,2.27260000,Regular
XRPUSDT,2025-04-29 00:00:00.000,-6.192e-05,2.29410000,Regular
XRPUSDT,2025-04-29 08:00:00.000,3.832e-05,2.28480000,Regular
XRPUSDT,2025-04-29 16:00:00.010,-1.18e-05,2.29127368,Regular
XRPUSDT,2025-04-30 00:00:00.001,-3.119e-05,2.23647254,Regular
XRPUSDT,2025-04-30 08:00:00.000,-2.5e-05,2.21877430,Regular
XRPUSDT,2025-04-30 16:00:00.003,-0.00011645,2.15658167,Regular
XRPUSDT,2025-05-01 00:00:00.000,-1.513e-05,2.18980000,Regular
XRPUSDT,2025-05-01 08:00:00.000,0.0001,2.19928289,Regular
XRPUSDT,2025-05-01 16:00:00.001,0.0001,2.23564764,Regular
XRPUSDT,2025-05-02 00:00:00.000,0.0001,2.21156868,Regular
XRPUSDT,2025-05-02 08:00:00.000,9.454e-05,2.19370000,Regular
XRPUSDT,2025-05-02 16:00:00.003,0.0001,2.21560000,Regular
XRPUSDT,2025-05-03 00:00:00.000,1.815e-05,2.20830000,Regular
XRPUSDT,2025-05-03 08:00:00.000,0.0001,2.20240000,Regular
XRPUSDT,2025-05-03 16:00:00.000,7.066e-05,2.20886798,Regular
XRPUSDT,2025-05-04 00:00:00.001,4.231e-05,2.18630632,Regular
XRPUSDT,2025-05-04 08:00:00.001,0.0001,2.21020000,Regular
XRPUSDT,2025-05-04 16:00:00.002,-5.081e-05,2.19580000,Regular
XRPUSDT,2025-05-05 00:00:00.000,-0.00010301,2.15510763,Regular
XRPUSDT,2025-05-05 08:00:00.000,9.187e-05,2.17600000,Regular
XRPUSDT,2025-05-05 16:00:00.006,-0.00012179,2.11392610,Regular
XRPUSDT,2025-05-06 00:00:00.002,4.025e-05,2.13006864,Regular
XRPUSDT,2025-05-06 08:00:00.005,2.953e-05,2.09790000,Regular
XRPUSDT,2025-05-06 16:00:00.000,3.011e-05,2.10990000,Regular
XRPUSDT,2025-05-07 00:00:00.002,6.854e-05,2.15400000,Regular
XRPUSDT,2025-05-07 08:00:00.000,0.0001,2.14038263,Regular
XRPUSDT,2025-05-07 16:00:00.006,-3.781e-05,2.12540000,Regular
XRPUSDT,2025-05-08 00:00:00.000,6.256e-05,2.12550000,Regular
XRPUSDT,2025-05-08 08:00:00.001,0.0001,2.18826123,Regular
XRPUSDT,2025-05-08 16:00:00.002,0.0001,2.24280000,Regular
XRPUSDT,2025-05-09 00:00:00.001,0.0001,2.32675311,Regular
XRPUSDT,2025-05-09 08:00:00.006,0.0001,2.33862798,Regular
XRPUSDT,2025-05-09 16:00:00.000,0.0001,2.34939412,Regular
XRPUSDT,2025-05-10 00:00:00.001,0.0001,2.34350000,Regular
XRPUSDT,2025-05-10 08:00:00.000,0.0001,2.38903434,Regular
XRPUSDT,2025-05-10 16:00:00.001,0.0001,2.39700184,Regular
XRPUSDT,2025-05-11 00:00:00.000,0.0001,2.47119075,Regular
XRPUSDT,2025-05-11 08:00:00.001,0.0001,2.35450754,Regular
XRPUSDT,2025-05-11 16:00:00.001,3.981e-05,2.34631851,Regular
XRPUSDT,2025-05-12 00:00:00.004,9.125e-05,2.36603689,Regular
XRPUSDT,2025-05-12 08:00:00.000,0.0001,2.41290000,Regular
XRPUSDT,2025-05-12 16:00:00.000,0.0001,2.59343158,Regular
XRPUSDT,2025-05-13 00:00:00.000,0.0001,2.54320000,Regular
XRPUSDT,2025-05-13 08:00:00.008,0.0001,2.49800000,Regular
XRPUSDT,2025-05-13 16:00:00.001,0.0001,2.54277289,Regular
XRPUSDT,2025-05-14 00:00:00.007,0.0001,2.58215829,Regular
XRPUSDT,2025-05-14 08:00:00.000,0.0001,2.61930000,Regular
XRPUSDT,2025-05-14 16:00:00.002,0.0001,2.56020430,Regular
XRPUSDT,2025-05-15 00:00:00.000,2.801e-05,2.54927338,Regular
XRPUSDT,2025-05-15 08:00:00.003,9.429e-05,2.45960000,Regular
XRPUSDT,2025-05-15 16:00:00.000,2.55e-06,2.46492355,Regular
XRPUSDT,2025-05-16 00:00:00.001,8.604e-05,2.38448338,Regular
XRPUSDT,2025-05-16 08:00:00.000,2.119e-05,2.40654846,Regular
XRPUSDT,2025-05-16 16:00:00.000,8.012e-05,2.42207289,Regular
XRPUSDT,2025-05-17 00:00:00.000,7.415e-05,2.37860000,Regular
XRPUSDT,2025-05-17 08:00:00.001,6.362e-05,2.37930000,Regular
XRPUSDT,2025-05-17 16:00:00.004,2.303e-05,2.33190000,Regular
XRPUSDT,2025-05-18 00:00:00.000,3.27e-05,2.35194031,Regular
XRPUSDT,2025-05-18 08:00:00.000,1.271e-05,2.39540000,Regular
XRPUSDT,2025-05-18 16:00:00.000,-1.81e-06,2.43650000,Regular
XRPUSDT,2025-05-19 00:00:00.000,6.695e-05,2.42700000,Regular
XRPUSDT,2025-05-19 08:00:00.006,-2.293e-05,2.30460000,Regular
XRPUSDT,2025-05-19 16:00:00.010,1.248e-05,2.34840263,Regular
XRPUSDT,2025-05-20 00:00:00.000,0.0001,2.37950000,Regular
XRPUSDT,2025-05-20 08:00:00.002,0.0001,2.34644541,Regular
XRPUSDT,2025-05-20 16:00:00.000,-3.841e-05,2.34100000,Regular
XRPUSDT,2025-05-21 00:00:00.000,1.786e-05,2.35500000,Regular
XRPUSDT,2025-05-21 08:00:00.001,2.882e-05,2.34765246,Regular
XRPUSDT,2025-05-21 16:00:00.004,7.251e-05,2.39890000,Regular
XRPUSDT,2025-05-22 00:00:00.001,0.0001,2.39464158,Regular
XRPUSDT,2025-05-22 08:00:00.000,0.0001,2.40460000,Regular
XRPUSDT,2025-05-22 16:00:00.002,0.0001,2.43184557,Regular
XRPUSDT,2025-05-23 00:00:00.006,0.0001,2.43000000,Regular
XRPUSDT,2025-05-23 08:00:00.000,0.0001,2.42576539,Regular
XRPUSDT,2025-05-23 16:00:00.007,8.33e-06,2.36060000,Regular
XRPUSDT,2025-05-24 00:00:00.010,-3.398e-05,2.29530000,Regular
XRPUSDT,2025-05-24 08:00:00.000,2.279e-05,2.33517921,Regular
XRPUSDT,2025-05-24 16:00:00.003,0.0001,2.35167461,Regular
XRPUSDT,2025-05-25 00:00:00.004,7.622e-05,2.32910000,Regular
XRPUSDT,2025-05-25 08:00:00.000,-5.948e-05,2.30658854,Regular
XRPUSDT,2025-05-25 16:00:00.000,-6.308e-05,2.28648189,Regular
XRPUSDT,2025-05-26 00:00:00.000,4.896e-05,2.34060000,Regular
XRPUSDT,2025-05-26 08:00:00.000,0.0001,2.34810000,Regular
XRPUSDT,2025-05-26 16:00:00.002,0.0001,2.33140000,Regular
XRPUSDT,2025-05-27 00:00:00.003,-5.506e-05,2.30904313,Regular
XRPUSDT,2025-05-27 08:00:00.001,3.185e-05,2.30030000,Regular
XRPUSDT,2025-05-27 16:00:00.005,0.0001,2.33704132,Regular
XRPUSDT,2025-05-28 00:00:00.002,0.0001,2.31580000,Regular
XRPUSDT,2025-05-28 08:00:00.003,4.546e-05,2.29440000,Regular
XRPUSDT,2025-05-28 16:00:00.002,-7.08e-05,2.25130000,Regular
XRPUSDT,2025-05-29 00:00:00.000,-6.466e-05,2.27320000,Regular
XRPUSDT,2025-05-29 08:00:00.006,0.0001,2.27890000,Regular
XRPUSDT,2025-05-29 16:00:00.000,0.0001,2.27570167,Regular
XRPUSDT,2025-05-30 00:00:00.003,8.959e-05,2.24273947,Regular
XRPUSDT,2025-05-30 08:00:00.003,2.026e-05,2.18890000,Regular
XRPUSDT,2025-05-30 16:00:00.000,1.893e-05,2.18230000,Regular
XRPUSDT,2025-05-31 00:00:00.000,1.57e-05,2.13845829,Regular
XRPUSDT,2025-05-31 08:00:00.000,2.282e-05,2.12792382,Regular
XRPUSDT,2025-05-31 16:00:00.000,6.3e-06,2.17182575,Regular
XRPUSDT,2025-06-01 00:00:00.001,0.0001,2.17310000,Regular
XRPUSDT,2025-06-01 08:00:00.002,-1.65e-05,2.15814724,Regular
XRPUSDT,2025-06-01 16:00:00.000,-7.471e-05,2.15120825,Regular
XRPUSDT,2025-06-02 00:00:00.001,4.446e-05,2.17805728,Regular
XRPUSDT,2025-06-02 08:00:00.000,0.0001,2.16260000,Regular
XRPUSDT,2025-06-02 16:00:00.000,-2.856e-05,2.15830000,Regular
XRPUSDT,2025-06-03 00:00:00.000,0.0001,2.19568882,Regular
XRPUSDT,2025-06-03 08:00:00.000,0.0001,2.18920000,Regular
XRPUSDT,2025-06-03 16:00:00.001,0.0001,2.26282404,Regular
XRPUSDT,2025-06-04 00:00:00.000,0.0001,2.24385057,Regular
XRPUSDT,2025-06-04 08:00:00.000,0.0001,2.23300000,Regular
XRPUSDT,2025-06-04 16:00:00.000,9.304e-05,2.24844640,Regular
XRPUSDT,2025-06-05 00:00:00.016,-2.306e-05,2.19980000,Regular
XRPUSDT,2025-06-05 08:00:00.000,9.042e-05,2.18540000,Regular
XRPUSDT,2025-06-05 16:00:00.000,6.675e-05,2.19142930,Regular
XRPUSDT,2025-06-06 00:00:00.002,-0.00011274,2.09220000,Regular
XRPUSDT,2025-06-06 08:00:00.000,-3.233e-05,2.12930000,Regular
XRPUSDT,2025-06-06 16:00:00.006,8.734e-05,2.18360000,Regular
XRPUSDT,2025-06-07 00:00:00.000,0.0001,2.15900000,Regular
XRPUSDT,2025-06-07 08:00:00.000,8.876e-05,2.18230000,Regular
XRPUSDT,2025-06-07 16:00:00.002,8.217e-05,2.18200000,Regular
XRPUSDT,2025-06-08 00:00:00.000,7.688e-05,2.17580333,Regular
XRPUSDT,2025-06-08 08:00:00.000,7.09e-05,2.20650000,Regular
XRPUSDT,2025-06-08 16:00:00.000,0.0001,2.27660000,Regular
XRPUSDT,2025-06-09 00:00:00.000,0.0001,2.26604197,Regular
XRPUSDT,2025-06-09 08:00:00.001,8.792e-05,2.22974259,Regular
XRPUSDT,2025-06-09 16:00:00.001,-1.651e-05,2.26190250,Regular
XRPUSDT,2025-06-10 00:00:00.000,0.0001,2.32020632,Regular
XRPUSDT,2025-06-10 08:00:00.001,0.0001,2.28307333,Regular
XRPUSDT,2025-06-10 16:00:00.003,-3.862e-05,2.27490000,Regular
XRPUSDT,2025-06-11 00:00:00.000,0.0001,2.30663553,Regular
XRPUSDT,2025-06-11 08:00:00.000,0.0001,2.29223618,Regular
XRPUSDT,2025-06-11 16:00:00.010,0.0001,2.32470000,Regular
XRPUSDT,2025-06-12 00:00:00.002,9.136e-05,2.26944429,Regular
XRPUSDT,2025-06-12 08:00:00.003,5.01e-06,2.23855690,Regular
XRPUSDT,2025-06-12 16:00:00.001,-6.39e-06,2.22740000,Regular
XRPUSDT,2025-06-13 00:00:00.000,-2.115e-05,2.18880000,Regular
XRPUSDT,2025-06-13 08:00:00.001,-7.715e-05,2.12800000,Regular
XRPUSDT,2025-06-13 16:00:00.004,1.421e-05,2.14640000,Regular
XRPUSDT,2025-06-14 00:00:00.000,5.924e-05,2.14630154,Regular
XRPUSDT,2025-06-14 08:00:00.000,-2.518e-05,2.16410901,Regular
XRPUSDT,2025-06-14 16:00:00.000,5.746e-05,2.14834934,Regular
XRPUSDT,2025-06-15 00:00:00.005,7.32e-06,2.13812250,Regular
XRPUSDT,2025-06-15 08:00:00.009,1.282e-05,2.15041737,Regular
XRPUSDT,2025-06-15 16:00:00.000,6.472e-05,2.16340000,Regular
XRPUSDT,2025-06-16 00:00:00.000,-1.729e-05,2.16440000,Regular
XRPUSDT,2025-06-16 08:00:00.000,7.058e-05,2.20190680,Regular
XRPUSDT,2025-06-16 16:00:00.003,9.077e-05,2.28910000,Regular
XRPUSDT,2025-06-17 00:00:00.000,0.0001,2.23768877,Regular
XRPUSDT,2025-06-17 08:00:00.006,0.0001,2.23490000,Regular
XRPUSDT,2025-06-17 16:00:00.001,6.544e-05,2.17847947,Regular
XRPUSDT,2025-06-18 00:00:00.001,3.29e-05,2.15810000,Regular
XRPUSDT,2025-06-18 08:00:00.001,5.644e-05,2.16212096,Regular
XRPUSDT,2025-06-18 16:00:00.001,-2.341e-05,2.14970000,Regular
XRPUSDT,2025-06-19 00:00:00.005,4.308e-05,2.16956377,Regular
XRPUSDT,2025-06-19 08:00:00.003,0.0001,2.15554057,Regular
XRPUSDT,2025-06-19 16:00:00.000,1.495e-05,2.14460250,Regular
XRPUSDT,2025-06-20 00:00:00.000,0.0001,2.16437583,Regular
XRPUSDT,2025-06-20 08:00:00.002,3.559e-05,2.16590000,Regular
XRPUSDT,2025-06-20 16:00:00.001,-1.31e-06,2.13252487,Regular
XRPUSDT,2025-06-21 00:00:00.002,-1.019e-05,2.11850000,Regular
XRPUSDT,2025-06-21 08:00:00.005,5.379e-05,2.13250000,Regular
XRPUSDT,2025-06-21 16:00:00.000,2.181e-05,2.11540000,Regular
XRPUSDT,2025-06-22 00:00:00.005,-1.237e-05,2.06180000,Regular
XRPUSDT,2025-06-22 08:00:00.000,0.0001,2.06760000,Regular
XRPUSDT,2025-06-22 16:00:00.003,-4.42e-06,1.93343644,Regular
XRPUSDT,2025-06-23 00:00:00.000,-2.245e-05,2.01634211,Regular
XRPUSDT,2025-06-23 08:00:00.004,4.191e-05,2.02204224,Regular
XRPUSDT,2025-06-23 16:00:00.013,-4.243e-05,1.99810000,Regular
XRPUSDT,2025-06-24 00:00:00.003,-5.895e-05,2.15752039,Regular
XRPUSDT,2025-06-24 08:00:00.000,0.0001,2.17746794,Regular
XRPUSDT,2025-06-24 16:00:00.000,0.0001,2.18730000,Regular
XRPUSDT,2025-06-25 00:00:00.005,0.0001,2.18890000,Regular
XRPUSDT,2025-06-25 08:00:00.000,0.0001,2.18484531,Regular
XRPUSDT,2025-06-25 16:00:00.005,9.144e-05,2.18060000,Regular
XRPUSDT,2025-06-26 00:00:00.000,7.592e-05,2.18480000,Regular
XRPUSDT,2025-06-26 08:00:00.006,7.373e-05,2.18871697,Regular
XRPUSDT,2025-06-26 16:00:00.007,5.095e-05,2.11890000,Regular
XRPUSDT,2025-06-27 00:00:00.000,-6.38e-06,2.10475368,Regular
XRPUSDT,2025-06-27 08:00:00.000,1.132e-05,2.08420000,Regular
XRPUSDT,2025-06-27 16:00:00.009,1.03e-05,2.09610000,Regular
XRPUSDT,2025-06-28 00:00:00.001,-2.646e-05,2.14030000,Regular
XRPUSDT,2025-06-28 08:00:00.002,9.428e-05,2.18970000,Regular
XRPUSDT,2025-06-28 16:00:00.000,0.0001,2.20290000,Regular
XRPUSDT,2025-06-29 00:00:00.004,0.0001,2.18427768,Regular
XRPUSDT,2025-06-29 08:00:00.001,6.37e-05,2.18350000,Regular
XRPUSDT,2025-06-29 16:00:00.001,7.67e-05,2.18236939,Regular
XRPUSDT,2025-06-30 00:00:00.000,9.488e-05,2.20527750,Regular
XRPUSDT,2025-06-30 08:00:00.005,8.025e-05,2.18586338,Regular
XRPUSDT,2025-06-30 16:00:00.002,3.027e-05,2.19199596,Regular
XRPUSDT,2025-07-01 00:00:00.007,0.0001,2.23617355,Regular
XRPUSDT,2025-07-01 08:00:00.002,0.0001,2.22300000,Regular
XRPUSDT,2025-07-01 16:00:00.000,1.379e-05,2.18690000,Regular
XRPUSDT,2025-07-02 00:00:00.001,-5.51e-05,2.17072500,Regular
XRPUSDT,2025-07-02 08:00:00.000,-2.455e-05,2.19089311,Regular
XRPUSDT,2025-07-02 16:00:00.003,2.866e-05,2.21110000,Regular
XRPUSDT,2025-07-03 00:00:00.006,0.0001,2.23291561,Regular
XRPUSDT,2025-07-03 08:00:00.003,0.0001,2.27820000,Regular
XRPUSDT,2025-07-03 16:00:00.003,0.0001,2.24294702,Regular
XRPUSDT,2025-07-04 00:00:00.005,0.0001,2.25600000,Regular
XRPUSDT,2025-07-04 08:00:00.003,0.0001,2.22003890,Regular
XRPUSDT,2025-07-04 16:00:00.001,6.369e-05,2.21342430,Regular
XRPUSDT,2025-07-05 00:00:00.004,9.69e-06,2.21940193,Regular
XRPUSDT,2025-07-05 08:00:00.009,1.442e-05,2.22370000,Regular
XRPUSDT,2025-07-05 16:00:00.006,1.91e-05,2.22180000,Regular
XRPUSDT,2025-07-06 00:00:00.001,9.5e-06,2.21646737,Regular
XRPUSDT,2025-07-06 08:00:00.002,8.892e-05,2.22670000,Regular
XRPUSDT,2025-07-06 16:00:00.004,0.0001,2.27620000,Regular
XRPUSDT,2025-07-07 00:00:00.000,0.0001,2.27017579,Regular
XRPUSDT,2025-07-07 08:00:00.007,0.0001,2.27182535,Regular
XRPUSDT,2025-07-07 16:00:00.000,0.0001,2.33820193,Regular
XRPUSDT,2025-07-08 00:00:00.010,7.104e-05,2.26950000,Regular
XRPUSDT,2025-07-08 08:00:00.003,-4.276e-05,2.27407096,Regular
XRPUSDT,2025-07-08 16:00:00.000,5.323e-05,2.28452592,Regular
XRPUSDT,2025-07-09 00:00:00.002,0.0001,2.30966732,Regular
XRPUSDT,2025-07-09 08:00:00.006,0.0001,2.33070000,Regular
XRPUSDT,2025-07-09 16:00:00.001,0.0001,2.38120000,Regular
XRPUSDT,2025-07-10 00:00:00.003,0.0001,2.40330000,Regular
XRPUSDT,2025-07-10 08:00:00.000,0.0001,2.43616026,Regular
XRPUSDT,2025-07-10 16:00:00.004,9.462e-05,2.45290000,Regular
XRPUSDT,2025-07-11 00:00:00.004,0.0001,2.54641084,Regular
XRPUSDT,2025-07-11 08:00:00.007,0.0001,2.57904360,Regular
XRPUSDT,2025-07-11 16:00:00.001,0.0001,2.77600000,Regular
XRPUSDT,2025-07-12 00:00:00.000,0.0001,2.73340000,Regular
XRPUSDT,2025-07-12 08:00:00.001,0.0001,2.76782781,Regular
XRPUSDT,2025-07-12 16:00:00.002,0.0001,2.68090000,Regular
XRPUSDT,2025-07-13 00:00:00.006,0.0001,2.73949088,Regular
XRPUSDT,2025-07-13 08:00:00.001,0.0001,2.79900000,Regular
XRPUSDT,2025-07-13 16:00:00.003,0.0001,2.83783982,Regular
XRPUSDT,2025-07-14 00:00:00.000,0.0001,2.83578469,Regular
XRPUSDT,2025-07-14 08:00:00.000,0.0001,2.95653053,Regular
XRPUSDT,2025-07-14 16:00:00.000,0.0001,2.94790000,Regular
XRPUSDT,2025-07-15 00:00:00.002,0.0001,2.95863158,Regular
XRPUSDT,2025-07-15 08:00:00.000,0.0001,2.85302706,Regular
XRPUSDT,2025-07-15 16:00:00.000,0.0001,2.89032443,Regular
XRPUSDT,2025-07-16 00:00:00.000,0.0001,2.92067860,Regular
XRPUSDT,2025-07-16 08:00:00.000,0.0001,2.93020000,Regular
XRPUSDT,2025-07-16 16:00:00.008,0.0001,2.97689184,Regular
XRPUSDT,2025-07-17 00:00:00.003,0.0001,3.03900000,Regular
XRPUSDT,2025-07-17 08:00:00.000,0.0001,3.15700000,Regular
XRPUSDT,2025-07-17 16:00:00.000,0.0001,3.25451728,Regular
XRPUSDT,2025-07-18 00:00:00.004,0.00033673,3.48410000,Regular
XRPUSDT,2025-07-18 08:00:00.000,0.00030655,3.45967421,Regular
XRPUSDT,2025-07-18 16:00:00.000,0.0001,3.37640000,Regular
XRPUSDT,2025-07-19 00:00:00.009,0.0001,3.41400000,Regular
XRPUSDT,2025-07-19 08:00:00.000,0.0001,3.46594439,Regular
XRPUSDT,2025-07-19 16:00:00.002,0.0001,3.41040000,Regular
XRPUSDT,2025-07-20 00:00:00.000,0.0001,3.42468640,Regular
XRPUSDT,2025-07-20 08:00:00.000,0.0001,3.44288974,Regular
XRPUSDT,2025-07-20 16:00:00.000,0.0001,3.51857930,Regular
XRPUSDT,2025-07-21 00:00:00.001,0.0001,3.45384399,Regular
XRPUSDT,2025-07-21 08:00:00.000,0.0001,3.56887719,Regular
XRPUSDT,2025-07-21 16:00:00.001,0.0001,3.60611408,Regular
XRPUSDT,2025-07-22 00:00:00.000,0.0001,3.54970000,Regular
XRPUSDT,2025-07-22 08:00:00.010,0.0001,3.47592105,Regular
XRPUSDT,2025-07-22 16:00:00.007,0.0001,3.51020000,Regular
XRPUSDT,2025-07-23 00:00:00.000,0.00031378,3.55295768,Regular
XRPUSDT,2025-07-23 08:00:00.004,0.0001,3.46870000,Regular
XRPUSDT,2025-07-23 16:00:00.002,0.0001,3.32175789,Regular
XRPUSDT,2025-07-24 00:00:00.000,0.0001,3.18371079,Regular
XRPUSDT,2025-07-24 08:00:00.001,0.0001,3.07551987,Regular
XRPUSDT,2025-07-24 16:00:00.000,0.0001,3.22440000,Regular
XRPUSDT,2025-07-25 00:00:00.000,0.0001,3.14450000,Regular
XRPUSDT,2025-07-25 08:00:00.000,0.0001,3.07320868,Regular
XRPUSDT,2025-07-25 16:00:00.000,-1.445e-05,3.03622219,Regular
XRPUSDT,2025-07-26 00:00:00.001,0.0001,3.14122765,Regular
XRPUSDT,2025-07-26 08:00:00.005,0.0001,3.15400000,Regular
XRPUSDT,2025-07-26 16:00:00.001,0.0001,3.19160000,Regular
XRPUSDT,2025-07-27 00:00:00.001,0.0001,3.16490000,Regular
XRPUSDT,2025-07-27 08:00:00.000,0.0001,3.18810000,Regular
XRPUSDT,2025-07-27 16:00:00.008,4.171e-05,3.18509890,Regular
XRPUSDT,2025-07-28 00:00:00.005,0.0001,3.23740000,Regular
XRPUSDT,2025-07-28 08:00:00.000,8.326e-05,3.27278281,Regular
XRPUSDT,2025-07-28 16:00:00.000,5.32e-05,3.15813890,Regular
XRPUSDT,2025-07-29 00:00:00.001,-1.53e-05,3.12190000,Regular
XRPUSDT,2025-07-29 08:00:00.000,2.035e-05,3.17370000,Regular
XRPUSDT,2025-07-29 16:00:00.000,5.141e-05,3.09756022,Regular
XRPUSDT,2025-07-30 00:00:00.011,2.35e-06,3.12690000,Regular
XRPUSDT,2025-07-30 08:00:00.000,1.888e-05,3.11860272,Regular
XRPUSDT,2025-07-30 16:00:00.008,4.007e-05,3.14236053,Regular
XRPUSDT,2025-07-31 00:00:00.000,7.176e-05,3.09570000,Regular
XRPUSDT,2025-07-31 08:00:00.009,0.0001,3.15420000,Regular
XRPUSDT,2025-07-31 16:00:00.000,5.722e-05,3.09900000,Regular
XRPUSDT,2025-08-01 00:00:00.001,-9.576e-05,3.02060465,Regular
XRPUSDT,2025-08-01 08:00:00.003,-3.005e-05,2.95433026,Regular
XRPUSDT,2025-08-01 16:00:00.000,0.0001,3.04259754,Regular
XRPUSDT,2025-08-02 00:00:00.004,0.0001,2.96011215,Regular
XRPUSDT,2025-08-02 08:00:00.000,0.0001,2.99090000,Regular
XRPUSDT,2025-08-02 16:00:00.000,8.235e-05,2.82912702,Regular
XRPUSDT,2025-08-03 00:00:00.000,2.223e-05,2.76830000,Regular
XRPUSDT,2025-08-03 08:00:00.000,1.803e-05,2.86340833,Regular
XRPUSDT,2025-08-03 16:00:00.003,6.793e-05,2.89360000,Regular
XRPUSDT,2025-08-04 00:00:00.004,-7.03e-06,2.94638110,Regular
XRPUSDT,2025-08-04 08:00:00.000,0.0001,3.01037382,Regular
XRPUSDT,2025-08-04 16:00:00.002,2.284e-05,3.02920000,Regular
XRPUSDT,2025-08-05 00:00:00.000,3.493e-05,3.07010303,Regular
XRPUSDT,2025-08-05 08:00:00.000,0.0001,3.00325689,Regular
XRPUSDT,2025-08-05 16:00:00.000,8.124e-05,2.97052729,Regular
XRPUSDT,2025-08-06 00:00:00.005,4.279e-05,2.96070000,Regular
XRPUSDT,2025-08-06 08:00:00.000,4.755e-05,2.95450000,Regular
XRPUSDT,2025-08-06 16:00:00.000,-1.851e-05,3.00261210,Regular
XRPUSDT,2025-08-07 00:00:00.003,5.608e-05,2.98972462,Regular
XRPUSDT,2025-08-07 08:00:00.002,0.0001,2.99900000,Regular
XRPUSDT,2025-08-07 16:00:00.002,0.0001,3.06070000,Regular
XRPUSDT,2025-08-08 00:00:00.002,8.704e-05,3.31810000,Regular
XRPUSDT,2025-08-08 08:00:00.004,0.0001,3.35460000,Regular
XRPUSDT,2025-08-08 16:00:00.000,0.0001,3.22065578,Regular
XRPUSDT,2025-08-09 00:00:00.005,0.0001,3.28480000,Regular
XRPUSDT,2025-08-09 08:00:00.000,0.0001,3.31970000,Regular
XRPUSDT,2025-08-09 16:00:00.007,0.0001,3.27144302,Regular
XRPUSDT,2025-08-10 00:00:00.003,5.854e-05,3.22450000,Regular
XRPUSDT,2025-08-10 08:00:00.005,6.533e-05,3.18590000,Regular
XRPUSDT,2025-08-10 16:00:00.002,9.663e-05,3.18403120,Regular
XRPUSDT,2025-08-11 00:00:00.000,3.886e-05,3.18550000,Regular
XRPUSDT,2025-08-11 08:00:00.000,0.0001,3.24471623,Regular
XRPUSDT,2025-08-11 16:00:00.000,3.456e-05,3.20740000,Regular
XRPUSDT,2025-08-12 00:00:00.000,1.695e-05,3.12810000,Regular
XRPUSDT,2025-08-12 08:00:00.001,7.261e-05,3.15450000,Regular
XRPUSDT,2025-08-12 16:00:00.005,8.61e-05,3.21150000,Regular
XRPUSDT,2025-08-13 00:00:00.000,0.0001,3.26661478,Regular
XRPUSDT,2025-08-13 08:00:00.002,0.0001,3.23854776,Regular
XRPUSDT,2025-08-13 16:00:00.006,0.0001,3.25560000,Regular
XRPUSDT,2025-08-14 00:00:00.002,0.0001,3.27512654,Regular
XRPUSDT,2025-08-14 08:00:00.003,0.0001,3.25468684,Regular
XRPUSDT,2025-08-14 16:00:00.000,0.0001,3.09410000,Regular
XRPUSDT,2025-08-15 00:00:00.000,-6.53e-05,3.07789518,Regular
XRPUSDT,2025-08-15 08:00:00.000,3.207e-05,3.11624566,Regular
XRPUSDT,2025-08-15 16:00:00.000,0.0001,3.02560000,Regular
XRPUSDT,2025-08-16 00:00:00.004,4.05e-06,3.07648984,Regular
XRPUSDT,2025-08-16 08:00:00.000,9.772e-05,3.12200000,Regular
XRPUSDT,2025-08-16 16:00:00.002,0.0001,3.10184438,Regular
XRPUSDT,2025-08-17 00:00:00.000,3.105e-05,3.10390000,Regular
XRPUSDT,2025-08-17 08:00:00.001,9.987e-05,3.11620000,Regular
XRPUSDT,2025-08-17 16:00:00.007,5.116e-05,3.14230000,Regular
XRPUSDT,2025-08-18 00:00:00.000,-5.123e-05,3.08562286,Regular
XRPUSDT,2025-08-18 08:00:00.001,-6.946e-05,2.96232599,Regular
XRPUSDT,2025-08-18 16:00:00.002,-8.476e-05,3.01415969,Regular
XRPUSDT,2025-08-19 00:00:00.000,0.0001,3.06040000,Regular
XRPUSDT,2025-08-19 08:00:00.001,0.0001,3.00240000,Regular
XRPUSDT,2025-08-19 16:00:00.000,-1.5e-07,2.92800000,Regular
XRPUSDT,2025-08-20 00:00:00.000,5.9e-06,2.85969022,Regular
XRPUSDT,2025-08-20 08:00:00.000,-3.092e-05,2.86620000,Regular
XRPUSDT,2025-08-20 16:00:00.000,7.329e-05,2.90295075,Regular
XRPUSDT,2025-08-21 00:00:00.006,6.261e-05,2.95030000,Regular
XRPUSDT,2025-08-21 08:00:00.000,0.0001,2.90730000,Regular
XRPUSDT,2025-08-21 16:00:00.003,5.676e-05,2.88554504,Regular
XRPUSDT,2025-08-22 00:00:00.010,0.0001,2.85068737,Regular
XRPUSDT,2025-08-22 08:00:00.007,5.997e-05,2.85943509,Regular
XRPUSDT,2025-08-22 16:00:00.001,3.828e-05,3.01620579,Regular
XRPUSDT,2025-08-23 00:00:00.004,0.0001,3.07401750,Regular
XRPUSDT,2025-08-23 08:00:00.006,0.0001,3.06130000,Regular
XRPUSDT,2025-08-23 16:00:00.000,0.0001,3.01821083,Regular
XRPUSDT,2025-08-24 00:00:00.001,0.0001,3.04780000,Regular
XRPUSDT,2025-08-24 08:00:00.002,0.0001,3.03550000,Regular
XRPUSDT,2025-08-24 16:00:00.001,0.0001,3.01370000,Regular
XRPUSDT,2025-08-25 00:00:00.000,0.0001,3.02500000,Regular
XRPUSDT,2025-08-25 08:00:00.002,0.0001,2.93734447,Regular
XRPUSDT,2025-08-25 16:00:00.002,3.85e-05,2.95230000,Regular
XRPUSDT,2025-08-26 00:00:00.000,-5.096e-05,2.85680000,Regular
XRPUSDT,2025-08-26 08:00:00.000,-1.8e-05,2.91587320,Regular
XRPUSDT,2025-08-26 16:00:00.000,9.633e-05,2.93178566,Regular
XRPUSDT,2025-08-27 00:00:00.003,0.0001,3.01130000,Regular
XRPUSDT,2025-08-27 08:00:00.000,0.0001,2.99230000,Regular
XRPUSDT,2025-08-27 16:00:00.009,1.623e-05,3.01570000,Regular
XRPUSDT,2025-08-28 00:00:00.000,8.506e-05,2.96762390,Regular
XRPUSDT,2025-08-28 08:00:00.005,0.0001,3.00244851,Regular
XRPUSDT,2025-08-28 16:00:00.004,0.0001,2.98034057,Regular
XRPUSDT,2025-08-29 00:00:00.000,1.259e-05,2.96490136,Regular
XRPUSDT,2025-08-29 08:00:00.000,7.807e-05,2.86890675,Regular
XRPUSDT,2025-08-29 16:00:00.005,6.683e-05,2.83310000,Regular
XRPUSDT,2025-08-30 00:00:00.000,-1.899e-05,2.81800000,Regular
XRPUSDT,2025-08-30 08:00:00.002,3.432e-05,2.83040000,Regular
XRPUSDT,2025-08-30 16:00:00.003,-5.81e-06,2.80560000,Regular
XRPUSDT,2025-08-31 00:00:00.016,3.458e-05,2.81664978,Regular
XRPUSDT,2025-08-31 08:00:00.000,7.195e-05,2.82770000,Regular
XRPUSDT,2025-08-31 16:00:00.001,0.0001,2.82080000,Regular
XRPUSDT,2025-09-01 00:00:00.000,1.99e-05,2.77462221,Regular
XRPUSDT,2025-09-01 08:00:00.000,9.743e-05,2.79210000,Regular
XRPUSDT,2025-09-01 16:00:00.001,9.251e-05,2.76120000,Regular
XRPUSDT,2025-09-02 00:00:00.000,7.178e-05,2.75761781,Regular
XRPUSDT,2025-09-02 08:00:00.005,0.0001,2.79300000,Regular
XRPUSDT,2025-09-02 16:00:00.007,0.0001,2.78951741,Regular
XRPUSDT,2025-09-03 00:00:00.006,9.115e-05,2.86060000,Regular
XRPUSDT,2025-09-03 08:00:00.002,0.0001,2.81953224,Regular
XRPUSDT,2025-09-03 16:00:00.002,6.29e-05,2.87076794,Regular
XRPUSDT,2025-09-04 00:00:00.002,4.218e-05,2.84300000,Regular
XRPUSDT,2025-09-04 08:00:00.000,2.584e-05,2.82330000,Regular
XRPUSDT,2025-09-04 16:00:00.000,2.409e-05,2.80900000,Regular
XRPUSDT,2025-09-05 00:00:00.001,3.207e-05,2.79330000,Regular
XRPUSDT,2025-09-05 08:00:00.006,8.936e-05,2.84329342,Regular
XRPUSDT,2025-09-05 16:00:00.000,5.752e-05,2.81330000,Regular
XRPUSDT,2025-09-06 00:00:00.000,9.833e-05,2.81320193,Regular
XRPUSDT,2025-09-06 08:00:00.005,3.207e-05,2.81903518,Regular
XRPUSDT,2025-09-06 16:00:00.000,1.238e-05,2.80080000,Regular
XRPUSDT,2025-09-07 00:00:00.000,2.499e-05,2.80810000,Regular
XRPUSDT,2025-09-07 08:00:00.000,0.0001,2.82970434,Regular
XRPUSDT,2025-09-07 16:00:00.000,0.0001,2.89914588,Regular
XRPUSDT,2025-09-08 00:00:00.007,7.22e-05,2.87600000,Regular
XRPUSDT,2025-09-08 08:00:00.000,0.0001,2.90927215,Regular
XRPUSDT,2025-09-08 16:00:00.000,8.967e-05,2.98485961,Regular
XRPUSDT,2025-09-09 00:00:00.000,0.0001,2.96870000,Regular
XRPUSDT,2025-09-09 08:00:00.000,0.0001,3.01930000,Regular
XRPUSDT,2025-09-09 16:00:00.000,0.0001,2.94570000,Regular
XRPUSDT,2025-09-10 00:00:00.000,4.492e-05,2.94570000,Regular
XRPUSDT,2025-09-10 08:00:00.002,0.0001,2.97994860,Regular
XRPUSDT,2025-09-10 16:00:00.000,0.0001,3.00140000,Regular
XRPUSDT,2025-09-11 00:00:00.000,0.0001,2.98224399,Regular
XRPUSDT,2025-09-11 08:00:00.000,0.0001,3.00211355,Regular
XRPUSDT,2025-09-11 16:00:00.001,8.667e-05,2.99346105,Regular
XRPUSDT,2025-09-12 00:00:00.002,0.0001,3.03884320,Regular
XRPUSDT,2025-09-12 08:00:00.001,0.0001,3.06590000,Regular
XRPUSDT,2025-09-12 16:00:00.005,4.253e-05,3.02630000,Regular
XRPUSDT,2025-09-13 00:00:00.005,0.0001,3.10430000,Regular
XRPUSDT,2025-09-13 08:00:00.002,0.0001,3.11610000,Regular
XRPUSDT,2025-09-13 16:00:00.000,0.0001,3.13290000,Regular
XRPUSDT,2025-09-14 00:00:00.006,0.0001,3.11800000,Regular
XRPUSDT,2025-09-14 08:00:00.000,0.0001,3.08290000,Regular
XRPUSDT,2025-09-14 16:00:00.001,6.88e-05,3.02979277,Regular
XRPUSDT,2025-09-15 00:00:00.006,-1.61e-06,3.02660000,Regular
XRPUSDT,2025-09-15 08:00:00.002,4.091e-05,3.02126425,Regular
XRPUSDT,2025-09-15 16:00:00.001,3.224e-05,3.02683469,Regular
XRPUSDT,2025-09-16 00:00:00.001,6.158e-05,2.99570000,Regular
XRPUSDT,2025-09-16 08:00:00.000,6.359e-05,3.00630000,Regular
XRPUSDT,2025-09-16 16:00:00.000,4.455e-05,3.03780000,Regular
XRPUSDT,2025-09-17 00:00:00.001,5.665e-05,3.03647570,Regular
XRPUSDT,2025-09-17 08:00:00.000,5.673e-05,3.03290000,Regular
XRPUSDT,2025-09-17 16:00:00.003,1.004e-05,3.02140000,Regular
XRPUSDT,2025-09-18 00:00:00.006,0.0001,3.08300000,Regular
XRPUSDT,2025-09-18 08:00:00.002,0.0001,3.09129320,Regular
XRPUSDT,2025-09-18 16:00:00.000,0.0001,3.11220000,Regular
XRPUSDT,2025-09-19 00:00:00.000,0.0001,3.07232044,Regular
XRPUSDT,2025-09-19 08:00:00.005,4.858e-05,3.03653535,Regular
XRPUSDT,2025-09-19 16:00:00.000,-1.287e-05,3.00857798,Regular
XRPUSDT,2025-09-20 00:00:00.000,3.418e-05,2.98861096,Regular
XRPUSDT,2025-09-20 08:00:00.000,6.9e-06,3.00702868,Regular
XRPUSDT,2025-09-20 16:00:00.002,-1.09e-06,2.98801509,Regular
XRPUSDT,2025-09-21 00:00:00.000,-1.869e-05,2.97350000,Regular
XRPUSDT,2025-09-21 08:00:00.000,5.812e-05,2.99560658,Regular
XRPUSDT,2025-09-21 16:00:00.000,4.948e-05,2.97840000,Regular
XRPUSDT,2025-09-22 00:00:00.005,2.229e-05,2.96899184,Regular
XRPUSDT,2025-09-22 08:00:00.003,9.22e-06,2.80460000,Regular
XRPUSDT,2025-09-22 16:00:00.000,-3.368e-05,2.85860000,Regular
XRPUSDT,2025-09-23 00:00:00.000,4.134e-05,2.85126272,Regular
XRPUSDT,2025-09-23 08:00:00.001,2.82e-05,2.86310000,Regular
XRPUSDT,2025-09-23 16:00:00.000,5.56e-06,2.87530000,Regular
XRPUSDT,2025-09-24 00:00:00.003,8.939e-05,2.82340000,Regular
XRPUSDT,2025-09-24 08:00:00.001,9.026e-05,2.87231535,Regular
XRPUSDT,2025-09-24 16:00:00.002,0.0001,2.93880000,Regular
XRPUSDT,2025-09-25 00:00:00.000,0.0001,2.92460000,Regular
XRPUSDT,2025-09-25 08:00:00.001,2.903e-05,2.84097105,Regular
XRPUSDT,2025-09-25 16:00:00.000,5.451e-05,2.82980000,Regular
XRPUSDT,2025-09-26 00:00:00.000,1.598e-05,2.74210000,Regular
XRPUSDT,2025-09-26 08:00:00.000,5.051e-05,2.75390000,Regular
XRPUSDT,2025-09-26 16:00:00.008,7.149e-05,2.73423421,Regular
XRPUSDT,2025-09-27 00:00:00.000,9.602e-05,2.78230000,Regular
XRPUSDT,2025-09-27 08:00:00.010,0.0001,2.78010000,Regular
XRPUSDT,2025-09-27 16:00:00.003,8.346e-05,2.78279974,Regular
XRPUSDT,2025-09-28 00:00:00.000,4.099e-05,2.80320000,Regular
XRPUSDT,2025-09-28 08:00:00.000,7.718e-05,2.78630000,Regular
XRPUSDT,2025-09-28 16:00:00.000,8.504e-05,2.80960000,Regular
XRPUSDT,2025-09-29 00:00:00.000,0.0001,2.86621140,Regular
XRPUSDT,2025-09-29 08:00:00.002,0.0001,2.88550237,Regular
XRPUSDT,2025-09-29 16:00:00.001,9.283e-05,2.89287272,Regular
XRPUSDT,2025-09-30 00:00:00.002,0.0001,2.87880000,Regular
XRPUSDT,2025-09-30 08:00:00.005,0.0001,2.87290000,Regular
XRPUSDT,2025-09-30 16:00:00.000,5.053e-05,2.82700000,Regular
XRPUSDT,2025-10-01 00:00:00.000,0.0001,2.84530000,Regular
XRPUSDT,2025-10-01 08:00:00.000,9.657e-05,2.85280490,Regular
XRPUSDT,2025-10-01 16:00:00.000,9.436e-05,2.94040000,Regular
XRPUSDT,2025-10-02 00:00:00.000,0.0001,2.94740000,Regular
XRPUSDT,2025-10-02 08:00:00.013,4.056e-05,2.96793789,Regular
XRPUSDT,2025-10-02 16:00:00.000,5.817e-05,2.99070000,Regular
XRPUSDT,2025-10-03 00:00:00.006,0.0001,3.03757316,Regular
XRPUSDT,2025-10-03 08:00:00.006,0.0001,3.03280000,Regular
XRPUSDT,2025-10-03 16:00:00.000,4.11e-05,3.06750000,Regular
XRPUSDT,2025-10-04 00:00:00.001,0.0001,3.03950000,Regular
XRPUSDT,2025-10-04 08:00:00.000,0.0001,3.01690000,Regular
XRPUSDT,2025-10-04 16:00:00.000,0.0001,2.94820000,Regular
XRPUSDT,2025-10-05 00:00:00.000,0.0001,2.96772930,Regular
XRPUSDT,2025-10-05 08:00:00.003,0.0001,3.06313421,Regular
XRPUSDT,2025-10-05 16:00:00.009,0.0001,3.01230000,Regular
XRPUSDT,2025-10-06 00:00:00.004,9.341e-05,2.96796825,Regular
XRPUSDT,2025-10-06 08:00:00.002,7.626e-05,2.97222404,Regular
XRPUSDT,2025-10-06 16:00:00.004,9.135e-05,3.03001518,Regular
XRPUSDT,2025-10-07 00:00:00.000,0.0001,2.98780000,Regular
XRPUSDT,2025-10-07 08:00:00.003,7.621e-05,2.97060000,Regular
XRPUSDT,2025-10-07 16:00:00.000,8.38e-06,2.88350000,Regular
XRPUSDT,2025-10-08 00:00:00.000,-2.4e-07,2.85091991,Regular
XRPUSDT,2025-10-08 08:00:00.006,3.954e-05,2.85670000,Regular
XRPUSDT,2025-10-08 16:00:00.002,3.718e-05,2.86460000,Regular
XRPUSDT,2025-10-09 00:00:00.001,0.0001,2.87888684,Regular
XRPUSDT,2025-10-09 08:00:00.000,3.375e-05,2.81571360,Regular
XRPUSDT,2025-10-09 16:00:00.000,2.691e-05,2.80126544,Regular
XRPUSDT,2025-10-10 00:00:00.005,1.637e-05,2.80110000,Regular
XRPUSDT,2025-10-10 08:00:00.002,7.109e-05,2.80174851,Regular
XRPUSDT,2025-10-10 16:00:00.014,1.196e-05,2.74000000,Regular
XRPUSDT,2025-10-11 00:00:00.000,0.00043589,2.36650000,Regular
XRPUSDT,2025-10-11 08:00:00.003,-0.00011128,2.41071193,Regular
XRPUSDT,2025-10-11 16:00:00.000,-1.038e-05,2.47740000,Regular
XRPUSDT,2025-10-12 00:00:00.004,-5.076e-05,2.38060000,Regular
XRPUSDT,2025-10-12 08:00:00.002,-9.372e-05,2.38862772,Regular
XRPUSDT,2025-10-12 16:00:00.000,-0.00010577,2.48665105,Regular
XRPUSDT,2025-10-13 00:00:00.003,-5.287e-05,2.52710000,Regular
XRPUSDT,2025-10-13 08:00:00.002,-7.601e-05,2.61960000,Regular
XRPUSDT,2025-10-13 16:00:00.003,5.54e-05,2.58608044,Regular
XRPUSDT,2025-10-14 00:00:00.000,0.0001,2.60420000,Regular
XRPUSDT,2025-10-14 08:00:00.000,5.641e-05,2.45200000,Regular
XRPUSDT,2025-10-14 16:00:00.000,-3.753e-05,2.49576070,Regular
XRPUSDT,2025-10-15 00:00:00.006,4.48e-06,2.50247632,Regular
XRPUSDT,2025-10-15 08:00:00.002,6.193e-05,2.50611711,Regular
XRPUSDT,2025-10-15 16:00:00.000,-3.424e-05,2.43311728,Regular
XRPUSDT,2025-10-16 00:00:00.000,-5.691e-05,2.40986360,Regular
XRPUSDT,2025-10-16 08:00:00.003,-1.3e-07,2.40940781,Regular
XRPUSDT,2025-10-16 16:00:00.002,2.874e-05,2.35435904,Regular
XRPUSDT,2025-10-17 00:00:00.001,3.367e-05,2.32686061,Regular
XRPUSDT,2025-10-17 08:00:00.005,6.032e-05,2.23856404,Regular
XRPUSDT,2025-10-17 16:00:00.003,5.015e-05,2.30003456,Regular
XRPUSDT,2025-10-18 00:00:00.000,-1.338e-05,2.29250000,Regular
XRPUSDT,2025-10-18 08:00:00.002,-3.211e-05,2.35250000,Regular
XRPUSDT,2025-10-18 16:00:00.001,-0.00010695,2.34745439,Regular
XRPUSDT,2025-10-19 00:00:00.001,-2.915e-05,2.35820000,Regular
XRPUSDT,2025-10-19 08:00:00.001,-7.444e-05,2.34697789,Regular
XRPUSDT,2025-10-19 16:00:00.001,-5.459e-05,2.39967167,Regular
XRPUSDT,2025-10-20 00:00:00.004,-7.309e-05,2.38938447,Regular
XRPUSDT,2025-10-20 08:00:00.001,6.094e-05,2.46951132,Regular
XRPUSDT,2025-10-20 16:00:00.000,9.129e-05,2.46170000,Regular
XRPUSDT,2025-10-21 00:00:00.009,5.123e-05,2.49360561,Regular
XRPUSDT,2025-10-21 08:00:00.000,3.755e-05,2.42538553,Regular
XRPUSDT,2025-10-21 16:00:00.000,-4.791e-05,2.52160000,Regular
XRPUSDT,2025-10-22 00:00:00.004,9.889e-05,2.42127947,Regular
XRPUSDT,2025-10-22 08:00:00.000,-4.136e-05,2.40840000,Regular
XRPUSDT,2025-10-22 16:00:00.000,-3.566e-05,2.39930000,Regular
XRPUSDT,2025-10-23 00:00:00.000,6.738e-05,2.36355175,Regular
XRPUSDT,2025-10-23 08:00:00.001,3.4e-05,2.40660000,Regular
XRPUSDT,2025-10-23 16:00:00.004,4.656e-05,2.40720000,Regular
XRPUSDT,2025-10-24 00:00:00.000,2.781e-05,2.39370000,Regular
XRPUSDT,2025-10-24 08:00:00.000,2.821e-05,2.43951474,Regular
XRPUSDT,2025-10-24 16:00:00.009,5.397e-05,2.47850000,Regular
XRPUSDT,2025-10-25 00:00:00.000,9.362e-05,2.50946270,Regular
XRPUSDT,2025-10-25 08:00:00.001,6.243e-05,2.54160000,Regular
XRPUSDT,2025-10-25 16:00:00.001,6.532e-05,2.59680254,Regular
XRPUSDT,2025-10-26 00:00:00.001,0.0001,2.59493132,Regular
XRPUSDT,2025-10-26 08:00:00.001,6.796e-05,2.62290000,Regular
XRPUSDT,2025-10-26 16:00:00.000,9.84e-06,2.63993342,Regular
XRPUSDT,2025-10-27 00:00:00.000,0.0001,2.64564851,Regular
XRPUSDT,2025-10-27 08:00:00.005,5.45e-05,2.62920000,Regular
XRPUSDT,2025-10-27 16:00:00.000,0.0001,2.66010000,Regular
XRPUSDT,2025-10-28 00:00:00.000,6.148e-05,2.63296851,Regular
XRPUSDT,2025-10-28 08:00:00.000,7.991e-05,2.63661614,Regular
XRPUSDT,2025-10-28 16:00:00.004,-7.39e-06,2.63443211,Regular
XRPUSDT,2025-10-29 00:00:00.004,8.01e-06,2.60213956,Regular
XRPUSDT,2025-10-29 08:00:00.005,2.793e-05,2.63300000,Regular
XRPUSDT,2025-10-29 16:00:00.000,6.163e-05,2.62510000,Regular
XRPUSDT,2025-10-30 00:00:00.004,3.056e-05,2.54900298,Regular
XRPUSDT,2025-10-30 08:00:00.008,4.474e-05,2.58228746,Regular
XRPUSDT,2025-10-30 16:00:00.001,1.958e-05,2.45265158,Regular
XRPUSDT,2025-10-31 00:00:00.000,-6.577e-05,2.43770000,Regular
XRPUSDT,2025-10-31 08:00:00.008,1.634e-05,2.47413088,Regular
XRPUSDT,2025-10-31 16:00:00.007,5.442e-05,2.52257456,Regular
XRPUSDT,2025-11-01 00:00:00.001,6e-07,2.50821456,Regular
XRPUSDT,2025-11-01 08:00:00.000,-1.931e-05,2.50490000,Regular
XRPUSDT,2025-11-01 16:00:00.000,7.1e-07,2.50046007,Regular
XRPUSDT,2025-11-02 00:00:00.007,6.796e-05,2.50430000,Regular
XRPUSDT,2025-11-02 08:00:00.000,9.884e-05,2.53397377,Regular
XRPUSDT,2025-11-02 16:00:00.001,5.745e-05,2.49880000,Regular
XRPUSDT,2025-11-03 00:00:00.000,9.17e-06,2.52544947,Regular
XRPUSDT,2025-11-03 08:00:00.010,-3.84e-05,2.41296316,Regular
XRPUSDT,2025-11-03 16:00:00.000,-3.586e-05,2.32690000,Regular
XRPUSDT,2025-11-04 00:00:00.002,1.8e-05,2.30793693,Regular
XRPUSDT,2025-11-04 08:00:00.004,9.387e-05,2.24270000,Regular
XRPUSDT,2025-11-04 16:00:00.000,-1.817e-05,2.28180000,Regular
XRPUSDT,2025-11-05 00:00:00.000,-2.721e-05,2.20380000,Regular
XRPUSDT,2025-11-05 08:00:00.000,8.406e-05,2.24522254,Regular
XRPUSDT,2025-11-05 16:00:00.004,-8.535e-05,2.27500000,Regular
XRPUSDT,2025-11-06 00:00:00.001,-1.693e-05,2.34230000,Regular
XRPUSDT,2025-11-06 08:00:00.000,-1.042e-05,2.32523702,Regular
XRPUSDT,2025-11-06 16:00:00.001,-3.7e-06,2.23336737,Regular
XRPUSDT,2025-11-07 00:00:00.005,-9.59e-05,2.21170289,Regular
XRPUSDT,2025-11-07 08:00:00.003,-6.171e-05,2.23233848,Regular
XRPUSDT,2025-11-07 16:00:00.005,1.913e-05,2.21130000,Regular
XRPUSDT,2025-11-08 00:00:00.011,0.0001,2.31518272,Regular
XRPUSDT,2025-11-08 08:00:00.015,0.0001,2.32140000,Regular
XRPUSDT,2025-11-08 16:00:00.001,3.378e-05,2.25490000,Regular
XRPUSDT,2025-11-09 00:00:00.004,-2.541e-05,2.28540000,Regular
XRPUSDT,2025-11-09 08:00:00.000,9.02e-06,2.29457526,Regular
XRPUSDT,2025-11-09 16:00:00.005,-8.163e-05,2.31320000,Regular
XRPUSDT,2025-11-10 00:00:00.000,-3.49e-06,2.36490000,Regular
XRPUSDT,2025-11-10 08:00:00.000,8.6e-05,2.47969833,Regular
XRPUSDT,2025-11-10 16:00:00.003,0.0001,2.52900000,Regular
XRPUSDT,2025-11-11 00:00:00.007,8.915e-05,2.52510000,Regular
XRPUSDT,2025-11-11 08:00:00.000,7.682e-05,2.44670000,Regular
XRPUSDT,2025-11-11 16:00:00.009,8.07e-06,2.43567351,Regular
XRPUSDT,2025-11-12 00:00:00.000,2.106e-05,2.39011649,Regular
XRPUSDT,2025-11-12 08:00:00.002,-2.154e-05,2.37220000,Regular
XRPUSDT,2025-11-12 16:00:00.000,2.272e-05,2.36793211,Regular
XRPUSDT,2025-11-13 00:00:00.002,-7.221e-05,2.38630000,Regular
XRPUSDT,2025-11-13 08:00:00.000,5.822e-05,2.48670000,Regular
XRPUSDT,2025-11-13 16:00:00.001,8.877e-05,2.43389289,Regular
XRPUSDT,2025-11-14 00:00:00.000,-0.00015148,2.32119930,Regular
XRPUSDT,2025-11-14 08:00:00.000,3.623e-05,2.30616816,Regular
XRPUSDT,2025-11-14 16:00:00.001,3.547e-05,2.31130000,Regular
XRPUSDT,2025-11-15 00:00:00.005,8.36e-06,2.24332868,Regular
XRPUSDT,2025-11-15 08:00:00.000,-3.107e-05,2.28420000,Regular
XRPUSDT,2025-11-15 16:00:00.001,-0.00010058,2.25354873,Regular
XRPUSDT,2025-11-16 00:00:00.001,-6.152e-05,2.23585719,Regular
XRPUSDT,2025-11-16 08:00:00.000,3.708e-05,2.26600886,Regular
XRPUSDT,2025-11-16 16:00:00.000,-0.00011565,2.18550000,Regular
XRPUSDT,2025-11-17 00:00:00.003,8.65e-06,2.21370000,Regular
XRPUSDT,2025-11-17 08:00:00.003,7.483e-05,2.26300000,Regular
XRPUSDT,2025-11-17 16:00:00.000,1.379e-05,2.20810000,Regular
XRPUSDT,2025-11-18 00:00:00.002,-0.00012063,2.16220000,Regular
XRPUSDT,2025-11-18 08:00:00.004,6.337e-05,2.16063316,Regular
XRPUSDT,2025-11-18 16:00:00.000,5.896e-05,2.21220000,Regular
XRPUSDT,2025-11-19 00:00:00.000,8.57e-05,2.21620974,Regular
XRPUSDT,2025-11-19 08:00:00.000,-4.675e-05,2.16700000,Regular
XRPUSDT,2025-11-19 16:00:00.008,-1.816e-05,2.08520000,Regular
XRPUSDT,2025-11-20 00:00:00.000,-4.942e-05,2.10830000,Regular
XRPUSDT,2025-11-20 08:00:00.000,0.0001,2.13911603,Regular
XRPUSDT,2025-11-20 16:00:00.000,0.0001,2.08480000,Regular
XRPUSDT,2025-11-21 00:00:00.001,-9.07e-05,1.99919750,Regular
XRPUSDT,2025-11-21 08:00:00.000,0.0001,1.91843793,Regular
XRPUSDT,2025-11-21 16:00:00.001,0.0001,1.91000000,Regular
XRPUSDT,2025-11-22 00:00:00.004,6.16e-06,1.95010941,Regular
XRPUSDT,2025-11-22 08:00:00.000,5.404e-05,1.95200000,Regular
XRPUSDT,2025-11-22 16:00:00.000,-1.413e-05,1.92830000,Regular
XRPUSDT,2025-11-23 00:00:00.000,5.36e-05,1.94980381,Regular
XRPUSDT,2025-11-23 08:00:00.008,-1.3e-07,2.02564471,Regular
XRPUSDT,2025-11-23 16:00:00.003,-8.027e-05,2.06134605,Regular
XRPUSDT,2025-11-24 00:00:00.004,-9.291e-05,2.04776617,Regular
XRPUSDT,2025-11-24 08:00:00.000,-3.225e-05,2.06204228,Regular
XRPUSDT,2025-11-24 16:00:00.006,4.41e-05,2.08988204,Regular
XRPUSDT,2025-11-25 00:00:00.000,7.267e-05,2.22710000,Regular
XRPUSDT,2025-11-25 08:00:00.009,2.636e-05,2.21580000,Regular
XRPUSDT,2025-11-25 16:00:00.007,-4.655e-05,2.18740000,Regular
XRPUSDT,2025-11-26 00:00:00.001,-5.61e-06,2.20131961,Regular
XRPUSDT,2025-11-26 08:00:00.001,1.773e-05,2.20456331,Regular
XRPUSDT,2025-11-26 16:00:00.000,-8.341e-05,2.17130000,Regular
XRPUSDT,2025-11-27 00:00:00.013,3.353e-05,2.22200000,Regular
XRPUSDT,2025-11-27 08:00:00.000,5.416e-05,2.20370000,Regular
XRPUSDT,2025-11-27 16:00:00.004,-8.996e-05,2.20148456,Regular
XRPUSDT,2025-11-28 00:00:00.008,7.361e-05,2.19890000,Regular
XRPUSDT,2025-11-28 08:00:00.000,5.779e-05,2.19586820,Regular
XRPUSDT,2025-11-28 16:00:00.008,-2.537e-05,2.24450000,Regular
XRPUSDT,2025-11-29 00:00:00.000,-8.432e-05,2.17827919,Regular
XRPUSDT,2025-11-29 08:00:00.005,-9.432e-05,2.17850000,Regular
XRPUSDT,2025-11-29 16:00:00.001,8.636e-05,2.21760022,Regular
XRPUSDT,2025-11-30 00:00:00.003,7.76e-05,2.19983218,Regular
XRPUSDT,2025-11-30 08:00:00.000,6.22e-06,2.19822452,Regular
XRPUSDT,2025-11-30 16:00:00.004,-0.00014202,2.19550000,Regular
XRPUSDT,2025-12-01 00:00:00.000,-0.00011064,2.15370000,Regular
XRPUSDT,2025-12-01 08:00:00.004,-2.72e-05,2.05503269,Regular
XRPUSDT,2025-12-01 16:00:00.000,2.226e-05,2.00640274,Regular
XRPUSDT,2025-12-02 00:00:00.004,-7.74e-06,2.02886054,Regular
XRPUSDT,2025-12-02 08:00:00.000,1.713e-05,2.01625810,Regular
XRPUSDT,2025-12-02 16:00:00.000,-8.778e-05,2.15430578,Regular
XRPUSDT,2025-12-03 00:00:00.000,0.0001,2.15253539,Regular
XRPUSDT,2025-12-03 08:00:00.000,6.47e-05,2.19088073,Regular
XRPUSDT,2025-12-03 16:00:00.005,6.376e-05,2.16814198,Regular
XRPUSDT,2025-12-04 00:00:00.012,8.002e-05,2.19659505,Regular
XRPUSDT,2025-12-04 08:00:00.000,0.0001,2.17150000,Regular
XRPUSDT,2025-12-04 16:00:00.011,1.062e-05,2.15188784,Regular
XRPUSDT,2025-12-05 00:00:00.000,-3.847e-05,2.09490000,Regular
XRPUSDT,2025-12-05 08:00:00.000,1.197e-05,2.09200000,Regular
XRPUSDT,2025-12-05 16:00:00.010,-2.411e-05,2.07532039,Regular
XRPUSDT,2025-12-06 00:00:00.001,-5.742e-05,2.03323216,Regular
XRPUSDT,2025-12-06 08:00:00.001,-5.356e-05,2.02920000,Regular
XRPUSDT,2025-12-06 16:00:00.008,-6.754e-05,2.02870000,Regular
XRPUSDT,2025-12-07 00:00:00.000,-8.124e-05,2.02980000,Regular
XRPUSDT,2025-12-07 08:00:00.004,-0.00011169,2.02981313,Regular
XRPUSDT,2025-12-07 16:00:00.000,-8.259e-05,2.05223106,Regular
XRPUSDT,2025-12-08 00:00:00.000,-5.743e-05,2.04260000,Regular
XRPUSDT,2025-12-08 08:00:00.000,8.587e-05,2.08550346,Regular
XRPUSDT,2025-12-08 16:00:00.001,0.0001,2.07500000,Regular
XRPUSDT,2025-12-09 00:00:00.001,3.594e-05,2.07114651,Regular
XRPUSDT,2025-12-09 08:00:00.001,4.795e-05,2.06000967,Regular
XRPUSDT,2025-12-09 16:00:00.007,3.113e-05,2.11480000,Regular
XRPUSDT,2025-12-10 00:00:00.007,8.123e-05,2.10500000,Regular
XRPUSDT,2025-12-10 08:00:00.002,-2.929e-05,2.08330000,Regular
XRPUSDT,2025-12-10 16:00:00.012,1.59e-06,2.06068783,Regular
XRPUSDT,2025-12-11 00:00:00.001,-1.5e-06,2.04081824,Regular
XRPUSDT,2025-12-11 08:00:00.000,-0.00014002,2.00573029,Regular
XRPUSDT,2025-12-11 16:00:00.000,-0.00011765,1.99551518,Regular
XRPUSDT,2025-12-12 00:00:00.005,-3.993e-05,2.03310000,Regular
XRPUSDT,2025-12-12 08:00:00.007,8.072e-05,2.03634083,Regular
XRPUSDT,2025-12-12 16:00:00.002,2.573e-05,1.97682769,Regular
XRPUSDT,2025-12-13 00:00:00.001,-0.0001526,2.00630000,Regular
XRPUSDT,2025-12-13 08:00:00.006,7.359e-05,2.02756109,Regular
XRPUSDT,2025-12-13 16:00:00.000,8.914e-05,2.02910000,Regular
XRPUSDT,2025-12-14 00:00:00.000,5.685e-05,2.02150000,Regular
XRPUSDT,2025-12-14 08:00:00.003,1.165e-05,2.01833069,Regular
XRPUSDT,2025-12-14 16:00:00.005,-7.39e-05,1.99000000,Regular
XRPUSDT,2025-12-15 00:00:00.000,-0.00015223,1.97687539,Regular
XRPUSDT,2025-12-15 08:00:00.000,-4.765e-05,1.99430000,Regular
XRPUSDT,2025-12-15 16:00:00.000,-0.00011362,1.92410000,Regular
XRPUSDT,2025-12-16 00:00:00.002,-0.00029486,1.89650095,Regular
XRPUSDT,2025-12-16 08:00:00.000,-9.984e-05,1.87440000,Regular
XRPUSDT,2025-12-16 16:00:00.002,-5.319e-05,1.94010000,Regular
XRPUSDT,2025-12-17 00:00:00.004,2.744e-05,1.92866028,Regular
XRPUSDT,2025-12-17 08:00:00.000,7.358e-05,1.92240000,Regular
XRPUSDT,2025-12-17 16:00:00.000,-1.781e-05,1.91010000,Regular
XRPUSDT,2025-12-18 00:00:00.005,-0.00020086,1.86130000,Regular
XRPUSDT,2025-12-18 08:00:00.007,-0.00016647,1.84030000,Regular
XRPUSDT,2025-12-18 16:00:00.001,-8.3e-06,1.91900000,Regular
XRPUSDT,2025-12-19 00:00:00.000,-9.021e-05,1.80630145,Regular
XRPUSDT,2025-12-19 08:00:00.001,6.59e-06,1.86660000,Regular
XRPUSDT,2025-12-19 16:00:00.000,9.425e-05,1.87494872,Regular
XRPUSDT,2025-12-20 00:00:00.005,-2.79e-06,1.90820000,Regular
XRPUSDT,2025-12-20 08:00:00.000,-1.461e-05,1.91311415,Regular
XRPUSDT,2025-12-20 16:00:00.002,1.653e-05,1.92032738,Regular
XRPUSDT,2025-12-21 00:00:00.000,2.141e-05,1.93230008,Regular
XRPUSDT,2025-12-21 08:00:00.009,2.436e-05,1.92446302,Regular
XRPUSDT,2025-12-21 16:00:00.000,-1.275e-05,1.90374384,Regular
XRPUSDT,2025-12-22 00:00:00.000,-8.61e-06,1.92110000,Regular
XRPUSDT,2025-12-22 08:00:00.005,4.869e-05,1.92639000,Regular
XRPUSDT,2025-12-22 16:00:00.009,9.673e-05,1.93330000,Regular
XRPUSDT,2025-12-23 00:00:00.000,-8.412e-05,1.90330000,Regular
XRPUSDT,2025-12-23 08:00:00.000,8.1e-06,1.88010000,Regular
XRPUSDT,2025-12-23 16:00:00.001,-1.748e-05,1.88060000,Regular
XRPUSDT,2025-12-24 00:00:00.001,5.386e-05,1.87250000,Regular
XRPUSDT,2025-12-24 08:00:00.001,-3.759e-05,1.85350000,Regular
XRPUSDT,2025-12-24 16:00:00.000,-8.4e-06,1.86270000,Regular
XRPUSDT,2025-12-25 00:00:00.000,7.247e-05,1.86192479,Regular
XRPUSDT,2025-12-25 08:00:00.001,6.586e-05,1.87357773,Regular
XRPUSDT,2025-12-25 16:00:00.005,-5.305e-05,1.88200000,Regular
XRPUSDT,2025-12-26 00:00:00.004,-9.789e-05,1.83150000,Regular
XRPUSDT,2025-12-26 08:00:00.001,6.872e-05,1.86350000,Regular
XRPUSDT,2025-12-26 16:00:00.007,1.56e-06,1.83620000,Regular
XRPUSDT,2025-12-27 00:00:00.000,-5.694e-05,1.84281724,Regular
XRPUSDT,2025-12-27 08:00:00.000,2.064e-05,1.84670000,Regular
XRPUSDT,2025-12-27 16:00:00.011,-5.4e-07,1.84869041,Regular
XRPUSDT,2025-12-28 00:00:00.008,8.377e-05,1.87261142,Regular
XRPUSDT,2025-12-28 08:00:00.000,0.0001,1.87282046,Regular
XRPUSDT,2025-12-28 16:00:00.000,7.866e-05,1.86920000,Regular
XRPUSDT,2025-12-29 00:00:00.016,2.448e-05,1.86450000,Regular
XRPUSDT,2025-12-29 08:00:00.001,0.0001,1.90020000,Regular
XRPUSDT,2025-12-29 16:00:00.000,-4.627e-05,1.86430000,Regular
XRPUSDT,2025-12-30 00:00:00.005,-0.00014646,1.84940613,Regular
XRPUSDT,2025-12-30 08:00:00.001,-0.0001363,1.85924299,Regular
XRPUSDT,2025-12-30 16:00:00.003,-3.594e-05,1.87680000,Regular
XRPUSDT,2025-12-31 00:00:00.004,3.59e-06,1.87651153,Regular
XRPUSDT,2025-12-31 08:00:00.001,3.325e-05,1.87170214,Regular
XRPUSDT,2025-12-31 16:00:00.001,8.036e-05,1.85840000,Regular
XRPUSDT,2026-01-01 00:00:00.008,-0.00019048,1.84100000,Regular
XRPUSDT,2026-01-01 08:00:00.002,-8.191e-05,1.84113351,Regular
XRPUSDT,2026-01-01 16:00:00.001,-4.707e-05,1.86187628,Regular
XRPUSDT,2026-01-02 00:00:00.006,8.143e-05,1.87913027,Regular
XRPUSDT,2026-01-02 08:00:00.007,0.0001,1.87130000,Regular
XRPUSDT,2026-01-02 16:00:00.000,0.0001,1.91770000,Regular
XRPUSDT,2026-01-03 00:00:00.001,0.0001,2.00610000,Regular
XRPUSDT,2026-01-03 08:00:00.000,6.927e-05,1.99340000,Regular
XRPUSDT,2026-01-03 16:00:00.000,5.829e-05,2.00550000,Regular
XRPUSDT,2026-01-04 00:00:00.000,5.24e-05,2.01707433,Regular
XRPUSDT,2026-01-04 08:00:00.000,-3.229e-05,2.07112055,Regular
XRPUSDT,2026-01-04 16:00:00.001,4.315e-05,2.08950327,Regular
XRPUSDT,2026-01-05 00:00:00.000,7.724e-05,2.08966529,Regular
XRPUSDT,2026-01-05 08:00:00.000,3.19e-06,2.13300000,Regular
XRPUSDT,2026-01-05 16:00:00.000,1.898e-05,2.16444675,Regular
XRPUSDT,2026-01-06 00:00:00.010,0.0001,2.34716959,Regular
XRPUSDT,2026-01-06 08:00:00.000,0.0001,2.32970000,Regular
XRPUSDT,2026-01-06 16:00:00.000,5.321e-05,2.34810000,Regular
XRPUSDT,2026-01-07 00:00:00.001,-1.161e-05,2.30290000,Regular
XRPUSDT,2026-01-07 08:00:00.001,0.0001,2.27952726,Regular
XRPUSDT,2026-01-07 16:00:00.001,9.874e-05,2.19463906,Regular
XRPUSDT,2026-01-08 00:00:00.001,9.594e-05,2.16490000,Regular
XRPUSDT,2026-01-08 08:00:00.000,6.856e-05,2.11840000,Regular
XRPUSDT,2026-01-08 16:00:00.000,4.946e-05,2.12562562,Regular
XRPUSDT,2026-01-09 00:00:00.003,1.079e-05,2.12210000,Regular
XRPUSDT,2026-01-09 08:00:00.000,-1.774e-05,2.11910000,Regular
XRPUSDT,2026-01-09 16:00:00.001,2.423e-05,2.11690000,Regular
XRPUSDT,2026-01-10 00:00:00.000,-6.206e-05,2.09467174,Regular
XRPUSDT,2026-01-10 08:00:00.002,-7.87e-06,2.09937527,Regular
XRPUSDT,2026-01-10 16:00:00.001,-5.045e-05,2.09190000,Regular
XRPUSDT,2026-01-11 00:00:00.003,-2.01e-05,2.08970000,Regular
XRPUSDT,2026-01-11 08:00:00.006,-1.02e-05,2.09148194,Regular
XRPUSDT,2026-01-11 16:00:00.000,-4.528e-05,2.08810000,Regular
XRPUSDT,2026-01-12 00:00:00.005,-0.00011215,2.07324925,Regular
XRPUSDT,2026-01-12 08:00:00.000,-2.5e-07,2.05250000,Regular
XRPUSDT,2026-01-12 16:00:00.000,-2.755e-05,2.09319297,Regular
XRPUSDT,2026-01-13 00:00:00.007,-1.626e-05,2.05270000,Regular
XRPUSDT,2026-01-13 08:00:00.009,7.547e-05,2.05280000,Regular
XRPUSDT,2026-01-13 16:00:00.002,-3.913e-05,2.09750000,Regular
XRPUSDT,2026-01-14 00:00:00.000,8.276e-05,2.16460000,Regular
XRPUSDT,2026-01-14 08:00:00.001,0.0001,2.14772311,Regular
XRPUSDT,2026-01-14 16:00:00.004,9.069e-05,2.15495104,Regular
XRPUSDT,2026-01-15 00:00:00.000,9.679e-05,2.13840000,Regular
XRPUSDT,2026-01-15 08:00:00.004,4.919e-05,2.10030000,Regular
XRPUSDT,2026-01-15 16:00:00.002,-1.053e-05,2.09560000,Regular
XRPUSDT,2026-01-16 00:00:00.000,-4.425e-05,2.07757008,Regular
XRPUSDT,2026-01-16 08:00:00.000,-2.426e-05,2.07240000,Regular
XRPUSDT,2026-01-16 16:00:00.001,-9.236e-05,2.03105416,Regular
XRPUSDT,2026-01-17 00:00:00.000,9.594e-05,2.06690000,Regular
XRPUSDT,2026-01-17 08:00:00.000,6.467e-05,2.05710000,Regular
XRPUSDT,2026-01-17 16:00:00.002,-1.682e-05,2.08060000,Regular
XRPUSDT,2026-01-18 00:00:00.001,8.459e-05,2.06231170,Regular
XRPUSDT,2026-01-18 08:00:00.000,-3.204e-05,2.05108461,Regular
XRPUSDT,2026-01-18 16:00:00.000,-7.887e-05,2.04950195,Regular
XRPUSDT,2026-01-19 00:00:00.007,-9.26e-06,1.99040000,Regular
XRPUSDT,2026-01-19 08:00:00.007,-0.00012712,1.96199959,Regular
XRPUSDT,2026-01-19 16:00:00.007,-3.754e-05,1.98046566,Regular
XRPUSDT,2026-01-20 00:00:00.005,0.0001,1.98510000,Regular
XRPUSDT,2026-01-20 08:00:00.001,6.601e-05,1.94840000,Regular
XRPUSDT,2026-01-20 16:00:00.009,4.764e-05,1.91648764,Regular
XRPUSDT,2026-01-21 00:00:00.001,-1.024e-05,1.88890000,Regular
XRPUSDT,2026-01-21 08:00:00.011,-8.942e-05,1.90915371,Regular
XRPUSDT,2026-01-21 16:00:00.011,7.879e-05,1.95690000,Regular
XRPUSDT,2026-01-22 00:00:00.010,4.179e-05,1.94667258,Regular
XRPUSDT,2026-01-22 08:00:00.003,5.621e-05,1.94692298,Regular
XRPUSDT,2026-01-22 16:00:00.005,2.02e-05,1.91381555,Regular
XRPUSDT,2026-01-23 00:00:00.005,-2.589e-05,1.92268051,Regular
XRPUSDT,2026-01-23 08:00:00.000,6.471e-05,1.91358652,Regular
XRPUSDT,2026-01-23 16:00:00.011,2.999e-05,1.92050000,Regular
XRPUSDT,2026-01-24 00:00:00.011,5.1e-06,1.91870635,Regular
XRPUSDT,2026-01-24 08:00:00.002,1.217e-05,1.91790000,Regular
XRPUSDT,2026-01-24 16:00:00.001,-1.266e-05,1.91191036,Regular
XRPUSDT,2026-01-25 00:00:00.002,3.152e-05,1.91352343,Regular
XRPUSDT,2026-01-25 08:00:00.011,2.253e-05,1.89380973,Regular
XRPUSDT,2026-01-25 16:00:00.005,-2.867e-05,1.88660000,Regular
XRPUSDT,2026-01-26 00:00:00.000,-0.00014795,1.83453362,Regular
XRPUSDT,2026-01-26 08:00:00.003,3.548e-05,1.88100000,Regular
XRPUSDT,2026-01-26 16:00:00.000,7.123e-05,1.92450000,Regular
XRPUSDT,2026-01-27 00:00:00.002,4.54e-05,1.90310000,Regular
XRPUSDT,2026-01-27 08:00:00.000,-1.12e-05,1.89870459,Regular
XRPUSDT,2026-01-27 16:00:00.000,4.102e-05,1.89249372,Regular
XRPUSDT,2026-01-28 00:00:00.000,9.479e-05,1.91480000,Regular
XRPUSDT,2026-01-28 08:00:00.000,6.354e-05,1.91520189,Regular
XRPUSDT,2026-01-28 16:00:00.000,3.167e-05,1.90660000,Regular
XRPUSDT,2026-01-29 00:00:00.000,7.856e-05,1.91040000,Regular
XRPUSDT,2026-01-29 08:00:00.009,-6.296e-05,1.88468369,Regular
XRPUSDT,2026-01-29 16:00:00.000,-8.506e-05,1.80016432,Regular
XRPUSDT,2026-01-30 00:00:00.008,-0.00012739,1.80663062,Regular
XRPUSDT,2026-01-30 08:00:00.000,-0.00013698,1.75805586,Regular
XRPUSDT,2026-01-30 16:00:00.001,-6.349e-05,1.75750000,Regular
XRPUSDT,2026-01-31 00:00:00.000,-0.0001881,1.73370000,Regular
XRPUSDT,2026-01-31 08:00:00.001,-0.00016098,1.71844246,Regular
XRPUSDT,2026-01-31 16:00:00.009,-5.15e-06,1.63420000,Regular
XRPUSDT,2026-02-01 00:00:00.001,-0.00014917,1.64600138,Regular
XRPUSDT,2026-02-01 08:00:00.004,-4.784e-05,1.65850000,Regular
XRPUSDT,2026-02-01 16:00:00.000,6.109e-05,1.59420000,Regular
XRPUSDT,2026-02-02 00:00:00.000,-3.803e-05,1.59010000,Regular
XRPUSDT,2026-02-02 08:00:00.014,4.967e-05,1.57880000,Regular
XRPUSDT,2026-02-02 16:00:00.000,-1.124e-05,1.64172964,Regular
XRPUSDT,2026-02-03 00:00:00.000,-1.741e-05,1.61890000,Regular
XRPUSDT,2026-02-03 08:00:00.007,-5.456e-05,1.61650000,Regular
XRPUSDT,2026-02-03 16:00:00.000,-3.65e-05,1.61760000,Regular
XRPUSDT,2026-02-04 00:00:00.002,6.105e-05,1.57822060,Regular
XRPUSDT,2026-02-04 08:00:00.007,4.654e-05,1.60450000,Regular
XRPUSDT,2026-02-04 16:00:00.000,-2.569e-05,1.54290000,Regular
XRPUSDT,2026-02-05 00:00:00.011,-8.43e-05,1.51120000,Regular
XRPUSDT,2026-02-05 08:00:00.000,7.951e-05,1.43163325,Regular
XRPUSDT,2026-02-05 16:00:00.007,-3.75e-05,1.29590000,Regular
XRPUSDT,2026-02-06 00:00:00.000,-0.00014808,1.21420206,Regular
XRPUSDT,2026-02-06 08:00:00.001,-0.00033516,1.29130000,Regular
XRPUSDT,2026-02-06 16:00:00.000,-0.00044229,1.51150000,Regular
XRPUSDT,2026-02-07 00:00:00.003,-0.00014133,1.46840000,Regular
XRPUSDT,2026-02-07 08:00:00.000,-5.299e-05,1.41317077,Regular
XRPUSDT,2026-02-07 16:00:00.010,1.112e-05,1.40982545,Regular
XRPUSDT,2026-02-08 00:00:00.003,-6.23e-05,1.42250000,Regular
XRPUSDT,2026-02-08 08:00:00.000,-8.736e-05,1.42032640,Regular
XRPUSDT,2026-02-08 16:00:00.000,-0.00023346,1.43908508,Regular
XRPUSDT,2026-02-09 00:00:00.002,-0.00011388,1.43015139,Regular
XRPUSDT,2026-02-09 08:00:00.001,-9.458e-05,1.42440000,Regular
XRPUSDT,2026-02-09 16:00:00.007,-1.156e-05,1.44553153,Regular
XRPUSDT,2026-02-10 00:00:00.000,-9.454e-05,1.43630000,Regular
XRPUSDT,2026-02-10 08:00:00.007,-2.408e-05,1.42120000,Regular
XRPUSDT,2026-02-10 16:00:00.000,-0.00025661,1.40610000,Regular
XRPUSDT,2026-02-11 00:00:00.000,-0.00016053,1.39887555,Regular
XRPUSDT,2026-02-11 08:00:00.006,-6.033e-05,1.36631164,Regular
XRPUSDT,2026-02-11 16:00:00.000,-3.453e-05,1.35350000,Regular
XRPUSDT,2026-02-12 00:00:00.000,2.632e-05,1.36931106,Regular
XRPUSDT,2026-02-12 08:00:00.001,-2.52e-06,1.38142581,Regular
XRPUSDT,2026-02-12 16:00:00.001,-7.909e-05,1.37493163,Regular
XRPUSDT,2026-02-13 00:00:00.007,-8.639e-05,1.36273269,Regular
XRPUSDT,2026-02-13 08:00:00.003,-8.61e-06,1.35320000,Regular
XRPUSDT,2026-02-13 16:00:00.005,-6.15e-06,1.40380000,Regular
XRPUSDT,2026-02-14 00:00:00.002,-3.51e-06,1.40644785,Regular
XRPUSDT,2026-02-14 08:00:00.004,-3.223e-05,1.42150000,Regular
XRPUSDT,2026-02-14 16:00:00.002,-0.00011636,1.46820000,Regular
XRPUSDT,2026-02-15 00:00:00.000,-0.00015613,1.50820000,Regular
XRPUSDT,2026-02-15 08:00:00.002,-0.00017162,1.64860956,Regular
XRPUSDT,2026-02-15 16:00:00.000,3.244e-05,1.52260000,Regular
XRPUSDT,2026-02-16 00:00:00.001,-0.00010395,1.47420000,Regular
XRPUSDT,2026-02-16 08:00:00.003,-0.00013289,1.46032048,Regular
XRPUSDT,2026-02-16 16:00:00.000,-0.00017467,1.47340000,Regular
XRPUSDT,2026-02-17 00:00:00.008,-3.147e-05,1.48650000,Regular
XRPUSDT,2026-02-17 08:00:00.001,-0.00016961,1.47210000,Regular
XRPUSDT,2026-02-17 16:00:00.002,1.898e-05,1.45650000,Regular
XRPUSDT,2026-02-18 00:00:00.000,7.8e-07,1.47320000,Regular
XRPUSDT,2026-02-18 08:00:00.000,2.25e-05,1.48620000,Regular
XRPUSDT,2026-02-18 16:00:00.011,-6.561e-05,1.47588636,Regular
XRPUSDT,2026-02-19 00:00:00.013,-2.326e-05,1.42110000,Regular
XRPUSDT,2026-02-19 08:00:00.000,-4.123e-05,1.43194744,Regular
XRPUSDT,2026-02-19 16:00:00.003,5.176e-05,1.39688318,Regular
XRPUSDT,2026-02-20 00:00:00.000,2.745e-05,1.40600000,Regular
XRPUSDT,2026-02-20 08:00:00.000,-6.986e-05,1.41879017,Regular
XRPUSDT,2026-02-20 16:00:00.000,-7.59e-05,1.42841979,Regular
XRPUSDT,2026-02-21 00:00:00.004,4.577e-05,1.42836505,Regular
XRPUSDT,2026-02-21 08:00:00.000,1.049e-05,1.43040000,Regular
XRPUSDT,2026-02-21 16:00:00.005,-2.963e-05,1.44910000,Regular
XRPUSDT,2026-02-22 00:00:00.001,-5.915e-05,1.42983939,Regular
XRPUSDT,2026-02-22 08:00:00.004,-4.324e-05,1.42040000,Regular
XRPUSDT,2026-02-22 16:00:00.000,-0.00012333,1.39248815,Regular
XRPUSDT,2026-02-23 00:00:00.001,-0.00020927,1.39230000,Regular
XRPUSDT,2026-02-23 08:00:00.000,-0.00021254,1.37040000,Regular
XRPUSDT,2026-02-23 16:00:00.000,5.582e-05,1.37044822,Regular
XRPUSDT,2026-02-24 00:00:00.007,-3.328e-05,1.35110000,Regular
XRPUSDT,2026-02-24 08:00:00.000,-0.00013612,1.32590000,Regular
XRPUSDT,2026-02-24 16:00:00.001,-8.171e-05,1.35072828,Regular
XRPUSDT,2026-02-25 00:00:00.001,8.326e-05,1.34780193,Regular
XRPUSDT,2026-02-25 08:00:00.007,-3.419e-05,1.36510000,Regular
XRPUSDT,2026-02-25 16:00:00.000,1.954e-05,1.44073737,Regular
XRPUSDT,2026-02-26 00:00:00.000,0.0001,1.43333469,Regular
XRPUSDT,2026-02-26 08:00:00.006,-1.3e-05,1.43350000,Regular
XRPUSDT,2026-02-26 16:00:00.002,2.173e-05,1.42060000,Regular
XRPUSDT,2026-02-27 00:00:00.007,-5.385e-05,1.40164248,Regular
XRPUSDT,2026-02-27 08:00:00.000,-2.657e-05,1.41610000,Regular
XRPUSDT,2026-02-27 16:00:00.001,-0.00015959,1.35594533,Regular
XRPUSDT,2026-02-28 00:00:00.000,-0.00021992,1.35511074,Regular
XRPUSDT,2026-02-28 08:00:00.000,-0.00020446,1.30207924,Regular
XRPUSDT,2026-02-28 16:00:00.004,-0.00021653,1.32316184,Regular
XRPUSDT,2026-03-01 00:00:00.005,-0.00013135,1.37557232,Regular
XRPUSDT,2026-03-01 08:00:00.000,5.472e-05,1.39710000,Regular
XRPUSDT,2026-03-01 16:00:00.002,-3.737e-05,1.37790000,Regular
XRPUSDT,2026-03-02 00:00:00.001,-1.98e-05,1.35180000,Regular
XRPUSDT,2026-03-02 08:00:00.007,-1.595e-05,1.34630000,Regular
XRPUSDT,2026-03-02 16:00:00.000,-4.485e-05,1.39984994,Regular
XRPUSDT,2026-03-03 00:00:00.000,2.442e-05,1.38953832,Regular
XRPUSDT,2026-03-03 08:00:00.000,-2.964e-05,1.36290000,Regular
XRPUSDT,2026-03-03 16:00:00.007,-0.0001756,1.36396133,Regular
XRPUSDT,2026-03-04 00:00:00.001,3.719e-05,1.36002618,Regular
XRPUSDT,2026-03-04 08:00:00.005,-1.946e-05,1.37448894,Regular
XRPUSDT,2026-03-04 16:00:00.000,4.778e-05,1.46220000,Regular
XRPUSDT,2026-03-05 00:00:00.000,0.0001,1.43040238,Regular
XRPUSDT,2026-03-05 08:00:00.000,-2.01e-05,1.41220000,Regular
XRPUSDT,2026-03-05 16:00:00.004,-2.715e-05,1.41610000,Regular
XRPUSDT,2026-03-06 00:00:00.001,4.685e-05,1.40286782,Regular
XRPUSDT,2026-03-06 08:00:00.001,-3.398e-05,1.40690000,Regular
XRPUSDT,2026-03-06 16:00:00.004,-0.00012629,1.35525048,Regular
XRPUSDT,2026-03-07 00:00:00.001,-0.00015399,1.36259449,Regular
XRPUSDT,2026-03-07 08:00:00.012,-8.882e-05,1.36630000,Regular
XRPUSDT,2026-03-07 16:00:00.001,-0.00013883,1.35621755,Regular
XRPUSDT,2026-03-08 00:00:00.001,-0.00014122,1.35595228,Regular
XRPUSDT,2026-03-08 08:00:00.000,-0.00016475,1.35943008,Regular
XRPUSDT,2026-03-08 16:00:00.002,-0.00018592,1.34472718,Regular
XRPUSDT,2026-03-09 00:00:00.000,-0.00014421,1.33934561,Regular
XRPUSDT,2026-03-09 08:00:00.004,-0.00013655,1.33963362,Regular
XRPUSDT,2026-03-09 16:00:00.003,-3.775e-05,1.35953253,Regular
XRPUSDT,2026-03-10 00:00:00.012,-4.4e-07,1.36218944,Regular
XRPUSDT,2026-03-10 08:00:00.002,2.127e-05,1.38680000,Regular
XRPUSDT,2026-03-10 16:00:00.001,1.775e-05,1.43049545,Regular
XRPUSDT,2026-03-11 00:00:00.000,-6.9e-05,1.38560000,Regular
XRPUSDT,2026-03-11 08:00:00.007,-8.439e-05,1.37790000,Regular
XRPUSDT,2026-03-11 16:00:00.010,-3.675e-05,1.38180000,Regular
XRPUSDT,2026-03-12 00:00:00.000,-1.186e-05,1.38392110,Regular
XRPUSDT,2026-03-12 08:00:00.000,-0.00021619,1.37550000,Regular
XRPUSDT,2026-03-12 16:00:00.000,-1.613e-05,1.37851195,Regular
XRPUSDT,2026-03-13 00:00:00.006,-1.574e-05,1.38406525,Regular
XRPUSDT,2026-03-13 08:00:00.001,0.0001,1.41475934,Regular
XRPUSDT,2026-03-13 16:00:00.000,9.512e-05,1.40820000,Regular
XRPUSDT,2026-03-14 00:00:00.001,-3.777e-05,1.39814460,Regular
XRPUSDT,2026-03-14 08:00:00.000,-4.684e-05,1.39350000,Regular
XRPUSDT,2026-03-14 16:00:00.007,-8.856e-05,1.38949373,Regular
XRPUSDT,2026-03-15 00:00:00.000,-9.162e-05,1.40560000,Regular
XRPUSDT,2026-03-15 08:00:00.000,3.192e-05,1.40700000,Regular
XRPUSDT,2026-03-15 16:00:00.000,8.806e-05,1.41500000,Regular
XRPUSDT,2026-03-16 00:00:00.000,9.386e-05,1.44851544,Regular
XRPUSDT,2026-03-16 08:00:00.010,0.0001,1.48230390,Regular
XRPUSDT,2026-03-16 16:00:00.000,8.1e-07,1.49240000,Regular
XRPUSDT,2026-03-17 00:00:00.000,3.052e-05,1.54213789,Regular
XRPUSDT,2026-03-17 08:00:00.002,6.496e-05,1.52920000,Regular
XRPUSDT,2026-03-17 16:00:00.011,-3.703e-05,1.51271044,Regular
XRPUSDT,2026-03-18 00:00:00.002,1.516e-05,1.51768199,Regular
XRPUSDT,2026-03-18 08:00:00.002,-1.504e-05,1.51918009,Regular
XRPUSDT,2026-03-18 16:00:00.005,-2.566e-05,1.44029461,Regular
XRPUSDT,2026-03-19 00:00:00.000,-6.332e-05,1.46400000,Regular
XRPUSDT,2026-03-19 08:00:00.003,8.54e-05,1.46087644,Regular
XRPUSDT,2026-03-19 16:00:00.003,0.0001,1.43110000,Regular
XRPUSDT,2026-03-20 00:00:00.002,-4.789e-05,1.44690000,Regular
XRPUSDT,2026-03-20 08:00:00.000,-3.629e-05,1.45380000,Regular
XRPUSDT,2026-03-20 16:00:00.000,-3.11e-05,1.43671930,Regular
XRPUSDT,2026-03-21 00:00:00.000,2.181e-05,1.44450000,Regular
XRPUSDT,2026-03-21 08:00:00.000,4.19e-06,1.44330000,Regular
XRPUSDT,2026-03-21 16:00:00.014,-4.751e-05,1.43733676,Regular
XRPUSDT,2026-03-22 00:00:00.012,-9.004e-05,1.40808564,Regular
XRPUSDT,2026-03-22 08:00:00.007,-3.671e-05,1.40270000,Regular
XRPUSDT,2026-03-22 16:00:00.002,-4.342e-05,1.39200000,Regular
XRPUSDT,2026-03-23 00:00:00.000,3.651e-05,1.38410000,Regular
XRPUSDT,2026-03-23 08:00:00.003,5.738e-05,1.37190000,Regular
XRPUSDT,2026-03-23 16:00:00.002,-4.575e-05,1.43085224,Regular
XRPUSDT,2026-03-24 00:00:00.000,6.649e-05,1.43160000,Regular
XRPUSDT,2026-03-24 08:00:00.000,1.359e-05,1.43069790,Regular
XRPUSDT,2026-03-24 16:00:00.003,-9.75e-05,1.40015060,Regular
XRPUSDT,2026-03-25 00:00:00.000,-9.143e-05,1.41502791,Regular
XRPUSDT,2026-03-25 08:00:00.000,3.239e-05,1.41930000,Regular
XRPUSDT,2026-03-25 16:00:00.013,-2.97e-05,1.40660000,Regular
XRPUSDT,2026-03-26 00:00:00.001,-5.926e-05,1.41382861,Regular
XRPUSDT,2026-03-26 08:00:00.001,-0.0001033,1.38490000,Regular
XRPUSDT,2026-03-26 16:00:00.000,-0.00014672,1.35980000,Regular
XRPUSDT,2026-03-27 00:00:00.006,-0.00017883,1.36008873,Regular
XRPUSDT,2026-03-27 08:00:00.000,-5.512e-05,1.35828487,Regular
XRPUSDT,2026-03-27 16:00:00.000,-2.744e-05,1.33473951,Regular
XRPUSDT,2026-03-28 00:00:00.005,-0.0001437,1.32500000,Regular
XRPUSDT,2026-03-28 08:00:00.005,-3.716e-05,1.34030000,Regular
XRPUSDT,2026-03-28 16:00:00.000,-2.087e-05,1.35260000,Regular
XRPUSDT,2026-03-29 00:00:00.003,-1.468e-05,1.33270000,Regular
XRPUSDT,2026-03-29 08:00:00.001,-4.356e-05,1.33340000,Regular
XRPUSDT,2026-03-29 16:00:00.000,-7.969e-05,1.32490000,Regular
XRPUSDT,2026-03-30 00:00:00.000,-0.00014246,1.32690000,Regular
XRPUSDT,2026-03-30 08:00:00.005,5.188e-05,1.35770000,Regular
XRPUSDT,2026-03-30 16:00:00.000,5.111e-05,1.34486059,Regular
XRPUSDT,2026-03-31 00:00:00.000,-7.915e-05,1.32350000,Regular
XRPUSDT,2026-03-31 08:00:00.000,-0.00011484,1.31870000,Regular
XRPUSDT,2026-03-31 16:00:00.000,-5.62e-06,1.31460000,Regular
XRPUSDT,2026-04-01 00:00:00.000,5.545e-05,1.34040000,Regular
XRPUSDT,2026-04-01 08:00:00.000,4.44e-05,1.35610000,Regular
XRPUSDT,2026-04-01 16:00:00.000,9.84e-05,1.35684020,Regular
XRPUSDT,2026-04-02 00:00:00.003,5.733e-05,1.34712341,Regular
XRPUSDT,2026-04-02 08:00:00.001,-0.00011367,1.31672484,Regular
XRPUSDT,2026-04-02 16:00:00.001,-0.00028988,1.29900000,Regular
XRPUSDT,2026-04-03 00:00:00.000,-4.73e-05,1.31921497,Regular
XRPUSDT,2026-04-03 08:00:00.008,3.834e-05,1.31811980,Regular
XRPUSDT,2026-04-03 16:00:00.008,1.667e-05,1.31798768,Regular
XRPUSDT,2026-04-04 00:00:00.000,3.096e-05,1.31770000,Regular
XRPUSDT,2026-04-04 08:00:00.003,-2.703e-05,1.31528673,Regular
XRPUSDT,2026-04-04 16:00:00.000,-0.00013852,1.31200000,Regular
XRPUSDT,2026-04-05 00:00:00.008,-0.00011222,1.31460000,Regular
XRPUSDT,2026-04-05 08:00:00.000,-0.00013713,1.29693546,Regular
XRPUSDT,2026-04-05 16:00:00.001,-0.00015618,1.29588647,Regular
XRPUSDT,2026-04-06 00:00:00.004,-4.9e-06,1.32590000,Regular
XRPUSDT,2026-04-06 08:00:00.001,9.899e-05,1.34370000,Regular
XRPUSDT,2026-04-06 16:00:00.003,5.513e-05,1.34980000,Regular
XRPUSDT,2026-04-07 00:00:00.000,2.731e-05,1.32025984,Regular
XRPUSDT,2026-04-07 08:00:00.000,-2.276e-05,1.31197631,Regular
XRPUSDT,2026-04-07 16:00:00.000,-8.267e-05,1.29680000,Regular
XRPUSDT,2026-04-08 00:00:00.000,7.749e-05,1.37820000,Regular
XRPUSDT,2026-04-08 08:00:00.000,0.0001,1.37940000,Regular
XRPUSDT,2026-04-08 16:00:00.006,7.67e-05,1.35440000,Regular
XRPUSDT,2026-04-09 00:00:00.000,3.335e-05,1.34198348,Regular
XRPUSDT,2026-04-09 08:00:00.010,-6.979e-05,1.33113464,Regular
XRPUSDT,2026-04-09 16:00:00.001,-7.182e-05,1.35160000,Regular
XRPUSDT,2026-04-10 00:00:00.000,6.357e-05,1.34306486,Regular
XRPUSDT,2026-04-10 08:00:00.005,3.36e-05,1.33650000,Regular
XRPUSDT,2026-04-10 16:00:00.000,2.35e-06,1.34730747,Regular
XRPUSDT,2026-04-11 00:00:00.000,8.244e-05,1.35526766,Regular
XRPUSDT,2026-04-11 08:00:00.000,-2.237e-05,1.34570000,Regular
XRPUSDT,2026-04-11 16:00:00.003,-7.897e-05,1.34514122,Regular
XRPUSDT,2026-04-12 00:00:00.000,7.4e-05,1.35390000,Regular
XRPUSDT,2026-04-12 08:00:00.000,-0.00011753,1.32872964,Regular
XRPUSDT,2026-04-12 16:00:00.000,-0.0001065,1.32310000,Regular
XRPUSDT,2026-04-13 00:00:00.011,-7.301e-05,1.32390000,Regular
XRPUSDT,2026-04-13 08:00:00.006,2.82e-05,1.32480000,Regular
XRPUSDT,2026-04-13 16:00:00.000,6.98e-05,1.33390000,Regular
XRPUSDT,2026-04-14 00:00:00.005,0.0001,1.37530000,Regular
XRPUSDT,2026-04-14 08:00:00.003,9.735e-05,1.36780000,Regular
XRPUSDT,2026-04-14 16:00:00.001,2.645e-05,1.37384770,Regular
XRPUSDT,2026-04-15 00:00:00.000,4.03e-06,1.36095686,Regular
XRPUSDT,2026-04-15 08:00:00.000,-1.847e-05,1.35140000,Regular
XRPUSDT,2026-04-15 16:00:00.000,7.012e-05,1.37280000,Regular
XRPUSDT,2026-04-16 00:00:00.013,0.0001,1.39160000,Regular
XRPUSDT,2026-04-16 08:00:00.000,4.5e-07,1.40525104,Regular
XRPUSDT,2026-04-16 16:00:00.000,1.473e-05,1.42860000,Regular
XRPUSDT,2026-04-17 00:00:00.001,3.109e-05,1.45222638,Regular
XRPUSDT,2026-04-17 08:00:00.011,2.322e-05,1.43660000,Regular
XRPUSDT,2026-04-17 16:00:00.001,5.621e-05,1.48530000,Regular
XRPUSDT,2026-04-18 00:00:00.001,8.126e-05,1.47521694,Regular
XRPUSDT,2026-04-18 08:00:00.006,3.202e-05,1.47334852,Regular
XRPUSDT,2026-04-18 16:00:00.000,6.2e-07,1.43517087,Regular
XRPUSDT,2026-04-19 00:00:00.002,1.62e-05,1.43150000,Regular
XRPUSDT,2026-04-19 08:00:00.010,2.645e-05,1.41930589,Regular
XRPUSDT,2026-04-19 16:00:00.001,-1.392e-05,1.43070000,Regular
XRPUSDT,2026-04-20 00:00:00.000,3.363e-05,1.39345536,Regular
XRPUSDT,2026-04-20 08:00:00.000,-4.73e-06,1.41452441,Regular
XRPUSDT,2026-04-20 16:00:00.001,-8.38e-06,1.43200000,Regular
XRPUSDT,2026-04-21 00:00:00.000,-4.44e-06,1.42360000,Regular
XRPUSDT,2026-04-21 08:00:00.004,3.948e-05,1.43860000,Regular
XRPUSDT,2026-04-21 16:00:00.004,6.143e-05,1.43180000,Regular
XRPUSDT,2026-04-22 00:00:00.004,2.449e-05,1.43250000,Regular
XRPUSDT,2026-04-22 08:00:00.000,5.667e-05,1.45370000,Regular
XRPUSDT,2026-04-22 16:00:00.000,2.052e-05,1.45585555,Regular
XRPUSDT,2026-04-23 00:00:00.000,-2.946e-05,1.42853000,Regular
XRPUSDT,2026-04-23 08:00:00.000,-7.586e-05,1.42030000,Regular
XRPUSDT,2026-04-23 16:00:00.004,-2.273e-05,1.43087522,Regular
XRPUSDT,2026-04-24 00:00:00.006,5.079e-05,1.43790000,Regular
XRPUSDT,2026-04-24 08:00:00.000,6.46e-05,1.43200000,Regular
XRPUSDT,2026-04-24 16:00:00.000,-1.854e-05,1.44713229,Regular
XRPUSDT,2026-04-25 00:00:00.000,3.891e-05,1.43250000,Regular
XRPUSDT,2026-04-25 08:00:00.002,6.95e-06,1.43280000,Regular
XRPUSDT,2026-04-25 16:00:00.002,-3.649e-05,1.42470000,Regular
XRPUSDT,2026-04-26 00:00:00.003,-7.642e-05,1.42311357,Regular
XRPUSDT,2026-04-26 08:00:00.007,-1.42e-06,1.42830063,Regular
XRPUSDT,2026-04-26 16:00:00.004,-4.286e-05,1.42850000,Regular
XRPUSDT,2026-04-27 00:00:00.004,-3.44e-06,1.43020000,Regular
XRPUSDT,2026-04-27 08:00:00.000,-2.6e-07,1.41352843,Regular
XRPUSDT,2026-04-27 16:00:00.002,-5.856e-05,1.38752467,Regular
XRPUSDT,2026-04-28 00:00:00.001,-2.145e-05,1.40000000,Regular
XRPUSDT,2026-04-28 08:00:00.000,1.494e-05,1.39230000,Regular
XRPUSDT,2026-04-28 16:00:00.004,4.477e-05,1.37446194,Regular
XRPUSDT,2026-04-29 00:00:00.006,-4.312e-05,1.37990000,Regular
XRPUSDT,2026-04-29 08:00:00.011,-1.019e-05,1.39140000,Regular
XRPUSDT,2026-04-29 16:00:00.003,-7.685e-05,1.36104494,Regular
XRPUSDT,2026-04-30 00:00:00.002,-3.226e-05,1.36850000,Regular
XRPUSDT,2026-04-30 08:00:00.000,-8.6e-07,1.37420000,Regular
XRPUSDT,2026-04-30 16:00:00.000,3.051e-05,1.36862015,Regular
XRPUSDT,2026-05-01 00:00:00.000,-2.862e-05,1.36720000,Regular
XRPUSDT,2026-05-01 08:00:00.005,1.498e-05,1.37420000,Regular
XRPUSDT,2026-05-01 16:00:00.000,8.2e-07,1.39530000,Regular
XRPUSDT,2026-05-02 00:00:00.006,2.952e-05,1.38500000,Regular
XRPUSDT,2026-05-02 08:00:00.000,-2.51e-05,1.38479561,Regular
XRPUSDT,2026-05-02 16:00:00.010,1.3e-06,1.39264825,Regular
XRPUSDT,2026-05-03 00:00:00.005,4.3e-05,1.39290000,Regular
XRPUSDT,2026-05-03 08:00:00.003,-4.992e-05,1.38530000,Regular
XRPUSDT,2026-05-03 16:00:00.000,8.31e-05,1.39510000,Regular
XRPUSDT,2026-05-04 00:00:00.000,4.396e-05,1.38702803,Regular
XRPUSDT,2026-05-04 08:00:00.000,9.652e-05,1.40996448,Regular
XRPUSDT,2026-05-04 16:00:00.003,-3.28e-05,1.39830000,Regular
XRPUSDT,2026-05-05 00:00:00.000,-1.434e-05,1.39090000,Regular
XRPUSDT,2026-05-05 08:00:00.011,5.154e-05,1.40644353,Regular
XRPUSDT,2026-05-05 16:00:00.000,7.113e-05,1.41100000,Regular
XRPUSDT,2026-05-06 00:00:00.010,6.48e-05,1.41189126,Regular
XRPUSDT,2026-05-06 08:00:00.000,4.767e-05,1.43050000,Regular
XRPUSDT,2026-05-06 16:00:00.002,-9.9e-07,1.42920266,Regular
XRPUSDT,2026-05-07 00:00:00.000,-5.233e-05,1.42414954,Regular
XRPUSDT,2026-05-07 08:00:00.000,1.6e-06,1.41910000,Regular
XRPUSDT,2026-05-07 16:00:00.004,-5.89e-05,1.38980000,Regular
XRPUSDT,2026-05-08 00:00:00.003,-2.807e-05,1.38590000,Regular
XRPUSDT,2026-05-08 08:00:00.002,-9e-06,1.38320000,Regular
XRPUSDT,2026-05-08 16:00:00.003,-3.318e-05,1.39671654,Regular
XRPUSDT,2026-05-09 00:00:00.000,7.68e-05,1.41770000,Regular
XRPUSDT,2026-05-09 08:00:00.001,8.976e-05,1.42320000,Regular
XRPUSDT,2026-05-09 16:00:00.002,7.54e-05,1.41351007,Regular
XRPUSDT,2026-05-10 00:00:00.003,1.12e-05,1.41981246,Regular
XRPUSDT,2026-05-10 08:00:00.000,3.884e-05,1.41942018,Regular
XRPUSDT,2026-05-10 16:00:00.000,6.689e-05,1.44370878,Regular
XRPUSDT,2026-05-11 00:00:00.000,0.0001,1.47280000,Regular
XRPUSDT,2026-05-11 08:00:00.000,4.703e-05,1.44900000,Regular
XRPUSDT,2026-05-11 16:00:00.000,-1.879e-05,1.48430000,Regular
XRPUSDT,2026-05-12 00:00:00.002,2.41e-05,1.47680000,Regular
XRPUSDT,2026-05-12 08:00:00.008,2.648e-05,1.46210000,Regular
XRPUSDT,2026-05-12 16:00:00.000,-2.217e-05,1.42329895,Regular
XRPUSDT,2026-05-13 00:00:00.010,1.253e-05,1.43640554,Regular
XRPUSDT,2026-05-13 08:00:00.003,0.0001,1.46180000,Regular
XRPUSDT,2026-05-13 16:00:00.001,-5.79e-05,1.41240508,Regular
XRPUSDT,2026-05-14 00:00:00.005,-5.437e-05,1.42622638,Regular
XRPUSDT,2026-05-14 08:00:00.000,7.996e-05,1.43180000,Regular
XRPUSDT,2026-05-14 16:00:00.000,0.0001,1.47209736,Regular
XRPUSDT,2026-05-15 00:00:00.000,8.567e-05,1.48450000,Regular
XRPUSDT,2026-05-15 08:00:00.016,-2.987e-05,1.46892518,Regular
XRPUSDT,2026-05-15 16:00:00.012,-6.287e-05,1.43440000,Regular
XRPUSDT,2026-05-16 00:00:00.005,1.523e-05,1.43320000,Regular
XRPUSDT,2026-05-16 08:00:00.000,-1.694e-05,1.41590000,Regular
XRPUSDT,2026-05-16 16:00:00.005,-3.918e-05,1.41370605,Regular
XRPUSDT,2026-05-17 00:00:00.000,-7.04e-06,1.41294175,Regular
XRPUSDT,2026-05-17 08:00:00.010,1.073e-05,1.41770000,Regular
XRPUSDT,2026-05-17 16:00:00.009,-3.311e-05,1.41230000,Regular
XRPUSDT,2026-05-18 00:00:00.007,-6.795e-05,1.40068024,Regular
XRPUSDT,2026-05-18 08:00:00.002,2.7e-06,1.38600000,Regular
XRPUSDT,2026-05-18 16:00:00.007,-5.319e-05,1.37580000,Regular
XRPUSDT,2026-05-19 00:00:00.001,-1.098e-05,1.38950000,Regular
XRPUSDT,2026-05-19 08:00:00.001,2.219e-05,1.38781828,Regular
XRPUSDT,2026-05-19 16:00:00.009,-7.578e-05,1.36660000,Regular
XRPUSDT,2026-05-20 00:00:00.001,-2.528e-05,1.36080000,Regular
XRPUSDT,2026-05-20 08:00:00.006,4.214e-05,1.36770000,Regular
XRPUSDT,2026-05-20 16:00:00.000,1.426e-05,1.37400000,Regular
XRPUSDT,2026-05-21 00:00:00.001,-2.074e-05,1.36650073,Regular
XRPUSDT,2026-05-21 08:00:00.000,5.825e-05,1.37543822,Regular
XRPUSDT,2026-05-21 16:00:00.000,-5.371e-05,1.36080584,Regular
XRPUSDT,2026-05-22 00:00:00.000,2.031e-05,1.37330000,Regular
XRPUSDT,2026-05-22 08:00:00.004,-6.18e-06,1.36417592,Regular
XRPUSDT,2026-05-22 16:00:00.001,-0.00010492,1.35280000,Regular
XRPUSDT,2026-05-23 00:00:00.009,-3.826e-05,1.33343691,Regular
XRPUSDT,2026-05-23 08:00:00.001,-8.488e-05,1.31133828,Regular
XRPUSDT,2026-05-23 16:00:00.003,3.59e-06,1.33511430,Regular
XRPUSDT,2026-05-24 00:00:00.011,-4.818e-05,1.35745065,Regular
XRPUSDT,2026-05-24 08:00:00.008,3.251e-05,1.35880000,Regular
XRPUSDT,2026-05-24 16:00:00.000,2.035e-05,1.34770000,Regular
XRPUSDT,2026-05-25 00:00:00.001,-5.123e-05,1.34992620,Regular
XRPUSDT,2026-05-25 08:00:00.001,5.352e-05,1.35830353,Regular
XRPUSDT,2026-05-25 16:00:00.001,8.078e-05,1.35823293,Regular
XRPUSDT,2026-05-26 00:00:00.000,-4.288e-05,1.34941578,Regular
XRPUSDT,2026-05-26 08:00:00.003,-5.634e-05,1.33990000,Regular
XRPUSDT,2026-05-26 16:00:00.000,3.317e-05,1.34420000,Regular
XRPUSDT,2026-05-27 00:00:00.000,-8.198e-05,1.32820575,Regular
XRPUSDT,2026-05-27 08:00:00.004,-6.74e-06,1.33125092,Regular
XRPUSDT,2026-05-27 16:00:00.009,4.491e-05,1.33590000,Regular
XRPUSDT,2026-05-28 00:00:00.001,1.37e-06,1.30680000,Regular
XRPUSDT,2026-05-28 08:00:00.000,-0.00011609,1.29250000,Regular
XRPUSDT,2026-05-28 16:00:00.001,-4.43e-06,1.31179351,Regular
XRPUSDT,2026-05-29 00:00:00.000,1.263e-05,1.31471617,Regular
XRPUSDT,2026-05-29 08:00:00.001,8.37e-05,1.31630000,Regular
XRPUSDT,2026-05-29 16:00:00.008,-5.3e-06,1.32212800,Regular
XRPUSDT,2026-05-30 00:00:00.000,2.343e-05,1.32904477,Regular
XRPUSDT,2026-05-30 08:00:00.001,2.733e-05,1.34220000,Regular
XRPUSDT,2026-05-30 16:00:00.000,1.78e-05,1.34176768,Regular
XRPUSDT,2026-05-31 00:00:00.000,-1.878e-05,1.34020000,Regular
XRPUSDT,2026-05-31 08:00:00.000,-3.388e-05,1.33469543,Regular
XRPUSDT,2026-05-31 16:00:00.004,9.9e-06,1.33004158,Regular
XRPUSDT,2026-06-01 00:00:00.001,4.472e-05,1.33270000,Regular
XRPUSDT,2026-06-01 08:00:00.001,0.0001,1.30294740,Regular
XRPUSDT,2026-06-01 16:00:00.000,-4.341e-05,1.28146645,Regular
XRPUSDT,2026-06-02 00:00:00.000,4.433e-05,1.29668943,Regular
XRPUSDT,2026-06-02 08:00:00.000,-1.397e-05,1.26733621,Regular
XRPUSDT,2026-06-02 16:00:00.000,-1.948e-05,1.22142435,Regular
XRPUSDT,2026-06-03 00:00:00.013,-0.00015745,1.21090000,Regular
XRPUSDT,2026-06-03 08:00:00.000,-3.378e-05,1.24272318,Regular
XRPUSDT,2026-06-03 16:00:00.001,5.197e-05,1.22460000,Regular
XRPUSDT,2026-06-04 00:00:00.009,-4.372e-05,1.20060000,Regular
XRPUSDT,2026-06-04 08:00:00.000,-1.693e-05,1.16733679,Regular
XRPUSDT,2026-06-04 16:00:00.003,-0.00013728,1.16815269,Regular
XRPUSDT,2026-06-05 00:00:00.000,-8.181e-05,1.16795789,Regular
XRPUSDT,2026-06-05 08:00:00.004,-0.00011618,1.13586936,Regular
XRPUSDT,2026-06-05 16:00:00.009,-3.183e-05,1.09940000,Regular
XRPUSDT,2026-06-06 00:00:00.000,-1.589e-05,1.09710941,Regular
XRPUSDT,2026-06-06 08:00:00.000,-5.612e-05,1.09180000,Regular
XRPUSDT,2026-06-06 16:00:00.000,-4.32e-05,1.09549306,Regular
XRPUSDT,2026-06-07 00:00:00.001,-9.526e-05,1.09280219,Regular
XRPUSDT,2026-06-07 08:00:00.000,-0.000159,1.13620000,Regular
XRPUSDT,2026-06-07 16:00:00.000,-8.572e-05,1.13331233,Regular
XRPUSDT,2026-06-08 00:00:00.000,-6.122e-05,1.15480000,Regular
XRPUSDT,2026-06-08 08:00:00.005,-1.982e-05,1.14730000,Regular
XRPUSDT,2026-06-08 16:00:00.004,-3.083e-05,1.17040000,Regular
XRPUSDT,2026-06-09 00:00:00.000,-6.45e-05,1.16770000,Regular
XRPUSDT,2026-06-09 08:00:00.000,1.759e-05,1.17080000,Regular
XRPUSDT,2026-06-09 16:00:00.001,-8.077e-05,1.12720000,Regular
XRPUSDT,2026-06-10 00:00:00.001,-6.35e-06,1.13673597,Regular
XRPUSDT,2026-06-10 08:00:00.011,1.337e-05,1.11610000,Regular
XRPUSDT,2026-06-10 16:00:00.009,-1.702e-05,1.12810427,Regular
XRPUSDT,2026-06-11 00:00:00.000,-7.816e-05,1.09630000,Regular
XRPUSDT,2026-06-11 08:00:00.004,-1.234e-05,1.11470000,Regular
XRPUSDT,2026-06-11 16:00:00.000,-2.752e-05,1.11250000,Regular
XRPUSDT,2026-06-12 00:00:00.000,-3.916e-05,1.14214579,Regular
XRPUSDT,2026-06-12 08:00:00.000,-3.242e-05,1.13300000,Regular
XRPUSDT,2026-06-12 16:00:00.000,5.45e-05,1.12810000,Regular
XRPUSDT,2026-06-13 00:00:00.000,-6.026e-05,1.13184954,Regular
XRPUSDT,2026-06-13 08:00:00.007,-3.36e-05,1.14111406,Regular
XRPUSDT,2026-06-13 16:00:00.002,-1.7e-05,1.15609204,Regular
XRPUSDT,2026-06-14 00:00:00.005,-4.383e-05,1.14997309,Regular
XRPUSDT,2026-06-14 08:00:00.009,-9.324e-05,1.14560000,Regular
XRPUSDT,2026-06-14 16:00:00.000,-7.574e-05,1.13423400,Regular
XRPUSDT,2026-06-15 00:00:00.013,-3.163e-05,1.18530000,Regular
XRPUSDT,2026-06-15 08:00:00.013,-4.105e-05,1.18070108,Regular
XRPUSDT,2026-06-15 16:00:00.004,-5.327e-05,1.26783689,Regular
XRPUSDT,2026-06-16 00:00:00.000,7.603e-05,1.23750143,Regular
XRPUSDT,2026-06-16 08:00:00.000,-3.878e-05,1.23480000,Regular
XRPUSDT,2026-06-16 16:00:00.001,-8.3e-06,1.20930000,Regular
XRPUSDT,2026-06-17 00:00:00.012,2.018e-05,1.21670000,Regular
XRPUSDT,2026-06-17 08:00:00.000,-1.439e-05,1.20891796,Regular
XRPUSDT,2026-06-17 16:00:00.000,-7.84e-06,1.21278418,Regular
XRPUSDT,2026-06-18 00:00:00.002,-9.61e-06,1.18617304,Regular
XRPUSDT,2026-06-18 08:00:00.000,-5.087e-05,1.17810000,Regular
XRPUSDT,2026-06-18 16:00:00.001,-1.622e-05,1.13740000,Regular
XRPUSDT,2026-06-19 00:00:00.005,6.346e-05,1.14602355,Regular
XRPUSDT,2026-06-19 08:00:00.001,4.64e-05,1.12480000,Regular
XRPUSDT,2026-06-19 16:00:00.001,-6.843e-05,1.13633341,Regular
XRPUSDT,2026-06-20 00:00:00.001,-3.917e-05,1.13517605,Regular
XRPUSDT,2026-06-20 08:00:00.000,-4.504e-05,1.14670000,Regular
XRPUSDT,2026-06-20 16:00:00.001,2.09e-06,1.14990000,Regular
XRPUSDT,2026-06-21 00:00:00.000,-8.279e-05,1.14940000,Regular
XRPUSDT,2026-06-21 08:00:00.000,-9.91e-06,1.14680000,Regular
XRPUSDT,2026-06-21 16:00:00.000,-7.16e-06,1.14914813,Regular
XRPUSDT,2026-06-22 00:00:00.000,1.89e-06,1.12430000,Regular
XRPUSDT,2026-06-22 08:00:00.000,7.29e-06,1.13685119,Regular
XRPUSDT,2026-06-22 16:00:00.002,-4.147e-05,1.13918717,Regular
XRPUSDT,2026-06-23 00:00:00.003,-0.00011229,1.12880000,Regular
XRPUSDT,2026-06-23 08:00:00.005,-1.998e-05,1.11220000,Regular
XRPUSDT,2026-06-23 16:00:00.002,-7.911e-05,1.09859356,Regular
XRPUSDT,2026-06-24 00:00:00.005,6.87e-06,1.10937887,Regular
XRPUSDT,2026-06-24 08:00:00.005,3.248e-05,1.09820000,Regular
XRPUSDT,2026-06-24 16:00:00.003,-7.712e-05,1.05784442,Regular
XRPUSDT,2026-06-25 00:00:00.000,-0.0001523,1.07291156,Regular
XRPUSDT,2026-06-25 08:00:00.000,-3.356e-05,1.08650000,Regular
XRPUSDT,2026-06-25 16:00:00.000,-0.00012131,1.03420000,Regular
XRPUSDT,2026-06-26 00:00:00.010,-9.715e-05,1.04280483,Regular
XRPUSDT,2026-06-26 08:00:00.002,-2.829e-05,1.04922887,Regular
XRPUSDT,2026-06-26 16:00:00.000,-0.00015255,1.04450000,Regular
XRPUSDT,2026-06-27 00:00:00.000,-0.00011229,1.04830000,Regular
XRPUSDT,2026-06-27 08:00:00.000,-7.705e-05,1.05960000,Regular
XRPUSDT,2026-06-27 16:00:00.009,-0.00014459,1.07456597,Regular
XRPUSDT,2026-06-28 00:00:00.000,-0.00013963,1.04697562,Regular
XRPUSDT,2026-06-28 08:00:00.013,-0.00013755,1.05046859,Regular
XRPUSDT,2026-06-28 16:00:00.000,-0.00010487,1.05161109,Regular
XRPUSDT,2026-06-29 00:00:00.006,-7.522e-05,1.04800000,Regular
XRPUSDT,2026-06-29 08:00:00.013,2.137e-05,1.04865234,Regular
XRPUSDT,2026-06-29 16:00:00.004,-2.077e-05,1.04900000,Regular
XRPUSDT,2026-06-30 00:00:00.000,-3.184e-05,1.05839770,Regular
XRPUSDT,2026-06-30 08:00:00.000,-7.562e-05,1.04680000,Regular
XRPUSDT,2026-06-30 16:00:00.005,-9.97e-06,1.03350000,Regular
XRPUSDT,2026-07-01 00:00:00.000,3.247e-05,1.03951445,Regular
XRPUSDT,2026-07-01 08:00:00.000,4.61e-06,1.04331798,Regular
XRPUSDT,2026-07-01 16:00:00.000,5.278e-05,1.06022469,Regular
XRPUSDT,2026-07-02 00:00:00.000,-1.531e-05,1.05260000,Regular
XRPUSDT,2026-07-02 08:00:00.000,2.495e-05,1.05810000,Regular
XRPUSDT,2026-07-02 16:00:00.000,6.135e-05,1.09320000,Regular
XRPUSDT,2026-07-03 00:00:00.000,2.751e-05,1.08740000,Regular
XRPUSDT,2026-07-03 08:00:00.007,1.337e-05,1.10192221,Regular
XRPUSDT,2026-07-03 16:00:00.000,3.244e-05,1.11960000,Regular
XRPUSDT,2026-07-04 00:00:00.000,1.29e-05,1.13425140,Regular
XRPUSDT,2026-07-04 08:00:00.000,1e-07,1.13900000,Regular
XRPUSDT,2026-07-04 16:00:00.007,-2.057e-05,1.17190000,Regular
XRPUSDT,2026-07-05 00:00:00.003,4.394e-05,1.15691795,Regular
XRPUSDT,2026-07-05 08:00:00.001,4.065e-05,1.13960455,Regular
XRPUSDT,2026-07-05 16:00:00.000,2.542e-05,1.13640000,Regular
XRPUSDT,2026-07-06 00:00:00.000,-9.11e-06,1.15679861,Regular
XRPUSDT,2026-07-06 08:00:00.000,2.252e-05,1.14540000,Regular
XRPUSDT,2026-07-06 16:00:00.000,1.333e-05,1.14410000,Regular
XRPUSDT,2026-07-07 00:00:00.000,4.727e-05,1.14450000,Regular
XRPUSDT,2026-07-07 08:00:00.000,-3.439e-05,1.12619346,Regular
XRPUSDT,2026-07-07 16:00:00.000,-4.84e-05,1.13009481,Regular
XRPUSDT,2026-07-08 00:00:00.000,7.2e-07,1.11140000,Regular
XRPUSDT,2026-07-08 08:00:00.000,1.35e-06,1.09351277,Regular
XRPUSDT,2026-07-08 16:00:00.000,3.09e-06,1.07336924,Regular
XRPUSDT,2026-07-09 00:00:00.000,4.255e-05,1.09030000,Regular
XRPUSDT,2026-07-09 08:00:00.001,2.554e-05,1.09754285,Regular
XRPUSDT,2026-07-09 16:00:00.001,1.575e-05,1.08950000,Regular
XRPUSDT,2026-07-10 00:00:00.000,-4.6e-07,1.09290000,Regular
XRPUSDT,2026-07-10 08:00:00.005,7.73e-05,1.10500000,Regular
XRPUSDT,2026-07-10 16:00:00.005,5.961e-05,1.10320000,Regular
XRPUSDT,2026-07-11 00:00:00.000,8.733e-05,1.10410000,Regular
XRPUSDT,2026-07-11 08:00:00.000,4.839e-05,1.10716805,Regular
XRPUSDT,2026-07-11 16:00:00.000,6.928e-05,1.11273409,Regular
XRPUSDT,2026-07-12 00:00:00.000,-1.01e-06,1.09630000,Regular
XRPUSDT,2026-07-12 08:00:00.003,5.3e-07,1.09082443,Regular
XRPUSDT,2026-07-12 16:00:00.000,1.893e-05,1.10122536,Regular
XRPUSDT,2026-07-13 00:00:00.000,-4.5e-07,1.08541855,Regular
XRPUSDT,2026-07-13 08:00:00.001,-3.91e-05,1.07904815,Regular
XRPUSDT,2026-07-13 16:00:00.004,-6.04e-05,1.07202737,Regular
XRPUSDT,2026-07-14 00:00:00.000,-2.766e-05,1.06688886,Regular
XRPUSDT,2026-07-14 08:00:00.002,1.36e-05,1.06820000,Regular
XRPUSDT,2026-07-14 16:00:00.001,5.549e-05,1.10430000,Regular
XRPUSDT,2026-07-15 00:00:00.005,7.03e-05,1.11115340,Regular
XRPUSDT,2026-07-15 08:00:00.002,8.462e-05,1.10330000,Regular
XRPUSDT,2026-07-15 16:00:00.000,2.785e-05,1.12570000,Regular
XRPUSDT,2026-07-16 00:00:00.000,-1.081e-05,1.11268255,Regular
XRPUSDT,2026-07-16 08:00:00.003,7.73e-06,1.10565504,Regular
XRPUSDT,2026-07-16 16:00:00.002,7.935e-05,1.11430000,Regular
XRPUSDT,2026-07-17 00:00:00.000,-6.3e-07,1.08659585,Regular
XRPUSDT,2026-07-17 08:00:00.010,-2.412e-05,1.08322718,Regular
XRPUSDT,2026-07-17 16:00:00.004,1.737e-05,1.08279377,Regular
XRPUSDT,2026-07-18 00:00:00.000,4.97e-06,1.08842981,Regular
XRPUSDT,2026-07-18 08:00:00.000,-1.003e-05,1.08830000,Regular
XRPUSDT,2026-07-18 16:00:00.001,-2.11e-06,1.08598782,Regular
XRPUSDT,2026-07-19 00:00:00.003,-2.213e-05,1.09220000,Regular
XRPUSDT,2026-07-19 08:00:00.000,-2.545e-05,1.09480000,Regular
XRPUSDT,2026-07-19 16:00:00.001,-1.68e-06,1.09726284,Regular
XRPUSDT,2026-07-20 00:00:00.000,4.877e-05,1.09727166,Regular
XRPUSDT,2026-07-20 08:00:00.001,-4.537e-05,1.08970000,Regular
XRPUSDT,2026-07-20 16:00:00.004,5.088e-05,1.11220243,Regular
XRPUSDT,2026-07-21 00:00:00.001,8.008e-05,1.11180000,Regular
XRPUSDT,2026-07-21 08:00:00.000,1.65e-05,1.13570000,Regular
XRPUSDT,2026-07-21 16:00:00.002,2.88e-06,1.15439569,Regular
XRPUSDT,2026-07-22 00:00:00.000,0.0001,1.14320000,Regular
XRPUSDT,2026-07-22 08:00:00.000,3.779e-05,1.13043091,Regular
XRPUSDT,2026-07-22 16:00:00.001,1.53e-06,1.15084524,Regular
XRPUSDT,2026-07-23 00:00:00.000,-3.673e-05,1.14150000,Regular
XRPUSDT,2026-07-23 08:00:00.000,1.063e-05,1.13312196,Regular
XRPUSDT,2026-07-23 16:00:00.000,-7.95e-06,1.11202815,Regular
XRPUSDT,2026-07-24 00:00:00.000,5.017e-05,1.10730000,Regular
XRPUSDT,2026-07-24 08:00:00.000,1.19e-05,1.11335318,Regular
XRPUSDT,2026-07-24 16:00:00.008,4.14e-06,1.09050215,Regular
XRPUSDT,2026-07-25 00:00:00.002,-3.905e-05,1.09130000,Regular
XRPUSDT,2026-07-25 08:00:00.000,9.98e-06,1.08737189,Regular
XRPUSDT,2026-07-25 16:00:00.000,-4.112e-05,1.09782796,Regular
XRPUSDT,2026-07-26 00:00:00.000,-1.639e-05,1.09721755,Regular
XRPUSDT,2026-07-26 08:00:00.002,4.517e-05,1.09830000,Regular
XRPUSDT,2026-07-26 16:00:00.000,1.298e-05,1.10400000,Regular
XRPUSDT,2026-07-27 00:00:00.010,8.75e-06,1.11262194,Regular
XRPUSDT,2026-07-27 08:00:00.000,9.741e-05,1.10707970,Regular
XRPUSDT,2026-07-27 16:00:00.001,-3.551e-05,1.08569467,Regular
XRPUSDT,2026-07-28 00:00:00.000,-8.642e-05,1.06534834,Regular
XRPUSDT,2026-07-28 08:00:00.000,-0.00016009,1.05540000,Regular
XRPUSDT,2026-07-28 16:00:00.000,-5.592e-05,1.06469859,Regular
XRPUSDT,2026-07-29 00:00:00.000,5.522e-05,1.06860000,Regular
XRPUSDT,2026-07-29 08:00:00.002,0.0001,1.08980000,Regular
XRPUSDT,2026-07-29 16:00:00.000,0.0001,1.06791455,Regular
XRPUSDT,2026-07-30 00:00:00.000,5.88e-05,1.07332131,Regular
XRPUSDT,2026-07-30 08:00:00.000,0.0001,1.07630981,Regular
XRPUSDT,2026-07-30 16:00:00.000,0.0001,1.09180000,Regular
XRPUSDT,2026-07-31 00:00:00.003,0.0001,1.08245926,Regular
XRPUSDT,2026-07-31 08:00:00.000,2.246e-05,1.07909179,Regular
XRPUSDT,2026-07-31 16:00:00.000,1.979e-05,1.06000000,Regular
XRPUSDT,2026-08-01 00:00:00.001,5.92e-06,1.06130295,Regular
XRPUSDT,2026-08-01 08:00:00.000,1.73e-05,1.06152680,Regular
XRPUSDT,2026-08-01 16:00:00.000,3.103e-05,1.06240000,Regular
XRPUSDT,2026-08-02 00:00:00.000,-4.349e-05,1.06003133,Regular
XRPUSDT,2026-08-02 08:00:00.000,0.0001,1.08320000,Regular
XRPUSDT,2026-08-02 16:00:00.000,0.0001,1.07990000,Regular
XRPUSDT,2026-08-03 00:00:00.000,7.573e-05,1.08650000,Regular
XRPUSDT,2026-08-03 08:00:00.000,8.556e-05,1.06768013,Regular
XRPUSDT,2026-08-03 16:00:00.000,5.01e-05,1.08344760,Regular
XRPUSDT,2026-08-04 00:00:00.004,7.174e-05,1.07540000,Regular
XRPUSDT,2026-08-04 08:00:00.002,0.0001,1.07836467,Regular
XRPUSDT,2026-08-04 16:00:00.000,5.086e-05,1.07695791,Regular
XRPUSDT,2026-08-05 00:00:00.003,-9.03e-06,1.07330815,Regular
XRPUSDT,2026-08-05 08:00:00.004,-2.482e-05,1.06669581,Regular
XRPUSDT,2026-08-05 16:00:00.000,1.928e-05,1.06021931,Regular
XRPUSDT,2026-08-06 00:00:00.002,2.175e-05,1.06160000,Regular
XRPUSDT,2026-08-06 08:00:00.000,-6.991e-05,1.04875046,Regular
XRPUSDT,2026-08-06 16:00:00.000,3.34e-05,1.04870000,Regular
XRPUSDT,2026-08-07 00:00:00.000,-9.458e-05,1.03461980,Regular
XRPUSDT,2026-08-07 08:00:00.000,1.83e-06,1.02810000,Regular
XRPUSDT,2026-08-07 16:00:00.000,2.342e-05,1.02730716,Regular
XRPUSDT,2026-08-08 00:00:00.001,1.429e-05,1.02050000,Regular
XRPUSDT,2026-08-08 08:00:00.000,9.308e-05,1.03420000,Regular
XRPUSDT,2026-08-08 16:00:00.002,8.001e-05,1.04482454,Regular
XRPUSDT,2026-08-09 00:00:00.000,0.0001,1.03917448,Regular
XRPUSDT,2026-08-09 08:00:00.005,0.0001,1.03680000,Regular
XRPUSDT,2026-08-09 16:00:00.000,0.0001,1.04290000,Regular
XRPUSDT,2026-08-10 00:00:00.001,9.516e-05,1.02929304,Regular
XRPUSDT,2026-08-10 08:00:00.005,0.0001,1.03710000,Regular
XRPUSDT,2026-08-10 16:00:00.000,3.66e-05,1.02263428,Regular
XRPUSDT,2026-08-11 00:00:00.000,-3.071e-05,1.01160000,Regular
XRPUSDT,2026-08-11 08:00:00.006,-6.363e-05,1.00431564,Regular
XRPUSDT,2026-08-11 16:00:00.000,3.077e-05,1.00331192,Regular
XRPUSDT,2026-08-12 00:00:00.001,9.357e-05,1.02250000,Regular
XRPUSDT,2026-08-12 08:00:00.000,0.0001,1.02030000,Regular
XRPUSDT,2026-08-12 16:00:00.000,6.092e-05,1.01233109,Regular
XRPUSDT,2026-08-13 00:00:00.000,2.365e-05,1.00510000,Regular
XRPUSDT,2026-08-13 08:00:00.000,4.616e-05,1.01263403,Regular
XRPUSDT,2026-08-13 16:00:00.000,7.061e-05,1.00240375,Regular
XRPUSDT,2026-08-14 00:00:00.000,5.438e-05,1.00891748,Regular
XRPUSDT,2026-08-14 08:00:00.001,8.115e-05,1.00410000,Regular
XRPUSDT,2026-08-14 16:00:00.001,5.436e-05,1.00625495,Regular
XRPUSDT,2026-08-15 00:00:00.003,-0.00018934,0.99885996,Regular
XRPUSDT,2026-08-15 08:00:00.002,3.471e-05,1.00230000,Regular
XRPUSDT,2026-08-15 16:00:00.000,-1.154e-05,1.00174765,Regular
XRPUSDT,2026-08-16 00:00:00.000,-6.752e-05,1.00214418,Regular
XRPUSDT,2026-08-16 08:00:00.002,-3.198e-05,1.00196145,Regular
XRPUSDT,2026-08-16 16:00:00.000,-4.883e-05,1.00130000,Regular
XRPUSDT,2026-08-17 00:00:00.001,-0.00011978,0.99291144,Regular
XRPUSDT,2026-08-17 08:00:00.003,9.497e-05,1.00254173,Regular
XRPUSDT,2026-08-17 16:00:00.005,2.599e-05,1.00630000,Regular
XRPUSDT,2026-08-18 00:00:00.006,1.307e-05,1.00250000,Regular
XRPUSDT,2026-08-18 08:00:00.001,-7.012e-05,0.99593453,Regular
XRPUSDT,2026-08-18 16:00:00.003,7.237e-05,1.00350000,Regular
XRPUSDT,2026-08-19 00:00:00.000,1.79e-06,1.00150000,Regular
XRPUSDT,2026-08-19 08:00:00.000,5.125e-05,1.00310635,Regular
XRPUSDT,2026-08-19 16:00:00.004,5.341e-05,1.06723610,Regular
XRPUSDT,2026-08-20 00:00:00.001,0.0001,1.10543532,Regular
XRPUSDT,2026-08-20 08:00:00.000,0.0001,1.11199472,Regular
XRPUSDT,2026-08-20 16:00:00.005,0.0001,1.26111572,Regular
XRPUSDT,2026-08-21 00:00:00.004,0.0001,1.26770000,Regular
XRPUSDT,2026-08-21 08:00:00.000,0.0001,1.31412772,Regular
XRPUSDT,2026-08-21 16:00:00.001,0.0001,1.40283993,Regular
XRPUSDT,2026-08-22 00:00:00.000,0.0001,1.45389253,Regular
XRPUSDT,2026-08-22 08:00:00.000,0.0001,1.56333079,Regular
XRPUSDT,2026-08-22 16:00:00.000,0.0001,1.43990000,Regular
XRPUSDT,2026-08-23 00:00:00.000,0.0001,1.46180000,Regular
XRPUSDT,2026-08-23 08:00:00.000,0.0001,1.46163246,Regular
XRPUSDT,2026-08-23 16:00:00.006,0.0001,1.49640000,Regular
XRPUSDT,2026-08-24 00:00:00.001,0.0001,1.51980000,Regular
XRPUSDT,2026-08-24 08:00:00.002,0.0001,1.47520000,Regular
XRPUSDT,2026-08-24 16:00:00.000,0.0001,1.50051680,Regular
XRPUSDT,2026-08-25 00:00:00.001,0.0001,1.48130000,Regular
XRPUSDT,2026-08-25 08:00:00.000,0.0001,1.48566555,Regular
XRPUSDT,2026-08-25 16:00:00.005,8.32e-06,1.47800000,Regular
XRPUSDT,2026-08-26 00:00:00.000,4.4e-05,1.43350000,Regular
XRPUSDT,2026-08-26 08:00:00.005,9.339e-05,1.43210787,Regular
XRPUSDT,2026-08-26 16:00:00.000,0.0001,1.37241380,Regular
XRPUSDT,2026-08-27 00:00:00.000,9.886e-05,1.42193432,Regular
XRPUSDT,2026-08-27 08:00:00.000,8.201e-05,1.41147263,Regular
XRPUSDT,2026-08-27 16:00:00.013,-8e-07,1.46510000,Regular
XRPUSDT,2026-08-28 00:00:00.026,-1.394e-05,1.45243340,Regular
XRPUSDT,2026-08-28 08:00:00.000,9.43e-06,1.41980035,Regular
XRPUSDT,2026-08-28 16:00:00.001,-5.884e-05,1.40280000,Regular
XRPUSDT,2026-08-29 00:00:00.000,6.029e-05,1.38292917,Regular
XRPUSDT,2026-08-29 08:00:00.000,5.009e-05,1.38202745,Regular
XRPUSDT,2026-08-29 16:00:00.002,1.514e-05,1.39250000,Regular
XRPUSDT,2026-08-30 00:00:00.000,-6.66e-06,1.39565866,Regular
XRPUSDT,2026-08-30 08:00:00.000,6.688e-05,1.39110000,Regular
XRPUSDT,2026-08-30 16:00:00.001,5.226e-05,1.39770000,Regular
XRPUSDT,2026-08-31 00:00:00.002,-5.466e-05,1.35671244,Regular
XRPUSDT,2026-08-31 08:00:00.002,3.624e-05,1.37195847,Regular
XRPUSDT,2026-08-31 16:00:00.001,3.414e-05,1.37220000,Regular
XRPUSDT,2026-09-01 00:00:00.005,8.579e-05,1.37928513,Regular
XRPUSDT,2026-09-01 08:00:00.000,7.773e-05,1.37927351,Regular
XRPUSDT,2026-09-01 16:00:00.000,2.577e-05,1.37750000,Regular
XRPUSDT,2026-09-02 00:00:00.000,4.744e-05,1.35120000,Regular
XRPUSDT,2026-09-02 08:00:00.001,0.0001,1.34490000,Regular
XRPUSDT,2026-09-02 16:00:00.005,9.739e-05,1.33640000,Regular
XRPUSDT,2026-09-03 00:00:00.000,0.0001,1.35060000,Regular
XRPUSDT,2026-09-03 08:00:00.000,0.0001,1.36510839,Regular
XRPUSDT,2026-09-03 16:00:00.000,3.496e-05,1.46430000,Regular
XRPUSDT,2026-09-04 00:00:00.000,0.0001,1.45085588,Regular
XRPUSDT,2026-09-04 08:00:00.000,0.0001,1.44324127,Regular
XRPUSDT,2026-09-04 16:00:00.009,1.093e-05,1.39836618,Regular
XRPUSDT,2026-09-05 00:00:00.000,-1.527e-05,1.39771017,Regular
XRPUSDT,2026-09-05 08:00:00.000,-1.591e-05,1.40390000,Regular
XRPUSDT,2026-09-05 16:00:00.001,-2.813e-05,1.41170000,Regular
XRPUSDT,2026-09-06 00:00:00.000,1.91e-06,1.41180000,Regular
XRPUSDT,2026-09-06 08:00:00.000,-1.969e-05,1.41605415,Regular
XRPUSDT,2026-09-06 16:00:00.004,3.511e-05,1.41050907,Regular
XRPUSDT,2026-09-07 00:00:00.004,6.707e-05,1.42310000,Regular
XRPUSDT,2026-09-07 08:00:00.000,3.551e-05,1.39821564,Regular
XRPUSDT,2026-09-07 16:00:00.003,4.441e-05,1.38261356,Regular
XRPUSDT,2026-09-08 00:00:00.004,1.538e-05,1.39610000,Regular
XRPUSDT,2026-09-08 08:00:00.002,4.595e-05,1.38770000,Regular
XRPUSDT,2026-09-08 16:00:00.001,8.355e-05,1.43390000,Regular
XRPUSDT,2026-09-09 00:00:00.005,6.71e-06,1.41641516,Regular
XRPUSDT,2026-09-09 08:00:00.004,0.0001,1.44060000,Regular
XRPUSDT,2026-09-09 16:00:00.002,-4.865e-05,1.41660000,Regular
XRPUSDT,2026-09-10 00:00:00.000,-0.00011805,1.39434129,Regular
XRPUSDT,2026-09-10 08:00:00.007,-6.53e-06,1.38193959,Regular
XRPUSDT,2026-09-10 16:00:00.002,-5.009e-05,1.35600000,Regular
XRPUSDT,2026-09-11 00:00:00.008,1.102e-05,1.33400000,Regular
XRPUSDT,2026-09-11 08:00:00.000,-2.345e-05,1.35080000,Regular
XRPUSDT,2026-09-11 16:00:00.000,6.046e-05,1.37383129,Regular
XRPUSDT,2026-09-12 00:00:00.001,-3.199e-05,1.35572102,Regular
XRPUSDT,2026-09-12 08:00:00.003,3.617e-05,1.36860000,Regular
XRPUSDT,2026-09-12 16:00:00.000,6.852e-05,1.37190000,Regular
XRPUSDT,2026-09-13 00:00:00.002,1.29e-06,1.36574593,Regular
XRPUSDT,2026-09-13 08:00:00.000,1.661e-05,1.35710000,Regular
