symbol,fundingTime,fundingRate,markPrice,rateType
ZECUSDT,2023-09-14 16:00:00.000,0.0001,,Regular
ZECUSDT,2023-09-15 00:00:00.000,0.0001,,Regular
ZECUSDT,2023-09-15 08:00:00.000,-0.00015004,,Regular
ZECUSDT,2023-09-15 16:00:00.000,0.0001,,Regular
ZECUSDT,2023-09-16 00:00:00.000,0.0001,,Regular
ZECUSDT,2023-09-16 08:00:00.000,0.0001,,Regular
ZECUSDT,2023-09-16 16:00:00.000,2.426e-05,,Regular
ZECUSDT,2023-09-17 00:00:00.000,0.0001,,Regular
ZECUSDT,2023-09-17 08:00:00.000,-3.339e-05,,Regular
ZECUSDT,2023-09-17 16:00:00.000,0.0001,,Regular
ZECUSDT,2023-09-18 00:00:00.000,-0.00010209,,Regular
ZECUSDT,2023-09-18 08:00:00.000,-2.724e-05,,Regular
ZECUSDT,2023-09-18 16:00:00.000,8.993e-05,,Regular
ZECUSDT,2023-09-19 00:00:00.000,3.713e-05,,Regular
ZECUSDT,2023-09-19 08:00:00.001,8.799e-05,,Regular
ZECUSDT,2023-09-19 16:00:00.000,0.0001,,Regular
ZECUSDT,2023-09-20 00:00:00.000,0.0001,,Regular
ZECUSDT,2023-09-20 08:00:00.000,0.0001,,Regular
ZECUSDT,2023-09-20 16:00:00.000,7.186e-05,,Regular
ZECUSDT,2023-09-21 00:00:00.001,0.0001,,Regular
ZECUSDT,2023-09-21 08:00:00.000,0.0001,,Regular
ZECUSDT,2023-09-21 16:00:00.000,0.0001,,Regular
ZECUSDT,2023-09-22 00:00:00.000,0.0001,,Regular
ZECUSDT,2023-09-22 08:00:00.000,0.0001,,Regular
ZECUSDT,2023-09-22 16:00:00.000,6.86e-05,,Regular
ZECUSDT,2023-09-23 00:00:00.000,-3.117e-05,,Regular
ZECUSDT,2023-09-23 08:00:00.000,-0.0001192,,Regular
ZECUSDT,2023-09-23 16:00:00.000,3.066e-05,,Regular
ZECUSDT,2023-09-24 00:00:00.000,-0.00012688,,Regular
ZECUSDT,2023-09-24 08:00:00.000,-0.0001274,,Regular
ZECUSDT,2023-09-24 16:00:00.000,4.213e-05,,Regular
ZECUSDT,2023-09-25 00:00:00.000,0.0001,,Regular
ZECUSDT,2023-09-25 08:00:00.000,0.0001,,Regular
ZECUSDT,2023-09-25 16:00:00.000,0.0001,,Regular
ZECUSDT,2023-09-26 00:00:00.000,9.05e-05,,Regular
ZECUSDT,2023-09-26 08:00:00.000,0.0001,,Regular
ZECUSDT,2023-09-26 16:00:00.000,-0.00012073,,Regular
ZECUSDT,2023-09-27 00:00:00.000,0.0001,,Regular
ZECUSDT,2023-09-27 08:00:00.001,0.0001,,Regular
ZECUSDT,2023-09-27 16:00:00.000,0.0001,,Regular
ZECUSDT,2023-09-28 00:00:00.000,1.114e-05,,Regular
ZECUSDT,2023-09-28 08:00:00.000,0.0001,,Regular
ZECUSDT,2023-09-28 16:00:00.000,0.0001,,Regular
ZECUSDT,2023-09-29 00:00:00.000,9.192e-05,,Regular
ZECUSDT,2023-09-29 08:00:00.000,0.0001,,Regular
ZECUSDT,2023-09-29 16:00:00.000,0.0001,,Regular
ZECUSDT,2023-09-30 00:00:00.000,0.0001,,Regular
ZECUSDT,2023-09-30 08:00:00.000,0.0001,,Regular
ZECUSDT,2023-09-30 16:00:00.000,0.0001,,Regular
ZECUSDT,2023-10-01 00:00:00.000,0.0001,,Regular
ZECUSDT,2023-10-01 08:00:00.000,0.0001,,Regular
ZECUSDT,2023-10-01 16:00:00.000,0.0001,,Regular
ZECUSDT,2023-10-02 00:00:00.000,0.0001,,Regular
ZECUSDT,2023-10-02 08:00:00.000,0.0001,,Regular
ZECUSDT,2023-10-02 16:00:00.000,0.0001,,Regular
ZECUSDT,2023-10-03 00:00:00.000,0.0001,,Regular
ZECUSDT,2023-10-03 08:00:00.000,5.918e-05,,Regular
ZECUSDT,2023-10-03 16:00:00.000,0.0001,,Regular
ZECUSDT,2023-10-04 00:00:00.000,0.0001,,Regular
ZECUSDT,2023-10-04 08:00:00.000,0.0001,,Regular
ZECUSDT,2023-10-04 16:00:00.000,9.56e-06,,Regular
ZECUSDT,2023-10-05 00:00:00.000,6.17e-05,,Regular
ZECUSDT,2023-10-05 08:00:00.000,0.0001,,Regular
ZECUSDT,2023-10-05 16:00:00.001,0.0001,,Regular
ZECUSDT,2023-10-06 00:00:00.000,5.896e-05,,Regular
ZECUSDT,2023-10-06 08:00:00.000,7.54e-05,,Regular
ZECUSDT,2023-10-06 16:00:00.000,2.828e-05,,Regular
ZECUSDT,2023-10-07 00:00:00.000,1.294e-05,,Regular
ZECUSDT,2023-10-07 08:00:00.000,0.0001,,Regular
ZECUSDT,2023-10-07 16:00:00.000,0.0001,,Regular
ZECUSDT,2023-10-08 00:00:00.000,0.0001,,Regular
ZECUSDT,2023-10-08 08:00:00.001,-1.642e-05,,Regular
ZECUSDT,2023-10-08 16:00:00.000,1.913e-05,,Regular
ZECUSDT,2023-10-09 00:00:00.000,0.0001,,Regular
ZECUSDT,2023-10-09 08:00:00.000,0.0001,,Regular
ZECUSDT,2023-10-09 16:00:00.000,0.0001,,Regular
ZECUSDT,2023-10-10 00:00:00.000,0.0001,,Regular
ZECUSDT,2023-10-10 08:00:00.000,0.0001,,Regular
ZECUSDT,2023-10-10 16:00:00.000,8.775e-05,,Regular
ZECUSDT,2023-10-11 00:00:00.000,0.0001,,Regular
ZECUSDT,2023-10-11 08:00:00.000,6.271e-05,,Regular
ZECUSDT,2023-10-11 16:00:00.000,0.0001,,Regular
ZECUSDT,2023-10-12 00:00:00.000,0.0001,,Regular
ZECUSDT,2023-10-12 08:00:00.000,6.918e-05,,Regular
ZECUSDT,2023-10-12 16:00:00.000,1.859e-05,,Regular
ZECUSDT,2023-10-13 00:00:00.000,-2.31e-06,,Regular
ZECUSDT,2023-10-13 08:00:00.000,0.0001,,Regular
ZECUSDT,2023-10-13 16:00:00.000,0.0001,,Regular
ZECUSDT,2023-10-14 00:00:00.000,0.0001,,Regular
ZECUSDT,2023-10-14 08:00:00.000,0.0001,,Regular
ZECUSDT,2023-10-14 16:00:00.000,0.0001,,Regular
ZECUSDT,2023-10-15 00:00:00.000,0.0001,,Regular
ZECUSDT,2023-10-15 08:00:00.000,0.0001,,Regular
ZECUSDT,2023-10-15 16:00:00.000,0.0001,,Regular
ZECUSDT,2023-10-16 00:00:00.000,8.598e-05,,Regular
ZECUSDT,2023-10-16 08:00:00.000,0.0001,,Regular
ZECUSDT,2023-10-16 16:00:00.000,0.0001,,Regular
ZECUSDT,2023-10-17 00:00:00.000,0.0001,,Regular
ZECUSDT,2023-10-17 08:00:00.000,0.0001,,Regular
ZECUSDT,2023-10-17 16:00:00.000,7.791e-05,,Regular
ZECUSDT,2023-10-18 00:00:00.000,0.0001,,Regular
ZECUSDT,2023-10-18 08:00:00.000,0.0001,,Regular
ZECUSDT,2023-10-18 16:00:00.000,3.802e-05,,Regular
ZECUSDT,2023-10-19 00:00:00.000,9.085e-05,,Regular
ZECUSDT,2023-10-19 08:00:00.001,-7e-08,,Regular
ZECUSDT,2023-10-19 16:00:00.000,4.403e-05,,Regular
ZECUSDT,2023-10-20 00:00:00.000,-3.971e-05,,Regular
ZECUSDT,2023-10-20 08:00:00.005,1.603e-05,,Regular
ZECUSDT,2023-10-20 16:00:00.000,0.0001,,Regular
ZECUSDT,2023-10-21 00:00:00.000,5.327e-05,,Regular
ZECUSDT,2023-10-21 08:00:00.000,0.0001,,Regular
ZECUSDT,2023-10-21 16:00:00.000,0.0001,,Regular
ZECUSDT,2023-10-22 00:00:00.000,0.0001,,Regular
ZECUSDT,2023-10-22 08:00:00.000,0.0001,,Regular
ZECUSDT,2023-10-22 16:00:00.000,0.0001,,Regular
ZECUSDT,2023-10-23 00:00:00.000,0.0001,,Regular
ZECUSDT,2023-10-23 08:00:00.001,0.0001,,Regular
ZECUSDT,2023-10-23 16:00:00.001,0.0001,,Regular
ZECUSDT,2023-10-24 00:00:00.000,0.0001,,Regular
ZECUSDT,2023-10-24 08:00:00.000,0.0001,,Regular
ZECUSDT,2023-10-24 16:00:00.000,0.0001,,Regular
ZECUSDT,2023-10-25 00:00:00.000,0.0001,,Regular
ZECUSDT,2023-10-25 08:00:00.000,0.0001,,Regular
ZECUSDT,2023-10-25 16:00:00.001,0.0001,,Regular
ZECUSDT,2023-10-26 00:00:00.001,0.0001,,Regular
ZECUSDT,2023-10-26 08:00:00.000,0.0001,,Regular
ZECUSDT,2023-10-26 16:00:00.000,0.0001,,Regular
ZECUSDT,2023-10-27 00:00:00.000,0.0001,,Regular
ZECUSDT,2023-10-27 08:00:00.000,0.0001,,Regular
ZECUSDT,2023-10-27 16:00:00.000,0.0001,,Regular
ZECUSDT,2023-10-28 00:00:00.000,0.0001,,Regular
ZECUSDT,2023-10-28 08:00:00.001,0.0001,,Regular
ZECUSDT,2023-10-28 16:00:00.000,0.0001,,Regular
ZECUSDT,2023-10-29 00:00:00.000,0.0001,,Regular
ZECUSDT,2023-10-29 08:00:00.000,0.0001,,Regular
ZECUSDT,2023-10-29 16:00:00.000,0.0001,,Regular
ZECUSDT,2023-10-30 00:00:00.000,0.0001,,Regular
ZECUSDT,2023-10-30 08:00:00.000,0.0001,,Regular
ZECUSDT,2023-10-30 16:00:00.000,0.0001,,Regular
ZECUSDT,2023-10-31 00:00:00.001,0.0001,,Regular
ZECUSDT,2023-10-31 08:00:00.000,0.0001,28.01800801,Regular
ZECUSDT,2023-10-31 16:00:00.000,0.0001,27.92297521,Regular
ZECUSDT,2023-11-01 00:00:00.000,0.0001,28.32639659,Regular
ZECUSDT,2023-11-01 08:00:00.000,0.0001,27.68704652,Regular
ZECUSDT,2023-11-01 16:00:00.000,0.0001,27.58000000,Regular
ZECUSDT,2023-11-02 00:00:00.001,0.00016013,28.67885428,Regular
ZECUSDT,2023-11-02 08:00:00.000,0.00025709,28.51531167,Regular
ZECUSDT,2023-11-02 16:00:00.000,0.0001,27.54000000,Regular
ZECUSDT,2023-11-03 00:00:00.000,0.0001,27.52418065,Regular
ZECUSDT,2023-11-03 08:00:00.000,0.0001,27.08000000,Regular
ZECUSDT,2023-11-03 16:00:00.000,0.0001,27.33939967,Regular
ZECUSDT,2023-11-04 00:00:00.000,0.0001,27.67218565,Regular
ZECUSDT,2023-11-04 08:00:00.000,0.0001,27.85371911,Regular
ZECUSDT,2023-11-04 16:00:00.000,0.0001,27.71407402,Regular
ZECUSDT,2023-11-05 00:00:00.000,0.0001,28.19937494,Regular
ZECUSDT,2023-11-05 08:00:00.000,0.0001,28.53468219,Regular
ZECUSDT,2023-11-05 16:00:00.000,0.00014049,28.48000000,Regular
ZECUSDT,2023-11-06 00:00:00.000,0.00013373,28.65000000,Regular
ZECUSDT,2023-11-06 08:00:00.001,0.00020712,28.88986383,Regular
ZECUSDT,2023-11-06 16:00:00.000,0.0002279,29.31000000,Regular
ZECUSDT,2023-11-07 00:00:00.001,0.0001717,29.84277199,Regular
ZECUSDT,2023-11-07 08:00:00.000,0.0001751,30.09000000,Regular
ZECUSDT,2023-11-07 16:00:00.000,0.00012819,28.73493208,Regular
ZECUSDT,2023-11-08 00:00:00.000,0.0001,29.25000000,Regular
ZECUSDT,2023-11-08 08:00:00.000,0.0001,29.94462235,Regular
ZECUSDT,2023-11-08 16:00:00.000,0.0001,29.89000000,Regular
ZECUSDT,2023-11-09 00:00:00.000,0.0001,30.08256198,Regular
ZECUSDT,2023-11-09 08:00:00.000,0.0001,30.19888630,Regular
ZECUSDT,2023-11-09 16:00:00.000,0.0001,30.34987530,Regular
ZECUSDT,2023-11-10 00:00:00.000,0.0001,29.52187610,Regular
ZECUSDT,2023-11-10 08:00:00.000,0.0001503,29.58000000,Regular
ZECUSDT,2023-11-10 16:00:00.000,0.0001,29.58790922,Regular
ZECUSDT,2023-11-11 00:00:00.000,0.00017279,30.39796933,Regular
ZECUSDT,2023-11-11 08:00:00.000,0.00030484,29.89000000,Regular
ZECUSDT,2023-11-11 16:00:00.000,0.00039957,30.35000000,Regular
ZECUSDT,2023-11-12 00:00:00.000,0.0004418,30.47000000,Regular
ZECUSDT,2023-11-12 08:00:00.000,0.00048857,30.84348822,Regular
ZECUSDT,2023-11-12 16:00:00.001,0.00024285,31.13025451,Regular
ZECUSDT,2023-11-13 00:00:00.000,0.00031233,31.23986971,Regular
ZECUSDT,2023-11-13 08:00:00.000,0.00019761,30.85000000,Regular
ZECUSDT,2023-11-13 16:00:00.000,0.00018295,30.82764400,Regular
ZECUSDT,2023-11-14 00:00:00.000,0.0001,29.60642039,Regular
ZECUSDT,2023-11-14 08:00:00.000,0.00012166,30.37000000,Regular
ZECUSDT,2023-11-14 16:00:00.001,0.0001,29.72649434,Regular
ZECUSDT,2023-11-15 00:00:00.000,0.0001,29.39971648,Regular
ZECUSDT,2023-11-15 08:00:00.000,0.00010259,30.12929122,Regular
ZECUSDT,2023-11-15 16:00:00.000,0.0001,30.21848377,Regular
ZECUSDT,2023-11-16 00:00:00.000,0.0001,30.38000000,Regular
ZECUSDT,2023-11-16 08:00:00.000,0.0001,30.89195760,Regular
ZECUSDT,2023-11-16 16:00:00.001,0.0001,29.85000000,Regular
ZECUSDT,2023-11-17 00:00:00.000,0.0001,29.53000000,Regular
ZECUSDT,2023-11-17 08:00:00.001,0.0001,29.58486368,Regular
ZECUSDT,2023-11-17 16:00:00.001,0.0001,28.34276861,Regular
ZECUSDT,2023-11-18 00:00:00.000,0.0001,29.36000000,Regular
ZECUSDT,2023-11-18 08:00:00.000,0.0001,28.41830798,Regular
ZECUSDT,2023-11-18 16:00:00.000,0.0001,28.90237318,Regular
ZECUSDT,2023-11-19 00:00:00.000,0.0001,28.90000000,Regular
ZECUSDT,2023-11-19 08:00:00.000,0.0001,28.98744721,Regular
ZECUSDT,2023-11-19 16:00:00.000,0.0001,28.58519099,Regular
ZECUSDT,2023-11-20 00:00:00.000,0.0001,29.26000000,Regular
ZECUSDT,2023-11-20 08:00:00.000,0.0001,29.35745629,Regular
ZECUSDT,2023-11-20 16:00:00.000,0.0001,29.44728023,Regular
ZECUSDT,2023-11-21 00:00:00.000,0.0001,28.95048347,Regular
ZECUSDT,2023-11-21 08:00:00.000,0.0001,28.54331274,Regular
ZECUSDT,2023-11-21 16:00:00.000,0.0001,28.53421918,Regular
ZECUSDT,2023-11-22 00:00:00.000,0.0001,26.81000000,Regular
ZECUSDT,2023-11-22 08:00:00.000,0.0001,27.62824676,Regular
ZECUSDT,2023-11-22 16:00:00.000,0.0001,28.27707095,Regular
ZECUSDT,2023-11-23 00:00:00.000,0.0001,28.50654854,Regular
ZECUSDT,2023-11-23 08:00:00.000,0.0001,28.63000000,Regular
ZECUSDT,2023-11-23 16:00:00.001,0.0001,28.30262359,Regular
ZECUSDT,2023-11-24 00:00:00.000,0.0001,28.84000000,Regular
ZECUSDT,2023-11-24 08:00:00.000,0.0001,29.15000000,Regular
ZECUSDT,2023-11-24 16:00:00.000,0.0001,29.40626930,Regular
ZECUSDT,2023-11-25 00:00:00.000,0.0001,29.64000000,Regular
ZECUSDT,2023-11-25 08:00:00.000,0.0001,30.08286918,Regular
ZECUSDT,2023-11-25 16:00:00.000,0.0001,30.11000000,Regular
ZECUSDT,2023-11-26 00:00:00.000,0.0001,30.16656354,Regular
ZECUSDT,2023-11-26 08:00:00.000,0.0001,29.92000000,Regular
ZECUSDT,2023-11-26 16:00:00.000,0.0001,29.42000000,Regular
ZECUSDT,2023-11-27 00:00:00.000,0.0001,29.56887332,Regular
ZECUSDT,2023-11-27 08:00:00.001,0.0001,29.14854423,Regular
ZECUSDT,2023-11-27 16:00:00.000,0.0001,28.53249869,Regular
ZECUSDT,2023-11-28 00:00:00.000,0.0001,28.79907759,Regular
ZECUSDT,2023-11-28 08:00:00.000,0.0001,28.41000000,Regular
ZECUSDT,2023-11-28 16:00:00.000,0.0001,28.88000000,Regular
ZECUSDT,2023-11-29 00:00:00.001,0.0001,29.02503830,Regular
ZECUSDT,2023-11-29 08:00:00.000,0.0001,29.05577806,Regular
ZECUSDT,2023-11-29 16:00:00.000,0.0001,28.96000000,Regular
ZECUSDT,2023-11-30 00:00:00.000,0.0001,29.08369234,Regular
ZECUSDT,2023-11-30 08:00:00.000,0.0001,29.51000000,Regular
ZECUSDT,2023-11-30 16:00:00.000,0.0001,29.41889022,Regular
ZECUSDT,2023-12-01 00:00:00.000,0.0001,29.56636271,Regular
ZECUSDT,2023-12-01 08:00:00.000,0.0001,29.53000000,Regular
ZECUSDT,2023-12-01 16:00:00.000,0.0001,29.68000000,Regular
ZECUSDT,2023-12-02 00:00:00.000,0.0001,29.80000000,Regular
ZECUSDT,2023-12-02 08:00:00.000,0.0001,30.40191896,Regular
ZECUSDT,2023-12-02 16:00:00.000,0.0001,30.60926489,Regular
ZECUSDT,2023-12-03 00:00:00.000,0.00014277,31.43000000,Regular
ZECUSDT,2023-12-03 08:00:00.000,0.00017243,31.32625836,Regular
ZECUSDT,2023-12-03 16:00:00.000,0.00016057,30.98000000,Regular
ZECUSDT,2023-12-04 00:00:00.000,0.00032646,30.86000000,Regular
ZECUSDT,2023-12-04 08:00:00.000,0.00045786,31.56000000,Regular
ZECUSDT,2023-12-04 16:00:00.000,0.0001,30.86093264,Regular
ZECUSDT,2023-12-05 00:00:00.000,0.0001,31.75626254,Regular
ZECUSDT,2023-12-05 08:00:00.000,0.00025194,30.86891212,Regular
ZECUSDT,2023-12-05 16:00:00.000,0.00016391,31.18690298,Regular
ZECUSDT,2023-12-06 00:00:00.000,0.00015785,31.75776938,Regular
ZECUSDT,2023-12-06 08:00:00.000,0.00025493,31.34000000,Regular
ZECUSDT,2023-12-06 16:00:00.000,0.0002834,31.53160590,Regular
ZECUSDT,2023-12-07 00:00:00.000,0.00015727,31.21535301,Regular
ZECUSDT,2023-12-07 08:00:00.000,0.00042049,31.89105057,Regular
ZECUSDT,2023-12-07 16:00:00.000,0.00041537,32.09763312,Regular
ZECUSDT,2023-12-08 00:00:00.000,0.00051486,32.05000000,Regular
ZECUSDT,2023-12-08 08:00:00.000,0.000295,32.15000000,Regular
ZECUSDT,2023-12-08 16:00:00.000,0.00050023,32.83000000,Regular
ZECUSDT,2023-12-09 00:00:00.000,0.00044315,33.47000000,Regular
ZECUSDT,2023-12-09 08:00:00.000,0.0006414,34.38562970,Regular
ZECUSDT,2023-12-09 16:00:00.000,0.0004935,34.23000000,Regular
ZECUSDT,2023-12-10 00:00:00.000,0.00020764,33.51668431,Regular
ZECUSDT,2023-12-10 08:00:00.000,0.00016415,33.88000000,Regular
ZECUSDT,2023-12-10 16:00:00.000,0.00034412,33.58000000,Regular
ZECUSDT,2023-12-11 00:00:00.000,0.0001135,33.65399461,Regular
ZECUSDT,2023-12-11 08:00:00.000,0.0001,30.76842718,Regular
ZECUSDT,2023-12-11 16:00:00.000,0.0001,30.61852859,Regular
ZECUSDT,2023-12-12 00:00:00.000,0.0001,30.41000000,Regular
ZECUSDT,2023-12-12 08:00:00.000,0.0001,31.20417216,Regular
ZECUSDT,2023-12-12 16:00:00.000,0.00019035,30.85000000,Regular
ZECUSDT,2023-12-13 00:00:00.000,0.00013867,31.01000000,Regular
ZECUSDT,2023-12-13 08:00:00.000,0.00015179,29.98475709,Regular
ZECUSDT,2023-12-13 16:00:00.001,0.00010293,30.42000000,Regular
ZECUSDT,2023-12-14 00:00:00.000,0.00033695,30.69925141,Regular
ZECUSDT,2023-12-14 08:00:00.000,0.0001,30.72985995,Regular
ZECUSDT,2023-12-14 16:00:00.000,0.00019415,30.19000000,Regular
ZECUSDT,2023-12-15 00:00:00.000,0.0003596,30.65000000,Regular
ZECUSDT,2023-12-15 08:00:00.000,0.00034816,29.98626737,Regular
ZECUSDT,2023-12-15 16:00:00.000,0.00030736,29.93674757,Regular
ZECUSDT,2023-12-16 00:00:00.000,0.00018497,29.54000000,Regular
ZECUSDT,2023-12-16 08:00:00.000,0.00021494,30.25000000,Regular
ZECUSDT,2023-12-16 16:00:00.001,0.00030537,30.17292972,Regular
ZECUSDT,2023-12-17 00:00:00.000,0.00017538,30.01000000,Regular
ZECUSDT,2023-12-17 08:00:00.000,0.0001404,29.55359313,Regular
ZECUSDT,2023-12-17 16:00:00.000,0.00038586,30.09000000,Regular
ZECUSDT,2023-12-18 00:00:00.000,0.00033223,29.79000000,Regular
ZECUSDT,2023-12-18 08:00:00.001,0.00013288,28.75619581,Regular
ZECUSDT,2023-12-18 16:00:00.000,0.0001,28.37000000,Regular
ZECUSDT,2023-12-19 00:00:00.000,0.0001,28.96000000,Regular
ZECUSDT,2023-12-19 08:00:00.000,0.00019858,29.19727630,Regular
ZECUSDT,2023-12-19 16:00:00.000,0.00019728,28.12183086,Regular
ZECUSDT,2023-12-20 00:00:00.000,0.0001,27.90676152,Regular
ZECUSDT,2023-12-20 08:00:00.000,0.0001,28.55373720,Regular
ZECUSDT,2023-12-20 16:00:00.000,0.00031026,29.32698201,Regular
ZECUSDT,2023-12-21 00:00:00.000,0.00016464,29.17946357,Regular
ZECUSDT,2023-12-21 08:00:00.000,0.00016489,29.65409960,Regular
ZECUSDT,2023-12-21 16:00:00.000,0.00036264,29.70915544,Regular
ZECUSDT,2023-12-22 00:00:00.000,0.00044733,30.02729169,Regular
ZECUSDT,2023-12-22 08:00:00.000,0.00036851,29.81832771,Regular
ZECUSDT,2023-12-22 16:00:00.000,0.00057275,30.12571222,Regular
ZECUSDT,2023-12-23 00:00:00.000,0.00069592,30.43000000,Regular
ZECUSDT,2023-12-23 08:00:00.001,0.0004382,29.98000000,Regular
ZECUSDT,2023-12-23 16:00:00.000,0.00050788,30.24000000,Regular
ZECUSDT,2023-12-24 00:00:00.000,0.00058243,30.41000000,Regular
ZECUSDT,2023-12-24 08:00:00.000,0.0005056,30.05005581,Regular
ZECUSDT,2023-12-24 16:00:00.000,0.00034878,30.76000000,Regular
ZECUSDT,2023-12-25 00:00:00.000,0.0003107,30.16651153,Regular
ZECUSDT,2023-12-25 08:00:00.000,0.00032918,30.86000000,Regular
ZECUSDT,2023-12-25 16:00:00.000,0.00032274,31.67000000,Regular
ZECUSDT,2023-12-26 00:00:00.000,0.00046338,31.30000000,Regular
ZECUSDT,2023-12-26 08:00:00.000,0.00030066,31.02000000,Regular
ZECUSDT,2023-12-26 16:00:00.000,0.00044522,31.11000000,Regular
ZECUSDT,2023-12-27 00:00:00.000,0.00010428,30.42309035,Regular
ZECUSDT,2023-12-27 08:00:00.000,0.0001,30.11000000,Regular
ZECUSDT,2023-12-27 16:00:00.000,0.0004932,31.78000000,Regular
ZECUSDT,2023-12-28 00:00:00.000,0.00031572,31.85458475,Regular
ZECUSDT,2023-12-28 08:00:00.000,0.00036003,32.58745504,Regular
ZECUSDT,2023-12-28 16:00:00.000,0.00036954,32.06222718,Regular
ZECUSDT,2023-12-29 00:00:00.001,0.00042339,31.95000000,Regular
ZECUSDT,2023-12-29 08:00:00.000,0.00018312,31.02477638,Regular
ZECUSDT,2023-12-29 16:00:00.000,0.00050945,28.83000000,Regular
ZECUSDT,2023-12-30 00:00:00.001,0.0001,28.69000000,Regular
ZECUSDT,2023-12-30 08:00:00.000,0.00036523,28.88689191,Regular
ZECUSDT,2023-12-30 16:00:00.000,0.00027339,28.50703840,Regular
ZECUSDT,2023-12-31 00:00:00.000,0.00033645,28.66536613,Regular
ZECUSDT,2023-12-31 08:00:00.001,0.00048725,28.51332593,Regular
ZECUSDT,2023-12-31 16:00:00.000,0.00051069,28.45000000,Regular
ZECUSDT,2024-01-01 00:00:00.000,0.00025399,26.93000000,Regular
ZECUSDT,2024-01-01 08:00:00.000,0.00034983,26.76752761,Regular
ZECUSDT,2024-01-01 16:00:00.000,0.00018308,27.28027049,Regular
ZECUSDT,2024-01-02 00:00:00.000,0.00039066,27.83000000,Regular
ZECUSDT,2024-01-02 08:00:00.000,0.00048635,27.90000000,Regular
ZECUSDT,2024-01-02 16:00:00.000,0.00057406,27.56000000,Regular
ZECUSDT,2024-01-03 00:00:00.000,0.0003169,27.61735287,Regular
ZECUSDT,2024-01-03 08:00:00.000,0.00033517,27.72000000,Regular
ZECUSDT,2024-01-03 16:00:00.000,0.0001,24.56456899,Regular
ZECUSDT,2024-01-04 00:00:00.000,0.0001,25.02000000,Regular
ZECUSDT,2024-01-04 08:00:00.000,0.0001,24.75000000,Regular
ZECUSDT,2024-01-04 16:00:00.000,0.0001,24.84000000,Regular
ZECUSDT,2024-01-05 00:00:00.001,0.0001,24.15629080,Regular
ZECUSDT,2024-01-05 08:00:00.000,0.0001,23.50000000,Regular
ZECUSDT,2024-01-05 16:00:00.000,0.0001,23.31000000,Regular
ZECUSDT,2024-01-06 00:00:00.000,0.0001,23.55000000,Regular
ZECUSDT,2024-01-06 08:00:00.000,0.0001,22.62266177,Regular
ZECUSDT,2024-01-06 16:00:00.000,0.0001,23.03000000,Regular
ZECUSDT,2024-01-07 00:00:00.000,0.0001,23.08000000,Regular
ZECUSDT,2024-01-07 08:00:00.001,0.0001,23.26000000,Regular
ZECUSDT,2024-01-07 16:00:00.001,0.0001,22.47214791,Regular
ZECUSDT,2024-01-08 00:00:00.000,0.0001,21.91979962,Regular
ZECUSDT,2024-01-08 08:00:00.000,0.0001,21.27895728,Regular
ZECUSDT,2024-01-08 16:00:00.000,0.0001,21.15000000,Regular
ZECUSDT,2024-01-09 00:00:00.001,0.0001,21.26636205,Regular
ZECUSDT,2024-01-09 08:00:00.000,0.0001,20.74002291,Regular
ZECUSDT,2024-01-09 16:00:00.000,0.0001,19.25336192,Regular
ZECUSDT,2024-01-10 00:00:00.000,0.0001,19.65215832,Regular
ZECUSDT,2024-01-10 08:00:00.000,0.0001,19.97104249,Regular
ZECUSDT,2024-01-10 16:00:00.000,0.0001,20.53000000,Regular
ZECUSDT,2024-01-11 00:00:00.000,0.0001,22.29019721,Regular
ZECUSDT,2024-01-11 08:00:00.000,0.0001,23.72520161,Regular
ZECUSDT,2024-01-11 16:00:00.000,0.0001,23.95000000,Regular
ZECUSDT,2024-01-12 00:00:00.001,0.0001,24.43876325,Regular
ZECUSDT,2024-01-12 08:00:00.000,0.0001,24.27000000,Regular
ZECUSDT,2024-01-12 16:00:00.000,0.0001,24.48809222,Regular
ZECUSDT,2024-01-13 00:00:00.000,0.0001,23.76000000,Regular
ZECUSDT,2024-01-13 08:00:00.000,0.0001,23.62619520,Regular
ZECUSDT,2024-01-13 16:00:00.001,0.0001,23.54578500,Regular
ZECUSDT,2024-01-14 00:00:00.000,0.0001,23.38532319,Regular
ZECUSDT,2024-01-14 08:00:00.000,0.0001,23.52609696,Regular
ZECUSDT,2024-01-14 16:00:00.001,0.0001,23.69000000,Regular
ZECUSDT,2024-01-15 00:00:00.000,0.0001,22.73005204,Regular
ZECUSDT,2024-01-15 08:00:00.000,0.0001,23.12905080,Regular
ZECUSDT,2024-01-15 16:00:00.000,0.0001,23.03161323,Regular
ZECUSDT,2024-01-16 00:00:00.000,0.0001,23.63000000,Regular
ZECUSDT,2024-01-16 08:00:00.000,0.0001,23.38000000,Regular
ZECUSDT,2024-01-16 16:00:00.001,0.0001,23.44836176,Regular
ZECUSDT,2024-01-17 00:00:00.000,0.0001,23.16639422,Regular
ZECUSDT,2024-01-17 08:00:00.000,0.0001,22.78000000,Regular
ZECUSDT,2024-01-17 16:00:00.000,0.0001,22.75996599,Regular
ZECUSDT,2024-01-18 00:00:00.001,0.0001,22.94000000,Regular
ZECUSDT,2024-01-18 08:00:00.000,0.0001,23.24677041,Regular
ZECUSDT,2024-01-18 16:00:00.000,0.0001,22.99000000,Regular
ZECUSDT,2024-01-19 00:00:00.000,0.0001,22.48812756,Regular
ZECUSDT,2024-01-19 08:00:00.000,0.0001,22.45935322,Regular
ZECUSDT,2024-01-19 16:00:00.002,0.0001,22.48245447,Regular
ZECUSDT,2024-01-20 00:00:00.000,0.0001,23.60803274,Regular
ZECUSDT,2024-01-20 08:00:00.003,0.0001,23.33432827,Regular
ZECUSDT,2024-01-20 16:00:00.000,0.0001,23.40644929,Regular
ZECUSDT,2024-01-21 00:00:00.000,0.0001,23.60000000,Regular
ZECUSDT,2024-01-21 08:00:00.000,0.0001,23.74455810,Regular
ZECUSDT,2024-01-21 16:00:00.000,0.0001,23.41494891,Regular
ZECUSDT,2024-01-22 00:00:00.000,0.0001,23.38659856,Regular
ZECUSDT,2024-01-22 08:00:00.000,0.0001,23.32984538,Regular
ZECUSDT,2024-01-22 16:00:00.000,0.0001,22.82000347,Regular
ZECUSDT,2024-01-23 00:00:00.000,0.0001,22.25000000,Regular
ZECUSDT,2024-01-23 08:00:00.000,0.0001,22.17545048,Regular
ZECUSDT,2024-01-23 16:00:00.000,0.0001,21.18798204,Regular
ZECUSDT,2024-01-24 00:00:00.000,0.0001,21.43106978,Regular
ZECUSDT,2024-01-24 08:00:00.000,0.0001,22.11021297,Regular
ZECUSDT,2024-01-24 16:00:00.000,0.0001,21.93099818,Regular
ZECUSDT,2024-01-25 00:00:00.000,0.0001,21.93000000,Regular
ZECUSDT,2024-01-25 08:00:00.001,0.0001,22.09277638,Regular
ZECUSDT,2024-01-25 16:00:00.000,0.0001,21.90920950,Regular
ZECUSDT,2024-01-26 00:00:00.001,0.0001,22.39778580,Regular
ZECUSDT,2024-01-26 08:00:00.000,0.0001,22.16000000,Regular
ZECUSDT,2024-01-26 16:00:00.000,0.0001,22.66085504,Regular
ZECUSDT,2024-01-27 00:00:00.000,0.0001,22.69000000,Regular
ZECUSDT,2024-01-27 08:00:00.000,0.0001,22.43000000,Regular
ZECUSDT,2024-01-27 16:00:00.000,0.0001,22.47599916,Regular
ZECUSDT,2024-01-28 00:00:00.000,0.0001,22.76000000,Regular
ZECUSDT,2024-01-28 08:00:00.000,0.0001,22.67000000,Regular
ZECUSDT,2024-01-28 16:00:00.000,0.0001,22.41000000,Regular
ZECUSDT,2024-01-29 00:00:00.000,0.0001,22.18000000,Regular
ZECUSDT,2024-01-29 08:00:00.001,0.0001,22.57861633,Regular
ZECUSDT,2024-01-29 16:00:00.000,0.0001,22.54000000,Regular
ZECUSDT,2024-01-30 00:00:00.000,0.0001,23.00094547,Regular
ZECUSDT,2024-01-30 08:00:00.000,0.0001,22.93663322,Regular
ZECUSDT,2024-01-30 16:00:00.001,0.0001,23.03576111,Regular
ZECUSDT,2024-01-31 00:00:00.000,0.0001,22.58116089,Regular
ZECUSDT,2024-01-31 08:00:00.000,0.0001,22.59000000,Regular
ZECUSDT,2024-01-31 16:00:00.000,0.0001,21.94115273,Regular
ZECUSDT,2024-02-01 00:00:00.000,0.0001,21.69868338,Regular
ZECUSDT,2024-02-01 08:00:00.000,0.0001,21.53000000,Regular
ZECUSDT,2024-02-01 16:00:00.002,0.0001,21.47630472,Regular
ZECUSDT,2024-02-02 00:00:00.000,0.0001,21.70202225,Regular
ZECUSDT,2024-02-02 08:00:00.000,0.0001,21.92780134,Regular
ZECUSDT,2024-02-02 16:00:00.000,0.0001,21.99174279,Regular
ZECUSDT,2024-02-03 00:00:00.000,0.0001,22.06665960,Regular
ZECUSDT,2024-02-03 08:00:00.000,0.0001,21.97551398,Regular
ZECUSDT,2024-02-03 16:00:00.001,0.0001,22.07000000,Regular
ZECUSDT,2024-02-04 00:00:00.000,0.0001,22.09073109,Regular
ZECUSDT,2024-02-04 08:00:00.004,0.0001,21.71265443,Regular
ZECUSDT,2024-02-04 16:00:00.000,0.0001,21.78030856,Regular
ZECUSDT,2024-02-05 00:00:00.000,0.0001,21.40000000,Regular
ZECUSDT,2024-02-05 08:00:00.000,0.0001,21.61598057,Regular
ZECUSDT,2024-02-05 16:00:00.000,0.0001,21.23972253,Regular
ZECUSDT,2024-02-06 00:00:00.000,0.0001,21.36446524,Regular
ZECUSDT,2024-02-06 08:00:00.001,0.0001,21.23682495,Regular
ZECUSDT,2024-02-06 16:00:00.000,0.0001,20.83000000,Regular
ZECUSDT,2024-02-07 00:00:00.000,0.0001,19.22393442,Regular
ZECUSDT,2024-02-07 08:00:00.000,0.0001,19.92393422,Regular
ZECUSDT,2024-02-07 16:00:00.000,0.0001,20.11355417,Regular
ZECUSDT,2024-02-08 00:00:00.000,0.0001,20.80677307,Regular
ZECUSDT,2024-02-08 08:00:00.000,0.0001,20.53265991,Regular
ZECUSDT,2024-02-08 16:00:00.000,0.0001,20.88819178,Regular
ZECUSDT,2024-02-09 00:00:00.000,0.0001,20.86738655,Regular
ZECUSDT,2024-02-09 08:00:00.000,0.0001,20.82755158,Regular
ZECUSDT,2024-02-09 16:00:00.001,0.0001,20.94000000,Regular
ZECUSDT,2024-02-10 00:00:00.001,0.0001,21.11107886,Regular
ZECUSDT,2024-02-10 08:00:00.000,0.0001,20.80000000,Regular
ZECUSDT,2024-02-10 16:00:00.000,0.0001,20.92000000,Regular
ZECUSDT,2024-02-11 00:00:00.000,0.0001,20.90000000,Regular
ZECUSDT,2024-02-11 08:00:00.001,0.0001,21.01954002,Regular
ZECUSDT,2024-02-11 16:00:00.000,0.0001,20.83000000,Regular
ZECUSDT,2024-02-12 00:00:00.000,0.0001,20.35000000,Regular
ZECUSDT,2024-02-12 08:00:00.000,0.0001,20.35886769,Regular
ZECUSDT,2024-02-12 16:00:00.000,0.0001,20.56465256,Regular
ZECUSDT,2024-02-13 00:00:00.000,0.00016071,21.09159531,Regular
ZECUSDT,2024-02-13 08:00:00.000,0.00035116,21.05067682,Regular
ZECUSDT,2024-02-13 16:00:00.000,0.00026336,20.74590582,Regular
ZECUSDT,2024-02-14 00:00:00.000,0.00031991,20.85676094,Regular
ZECUSDT,2024-02-14 08:00:00.000,0.00030393,20.83687402,Regular
ZECUSDT,2024-02-14 16:00:00.000,0.00036233,21.16000000,Regular
ZECUSDT,2024-02-15 00:00:00.000,0.00024197,21.32777943,Regular
ZECUSDT,2024-02-15 08:00:00.000,0.00038051,21.76000000,Regular
ZECUSDT,2024-02-15 16:00:00.000,0.00034269,22.16042521,Regular
ZECUSDT,2024-02-16 00:00:00.000,0.00043471,22.33000000,Regular
ZECUSDT,2024-02-16 08:00:00.000,0.00033237,22.45022991,Regular
ZECUSDT,2024-02-16 16:00:00.000,0.00024376,22.53804782,Regular
ZECUSDT,2024-02-17 00:00:00.000,0.00018498,22.68000000,Regular
ZECUSDT,2024-02-17 08:00:00.000,0.00012386,23.06684784,Regular
ZECUSDT,2024-02-17 16:00:00.000,0.00011985,23.44745405,Regular
ZECUSDT,2024-02-18 00:00:00.000,0.0001,24.85011435,Regular
ZECUSDT,2024-02-18 08:00:00.000,0.0001,25.88000000,Regular
ZECUSDT,2024-02-18 16:00:00.000,0.00018774,26.29990022,Regular
ZECUSDT,2024-02-19 00:00:00.000,0.00016827,25.67291778,Regular
ZECUSDT,2024-02-19 08:00:00.000,0.00038501,25.61000000,Regular
ZECUSDT,2024-02-19 16:00:00.000,0.00026754,25.85988702,Regular
ZECUSDT,2024-02-20 00:00:00.000,0.00040976,26.89000000,Regular
ZECUSDT,2024-02-20 08:00:00.000,0.00046895,26.27071397,Regular
ZECUSDT,2024-02-20 16:00:00.000,0.00026491,23.97131028,Regular
ZECUSDT,2024-02-21 00:00:00.000,0.0001,24.82000000,Regular
ZECUSDT,2024-02-21 08:00:00.000,0.00013694,24.21925017,Regular
ZECUSDT,2024-02-21 16:00:00.000,0.0001,24.21406773,Regular
ZECUSDT,2024-02-22 00:00:00.001,0.00010267,24.52910188,Regular
ZECUSDT,2024-02-22 08:00:00.001,0.0001,28.34010206,Regular
ZECUSDT,2024-02-22 16:00:00.000,0.00017088,27.52000000,Regular
ZECUSDT,2024-02-23 00:00:00.000,0.00018537,26.77000000,Regular
ZECUSDT,2024-02-23 08:00:00.000,0.00022685,26.29375524,Regular
ZECUSDT,2024-02-23 16:00:00.000,0.00020302,26.79811237,Regular
ZECUSDT,2024-02-24 00:00:00.000,0.00014897,26.86000000,Regular
ZECUSDT,2024-02-24 08:00:00.001,0.0001,27.75000000,Regular
ZECUSDT,2024-02-24 16:00:00.000,0.00011225,27.72000000,Regular
ZECUSDT,2024-02-25 00:00:00.001,0.0001,27.97955020,Regular
ZECUSDT,2024-02-25 08:00:00.000,0.00021739,27.48379355,Regular
ZECUSDT,2024-02-25 16:00:00.000,0.00013618,27.55552551,Regular
ZECUSDT,2024-02-26 00:00:00.000,0.00019926,27.76000000,Regular
ZECUSDT,2024-02-26 08:00:00.000,0.00027817,28.69000000,Regular
ZECUSDT,2024-02-26 16:00:00.000,0.00037528,28.57000000,Regular
ZECUSDT,2024-02-27 00:00:00.000,0.00032352,28.12951638,Regular
ZECUSDT,2024-02-27 08:00:00.000,0.00058284,29.30474054,Regular
ZECUSDT,2024-02-27 16:00:00.000,0.00036612,28.54993490,Regular
ZECUSDT,2024-02-28 00:00:00.000,0.00043196,28.79000000,Regular
ZECUSDT,2024-02-28 08:00:00.000,0.00037204,28.87757693,Regular
ZECUSDT,2024-02-28 16:00:00.000,0.00069102,28.57839423,Regular
ZECUSDT,2024-02-29 00:00:00.000,0.0003165,28.32666559,Regular
ZECUSDT,2024-02-29 08:00:00.000,0.00080909,29.89000000,Regular
ZECUSDT,2024-02-29 16:00:00.000,0.00068939,29.69000000,Regular
ZECUSDT,2024-03-01 00:00:00.000,0.00047432,27.93084919,Regular
ZECUSDT,2024-03-01 08:00:00.000,0.00056819,28.69540134,Regular
ZECUSDT,2024-03-01 16:00:00.000,0.00044185,28.82000000,Regular
ZECUSDT,2024-03-02 00:00:00.000,0.00076526,29.58000000,Regular
ZECUSDT,2024-03-02 08:00:00.001,0.00088447,30.90000000,Regular
ZECUSDT,2024-03-02 16:00:00.000,0.0007638,31.33800471,Regular
ZECUSDT,2024-03-03 00:00:00.000,0.00081283,33.15000000,Regular
ZECUSDT,2024-03-03 08:00:00.000,0.00076576,31.72000000,Regular
ZECUSDT,2024-03-03 16:00:00.000,0.00056288,31.95000000,Regular
ZECUSDT,2024-03-04 00:00:00.000,0.00044867,31.65000000,Regular
ZECUSDT,2024-03-04 08:00:00.000,0.00074422,32.35000000,Regular
ZECUSDT,2024-03-04 16:00:00.000,0.00058679,32.06024526,Regular
ZECUSDT,2024-03-05 00:00:00.000,0.0005693,32.78281240,Regular
ZECUSDT,2024-03-05 08:00:00.000,0.00113755,33.58000000,Regular
ZECUSDT,2024-03-05 16:00:00.000,0.00095717,34.23363969,Regular
ZECUSDT,2024-03-06 00:00:00.000,0.0001,30.31472930,Regular
ZECUSDT,2024-03-06 08:00:00.001,0.00014415,31.71000000,Regular
ZECUSDT,2024-03-06 16:00:00.000,0.0001,30.99000000,Regular
ZECUSDT,2024-03-07 00:00:00.000,0.00015741,32.89000000,Regular
ZECUSDT,2024-03-07 08:00:00.000,0.00039144,33.42000000,Regular
ZECUSDT,2024-03-07 16:00:00.000,0.0001822,33.74902051,Regular
ZECUSDT,2024-03-08 00:00:00.000,0.00059565,34.09664717,Regular
ZECUSDT,2024-03-08 08:00:00.000,0.00052411,33.79000000,Regular
ZECUSDT,2024-03-08 16:00:00.000,0.00050527,33.86157688,Regular
ZECUSDT,2024-03-09 00:00:00.000,0.00057589,34.63000000,Regular
ZECUSDT,2024-03-09 08:00:00.001,0.00079324,35.23000000,Regular
ZECUSDT,2024-03-09 16:00:00.000,0.00086635,34.96772645,Regular
ZECUSDT,2024-03-10 00:00:00.000,0.00061045,34.27000000,Regular
ZECUSDT,2024-03-10 08:00:00.000,0.00068869,34.25128504,Regular
ZECUSDT,2024-03-10 16:00:00.000,0.00026212,32.95555542,Regular
ZECUSDT,2024-03-11 00:00:00.000,0.00023409,33.79000000,Regular
ZECUSDT,2024-03-11 08:00:00.000,0.00060386,33.76000000,Regular
ZECUSDT,2024-03-11 16:00:00.000,0.00059185,33.09000000,Regular
ZECUSDT,2024-03-12 00:00:00.000,0.00083685,34.91828920,Regular
ZECUSDT,2024-03-12 08:00:00.000,0.00058103,33.66452088,Regular
ZECUSDT,2024-03-12 16:00:00.000,0.0003462,33.30000000,Regular
ZECUSDT,2024-03-13 00:00:00.000,0.00052325,34.20312500,Regular
ZECUSDT,2024-03-13 08:00:00.001,0.00078674,34.72478849,Regular
ZECUSDT,2024-03-13 16:00:00.000,0.0007452,33.28885577,Regular
ZECUSDT,2024-03-14 00:00:00.001,0.00052991,34.90000000,Regular
ZECUSDT,2024-03-14 08:00:00.000,0.00070068,34.58000000,Regular
ZECUSDT,2024-03-14 16:00:00.000,0.00031224,32.98621474,Regular
ZECUSDT,2024-03-15 00:00:00.000,0.00037148,34.13000000,Regular
ZECUSDT,2024-03-15 08:00:00.000,0.00019318,32.35994496,Regular
ZECUSDT,2024-03-15 16:00:00.000,0.0001,31.07000000,Regular
ZECUSDT,2024-03-16 00:00:00.000,0.00011819,31.51493458,Regular
ZECUSDT,2024-03-16 08:00:00.000,0.0001,32.10903535,Regular
ZECUSDT,2024-03-16 16:00:00.000,0.0003405,30.18610353,Regular
ZECUSDT,2024-03-17 00:00:00.000,0.0001,29.11000000,Regular
ZECUSDT,2024-03-17 08:00:00.000,0.0001,28.19945654,Regular
ZECUSDT,2024-03-17 16:00:00.000,0.00021039,29.70357452,Regular
ZECUSDT,2024-03-18 00:00:00.000,0.00015943,29.29000000,Regular
ZECUSDT,2024-03-18 08:00:00.000,0.0001,29.15676411,Regular
ZECUSDT,2024-03-18 16:00:00.001,0.0001,27.89999633,Regular
ZECUSDT,2024-03-19 00:00:00.000,0.00021125,27.59117712,Regular
ZECUSDT,2024-03-19 08:00:00.000,0.0001,25.62818258,Regular
ZECUSDT,2024-03-19 16:00:00.001,0.0001,26.12000000,Regular
ZECUSDT,2024-03-20 00:00:00.000,0.0001,25.04910196,Regular
ZECUSDT,2024-03-20 08:00:00.004,0.0001,26.17365595,Regular
ZECUSDT,2024-03-20 16:00:00.000,0.0001,26.24750805,Regular
ZECUSDT,2024-03-21 00:00:00.000,0.0001,28.35551886,Regular
ZECUSDT,2024-03-21 08:00:00.000,0.0001,28.81087041,Regular
ZECUSDT,2024-03-21 16:00:00.000,0.0001,29.16000000,Regular
ZECUSDT,2024-03-22 00:00:00.000,0.0001,29.41802381,Regular
ZECUSDT,2024-03-22 08:00:00.000,0.00010567,29.48000000,Regular
ZECUSDT,2024-03-22 16:00:00.000,0.0001,28.63048612,Regular
ZECUSDT,2024-03-23 00:00:00.000,0.00012682,28.81292360,Regular
ZECUSDT,2024-03-23 08:00:00.000,0.0001,28.87655511,Regular
ZECUSDT,2024-03-23 16:00:00.000,0.0001,29.35000000,Regular
ZECUSDT,2024-03-24 00:00:00.000,0.0001,28.69000000,Regular
ZECUSDT,2024-03-24 08:00:00.000,0.0001,28.99014183,Regular
ZECUSDT,2024-03-24 16:00:00.000,0.00018066,29.37000000,Regular
ZECUSDT,2024-03-25 00:00:00.000,0.0001,29.81000000,Regular
ZECUSDT,2024-03-25 08:00:00.001,0.0001,29.64922456,Regular
ZECUSDT,2024-03-25 16:00:00.000,0.00015949,30.23145845,Regular
ZECUSDT,2024-03-26 00:00:00.000,0.00019578,30.36000000,Regular
ZECUSDT,2024-03-26 08:00:00.000,0.00014903,30.92865874,Regular
ZECUSDT,2024-03-26 16:00:00.000,0.00016896,31.51000000,Regular
ZECUSDT,2024-03-27 00:00:00.000,0.00033072,31.66274044,Regular
ZECUSDT,2024-03-27 08:00:00.001,0.0003782,30.71000000,Regular
ZECUSDT,2024-03-27 16:00:00.000,0.00029318,30.53561752,Regular
ZECUSDT,2024-03-28 00:00:00.000,0.00012027,31.03717666,Regular
ZECUSDT,2024-03-28 08:00:00.000,0.00037232,31.57000000,Regular
ZECUSDT,2024-03-28 16:00:00.000,0.00024447,30.95000000,Regular
ZECUSDT,2024-03-29 00:00:00.000,0.00042024,30.83383042,Regular
ZECUSDT,2024-03-29 08:00:00.000,0.00046303,30.13371280,Regular
ZECUSDT,2024-03-29 16:00:00.000,0.00047604,30.52437195,Regular
ZECUSDT,2024-03-30 00:00:00.000,0.0004106,30.74096626,Regular
ZECUSDT,2024-03-30 08:00:00.000,0.00044922,30.21334501,Regular
ZECUSDT,2024-03-30 16:00:00.000,0.00057277,30.24000000,Regular
ZECUSDT,2024-03-31 00:00:00.000,0.0005124,30.12219594,Regular
ZECUSDT,2024-03-31 08:00:00.000,0.00053367,30.62000000,Regular
ZECUSDT,2024-03-31 16:00:00.001,0.0005848,30.47642501,Regular
ZECUSDT,2024-04-01 00:00:00.000,0.0007871,30.49596725,Regular
ZECUSDT,2024-04-01 08:00:00.000,0.00052667,29.64000000,Regular
ZECUSDT,2024-04-01 16:00:00.000,0.00022879,28.29989025,Regular
ZECUSDT,2024-04-02 00:00:00.007,0.0001,28.97856978,Regular
ZECUSDT,2024-04-02 08:00:00.015,0.00012158,27.70397179,Regular
ZECUSDT,2024-04-02 16:00:00.000,0.0001,27.16684679,Regular
ZECUSDT,2024-04-03 00:00:00.000,0.0001,27.68471560,Regular
ZECUSDT,2024-04-03 08:00:00.000,0.00013833,28.17217378,Regular
ZECUSDT,2024-04-03 16:00:00.000,0.00011849,27.58000000,Regular
ZECUSDT,2024-04-04 00:00:00.000,0.0001,27.19641524,Regular
ZECUSDT,2024-04-04 08:00:00.000,0.0001,27.52000000,Regular
ZECUSDT,2024-04-04 16:00:00.000,0.0001,27.87000000,Regular
ZECUSDT,2024-04-05 00:00:00.000,0.0001,27.69000000,Regular
ZECUSDT,2024-04-05 08:00:00.000,0.0001,27.22060324,Regular
ZECUSDT,2024-04-05 16:00:00.000,0.0001,27.51000000,Regular
ZECUSDT,2024-04-06 00:00:00.000,0.0001,27.31474479,Regular
ZECUSDT,2024-04-06 08:00:00.000,0.00012869,27.57778913,Regular
ZECUSDT,2024-04-06 16:00:00.000,0.00013338,27.54315763,Regular
ZECUSDT,2024-04-07 00:00:00.000,0.0001,27.52000000,Regular
ZECUSDT,2024-04-07 08:00:00.000,0.0001,27.72885604,Regular
ZECUSDT,2024-04-07 16:00:00.000,0.00013036,27.87000000,Regular
ZECUSDT,2024-04-08 00:00:00.001,0.00014088,27.87808247,Regular
ZECUSDT,2024-04-08 08:00:00.000,0.00020452,27.80000000,Regular
ZECUSDT,2024-04-08 16:00:00.006,0.00017411,28.44000000,Regular
ZECUSDT,2024-04-09 00:00:00.000,0.00010334,28.54159579,Regular
ZECUSDT,2024-04-09 08:00:00.001,0.00015802,28.29000000,Regular
ZECUSDT,2024-04-09 16:00:00.001,0.0001,28.03000000,Regular
ZECUSDT,2024-04-10 00:00:00.000,0.00021077,27.66000000,Regular
ZECUSDT,2024-04-10 08:00:00.001,0.00011639,27.28000000,Regular
ZECUSDT,2024-04-10 16:00:00.000,0.00012506,26.88270908,Regular
ZECUSDT,2024-04-11 00:00:00.000,0.0001,27.08244539,Regular
ZECUSDT,2024-04-11 08:00:00.000,0.0001361,27.08000000,Regular
ZECUSDT,2024-04-11 16:00:00.000,0.0001371,26.61000000,Regular
ZECUSDT,2024-04-12 00:00:00.000,0.00028569,26.54538270,Regular
ZECUSDT,2024-04-12 08:00:00.001,0.0001,26.78245316,Regular
ZECUSDT,2024-04-12 16:00:00.000,0.0001023,26.39772878,Regular
ZECUSDT,2024-04-13 00:00:00.000,0.0001,23.22204968,Regular
ZECUSDT,2024-04-13 08:00:00.000,0.0001,23.57548242,Regular
ZECUSDT,2024-04-13 16:00:00.001,0.0001,23.51684348,Regular
ZECUSDT,2024-04-14 00:00:00.000,7.129e-05,20.45986604,Regular
ZECUSDT,2024-04-14 08:00:00.000,0.0001,21.67113594,Regular
ZECUSDT,2024-04-14 16:00:00.000,0.0001,20.94000000,Regular
ZECUSDT,2024-04-15 00:00:00.000,0.0001,21.95267248,Regular
ZECUSDT,2024-04-15 08:00:00.001,0.0001,22.75000000,Regular
ZECUSDT,2024-04-15 16:00:00.000,0.0001,21.77786238,Regular
ZECUSDT,2024-04-16 00:00:00.001,0.0001,21.20340275,Regular
ZECUSDT,2024-04-16 08:00:00.000,0.0001,21.69000000,Regular
ZECUSDT,2024-04-16 16:00:00.000,0.0001,20.67112343,Regular
ZECUSDT,2024-04-17 00:00:00.000,0.0001,21.39374175,Regular
ZECUSDT,2024-04-17 08:00:00.000,0.0001,21.23126587,Regular
ZECUSDT,2024-04-17 16:00:00.000,0.0001,20.30214299,Regular
ZECUSDT,2024-04-18 00:00:00.000,0.0001,21.03893058,Regular
ZECUSDT,2024-04-18 08:00:00.000,0.0001,20.64507797,Regular
ZECUSDT,2024-04-18 16:00:00.000,0.0001,21.84000000,Regular
ZECUSDT,2024-04-19 00:00:00.001,0.0001,22.00000000,Regular
ZECUSDT,2024-04-19 08:00:00.000,0.0001,22.42000000,Regular
ZECUSDT,2024-04-19 16:00:00.000,0.0001,22.42000000,Regular
ZECUSDT,2024-04-20 00:00:00.000,0.0001,22.25000000,Regular
ZECUSDT,2024-04-20 08:00:00.000,0.0001,22.51331939,Regular
ZECUSDT,2024-04-20 16:00:00.000,0.0001,22.91393242,Regular
ZECUSDT,2024-04-21 00:00:00.000,7.604e-05,23.23000000,Regular
ZECUSDT,2024-04-21 08:00:00.000,0.0001,23.25000000,Regular
ZECUSDT,2024-04-21 16:00:00.000,0.0001,22.89000000,Regular
ZECUSDT,2024-04-22 00:00:00.000,8.156e-05,22.71414790,Regular
ZECUSDT,2024-04-22 08:00:00.000,-3.729e-05,23.71000000,Regular
ZECUSDT,2024-04-22 16:00:00.000,7.323e-05,23.94431899,Regular
ZECUSDT,2024-04-23 00:00:00.000,0.0001,24.29142705,Regular
ZECUSDT,2024-04-23 08:00:00.000,0.0001,23.67727331,Regular
ZECUSDT,2024-04-23 16:00:00.001,0.0001,24.01385117,Regular
ZECUSDT,2024-04-24 00:00:00.000,-4.37e-05,23.95082740,Regular
ZECUSDT,2024-04-24 08:00:00.000,0.0001,24.03000000,Regular
ZECUSDT,2024-04-24 16:00:00.000,0.0001,23.18427634,Regular
ZECUSDT,2024-04-25 00:00:00.000,8.97e-05,22.88000000,Regular
ZECUSDT,2024-04-25 08:00:00.000,-5e-08,22.71586035,Regular
ZECUSDT,2024-04-25 16:00:00.010,0.0001,23.26000000,Regular
ZECUSDT,2024-04-26 00:00:00.001,0.0001,23.34000000,Regular
ZECUSDT,2024-04-26 08:00:00.000,0.0001,22.98000000,Regular
ZECUSDT,2024-04-26 16:00:00.000,0.0001,22.86000000,Regular
ZECUSDT,2024-04-27 00:00:00.000,0.0001,22.87000000,Regular
ZECUSDT,2024-04-27 08:00:00.001,0.0001,22.66613808,Regular
ZECUSDT,2024-04-27 16:00:00.000,0.0001,22.66336097,Regular
ZECUSDT,2024-04-28 00:00:00.000,0.0001,23.21000000,Regular
ZECUSDT,2024-04-28 08:00:00.000,0.0001,23.25531286,Regular
ZECUSDT,2024-04-28 16:00:00.000,5.144e-05,22.91000000,Regular
ZECUSDT,2024-04-29 00:00:00.000,9.232e-05,22.46104479,Regular
ZECUSDT,2024-04-29 08:00:00.000,0.0001,22.18490798,Regular
ZECUSDT,2024-04-29 16:00:00.000,0.0001,22.49893157,Regular
ZECUSDT,2024-04-30 00:00:00.000,0.0001,22.34880123,Regular
ZECUSDT,2024-04-30 08:00:00.000,0.0001,22.00022486,Regular
ZECUSDT,2024-04-30 16:00:00.000,0.0001,20.86408074,Regular
ZECUSDT,2024-05-01 00:00:00.000,0.0001,21.35692055,Regular
ZECUSDT,2024-05-01 08:00:00.000,0.0001,20.57509687,Regular
ZECUSDT,2024-05-01 16:00:00.000,0.0001,20.97043320,Regular
ZECUSDT,2024-05-02 00:00:00.000,0.0001,22.21230477,Regular
ZECUSDT,2024-05-02 08:00:00.000,0.0001,21.72000000,Regular
ZECUSDT,2024-05-02 16:00:00.002,0.0001,22.69000000,Regular
ZECUSDT,2024-05-03 00:00:00.000,0.0001,22.74000000,Regular
ZECUSDT,2024-05-03 08:00:00.000,0.0001,22.45585568,Regular
ZECUSDT,2024-05-03 16:00:00.000,0.0001,23.11675561,Regular
ZECUSDT,2024-05-04 00:00:00.000,-2.733e-05,23.01604316,Regular
ZECUSDT,2024-05-04 08:00:00.000,7.214e-05,22.86000000,Regular
ZECUSDT,2024-05-04 16:00:00.000,0.0001,23.22000000,Regular
ZECUSDT,2024-05-05 00:00:00.000,3.165e-05,23.08128072,Regular
ZECUSDT,2024-05-05 08:00:00.000,0.0001,22.80000000,Regular
ZECUSDT,2024-05-05 16:00:00.000,-3.833e-05,23.22182956,Regular
ZECUSDT,2024-05-06 00:00:00.000,0.0001,23.07179724,Regular
ZECUSDT,2024-05-06 08:00:00.000,2.436e-05,23.48145015,Regular
ZECUSDT,2024-05-06 16:00:00.000,0.0001,23.14000000,Regular
ZECUSDT,2024-05-07 00:00:00.000,0.0001,22.85000000,Regular
ZECUSDT,2024-05-07 08:00:00.000,0.0001,22.86000000,Regular
ZECUSDT,2024-05-07 16:00:00.000,0.0001,22.81421075,Regular
ZECUSDT,2024-05-08 00:00:00.000,0.0001,22.42315683,Regular
ZECUSDT,2024-05-08 08:00:00.000,0.0001,22.29673254,Regular
ZECUSDT,2024-05-08 16:00:00.000,0.0001,22.92430833,Regular
ZECUSDT,2024-05-09 00:00:00.000,0.0001,23.46561263,Regular
ZECUSDT,2024-05-09 08:00:00.000,0.0001,23.13486305,Regular
ZECUSDT,2024-05-09 16:00:00.000,0.0001,23.67340084,Regular
ZECUSDT,2024-05-10 00:00:00.000,0.0001,23.44891934,Regular
ZECUSDT,2024-05-10 08:00:00.000,0.0001,23.79000000,Regular
ZECUSDT,2024-05-10 16:00:00.000,0.0001,23.16434732,Regular
ZECUSDT,2024-05-11 00:00:00.000,0.0001,22.84289444,Regular
ZECUSDT,2024-05-11 08:00:00.000,0.0001,22.84546260,Regular
ZECUSDT,2024-05-11 16:00:00.000,0.0001,22.91825022,Regular
ZECUSDT,2024-05-12 00:00:00.000,0.0001,22.48000000,Regular
ZECUSDT,2024-05-12 08:00:00.000,0.0001,22.65000000,Regular
ZECUSDT,2024-05-12 16:00:00.000,0.0001,22.87780749,Regular
ZECUSDT,2024-05-13 00:00:00.001,0.0001,22.36000000,Regular
ZECUSDT,2024-05-13 08:00:00.001,0.0001,22.50489442,Regular
ZECUSDT,2024-05-13 16:00:00.000,0.0001,22.27539059,Regular
ZECUSDT,2024-05-14 00:00:00.000,0.0001,22.17420563,Regular
ZECUSDT,2024-05-14 08:00:00.000,0.0001,22.33000000,Regular
ZECUSDT,2024-05-14 16:00:00.000,0.0001,22.39935041,Regular
ZECUSDT,2024-05-15 00:00:00.000,0.0001,21.93577985,Regular
ZECUSDT,2024-05-15 08:00:00.000,0.0001,22.51390304,Regular
ZECUSDT,2024-05-15 16:00:00.000,0.0001,22.48000000,Regular
ZECUSDT,2024-05-16 00:00:00.004,0.0001,23.22000000,Regular
ZECUSDT,2024-05-16 08:00:00.000,0.0001,23.38000000,Regular
ZECUSDT,2024-05-16 16:00:00.000,0.0001,23.30358734,Regular
ZECUSDT,2024-05-17 00:00:00.000,0.0001,23.68000000,Regular
ZECUSDT,2024-05-17 08:00:00.000,0.0001,23.68000000,Regular
ZECUSDT,2024-05-17 16:00:00.000,0.0001,23.72000000,Regular
ZECUSDT,2024-05-18 00:00:00.000,0.0001,23.58000000,Regular
ZECUSDT,2024-05-18 08:00:00.000,0.0001,23.51333252,Regular
ZECUSDT,2024-05-18 16:00:00.000,0.0001,23.35000000,Regular
ZECUSDT,2024-05-19 00:00:00.000,0.0001,23.55343494,Regular
ZECUSDT,2024-05-19 08:00:00.000,0.0001,23.50000000,Regular
ZECUSDT,2024-05-19 16:00:00.000,0.0001,23.40294125,Regular
ZECUSDT,2024-05-20 00:00:00.000,0.0001,23.22256270,Regular
ZECUSDT,2024-05-20 08:00:00.000,0.0001,23.46789248,Regular
ZECUSDT,2024-05-20 16:00:00.003,0.0001,23.48156860,Regular
ZECUSDT,2024-05-21 00:00:00.000,0.0001,25.02779706,Regular
ZECUSDT,2024-05-21 08:00:00.001,0.0001,24.74291326,Regular
ZECUSDT,2024-05-21 16:00:00.000,0.0001,24.27052112,Regular
ZECUSDT,2024-05-22 00:00:00.000,0.0001,24.59597369,Regular
ZECUSDT,2024-05-22 08:00:00.000,0.0001,24.27000000,Regular
ZECUSDT,2024-05-22 16:00:00.000,0.0001,24.78000000,Regular
ZECUSDT,2024-05-23 00:00:00.000,0.0001,24.70743695,Regular
ZECUSDT,2024-05-23 08:00:00.000,0.0001,25.13000000,Regular
ZECUSDT,2024-05-23 16:00:00.000,0.0001,24.58000000,Regular
ZECUSDT,2024-05-24 00:00:00.000,0.0001,25.31974228,Regular
ZECUSDT,2024-05-24 08:00:00.000,0.0001,26.43864574,Regular
ZECUSDT,2024-05-24 16:00:00.000,0.0001,26.68044434,Regular
ZECUSDT,2024-05-25 00:00:00.000,0.0001,27.71890142,Regular
ZECUSDT,2024-05-25 08:00:00.000,0.0001,27.45241225,Regular
ZECUSDT,2024-05-25 16:00:00.000,0.0001,26.65000000,Regular
ZECUSDT,2024-05-26 00:00:00.000,0.0001,26.91213496,Regular
ZECUSDT,2024-05-26 08:00:00.000,0.0001,26.79805933,Regular
ZECUSDT,2024-05-26 16:00:00.000,0.0001,26.37611985,Regular
ZECUSDT,2024-05-27 00:00:00.000,0.0001,26.53371044,Regular
ZECUSDT,2024-05-27 08:00:00.000,0.0001,26.66000000,Regular
ZECUSDT,2024-05-27 16:00:00.000,0.0001,27.88000000,Regular
ZECUSDT,2024-05-28 00:00:00.000,0.0001,27.01000000,Regular
ZECUSDT,2024-05-28 08:00:00.000,0.0001,26.84095237,Regular
ZECUSDT,2024-05-28 16:00:00.000,0.0001,26.52000000,Regular
ZECUSDT,2024-05-29 00:00:00.001,0.0001,26.67000000,Regular
ZECUSDT,2024-05-29 08:00:00.000,0.0001,26.86000000,Regular
ZECUSDT,2024-05-29 16:00:00.000,0.0001,26.89078164,Regular
ZECUSDT,2024-05-30 00:00:00.000,0.0001,26.85853209,Regular
ZECUSDT,2024-05-30 08:00:00.000,0.0001,26.40000000,Regular
ZECUSDT,2024-05-30 16:00:00.000,0.0001,26.97000000,Regular
ZECUSDT,2024-05-31 00:00:00.000,0.0001,26.72000000,Regular
ZECUSDT,2024-05-31 08:00:00.000,0.0001,26.70772091,Regular
ZECUSDT,2024-05-31 16:00:00.000,0.0001,26.53502451,Regular
ZECUSDT,2024-06-01 00:00:00.000,0.0001088,26.98000000,Regular
ZECUSDT,2024-06-01 08:00:00.000,0.0001,26.42000000,Regular
ZECUSDT,2024-06-01 16:00:00.001,0.0001,26.81000000,Regular
ZECUSDT,2024-06-02 00:00:00.000,0.0001,27.07000000,Regular
ZECUSDT,2024-06-02 08:00:00.000,0.0001,26.41576843,Regular
ZECUSDT,2024-06-02 16:00:00.000,0.0001,26.74073050,Regular
ZECUSDT,2024-06-03 00:00:00.000,0.0001,26.39000000,Regular
ZECUSDT,2024-06-03 08:00:00.000,0.0001,26.60000000,Regular
ZECUSDT,2024-06-03 16:00:00.000,0.0001,25.93958197,Regular
ZECUSDT,2024-06-04 00:00:00.000,0.0001,25.51967086,Regular
ZECUSDT,2024-06-04 08:00:00.000,0.0001,25.44000000,Regular
ZECUSDT,2024-06-04 16:00:00.000,0.0001,25.69000000,Regular
ZECUSDT,2024-06-05 00:00:00.000,0.00013968,27.57892122,Regular
ZECUSDT,2024-06-05 08:00:00.000,0.00019657,27.06000000,Regular
ZECUSDT,2024-06-05 16:00:00.000,0.0001,26.60000000,Regular
ZECUSDT,2024-06-06 00:00:00.000,0.00017579,26.52000000,Regular
ZECUSDT,2024-06-06 08:00:00.008,0.0001,26.15000000,Regular
ZECUSDT,2024-06-06 16:00:00.000,0.0001,26.71000000,Regular
ZECUSDT,2024-06-07 00:00:00.000,0.0001,26.77000000,Regular
ZECUSDT,2024-06-07 08:00:00.000,0.00022988,26.88006224,Regular
ZECUSDT,2024-06-07 16:00:00.000,0.00016878,26.73000000,Regular
ZECUSDT,2024-06-08 00:00:00.000,0.0001,24.90580793,Regular
ZECUSDT,2024-06-08 08:00:00.000,0.0001,24.95000000,Regular
ZECUSDT,2024-06-08 16:00:00.000,0.0001,24.07000000,Regular
ZECUSDT,2024-06-09 00:00:00.000,0.0001,22.97488326,Regular
ZECUSDT,2024-06-09 08:00:00.000,0.0001,23.55000000,Regular
ZECUSDT,2024-06-09 16:00:00.001,0.0001,23.45000000,Regular
ZECUSDT,2024-06-10 00:00:00.000,0.0001,23.75131653,Regular
ZECUSDT,2024-06-10 08:00:00.000,0.0001,23.29716032,Regular
ZECUSDT,2024-06-10 16:00:00.001,0.0001,24.15913230,Regular
ZECUSDT,2024-06-11 00:00:00.001,0.0001,23.56000000,Regular
ZECUSDT,2024-06-11 08:00:00.000,0.0001,23.03003469,Regular
ZECUSDT,2024-06-11 16:00:00.000,0.0001,22.28431195,Regular
ZECUSDT,2024-06-12 00:00:00.000,0.0001,22.77021906,Regular
ZECUSDT,2024-06-12 08:00:00.000,0.0001,23.25000000,Regular
ZECUSDT,2024-06-12 16:00:00.000,0.0001,23.78419759,Regular
ZECUSDT,2024-06-13 00:00:00.000,0.0001,23.60406404,Regular
ZECUSDT,2024-06-13 08:00:00.001,0.0001,23.23000000,Regular
ZECUSDT,2024-06-13 16:00:00.000,0.0001,22.75402516,Regular
ZECUSDT,2024-06-14 00:00:00.000,0.0001,22.76603334,Regular
ZECUSDT,2024-06-14 08:00:00.000,0.0001,23.29672261,Regular
ZECUSDT,2024-06-14 16:00:00.000,0.0001,23.04028628,Regular
ZECUSDT,2024-06-15 00:00:00.000,0.0001,22.74000000,Regular
ZECUSDT,2024-06-15 08:00:00.000,0.0001,22.81000000,Regular
ZECUSDT,2024-06-15 16:00:00.000,0.0001,22.65271905,Regular
ZECUSDT,2024-06-16 00:00:00.001,0.0001,22.65000000,Regular
ZECUSDT,2024-06-16 08:00:00.000,0.0001,22.86415027,Regular
ZECUSDT,2024-06-16 16:00:00.000,0.0001,22.67000000,Regular
ZECUSDT,2024-06-17 00:00:00.000,0.0001,22.85557080,Regular
ZECUSDT,2024-06-17 08:00:00.000,0.0001,22.24828711,Regular
ZECUSDT,2024-06-17 16:00:00.000,0.0001,21.89773574,Regular
ZECUSDT,2024-06-18 00:00:00.000,0.0001,21.70000000,Regular
ZECUSDT,2024-06-18 08:00:00.000,0.0001,20.27379893,Regular
ZECUSDT,2024-06-18 16:00:00.000,0.0001,20.07763830,Regular
ZECUSDT,2024-06-19 00:00:00.001,0.0001,20.50000000,Regular
ZECUSDT,2024-06-19 08:00:00.001,3.708e-05,20.84000000,Regular
ZECUSDT,2024-06-19 16:00:00.000,0.0001,19.99450509,Regular
ZECUSDT,2024-06-20 00:00:00.000,0.0001,20.06000000,Regular
ZECUSDT,2024-06-20 08:00:00.000,0.0001,20.59000000,Regular
ZECUSDT,2024-06-20 16:00:00.000,0.0001,19.94000000,Regular
ZECUSDT,2024-06-21 00:00:00.000,0.0001,20.00824641,Regular
ZECUSDT,2024-06-21 08:00:00.000,0.0001,19.88913915,Regular
ZECUSDT,2024-06-21 16:00:00.000,0.0001,20.17243795,Regular
ZECUSDT,2024-06-22 00:00:00.000,0.0001,20.06456121,Regular
ZECUSDT,2024-06-22 08:00:00.000,0.0001,19.98000000,Regular
ZECUSDT,2024-06-22 16:00:00.000,0.0001,19.98301220,Regular
ZECUSDT,2024-06-23 00:00:00.000,0.0001,19.98000000,Regular
ZECUSDT,2024-06-23 08:00:00.000,0.0001,20.22047651,Regular
ZECUSDT,2024-06-23 16:00:00.000,0.0001,19.75000000,Regular
ZECUSDT,2024-06-24 00:00:00.002,0.0001,19.58457053,Regular
ZECUSDT,2024-06-24 08:00:00.000,0.0001,19.44042384,Regular
ZECUSDT,2024-06-24 16:00:00.000,0.0001,19.19694316,Regular
ZECUSDT,2024-06-25 00:00:00.000,0.0001,19.81000000,Regular
ZECUSDT,2024-06-25 08:00:00.000,0.0001,19.60915609,Regular
ZECUSDT,2024-06-25 16:00:00.000,0.0001,20.21000000,Regular
ZECUSDT,2024-06-26 00:00:00.002,0.0001,20.14506117,Regular
ZECUSDT,2024-06-26 08:00:00.000,0.0001,20.08956283,Regular
ZECUSDT,2024-06-26 16:00:00.000,0.0001,19.81223587,Regular
ZECUSDT,2024-06-27 00:00:00.000,0.0001,19.88856172,Regular
ZECUSDT,2024-06-27 08:00:00.001,0.0001,19.91589501,Regular
ZECUSDT,2024-06-27 16:00:00.000,0.0001,20.66212584,Regular
ZECUSDT,2024-06-28 00:00:00.000,0.0001,20.87059214,Regular
ZECUSDT,2024-06-28 08:00:00.000,0.0001,20.76000000,Regular
ZECUSDT,2024-06-28 16:00:00.000,0.0001,20.89000000,Regular
ZECUSDT,2024-06-29 00:00:00.001,0.0001,20.65506164,Regular
ZECUSDT,2024-06-29 08:00:00.000,0.0001,20.66936755,Regular
ZECUSDT,2024-06-29 16:00:00.000,0.0001,20.64520120,Regular
ZECUSDT,2024-06-30 00:00:00.000,0.0001,20.22899830,Regular
ZECUSDT,2024-06-30 08:00:00.000,0.0001,20.44000000,Regular
ZECUSDT,2024-06-30 16:00:00.000,0.0001,20.62599987,Regular
ZECUSDT,2024-07-01 00:00:00.000,0.0001,20.94000000,Regular
ZECUSDT,2024-07-01 08:00:00.000,0.0001,20.85415684,Regular
ZECUSDT,2024-07-01 16:00:00.001,0.0001,20.46000000,Regular
ZECUSDT,2024-07-02 00:00:00.000,0.0001,20.72000000,Regular
ZECUSDT,2024-07-02 08:00:00.000,0.0001,20.58724572,Regular
ZECUSDT,2024-07-02 16:00:00.000,0.0001,20.70769003,Regular
ZECUSDT,2024-07-03 00:00:00.000,0.0001,20.83450397,Regular
ZECUSDT,2024-07-03 08:00:00.001,0.0001,20.80291491,Regular
ZECUSDT,2024-07-03 16:00:00.000,0.0001,20.71000000,Regular
ZECUSDT,2024-07-04 00:00:00.000,0.0001,20.78745742,Regular
ZECUSDT,2024-07-04 08:00:00.000,0.0001,19.65547327,Regular
ZECUSDT,2024-07-04 16:00:00.000,0.0001,19.38411634,Regular
ZECUSDT,2024-07-05 00:00:00.000,0.0001,18.38110196,Regular
ZECUSDT,2024-07-05 08:00:00.000,0.0001,16.99517223,Regular
ZECUSDT,2024-07-05 16:00:00.000,0.0001,18.01697745,Regular
ZECUSDT,2024-07-06 00:00:00.000,0.0001,18.28000000,Regular
ZECUSDT,2024-07-06 08:00:00.000,0.0001,18.85473680,Regular
ZECUSDT,2024-07-06 16:00:00.000,3.885e-05,19.18266372,Regular
ZECUSDT,2024-07-07 00:00:00.001,8.2e-05,19.81000000,Regular
ZECUSDT,2024-07-07 08:00:00.000,-9.136e-05,19.69783487,Regular
ZECUSDT,2024-07-07 16:00:00.000,-0.00027599,19.54918098,Regular
ZECUSDT,2024-07-08 00:00:00.000,0.0001,18.66077121,Regular
ZECUSDT,2024-07-08 08:00:00.000,0.0001,18.68000000,Regular
ZECUSDT,2024-07-08 16:00:00.000,2.028e-05,19.97000000,Regular
ZECUSDT,2024-07-09 00:00:00.000,7.12e-06,20.45395622,Regular
ZECUSDT,2024-07-09 08:00:00.001,-7.453e-05,21.40000000,Regular
ZECUSDT,2024-07-09 16:00:00.000,0.0001,22.13000000,Regular
ZECUSDT,2024-07-10 00:00:00.000,0.0001,22.60504410,Regular
ZECUSDT,2024-07-10 08:00:00.000,-5.923e-05,23.26569780,Regular
ZECUSDT,2024-07-10 16:00:00.000,-4.688e-05,23.08241818,Regular
ZECUSDT,2024-07-11 00:00:00.002,0.0001,23.39000000,Regular
ZECUSDT,2024-07-11 08:00:00.002,0.0001,23.16000000,Regular
ZECUSDT,2024-07-11 16:00:00.004,0.0001,23.81674400,Regular
ZECUSDT,2024-07-12 00:00:00.000,0.0001,24.19463971,Regular
ZECUSDT,2024-07-12 08:00:00.000,0.0001,23.72503988,Regular
ZECUSDT,2024-07-12 16:00:00.000,0.0001,23.51808139,Regular
ZECUSDT,2024-07-13 00:00:00.000,0.0001,24.05638949,Regular
ZECUSDT,2024-07-13 08:00:00.000,-4.145e-05,25.60673938,Regular
ZECUSDT,2024-07-13 16:00:00.000,7.581e-05,25.68433837,Regular
ZECUSDT,2024-07-14 00:00:00.000,-0.00032525,26.74508637,Regular
ZECUSDT,2024-07-14 08:00:00.000,0.0001,27.16421632,Regular
ZECUSDT,2024-07-14 16:00:00.000,-0.00105088,28.64725346,Regular
ZECUSDT,2024-07-15 00:00:00.000,0.0001,29.34000000,Regular
ZECUSDT,2024-07-15 08:00:00.000,-1.283e-05,29.41000000,Regular
ZECUSDT,2024-07-15 16:00:00.000,0.0001,28.96295340,Regular
ZECUSDT,2024-07-16 00:00:00.000,0.0001,28.19000000,Regular
ZECUSDT,2024-07-16 08:00:00.000,0.0001,29.17229830,Regular
ZECUSDT,2024-07-16 16:00:00.000,-0.00035873,29.92494616,Regular
ZECUSDT,2024-07-17 00:00:00.000,0.0001,30.28246141,Regular
ZECUSDT,2024-07-17 08:00:00.001,0.0001,30.89000000,Regular
ZECUSDT,2024-07-17 16:00:00.000,0.0001,31.15176144,Regular
ZECUSDT,2024-07-18 00:00:00.000,0.0001,31.06000000,Regular
ZECUSDT,2024-07-18 08:00:00.000,0.0001,30.32106340,Regular
ZECUSDT,2024-07-18 16:00:00.000,0.0001,30.72000000,Regular
ZECUSDT,2024-07-19 00:00:00.000,0.0001,30.76886334,Regular
ZECUSDT,2024-07-19 08:00:00.000,0.0001,30.59000000,Regular
ZECUSDT,2024-07-19 16:00:00.000,0.0001,29.41500916,Regular
ZECUSDT,2024-07-20 00:00:00.001,0.0001,29.50000000,Regular
ZECUSDT,2024-07-20 08:00:00.000,0.0001,29.63879121,Regular
ZECUSDT,2024-07-20 16:00:00.000,0.0001,29.24177311,Regular
ZECUSDT,2024-07-21 00:00:00.000,0.0001,29.61297649,Regular
ZECUSDT,2024-07-21 08:00:00.000,0.0001,29.65675900,Regular
ZECUSDT,2024-07-21 16:00:00.000,0.0001,32.01115464,Regular
ZECUSDT,2024-07-22 00:00:00.000,0.0001,32.03000000,Regular
ZECUSDT,2024-07-22 08:00:00.000,0.0001,31.35589696,Regular
ZECUSDT,2024-07-22 16:00:00.000,0.0001,31.65690090,Regular
ZECUSDT,2024-07-23 00:00:00.000,0.0001,30.35775209,Regular
ZECUSDT,2024-07-23 08:00:00.000,0.0001,30.53383079,Regular
ZECUSDT,2024-07-23 16:00:00.000,0.0001,30.30196992,Regular
ZECUSDT,2024-07-24 00:00:00.000,0.0001,29.67000000,Regular
ZECUSDT,2024-07-24 08:00:00.000,0.0001,29.76767714,Regular
ZECUSDT,2024-07-24 16:00:00.000,0.0001,29.55000000,Regular
ZECUSDT,2024-07-25 00:00:00.000,0.0001,30.12000000,Regular
ZECUSDT,2024-07-25 08:00:00.000,0.0001,29.70345367,Regular
ZECUSDT,2024-07-25 16:00:00.000,0.0001,29.81433635,Regular
ZECUSDT,2024-07-26 00:00:00.000,0.0001,30.14000000,Regular
ZECUSDT,2024-07-26 08:00:00.000,0.0001,32.08454918,Regular
ZECUSDT,2024-07-26 16:00:00.000,0.0001,31.80000000,Regular
ZECUSDT,2024-07-27 00:00:00.000,0.0001,32.46000000,Regular
ZECUSDT,2024-07-27 08:00:00.000,0.0001,31.24901872,Regular
ZECUSDT,2024-07-27 16:00:00.000,0.0001,31.38464922,Regular
ZECUSDT,2024-07-28 00:00:00.000,0.0001,31.69000000,Regular
ZECUSDT,2024-07-28 08:00:00.000,0.0001,31.31033203,Regular
ZECUSDT,2024-07-28 16:00:00.001,9.209e-05,32.68000000,Regular
ZECUSDT,2024-07-29 00:00:00.001,0.0001,32.00530267,Regular
ZECUSDT,2024-07-29 08:00:00.000,0.0001,31.96000000,Regular
ZECUSDT,2024-07-29 16:00:00.001,0.0001,33.21344993,Regular
ZECUSDT,2024-07-30 00:00:00.000,3.518e-05,32.89158007,Regular
ZECUSDT,2024-07-30 08:00:00.001,-0.0001621,31.83000000,Regular
ZECUSDT,2024-07-30 16:00:00.000,0.0001,31.68708328,Regular
ZECUSDT,2024-07-31 00:00:00.000,0.0001,32.13000000,Regular
ZECUSDT,2024-07-31 08:00:00.000,0.0001,31.31000000,Regular
ZECUSDT,2024-07-31 16:00:00.000,0.0001,31.65000000,Regular
ZECUSDT,2024-08-01 00:00:00.000,-0.00064041,33.48782123,Regular
ZECUSDT,2024-08-01 08:00:00.000,1.688e-05,32.55699991,Regular
ZECUSDT,2024-08-01 16:00:00.000,0.0001,31.66035629,Regular
ZECUSDT,2024-08-02 00:00:00.000,0.0001,32.43130923,Regular
ZECUSDT,2024-08-02 08:00:00.001,0.0001,30.58340221,Regular
ZECUSDT,2024-08-02 16:00:00.000,-0.00043648,32.87528291,Regular
ZECUSDT,2024-08-03 00:00:00.000,-0.00022004,32.64000000,Regular
ZECUSDT,2024-08-03 08:00:00.000,-0.00040992,33.29000000,Regular
ZECUSDT,2024-08-03 16:00:00.001,-0.00047809,32.96000000,Regular
ZECUSDT,2024-08-04 00:00:00.000,0.0001,31.76000000,Regular
ZECUSDT,2024-08-04 08:00:00.000,9.116e-05,31.93000000,Regular
ZECUSDT,2024-08-04 16:00:00.000,0.0001,30.85495650,Regular
ZECUSDT,2024-08-05 00:00:00.000,0.0001,30.76984143,Regular
ZECUSDT,2024-08-05 08:00:00.000,0.0001,29.35950321,Regular
ZECUSDT,2024-08-05 16:00:00.000,0.0001,30.79433842,Regular
ZECUSDT,2024-08-06 00:00:00.000,0.0001,30.02000000,Regular
ZECUSDT,2024-08-06 08:00:00.000,0.0001,29.86371632,Regular
ZECUSDT,2024-08-06 16:00:00.000,0.0001,32.52598384,Regular
ZECUSDT,2024-08-07 00:00:00.000,0.0001,31.80731545,Regular
ZECUSDT,2024-08-07 08:00:00.001,0.0001,33.05000000,Regular
ZECUSDT,2024-08-07 16:00:00.000,0.0001,31.37160984,Regular
ZECUSDT,2024-08-08 00:00:00.001,0.0001,32.46377451,Regular
ZECUSDT,2024-08-08 08:00:00.000,0.0001,33.18000000,Regular
ZECUSDT,2024-08-08 16:00:00.000,0.0001,33.41000000,Regular
ZECUSDT,2024-08-09 00:00:00.000,0.0001,35.81129105,Regular
ZECUSDT,2024-08-09 08:00:00.000,0.0001,37.37000000,Regular
ZECUSDT,2024-08-09 16:00:00.000,0.0001,38.71000000,Regular
ZECUSDT,2024-08-10 00:00:00.000,3.994e-05,40.74453393,Regular
ZECUSDT,2024-08-10 08:00:00.000,0.0001,40.94000000,Regular
ZECUSDT,2024-08-10 16:00:00.000,0.0001,40.80000000,Regular
ZECUSDT,2024-08-11 00:00:00.000,0.0001,41.24161746,Regular
ZECUSDT,2024-08-11 08:00:00.000,0.0001,41.02944710,Regular
ZECUSDT,2024-08-11 16:00:00.001,0.0001,41.00000000,Regular
ZECUSDT,2024-08-12 00:00:00.000,3.64e-06,41.04000000,Regular
ZECUSDT,2024-08-12 08:00:00.000,0.0001,40.86585431,Regular
ZECUSDT,2024-08-12 16:00:00.000,5.586e-05,41.87157053,Regular
ZECUSDT,2024-08-13 00:00:00.000,3.715e-05,43.39989557,Regular
ZECUSDT,2024-08-13 08:00:00.000,-1.916e-05,42.54743255,Regular
ZECUSDT,2024-08-13 16:00:00.000,0.0001,41.40516832,Regular
ZECUSDT,2024-08-14 00:00:00.000,2.784e-05,42.96000000,Regular
ZECUSDT,2024-08-14 08:00:00.000,9.004e-05,44.44335846,Regular
ZECUSDT,2024-08-14 16:00:00.000,0.0001,42.80000000,Regular
ZECUSDT,2024-08-15 00:00:00.000,0.0001,42.17000000,Regular
ZECUSDT,2024-08-15 08:00:00.000,0.0001,42.41116470,Regular
ZECUSDT,2024-08-15 16:00:00.000,0.0001,41.75000000,Regular
ZECUSDT,2024-08-16 00:00:00.000,4.291e-05,42.79000000,Regular
ZECUSDT,2024-08-16 08:00:00.000,0.0001,42.12000000,Regular
ZECUSDT,2024-08-16 16:00:00.000,3.179e-05,41.80000000,Regular
ZECUSDT,2024-08-17 00:00:00.000,5.125e-05,42.33000000,Regular
ZECUSDT,2024-08-17 08:00:00.000,0.0001,42.69607894,Regular
ZECUSDT,2024-08-17 16:00:00.000,5.369e-05,43.51192288,Regular
ZECUSDT,2024-08-18 00:00:00.000,3.091e-05,43.61156168,Regular
ZECUSDT,2024-08-18 08:00:00.000,0.0001,43.64522460,Regular
ZECUSDT,2024-08-18 16:00:00.000,5.007e-05,42.99000000,Regular
ZECUSDT,2024-08-19 00:00:00.000,0.0001,42.74000000,Regular
ZECUSDT,2024-08-19 08:00:00.000,5.061e-05,41.87917517,Regular
ZECUSDT,2024-08-19 16:00:00.002,0.0001,41.69000000,Regular
ZECUSDT,2024-08-20 00:00:00.000,0.0001,41.90085005,Regular
ZECUSDT,2024-08-20 08:00:00.000,0.0001,42.36000000,Regular
ZECUSDT,2024-08-20 16:00:00.001,0.0001,41.88266000,Regular
ZECUSDT,2024-08-21 00:00:00.001,0.0001,41.54027057,Regular
ZECUSDT,2024-08-21 08:00:00.000,0.0001,42.14192799,Regular
ZECUSDT,2024-08-21 16:00:00.001,0.0001,42.38306638,Regular
ZECUSDT,2024-08-22 00:00:00.000,0.0001,41.48000000,Regular
ZECUSDT,2024-08-22 08:00:00.000,0.0001,41.16412020,Regular
ZECUSDT,2024-08-22 16:00:00.008,0.0001,41.58805083,Regular
ZECUSDT,2024-08-23 00:00:00.000,0.0001,41.40000000,Regular
ZECUSDT,2024-08-23 08:00:00.000,9.715e-05,40.32000000,Regular
ZECUSDT,2024-08-23 16:00:00.000,0.0001,40.30000000,Regular
ZECUSDT,2024-08-24 00:00:00.000,8.728e-05,42.39000000,Regular
ZECUSDT,2024-08-24 08:00:00.005,0.0001,41.25284412,Regular
ZECUSDT,2024-08-24 16:00:00.000,0.0001,43.14868530,Regular
ZECUSDT,2024-08-25 00:00:00.000,0.0001,42.98524461,Regular
ZECUSDT,2024-08-25 08:00:00.000,0.0001,41.12000000,Regular
ZECUSDT,2024-08-25 16:00:00.000,0.0001,40.39000000,Regular
ZECUSDT,2024-08-26 00:00:00.000,0.0001,39.78255549,Regular
ZECUSDT,2024-08-26 08:00:00.001,0.0001,39.32000000,Regular
ZECUSDT,2024-08-26 16:00:00.000,0.0001,39.86000000,Regular
ZECUSDT,2024-08-27 00:00:00.001,0.0001,36.70776410,Regular
ZECUSDT,2024-08-27 08:00:00.000,7.514e-05,36.61000000,Regular
ZECUSDT,2024-08-27 16:00:00.000,0.0001,36.42000000,Regular
ZECUSDT,2024-08-28 00:00:00.000,9.336e-05,35.45456106,Regular
ZECUSDT,2024-08-28 08:00:00.000,5.345e-05,34.31000000,Regular
ZECUSDT,2024-08-28 16:00:00.001,0.0001,33.10925555,Regular
ZECUSDT,2024-08-29 00:00:00.000,0.0001,33.49022253,Regular
ZECUSDT,2024-08-29 08:00:00.001,3.56e-06,34.15000000,Regular
ZECUSDT,2024-08-29 16:00:00.000,0.0001,34.20845860,Regular
ZECUSDT,2024-08-30 00:00:00.000,0.0001,33.22185116,Regular
ZECUSDT,2024-08-30 08:00:00.000,0.0001,33.01480089,Regular
ZECUSDT,2024-08-30 16:00:00.000,4.784e-05,32.04000000,Regular
ZECUSDT,2024-08-31 00:00:00.000,0.0001,32.99000000,Regular
ZECUSDT,2024-08-31 08:00:00.000,7.532e-05,32.71685655,Regular
ZECUSDT,2024-08-31 16:00:00.000,6.176e-05,32.53000000,Regular
ZECUSDT,2024-09-01 00:00:00.000,0.0001,32.17000000,Regular
ZECUSDT,2024-09-01 08:00:00.001,0.0001,32.37000000,Regular
ZECUSDT,2024-09-01 16:00:00.000,6.85e-05,31.71000000,Regular
ZECUSDT,2024-09-02 00:00:00.001,7.537e-05,29.37021267,Regular
ZECUSDT,2024-09-02 08:00:00.001,4.839e-05,29.13000000,Regular
ZECUSDT,2024-09-02 16:00:00.000,-1.17e-06,28.76000000,Regular
ZECUSDT,2024-09-03 00:00:00.000,0.0001,29.49000000,Regular
ZECUSDT,2024-09-03 08:00:00.001,0.0001,30.12659598,Regular
ZECUSDT,2024-09-03 16:00:00.000,4.868e-05,28.92000000,Regular
ZECUSDT,2024-09-04 00:00:00.000,4.933e-05,28.73000000,Regular
ZECUSDT,2024-09-04 08:00:00.000,5.566e-05,29.24000000,Regular
ZECUSDT,2024-09-04 16:00:00.000,2.071e-05,29.62608932,Regular
ZECUSDT,2024-09-05 00:00:00.000,7.8e-06,29.56906697,Regular
ZECUSDT,2024-09-05 08:00:00.000,9.396e-05,29.68406649,Regular
ZECUSDT,2024-09-05 16:00:00.005,0.0001,28.92000000,Regular
ZECUSDT,2024-09-06 00:00:00.000,6.16e-05,28.86000000,Regular
ZECUSDT,2024-09-06 08:00:00.001,0.0001,27.64867382,Regular
ZECUSDT,2024-09-06 16:00:00.000,0.0001,26.77000000,Regular
ZECUSDT,2024-09-07 00:00:00.000,0.0001,26.96000000,Regular
ZECUSDT,2024-09-07 08:00:00.000,7.485e-05,27.37058095,Regular
ZECUSDT,2024-09-07 16:00:00.000,-0.00013755,28.19999644,Regular
ZECUSDT,2024-09-08 00:00:00.000,-2.212e-05,27.72000000,Regular
ZECUSDT,2024-09-08 08:00:00.000,0.0001,27.91225520,Regular
ZECUSDT,2024-09-08 16:00:00.000,3.717e-05,27.27000000,Regular
ZECUSDT,2024-09-09 00:00:00.000,2.734e-05,27.70001660,Regular
ZECUSDT,2024-09-09 08:00:00.000,2.935e-05,28.42000000,Regular
ZECUSDT,2024-09-09 16:00:00.001,8.954e-05,28.41046114,Regular
ZECUSDT,2024-09-10 00:00:00.000,0.0001,29.34000000,Regular
ZECUSDT,2024-09-10 08:00:00.000,0.0001,29.68000000,Regular
ZECUSDT,2024-09-10 16:00:00.000,6.285e-05,30.24000000,Regular
ZECUSDT,2024-09-11 00:00:00.000,-0.00012135,30.78000000,Regular
ZECUSDT,2024-09-11 08:00:00.000,-2.859e-05,29.74334814,Regular
ZECUSDT,2024-09-11 16:00:00.000,-2.108e-05,29.67000000,Regular
ZECUSDT,2024-09-12 00:00:00.000,0.0001,29.62326446,Regular
ZECUSDT,2024-09-12 08:00:00.000,8.938e-05,29.84208116,Regular
ZECUSDT,2024-09-12 16:00:00.000,0.0001,29.22118561,Regular
ZECUSDT,2024-09-13 00:00:00.000,0.0001,29.36000000,Regular
ZECUSDT,2024-09-13 08:00:00.001,8.423e-05,29.53105827,Regular
ZECUSDT,2024-09-13 16:00:00.001,0.0001,30.61000000,Regular
ZECUSDT,2024-09-14 00:00:00.000,3.751e-05,30.51365644,Regular
ZECUSDT,2024-09-14 08:00:00.000,0.0001,30.33143249,Regular
ZECUSDT,2024-09-14 16:00:00.001,0.0001,30.67716827,Regular
ZECUSDT,2024-09-15 00:00:00.000,7.765e-05,30.57597663,Regular
ZECUSDT,2024-09-15 08:00:00.000,-0.00010091,30.60286865,Regular
ZECUSDT,2024-09-15 16:00:00.000,7.057e-05,30.51750827,Regular
ZECUSDT,2024-09-16 00:00:00.000,-3.344e-05,29.20434521,Regular
ZECUSDT,2024-09-16 08:00:00.001,6.222e-05,29.52309361,Regular
ZECUSDT,2024-09-16 16:00:00.000,0.0001,28.85000000,Regular
ZECUSDT,2024-09-17 00:00:00.001,0.0001,29.09263257,Regular
ZECUSDT,2024-09-17 08:00:00.000,0.0001,29.49728743,Regular
ZECUSDT,2024-09-17 16:00:00.000,0.0001,30.07961066,Regular
ZECUSDT,2024-09-18 00:00:00.000,0.0001,29.80496071,Regular
ZECUSDT,2024-09-18 08:00:00.000,0.0001,30.41000000,Regular
ZECUSDT,2024-09-18 16:00:00.004,0.0001,29.15326275,Regular
ZECUSDT,2024-09-19 00:00:00.000,0.0001,30.61000000,Regular
ZECUSDT,2024-09-19 08:00:00.000,0.0001,31.68744764,Regular
ZECUSDT,2024-09-19 16:00:00.001,0.0001,31.63503852,Regular
ZECUSDT,2024-09-20 00:00:00.000,0.0001,31.58551142,Regular
ZECUSDT,2024-09-20 08:00:00.001,0.0001,32.08000000,Regular
ZECUSDT,2024-09-20 16:00:00.000,0.0001,30.74000000,Regular
ZECUSDT,2024-09-21 00:00:00.001,0.0001,31.26000000,Regular
ZECUSDT,2024-09-21 08:00:00.000,0.0001,31.05000000,Regular
ZECUSDT,2024-09-21 16:00:00.000,0.0001,31.16000000,Regular
ZECUSDT,2024-09-22 00:00:00.000,0.0001,31.30386683,Regular
ZECUSDT,2024-09-22 08:00:00.000,0.0001,30.34000000,Regular
ZECUSDT,2024-09-22 16:00:00.000,0.0001,29.72619046,Regular
ZECUSDT,2024-09-23 00:00:00.000,0.0001,30.17403563,Regular
ZECUSDT,2024-09-23 08:00:00.000,0.0001,30.40000000,Regular
ZECUSDT,2024-09-23 16:00:00.000,3.489e-05,29.43000000,Regular
ZECUSDT,2024-09-24 00:00:00.000,0.0001,29.59398819,Regular
ZECUSDT,2024-09-24 08:00:00.000,0.0001,30.01539261,Regular
ZECUSDT,2024-09-24 16:00:00.001,-6.009e-05,28.96358239,Regular
ZECUSDT,2024-09-25 00:00:00.000,-6.983e-05,29.33267029,Regular
ZECUSDT,2024-09-25 08:00:00.003,6.361e-05,29.24000000,Regular
ZECUSDT,2024-09-25 16:00:00.000,0.0001,29.17169292,Regular
ZECUSDT,2024-09-26 00:00:00.005,0.0001,28.34223719,Regular
ZECUSDT,2024-09-26 08:00:00.000,0.0001,29.02273613,Regular
ZECUSDT,2024-09-26 16:00:00.000,0.0001,30.40000000,Regular
ZECUSDT,2024-09-27 00:00:00.000,0.0001,30.22000000,Regular
ZECUSDT,2024-09-27 08:00:00.000,0.0001,30.75092196,Regular
ZECUSDT,2024-09-27 16:00:00.000,0.0001,30.53000000,Regular
ZECUSDT,2024-09-28 00:00:00.000,0.0001,30.40614947,Regular
ZECUSDT,2024-09-28 08:00:00.001,0.0001,31.10000000,Regular
ZECUSDT,2024-09-28 16:00:00.000,0.0001,30.01715975,Regular
ZECUSDT,2024-09-29 00:00:00.001,0.0001,29.49450657,Regular
ZECUSDT,2024-09-29 08:00:00.000,0.0001,28.99481574,Regular
ZECUSDT,2024-09-29 16:00:00.000,0.0001,29.34865093,Regular
ZECUSDT,2024-09-30 00:00:00.000,0.0001,29.08000000,Regular
ZECUSDT,2024-09-30 08:00:00.001,0.0001,28.86068204,Regular
ZECUSDT,2024-09-30 16:00:00.000,0.0001,27.89000000,Regular
ZECUSDT,2024-10-01 00:00:00.000,0.0001,27.74800828,Regular
ZECUSDT,2024-10-01 08:00:00.000,0.0001,28.54411712,Regular
ZECUSDT,2024-10-01 16:00:00.001,0.0001,27.81558749,Regular
ZECUSDT,2024-10-02 00:00:00.000,0.0001,26.62000000,Regular
ZECUSDT,2024-10-02 08:00:00.000,0.0001,27.48000000,Regular
ZECUSDT,2024-10-02 16:00:00.000,0.0001,27.10605144,Regular
ZECUSDT,2024-10-03 00:00:00.000,4.133e-05,25.88275093,Regular
ZECUSDT,2024-10-03 08:00:00.000,0.0001,25.52000000,Regular
ZECUSDT,2024-10-03 16:00:00.000,0.0001,25.19660670,Regular
ZECUSDT,2024-10-04 00:00:00.000,9.769e-05,25.61025291,Regular
ZECUSDT,2024-10-04 08:00:00.000,-1.833e-05,26.31918934,Regular
ZECUSDT,2024-10-04 16:00:00.001,-0.00016089,27.02943314,Regular
ZECUSDT,2024-10-05 00:00:00.000,0.0001,26.78000000,Regular
ZECUSDT,2024-10-05 08:00:00.000,0.0001,26.95000000,Regular
ZECUSDT,2024-10-05 16:00:00.000,-0.00046261,28.03442477,Regular
ZECUSDT,2024-10-06 00:00:00.000,0.0001,27.36000000,Regular
ZECUSDT,2024-10-06 08:00:00.001,-8.891e-05,28.39632362,Regular
ZECUSDT,2024-10-06 16:00:00.000,5.93e-06,28.80000000,Regular
ZECUSDT,2024-10-07 00:00:00.000,0.0001,29.28000000,Regular
ZECUSDT,2024-10-07 08:00:00.000,0.0001,29.89000000,Regular
ZECUSDT,2024-10-07 16:00:00.001,0.0001,29.16466263,Regular
ZECUSDT,2024-10-08 00:00:00.000,0.0001,28.96000000,Regular
ZECUSDT,2024-10-08 08:00:00.000,5.591e-05,28.72420447,Regular
ZECUSDT,2024-10-08 16:00:00.000,0.0001,28.95000000,Regular
ZECUSDT,2024-10-09 00:00:00.000,0.0001,28.98427936,Regular
ZECUSDT,2024-10-09 08:00:00.000,0.0001,28.88886069,Regular
ZECUSDT,2024-10-09 16:00:00.000,0.0001,29.09000000,Regular
ZECUSDT,2024-10-10 00:00:00.000,9.754e-05,29.04876406,Regular
ZECUSDT,2024-10-10 08:00:00.000,5.767e-05,30.43807255,Regular
ZECUSDT,2024-10-10 16:00:00.000,6.461e-05,31.20000000,Regular
ZECUSDT,2024-10-11 00:00:00.000,-0.00034343,33.78000000,Regular
ZECUSDT,2024-10-11 08:00:00.000,-0.0003405,35.89328628,Regular
ZECUSDT,2024-10-11 16:00:00.001,8.906e-05,35.99588022,Regular
ZECUSDT,2024-10-12 00:00:00.000,0.0001,36.29175844,Regular
ZECUSDT,2024-10-12 08:00:00.001,0.0001,35.86000000,Regular
ZECUSDT,2024-10-12 16:00:00.000,0.0001,34.92726004,Regular
ZECUSDT,2024-10-13 00:00:00.000,0.0001,34.53000000,Regular
ZECUSDT,2024-10-13 08:00:00.000,0.0001,35.54110596,Regular
ZECUSDT,2024-10-13 16:00:00.000,0.0001,34.11000000,Regular
ZECUSDT,2024-10-14 00:00:00.000,0.0001,35.39000000,Regular
ZECUSDT,2024-10-14 08:00:00.000,0.0001,36.43153003,Regular
ZECUSDT,2024-10-14 16:00:00.000,0.0001,36.29317718,Regular
ZECUSDT,2024-10-15 00:00:00.000,0.0001,36.18735694,Regular
ZECUSDT,2024-10-15 08:00:00.000,0.0001,36.77504280,Regular
ZECUSDT,2024-10-15 16:00:00.000,0.0001,37.28289782,Regular
ZECUSDT,2024-10-16 00:00:00.000,0.0001,37.43000000,Regular
ZECUSDT,2024-10-16 08:00:00.001,0.0001,37.90028422,Regular
ZECUSDT,2024-10-16 16:00:00.000,0.0001,37.32000000,Regular
ZECUSDT,2024-10-17 00:00:00.000,0.0001,36.94000000,Regular
ZECUSDT,2024-10-17 08:00:00.000,0.0001,35.29000000,Regular
ZECUSDT,2024-10-17 16:00:00.001,0.0001,35.79306301,Regular
ZECUSDT,2024-10-18 00:00:00.010,0.0001,36.12014175,Regular
ZECUSDT,2024-10-18 08:00:00.001,0.0001,36.09630364,Regular
ZECUSDT,2024-10-18 16:00:00.000,0.0001,36.18994212,Regular
ZECUSDT,2024-10-19 00:00:00.000,0.0001,35.83000000,Regular
ZECUSDT,2024-10-19 08:00:00.000,0.0001,35.81189906,Regular
ZECUSDT,2024-10-19 16:00:00.000,0.0001,36.21000000,Regular
ZECUSDT,2024-10-20 00:00:00.000,0.0001,37.06682957,Regular
ZECUSDT,2024-10-20 08:00:00.000,0.0001,36.08188800,Regular
ZECUSDT,2024-10-20 16:00:00.000,0.0001,36.61461949,Regular
ZECUSDT,2024-10-21 00:00:00.000,0.0001,36.91959365,Regular
ZECUSDT,2024-10-21 08:00:00.000,0.0001,38.65962553,Regular
ZECUSDT,2024-10-21 16:00:00.000,0.0001,37.44631048,Regular
ZECUSDT,2024-10-22 00:00:00.000,0.0001,37.42313388,Regular
ZECUSDT,2024-10-22 08:00:00.000,0.0001,38.37087401,Regular
ZECUSDT,2024-10-22 16:00:00.000,0.0001,36.94458833,Regular
ZECUSDT,2024-10-23 00:00:00.000,0.0001,37.95502430,Regular
ZECUSDT,2024-10-23 08:00:00.000,0.0001,38.14707306,Regular
ZECUSDT,2024-10-23 16:00:00.000,0.0001,37.68136854,Regular
ZECUSDT,2024-10-24 00:00:00.000,0.0001,37.87575425,Regular
ZECUSDT,2024-10-24 08:00:00.000,0.0001,37.21644907,Regular
ZECUSDT,2024-10-24 16:00:00.000,0.0001,36.31638320,Regular
ZECUSDT,2024-10-25 00:00:00.000,0.0001,37.17955187,Regular
ZECUSDT,2024-10-25 08:00:00.000,0.0001,36.68000000,Regular
ZECUSDT,2024-10-25 16:00:00.000,0.0001,36.76993845,Regular
ZECUSDT,2024-10-26 00:00:00.000,0.0001,35.98055334,Regular
ZECUSDT,2024-10-26 08:00:00.001,0.0001,36.14010647,Regular
ZECUSDT,2024-10-26 16:00:00.000,0.0001,34.99000000,Regular
ZECUSDT,2024-10-27 00:00:00.000,0.0001,34.56000000,Regular
ZECUSDT,2024-10-27 08:00:00.000,0.0001,33.40000000,Regular
ZECUSDT,2024-10-27 16:00:00.000,0.0001,33.22974880,Regular
ZECUSDT,2024-10-28 00:00:00.000,5.762e-05,38.37000000,Regular
ZECUSDT,2024-10-28 08:00:00.001,0.0001,37.79000000,Regular
ZECUSDT,2024-10-28 16:00:00.000,0.0001,37.52901631,Regular
ZECUSDT,2024-10-29 00:00:00.000,0.0001,38.33000000,Regular
ZECUSDT,2024-10-29 08:00:00.000,0.0001,36.76597664,Regular
ZECUSDT,2024-10-29 16:00:00.004,0.0001,38.54197342,Regular
ZECUSDT,2024-10-30 00:00:00.000,0.0001,38.48000000,Regular
ZECUSDT,2024-10-30 08:00:00.000,0.0001,39.60686109,Regular
ZECUSDT,2024-10-30 16:00:00.013,0.0001,38.43655527,Regular
ZECUSDT,2024-10-31 00:00:00.000,0.0001,38.44065598,Regular
ZECUSDT,2024-10-31 08:00:00.000,0.0001,38.32284235,Regular
ZECUSDT,2024-10-31 16:00:00.000,0.0001,37.05000000,Regular
ZECUSDT,2024-11-01 00:00:00.000,0.0001,36.80468416,Regular
ZECUSDT,2024-11-01 08:00:00.000,0.0001,36.55107571,Regular
ZECUSDT,2024-11-01 16:00:00.000,0.0001,37.81000000,Regular
ZECUSDT,2024-11-02 00:00:00.000,7.519e-05,37.85368581,Regular
ZECUSDT,2024-11-02 08:00:00.000,2.973e-05,37.52161953,Regular
ZECUSDT,2024-11-02 16:00:00.000,9.021e-05,36.81589196,Regular
ZECUSDT,2024-11-03 00:00:00.000,0.0001,36.85265226,Regular
ZECUSDT,2024-11-03 08:00:00.000,0.0001,36.94006739,Regular
ZECUSDT,2024-11-03 16:00:00.000,0.0001,36.03255757,Regular
ZECUSDT,2024-11-04 00:00:00.000,6.977e-05,37.18000000,Regular
ZECUSDT,2024-11-04 08:00:00.000,0.0001,36.62000000,Regular
ZECUSDT,2024-11-04 16:00:00.000,0.0001,37.93140377,Regular
ZECUSDT,2024-11-05 00:00:00.000,0.0001,36.89490646,Regular
ZECUSDT,2024-11-05 08:00:00.003,0.0001,37.82295716,Regular
ZECUSDT,2024-11-05 16:00:00.001,0.0001,38.12127294,Regular
ZECUSDT,2024-11-06 00:00:00.000,0.0001,38.19000000,Regular
ZECUSDT,2024-11-06 08:00:00.000,0.0001,38.71604755,Regular
ZECUSDT,2024-11-06 16:00:00.000,6.743e-05,39.94000000,Regular
ZECUSDT,2024-11-07 00:00:00.000,5.778e-05,43.21000000,Regular
ZECUSDT,2024-11-07 08:00:00.000,-6.62e-06,44.64903548,Regular
ZECUSDT,2024-11-07 16:00:00.000,0.0001,44.27000000,Regular
ZECUSDT,2024-11-08 00:00:00.000,0.0001,44.04812590,Regular
ZECUSDT,2024-11-08 08:00:00.000,0.0001,43.80820316,Regular
ZECUSDT,2024-11-08 16:00:00.000,0.0001,44.97864520,Regular
ZECUSDT,2024-11-09 00:00:00.000,0.0001,46.14000000,Regular
ZECUSDT,2024-11-09 08:00:00.000,0.0001,45.66586176,Regular
ZECUSDT,2024-11-09 16:00:00.000,0.0001,45.04368048,Regular
ZECUSDT,2024-11-10 00:00:00.000,0.0001,46.08858510,Regular
ZECUSDT,2024-11-10 08:00:00.000,0.0001,46.62727800,Regular
ZECUSDT,2024-11-10 16:00:00.000,0.00012915,47.10000000,Regular
ZECUSDT,2024-11-11 00:00:00.001,0.0001,45.56000000,Regular
ZECUSDT,2024-11-11 08:00:00.000,0.0001,45.25000000,Regular
ZECUSDT,2024-11-11 16:00:00.000,0.0001,44.78818435,Regular
ZECUSDT,2024-11-12 00:00:00.002,0.00016005,45.36000000,Regular
ZECUSDT,2024-11-12 08:00:00.000,0.00054154,43.53715608,Regular
ZECUSDT,2024-11-12 16:00:00.000,0.0002615,41.62914071,Regular
ZECUSDT,2024-11-13 00:00:00.000,0.00027313,41.99231404,Regular
ZECUSDT,2024-11-13 08:00:00.010,0.0001,39.44000000,Regular
ZECUSDT,2024-11-13 16:00:00.000,0.0001,40.66522769,Regular
ZECUSDT,2024-11-14 00:00:00.001,0.0001,38.66226011,Regular
ZECUSDT,2024-11-14 08:00:00.000,0.00017898,38.87982679,Regular
ZECUSDT,2024-11-14 16:00:00.000,0.0001,36.76000000,Regular
ZECUSDT,2024-11-15 00:00:00.000,0.0001,36.81109599,Regular
ZECUSDT,2024-11-15 08:00:00.000,0.0001,37.24000000,Regular
ZECUSDT,2024-11-15 16:00:00.000,0.0001,37.46249986,Regular
ZECUSDT,2024-11-16 00:00:00.001,0.0001,38.53000000,Regular
ZECUSDT,2024-11-16 08:00:00.001,0.0001,38.92000000,Regular
ZECUSDT,2024-11-16 16:00:00.000,0.0001,41.37000000,Regular
ZECUSDT,2024-11-17 00:00:00.000,0.00010389,44.99000000,Regular
ZECUSDT,2024-11-17 08:00:00.000,0.0001,44.20000000,Regular
ZECUSDT,2024-11-17 16:00:00.001,0.0001,43.53374278,Regular
ZECUSDT,2024-11-18 00:00:00.000,0.0001,44.54477952,Regular
ZECUSDT,2024-11-18 08:00:00.000,0.00036738,47.39000000,Regular
ZECUSDT,2024-11-18 16:00:00.000,0.00026832,46.20459002,Regular
ZECUSDT,2024-11-19 00:00:00.000,0.00019289,44.90984712,Regular
ZECUSDT,2024-11-19 08:00:00.000,0.00032576,44.48830546,Regular
ZECUSDT,2024-11-19 16:00:00.000,0.00012519,43.96000000,Regular
ZECUSDT,2024-11-20 00:00:00.003,0.0001,42.76381609,Regular
ZECUSDT,2024-11-20 08:00:00.000,0.0001,41.42381349,Regular
ZECUSDT,2024-11-20 16:00:00.000,0.0001,42.89699341,Regular
ZECUSDT,2024-11-21 00:00:00.001,0.0001,41.46744823,Regular
ZECUSDT,2024-11-21 08:00:00.000,0.0001,43.46000000,Regular
ZECUSDT,2024-11-21 16:00:00.001,0.0001,44.50864387,Regular
ZECUSDT,2024-11-22 00:00:00.000,0.00028215,45.41000000,Regular
ZECUSDT,2024-11-22 08:00:00.000,0.00023209,44.87123388,Regular
ZECUSDT,2024-11-22 16:00:00.001,0.00027699,45.10000000,Regular
ZECUSDT,2024-11-23 00:00:00.000,0.00015731,45.85530312,Regular
ZECUSDT,2024-11-23 08:00:00.000,0.00042463,48.27000000,Regular
ZECUSDT,2024-11-23 16:00:00.000,0.00033611,49.71132415,Regular
ZECUSDT,2024-11-24 00:00:00.001,0.000232,48.87000000,Regular
ZECUSDT,2024-11-24 08:00:00.000,0.00036395,54.53000000,Regular
ZECUSDT,2024-11-24 16:00:00.000,0.00012136,48.60190824,Regular
ZECUSDT,2024-11-25 00:00:00.000,0.00019598,52.64000000,Regular
ZECUSDT,2024-11-25 08:00:00.000,0.0001,52.04083082,Regular
ZECUSDT,2024-11-25 16:00:00.000,0.0002091,50.61258170,Regular
ZECUSDT,2024-11-26 00:00:00.000,0.00010279,47.87000000,Regular
ZECUSDT,2024-11-26 08:00:00.000,0.0001,47.76000000,Regular
ZECUSDT,2024-11-26 16:00:00.000,0.0001,44.56000000,Regular
ZECUSDT,2024-11-27 00:00:00.000,0.0001,51.29487125,Regular
ZECUSDT,2024-11-27 08:00:00.000,0.0001,56.00000000,Regular
ZECUSDT,2024-11-27 16:00:00.001,0.00017247,57.11000000,Regular
ZECUSDT,2024-11-28 00:00:00.000,0.00026618,56.52720486,Regular
ZECUSDT,2024-11-28 08:00:00.000,0.000344,57.22176754,Regular
ZECUSDT,2024-11-28 16:00:00.000,0.0001,55.58913808,Regular
ZECUSDT,2024-11-29 00:00:00.000,0.00019738,55.79495193,Regular
ZECUSDT,2024-11-29 08:00:00.000,0.00018059,54.64045417,Regular
ZECUSDT,2024-11-29 16:00:00.000,0.00015572,55.70000000,Regular
ZECUSDT,2024-11-30 00:00:00.000,0.00038457,54.53455524,Regular
ZECUSDT,2024-11-30 08:00:00.000,0.00020288,55.37000000,Regular
ZECUSDT,2024-11-30 16:00:00.000,0.00020875,58.01798528,Regular
ZECUSDT,2024-12-01 00:00:00.000,0.00024825,59.32563748,Regular
ZECUSDT,2024-12-01 08:00:00.000,0.00013261,56.92000000,Regular
ZECUSDT,2024-12-01 16:00:00.000,0.00031288,57.24930252,Regular
ZECUSDT,2024-12-02 00:00:00.001,0.00031104,60.12676745,Regular
ZECUSDT,2024-12-02 08:00:00.001,0.00022636,61.76000000,Regular
ZECUSDT,2024-12-02 16:00:00.000,0.00022191,62.22107974,Regular
ZECUSDT,2024-12-03 00:00:00.000,0.00012681,74.74554265,Regular
ZECUSDT,2024-12-03 08:00:00.000,0.00059406,70.93000000,Regular
ZECUSDT,2024-12-03 16:00:00.000,0.00031057,70.59338605,Regular
ZECUSDT,2024-12-04 00:00:00.000,0.00050396,73.28000000,Regular
ZECUSDT,2024-12-04 08:00:00.000,0.00058602,76.21000000,Regular
ZECUSDT,2024-12-04 16:00:00.000,0.00052358,71.67670472,Regular
ZECUSDT,2024-12-05 00:00:00.001,0.00035945,69.67576634,Regular
ZECUSDT,2024-12-05 08:00:00.000,0.0007035,71.23086186,Regular
ZECUSDT,2024-12-05 16:00:00.000,0.00070612,70.81000000,Regular
ZECUSDT,2024-12-06 00:00:00.000,0.00027775,70.78968525,Regular
ZECUSDT,2024-12-06 08:00:00.000,0.00038392,71.75474144,Regular
ZECUSDT,2024-12-06 16:00:00.000,0.00021041,70.81000000,Regular
ZECUSDT,2024-12-07 00:00:00.000,0.00038657,70.38000000,Regular
ZECUSDT,2024-12-07 08:00:00.000,0.00049735,72.00559771,Regular
ZECUSDT,2024-12-07 16:00:00.000,0.00056086,72.27000000,Regular
ZECUSDT,2024-12-08 00:00:00.000,0.00051213,70.38000000,Regular
ZECUSDT,2024-12-08 08:00:00.000,0.00053132,70.47000000,Regular
ZECUSDT,2024-12-08 16:00:00.000,0.00044248,74.21532962,Regular
ZECUSDT,2024-12-09 00:00:00.000,0.0003122,74.36000000,Regular
ZECUSDT,2024-12-09 08:00:00.000,0.0001,66.83110183,Regular
ZECUSDT,2024-12-09 16:00:00.001,0.0001,64.79000000,Regular
ZECUSDT,2024-12-10 00:00:00.007,0.0001,58.61424647,Regular
ZECUSDT,2024-12-10 08:00:00.000,0.0001,57.55000000,Regular
ZECUSDT,2024-12-10 16:00:00.000,0.0001,55.58206409,Regular
ZECUSDT,2024-12-11 00:00:00.000,0.0001,58.73868919,Regular
ZECUSDT,2024-12-11 08:00:00.000,0.0001,58.10000000,Regular
ZECUSDT,2024-12-11 16:00:00.001,0.0001,64.32822549,Regular
ZECUSDT,2024-12-12 00:00:00.001,0.0001,63.70211819,Regular
ZECUSDT,2024-12-12 08:00:00.000,0.0001,64.91491647,Regular
ZECUSDT,2024-12-12 16:00:00.001,0.0001,61.44000000,Regular
ZECUSDT,2024-12-13 00:00:00.000,0.0001,59.43000000,Regular
ZECUSDT,2024-12-13 08:00:00.000,0.0001,58.20000000,Regular
ZECUSDT,2024-12-13 16:00:00.001,0.0001,57.90079314,Regular
ZECUSDT,2024-12-14 00:00:00.000,0.0001,60.03095350,Regular
ZECUSDT,2024-12-14 08:00:00.000,0.0001,59.76000000,Regular
ZECUSDT,2024-12-14 16:00:00.000,0.0001,58.88370362,Regular
ZECUSDT,2024-12-15 00:00:00.000,0.0001,58.36000000,Regular
ZECUSDT,2024-12-15 08:00:00.000,0.0001,56.60000000,Regular
ZECUSDT,2024-12-15 16:00:00.000,0.0001,59.20867941,Regular
ZECUSDT,2024-12-16 00:00:00.000,0.0001,59.06046179,Regular
ZECUSDT,2024-12-16 08:00:00.001,0.0001,59.11000000,Regular
ZECUSDT,2024-12-16 16:00:00.000,0.0001,57.26000000,Regular
ZECUSDT,2024-12-17 00:00:00.000,0.0001,56.44210079,Regular
ZECUSDT,2024-12-17 08:00:00.000,0.0001,56.04547295,Regular
ZECUSDT,2024-12-17 16:00:00.000,0.0001,55.98146184,Regular
ZECUSDT,2024-12-18 00:00:00.000,0.0001,55.21740627,Regular
ZECUSDT,2024-12-18 08:00:00.000,0.0001,53.95497782,Regular
ZECUSDT,2024-12-18 16:00:00.000,0.0001,53.74117238,Regular
ZECUSDT,2024-12-19 00:00:00.000,0.0001,50.66845950,Regular
ZECUSDT,2024-12-19 08:00:00.000,0.0001,52.00000000,Regular
ZECUSDT,2024-12-19 16:00:00.000,0.0001,51.76857101,Regular
ZECUSDT,2024-12-20 00:00:00.000,8.059e-05,48.29000000,Regular
ZECUSDT,2024-12-20 08:00:00.001,0.0001,48.85000000,Regular
ZECUSDT,2024-12-20 16:00:00.014,0.0001,53.68918067,Regular
ZECUSDT,2024-12-21 00:00:00.000,1.329e-05,54.38000000,Regular
ZECUSDT,2024-12-21 08:00:00.000,7.214e-05,55.96000000,Regular
ZECUSDT,2024-12-21 16:00:00.001,4.45e-05,53.23581688,Regular
ZECUSDT,2024-12-22 00:00:00.000,-2.48e-06,53.60000000,Regular
ZECUSDT,2024-12-22 08:00:00.000,0.0001,51.43000000,Regular
ZECUSDT,2024-12-22 16:00:00.000,-3.358e-05,56.91000000,Regular
ZECUSDT,2024-12-23 00:00:00.000,-1.079e-05,58.30000000,Regular
ZECUSDT,2024-12-23 08:00:00.000,0.0001,58.72000000,Regular
ZECUSDT,2024-12-23 16:00:00.001,0.0001,59.61000000,Regular
ZECUSDT,2024-12-24 00:00:00.000,0.0001,65.79729858,Regular
ZECUSDT,2024-12-24 08:00:00.000,2.19e-06,68.07857252,Regular
ZECUSDT,2024-12-24 16:00:00.001,0.0001,69.33244941,Regular
ZECUSDT,2024-12-25 00:00:00.001,0.0001,69.28730414,Regular
ZECUSDT,2024-12-25 08:00:00.000,0.0001,74.40653478,Regular
ZECUSDT,2024-12-25 16:00:00.000,0.0001,74.80491822,Regular
ZECUSDT,2024-12-26 00:00:00.000,0.0001,73.48000000,Regular
ZECUSDT,2024-12-26 08:00:00.000,0.0001,69.54436286,Regular
ZECUSDT,2024-12-26 16:00:00.000,0.0001,69.29944344,Regular
ZECUSDT,2024-12-27 00:00:00.000,0.0001,68.93963872,Regular
ZECUSDT,2024-12-27 08:00:00.000,0.0001,66.71296376,Regular
ZECUSDT,2024-12-27 16:00:00.000,0.0001,64.03000000,Regular
ZECUSDT,2024-12-28 00:00:00.001,0.0001,62.12433130,Regular
ZECUSDT,2024-12-28 08:00:00.000,0.0001,60.82000000,Regular
ZECUSDT,2024-12-28 16:00:00.000,0.0001,60.69000000,Regular
ZECUSDT,2024-12-29 00:00:00.000,0.0001,62.72331011,Regular
ZECUSDT,2024-12-29 08:00:00.000,0.0001,62.78205070,Regular
ZECUSDT,2024-12-29 16:00:00.000,0.0001,61.09816160,Regular
ZECUSDT,2024-12-30 00:00:00.000,0.0001,60.63000000,Regular
ZECUSDT,2024-12-30 08:00:00.001,0.0001,59.92000000,Regular
ZECUSDT,2024-12-30 16:00:00.000,0.0001,58.91000000,Regular
ZECUSDT,2024-12-31 00:00:00.000,0.0001,58.29000000,Regular
ZECUSDT,2024-12-31 08:00:00.000,0.0001,58.02030617,Regular
ZECUSDT,2024-12-31 16:00:00.000,0.0001,58.24000000,Regular
ZECUSDT,2025-01-01 00:00:00.015,0.0001,56.25761381,Regular
ZECUSDT,2025-01-01 08:00:00.000,0.0001,55.60940875,Regular
ZECUSDT,2025-01-01 16:00:00.001,0.0001,56.81039459,Regular
ZECUSDT,2025-01-02 00:00:00.000,0.0001,58.23026163,Regular
ZECUSDT,2025-01-02 08:00:00.006,0.0001,59.80273725,Regular
ZECUSDT,2025-01-02 16:00:00.000,0.0001,59.98747373,Regular
ZECUSDT,2025-01-03 00:00:00.000,0.0001,59.50136185,Regular
ZECUSDT,2025-01-03 08:00:00.000,0.0001,56.90160732,Regular
ZECUSDT,2025-01-03 16:00:00.000,0.0001,60.66976311,Regular
ZECUSDT,2025-01-04 00:00:00.000,0.0001,60.92462867,Regular
ZECUSDT,2025-01-04 08:00:00.000,0.0001,60.28585771,Regular
ZECUSDT,2025-01-04 16:00:00.000,0.0001,59.07594712,Regular
ZECUSDT,2025-01-05 00:00:00.000,0.0001,59.20326062,Regular
ZECUSDT,2025-01-05 08:00:00.000,0.0001,59.07872210,Regular
ZECUSDT,2025-01-05 16:00:00.000,0.0001,57.97174922,Regular
ZECUSDT,2025-01-06 00:00:00.000,0.0001,58.49976861,Regular
ZECUSDT,2025-01-06 08:00:00.001,0.0001,59.16097832,Regular
ZECUSDT,2025-01-06 16:00:00.000,0.0001,60.59377728,Regular
ZECUSDT,2025-01-07 00:00:00.000,0.0001,60.39725509,Regular
ZECUSDT,2025-01-07 08:00:00.000,0.0001,57.61000000,Regular
ZECUSDT,2025-01-07 16:00:00.008,0.0001,53.91456325,Regular
ZECUSDT,2025-01-08 00:00:00.001,0.0001,52.24942747,Regular
ZECUSDT,2025-01-08 08:00:00.000,0.0001,51.33888375,Regular
ZECUSDT,2025-01-08 16:00:00.000,0.0001,50.69689096,Regular
ZECUSDT,2025-01-09 00:00:00.000,0.0001,50.21000000,Regular
ZECUSDT,2025-01-09 08:00:00.000,0.0001,48.73000000,Regular
ZECUSDT,2025-01-09 16:00:00.000,0.0001,49.80000000,Regular
ZECUSDT,2025-01-10 00:00:00.000,0.0001,46.97000000,Regular
ZECUSDT,2025-01-10 08:00:00.000,0.0001,48.33602126,Regular
ZECUSDT,2025-01-10 16:00:00.000,0.0001,47.60000000,Regular
ZECUSDT,2025-01-11 00:00:00.000,0.0001,48.24000000,Regular
ZECUSDT,2025-01-11 08:00:00.000,0.0001,47.66915677,Regular
ZECUSDT,2025-01-11 16:00:00.000,0.0001,47.68471044,Regular
ZECUSDT,2025-01-12 00:00:00.000,0.0001,48.53000000,Regular
ZECUSDT,2025-01-12 08:00:00.000,0.0001,47.94000000,Regular
ZECUSDT,2025-01-12 16:00:00.000,0.0001,48.51651845,Regular
ZECUSDT,2025-01-13 00:00:00.000,0.0001,47.98870804,Regular
ZECUSDT,2025-01-13 08:00:00.000,0.0001,46.41000000,Regular
ZECUSDT,2025-01-13 16:00:00.000,0.0001,47.67534562,Regular
ZECUSDT,2025-01-14 00:00:00.000,0.0001,48.40000000,Regular
ZECUSDT,2025-01-14 08:00:00.000,0.0001,49.16120128,Regular
ZECUSDT,2025-01-14 16:00:00.000,0.0001,50.33507196,Regular
ZECUSDT,2025-01-15 00:00:00.000,7.518e-05,51.09000000,Regular
ZECUSDT,2025-01-15 08:00:00.000,0.0001,51.83747988,Regular
ZECUSDT,2025-01-15 16:00:00.000,0.0001,53.30000000,Regular
ZECUSDT,2025-01-16 00:00:00.000,0.0001,55.30000000,Regular
ZECUSDT,2025-01-16 08:00:00.000,0.0001,54.35000000,Regular
ZECUSDT,2025-01-16 16:00:00.000,0.0001,53.96221386,Regular
ZECUSDT,2025-01-17 00:00:00.004,0.0001,54.05000000,Regular
ZECUSDT,2025-01-17 08:00:00.000,0.0001,55.95295090,Regular
ZECUSDT,2025-01-17 16:00:00.008,0.0001,54.74000000,Regular
ZECUSDT,2025-01-18 00:00:00.000,0.0001,54.83000000,Regular
ZECUSDT,2025-01-18 08:00:00.007,0.0001,51.24176501,Regular
ZECUSDT,2025-01-18 16:00:00.000,0.0001,51.46404266,Regular
ZECUSDT,2025-01-19 00:00:00.000,0.0001,51.97084715,Regular
ZECUSDT,2025-01-19 08:00:00.000,0.0001,49.39479049,Regular
ZECUSDT,2025-01-19 16:00:00.000,0.0001,50.76968592,Regular
ZECUSDT,2025-01-20 00:00:00.000,0.0001,46.92271938,Regular
ZECUSDT,2025-01-20 08:00:00.009,0.0001,50.10000000,Regular
ZECUSDT,2025-01-20 16:00:00.000,0.0001,49.10154990,Regular
ZECUSDT,2025-01-21 00:00:00.000,0.0001,47.57000000,Regular
ZECUSDT,2025-01-21 08:00:00.000,0.0001,46.40748000,Regular
ZECUSDT,2025-01-21 16:00:00.000,0.0001,48.48000000,Regular
ZECUSDT,2025-01-22 00:00:00.000,0.0001,49.08320997,Regular
ZECUSDT,2025-01-22 08:00:00.000,0.0001,48.58627266,Regular
ZECUSDT,2025-01-22 16:00:00.000,0.0001,49.15116301,Regular
ZECUSDT,2025-01-23 00:00:00.001,0.0001,48.46279954,Regular
ZECUSDT,2025-01-23 08:00:00.000,0.0001,48.42830789,Regular
ZECUSDT,2025-01-23 16:00:00.000,0.0001,48.79000000,Regular
ZECUSDT,2025-01-24 00:00:00.000,0.0001,48.60311910,Regular
ZECUSDT,2025-01-24 08:00:00.000,0.0001,48.61000000,Regular
ZECUSDT,2025-01-24 16:00:00.000,0.0001,47.86556492,Regular
ZECUSDT,2025-01-25 00:00:00.000,0.0001,46.22579612,Regular
ZECUSDT,2025-01-25 08:00:00.000,0.0001,45.87000000,Regular
ZECUSDT,2025-01-25 16:00:00.001,0.0001,46.67806089,Regular
ZECUSDT,2025-01-26 00:00:00.000,0.0001,46.40000000,Regular
ZECUSDT,2025-01-26 08:00:00.000,0.0001,46.65757378,Regular
ZECUSDT,2025-01-26 16:00:00.000,0.0001,46.20000000,Regular
ZECUSDT,2025-01-27 00:00:00.000,0.0001,44.78074803,Regular
ZECUSDT,2025-01-27 08:00:00.000,0.0001,41.93000000,Regular
ZECUSDT,2025-01-27 16:00:00.000,0.0001,42.41000000,Regular
ZECUSDT,2025-01-28 00:00:00.000,0.0001,43.14000000,Regular
ZECUSDT,2025-01-28 08:00:00.000,0.0001,43.24000000,Regular
ZECUSDT,2025-01-28 16:00:00.000,0.0001,44.22000000,Regular
ZECUSDT,2025-01-29 00:00:00.000,0.0001,41.70342299,Regular
ZECUSDT,2025-01-29 08:00:00.000,0.0001,43.06000000,Regular
ZECUSDT,2025-01-29 16:00:00.000,0.0001,41.65576150,Regular
ZECUSDT,2025-01-30 00:00:00.000,0.0001,42.37000000,Regular
ZECUSDT,2025-01-30 08:00:00.000,0.0001,44.25225590,Regular
ZECUSDT,2025-01-30 16:00:00.000,0.0001,45.37000000,Regular
ZECUSDT,2025-01-31 00:00:00.000,0.0001,43.91508485,Regular
ZECUSDT,2025-01-31 08:00:00.000,0.0001,43.53034685,Regular
ZECUSDT,2025-01-31 16:00:00.000,0.0001,45.26000000,Regular
ZECUSDT,2025-02-01 00:00:00.000,0.0001,43.22000000,Regular
ZECUSDT,2025-02-01 08:00:00.000,0.0001,42.85171689,Regular
ZECUSDT,2025-02-01 16:00:00.000,0.0001,42.12539786,Regular
ZECUSDT,2025-02-02 00:00:00.001,0.0001,39.17418028,Regular
ZECUSDT,2025-02-02 08:00:00.000,0.0001,38.22000000,Regular
ZECUSDT,2025-02-02 16:00:00.000,0.0001,37.11000000,Regular
ZECUSDT,2025-02-03 00:00:00.000,3.902e-05,33.19042053,Regular
ZECUSDT,2025-02-03 08:00:00.000,-4.215e-05,31.49369471,Regular
ZECUSDT,2025-02-03 16:00:00.000,6.67e-06,33.42345161,Regular
ZECUSDT,2025-02-04 00:00:00.000,4.499e-05,35.44587891,Regular
ZECUSDT,2025-02-04 08:00:00.001,-1.713e-05,31.92000000,Regular
ZECUSDT,2025-02-04 16:00:00.000,9.953e-05,33.23000000,Regular
ZECUSDT,2025-02-05 00:00:00.001,0.0001,32.11714610,Regular
ZECUSDT,2025-02-05 08:00:00.001,0.0001,32.52928063,Regular
ZECUSDT,2025-02-05 16:00:00.000,2.652e-05,33.42000000,Regular
ZECUSDT,2025-02-06 00:00:00.001,0.0001,32.12000000,Regular
ZECUSDT,2025-02-06 08:00:00.001,0.0001,32.06000000,Regular
ZECUSDT,2025-02-06 16:00:00.000,0.0001,29.93456083,Regular
ZECUSDT,2025-02-07 00:00:00.000,0.0001,29.84000000,Regular
ZECUSDT,2025-02-07 08:00:00.000,0.0001,29.75119570,Regular
ZECUSDT,2025-02-07 16:00:00.000,0.0001,31.52440547,Regular
ZECUSDT,2025-02-08 00:00:00.000,0.0001,30.09000000,Regular
ZECUSDT,2025-02-08 08:00:00.000,0.0001,30.12000000,Regular
ZECUSDT,2025-02-08 16:00:00.000,0.0001,30.17000000,Regular
ZECUSDT,2025-02-09 00:00:00.000,0.0001,31.83747622,Regular
ZECUSDT,2025-02-09 08:00:00.000,7.5e-06,33.54124419,Regular
ZECUSDT,2025-02-09 16:00:00.000,-6.167e-05,32.42061321,Regular
ZECUSDT,2025-02-10 00:00:00.000,3.717e-05,32.39650490,Regular
ZECUSDT,2025-02-10 08:00:00.000,3.928e-05,32.84907677,Regular
ZECUSDT,2025-02-10 16:00:00.000,0.0001,32.26000000,Regular
ZECUSDT,2025-02-11 00:00:00.000,0.0001,32.49422418,Regular
ZECUSDT,2025-02-11 08:00:00.000,0.0001,34.37000000,Regular
ZECUSDT,2025-02-11 16:00:00.000,2.545e-05,33.46000000,Regular
ZECUSDT,2025-02-12 00:00:00.000,-9.996e-05,33.04929309,Regular
ZECUSDT,2025-02-12 08:00:00.000,0.0001,31.85200855,Regular
ZECUSDT,2025-02-12 16:00:00.001,0.0001,31.11000000,Regular
ZECUSDT,2025-02-13 00:00:00.001,0.0001,32.64000000,Regular
ZECUSDT,2025-02-13 08:00:00.000,-3.455e-05,32.42956036,Regular
ZECUSDT,2025-02-13 16:00:00.001,0.0001,32.36632395,Regular
ZECUSDT,2025-02-14 00:00:00.000,0.0001,32.44000000,Regular
ZECUSDT,2025-02-14 08:00:00.001,0.0001,32.33000000,Regular
ZECUSDT,2025-02-14 16:00:00.000,0.0001,33.05144112,Regular
ZECUSDT,2025-02-15 00:00:00.000,0.0001,33.02228222,Regular
ZECUSDT,2025-02-15 08:00:00.000,0.0001,32.82559540,Regular
ZECUSDT,2025-02-15 16:00:00.000,-3.207e-05,32.17000000,Regular
ZECUSDT,2025-02-16 00:00:00.000,0.0001,32.14960710,Regular
ZECUSDT,2025-02-16 08:00:00.000,7.624e-05,31.76000000,Regular
ZECUSDT,2025-02-16 16:00:00.000,0.0001,32.27000000,Regular
ZECUSDT,2025-02-17 00:00:00.000,-0.00016748,34.11193461,Regular
ZECUSDT,2025-02-17 08:00:00.000,2.758e-05,34.39670118,Regular
ZECUSDT,2025-02-17 16:00:00.000,0.0001,35.55000000,Regular
ZECUSDT,2025-02-18 00:00:00.000,-0.00015108,36.41717584,Regular
ZECUSDT,2025-02-18 08:00:00.000,5.524e-05,34.18352141,Regular
ZECUSDT,2025-02-18 16:00:00.000,-0.00014107,33.20000000,Regular
ZECUSDT,2025-02-19 00:00:00.000,0.0001,33.83000000,Regular
ZECUSDT,2025-02-19 08:00:00.000,0.0001,34.30221625,Regular
ZECUSDT,2025-02-19 16:00:00.000,-0.00011458,36.07000000,Regular
ZECUSDT,2025-02-20 00:00:00.000,4.247e-05,36.10510259,Regular
ZECUSDT,2025-02-20 08:00:00.000,-0.0002303,38.04000000,Regular
ZECUSDT,2025-02-20 16:00:00.000,0.0001,36.94000000,Regular
ZECUSDT,2025-02-21 00:00:00.001,0.0001,36.58000000,Regular
ZECUSDT,2025-02-21 08:00:00.000,0.0001,37.26000000,Regular
ZECUSDT,2025-02-21 16:00:00.000,0.0001,36.62086850,Regular
ZECUSDT,2025-02-22 00:00:00.000,0.0001,35.14000000,Regular
ZECUSDT,2025-02-22 08:00:00.000,8.051e-05,36.05819228,Regular
ZECUSDT,2025-02-22 16:00:00.000,0.0001,36.11000000,Regular
ZECUSDT,2025-02-23 00:00:00.000,0.0001,35.86886479,Regular
ZECUSDT,2025-02-23 08:00:00.000,-1.183e-05,37.25256148,Regular
ZECUSDT,2025-02-23 16:00:00.000,9.56e-05,35.58236039,Regular
ZECUSDT,2025-02-24 00:00:00.000,-7.58e-06,35.86000000,Regular
ZECUSDT,2025-02-24 08:00:00.000,9.525e-05,34.65000000,Regular
ZECUSDT,2025-02-24 16:00:00.000,9.471e-05,33.20418580,Regular
ZECUSDT,2025-02-25 00:00:00.000,-0.00032844,32.99716089,Regular
ZECUSDT,2025-02-25 08:00:00.000,9.998e-05,31.84628850,Regular
ZECUSDT,2025-02-25 16:00:00.000,0.0001,32.06035931,Regular
ZECUSDT,2025-02-26 00:00:00.000,-0.00015803,33.51000000,Regular
ZECUSDT,2025-02-26 08:00:00.000,3.857e-05,34.65000000,Regular
ZECUSDT,2025-02-26 16:00:00.000,0.0001,35.73126384,Regular
ZECUSDT,2025-02-27 00:00:00.001,7.106e-05,36.05953565,Regular
ZECUSDT,2025-02-27 08:00:00.000,0.0001,37.39236402,Regular
ZECUSDT,2025-02-27 16:00:00.000,0.0001,36.00365725,Regular
ZECUSDT,2025-02-28 00:00:00.001,-0.00026793,36.63922268,Regular
ZECUSDT,2025-02-28 08:00:00.000,1.006e-05,36.15033325,Regular
ZECUSDT,2025-02-28 16:00:00.000,0.0001,36.65000000,Regular
ZECUSDT,2025-03-01 00:00:00.000,0.0001,37.55006745,Regular
ZECUSDT,2025-03-01 08:00:00.000,4.015e-05,37.00000000,Regular
ZECUSDT,2025-03-01 16:00:00.001,9.624e-05,36.85205248,Regular
ZECUSDT,2025-03-02 00:00:00.000,-0.00020767,37.74424651,Regular
ZECUSDT,2025-03-02 08:00:00.000,7.676e-05,38.41000000,Regular
ZECUSDT,2025-03-02 16:00:00.000,5.657e-05,40.15000000,Regular
ZECUSDT,2025-03-03 00:00:00.001,0.0001,41.26000000,Regular
ZECUSDT,2025-03-03 08:00:00.000,0.0001,41.09465620,Regular
ZECUSDT,2025-03-03 16:00:00.000,0.0001,39.54000000,Regular
ZECUSDT,2025-03-04 00:00:00.001,0.0001,36.30087017,Regular
ZECUSDT,2025-03-04 08:00:00.005,0.0001,34.97000000,Regular
ZECUSDT,2025-03-04 16:00:00.000,0.0001,34.66931940,Regular
ZECUSDT,2025-03-05 00:00:00.000,7.676e-05,35.03000000,Regular
ZECUSDT,2025-03-05 08:00:00.000,-0.00010853,36.45264211,Regular
ZECUSDT,2025-03-05 16:00:00.000,6.673e-05,35.97000000,Regular
ZECUSDT,2025-03-06 00:00:00.000,0.0001,36.38709489,Regular
ZECUSDT,2025-03-06 08:00:00.001,0.0001,35.90661828,Regular
ZECUSDT,2025-03-06 16:00:00.000,1.99e-06,35.37000000,Regular
ZECUSDT,2025-03-07 00:00:00.000,-1.846e-05,34.05000000,Regular
ZECUSDT,2025-03-07 08:00:00.001,-2.64e-06,33.84000000,Regular
ZECUSDT,2025-03-07 16:00:00.000,0.0001,33.39907702,Regular
ZECUSDT,2025-03-08 00:00:00.000,-0.0003438,32.95000000,Regular
ZECUSDT,2025-03-08 08:00:00.001,0.0001,32.82667916,Regular
ZECUSDT,2025-03-08 16:00:00.001,4.699e-05,32.59443837,Regular
ZECUSDT,2025-03-09 00:00:00.001,-2.026e-05,32.56000000,Regular
ZECUSDT,2025-03-09 08:00:00.000,-0.00028376,31.63056068,Regular
ZECUSDT,2025-03-09 16:00:00.000,5.033e-05,30.66926362,Regular
ZECUSDT,2025-03-10 00:00:00.000,1.071e-05,29.81000000,Regular
ZECUSDT,2025-03-10 08:00:00.000,-0.00018418,31.28000000,Regular
ZECUSDT,2025-03-10 16:00:00.000,-2.745e-05,30.24000000,Regular
ZECUSDT,2025-03-11 00:00:00.000,-0.00027201,29.15000000,Regular
ZECUSDT,2025-03-11 08:00:00.000,0.0001,29.67000000,Regular
ZECUSDT,2025-03-11 16:00:00.001,0.0001,29.79681538,Regular
ZECUSDT,2025-03-12 00:00:00.000,0.0001,30.28000000,Regular
ZECUSDT,2025-03-12 08:00:00.000,0.0001,29.34822821,Regular
ZECUSDT,2025-03-12 16:00:00.001,0.0001,28.75216667,Regular
ZECUSDT,2025-03-13 00:00:00.000,0.0001,30.23000000,Regular
ZECUSDT,2025-03-13 08:00:00.000,0.0001,30.09000000,Regular
ZECUSDT,2025-03-13 16:00:00.000,0.0001,30.10000000,Regular
ZECUSDT,2025-03-14 00:00:00.000,-3.201e-05,30.94183024,Regular
ZECUSDT,2025-03-14 08:00:00.000,-1.478e-05,31.05987798,Regular
ZECUSDT,2025-03-14 16:00:00.000,1.634e-05,32.06000000,Regular
ZECUSDT,2025-03-15 00:00:00.000,-0.00036587,32.26000000,Regular
ZECUSDT,2025-03-15 08:00:00.000,0.0001,31.66000000,Regular
ZECUSDT,2025-03-15 16:00:00.000,9.471e-05,32.07851282,Regular
ZECUSDT,2025-03-16 00:00:00.000,6.574e-05,32.26000000,Regular
ZECUSDT,2025-03-16 08:00:00.000,9.716e-05,33.56000000,Regular
ZECUSDT,2025-03-16 16:00:00.000,-0.00039242,32.73000000,Regular
ZECUSDT,2025-03-17 00:00:00.000,-0.00019665,32.74000000,Regular
ZECUSDT,2025-03-17 08:00:00.000,0.0001,33.99416446,Regular
ZECUSDT,2025-03-17 16:00:00.000,1.722e-05,34.27000000,Regular
ZECUSDT,2025-03-18 00:00:00.000,0.0001,34.21557427,Regular
ZECUSDT,2025-03-18 08:00:00.000,2.355e-05,33.51378974,Regular
ZECUSDT,2025-03-18 16:00:00.000,0.0001,32.36000000,Regular
ZECUSDT,2025-03-19 00:00:00.000,-5.809e-05,33.12000000,Regular
ZECUSDT,2025-03-19 08:00:00.000,0.0001,33.70000000,Regular
ZECUSDT,2025-03-19 16:00:00.000,0.0001,33.55000000,Regular
ZECUSDT,2025-03-20 00:00:00.000,0.0001,34.26526923,Regular
ZECUSDT,2025-03-20 08:00:00.000,4.989e-05,34.40000000,Regular
ZECUSDT,2025-03-20 16:00:00.000,0.0001,33.69000000,Regular
ZECUSDT,2025-03-21 00:00:00.000,0.0001,33.89531538,Regular
ZECUSDT,2025-03-21 08:00:00.000,0.0001,32.58000000,Regular
ZECUSDT,2025-03-21 16:00:00.000,0.0001,30.72131538,Regular
ZECUSDT,2025-03-22 00:00:00.000,0.0001,30.86661538,Regular
ZECUSDT,2025-03-22 08:00:00.004,0.0001,30.76000000,Regular
ZECUSDT,2025-03-22 16:00:00.000,0.0001,30.45636667,Regular
ZECUSDT,2025-03-23 00:00:00.000,-4.479e-05,31.05045128,Regular
ZECUSDT,2025-03-23 08:00:00.000,0.0001,31.06432308,Regular
ZECUSDT,2025-03-23 16:00:00.000,8.591e-05,31.65233718,Regular
ZECUSDT,2025-03-24 00:00:00.000,0.0001,30.98451282,Regular
ZECUSDT,2025-03-24 08:00:00.000,-9.967e-05,32.45000000,Regular
ZECUSDT,2025-03-24 16:00:00.000,0.0001,32.02610256,Regular
ZECUSDT,2025-03-25 00:00:00.001,0.0001,32.37723846,Regular
ZECUSDT,2025-03-25 08:00:00.000,-0.00038588,34.29000000,Regular
ZECUSDT,2025-03-25 16:00:00.000,-0.00014524,36.43000000,Regular
ZECUSDT,2025-03-26 00:00:00.000,-8.434e-05,36.47160743,Regular
ZECUSDT,2025-03-26 08:00:00.000,0.0001,36.97000000,Regular
ZECUSDT,2025-03-26 16:00:00.001,-0.00048892,38.17415385,Regular
ZECUSDT,2025-03-27 00:00:00.001,0.0001,38.97000000,Regular
ZECUSDT,2025-03-27 08:00:00.001,0.0001,38.43460641,Regular
ZECUSDT,2025-03-27 16:00:00.002,0.0001,38.70964615,Regular
ZECUSDT,2025-03-28 00:00:00.001,0.0001,37.17320385,Regular
ZECUSDT,2025-03-28 08:00:00.001,0.0001,36.00000000,Regular
ZECUSDT,2025-03-28 16:00:00.000,0.0001,36.13123077,Regular
ZECUSDT,2025-03-29 00:00:00.000,9.515e-05,36.89447878,Regular
ZECUSDT,2025-03-29 08:00:00.000,-4.331e-05,36.37000000,Regular
ZECUSDT,2025-03-29 16:00:00.000,-0.00016446,35.85107179,Regular
ZECUSDT,2025-03-30 00:00:00.000,-0.00025866,36.24000000,Regular
ZECUSDT,2025-03-30 08:00:00.000,-8.175e-05,36.03000000,Regular
ZECUSDT,2025-03-30 16:00:00.000,0.0001,35.88000000,Regular
ZECUSDT,2025-03-31 00:00:00.000,7.806e-05,37.46000000,Regular
ZECUSDT,2025-03-31 08:00:00.000,-8.208e-05,37.23225641,Regular
ZECUSDT,2025-03-31 16:00:00.000,-6.423e-05,37.86000000,Regular
ZECUSDT,2025-04-01 00:00:00.000,-0.00042808,39.34000000,Regular
ZECUSDT,2025-04-01 08:00:00.001,-0.00085902,38.53127179,Regular
ZECUSDT,2025-04-01 16:00:00.000,-0.00091542,41.64032692,Regular
ZECUSDT,2025-04-02 00:00:00.001,-0.00136445,40.68268333,Regular
ZECUSDT,2025-04-02 08:00:00.000,-0.00140768,40.45029103,Regular
ZECUSDT,2025-04-02 16:00:00.000,-0.00018246,39.80196154,Regular
ZECUSDT,2025-04-03 00:00:00.000,-0.00067039,38.90000000,Regular
ZECUSDT,2025-04-03 08:00:00.000,-0.00038029,39.00901724,Regular
ZECUSDT,2025-04-03 16:00:00.000,-0.00096259,37.90000000,Regular
ZECUSDT,2025-04-04 00:00:00.000,-0.00107313,38.94000000,Regular
ZECUSDT,2025-04-04 08:00:00.000,-0.00087161,39.11000000,Regular
ZECUSDT,2025-04-04 16:00:00.000,-0.00195968,40.01000000,Regular
ZECUSDT,2025-04-05 00:00:00.000,-0.00108243,39.48061538,Regular
ZECUSDT,2025-04-05 08:00:00.000,-0.00267313,39.87897692,Regular
ZECUSDT,2025-04-05 16:00:00.000,-0.00167706,37.49817436,Regular
ZECUSDT,2025-04-06 00:00:00.000,-0.00092587,37.59000000,Regular
ZECUSDT,2025-04-06 08:00:00.000,-0.00124448,37.03039744,Regular
ZECUSDT,2025-04-06 16:00:00.002,-0.00205824,37.94091379,Regular
ZECUSDT,2025-04-07 00:00:00.000,-0.00368872,35.98000000,Regular
ZECUSDT,2025-04-07 08:00:00.000,-0.01639734,30.37978205,Regular
ZECUSDT,2025-04-07 16:00:00.000,-0.00507307,31.51288333,Regular
ZECUSDT,2025-04-08 00:00:00.000,-0.00396804,34.45612051,Regular
ZECUSDT,2025-04-08 08:00:00.000,-0.00215224,34.89500769,Regular
ZECUSDT,2025-04-08 16:00:00.000,-0.00211503,34.66000000,Regular
ZECUSDT,2025-04-09 00:00:00.000,-0.01579405,36.10000000,Regular
ZECUSDT,2025-04-09 08:00:00.001,-0.00247209,36.54000000,Regular
ZECUSDT,2025-04-09 16:00:00.000,4.87e-05,35.18217949,Regular
ZECUSDT,2025-04-10 00:00:00.000,-0.00052637,36.87557051,Regular
ZECUSDT,2025-04-10 08:00:00.000,-0.00141141,32.73365000,Regular
ZECUSDT,2025-04-10 16:00:00.000,-0.0108858,32.20000000,Regular
ZECUSDT,2025-04-11 00:00:00.001,-0.00986285,37.38333205,Regular
ZECUSDT,2025-04-11 08:00:00.000,-0.00749553,37.63115000,Regular
ZECUSDT,2025-04-11 16:00:00.000,-0.00281475,38.28925083,Regular
ZECUSDT,2025-04-12 00:00:00.000,0.0001,36.68000000,Regular
ZECUSDT,2025-04-12 08:00:00.001,-0.00375714,36.83000000,Regular
ZECUSDT,2025-04-12 16:00:00.000,-0.00444775,37.12222414,Regular
ZECUSDT,2025-04-13 00:00:00.000,-0.00326117,37.16000000,Regular
ZECUSDT,2025-04-13 08:00:00.000,-0.01328594,38.64000000,Regular
ZECUSDT,2025-04-13 16:00:00.000,-0.00445015,36.22555641,Regular
ZECUSDT,2025-04-14 00:00:00.000,-0.00237033,34.91000000,Regular
ZECUSDT,2025-04-14 08:00:00.000,-0.00279484,33.66936167,Regular
ZECUSDT,2025-04-14 16:00:00.000,-0.00078932,31.97000000,Regular
ZECUSDT,2025-04-15 00:00:00.000,0.0001,31.19000000,Regular
ZECUSDT,2025-04-15 08:00:00.000,0.0001,31.20166667,Regular
ZECUSDT,2025-04-15 16:00:00.001,0.0001,30.92000000,Regular
ZECUSDT,2025-04-16 00:00:00.000,0.0001,30.79088911,Regular
ZECUSDT,2025-04-16 08:00:00.000,0.0001,31.42141988,Regular
ZECUSDT,2025-04-16 16:00:00.000,0.0001,31.18000000,Regular
ZECUSDT,2025-04-17 00:00:00.001,0.0001,31.07843137,Regular
ZECUSDT,2025-04-17 08:00:00.000,0.0001,31.11000000,Regular
ZECUSDT,2025-04-17 16:00:00.001,0.0001,30.83000000,Regular
ZECUSDT,2025-04-18 00:00:00.000,0.0001,30.72293464,Regular
ZECUSDT,2025-04-18 08:00:00.000,0.0001,30.10000000,Regular
ZECUSDT,2025-04-18 16:00:00.000,0.0001,30.88000000,Regular
ZECUSDT,2025-04-19 00:00:00.000,0.0001,30.85072008,Regular
ZECUSDT,2025-04-19 08:00:00.000,0.0001,31.38323529,Regular
ZECUSDT,2025-04-19 16:00:00.000,0.0001,31.20225490,Regular
ZECUSDT,2025-04-20 00:00:00.000,0.0001,31.66813725,Regular
ZECUSDT,2025-04-20 08:00:00.000,0.0001,31.63264706,Regular
ZECUSDT,2025-04-20 16:00:00.000,0.0001,30.50450980,Regular
ZECUSDT,2025-04-21 00:00:00.000,0.0001,30.95547059,Regular
ZECUSDT,2025-04-21 08:00:00.005,0.0001,31.84939216,Regular
ZECUSDT,2025-04-21 16:00:00.003,0.0001,31.84229085,Regular
ZECUSDT,2025-04-22 00:00:00.008,0.0001,31.18000000,Regular
ZECUSDT,2025-04-22 08:00:00.000,0.0001,31.19000000,Regular
ZECUSDT,2025-04-22 16:00:00.000,0.0001,31.89760458,Regular
ZECUSDT,2025-04-23 00:00:00.000,0.0001,32.99681373,Regular
ZECUSDT,2025-04-23 08:00:00.002,0.0001,33.35043611,Regular
ZECUSDT,2025-04-23 16:00:00.000,0.0001,33.94242810,Regular
ZECUSDT,2025-04-24 00:00:00.000,0.0001,34.23673529,Regular
ZECUSDT,2025-04-24 08:00:00.001,0.0001,32.82469281,Regular
ZECUSDT,2025-04-24 16:00:00.001,0.0001,34.01000000,Regular
ZECUSDT,2025-04-25 00:00:00.007,0.0001,34.27409804,Regular
ZECUSDT,2025-04-25 08:00:00.002,0.0001,34.35254902,Regular
ZECUSDT,2025-04-25 16:00:00.003,0.0001,34.38000000,Regular
ZECUSDT,2025-04-26 00:00:00.002,0.0001,34.16911765,Regular
ZECUSDT,2025-04-26 08:00:00.000,0.0001,33.92404902,Regular
ZECUSDT,2025-04-26 16:00:00.002,0.0001,33.67461765,Regular
ZECUSDT,2025-04-27 00:00:00.001,0.0001,33.43666667,Regular
ZECUSDT,2025-04-27 08:00:00.000,0.0001,33.03000000,Regular
ZECUSDT,2025-04-27 16:00:00.000,0.0001,32.84805556,Regular
ZECUSDT,2025-04-28 00:00:00.001,0.0001,32.51000000,Regular
ZECUSDT,2025-04-28 08:00:00.003,-0.00010261,37.61858824,Regular
ZECUSDT,2025-04-28 16:00:00.005,0.0001,36.12602614,Regular
ZECUSDT,2025-04-29 00:00:00.000,0.0001,35.61666667,Regular
ZECUSDT,2025-04-29 08:00:00.000,0.0001,36.17000000,Regular
ZECUSDT,2025-04-29 16:00:00.010,0.0001,36.01000000,Regular
ZECUSDT,2025-04-30 00:00:00.001,0.0001,34.56500000,Regular
ZECUSDT,2025-04-30 08:00:00.000,0.0001,34.57000000,Regular
ZECUSDT,2025-04-30 16:00:00.003,0.0001,35.60000000,Regular
ZECUSDT,2025-05-01 00:00:00.000,0.0001,36.02437255,Regular
ZECUSDT,2025-05-01 08:00:00.000,0.0001,35.67788889,Regular
ZECUSDT,2025-05-01 16:00:00.001,0.0001,35.32000000,Regular
ZECUSDT,2025-05-02 00:00:00.000,0.0001,37.41715686,Regular
ZECUSDT,2025-05-02 08:00:00.000,0.0001,36.60985621,Regular
ZECUSDT,2025-05-02 16:00:00.003,0.0001,36.47583007,Regular
ZECUSDT,2025-05-03 00:00:00.000,0.0001,36.22785666,Regular
ZECUSDT,2025-05-03 08:00:00.000,0.0001,35.99922222,Regular
ZECUSDT,2025-05-03 16:00:00.000,0.0001,35.78409804,Regular
ZECUSDT,2025-05-04 00:00:00.001,0.0001,35.79244444,Regular
ZECUSDT,2025-05-04 08:00:00.001,8.63e-06,35.02822222,Regular
ZECUSDT,2025-05-04 16:00:00.002,-1.362e-05,34.89966993,Regular
ZECUSDT,2025-05-05 00:00:00.000,0.0001,35.59000000,Regular
ZECUSDT,2025-05-05 08:00:00.000,0.0001,36.09950980,Regular
ZECUSDT,2025-05-05 16:00:00.006,-3.149e-05,36.61749510,Regular
ZECUSDT,2025-05-06 00:00:00.002,3.342e-05,36.52468627,Regular
ZECUSDT,2025-05-06 08:00:00.005,5.024e-05,35.95553268,Regular
ZECUSDT,2025-05-06 16:00:00.000,2.051e-05,35.69000000,Regular
ZECUSDT,2025-05-07 00:00:00.002,-4.723e-05,38.02367810,Regular
ZECUSDT,2025-05-07 08:00:00.000,0.0001,37.72890850,Regular
ZECUSDT,2025-05-07 16:00:00.006,-8.356e-05,38.26000000,Regular
ZECUSDT,2025-05-08 00:00:00.000,3.042e-05,40.47070261,Regular
ZECUSDT,2025-05-08 08:00:00.001,0.0001,40.27343137,Regular
ZECUSDT,2025-05-08 16:00:00.002,3.18e-06,40.97000000,Regular
ZECUSDT,2025-05-09 00:00:00.001,0.0001,41.99046895,Regular
ZECUSDT,2025-05-09 08:00:00.006,0.0001,42.17078431,Regular
ZECUSDT,2025-05-09 16:00:00.000,0.0001,41.81000000,Regular
ZECUSDT,2025-05-10 00:00:00.001,0.0001,41.89324510,Regular
ZECUSDT,2025-05-10 08:00:00.000,0.0001,42.73000000,Regular
ZECUSDT,2025-05-10 16:00:00.001,0.0001,41.04166993,Regular
ZECUSDT,2025-05-11 00:00:00.000,0.0001,43.57990196,Regular
ZECUSDT,2025-05-11 08:00:00.001,0.0001,41.65882353,Regular
ZECUSDT,2025-05-11 16:00:00.001,0.0001,41.87410784,Regular
ZECUSDT,2025-05-12 00:00:00.004,0.0001,45.23000000,Regular
ZECUSDT,2025-05-12 08:00:00.000,0.0001,44.55563399,Regular
ZECUSDT,2025-05-12 16:00:00.000,0.0001,43.03000000,Regular
ZECUSDT,2025-05-13 00:00:00.000,0.0001,44.48243464,Regular
ZECUSDT,2025-05-13 08:00:00.008,0.0001,42.82000000,Regular
ZECUSDT,2025-05-13 16:00:00.001,0.0001,42.34973529,Regular
ZECUSDT,2025-05-14 00:00:00.007,0.0001,43.50000000,Regular
ZECUSDT,2025-05-14 08:00:00.000,0.0001,43.05653922,Regular
ZECUSDT,2025-05-14 16:00:00.002,0.0001,41.52888235,Regular
ZECUSDT,2025-05-15 00:00:00.000,0.0001,41.97000000,Regular
ZECUSDT,2025-05-15 08:00:00.003,0.0001,39.93539216,Regular
ZECUSDT,2025-05-15 16:00:00.000,0.0001,41.58184641,Regular
ZECUSDT,2025-05-16 00:00:00.001,0.0001,41.78042320,Regular
ZECUSDT,2025-05-16 08:00:00.000,0.0001,41.86000000,Regular
ZECUSDT,2025-05-16 16:00:00.000,4.893e-05,41.23000000,Regular
ZECUSDT,2025-05-17 00:00:00.000,0.0001,40.34000000,Regular
ZECUSDT,2025-05-17 08:00:00.001,-3.814e-05,39.96000000,Regular
ZECUSDT,2025-05-17 16:00:00.004,-3.159e-05,40.82751797,Regular
ZECUSDT,2025-05-18 00:00:00.000,4.596e-05,40.41000000,Regular
ZECUSDT,2025-05-18 08:00:00.000,0.0001,40.73464772,Regular
ZECUSDT,2025-05-18 16:00:00.000,0.0001,42.00218627,Regular
ZECUSDT,2025-05-19 00:00:00.000,-5.406e-05,41.37525000,Regular
ZECUSDT,2025-05-19 08:00:00.006,-0.00016753,39.49000000,Regular
ZECUSDT,2025-05-19 16:00:00.010,-0.00016113,41.07970915,Regular
ZECUSDT,2025-05-20 00:00:00.000,0.0001,40.66400654,Regular
ZECUSDT,2025-05-20 08:00:00.002,0.0001,40.06000000,Regular
ZECUSDT,2025-05-20 16:00:00.000,-7.992e-05,39.96000000,Regular
ZECUSDT,2025-05-21 00:00:00.000,-0.00014899,41.15522549,Regular
ZECUSDT,2025-05-21 08:00:00.001,4.919e-05,41.25925980,Regular
ZECUSDT,2025-05-21 16:00:00.004,0.0001,41.66000000,Regular
ZECUSDT,2025-05-22 00:00:00.001,-8.573e-05,42.91235458,Regular
ZECUSDT,2025-05-22 08:00:00.000,0.0001,43.43000000,Regular
ZECUSDT,2025-05-22 16:00:00.002,0.0001,47.19083660,Regular
ZECUSDT,2025-05-23 00:00:00.006,0.0001,48.95000000,Regular
ZECUSDT,2025-05-23 08:00:00.000,0.0001,47.80284314,Regular
ZECUSDT,2025-05-23 16:00:00.007,0.0001,48.26695098,Regular
ZECUSDT,2025-05-24 00:00:00.010,0.0001,46.88040686,Regular
ZECUSDT,2025-05-24 08:00:00.000,0.0001,47.30212092,Regular
ZECUSDT,2025-05-24 16:00:00.003,0.0001,47.59069281,Regular
ZECUSDT,2025-05-25 00:00:00.004,2.026e-05,49.45000000,Regular
ZECUSDT,2025-05-25 08:00:00.000,0.0001,48.23941176,Regular
ZECUSDT,2025-05-25 16:00:00.000,-0.00014901,51.42258170,Regular
ZECUSDT,2025-05-26 00:00:00.000,-0.00016727,54.58000000,Regular
ZECUSDT,2025-05-26 08:00:00.000,0.0001,51.67975327,Regular
ZECUSDT,2025-05-26 16:00:00.002,-0.00017654,53.89334967,Regular
ZECUSDT,2025-05-27 00:00:00.003,0.0001,54.27000000,Regular
ZECUSDT,2025-05-27 08:00:00.001,0.0001,54.12184477,Regular
ZECUSDT,2025-05-27 16:00:00.005,4.056e-05,53.57447059,Regular
ZECUSDT,2025-05-28 00:00:00.002,-0.00021681,51.77000000,Regular
ZECUSDT,2025-05-28 08:00:00.003,-0.00025368,51.26426471,Regular
ZECUSDT,2025-05-28 16:00:00.002,-0.00024912,50.83111275,Regular
ZECUSDT,2025-05-29 00:00:00.000,-0.00030751,53.19000000,Regular
ZECUSDT,2025-05-29 08:00:00.006,-0.00045477,53.02012255,Regular
ZECUSDT,2025-05-29 16:00:00.000,-0.00018728,54.58000000,Regular
ZECUSDT,2025-05-30 00:00:00.003,-0.00020406,53.19392157,Regular
ZECUSDT,2025-05-30 08:00:00.003,-9.636e-05,51.72000000,Regular
ZECUSDT,2025-05-30 16:00:00.000,-0.00013393,50.60419076,Regular
ZECUSDT,2025-05-31 00:00:00.000,7.09e-05,47.30000000,Regular
ZECUSDT,2025-05-31 08:00:00.000,-0.00028178,46.84000000,Regular
ZECUSDT,2025-05-31 16:00:00.000,-0.00041289,47.09630229,Regular
ZECUSDT,2025-06-01 00:00:00.001,-0.00078477,50.06000000,Regular
ZECUSDT,2025-06-01 08:00:00.002,-0.00053712,50.25965686,Regular
ZECUSDT,2025-06-01 16:00:00.000,-0.00059504,50.55000000,Regular
ZECUSDT,2025-06-02 00:00:00.001,-0.00084492,53.04365686,Regular
ZECUSDT,2025-06-02 08:00:00.000,-0.00026265,53.32326144,Regular
ZECUSDT,2025-06-02 16:00:00.000,-6.925e-05,52.85000000,Regular
ZECUSDT,2025-06-03 00:00:00.000,-0.0001397,53.95000000,Regular
ZECUSDT,2025-06-03 08:00:00.000,-0.00033814,54.06000000,Regular
ZECUSDT,2025-06-03 16:00:00.001,-0.00040006,53.91000000,Regular
ZECUSDT,2025-06-04 00:00:00.000,-0.00027272,54.30250654,Regular
ZECUSDT,2025-06-04 08:00:00.000,-0.00028868,52.38852941,Regular
ZECUSDT,2025-06-04 16:00:00.000,-0.00011149,51.65882516,Regular
ZECUSDT,2025-06-05 00:00:00.016,6.632e-05,50.26615686,Regular
ZECUSDT,2025-06-05 08:00:00.000,-6.471e-05,50.05903431,Regular
ZECUSDT,2025-06-05 16:00:00.000,-0.00017448,50.11000000,Regular
ZECUSDT,2025-06-06 00:00:00.002,-0.00057509,47.49285294,Regular
ZECUSDT,2025-06-06 08:00:00.000,-0.00053328,48.17415686,Regular
ZECUSDT,2025-06-06 16:00:00.006,-0.00067044,49.04859641,Regular
ZECUSDT,2025-06-07 00:00:00.000,-0.0003587,48.03000000,Regular
ZECUSDT,2025-06-07 08:00:00.000,-2e-07,48.51155229,Regular
ZECUSDT,2025-06-07 16:00:00.002,-0.00040345,48.59239542,Regular
ZECUSDT,2025-06-08 00:00:00.000,-0.00085489,50.19911928,Regular
ZECUSDT,2025-06-08 08:00:00.000,-0.00051552,49.55997059,Regular
ZECUSDT,2025-06-08 16:00:00.000,-0.00053482,50.28830229,Regular
ZECUSDT,2025-06-09 00:00:00.000,-0.00039104,48.66500654,Regular
ZECUSDT,2025-06-09 08:00:00.001,-0.00031777,49.32000000,Regular
ZECUSDT,2025-06-09 16:00:00.001,-0.00053093,49.94907190,Regular
ZECUSDT,2025-06-10 00:00:00.000,-0.0001578,51.53590523,Regular
ZECUSDT,2025-06-10 08:00:00.001,-0.00057668,50.82000000,Regular
ZECUSDT,2025-06-10 16:00:00.003,-0.00023784,52.16006373,Regular
ZECUSDT,2025-06-11 00:00:00.000,-3.692e-05,51.80176144,Regular
ZECUSDT,2025-06-11 08:00:00.000,-0.00016625,50.88000000,Regular
ZECUSDT,2025-06-11 16:00:00.010,-0.00022237,51.44769935,Regular
ZECUSDT,2025-06-12 00:00:00.002,-0.00019509,49.96609339,Regular
ZECUSDT,2025-06-12 08:00:00.003,0.0001,48.28000000,Regular
ZECUSDT,2025-06-12 16:00:00.001,-0.00062901,49.69912418,Regular
ZECUSDT,2025-06-13 00:00:00.000,-0.00018925,47.89661275,Regular
ZECUSDT,2025-06-13 08:00:00.001,1.915e-05,46.06000000,Regular
ZECUSDT,2025-06-13 16:00:00.004,-3.31e-06,45.59000000,Regular
ZECUSDT,2025-06-14 00:00:00.000,-7.965e-05,45.19572549,Regular
ZECUSDT,2025-06-14 08:00:00.000,-0.00053536,44.31848366,Regular
ZECUSDT,2025-06-14 16:00:00.000,-0.00027685,44.20958007,Regular
ZECUSDT,2025-06-15 00:00:00.005,-0.0002731,44.11000000,Regular
ZECUSDT,2025-06-15 08:00:00.009,-0.00016566,43.93196732,Regular
ZECUSDT,2025-06-15 16:00:00.000,-4.791e-05,43.53000000,Regular
ZECUSDT,2025-06-16 00:00:00.000,1.455e-05,43.36368627,Regular
ZECUSDT,2025-06-16 08:00:00.000,7.136e-05,43.77000000,Regular
ZECUSDT,2025-06-16 16:00:00.003,9.8e-06,44.83736765,Regular
ZECUSDT,2025-06-17 00:00:00.000,0.0001,43.05000000,Regular
ZECUSDT,2025-06-17 08:00:00.006,-0.00018007,42.38000000,Regular
ZECUSDT,2025-06-17 16:00:00.001,0.0001,41.53643464,Regular
ZECUSDT,2025-06-18 00:00:00.001,9.517e-05,41.15101307,Regular
ZECUSDT,2025-06-18 08:00:00.001,0.0001,41.67063072,Regular
ZECUSDT,2025-06-18 16:00:00.001,-0.00023833,41.88082680,Regular
ZECUSDT,2025-06-19 00:00:00.005,0.0001,42.08216667,Regular
ZECUSDT,2025-06-19 08:00:00.003,0.0001,41.50000000,Regular
ZECUSDT,2025-06-19 16:00:00.000,0.0001,41.50000000,Regular
ZECUSDT,2025-06-20 00:00:00.000,0.0001,41.68000000,Regular
ZECUSDT,2025-06-20 08:00:00.002,2.389e-05,41.83000000,Regular
ZECUSDT,2025-06-20 16:00:00.001,6.976e-05,40.70000000,Regular
ZECUSDT,2025-06-21 00:00:00.002,6.38e-06,40.26878431,Regular
ZECUSDT,2025-06-21 08:00:00.005,0.0001,40.20140850,Regular
ZECUSDT,2025-06-21 16:00:00.000,-0.00018567,41.32000000,Regular
ZECUSDT,2025-06-22 00:00:00.005,0.0001,39.47000000,Regular
ZECUSDT,2025-06-22 08:00:00.000,0.0001,38.59000000,Regular
ZECUSDT,2025-06-22 16:00:00.003,2.25e-06,37.83157361,Regular
ZECUSDT,2025-06-23 00:00:00.000,0.0001,38.17000000,Regular
ZECUSDT,2025-06-23 08:00:00.004,0.0001,38.46916667,Regular
ZECUSDT,2025-06-23 16:00:00.013,1.959e-05,38.90000000,Regular
ZECUSDT,2025-06-24 00:00:00.003,0.0001,41.51000000,Regular
ZECUSDT,2025-06-24 08:00:00.000,3.329e-05,41.81000000,Regular
ZECUSDT,2025-06-24 16:00:00.000,4.814e-05,42.46089216,Regular
ZECUSDT,2025-06-25 00:00:00.005,0.0001,42.76000000,Regular
ZECUSDT,2025-06-25 08:00:00.000,0.0001,42.17000000,Regular
ZECUSDT,2025-06-25 16:00:00.005,-1.11e-05,41.56000000,Regular
ZECUSDT,2025-06-26 00:00:00.000,-3.791e-05,41.38000000,Regular
ZECUSDT,2025-06-26 08:00:00.006,8.408e-05,41.07000000,Regular
ZECUSDT,2025-06-26 16:00:00.007,3.665e-05,39.40482353,Regular
ZECUSDT,2025-06-27 00:00:00.000,1.285e-05,39.18567647,Regular
ZECUSDT,2025-06-27 08:00:00.000,-6.037e-05,39.11000000,Regular
ZECUSDT,2025-06-27 16:00:00.009,0.0001,38.88000000,Regular
ZECUSDT,2025-06-28 00:00:00.001,0.0001,38.54647059,Regular
ZECUSDT,2025-06-28 08:00:00.002,0.0001,38.05035621,Regular
ZECUSDT,2025-06-28 16:00:00.000,0.0001,38.19837255,Regular
ZECUSDT,2025-06-29 00:00:00.004,0.0001,38.95000000,Regular
ZECUSDT,2025-06-29 08:00:00.001,0.0001,39.93431373,Regular
ZECUSDT,2025-06-29 16:00:00.001,0.0001,39.64624183,Regular
ZECUSDT,2025-06-30 00:00:00.000,9.047e-05,40.06000000,Regular
ZECUSDT,2025-06-30 08:00:00.005,0.0001,39.88718627,Regular
ZECUSDT,2025-06-30 16:00:00.002,-1.619e-05,39.09294118,Regular
ZECUSDT,2025-07-01 00:00:00.007,0.0001,38.21000000,Regular
ZECUSDT,2025-07-01 08:00:00.002,0.0001,37.14853606,Regular
ZECUSDT,2025-07-01 16:00:00.000,0.0001,36.45670915,Regular
ZECUSDT,2025-07-02 00:00:00.001,0.0001,36.91000000,Regular
ZECUSDT,2025-07-02 08:00:00.000,0.0001,37.22058170,Regular
ZECUSDT,2025-07-02 16:00:00.003,0.0001,38.03876471,Regular
ZECUSDT,2025-07-03 00:00:00.006,0.0001,38.87000000,Regular
ZECUSDT,2025-07-03 08:00:00.003,0.0001,39.49269118,Regular
ZECUSDT,2025-07-03 16:00:00.003,-5.026e-05,39.50000000,Regular
ZECUSDT,2025-07-04 00:00:00.005,0.0001,40.91000000,Regular
ZECUSDT,2025-07-04 08:00:00.003,-2.769e-05,40.10000000,Regular
ZECUSDT,2025-07-04 16:00:00.001,-6.031e-05,39.54000000,Regular
ZECUSDT,2025-07-05 00:00:00.004,0.0001,40.09000000,Regular
ZECUSDT,2025-07-05 08:00:00.009,-0.00023233,39.78000000,Regular
ZECUSDT,2025-07-05 16:00:00.006,-0.00013729,39.17000000,Regular
ZECUSDT,2025-07-06 00:00:00.001,3.794e-05,39.17233333,Regular
ZECUSDT,2025-07-06 08:00:00.002,-0.00012655,38.20000000,Regular
ZECUSDT,2025-07-06 16:00:00.004,0.0001,38.73000000,Regular
ZECUSDT,2025-07-07 00:00:00.000,2.611e-05,39.28000000,Regular
ZECUSDT,2025-07-07 08:00:00.007,0.0001,38.86411438,Regular
ZECUSDT,2025-07-07 16:00:00.000,0.0001,38.66000000,Regular
ZECUSDT,2025-07-08 00:00:00.010,0.0001,38.74853922,Regular
ZECUSDT,2025-07-08 08:00:00.003,8.282e-05,38.66513399,Regular
ZECUSDT,2025-07-08 16:00:00.000,0.0001,40.83441013,Regular
ZECUSDT,2025-07-09 00:00:00.002,0.0001,43.68000000,Regular
ZECUSDT,2025-07-09 08:00:00.006,-6.28e-06,40.45514379,Regular
ZECUSDT,2025-07-09 16:00:00.001,0.0001,39.01335621,Regular
ZECUSDT,2025-07-10 00:00:00.003,0.0001,40.98000000,Regular
ZECUSDT,2025-07-10 08:00:00.000,0.0001,40.67000000,Regular
ZECUSDT,2025-07-10 16:00:00.004,0.0001,40.30000000,Regular
ZECUSDT,2025-07-11 00:00:00.004,0.0001,42.02757394,Regular
ZECUSDT,2025-07-11 08:00:00.007,0.0001,42.59130065,Regular
ZECUSDT,2025-07-11 16:00:00.001,0.0001,42.53000000,Regular
ZECUSDT,2025-07-12 00:00:00.000,0.0001,42.04076471,Regular
ZECUSDT,2025-07-12 08:00:00.001,0.0001,42.37801307,Regular
ZECUSDT,2025-07-12 16:00:00.002,0.0001,40.72000000,Regular
ZECUSDT,2025-07-13 00:00:00.006,0.0001,42.26775000,Regular
ZECUSDT,2025-07-13 08:00:00.001,0.0001,43.03846405,Regular
ZECUSDT,2025-07-13 16:00:00.003,0.0001,43.36000000,Regular
ZECUSDT,2025-07-14 00:00:00.000,0.0001,42.36000000,Regular
ZECUSDT,2025-07-14 08:00:00.000,0.0001,44.14117647,Regular
ZECUSDT,2025-07-14 16:00:00.000,0.0001,43.81000000,Regular
ZECUSDT,2025-07-15 00:00:00.002,0.0001,43.11192157,Regular
ZECUSDT,2025-07-15 08:00:00.000,0.0001,41.96000000,Regular
ZECUSDT,2025-07-15 16:00:00.000,0.0001,42.25000000,Regular
ZECUSDT,2025-07-16 00:00:00.000,0.0001,43.73956373,Regular
ZECUSDT,2025-07-16 08:00:00.000,0.0001,44.37407190,Regular
ZECUSDT,2025-07-16 16:00:00.008,0.0001,44.30411765,Regular
ZECUSDT,2025-07-17 00:00:00.003,0.0001,44.21784150,Regular
ZECUSDT,2025-07-17 08:00:00.000,0.0001,44.28094608,Regular
ZECUSDT,2025-07-17 16:00:00.000,0.0001,44.49666993,Regular
ZECUSDT,2025-07-18 00:00:00.004,0.0001,45.44003922,Regular
ZECUSDT,2025-07-18 08:00:00.000,0.0001,45.93099510,Regular
ZECUSDT,2025-07-18 16:00:00.000,0.0001,45.05000000,Regular
ZECUSDT,2025-07-19 00:00:00.009,0.0001,44.28420098,Regular
ZECUSDT,2025-07-19 08:00:00.000,0.0001,43.86000000,Regular
ZECUSDT,2025-07-19 16:00:00.002,0.0001,43.32366176,Regular
ZECUSDT,2025-07-20 00:00:00.000,0.0001,44.68000000,Regular
ZECUSDT,2025-07-20 08:00:00.000,0.0001,44.40000000,Regular
ZECUSDT,2025-07-20 16:00:00.000,0.0001,45.53292157,Regular
ZECUSDT,2025-07-21 00:00:00.001,0.0001,44.98000000,Regular
ZECUSDT,2025-07-21 08:00:00.000,0.0001,45.60998203,Regular
ZECUSDT,2025-07-21 16:00:00.001,0.0001,45.16559967,Regular
ZECUSDT,2025-07-22 00:00:00.000,0.0001,44.59245915,Regular
ZECUSDT,2025-07-22 08:00:00.010,0.0001,43.00420261,Regular
ZECUSDT,2025-07-22 16:00:00.007,0.0001,43.52470588,Regular
ZECUSDT,2025-07-23 00:00:00.000,0.0001,44.09064542,Regular
ZECUSDT,2025-07-23 08:00:00.004,0.0001,43.19917320,Regular
ZECUSDT,2025-07-23 16:00:00.002,0.0001,42.05000000,Regular
ZECUSDT,2025-07-24 00:00:00.000,0.0001,41.32529412,Regular
ZECUSDT,2025-07-24 08:00:00.001,0.0001,40.10705882,Regular
ZECUSDT,2025-07-24 16:00:00.000,0.0001,41.25411765,Regular
ZECUSDT,2025-07-25 00:00:00.000,0.0001,40.20000000,Regular
ZECUSDT,2025-07-25 08:00:00.000,0.0001,39.49525327,Regular
ZECUSDT,2025-07-25 16:00:00.000,0.0001,39.88329575,Regular
ZECUSDT,2025-07-26 00:00:00.001,0.0001,40.78000000,Regular
ZECUSDT,2025-07-26 08:00:00.005,0.0001,40.80446078,Regular
ZECUSDT,2025-07-26 16:00:00.001,0.0001,41.40156863,Regular
ZECUSDT,2025-07-27 00:00:00.001,0.0001,41.19372549,Regular
ZECUSDT,2025-07-27 08:00:00.000,0.0001,41.51274510,Regular
ZECUSDT,2025-07-27 16:00:00.008,0.0001,41.60578431,Regular
ZECUSDT,2025-07-28 00:00:00.005,0.0001,41.84035458,Regular
ZECUSDT,2025-07-28 08:00:00.000,0.0001,42.56842974,Regular
ZECUSDT,2025-07-28 16:00:00.000,0.0001,41.79000000,Regular
ZECUSDT,2025-07-29 00:00:00.001,7.877e-05,40.60996405,Regular
ZECUSDT,2025-07-29 08:00:00.000,0.0001,41.15000000,Regular
ZECUSDT,2025-07-29 16:00:00.000,8.859e-05,40.10000000,Regular
ZECUSDT,2025-07-30 00:00:00.011,0.0001,40.51294608,Regular
ZECUSDT,2025-07-30 08:00:00.000,0.0001,39.23000000,Regular
ZECUSDT,2025-07-30 16:00:00.008,7.943e-05,38.99842157,Regular
ZECUSDT,2025-07-31 00:00:00.000,0.0001,38.41000000,Regular
ZECUSDT,2025-07-31 08:00:00.009,0.0001,39.07000000,Regular
ZECUSDT,2025-07-31 16:00:00.000,7.142e-05,38.03000000,Regular
ZECUSDT,2025-08-01 00:00:00.001,5.332e-05,36.92000000,Regular
ZECUSDT,2025-08-01 08:00:00.003,-0.0002332,35.98000000,Regular
ZECUSDT,2025-08-01 16:00:00.000,0.0001,36.63990196,Regular
ZECUSDT,2025-08-02 00:00:00.004,0.0001,35.87000000,Regular
ZECUSDT,2025-08-02 08:00:00.000,0.0001,35.79443170,Regular
ZECUSDT,2025-08-02 16:00:00.000,0.0001,35.18313725,Regular
ZECUSDT,2025-08-03 00:00:00.000,0.0001,35.41147059,Regular
ZECUSDT,2025-08-03 08:00:00.000,2.58e-05,35.46710784,Regular
ZECUSDT,2025-08-03 16:00:00.003,-9.741e-05,36.37000000,Regular
ZECUSDT,2025-08-04 00:00:00.004,0.0001,36.12881699,Regular
ZECUSDT,2025-08-04 08:00:00.000,0.0001,36.45000000,Regular
ZECUSDT,2025-08-04 16:00:00.002,0.0001,36.79000000,Regular
ZECUSDT,2025-08-05 00:00:00.000,0.0001,37.06035948,Regular
ZECUSDT,2025-08-05 08:00:00.000,0.0001,35.95497059,Regular
ZECUSDT,2025-08-05 16:00:00.000,0.0001,35.27000000,Regular
ZECUSDT,2025-08-06 00:00:00.005,0.0001,35.44926961,Regular
ZECUSDT,2025-08-06 08:00:00.000,0.0001,35.58550000,Regular
ZECUSDT,2025-08-06 16:00:00.000,0.0001,35.93118519,Regular
ZECUSDT,2025-08-07 00:00:00.003,0.0001,36.07925000,Regular
ZECUSDT,2025-08-07 08:00:00.002,0.0001,36.57000000,Regular
ZECUSDT,2025-08-07 16:00:00.002,0.0001,37.51198405,Regular
ZECUSDT,2025-08-08 00:00:00.002,0.0001,38.09440678,Regular
ZECUSDT,2025-08-08 08:00:00.004,0.0001,38.27012745,Regular
ZECUSDT,2025-08-08 16:00:00.000,0.0001,38.20121569,Regular
ZECUSDT,2025-08-09 00:00:00.005,0.0001,38.71000000,Regular
ZECUSDT,2025-08-09 08:00:00.000,0.0001,39.37000000,Regular
ZECUSDT,2025-08-09 16:00:00.007,0.0001,39.49000000,Regular
ZECUSDT,2025-08-10 00:00:00.003,0.0001,39.62396078,Regular
ZECUSDT,2025-08-10 08:00:00.005,0.0001,38.68000000,Regular
ZECUSDT,2025-08-10 16:00:00.002,0.0001,38.99000000,Regular
ZECUSDT,2025-08-11 00:00:00.000,0.0001,39.46990196,Regular
ZECUSDT,2025-08-11 08:00:00.000,0.0001,39.16000000,Regular
ZECUSDT,2025-08-11 16:00:00.000,0.0001,38.14000000,Regular
ZECUSDT,2025-08-12 00:00:00.000,0.0001,36.58000000,Regular
ZECUSDT,2025-08-12 08:00:00.001,0.0001,37.22774510,Regular
ZECUSDT,2025-08-12 16:00:00.005,0.0001,39.30611765,Regular
ZECUSDT,2025-08-13 00:00:00.000,0.0001,39.49000000,Regular
ZECUSDT,2025-08-13 08:00:00.002,0.0001,38.45000000,Regular
ZECUSDT,2025-08-13 16:00:00.006,0.0001,39.29000000,Regular
ZECUSDT,2025-08-14 00:00:00.002,0.0001,39.33823529,Regular
ZECUSDT,2025-08-14 08:00:00.003,0.0001,40.14000000,Regular
ZECUSDT,2025-08-14 16:00:00.000,0.0001,37.35069281,Regular
ZECUSDT,2025-08-15 00:00:00.000,8.322e-05,36.61392157,Regular
ZECUSDT,2025-08-15 08:00:00.000,0.0001,38.23692974,Regular
ZECUSDT,2025-08-15 16:00:00.000,3.663e-05,36.56000000,Regular
ZECUSDT,2025-08-16 00:00:00.004,8.922e-05,36.38000000,Regular
ZECUSDT,2025-08-16 08:00:00.000,0.0001,36.44213725,Regular
ZECUSDT,2025-08-16 16:00:00.002,0.0001,36.57000000,Regular
ZECUSDT,2025-08-17 00:00:00.000,0.0001,36.71179902,Regular
ZECUSDT,2025-08-17 08:00:00.001,0.0001,37.25125490,Regular
ZECUSDT,2025-08-17 16:00:00.007,0.0001,37.72440686,Regular
ZECUSDT,2025-08-18 00:00:00.000,0.0001,36.97000000,Regular
ZECUSDT,2025-08-18 08:00:00.001,-0.00023591,35.53000000,Regular
ZECUSDT,2025-08-18 16:00:00.002,5.637e-05,36.52000000,Regular
ZECUSDT,2025-08-19 00:00:00.000,-4.686e-05,35.30314869,Regular
ZECUSDT,2025-08-19 08:00:00.001,0.0001,35.78246405,Regular
ZECUSDT,2025-08-19 16:00:00.000,0.0001,35.29000000,Regular
ZECUSDT,2025-08-20 00:00:00.000,-5.3e-06,34.60769608,Regular
ZECUSDT,2025-08-20 08:00:00.000,-6.032e-05,36.98121469,Regular
ZECUSDT,2025-08-20 16:00:00.000,0.0001,38.39495425,Regular
ZECUSDT,2025-08-21 00:00:00.006,0.0001,39.02450817,Regular
ZECUSDT,2025-08-21 08:00:00.000,8.608e-05,38.33000000,Regular
ZECUSDT,2025-08-21 16:00:00.003,0.0001,39.40000000,Regular
ZECUSDT,2025-08-22 00:00:00.010,-0.00012449,42.53469935,Regular
ZECUSDT,2025-08-22 08:00:00.007,0.0001,42.03000000,Regular
ZECUSDT,2025-08-22 16:00:00.001,0.0001,43.76000000,Regular
ZECUSDT,2025-08-23 00:00:00.004,0.0001,43.95029412,Regular
ZECUSDT,2025-08-23 08:00:00.006,0.0001,42.79269608,Regular
ZECUSDT,2025-08-23 16:00:00.000,0.0001,43.21039216,Regular
ZECUSDT,2025-08-24 00:00:00.001,0.0001,44.78371220,Regular
ZECUSDT,2025-08-24 08:00:00.002,0.0001,42.49794118,Regular
ZECUSDT,2025-08-24 16:00:00.001,0.0001,42.85088235,Regular
ZECUSDT,2025-08-25 00:00:00.000,0.0001,42.57549020,Regular
ZECUSDT,2025-08-25 08:00:00.002,0.0001,41.32647059,Regular
ZECUSDT,2025-08-25 16:00:00.002,0.0001,40.44000000,Regular
ZECUSDT,2025-08-26 00:00:00.000,0.0001,39.77000000,Regular
ZECUSDT,2025-08-26 08:00:00.000,0.0001,39.93577451,Regular
ZECUSDT,2025-08-26 16:00:00.000,0.0001,40.56880882,Regular
ZECUSDT,2025-08-27 00:00:00.003,0.0001,42.79000000,Regular
ZECUSDT,2025-08-27 08:00:00.000,0.0001,42.79000000,Regular
ZECUSDT,2025-08-27 16:00:00.009,0.0001,41.83396569,Regular
ZECUSDT,2025-08-28 00:00:00.000,0.0001,42.26161601,Regular
ZECUSDT,2025-08-28 08:00:00.005,0.0001,42.47000000,Regular
ZECUSDT,2025-08-28 16:00:00.004,0.0001,42.31000000,Regular
ZECUSDT,2025-08-29 00:00:00.000,0.0001,42.45576797,Regular
ZECUSDT,2025-08-29 08:00:00.000,0.0001,41.44529412,Regular
ZECUSDT,2025-08-29 16:00:00.005,0.0001,41.94395425,Regular
ZECUSDT,2025-08-30 00:00:00.000,0.0001,40.12000000,Regular
ZECUSDT,2025-08-30 08:00:00.002,0.0001,40.05000000,Regular
ZECUSDT,2025-08-30 16:00:00.003,0.0001,39.91000000,Regular
ZECUSDT,2025-08-31 00:00:00.016,0.0001,40.00294118,Regular
ZECUSDT,2025-08-31 08:00:00.000,0.0001,39.97000000,Regular
ZECUSDT,2025-08-31 16:00:00.001,0.0001,40.28205882,Regular
ZECUSDT,2025-09-01 00:00:00.000,0.0001,40.39000000,Regular
ZECUSDT,2025-09-01 08:00:00.000,-4.388e-05,40.07000000,Regular
ZECUSDT,2025-09-01 16:00:00.001,3.476e-05,39.34241340,Regular
ZECUSDT,2025-09-02 00:00:00.000,3.8e-06,40.49905229,Regular
ZECUSDT,2025-09-02 08:00:00.005,0.0001,40.70000000,Regular
ZECUSDT,2025-09-02 16:00:00.007,0.0001,40.88000000,Regular
ZECUSDT,2025-09-03 00:00:00.006,0.0001,41.55263072,Regular
ZECUSDT,2025-09-03 08:00:00.002,0.0001,41.20616340,Regular
ZECUSDT,2025-09-03 16:00:00.002,0.0001,42.47235294,Regular
ZECUSDT,2025-09-04 00:00:00.002,0.0001,41.57000000,Regular
ZECUSDT,2025-09-04 08:00:00.000,3.22e-05,40.50000000,Regular
ZECUSDT,2025-09-04 16:00:00.000,5.515e-05,40.28000000,Regular
ZECUSDT,2025-09-05 00:00:00.001,2.353e-05,40.70000000,Regular
ZECUSDT,2025-09-05 08:00:00.006,0.0001,41.74081090,Regular
ZECUSDT,2025-09-05 16:00:00.000,0.0001,40.70085784,Regular
ZECUSDT,2025-09-06 00:00:00.000,0.0001,41.04000000,Regular
ZECUSDT,2025-09-06 08:00:00.005,7.605e-05,42.08000000,Regular
ZECUSDT,2025-09-06 16:00:00.000,0.0001,42.54000000,Regular
ZECUSDT,2025-09-07 00:00:00.000,0.0001,47.42000000,Regular
ZECUSDT,2025-09-07 08:00:00.000,0.0001,47.15000000,Regular
ZECUSDT,2025-09-07 16:00:00.000,4.224e-05,47.60000000,Regular
ZECUSDT,2025-09-08 00:00:00.007,-8.048e-05,48.32000000,Regular
ZECUSDT,2025-09-08 08:00:00.000,-3.8e-05,49.07000000,Regular
ZECUSDT,2025-09-08 16:00:00.000,0.0001,48.77235131,Regular
ZECUSDT,2025-09-09 00:00:00.000,0.0001,50.65438889,Regular
ZECUSDT,2025-09-09 08:00:00.000,0.0001,50.22424346,Regular
ZECUSDT,2025-09-09 16:00:00.000,0.0001,49.31017810,Regular
ZECUSDT,2025-09-10 00:00:00.000,0.0001,48.30000000,Regular
ZECUSDT,2025-09-10 08:00:00.002,0.0001,48.60399020,Regular
ZECUSDT,2025-09-10 16:00:00.000,0.0001,48.23257190,Regular
ZECUSDT,2025-09-11 00:00:00.000,0.0001,47.83353431,Regular
ZECUSDT,2025-09-11 08:00:00.000,0.0001,47.44000000,Regular
ZECUSDT,2025-09-11 16:00:00.001,0.0001,47.60441176,Regular
ZECUSDT,2025-09-12 00:00:00.002,0.0001,47.90000000,Regular
ZECUSDT,2025-09-12 08:00:00.001,0.0001,47.75000000,Regular
ZECUSDT,2025-09-12 16:00:00.005,1.369e-05,48.59000000,Regular
ZECUSDT,2025-09-13 00:00:00.005,0.0001,49.68764542,Regular
ZECUSDT,2025-09-13 08:00:00.002,0.0001,49.54754902,Regular
ZECUSDT,2025-09-13 16:00:00.000,0.0001,50.06000000,Regular
ZECUSDT,2025-09-14 00:00:00.006,0.0001,52.83000000,Regular
ZECUSDT,2025-09-14 08:00:00.000,7.772e-05,53.99000000,Regular
ZECUSDT,2025-09-14 16:00:00.001,0.0001,52.37260053,Regular
ZECUSDT,2025-09-15 00:00:00.006,0.0001,50.44000000,Regular
ZECUSDT,2025-09-15 08:00:00.002,0.0001,50.72359967,Regular
ZECUSDT,2025-09-15 16:00:00.001,0.0001,50.19912745,Regular
ZECUSDT,2025-09-16 00:00:00.001,0.0001,49.85948693,Regular
ZECUSDT,2025-09-16 08:00:00.000,0.0001,52.02000000,Regular
ZECUSDT,2025-09-16 16:00:00.000,0.0001,51.69000000,Regular
ZECUSDT,2025-09-17 00:00:00.001,6.08e-05,51.30368137,Regular
ZECUSDT,2025-09-17 08:00:00.000,0.0001,51.78000000,Regular
ZECUSDT,2025-09-17 16:00:00.003,0.0001,50.64000000,Regular
ZECUSDT,2025-09-18 00:00:00.006,0.0001,51.20000000,Regular
ZECUSDT,2025-09-18 08:00:00.002,0.0001,50.32000000,Regular
ZECUSDT,2025-09-18 16:00:00.000,-2.103e-05,50.20083660,Regular
ZECUSDT,2025-09-19 00:00:00.000,0.0001,50.33006536,Regular
ZECUSDT,2025-09-19 08:00:00.005,3.397e-05,48.92099020,Regular
ZECUSDT,2025-09-19 16:00:00.000,0.0001,48.98401961,Regular
ZECUSDT,2025-09-20 00:00:00.000,0.0001,48.93000000,Regular
ZECUSDT,2025-09-20 08:00:00.000,0.0001,50.24000000,Regular
ZECUSDT,2025-09-20 16:00:00.002,4.555e-05,50.12000000,Regular
ZECUSDT,2025-09-21 00:00:00.000,-0.00032986,50.57082353,Regular
ZECUSDT,2025-09-21 08:00:00.000,0.0001,51.23874837,Regular
ZECUSDT,2025-09-21 16:00:00.000,3.987e-05,51.53000000,Regular
ZECUSDT,2025-09-22 00:00:00.005,5.534e-05,51.73948039,Regular
ZECUSDT,2025-09-22 08:00:00.003,0.0001,48.09000000,Regular
ZECUSDT,2025-09-22 16:00:00.000,-0.00012679,48.13300000,Regular
ZECUSDT,2025-09-23 00:00:00.000,-0.00010279,48.55638562,Regular
ZECUSDT,2025-09-23 08:00:00.001,2.885e-05,49.20000000,Regular
ZECUSDT,2025-09-23 16:00:00.000,6.808e-05,53.79671242,Regular
ZECUSDT,2025-09-24 00:00:00.003,0.0001,55.11019608,Regular
ZECUSDT,2025-09-24 08:00:00.001,0.0001,54.66000000,Regular
ZECUSDT,2025-09-24 16:00:00.002,0.0001,54.86823529,Regular
ZECUSDT,2025-09-25 00:00:00.000,-8.428e-05,58.68191830,Regular
ZECUSDT,2025-09-25 08:00:00.001,0.0001,58.37231046,Regular
ZECUSDT,2025-09-25 16:00:00.000,0.0001,56.62000000,Regular
ZECUSDT,2025-09-26 00:00:00.000,0.0001,54.48352941,Regular
ZECUSDT,2025-09-26 08:00:00.000,0.0001,54.75000000,Regular
ZECUSDT,2025-09-26 16:00:00.008,0.0001,54.06115686,Regular
ZECUSDT,2025-09-27 00:00:00.000,0.0001,56.25605882,Regular
ZECUSDT,2025-09-27 08:00:00.010,6.671e-05,55.81000000,Regular
ZECUSDT,2025-09-27 16:00:00.003,8.207e-05,54.01076471,Regular
ZECUSDT,2025-09-28 00:00:00.000,-4.109e-05,55.57000000,Regular
ZECUSDT,2025-09-28 08:00:00.000,2.629e-05,56.61558497,Regular
ZECUSDT,2025-09-28 16:00:00.000,4.856e-05,58.35000000,Regular
ZECUSDT,2025-09-29 00:00:00.000,1.979e-05,61.03000000,Regular
ZECUSDT,2025-09-29 08:00:00.002,-6.333e-05,66.05000000,Regular
ZECUSDT,2025-09-29 16:00:00.001,-0.00025992,67.82000000,Regular
ZECUSDT,2025-09-30 00:00:00.002,0.0001,72.12892157,Regular
ZECUSDT,2025-09-30 08:00:00.005,0.0001,67.50990196,Regular
ZECUSDT,2025-09-30 16:00:00.000,-0.00034089,73.50888889,Regular
ZECUSDT,2025-10-01 00:00:00.000,-0.00042487,74.24253268,Regular
ZECUSDT,2025-10-01 08:00:00.000,-0.00048205,89.15541920,Regular
ZECUSDT,2025-10-01 16:00:00.000,-0.00013371,92.15247059,Regular
ZECUSDT,2025-10-02 00:00:00.000,0.0001,120.80000000,Regular
ZECUSDT,2025-10-02 08:00:00.013,0.0001,143.13170915,Regular
ZECUSDT,2025-10-02 16:00:00.000,0.0001,132.57622222,Regular
ZECUSDT,2025-10-03 00:00:00.006,0.0001,131.30000000,Regular
ZECUSDT,2025-10-03 08:00:00.006,4.206e-05,141.22718954,Regular
ZECUSDT,2025-10-03 16:00:00.000,-3.132e-05,150.23203595,Regular
ZECUSDT,2025-10-04 00:00:00.001,0.0001,127.42578758,Regular
ZECUSDT,2025-10-04 08:00:00.000,8.539e-05,134.08432049,Regular
ZECUSDT,2025-10-04 16:00:00.000,0.0001,142.12558824,Regular
ZECUSDT,2025-10-05 00:00:00.000,0.0001,156.82000000,Regular
ZECUSDT,2025-10-05 08:00:00.003,0.0001,160.94784314,Regular
ZECUSDT,2025-10-05 16:00:00.009,0.0001,149.53238235,Regular
ZECUSDT,2025-10-06 00:00:00.004,5.407e-05,165.26000000,Regular
ZECUSDT,2025-10-06 08:00:00.002,0.0001,160.02636601,Regular
ZECUSDT,2025-10-06 16:00:00.004,0.0001,163.26813725,Regular
ZECUSDT,2025-10-07 00:00:00.000,0.0001,155.90186275,Regular
ZECUSDT,2025-10-07 08:00:00.003,0.0001,145.64000000,Regular
ZECUSDT,2025-10-07 16:00:00.000,0.0001,137.10576471,Regular
ZECUSDT,2025-10-08 00:00:00.000,0.0001,127.34000000,Regular
ZECUSDT,2025-10-08 08:00:00.006,0.0001,135.26668954,Regular
ZECUSDT,2025-10-08 16:00:00.002,0.0001,166.00000000,Regular
ZECUSDT,2025-10-09 00:00:00.001,0.0001,177.40767647,Regular
ZECUSDT,2025-10-09 08:00:00.000,0.0001,179.35000000,Regular
ZECUSDT,2025-10-09 16:00:00.000,0.0001,188.01000000,Regular
ZECUSDT,2025-10-10 00:00:00.005,0.0001,212.64000000,Regular
ZECUSDT,2025-10-10 08:00:00.002,0.00017725,226.31411765,Regular
ZECUSDT,2025-10-10 16:00:00.014,0.0001,228.55735294,Regular
ZECUSDT,2025-10-11 00:00:00.000,-0.00065132,224.93422222,Regular
ZECUSDT,2025-10-11 08:00:00.003,0.0001,267.47739216,Regular
ZECUSDT,2025-10-11 16:00:00.000,-0.00019168,262.36556209,Regular
ZECUSDT,2025-10-12 00:00:00.004,0.0001,290.64059804,Regular
ZECUSDT,2025-10-12 08:00:00.002,8.702e-05,288.15000000,Regular
ZECUSDT,2025-10-12 16:00:00.000,0.0001,251.42000000,Regular
ZECUSDT,2025-10-13 00:00:00.003,0.0001,260.41618323,Regular
ZECUSDT,2025-10-13 08:00:00.002,0.0001,266.93052738,Regular
ZECUSDT,2025-10-13 16:00:00.003,0.0001,245.23000000,Regular
ZECUSDT,2025-10-14 00:00:00.000,0.0001,249.12000000,Regular
ZECUSDT,2025-10-14 08:00:00.000,0.0001,224.64516993,Regular
ZECUSDT,2025-10-14 16:00:00.000,9.446e-05,257.73191503,Regular
ZECUSDT,2025-10-15 00:00:00.006,1.173e-05,247.87901961,Regular
ZECUSDT,2025-10-15 08:00:00.002,3.009e-05,262.04680719,Regular
ZECUSDT,2025-10-15 16:00:00.000,-4.171e-05,252.41764379,Regular
ZECUSDT,2025-10-16 00:00:00.000,-6.45e-06,229.74000000,Regular
ZECUSDT,2025-10-16 08:00:00.003,-7.224e-05,241.26000000,Regular
ZECUSDT,2025-10-16 16:00:00.002,-4.033e-05,219.46466993,Regular
ZECUSDT,2025-10-17 00:00:00.001,0.0001,205.09000000,Regular
ZECUSDT,2025-10-17 08:00:00.005,0.0001,192.42000000,Regular
ZECUSDT,2025-10-17 16:00:00.003,0.0001,211.15347059,Regular
ZECUSDT,2025-10-18 00:00:00.000,6.859e-05,217.77000000,Regular
ZECUSDT,2025-10-18 08:00:00.002,4.635e-05,216.89000000,Regular
ZECUSDT,2025-10-18 16:00:00.001,-4.147e-05,213.65231046,Regular
ZECUSDT,2025-10-19 00:00:00.001,0.0001,221.22000000,Regular
ZECUSDT,2025-10-19 08:00:00.001,-0.00010682,217.82000000,Regular
ZECUSDT,2025-10-19 16:00:00.001,7.584e-05,225.37000000,Regular
ZECUSDT,2025-10-20 00:00:00.004,-5.593e-05,235.59000000,Regular
ZECUSDT,2025-10-20 08:00:00.001,4.912e-05,238.04129085,Regular
ZECUSDT,2025-10-20 16:00:00.000,-0.00012404,260.40055882,Regular
ZECUSDT,2025-10-21 00:00:00.009,0.0001,268.57416667,Regular
ZECUSDT,2025-10-21 08:00:00.000,0.0001,255.28135294,Regular
ZECUSDT,2025-10-21 16:00:00.000,0.0001,292.20633660,Regular
ZECUSDT,2025-10-22 00:00:00.004,8.387e-05,262.85000000,Regular
ZECUSDT,2025-10-22 08:00:00.000,-2.518e-05,276.51000000,Regular
ZECUSDT,2025-10-22 16:00:00.000,-0.0001205,259.25000000,Regular
ZECUSDT,2025-10-23 00:00:00.000,-6.207e-05,238.37524183,Regular
ZECUSDT,2025-10-23 08:00:00.001,-0.0003961,239.55000000,Regular
ZECUSDT,2025-10-23 16:00:00.004,-0.00052064,237.29000000,Regular
ZECUSDT,2025-10-24 00:00:00.000,-0.00053579,243.21953595,Regular
ZECUSDT,2025-10-24 08:00:00.000,-0.00030647,256.88841830,Regular
ZECUSDT,2025-10-24 16:00:00.009,-0.0005812,252.77000000,Regular
ZECUSDT,2025-10-25 00:00:00.000,-0.00027646,269.74000000,Regular
ZECUSDT,2025-10-25 08:00:00.001,-0.00015362,268.50000000,Regular
ZECUSDT,2025-10-25 16:00:00.001,-0.00028081,268.94770588,Regular
ZECUSDT,2025-10-26 00:00:00.001,-0.00015122,275.68796078,Regular
ZECUSDT,2025-10-26 08:00:00.001,-0.00037067,299.05000000,Regular
ZECUSDT,2025-10-26 16:00:00.000,-5.78e-05,354.15000000,Regular
ZECUSDT,2025-10-27 00:00:00.000,0.0001,324.72201307,Regular
ZECUSDT,2025-10-27 08:00:00.005,7.508e-05,346.34362745,Regular
ZECUSDT,2025-10-27 16:00:00.000,-0.00014208,359.82000000,Regular
ZECUSDT,2025-10-28 00:00:00.000,0.0001,341.50000000,Regular
ZECUSDT,2025-10-28 08:00:00.000,0.0001,324.26541176,Regular
ZECUSDT,2025-10-28 16:00:00.004,-3.337e-05,327.57171242,Regular
ZECUSDT,2025-10-29 00:00:00.004,1.958e-05,315.65274510,Regular
ZECUSDT,2025-10-29 08:00:00.005,-3.757e-05,316.78283660,Regular
ZECUSDT,2025-10-29 16:00:00.000,-0.00045987,330.10438235,Regular
ZECUSDT,2025-10-30 00:00:00.004,-0.00048335,351.15251307,Regular
ZECUSDT,2025-10-30 08:00:00.008,-0.00068723,363.15000000,Regular
ZECUSDT,2025-10-30 16:00:00.001,-0.00073539,328.24315359,Regular
ZECUSDT,2025-10-31 00:00:00.000,-0.00197771,344.88000000,Regular
ZECUSDT,2025-10-31 08:00:00.008,-0.00090726,384.82000000,Regular
ZECUSDT,2025-10-31 16:00:00.007,-0.00167374,382.72446405,Regular
ZECUSDT,2025-11-01 00:00:00.001,-0.00153392,403.65804575,Regular
ZECUSDT,2025-11-01 08:00:00.000,-0.00102408,442.45034483,Regular
ZECUSDT,2025-11-01 16:00:00.000,-0.00189492,417.60481406,Regular
ZECUSDT,2025-11-02 00:00:00.007,-0.00156881,411.89000000,Regular
ZECUSDT,2025-11-02 08:00:00.000,-0.00078784,419.16668954,Regular
ZECUSDT,2025-11-02 16:00:00.001,-0.00175411,376.67625163,Regular
ZECUSDT,2025-11-03 00:00:00.000,-0.00230149,417.33000000,Regular
ZECUSDT,2025-11-03 08:00:00.010,-0.00060783,392.28000000,Regular
ZECUSDT,2025-11-03 16:00:00.000,-0.00068395,389.24083660,Regular
ZECUSDT,2025-11-04 00:00:00.002,-0.00069546,433.14819608,Regular
ZECUSDT,2025-11-04 08:00:00.004,-0.00143921,465.35000000,Regular
ZECUSDT,2025-11-04 16:00:00.000,-0.00221249,394.58000000,Regular
ZECUSDT,2025-11-05 00:00:00.000,-0.00126458,440.64600406,Regular
ZECUSDT,2025-11-05 08:00:00.000,-0.00203081,436.28433987,Regular
ZECUSDT,2025-11-05 16:00:00.004,-0.00150011,481.92000000,Regular
ZECUSDT,2025-11-06 00:00:00.001,-0.0025012,475.90603268,Regular
ZECUSDT,2025-11-06 08:00:00.000,-0.0039928,518.69000000,Regular
ZECUSDT,2025-11-06 16:00:00.001,-0.00347105,517.32000000,Regular
ZECUSDT,2025-11-07 00:00:00.005,-0.00339308,534.99000000,Regular
ZECUSDT,2025-11-07 08:00:00.003,-0.00247332,622.21000000,Regular
ZECUSDT,2025-11-07 16:00:00.005,-0.00136339,672.36686601,Regular
ZECUSDT,2025-11-08 00:00:00.011,-0.0006592,645.27000000,Regular
ZECUSDT,2025-11-08 08:00:00.015,0.0001,583.86240523,Regular
ZECUSDT,2025-11-08 16:00:00.001,0.0001,512.27000000,Regular
ZECUSDT,2025-11-09 00:00:00.004,-0.00121319,599.35000000,Regular
ZECUSDT,2025-11-09 08:00:00.000,-0.00062487,588.37679085,Regular
ZECUSDT,2025-11-09 16:00:00.005,-0.00072452,643.61227124,Regular
ZECUSDT,2025-11-10 00:00:00.000,-0.00033618,615.60000000,Regular
ZECUSDT,2025-11-10 08:00:00.000,-0.00081494,679.92280719,Regular
ZECUSDT,2025-11-10 16:00:00.003,-0.0004578,612.36002941,Regular
ZECUSDT,2025-11-11 00:00:00.007,0.00012752,522.47816993,Regular
ZECUSDT,2025-11-11 08:00:00.000,0.0001,474.03303922,Regular
ZECUSDT,2025-11-11 16:00:00.009,0.0001,506.35496732,Regular
ZECUSDT,2025-11-12 00:00:00.000,0.0001,443.23696732,Regular
ZECUSDT,2025-11-12 08:00:00.002,0.0001,457.54469935,Regular
ZECUSDT,2025-11-12 16:00:00.000,0.0001,455.01000000,Regular
ZECUSDT,2025-11-13 00:00:00.002,0.0001,504.87241176,Regular
ZECUSDT,2025-11-13 08:00:00.000,0.0001,495.71037187,Regular
ZECUSDT,2025-11-13 16:00:00.001,0.0001,496.17596405,Regular
ZECUSDT,2025-11-14 00:00:00.000,0.0001,519.44686275,Regular
ZECUSDT,2025-11-14 08:00:00.000,0.0001,507.45960131,Regular
ZECUSDT,2025-11-14 16:00:00.001,1.545e-05,587.07000000,Regular
ZECUSDT,2025-11-15 00:00:00.005,-0.00047986,608.36147059,Regular
ZECUSDT,2025-11-15 08:00:00.000,-0.00060827,682.58000000,Regular
ZECUSDT,2025-11-15 16:00:00.001,-0.00038405,671.88000000,Regular
ZECUSDT,2025-11-16 00:00:00.001,-0.00069748,670.48415686,Regular
ZECUSDT,2025-11-16 08:00:00.000,-0.00043434,679.18000000,Regular
ZECUSDT,2025-11-16 16:00:00.000,-0.00033238,702.34884641,Regular
ZECUSDT,2025-11-17 00:00:00.003,-0.00038036,698.74000000,Regular
ZECUSDT,2025-11-17 08:00:00.003,-0.00061052,679.95859150,Regular
ZECUSDT,2025-11-17 16:00:00.000,-0.00018905,673.93049358,Regular
ZECUSDT,2025-11-18 00:00:00.002,7.263e-05,610.53029412,Regular
ZECUSDT,2025-11-18 08:00:00.004,0.0001,589.26737255,Regular
ZECUSDT,2025-11-18 16:00:00.000,0.0001,579.09247126,Regular
ZECUSDT,2025-11-19 00:00:00.000,-0.0006668,624.55473529,Regular
ZECUSDT,2025-11-19 08:00:00.000,-0.00026951,601.89699020,Regular
ZECUSDT,2025-11-19 16:00:00.008,-0.00084205,624.55911765,Regular
ZECUSDT,2025-11-20 00:00:00.000,-0.00017567,673.60494444,Regular
ZECUSDT,2025-11-20 08:00:00.000,-0.00028996,672.20794118,Regular
ZECUSDT,2025-11-20 16:00:00.000,-0.00067518,686.62000000,Regular
ZECUSDT,2025-11-21 00:00:00.001,0.0001,655.39735771,Regular
ZECUSDT,2025-11-21 08:00:00.000,-1.443e-05,683.91216949,Regular
ZECUSDT,2025-11-21 16:00:00.001,0.0001,616.49000000,Regular
ZECUSDT,2025-11-22 00:00:00.004,0.0001,551.06690195,Regular
ZECUSDT,2025-11-22 08:00:00.000,0.0001,515.05000000,Regular
ZECUSDT,2025-11-22 16:00:00.000,-2.744e-05,521.63510901,Regular
ZECUSDT,2025-11-23 00:00:00.000,2.447e-05,517.89158359,Regular
ZECUSDT,2025-11-23 08:00:00.008,-0.00045179,569.84788426,Regular
ZECUSDT,2025-11-23 16:00:00.003,-0.00056184,576.93537975,Regular
ZECUSDT,2025-11-24 00:00:00.004,-0.0004369,572.53466828,Regular
ZECUSDT,2025-11-24 08:00:00.000,-0.00018449,544.00000000,Regular
ZECUSDT,2025-11-24 16:00:00.006,-0.00065827,563.70622022,Regular
ZECUSDT,2025-11-25 00:00:00.000,-0.00044517,519.45014853,Regular
ZECUSDT,2025-11-25 08:00:00.009,-0.00059729,508.73083398,Regular
ZECUSDT,2025-11-25 16:00:00.007,-0.00050431,498.06000000,Regular
ZECUSDT,2025-11-26 00:00:00.001,-0.00010038,510.72537037,Regular
ZECUSDT,2025-11-26 08:00:00.001,-0.00048954,504.14000000,Regular
ZECUSDT,2025-11-26 16:00:00.000,-0.00031644,502.47358534,Regular
ZECUSDT,2025-11-27 00:00:00.013,-0.00083087,526.56803260,Regular
ZECUSDT,2025-11-27 08:00:00.000,-0.00039945,509.42287117,Regular
ZECUSDT,2025-11-27 16:00:00.004,-0.00046064,501.31000000,Regular
ZECUSDT,2025-11-28 00:00:00.008,6.086e-05,489.74000000,Regular
ZECUSDT,2025-11-28 08:00:00.000,-0.00024328,473.47000000,Regular
ZECUSDT,2025-11-28 16:00:00.008,-0.00020315,470.32025024,Regular
ZECUSDT,2025-11-29 00:00:00.000,0.0001,451.99000000,Regular
ZECUSDT,2025-11-29 08:00:00.005,0.0001,465.73000000,Regular
ZECUSDT,2025-11-29 16:00:00.001,0.0001,459.85000000,Regular
ZECUSDT,2025-11-30 00:00:00.003,0.0001,460.30908352,Regular
ZECUSDT,2025-11-30 08:00:00.000,0.0001,461.07818199,Regular
ZECUSDT,2025-11-30 16:00:00.004,-0.00020298,441.99459979,Regular
ZECUSDT,2025-12-01 00:00:00.000,0.0001,427.95802303,Regular
ZECUSDT,2025-12-01 08:00:00.004,0.0001,358.56000000,Regular
ZECUSDT,2025-12-01 16:00:00.000,0.0001,361.09000000,Regular
ZECUSDT,2025-12-02 00:00:00.004,0.0001,343.69581263,Regular
ZECUSDT,2025-12-02 08:00:00.000,0.0001,327.13000000,Regular
ZECUSDT,2025-12-02 16:00:00.000,0.0001,372.86000000,Regular
ZECUSDT,2025-12-03 00:00:00.000,0.0001,312.82496319,Regular
ZECUSDT,2025-12-03 08:00:00.000,0.0001,328.02000000,Regular
ZECUSDT,2025-12-03 16:00:00.005,3.497e-05,331.51953109,Regular
ZECUSDT,2025-12-04 00:00:00.012,-0.00028852,338.67000000,Regular
ZECUSDT,2025-12-04 08:00:00.000,-9.755e-05,360.80437905,Regular
ZECUSDT,2025-12-04 16:00:00.011,-4.333e-05,352.89000000,Regular
ZECUSDT,2025-12-05 00:00:00.000,2.403e-05,367.29000000,Regular
ZECUSDT,2025-12-05 08:00:00.000,-0.00125547,399.53117557,Regular
ZECUSDT,2025-12-05 16:00:00.010,-0.00081869,377.74277899,Regular
ZECUSDT,2025-12-06 00:00:00.001,-9.686e-05,359.86000000,Regular
ZECUSDT,2025-12-06 08:00:00.001,-1.283e-05,353.45000000,Regular
ZECUSDT,2025-12-06 16:00:00.008,0.0001,330.89832499,Regular
ZECUSDT,2025-12-07 00:00:00.000,0.0001,341.43196937,Regular
ZECUSDT,2025-12-07 08:00:00.004,0.0001,340.19395923,Regular
ZECUSDT,2025-12-07 16:00:00.000,0.0001,341.73000000,Regular
ZECUSDT,2025-12-08 00:00:00.000,0.0001,342.67000000,Regular
ZECUSDT,2025-12-08 08:00:00.000,0.0001,368.69886548,Regular
ZECUSDT,2025-12-08 16:00:00.001,0.0001,402.19945575,Regular
ZECUSDT,2025-12-09 00:00:00.001,3.407e-05,405.32603011,Regular
ZECUSDT,2025-12-09 08:00:00.001,0.0001,418.19000000,Regular
ZECUSDT,2025-12-09 16:00:00.007,-8.72e-05,443.12000000,Regular
ZECUSDT,2025-12-10 00:00:00.007,0.0001,432.81000000,Regular
ZECUSDT,2025-12-10 08:00:00.002,-3.857e-05,440.46000000,Regular
ZECUSDT,2025-12-10 16:00:00.012,0.0001,428.05692617,Regular
ZECUSDT,2025-12-11 00:00:00.001,-4.433e-05,404.35000000,Regular
ZECUSDT,2025-12-11 08:00:00.000,-6.119e-05,419.68560199,Regular
ZECUSDT,2025-12-11 16:00:00.000,-0.00073459,448.95088234,Regular
ZECUSDT,2025-12-12 00:00:00.005,-0.00027858,450.55330912,Regular
ZECUSDT,2025-12-12 08:00:00.007,-0.00028605,457.80077760,Regular
ZECUSDT,2025-12-12 16:00:00.002,-0.00069681,456.75791560,Regular
ZECUSDT,2025-12-13 00:00:00.001,-0.00020807,454.60918604,Regular
ZECUSDT,2025-12-13 08:00:00.006,-0.0004857,464.58000000,Regular
ZECUSDT,2025-12-13 16:00:00.000,0.0001,441.31490753,Regular
ZECUSDT,2025-12-14 00:00:00.000,-2.368e-05,442.78000000,Regular
ZECUSDT,2025-12-14 08:00:00.003,0.0001,423.37000000,Regular
ZECUSDT,2025-12-14 16:00:00.005,3.336e-05,403.17000000,Regular
ZECUSDT,2025-12-15 00:00:00.000,0.0001,403.91911525,Regular
ZECUSDT,2025-12-15 08:00:00.000,3.994e-05,402.46246143,Regular
ZECUSDT,2025-12-15 16:00:00.000,0.0001,413.98564979,Regular
ZECUSDT,2025-12-16 00:00:00.002,0.0001,413.36490567,Regular
ZECUSDT,2025-12-16 08:00:00.000,0.0001,381.72000000,Regular
ZECUSDT,2025-12-16 16:00:00.002,0.0001,407.12000000,Regular
ZECUSDT,2025-12-17 00:00:00.004,0.0001,404.48000000,Regular
ZECUSDT,2025-12-17 08:00:00.000,0.0001,392.65709314,Regular
ZECUSDT,2025-12-17 16:00:00.000,0.0001,393.48620547,Regular
ZECUSDT,2025-12-18 00:00:00.005,0.0001,376.55000000,Regular
ZECUSDT,2025-12-18 08:00:00.007,0.0001,393.97597169,Regular
ZECUSDT,2025-12-18 16:00:00.001,4.392e-05,399.95000000,Regular
ZECUSDT,2025-12-19 00:00:00.000,0.0001,388.41318000,Regular
ZECUSDT,2025-12-19 08:00:00.001,0.0001,409.56965309,Regular
ZECUSDT,2025-12-19 16:00:00.000,4.56e-05,432.12470498,Regular
ZECUSDT,2025-12-20 00:00:00.005,0.0001,443.76820944,Regular
ZECUSDT,2025-12-20 08:00:00.000,0.0001,449.49764230,Regular
ZECUSDT,2025-12-20 16:00:00.002,9.049e-05,449.05000000,Regular
ZECUSDT,2025-12-21 00:00:00.000,0.0001,446.92000000,Regular
ZECUSDT,2025-12-21 08:00:00.009,0.0001,441.89000000,Regular
ZECUSDT,2025-12-21 16:00:00.000,0.0001,434.98852466,Regular
ZECUSDT,2025-12-22 00:00:00.000,0.0001,441.18545902,Regular
ZECUSDT,2025-12-22 08:00:00.005,0.0001,443.92837488,Regular
ZECUSDT,2025-12-22 16:00:00.009,0.0001,445.01530993,Regular
ZECUSDT,2025-12-23 00:00:00.000,0.0001,431.54197494,Regular
ZECUSDT,2025-12-23 08:00:00.000,0.0001,417.07479973,Regular
ZECUSDT,2025-12-23 16:00:00.001,0.0001,415.85000000,Regular
ZECUSDT,2025-12-24 00:00:00.001,0.0001,417.27000000,Regular
ZECUSDT,2025-12-24 08:00:00.001,0.0001,405.61393517,Regular
ZECUSDT,2025-12-24 16:00:00.000,7.261e-05,439.54750804,Regular
ZECUSDT,2025-12-25 00:00:00.000,0.0001,448.46289152,Regular
ZECUSDT,2025-12-25 08:00:00.001,0.0001,446.37000000,Regular
ZECUSDT,2025-12-25 16:00:00.005,5.919e-05,445.28000000,Regular
ZECUSDT,2025-12-26 00:00:00.004,6.637e-05,437.99323508,Regular
ZECUSDT,2025-12-26 08:00:00.001,0.0001,444.12000000,Regular
ZECUSDT,2025-12-26 16:00:00.007,0.0001,444.92740747,Regular
ZECUSDT,2025-12-27 00:00:00.000,0.0001,447.84615527,Regular
ZECUSDT,2025-12-27 08:00:00.000,-0.00025204,469.36324104,Regular
ZECUSDT,2025-12-27 16:00:00.011,8.765e-05,519.57806214,Regular
ZECUSDT,2025-12-28 00:00:00.008,-8.28e-06,516.04919651,Regular
ZECUSDT,2025-12-28 08:00:00.000,-7.837e-05,518.64122765,Regular
ZECUSDT,2025-12-28 16:00:00.000,3.747e-05,534.82000000,Regular
ZECUSDT,2025-12-29 00:00:00.016,2.815e-05,529.75000000,Regular
ZECUSDT,2025-12-29 08:00:00.001,-4.599e-05,527.37000000,Regular
ZECUSDT,2025-12-29 16:00:00.000,-0.00013964,524.70250320,Regular
ZECUSDT,2025-12-30 00:00:00.005,-0.00047492,540.18000000,Regular
ZECUSDT,2025-12-30 08:00:00.001,-0.00024484,531.27567034,Regular
ZECUSDT,2025-12-30 16:00:00.003,4.682e-05,537.87018633,Regular
ZECUSDT,2025-12-31 00:00:00.004,2.932e-05,529.21440094,Regular
ZECUSDT,2025-12-31 08:00:00.001,3.266e-05,525.93280370,Regular
ZECUSDT,2025-12-31 16:00:00.001,-0.00052904,505.01000000,Regular
ZECUSDT,2026-01-01 00:00:00.008,-0.00035173,511.78000000,Regular
ZECUSDT,2026-01-01 08:00:00.002,-0.00051272,518.98000000,Regular
ZECUSDT,2026-01-01 16:00:00.001,-0.00069128,524.15906343,Regular
ZECUSDT,2026-01-02 00:00:00.006,-0.00082745,525.44254083,Regular
ZECUSDT,2026-01-02 08:00:00.007,-0.0003981,521.12078114,Regular
ZECUSDT,2026-01-02 16:00:00.000,-0.00067285,485.23000000,Regular
ZECUSDT,2026-01-03 00:00:00.001,-0.00055204,488.16000000,Regular
ZECUSDT,2026-01-03 08:00:00.000,-0.00035526,507.87664043,Regular
ZECUSDT,2026-01-03 16:00:00.000,-0.00051183,505.33112672,Regular
ZECUSDT,2026-01-04 00:00:00.000,-0.0005439,511.18708072,Regular
ZECUSDT,2026-01-04 08:00:00.000,-0.00018085,505.85077351,Regular
ZECUSDT,2026-01-04 16:00:00.001,-0.00035854,507.13035546,Regular
ZECUSDT,2026-01-05 00:00:00.000,-0.00018654,501.92655847,Regular
ZECUSDT,2026-01-05 08:00:00.000,-0.00024421,492.73000000,Regular
ZECUSDT,2026-01-05 16:00:00.000,-0.00042957,489.66000000,Regular
ZECUSDT,2026-01-06 00:00:00.010,-5.467e-05,503.19000000,Regular
ZECUSDT,2026-01-06 08:00:00.000,-9.751e-05,502.77373759,Regular
ZECUSDT,2026-01-06 16:00:00.000,0.0001,512.74559983,Regular
ZECUSDT,2026-01-07 00:00:00.001,0.0001,501.77654509,Regular
ZECUSDT,2026-01-07 08:00:00.001,0.0001,494.12945215,Regular
ZECUSDT,2026-01-07 16:00:00.001,-8.581e-05,482.27000000,Regular
ZECUSDT,2026-01-08 00:00:00.001,3.491e-05,469.38000000,Regular
ZECUSDT,2026-01-08 08:00:00.000,0.0001,444.55792215,Regular
ZECUSDT,2026-01-08 16:00:00.000,0.0001,426.20960163,Regular
ZECUSDT,2026-01-09 00:00:00.003,0.0001,421.89000000,Regular
ZECUSDT,2026-01-09 08:00:00.000,0.0001,441.51000000,Regular
ZECUSDT,2026-01-09 16:00:00.001,5.362e-05,430.18000000,Regular
ZECUSDT,2026-01-10 00:00:00.000,0.0001,418.41805287,Regular
ZECUSDT,2026-01-10 08:00:00.002,-1.975e-05,383.39794485,Regular
ZECUSDT,2026-01-10 16:00:00.001,-1.641e-05,380.40235852,Regular
ZECUSDT,2026-01-11 00:00:00.003,0.0001,375.63000000,Regular
ZECUSDT,2026-01-11 08:00:00.006,6.628e-05,379.48482117,Regular
ZECUSDT,2026-01-11 16:00:00.000,-4.223e-05,394.20290722,Regular
ZECUSDT,2026-01-12 00:00:00.005,0.0001,381.43000000,Regular
ZECUSDT,2026-01-12 08:00:00.000,0.0001,404.23566770,Regular
ZECUSDT,2026-01-12 16:00:00.000,9.14e-05,400.25000000,Regular
ZECUSDT,2026-01-13 00:00:00.007,6.95e-06,406.67757906,Regular
ZECUSDT,2026-01-13 08:00:00.009,0.0001,401.94000000,Regular
ZECUSDT,2026-01-13 16:00:00.002,-3.59e-05,392.18000000,Regular
ZECUSDT,2026-01-14 00:00:00.000,4.966e-05,404.00000000,Regular
ZECUSDT,2026-01-14 08:00:00.001,0.0001,413.81005423,Regular
ZECUSDT,2026-01-14 16:00:00.004,9.52e-06,421.56864796,Regular
ZECUSDT,2026-01-15 00:00:00.000,-0.00056668,446.74198368,Regular
ZECUSDT,2026-01-15 08:00:00.004,-0.00034396,438.95394622,Regular
ZECUSDT,2026-01-15 16:00:00.002,-0.00029543,415.77134049,Regular
ZECUSDT,2026-01-16 00:00:00.000,-0.00079386,413.83000000,Regular
ZECUSDT,2026-01-16 08:00:00.000,-0.00038381,408.43000000,Regular
ZECUSDT,2026-01-16 16:00:00.001,-0.00049829,407.41214463,Regular
ZECUSDT,2026-01-17 00:00:00.000,-0.00041691,410.73409115,Regular
ZECUSDT,2026-01-17 08:00:00.000,-0.00032466,406.29000000,Regular
ZECUSDT,2026-01-17 16:00:00.002,-0.00029962,405.33000000,Regular
ZECUSDT,2026-01-18 00:00:00.001,-0.00041689,400.06111185,Regular
ZECUSDT,2026-01-18 08:00:00.000,-0.00034201,395.28000000,Regular
ZECUSDT,2026-01-18 16:00:00.000,-0.00045757,394.11759050,Regular
ZECUSDT,2026-01-19 00:00:00.007,-0.00027805,376.53707374,Regular
ZECUSDT,2026-01-19 08:00:00.007,-0.00073647,370.73000000,Regular
ZECUSDT,2026-01-19 16:00:00.007,-0.00059953,372.04000000,Regular
ZECUSDT,2026-01-20 00:00:00.005,-0.00019275,368.94162577,Regular
ZECUSDT,2026-01-20 08:00:00.001,-9.769e-05,355.88000000,Regular
ZECUSDT,2026-01-20 16:00:00.009,-0.00015928,357.55000000,Regular
ZECUSDT,2026-01-21 00:00:00.001,0.0001,349.61000000,Regular
ZECUSDT,2026-01-21 08:00:00.011,-3.184e-05,354.01129978,Regular
ZECUSDT,2026-01-21 16:00:00.011,-0.00016805,369.60936959,Regular
ZECUSDT,2026-01-22 00:00:00.010,-8.38e-05,355.64000000,Regular
ZECUSDT,2026-01-22 08:00:00.003,0.0001,359.29376640,Regular
ZECUSDT,2026-01-22 16:00:00.005,-0.00016794,359.40423269,Regular
ZECUSDT,2026-01-23 00:00:00.005,-0.00033338,365.20054929,Regular
ZECUSDT,2026-01-23 08:00:00.000,-2.222e-05,358.50652626,Regular
ZECUSDT,2026-01-23 16:00:00.011,-0.00039334,367.33000000,Regular
ZECUSDT,2026-01-24 00:00:00.011,-0.0001084,367.59000000,Regular
ZECUSDT,2026-01-24 08:00:00.002,-0.00033727,373.09000000,Regular
ZECUSDT,2026-01-24 16:00:00.001,-0.0004873,367.36736296,Regular
ZECUSDT,2026-01-25 00:00:00.002,-8.452e-05,359.56305186,Regular
ZECUSDT,2026-01-25 08:00:00.011,-6.68e-05,357.51229957,Regular
ZECUSDT,2026-01-25 16:00:00.005,3.286e-05,360.28582564,Regular
ZECUSDT,2026-01-26 00:00:00.000,0.0001,329.30000000,Regular
ZECUSDT,2026-01-26 08:00:00.003,0.0001,352.00112615,Regular
ZECUSDT,2026-01-26 16:00:00.000,0.0001,359.81000000,Regular
ZECUSDT,2026-01-27 00:00:00.002,0.0001,367.47000000,Regular
ZECUSDT,2026-01-27 08:00:00.000,6.893e-05,382.42000000,Regular
ZECUSDT,2026-01-27 16:00:00.000,-3.868e-05,383.12000000,Regular
ZECUSDT,2026-01-28 00:00:00.000,-0.00011453,399.40124686,Regular
ZECUSDT,2026-01-28 08:00:00.000,6.094e-05,390.51000000,Regular
ZECUSDT,2026-01-28 16:00:00.000,4.463e-05,379.19522340,Regular
ZECUSDT,2026-01-29 00:00:00.000,0.0001,370.91000000,Regular
ZECUSDT,2026-01-29 08:00:00.009,0.0001,365.40000000,Regular
ZECUSDT,2026-01-29 16:00:00.000,0.0001,354.55414036,Regular
ZECUSDT,2026-01-30 00:00:00.008,1.027e-05,353.32111603,Regular
ZECUSDT,2026-01-30 08:00:00.000,-6.9e-07,335.86237658,Regular
ZECUSDT,2026-01-30 16:00:00.001,-3.99e-06,336.34728009,Regular
ZECUSDT,2026-01-31 00:00:00.000,2.149e-05,340.33000000,Regular
ZECUSDT,2026-01-31 08:00:00.001,-2.399e-05,324.30673789,Regular
ZECUSDT,2026-01-31 16:00:00.009,1.769e-05,311.99000000,Regular
ZECUSDT,2026-02-01 00:00:00.001,4.566e-05,302.91903122,Regular
ZECUSDT,2026-02-01 08:00:00.004,6.988e-05,301.03475076,Regular
ZECUSDT,2026-02-01 16:00:00.000,0.0001,290.97000000,Regular
ZECUSDT,2026-02-02 00:00:00.000,7.838e-05,305.80000000,Regular
ZECUSDT,2026-02-02 08:00:00.014,0.0001,298.89000000,Regular
ZECUSDT,2026-02-02 16:00:00.000,2.166e-05,300.26000000,Regular
ZECUSDT,2026-02-03 00:00:00.000,-4.22e-06,295.54000000,Regular
ZECUSDT,2026-02-03 08:00:00.007,5.113e-05,290.30000000,Regular
ZECUSDT,2026-02-03 16:00:00.000,3.356e-05,282.75925436,Regular
ZECUSDT,2026-02-04 00:00:00.002,0.0001,270.60780062,Regular
ZECUSDT,2026-02-04 08:00:00.007,0.0001,279.35000000,Regular
ZECUSDT,2026-02-04 16:00:00.000,0.0001,266.06150050,Regular
ZECUSDT,2026-02-05 00:00:00.011,0.0001,251.74947158,Regular
ZECUSDT,2026-02-05 08:00:00.000,0.0001,245.74039633,Regular
ZECUSDT,2026-02-05 16:00:00.007,0.0001,227.74915315,Regular
ZECUSDT,2026-02-06 00:00:00.000,0.0001,205.06745329,Regular
ZECUSDT,2026-02-06 08:00:00.001,0.0001,214.13097429,Regular
ZECUSDT,2026-02-06 16:00:00.000,0.0001,239.38000000,Regular
ZECUSDT,2026-02-07 00:00:00.003,0.0001,240.39000000,Regular
ZECUSDT,2026-02-07 08:00:00.000,0.0001,228.87267950,Regular
ZECUSDT,2026-02-07 16:00:00.010,0.0001,239.12000000,Regular
ZECUSDT,2026-02-08 00:00:00.003,0.0001,240.39563401,Regular
ZECUSDT,2026-02-08 08:00:00.000,3.343e-05,240.71882093,Regular
ZECUSDT,2026-02-08 16:00:00.000,4.77e-05,243.44000000,Regular
ZECUSDT,2026-02-09 00:00:00.002,7.011e-05,239.74360238,Regular
ZECUSDT,2026-02-09 08:00:00.001,7.21e-06,233.30605695,Regular
ZECUSDT,2026-02-09 16:00:00.007,5.08e-05,237.06000000,Regular
ZECUSDT,2026-02-10 00:00:00.000,0.0001,240.28643900,Regular
ZECUSDT,2026-02-10 08:00:00.007,2.54e-06,236.12000000,Regular
ZECUSDT,2026-02-10 16:00:00.000,7.67e-06,233.68000000,Regular
ZECUSDT,2026-02-11 00:00:00.000,-9.6e-07,233.69853331,Regular
ZECUSDT,2026-02-11 08:00:00.006,1.493e-05,226.25000000,Regular
ZECUSDT,2026-02-11 16:00:00.000,3.807e-05,226.08000000,Regular
ZECUSDT,2026-02-12 00:00:00.000,-0.00015987,240.39313626,Regular
ZECUSDT,2026-02-12 08:00:00.001,7.394e-05,239.70272942,Regular
ZECUSDT,2026-02-12 16:00:00.001,5.379e-05,235.49000000,Regular
ZECUSDT,2026-02-13 00:00:00.007,7.717e-05,232.96560699,Regular
ZECUSDT,2026-02-13 08:00:00.003,2.842e-05,230.65031072,Regular
ZECUSDT,2026-02-13 16:00:00.005,7.639e-05,244.26673385,Regular
ZECUSDT,2026-02-14 00:00:00.002,0.0001,267.18946089,Regular
ZECUSDT,2026-02-14 08:00:00.004,-2.791e-05,286.51831124,Regular
ZECUSDT,2026-02-14 16:00:00.002,-5.255e-05,284.49221744,Regular
ZECUSDT,2026-02-15 00:00:00.000,-0.00019345,323.36959342,Regular
ZECUSDT,2026-02-15 08:00:00.002,1.569e-05,310.02417088,Regular
ZECUSDT,2026-02-15 16:00:00.000,-2.743e-05,296.65000000,Regular
ZECUSDT,2026-02-16 00:00:00.001,-6.2e-05,297.68000000,Regular
ZECUSDT,2026-02-16 08:00:00.003,4.57e-06,283.59000000,Regular
ZECUSDT,2026-02-16 16:00:00.000,-0.00010073,287.74278162,Regular
ZECUSDT,2026-02-17 00:00:00.008,1.899e-05,294.00000000,Regular
ZECUSDT,2026-02-17 08:00:00.001,1.017e-05,286.35000000,Regular
ZECUSDT,2026-02-17 16:00:00.002,9.3e-07,284.71000000,Regular
ZECUSDT,2026-02-18 00:00:00.000,1.472e-05,296.24000000,Regular
ZECUSDT,2026-02-18 08:00:00.000,-1.513e-05,290.70000000,Regular
ZECUSDT,2026-02-18 16:00:00.011,-0.00020757,283.87698248,Regular
ZECUSDT,2026-02-19 00:00:00.013,9.698e-05,264.50133010,Regular
ZECUSDT,2026-02-19 08:00:00.000,3.179e-05,262.77752901,Regular
ZECUSDT,2026-02-19 16:00:00.003,0.0001,259.33822497,Regular
ZECUSDT,2026-02-20 00:00:00.000,-3.324e-05,261.97000000,Regular
ZECUSDT,2026-02-20 08:00:00.000,3.047e-05,260.57000000,Regular
ZECUSDT,2026-02-20 16:00:00.000,6.064e-05,263.16000000,Regular
ZECUSDT,2026-02-21 00:00:00.004,-7.326e-05,258.81000000,Regular
ZECUSDT,2026-02-21 08:00:00.000,2.193e-05,260.77000000,Regular
ZECUSDT,2026-02-21 16:00:00.005,-9.837e-05,259.77073489,Regular
ZECUSDT,2026-02-22 00:00:00.001,-7.52e-05,259.67320746,Regular
ZECUSDT,2026-02-22 08:00:00.004,-2.285e-05,253.80000000,Regular
ZECUSDT,2026-02-22 16:00:00.000,1.245e-05,246.30729508,Regular
ZECUSDT,2026-02-23 00:00:00.001,-3.61e-06,244.45158437,Regular
ZECUSDT,2026-02-23 08:00:00.000,5.89e-06,244.76000000,Regular
ZECUSDT,2026-02-23 16:00:00.000,5.035e-05,244.00000000,Regular
ZECUSDT,2026-02-24 00:00:00.007,2.778e-05,237.43000000,Regular
ZECUSDT,2026-02-24 08:00:00.000,-1.47e-05,232.92000000,Regular
ZECUSDT,2026-02-24 16:00:00.001,-1.1e-07,238.63435797,Regular
ZECUSDT,2026-02-25 00:00:00.001,5.5e-07,242.71000000,Regular
ZECUSDT,2026-02-25 08:00:00.007,-0.00012365,235.75000000,Regular
ZECUSDT,2026-02-25 16:00:00.000,-0.00011125,247.94445506,Regular
ZECUSDT,2026-02-26 00:00:00.000,-7.214e-05,243.93000000,Regular
ZECUSDT,2026-02-26 08:00:00.006,-0.00026225,248.81000000,Regular
ZECUSDT,2026-02-26 16:00:00.002,-0.00019267,240.96000000,Regular
ZECUSDT,2026-02-27 00:00:00.007,-0.00036868,238.73000000,Regular
ZECUSDT,2026-02-27 08:00:00.000,-9.15e-06,238.30936919,Regular
ZECUSDT,2026-02-27 16:00:00.001,-0.00046789,223.44663345,Regular
ZECUSDT,2026-02-28 00:00:00.000,-0.00027864,219.13678139,Regular
ZECUSDT,2026-02-28 08:00:00.000,-0.00019168,208.46000000,Regular
ZECUSDT,2026-02-28 16:00:00.004,-3.161e-05,209.93000000,Regular
ZECUSDT,2026-03-01 00:00:00.005,-0.00030071,220.21000000,Regular
ZECUSDT,2026-03-01 08:00:00.000,8.6e-06,225.62000000,Regular
ZECUSDT,2026-03-01 16:00:00.002,3.767e-05,220.21000000,Regular
ZECUSDT,2026-03-02 00:00:00.001,9.524e-05,213.28000000,Regular
ZECUSDT,2026-03-02 08:00:00.007,0.0001,212.69000000,Regular
ZECUSDT,2026-03-02 16:00:00.000,0.0001,222.99715335,Regular
ZECUSDT,2026-03-03 00:00:00.000,6.522e-05,223.64000000,Regular
ZECUSDT,2026-03-03 08:00:00.000,8.727e-05,221.09371089,Regular
ZECUSDT,2026-03-03 16:00:00.007,4.804e-05,216.40149796,Regular
ZECUSDT,2026-03-04 00:00:00.001,0.0001,220.91000000,Regular
ZECUSDT,2026-03-04 08:00:00.005,6.366e-05,222.16454524,Regular
ZECUSDT,2026-03-04 16:00:00.000,-1.96e-06,240.74000000,Regular
ZECUSDT,2026-03-05 00:00:00.000,7.372e-05,243.34315378,Regular
ZECUSDT,2026-03-05 08:00:00.000,-3.925e-05,234.80398181,Regular
ZECUSDT,2026-03-05 16:00:00.004,8.64e-06,231.96442254,Regular
ZECUSDT,2026-03-06 00:00:00.001,4.382e-05,226.36000000,Regular
ZECUSDT,2026-03-06 08:00:00.001,2.814e-05,225.88000000,Regular
ZECUSDT,2026-03-06 16:00:00.004,-3.447e-05,211.78086977,Regular
ZECUSDT,2026-03-07 00:00:00.001,-0.00023869,209.98412989,Regular
ZECUSDT,2026-03-07 08:00:00.012,-0.00010824,207.77000000,Regular
ZECUSDT,2026-03-07 16:00:00.001,-0.0001281,206.59000000,Regular
ZECUSDT,2026-03-08 00:00:00.001,-0.00013391,197.10651738,Regular
ZECUSDT,2026-03-08 08:00:00.000,-0.0001218,195.41814522,Regular
ZECUSDT,2026-03-08 16:00:00.002,-4.963e-05,196.65047474,Regular
ZECUSDT,2026-03-09 00:00:00.000,-0.000114,197.85017753,Regular
ZECUSDT,2026-03-09 08:00:00.004,-0.00010736,204.37840954,Regular
ZECUSDT,2026-03-09 16:00:00.003,-0.00011917,214.87357623,Regular
ZECUSDT,2026-03-10 00:00:00.012,-0.00014931,214.32779883,Regular
ZECUSDT,2026-03-10 08:00:00.002,-0.00011047,220.17066473,Regular
ZECUSDT,2026-03-10 16:00:00.001,-3.153e-05,226.87000000,Regular
ZECUSDT,2026-03-11 00:00:00.000,-0.00019237,222.47193044,Regular
ZECUSDT,2026-03-11 08:00:00.007,1.105e-05,213.55000000,Regular
ZECUSDT,2026-03-11 16:00:00.010,-0.00017322,211.04000000,Regular
ZECUSDT,2026-03-12 00:00:00.000,-0.00012256,212.66000000,Regular
ZECUSDT,2026-03-12 08:00:00.000,-2.186e-05,207.80052482,Regular
ZECUSDT,2026-03-12 16:00:00.000,-0.00013432,208.41233585,Regular
ZECUSDT,2026-03-13 00:00:00.006,2.56e-06,208.27356321,Regular
ZECUSDT,2026-03-13 08:00:00.001,-3.647e-05,210.90000000,Regular
ZECUSDT,2026-03-13 16:00:00.000,0.0001,213.19446103,Regular
ZECUSDT,2026-03-14 00:00:00.001,7.316e-05,208.11030684,Regular
ZECUSDT,2026-03-14 08:00:00.000,8.547e-05,206.39000000,Regular
ZECUSDT,2026-03-14 16:00:00.007,-2.173e-05,209.14071921,Regular
ZECUSDT,2026-03-15 00:00:00.000,6.743e-05,213.10000000,Regular
ZECUSDT,2026-03-15 08:00:00.000,0.0001,225.25000000,Regular
ZECUSDT,2026-03-15 16:00:00.000,0.0001,227.35000000,Regular
ZECUSDT,2026-03-16 00:00:00.000,6.42e-06,229.50000000,Regular
ZECUSDT,2026-03-16 08:00:00.010,0.0001,234.06000000,Regular
ZECUSDT,2026-03-16 16:00:00.000,4.418e-05,234.76000000,Regular
ZECUSDT,2026-03-17 00:00:00.000,0.0001,276.75997760,Regular
ZECUSDT,2026-03-17 08:00:00.002,0.0001,268.37126058,Regular
ZECUSDT,2026-03-17 16:00:00.011,9.551e-05,268.83837645,Regular
ZECUSDT,2026-03-18 00:00:00.002,9.27e-05,272.45000000,Regular
ZECUSDT,2026-03-18 08:00:00.002,2.225e-05,276.76421915,Regular
ZECUSDT,2026-03-18 16:00:00.005,4.125e-05,256.13000000,Regular
ZECUSDT,2026-03-19 00:00:00.000,3.39e-06,248.50000000,Regular
ZECUSDT,2026-03-19 08:00:00.003,3.687e-05,244.25672968,Regular
ZECUSDT,2026-03-19 16:00:00.003,7.978e-05,235.30000000,Regular
ZECUSDT,2026-03-20 00:00:00.002,3.439e-05,234.50000000,Regular
ZECUSDT,2026-03-20 08:00:00.000,-3.24e-06,236.61000000,Regular
ZECUSDT,2026-03-20 16:00:00.000,-3.42e-05,234.89725785,Regular
ZECUSDT,2026-03-21 00:00:00.000,-2.866e-05,234.43603359,Regular
ZECUSDT,2026-03-21 08:00:00.000,-3.65e-06,232.01000000,Regular
ZECUSDT,2026-03-21 16:00:00.014,-1.16e-05,232.68000000,Regular
ZECUSDT,2026-03-22 00:00:00.012,-3.387e-05,219.74382818,Regular
ZECUSDT,2026-03-22 08:00:00.007,-1.914e-05,218.81000000,Regular
ZECUSDT,2026-03-22 16:00:00.002,-8.851e-05,219.92707266,Regular
ZECUSDT,2026-03-23 00:00:00.000,6.534e-05,217.28277901,Regular
ZECUSDT,2026-03-23 08:00:00.003,-9.004e-05,218.36546224,Regular
ZECUSDT,2026-03-23 16:00:00.002,-0.0001102,228.22000000,Regular
ZECUSDT,2026-03-24 00:00:00.000,3.993e-05,228.36145336,Regular
ZECUSDT,2026-03-24 08:00:00.000,-6.03e-06,232.18000000,Regular
ZECUSDT,2026-03-24 16:00:00.003,2.684e-05,225.66000000,Regular
ZECUSDT,2026-03-25 00:00:00.000,9.375e-05,241.95103844,Regular
ZECUSDT,2026-03-25 08:00:00.000,0.0001,236.81000000,Regular
ZECUSDT,2026-03-25 16:00:00.013,3.308e-05,235.95000000,Regular
ZECUSDT,2026-03-26 00:00:00.001,1.344e-05,231.74271230,Regular
ZECUSDT,2026-03-26 08:00:00.001,6.173e-05,225.01000000,Regular
ZECUSDT,2026-03-26 16:00:00.000,-0.00011832,220.52000000,Regular
ZECUSDT,2026-03-27 00:00:00.006,-9.668e-05,221.96000000,Regular
ZECUSDT,2026-03-27 08:00:00.000,-6.657e-05,223.29025001,Regular
ZECUSDT,2026-03-27 16:00:00.000,-8.942e-05,216.45274986,Regular
ZECUSDT,2026-03-28 00:00:00.005,-8.843e-05,215.47899956,Regular
ZECUSDT,2026-03-28 08:00:00.005,-7.416e-05,220.90925521,Regular
ZECUSDT,2026-03-28 16:00:00.000,1.462e-05,218.80000000,Regular
ZECUSDT,2026-03-29 00:00:00.003,2.474e-05,213.46000000,Regular
ZECUSDT,2026-03-29 08:00:00.001,1.203e-05,216.23438057,Regular
ZECUSDT,2026-03-29 16:00:00.000,6.099e-05,214.53142500,Regular
ZECUSDT,2026-03-30 00:00:00.000,1.214e-05,214.89000000,Regular
ZECUSDT,2026-03-30 08:00:00.005,-1.077e-05,229.98000000,Regular
ZECUSDT,2026-03-30 16:00:00.000,0.0001,224.84289490,Regular
ZECUSDT,2026-03-31 00:00:00.000,5.607e-05,225.63000000,Regular
ZECUSDT,2026-03-31 08:00:00.000,-6.43e-06,230.00065113,Regular
ZECUSDT,2026-03-31 16:00:00.000,4.946e-05,246.04277931,Regular
ZECUSDT,2026-04-01 00:00:00.000,6.113e-05,248.35959868,Regular
ZECUSDT,2026-04-01 08:00:00.000,-2.52e-06,247.62000000,Regular
ZECUSDT,2026-04-01 16:00:00.000,-2.674e-05,243.10573217,Regular
ZECUSDT,2026-04-02 00:00:00.003,-0.00040458,251.29042372,Regular
ZECUSDT,2026-04-02 08:00:00.001,-8.753e-05,239.99000000,Regular
ZECUSDT,2026-04-02 16:00:00.001,3.055e-05,234.26000000,Regular
ZECUSDT,2026-04-03 00:00:00.000,-8.08e-06,240.64000000,Regular
ZECUSDT,2026-04-03 08:00:00.008,-1.05e-05,236.98214137,Regular
ZECUSDT,2026-04-03 16:00:00.008,-5.23e-05,234.86050688,Regular
ZECUSDT,2026-04-04 00:00:00.000,-0.00014739,234.26000000,Regular
ZECUSDT,2026-04-04 08:00:00.003,-0.00019722,237.24000000,Regular
ZECUSDT,2026-04-04 16:00:00.000,5.078e-05,249.09000000,Regular
ZECUSDT,2026-04-05 00:00:00.008,5.494e-05,251.09177108,Regular
ZECUSDT,2026-04-05 08:00:00.000,5.651e-05,244.26742473,Regular
ZECUSDT,2026-04-05 16:00:00.001,-0.00014965,241.34838001,Regular
ZECUSDT,2026-04-06 00:00:00.004,-0.00019537,244.86000000,Regular
ZECUSDT,2026-04-06 08:00:00.001,9.322e-05,252.90725619,Regular
ZECUSDT,2026-04-06 16:00:00.003,1.992e-05,253.90190392,Regular
ZECUSDT,2026-04-07 00:00:00.000,-8.417e-05,251.39596508,Regular
ZECUSDT,2026-04-07 08:00:00.000,-0.00015144,263.20000000,Regular
ZECUSDT,2026-04-07 16:00:00.000,-0.00015729,264.88498949,Regular
ZECUSDT,2026-04-08 00:00:00.000,-0.00060426,320.17000000,Regular
ZECUSDT,2026-04-08 08:00:00.000,-0.00043195,323.89000000,Regular
ZECUSDT,2026-04-08 16:00:00.006,-0.00059954,333.06977200,Regular
ZECUSDT,2026-04-09 00:00:00.000,-0.00024633,323.18000000,Regular
ZECUSDT,2026-04-09 08:00:00.010,-0.00011248,319.27000000,Regular
ZECUSDT,2026-04-09 16:00:00.001,5.751e-05,324.90000000,Regular
ZECUSDT,2026-04-10 00:00:00.000,-0.00019919,366.58979061,Regular
ZECUSDT,2026-04-10 08:00:00.005,-0.00023678,373.67327585,Regular
ZECUSDT,2026-04-10 16:00:00.000,-0.00045847,378.29000000,Regular
ZECUSDT,2026-04-11 00:00:00.000,-6.238e-05,375.16891690,Regular
ZECUSDT,2026-04-11 08:00:00.000,-0.00014195,372.68000000,Regular
ZECUSDT,2026-04-11 16:00:00.003,-6.039e-05,375.43448767,Regular
ZECUSDT,2026-04-12 00:00:00.000,-0.00011784,370.40012696,Regular
ZECUSDT,2026-04-12 08:00:00.000,6.739e-05,363.70000000,Regular
ZECUSDT,2026-04-12 16:00:00.000,0.0001,361.13000000,Regular
ZECUSDT,2026-04-13 00:00:00.011,0.0001,362.12000000,Regular
ZECUSDT,2026-04-13 08:00:00.006,0.0001,360.66000000,Regular
ZECUSDT,2026-04-13 16:00:00.000,0.0001,347.82000000,Regular
ZECUSDT,2026-04-14 00:00:00.005,0.0001,367.96000000,Regular
ZECUSDT,2026-04-14 08:00:00.003,2.621e-05,364.94000000,Regular
ZECUSDT,2026-04-14 16:00:00.001,-1.112e-05,362.00000000,Regular
ZECUSDT,2026-04-15 00:00:00.000,4.856e-05,353.92000000,Regular
ZECUSDT,2026-04-15 08:00:00.000,0.0001,351.60000000,Regular
ZECUSDT,2026-04-15 16:00:00.000,0.0001,351.25364987,Regular
ZECUSDT,2026-04-16 00:00:00.013,-3.647e-05,345.69000000,Regular
ZECUSDT,2026-04-16 08:00:00.000,0.0001,340.88714742,Regular
ZECUSDT,2026-04-16 16:00:00.000,7.003e-05,338.36347633,Regular
ZECUSDT,2026-04-17 00:00:00.001,8.866e-05,340.00273821,Regular
ZECUSDT,2026-04-17 08:00:00.011,9.162e-05,334.33000000,Regular
ZECUSDT,2026-04-17 16:00:00.001,7.732e-05,344.58000000,Regular
ZECUSDT,2026-04-18 00:00:00.001,-0.00010725,328.66968288,Regular
ZECUSDT,2026-04-18 08:00:00.006,-4.17e-06,335.47415726,Regular
ZECUSDT,2026-04-18 16:00:00.000,6.292e-05,325.61741440,Regular
ZECUSDT,2026-04-19 00:00:00.002,2.87e-05,322.85006191,Regular
ZECUSDT,2026-04-19 08:00:00.010,0.0001,322.92055793,Regular
ZECUSDT,2026-04-19 16:00:00.001,-7.951e-05,324.73000000,Regular
ZECUSDT,2026-04-20 00:00:00.000,6.118e-05,301.35000000,Regular
ZECUSDT,2026-04-20 08:00:00.000,7.862e-05,308.22000000,Regular
ZECUSDT,2026-04-20 16:00:00.001,2.603e-05,310.79857942,Regular
ZECUSDT,2026-04-21 00:00:00.000,5.934e-05,312.07741819,Regular
ZECUSDT,2026-04-21 08:00:00.004,2.631e-05,317.72000000,Regular
ZECUSDT,2026-04-21 16:00:00.004,-5.987e-05,320.43996670,Regular
ZECUSDT,2026-04-22 00:00:00.004,4.638e-05,316.61000000,Regular
ZECUSDT,2026-04-22 08:00:00.000,-9.708e-05,321.81681252,Regular
ZECUSDT,2026-04-22 16:00:00.000,-0.00014825,328.65000000,Regular
ZECUSDT,2026-04-23 00:00:00.000,-5.39e-05,316.27895137,Regular
ZECUSDT,2026-04-23 08:00:00.000,-8.292e-05,316.80000000,Regular
ZECUSDT,2026-04-23 16:00:00.004,2.219e-05,325.11343916,Regular
ZECUSDT,2026-04-24 00:00:00.006,1.78e-06,342.39897402,Regular
ZECUSDT,2026-04-24 08:00:00.000,3.798e-05,343.28197319,Regular
ZECUSDT,2026-04-24 16:00:00.000,0.0001,357.93173481,Regular
ZECUSDT,2026-04-25 00:00:00.000,-9.36e-06,359.01375360,Regular
ZECUSDT,2026-04-25 08:00:00.002,8.085e-05,355.84000000,Regular
ZECUSDT,2026-04-25 16:00:00.002,-4.131e-05,355.46237126,Regular
ZECUSDT,2026-04-26 00:00:00.003,3.739e-05,358.62000000,Regular
ZECUSDT,2026-04-26 08:00:00.007,-2.532e-05,355.66526792,Regular
ZECUSDT,2026-04-26 16:00:00.004,-5.49e-06,355.10513198,Regular
ZECUSDT,2026-04-27 00:00:00.004,-8.015e-05,354.93000000,Regular
ZECUSDT,2026-04-27 08:00:00.000,-3.391e-05,356.01497496,Regular
ZECUSDT,2026-04-27 16:00:00.002,4.305e-05,350.07000000,Regular
ZECUSDT,2026-04-28 00:00:00.001,0.0001,355.07992077,Regular
ZECUSDT,2026-04-28 08:00:00.000,8.756e-05,336.95000000,Regular
ZECUSDT,2026-04-28 16:00:00.004,4.056e-05,334.04521720,Regular
ZECUSDT,2026-04-29 00:00:00.006,-9.51e-06,336.06600259,Regular
ZECUSDT,2026-04-29 08:00:00.011,-3.25e-06,335.53905264,Regular
ZECUSDT,2026-04-29 16:00:00.003,7.8e-05,319.45125931,Regular
ZECUSDT,2026-04-30 00:00:00.002,7.692e-05,327.38000000,Regular
ZECUSDT,2026-04-30 08:00:00.000,1.756e-05,333.64820196,Regular
ZECUSDT,2026-04-30 16:00:00.000,7.054e-05,336.62407781,Regular
ZECUSDT,2026-05-01 00:00:00.000,9.52e-05,350.45000000,Regular
ZECUSDT,2026-05-01 08:00:00.005,2.64e-05,350.10000000,Regular
ZECUSDT,2026-05-01 16:00:00.000,-2.472e-05,359.96355237,Regular
ZECUSDT,2026-05-02 00:00:00.006,8.319e-05,384.75000000,Regular
ZECUSDT,2026-05-02 08:00:00.000,1.524e-05,377.04339108,Regular
ZECUSDT,2026-05-02 16:00:00.010,-1.176e-05,374.75000000,Regular
ZECUSDT,2026-05-03 00:00:00.005,-0.00015463,387.62322560,Regular
ZECUSDT,2026-05-03 08:00:00.003,-5.805e-05,385.45000000,Regular
ZECUSDT,2026-05-03 16:00:00.000,-1.456e-05,403.81217028,Regular
ZECUSDT,2026-05-04 00:00:00.000,-0.00028333,412.90534295,Regular
ZECUSDT,2026-05-04 08:00:00.000,-0.0001009,414.36000000,Regular
ZECUSDT,2026-05-04 16:00:00.003,0.0001,416.52000000,Regular
ZECUSDT,2026-05-05 00:00:00.000,0.0001,422.47000000,Regular
ZECUSDT,2026-05-05 08:00:00.011,-8.49e-05,421.54584729,Regular
ZECUSDT,2026-05-05 16:00:00.000,-0.00019851,429.22000000,Regular
ZECUSDT,2026-05-06 00:00:00.010,0.0001,516.77000000,Regular
ZECUSDT,2026-05-06 08:00:00.000,0.0001,593.49000000,Regular
ZECUSDT,2026-05-06 16:00:00.002,-4.76e-06,583.80769474,Regular
ZECUSDT,2026-05-07 00:00:00.000,0.0001,554.00000000,Regular
ZECUSDT,2026-05-07 08:00:00.000,0.0001,564.99000000,Regular
ZECUSDT,2026-05-07 16:00:00.004,4.27e-05,564.02559623,Regular
ZECUSDT,2026-05-08 00:00:00.003,6.994e-05,574.37000000,Regular
ZECUSDT,2026-05-08 08:00:00.002,5.457e-05,569.48816268,Regular
ZECUSDT,2026-05-08 16:00:00.003,3.48e-05,576.39000000,Regular
ZECUSDT,2026-05-09 00:00:00.000,-5.559e-05,613.07306706,Regular
ZECUSDT,2026-05-09 08:00:00.001,0.0001,611.00348557,Regular
ZECUSDT,2026-05-09 16:00:00.002,2.842e-05,593.94094285,Regular
ZECUSDT,2026-05-10 00:00:00.003,-5.091e-05,594.30000000,Regular
ZECUSDT,2026-05-10 08:00:00.000,1.831e-05,609.56049022,Regular
ZECUSDT,2026-05-10 16:00:00.000,4.125e-05,596.17458142,Regular
ZECUSDT,2026-05-11 00:00:00.000,0.0001,592.50000000,Regular
ZECUSDT,2026-05-11 08:00:00.000,0.0001,568.11897145,Regular
ZECUSDT,2026-05-11 16:00:00.000,0.0001,551.25000000,Regular
ZECUSDT,2026-05-12 00:00:00.002,4.269e-05,556.56000000,Regular
ZECUSDT,2026-05-12 08:00:00.008,4.685e-05,562.45397914,Regular
ZECUSDT,2026-05-12 16:00:00.000,9.669e-05,544.10575284,Regular
ZECUSDT,2026-05-13 00:00:00.010,2.038e-05,570.93000000,Regular
ZECUSDT,2026-05-13 08:00:00.003,-3.21e-06,549.59000000,Regular
ZECUSDT,2026-05-13 16:00:00.001,7.914e-05,533.26000000,Regular
ZECUSDT,2026-05-14 00:00:00.005,0.0001,524.31000000,Regular
ZECUSDT,2026-05-14 08:00:00.000,6.303e-05,525.86000000,Regular
ZECUSDT,2026-05-14 16:00:00.000,-8.43e-06,546.74587957,Regular
ZECUSDT,2026-05-15 00:00:00.000,-8.967e-05,560.27000000,Regular
ZECUSDT,2026-05-15 08:00:00.016,1.755e-05,544.98000000,Regular
ZECUSDT,2026-05-15 16:00:00.012,1.505e-05,516.76000000,Regular
ZECUSDT,2026-05-16 00:00:00.005,8.782e-05,515.11000000,Regular
ZECUSDT,2026-05-16 08:00:00.000,6.257e-05,495.64533984,Regular
ZECUSDT,2026-05-16 16:00:00.005,-1.141e-05,500.78000000,Regular
ZECUSDT,2026-05-17 00:00:00.000,2.308e-05,511.13925303,Regular
ZECUSDT,2026-05-17 08:00:00.010,4.399e-05,521.11861812,Regular
ZECUSDT,2026-05-17 16:00:00.009,-3.254e-05,515.17851823,Regular
ZECUSDT,2026-05-18 00:00:00.007,-2.425e-05,535.81466274,Regular
ZECUSDT,2026-05-18 08:00:00.002,4.922e-05,532.87000000,Regular
ZECUSDT,2026-05-18 16:00:00.007,8.4e-07,533.12765572,Regular
ZECUSDT,2026-05-19 00:00:00.001,-1.27e-05,563.38100298,Regular
ZECUSDT,2026-05-19 08:00:00.001,3.023e-05,568.15516870,Regular
ZECUSDT,2026-05-19 16:00:00.009,1.036e-05,565.28449483,Regular
ZECUSDT,2026-05-20 00:00:00.001,-0.00021447,573.60000000,Regular
ZECUSDT,2026-05-20 08:00:00.006,-0.00015359,585.98000000,Regular
ZECUSDT,2026-05-20 16:00:00.000,-8.811e-05,632.93271137,Regular
ZECUSDT,2026-05-21 00:00:00.001,-0.00051705,673.27474411,Regular
ZECUSDT,2026-05-21 08:00:00.000,-0.00023099,664.48000000,Regular
ZECUSDT,2026-05-21 16:00:00.000,-0.00019542,655.32000000,Regular
ZECUSDT,2026-05-22 00:00:00.000,-0.00028536,664.04638365,Regular
ZECUSDT,2026-05-22 08:00:00.004,-0.00027244,655.36996894,Regular
ZECUSDT,2026-05-22 16:00:00.001,6.04e-05,629.19817259,Regular
ZECUSDT,2026-05-23 00:00:00.009,-3.778e-05,582.58000000,Regular
ZECUSDT,2026-05-23 08:00:00.001,-9.71e-05,574.80189262,Regular
ZECUSDT,2026-05-23 16:00:00.003,-1.644e-05,607.88026256,Regular
ZECUSDT,2026-05-24 00:00:00.011,-8.924e-05,630.29179777,Regular
ZECUSDT,2026-05-24 08:00:00.008,-0.00010899,628.37000000,Regular
ZECUSDT,2026-05-24 16:00:00.000,-0.00010607,660.07000000,Regular
ZECUSDT,2026-05-25 00:00:00.001,3.7e-07,662.50000000,Regular
ZECUSDT,2026-05-25 08:00:00.001,-1.905e-05,662.20000000,Regular
ZECUSDT,2026-05-25 16:00:00.001,-1.082e-05,670.44000000,Regular
ZECUSDT,2026-05-26 00:00:00.000,-6.607e-05,652.15405095,Regular
ZECUSDT,2026-05-26 08:00:00.003,0.0001,615.07000000,Regular
ZECUSDT,2026-05-26 16:00:00.000,3.431e-05,609.07131675,Regular
ZECUSDT,2026-05-27 00:00:00.000,3.482e-05,568.22000000,Regular
ZECUSDT,2026-05-27 08:00:00.004,0.0001,574.82122985,Regular
ZECUSDT,2026-05-27 16:00:00.009,-1.088e-05,569.92000000,Regular
ZECUSDT,2026-05-28 00:00:00.001,0.0001,541.96000000,Regular
ZECUSDT,2026-05-28 08:00:00.000,4.706e-05,525.30000000,Regular
ZECUSDT,2026-05-28 16:00:00.001,5.295e-05,537.24116414,Regular
ZECUSDT,2026-05-29 00:00:00.000,-7.731e-05,547.45000000,Regular
ZECUSDT,2026-05-29 08:00:00.001,9.527e-05,540.77000000,Regular
ZECUSDT,2026-05-29 16:00:00.008,4.348e-05,536.50558788,Regular
ZECUSDT,2026-05-30 00:00:00.000,-3.014e-05,529.55000000,Regular
ZECUSDT,2026-05-30 08:00:00.001,-2.899e-05,518.49938985,Regular
ZECUSDT,2026-05-30 16:00:00.000,-2.869e-05,534.08000000,Regular
ZECUSDT,2026-05-31 00:00:00.000,-7.275e-05,528.20000000,Regular
ZECUSDT,2026-05-31 08:00:00.000,-0.00016071,547.16426297,Regular
ZECUSDT,2026-05-31 16:00:00.004,-0.00010557,552.23307962,Regular
ZECUSDT,2026-06-01 00:00:00.001,-4.558e-05,568.66684337,Regular
ZECUSDT,2026-06-01 08:00:00.001,-0.00022397,550.57300743,Regular
ZECUSDT,2026-06-01 16:00:00.000,2.21e-05,529.00663809,Regular
ZECUSDT,2026-06-02 00:00:00.000,8.383e-05,544.34000000,Regular
ZECUSDT,2026-06-02 08:00:00.000,-0.00021057,558.39995246,Regular
ZECUSDT,2026-06-02 16:00:00.000,9.711e-05,578.17067494,Regular
ZECUSDT,2026-06-03 00:00:00.013,1.881e-05,609.21000000,Regular
ZECUSDT,2026-06-03 08:00:00.000,6.072e-05,617.82000000,Regular
ZECUSDT,2026-06-03 16:00:00.001,6.995e-05,608.23274549,Regular
ZECUSDT,2026-06-04 00:00:00.009,-0.00041464,620.72000000,Regular
ZECUSDT,2026-06-04 08:00:00.000,-0.00011186,568.58000000,Regular
ZECUSDT,2026-06-04 16:00:00.003,-0.00051579,548.94429551,Regular
ZECUSDT,2026-06-05 00:00:00.000,6.657e-05,459.64000000,Regular
ZECUSDT,2026-06-05 08:00:00.004,0.0001,308.74649598,Regular
ZECUSDT,2026-06-05 16:00:00.009,0.0001,327.76188201,Regular
ZECUSDT,2026-06-06 00:00:00.000,-0.00109748,388.86637281,Regular
ZECUSDT,2026-06-06 08:00:00.000,-0.00063061,378.14298975,Regular
ZECUSDT,2026-06-06 16:00:00.000,-0.00047904,358.68000000,Regular
ZECUSDT,2026-06-07 00:00:00.001,-0.00037919,361.97000000,Regular
ZECUSDT,2026-06-07 08:00:00.000,-0.00051041,396.43000000,Regular
ZECUSDT,2026-06-07 16:00:00.000,-0.00076918,424.28571406,Regular
ZECUSDT,2026-06-08 00:00:00.000,-0.00105162,440.16237166,Regular
ZECUSDT,2026-06-08 08:00:00.005,-0.00089589,435.77114976,Regular
ZECUSDT,2026-06-08 16:00:00.004,-0.00078956,445.13661793,Regular
ZECUSDT,2026-06-09 00:00:00.000,-0.00086734,458.48801024,Regular
ZECUSDT,2026-06-09 08:00:00.000,-0.00074346,469.98841111,Regular
ZECUSDT,2026-06-09 16:00:00.001,-0.00099291,434.38762249,Regular
ZECUSDT,2026-06-10 00:00:00.001,-0.00048949,429.69454405,Regular
ZECUSDT,2026-06-10 08:00:00.011,-0.00077843,432.51000000,Regular
ZECUSDT,2026-06-10 16:00:00.009,-0.00058434,437.58000000,Regular
ZECUSDT,2026-06-11 00:00:00.000,-0.00041066,408.07758137,Regular
ZECUSDT,2026-06-11 08:00:00.004,-0.00063199,422.28000000,Regular
ZECUSDT,2026-06-11 16:00:00.000,-0.00035918,418.27965553,Regular
ZECUSDT,2026-06-12 00:00:00.000,-0.00011731,427.94000000,Regular
ZECUSDT,2026-06-12 08:00:00.000,-0.00024486,423.28000000,Regular
ZECUSDT,2026-06-12 16:00:00.000,-1.381e-05,417.00000000,Regular
ZECUSDT,2026-06-13 00:00:00.000,-0.00031521,411.77000000,Regular
ZECUSDT,2026-06-13 08:00:00.007,-9.013e-05,414.67308158,Regular
ZECUSDT,2026-06-13 16:00:00.002,-1.876e-05,416.58000000,Regular
ZECUSDT,2026-06-14 00:00:00.005,-0.00019989,420.75000000,Regular
ZECUSDT,2026-06-14 08:00:00.009,-0.0001069,427.30000000,Regular
ZECUSDT,2026-06-14 16:00:00.000,-0.00024923,422.15968511,Regular
ZECUSDT,2026-06-15 00:00:00.013,4.211e-05,472.39625361,Regular
ZECUSDT,2026-06-15 08:00:00.013,3.56e-05,492.41000000,Regular
ZECUSDT,2026-06-15 16:00:00.004,-4.62e-06,534.11000000,Regular
ZECUSDT,2026-06-16 00:00:00.000,0.0001,518.35416862,Regular
ZECUSDT,2026-06-16 08:00:00.000,-0.00010007,524.69000000,Regular
ZECUSDT,2026-06-16 16:00:00.001,1.775e-05,497.05871035,Regular
ZECUSDT,2026-06-17 00:00:00.012,8.408e-05,504.94000000,Regular
ZECUSDT,2026-06-17 08:00:00.000,4.327e-05,509.40183247,Regular
ZECUSDT,2026-06-17 16:00:00.000,-0.00027766,491.90000000,Regular
ZECUSDT,2026-06-18 00:00:00.002,-0.00019052,477.06000000,Regular
ZECUSDT,2026-06-18 08:00:00.000,-0.00026666,469.16000000,Regular
ZECUSDT,2026-06-18 16:00:00.001,-0.00012555,447.16000000,Regular
ZECUSDT,2026-06-19 00:00:00.005,-0.00011743,455.58240157,Regular
ZECUSDT,2026-06-19 08:00:00.001,-0.00012338,445.66914583,Regular
ZECUSDT,2026-06-19 16:00:00.001,-0.00028683,454.11866769,Regular
ZECUSDT,2026-06-20 00:00:00.001,-0.00024207,476.32000000,Regular
ZECUSDT,2026-06-20 08:00:00.000,-0.0003479,468.39000000,Regular
ZECUSDT,2026-06-20 16:00:00.001,-0.00030544,475.21000000,Regular
ZECUSDT,2026-06-21 00:00:00.000,-0.00040063,470.62125495,Regular
ZECUSDT,2026-06-21 08:00:00.000,-0.00036959,465.87000000,Regular
ZECUSDT,2026-06-21 16:00:00.000,-0.00025477,453.43295764,Regular
ZECUSDT,2026-06-22 00:00:00.000,-0.00042999,434.27000000,Regular
ZECUSDT,2026-06-22 08:00:00.000,-0.00043142,451.24667484,Regular
ZECUSDT,2026-06-22 16:00:00.002,-0.00031451,449.75920169,Regular
ZECUSDT,2026-06-23 00:00:00.003,2.41e-06,442.06000000,Regular
ZECUSDT,2026-06-23 08:00:00.005,-0.00011868,424.84000000,Regular
ZECUSDT,2026-06-23 16:00:00.002,-0.00011761,417.61813978,Regular
ZECUSDT,2026-06-24 00:00:00.005,-3.97e-05,415.83000000,Regular
ZECUSDT,2026-06-24 08:00:00.005,-7.307e-05,413.55000000,Regular
ZECUSDT,2026-06-24 16:00:00.003,-4.473e-05,406.24000000,Regular
ZECUSDT,2026-06-25 00:00:00.000,4.003e-05,416.67000000,Regular
ZECUSDT,2026-06-25 08:00:00.000,7.095e-05,418.52000000,Regular
ZECUSDT,2026-06-25 16:00:00.000,4.974e-05,401.14000000,Regular
ZECUSDT,2026-06-26 00:00:00.010,0.0001,416.46254282,Regular
ZECUSDT,2026-06-26 08:00:00.002,0.0001,413.55154946,Regular
ZECUSDT,2026-06-26 16:00:00.000,7.4e-05,410.02000000,Regular
ZECUSDT,2026-06-27 00:00:00.000,0.0001,419.10339895,Regular
ZECUSDT,2026-06-27 08:00:00.000,0.0001,411.18596204,Regular
ZECUSDT,2026-06-27 16:00:00.009,0.0001,411.38000000,Regular
ZECUSDT,2026-06-28 00:00:00.000,4.187e-05,395.65000000,Regular
ZECUSDT,2026-06-28 08:00:00.013,3.41e-05,385.58493983,Regular
ZECUSDT,2026-06-28 16:00:00.000,4.692e-05,389.40000000,Regular
ZECUSDT,2026-06-29 00:00:00.006,8.452e-05,376.21000000,Regular
ZECUSDT,2026-06-29 08:00:00.013,5.473e-05,382.11903789,Regular
ZECUSDT,2026-06-29 16:00:00.004,0.0001,389.30069452,Regular
ZECUSDT,2026-06-30 00:00:00.000,0.0001,407.29770578,Regular
ZECUSDT,2026-06-30 08:00:00.000,3.09e-05,399.59688817,Regular
ZECUSDT,2026-06-30 16:00:00.005,5.37e-05,401.11967031,Regular
ZECUSDT,2026-07-01 00:00:00.000,7.328e-05,399.24469276,Regular
ZECUSDT,2026-07-01 08:00:00.000,0.0001,398.47206582,Regular
ZECUSDT,2026-07-01 16:00:00.000,-4.663e-05,414.93000000,Regular
ZECUSDT,2026-07-02 00:00:00.000,-2.277e-05,416.93521439,Regular
ZECUSDT,2026-07-02 08:00:00.000,-1.215e-05,423.14964086,Regular
ZECUSDT,2026-07-02 16:00:00.000,5.745e-05,437.67000000,Regular
ZECUSDT,2026-07-03 00:00:00.000,-6.81e-06,434.43092729,Regular
ZECUSDT,2026-07-03 08:00:00.007,0.0001,439.48000000,Regular
ZECUSDT,2026-07-03 16:00:00.000,0.0001,459.83913912,Regular
ZECUSDT,2026-07-04 00:00:00.000,0.0001,460.89463936,Regular
ZECUSDT,2026-07-04 08:00:00.000,0.0001,462.15304169,Regular
ZECUSDT,2026-07-04 16:00:00.007,0.0001,465.30000000,Regular
ZECUSDT,2026-07-05 00:00:00.003,0.0001,463.23778724,Regular
ZECUSDT,2026-07-05 08:00:00.001,0.0001,458.94000000,Regular
ZECUSDT,2026-07-05 16:00:00.000,0.0001,462.88000000,Regular
ZECUSDT,2026-07-06 00:00:00.000,0.0001,462.21252886,Regular
ZECUSDT,2026-07-06 08:00:00.000,0.0001,456.00526148,Regular
ZECUSDT,2026-07-06 16:00:00.000,0.0001,452.10000000,Regular
ZECUSDT,2026-07-07 00:00:00.000,0.0001,452.67931740,Regular
ZECUSDT,2026-07-07 08:00:00.000,0.0001,454.79000000,Regular
ZECUSDT,2026-07-07 16:00:00.000,0.0001,494.54098009,Regular
ZECUSDT,2026-07-08 00:00:00.000,0.0001,483.51179897,Regular
ZECUSDT,2026-07-08 08:00:00.000,0.0001,476.13269959,Regular
ZECUSDT,2026-07-08 16:00:00.000,7.528e-05,454.24016036,Regular
ZECUSDT,2026-07-09 00:00:00.000,5.423e-05,465.72000000,Regular
ZECUSDT,2026-07-09 08:00:00.001,4.187e-05,467.61000000,Regular
ZECUSDT,2026-07-09 16:00:00.001,3.43e-05,465.88000000,Regular
ZECUSDT,2026-07-10 00:00:00.000,0.0001,481.37000000,Regular
ZECUSDT,2026-07-10 08:00:00.005,0.0001,500.23341307,Regular
ZECUSDT,2026-07-10 16:00:00.005,9.22e-05,500.73917372,Regular
ZECUSDT,2026-07-11 00:00:00.000,0.0001,498.91000000,Regular
ZECUSDT,2026-07-11 08:00:00.000,0.0001,498.88000000,Regular
ZECUSDT,2026-07-11 16:00:00.000,0.0001,504.30000000,Regular
ZECUSDT,2026-07-12 00:00:00.000,0.0001,508.56000000,Regular
ZECUSDT,2026-07-12 08:00:00.003,7.687e-05,517.55000000,Regular
ZECUSDT,2026-07-12 16:00:00.000,8.99e-05,531.15000000,Regular
ZECUSDT,2026-07-13 00:00:00.000,5.056e-05,533.26162576,Regular
ZECUSDT,2026-07-13 08:00:00.001,-4.774e-05,521.76000000,Regular
ZECUSDT,2026-07-13 16:00:00.004,7.143e-05,508.89274430,Regular
ZECUSDT,2026-07-14 00:00:00.000,3.901e-05,495.37000000,Regular
ZECUSDT,2026-07-14 08:00:00.002,-7.971e-05,505.35000000,Regular
ZECUSDT,2026-07-14 16:00:00.001,5.509e-05,539.64366151,Regular
ZECUSDT,2026-07-15 00:00:00.005,0.0001,563.97055615,Regular
ZECUSDT,2026-07-15 08:00:00.002,7.473e-05,551.99000000,Regular
ZECUSDT,2026-07-15 16:00:00.000,-1.2e-07,575.66000000,Regular
ZECUSDT,2026-07-16 00:00:00.000,7.739e-05,570.36000000,Regular
ZECUSDT,2026-07-16 08:00:00.003,7.351e-05,568.53952415,Regular
ZECUSDT,2026-07-16 16:00:00.002,6.356e-05,555.52820677,Regular
ZECUSDT,2026-07-17 00:00:00.000,0.0001,523.50000000,Regular
ZECUSDT,2026-07-17 08:00:00.010,0.0001,532.02015646,Regular
ZECUSDT,2026-07-17 16:00:00.004,0.0001,543.42516495,Regular
ZECUSDT,2026-07-18 00:00:00.000,3.491e-05,547.26142171,Regular
ZECUSDT,2026-07-18 08:00:00.000,7.419e-05,541.07713961,Regular
ZECUSDT,2026-07-18 16:00:00.001,6.653e-05,556.97383700,Regular
ZECUSDT,2026-07-19 00:00:00.003,4.716e-05,558.37557758,Regular
ZECUSDT,2026-07-19 08:00:00.000,2.234e-05,559.46000000,Regular
ZECUSDT,2026-07-19 16:00:00.001,-5.867e-05,552.90000000,Regular
ZECUSDT,2026-07-20 00:00:00.000,7.048e-05,547.85255196,Regular
ZECUSDT,2026-07-20 08:00:00.001,2.184e-05,531.82083565,Regular
ZECUSDT,2026-07-20 16:00:00.004,-1.126e-05,547.10556434,Regular
ZECUSDT,2026-07-21 00:00:00.001,0.0001,543.60188770,Regular
ZECUSDT,2026-07-21 08:00:00.000,7.315e-05,550.25000000,Regular
ZECUSDT,2026-07-21 16:00:00.002,-2.306e-05,541.68748336,Regular
ZECUSDT,2026-07-22 00:00:00.000,7.054e-05,532.54000000,Regular
ZECUSDT,2026-07-22 08:00:00.000,8.224e-05,514.17491972,Regular
ZECUSDT,2026-07-22 16:00:00.001,6.148e-05,507.90030532,Regular
ZECUSDT,2026-07-23 00:00:00.000,9.51e-05,515.22000000,Regular
ZECUSDT,2026-07-23 08:00:00.000,0.0001,514.18528855,Regular
ZECUSDT,2026-07-23 16:00:00.000,0.0001,514.73649887,Regular
ZECUSDT,2026-07-24 00:00:00.000,3.52e-05,504.65000000,Regular
ZECUSDT,2026-07-24 08:00:00.000,4.7e-05,510.73432188,Regular
ZECUSDT,2026-07-24 16:00:00.008,6.918e-05,495.01000000,Regular
ZECUSDT,2026-07-25 00:00:00.002,4.865e-05,488.33000000,Regular
ZECUSDT,2026-07-25 08:00:00.000,5.717e-05,475.18000000,Regular
ZECUSDT,2026-07-25 16:00:00.000,3.582e-05,480.03000000,Regular
ZECUSDT,2026-07-26 00:00:00.000,-1.942e-05,485.19111502,Regular
ZECUSDT,2026-07-26 08:00:00.002,-6.66e-06,491.30000000,Regular
ZECUSDT,2026-07-26 16:00:00.000,-2.748e-05,494.58511150,Regular
ZECUSDT,2026-07-27 00:00:00.010,-1.894e-05,508.07000000,Regular
ZECUSDT,2026-07-27 08:00:00.000,0.0001,498.27617376,Regular
ZECUSDT,2026-07-27 16:00:00.001,2.319e-05,483.44527552,Regular
ZECUSDT,2026-07-28 00:00:00.000,5.34e-06,476.43380060,Regular
ZECUSDT,2026-07-28 08:00:00.000,7.24e-05,469.05293464,Regular
ZECUSDT,2026-07-28 16:00:00.000,3.576e-05,478.44000000,Regular
ZECUSDT,2026-07-29 00:00:00.000,6.733e-05,465.50000000,Regular
ZECUSDT,2026-07-29 08:00:00.002,8.494e-05,466.79031474,Regular
ZECUSDT,2026-07-29 16:00:00.000,7.714e-05,463.74877720,Regular
ZECUSDT,2026-07-30 00:00:00.000,3.303e-05,467.39000000,Regular
ZECUSDT,2026-07-30 08:00:00.000,-8.959e-05,473.29000000,Regular
ZECUSDT,2026-07-30 16:00:00.000,-7.855e-05,476.36000000,Regular
ZECUSDT,2026-07-31 00:00:00.003,9.538e-05,469.99460807,Regular
ZECUSDT,2026-07-31 08:00:00.000,9.288e-05,458.73000000,Regular
ZECUSDT,2026-07-31 16:00:00.000,0.0001,454.31327500,Regular
ZECUSDT,2026-08-01 00:00:00.001,0.0001,457.53000000,Regular
ZECUSDT,2026-08-01 08:00:00.000,0.0001,465.11237104,Regular
ZECUSDT,2026-08-01 16:00:00.000,0.0001,470.03395446,Regular
ZECUSDT,2026-08-02 00:00:00.000,0.0001,461.56727505,Regular
ZECUSDT,2026-08-02 08:00:00.000,0.0001,471.72757473,Regular
ZECUSDT,2026-08-02 16:00:00.000,0.0001,471.69000000,Regular
ZECUSDT,2026-08-03 00:00:00.000,0.0001,489.67747143,Regular
ZECUSDT,2026-08-03 08:00:00.000,0.0001,471.51000000,Regular
ZECUSDT,2026-08-03 16:00:00.000,0.0001,488.55450047,Regular
ZECUSDT,2026-08-04 00:00:00.004,8.188e-05,483.11735918,Regular
ZECUSDT,2026-08-04 08:00:00.002,7.991e-05,487.39645482,Regular
ZECUSDT,2026-08-04 16:00:00.000,8.177e-05,498.45560048,Regular
ZECUSDT,2026-08-05 00:00:00.003,0.0001,506.47526773,Regular
ZECUSDT,2026-08-05 08:00:00.004,-1.168e-05,517.44000000,Regular
ZECUSDT,2026-08-05 16:00:00.000,-1.162e-05,515.87000000,Regular
ZECUSDT,2026-08-06 00:00:00.002,5.249e-05,512.21766143,Regular
ZECUSDT,2026-08-06 08:00:00.000,4.064e-05,507.96000000,Regular
ZECUSDT,2026-08-06 16:00:00.000,4.427e-05,492.24000000,Regular
ZECUSDT,2026-08-07 00:00:00.000,-9.39e-06,502.36000000,Regular
ZECUSDT,2026-08-07 08:00:00.000,8.398e-05,502.23000000,Regular
ZECUSDT,2026-08-07 16:00:00.000,7.17e-05,512.03199846,Regular
ZECUSDT,2026-08-08 00:00:00.001,5.556e-05,511.22288884,Regular
ZECUSDT,2026-08-08 08:00:00.000,7.597e-05,504.39883385,Regular
ZECUSDT,2026-08-08 16:00:00.002,5.444e-05,505.02000000,Regular
ZECUSDT,2026-08-09 00:00:00.000,0.0001,507.92926631,Regular
ZECUSDT,2026-08-09 08:00:00.005,0.0001,512.41000000,Regular
ZECUSDT,2026-08-09 16:00:00.000,0.0001,522.85000000,Regular
ZECUSDT,2026-08-10 00:00:00.001,5.555e-05,509.67847417,Regular
ZECUSDT,2026-08-10 08:00:00.005,5.24e-05,508.75827666,Regular
ZECUSDT,2026-08-10 16:00:00.000,1.9e-07,501.48079344,Regular
ZECUSDT,2026-08-11 00:00:00.000,4.39e-06,496.18000000,Regular
ZECUSDT,2026-08-11 08:00:00.006,0.0001,487.65000000,Regular
ZECUSDT,2026-08-11 16:00:00.000,0.0001,470.90000000,Regular
ZECUSDT,2026-08-12 00:00:00.001,2.541e-05,481.31000000,Regular
ZECUSDT,2026-08-12 08:00:00.000,1.26e-05,479.17000000,Regular
ZECUSDT,2026-08-12 16:00:00.000,5.16e-06,485.62998098,Regular
ZECUSDT,2026-08-13 00:00:00.000,7.389e-05,489.89691864,Regular
ZECUSDT,2026-08-13 08:00:00.000,7.499e-05,495.35152623,Regular
ZECUSDT,2026-08-13 16:00:00.000,9.39e-06,487.85387484,Regular
ZECUSDT,2026-08-14 00:00:00.000,7.531e-05,490.75000000,Regular
ZECUSDT,2026-08-14 08:00:00.001,6.997e-05,485.76687269,Regular
ZECUSDT,2026-08-14 16:00:00.001,7.014e-05,487.64778860,Regular
ZECUSDT,2026-08-15 00:00:00.003,8.483e-05,493.12000000,Regular
ZECUSDT,2026-08-15 08:00:00.002,0.0001,489.74000000,Regular
ZECUSDT,2026-08-15 16:00:00.000,8.699e-05,489.51000000,Regular
ZECUSDT,2026-08-16 00:00:00.000,0.0001,487.68000000,Regular
ZECUSDT,2026-08-16 08:00:00.002,6.5e-07,487.76433685,Regular
ZECUSDT,2026-08-16 16:00:00.000,0.0001,493.86000000,Regular
ZECUSDT,2026-08-17 00:00:00.001,0.0001,486.15721527,Regular
ZECUSDT,2026-08-17 08:00:00.003,0.0001,513.88000000,Regular
ZECUSDT,2026-08-17 16:00:00.005,0.0001,513.59409409,Regular
ZECUSDT,2026-08-18 00:00:00.006,0.0001,513.81968947,Regular
ZECUSDT,2026-08-18 08:00:00.001,5.546e-05,506.34590235,Regular
ZECUSDT,2026-08-18 16:00:00.003,5.341e-05,509.74153446,Regular
ZECUSDT,2026-08-19 00:00:00.000,2.981e-05,508.75000000,Regular
ZECUSDT,2026-08-19 08:00:00.000,-3.498e-05,502.42694956,Regular
ZECUSDT,2026-08-19 16:00:00.004,2.891e-05,550.53381043,Regular
ZECUSDT,2026-08-20 00:00:00.001,0.0001,565.20155657,Regular
ZECUSDT,2026-08-20 08:00:00.000,0.0001,558.65945631,Regular
ZECUSDT,2026-08-20 16:00:00.005,1.393e-05,570.71134848,Regular
ZECUSDT,2026-08-21 00:00:00.004,0.0001,568.65309367,Regular
ZECUSDT,2026-08-21 08:00:00.000,0.0001,637.94413031,Regular
ZECUSDT,2026-08-21 16:00:00.001,0.0001,654.20022935,Regular
ZECUSDT,2026-08-22 00:00:00.000,0.0001,734.42932443,Regular
ZECUSDT,2026-08-22 08:00:00.000,0.00010635,810.58304927,Regular
ZECUSDT,2026-08-22 16:00:00.000,0.0001,789.30993153,Regular
ZECUSDT,2026-08-23 00:00:00.000,0.0001,801.60023413,Regular
ZECUSDT,2026-08-23 08:00:00.000,0.0001,802.17322948,Regular
ZECUSDT,2026-08-23 16:00:00.006,0.0001,835.91000000,Regular
ZECUSDT,2026-08-24 00:00:00.001,0.0001,853.79898752,Regular
ZECUSDT,2026-08-24 08:00:00.002,0.0001,836.17197725,Regular
ZECUSDT,2026-08-24 16:00:00.000,0.0001,834.24394458,Regular
ZECUSDT,2026-08-25 00:00:00.001,0.0001,830.44822918,Regular
ZECUSDT,2026-08-25 08:00:00.000,0.0001,852.95253234,Regular
ZECUSDT,2026-08-25 16:00:00.005,0.0001,817.25887181,Regular
ZECUSDT,2026-08-26 00:00:00.000,0.0001,767.92064303,Regular
ZECUSDT,2026-08-26 08:00:00.005,0.0001,786.79182268,Regular
ZECUSDT,2026-08-26 16:00:00.000,0.0001,770.52000000,Regular
ZECUSDT,2026-08-27 00:00:00.000,0.0001,816.11193898,Regular
ZECUSDT,2026-08-27 08:00:00.000,0.0001,785.78000000,Regular
ZECUSDT,2026-08-27 16:00:00.013,0.0001,803.40104801,Regular
ZECUSDT,2026-08-28 00:00:00.026,6.99e-05,809.60000000,Regular
ZECUSDT,2026-08-28 08:00:00.000,4.59e-06,789.58796284,Regular
ZECUSDT,2026-08-28 16:00:00.001,7.972e-05,806.08000000,Regular
ZECUSDT,2026-08-29 00:00:00.000,0.0001,800.18724890,Regular
ZECUSDT,2026-08-29 08:00:00.000,0.0001,792.59809373,Regular
ZECUSDT,2026-08-29 16:00:00.002,0.0001,834.50770567,Regular
ZECUSDT,2026-08-30 00:00:00.000,0.0001,841.24000000,Regular
ZECUSDT,2026-08-30 08:00:00.000,0.0001,835.64000000,Regular
ZECUSDT,2026-08-30 16:00:00.001,5.915e-05,866.15000000,Regular
ZECUSDT,2026-08-31 00:00:00.002,4.872e-05,834.56050718,Regular
ZECUSDT,2026-08-31 08:00:00.002,-1.353e-05,825.33816119,Regular
ZECUSDT,2026-08-31 16:00:00.001,-2.93e-06,842.19365866,Regular
ZECUSDT,2026-09-01 00:00:00.005,3.045e-05,847.80362751,Regular
ZECUSDT,2026-09-01 08:00:00.000,4.668e-05,851.76000000,Regular
ZECUSDT,2026-09-01 16:00:00.000,7.453e-05,853.44000000,Regular
ZECUSDT,2026-09-02 00:00:00.000,-1.32e-06,829.60000000,Regular
ZECUSDT,2026-09-02 08:00:00.001,7.178e-05,833.77964422,Regular
ZECUSDT,2026-09-02 16:00:00.005,0.0001,814.68000000,Regular
ZECUSDT,2026-09-03 00:00:00.000,0.0001,815.31000000,Regular
ZECUSDT,2026-09-03 08:00:00.000,0.0001,827.16000000,Regular
ZECUSDT,2026-09-03 16:00:00.000,3.871e-05,954.55000000,Regular
ZECUSDT,2026-09-04 00:00:00.000,0.0001,952.07300728,Regular
ZECUSDT,2026-09-04 08:00:00.000,5.241e-05,967.38883783,Regular
ZECUSDT,2026-09-04 16:00:00.009,-1.252e-05,986.41437427,Regular
ZECUSDT,2026-09-05 00:00:00.000,-5.451e-05,1022.55421238,Regular
ZECUSDT,2026-09-05 08:00:00.000,-1.694e-05,1001.52000000,Regular
ZECUSDT,2026-09-05 16:00:00.001,-7e-06,1014.81000000,Regular
ZECUSDT,2026-09-06 00:00:00.000,-2.055e-05,1025.49459084,Regular
ZECUSDT,2026-09-06 08:00:00.000,6.248e-05,1162.68000000,Regular
ZECUSDT,2026-09-06 16:00:00.004,2.316e-05,1167.47000000,Regular
ZECUSDT,2026-09-07 00:00:00.004,5.803e-05,1226.79000000,Regular
ZECUSDT,2026-09-07 08:00:00.000,-1.264e-05,1186.47757201,Regular
ZECUSDT,2026-09-07 16:00:00.003,0.0001,1146.06000000,Regular
ZECUSDT,2026-09-08 00:00:00.004,5.582e-05,1139.59000000,Regular
ZECUSDT,2026-09-08 08:00:00.002,8.666e-05,1123.94851085,Regular
ZECUSDT,2026-09-08 16:00:00.001,-0.00010467,1182.58797923,Regular
ZECUSDT,2026-09-09 00:00:00.005,9.63e-06,1177.34469062,Regular
ZECUSDT,2026-09-09 08:00:00.004,1.39e-05,1237.95974789,Regular
ZECUSDT,2026-09-09 16:00:00.002,-1.378e-05,1269.07798784,Regular
ZECUSDT,2026-09-10 00:00:00.000,2.997e-05,1244.22623937,Regular
ZECUSDT,2026-09-10 08:00:00.007,1.289e-05,1215.27000000,Regular
ZECUSDT,2026-09-10 16:00:00.002,8.729e-05,1168.11000000,Regular
ZECUSDT,2026-09-11 00:00:00.008,6.242e-05,1079.65000000,Regular
ZECUSDT,2026-09-11 08:00:00.000,-4.601e-05,1111.23000000,Regular
ZECUSDT,2026-09-11 16:00:00.000,-0.00016912,1163.96298733,Regular
ZECUSDT,2026-09-12 00:00:00.001,-0.00010008,1164.35065640,Regular
ZECUSDT,2026-09-12 08:00:00.003,2.976e-05,1149.19285349,Regular
ZECUSDT,2026-09-12 16:00:00.000,3.261e-05,1138.45497391,Regular
ZECUSDT,2026-09-13 00:00:00.002,8.978e-05,1122.61000000,Regular
ZECUSDT,2026-09-13 08:00:00.000,6.776e-05,1130.08350540,Regular
