{
  "30d: th=0.50 pos=2 tp=10% | opt_2022_2024": {
    "cagr": -0.07006000859613715,
    "sharpe": -0.6233993095016882,
    "max_dd": -0.3923719271982572,
    "total_return": -0.1888145728232148,
    "win_rate_days": 0.46831955922865015,
    "monthly_win_rate": 0.4722222222222222,
    "n_days": 726,
    "n_months": 36,
    "label": "30d: th=0.50 pos=2 tp=10%",
    "period": "opt_2022_2024"
  },
  "30d: th=0.50 pos=2 tp=10% | test_2025_2026": {
    "cagr": -0.10234908544439969,
    "sharpe": -1.0363996828310953,
    "max_dd": -0.18715078343417646,
    "total_return": -0.11495207084518944,
    "win_rate_days": 0.48771929824561405,
    "monthly_win_rate": 0.5333333333333333,
    "n_days": 285,
    "n_months": 15,
    "label": "30d: th=0.50 pos=2 tp=10%",
    "period": "test_2025_2026"
  },
  "30d: th=0.50 pos=2 tp=10% | full_2022_2026": {
    "cagr": -0.07927805814900668,
    "sharpe": -0.7334430475874035,
    "max_dd": -0.3923719271982572,
    "total_return": -0.28206201751662696,
    "win_rate_days": 0.47378832838773494,
    "monthly_win_rate": 0.49019607843137253,
    "n_days": 1011,
    "n_months": 51,
    "label": "30d: th=0.50 pos=2 tp=10%",
    "period": "full_2022_2026"
  },
  "30d: th=0.58 pos=3 tp=10% | opt_2022_2024": {
    "cagr": -0.004060186563860202,
    "sharpe": -0.02334008799757564,
    "max_dd": -0.22761359627261052,
    "total_return": -0.011652591531918666,
    "win_rate_days": 0.48484848484848486,
    "monthly_win_rate": 0.5833333333333334,
    "n_days": 726,
    "n_months": 36,
    "label": "30d: th=0.58 pos=3 tp=10%",
    "period": "opt_2022_2024"
  },
  "30d: th=0.58 pos=3 tp=10% | test_2025_2026": {
    "cagr": -0.02464553521622359,
    "sharpe": -0.4322943547669452,
    "max_dd": -0.08174955430050455,
    "total_return": -0.027827623439770854,
    "win_rate_days": 0.49122807017543857,
    "monthly_win_rate": 0.5333333333333333,
    "n_days": 285,
    "n_months": 15,
    "label": "30d: th=0.58 pos=3 tp=10%",
    "period": "test_2025_2026"
  },
  "30d: th=0.58 pos=3 tp=10% | full_2022_2026": {
    "cagr": -0.009906760879780374,
    "sharpe": -0.11837712818512497,
    "max_dd": -0.22761359627261052,
    "total_return": -0.03915595104244174,
    "win_rate_days": 0.486646884272997,
    "monthly_win_rate": 0.5686274509803921,
    "n_days": 1011,
    "n_months": 51,
    "label": "30d: th=0.58 pos=3 tp=10%",
    "period": "full_2022_2026"
  },
  "30d: th=0.58 pos=3 sl=-10% tp=10% | opt_2022_2024": {
    "cagr": 0.016375830170746175,
    "sharpe": 0.4984922073617394,
    "max_dd": -0.06656496891489838,
    "total_return": 0.04790807111514117,
    "win_rate_days": 0.4476584022038568,
    "monthly_win_rate": 0.5555555555555556,
    "n_days": 726,
    "n_months": 36,
    "label": "30d: th=0.58 pos=3 sl=-10% tp=10%",
    "period": "opt_2022_2024"
  },
  "30d: th=0.58 pos=3 sl=-10% tp=10% | test_2025_2026": {
    "cagr": 0.02185808874631423,
    "sharpe": 0.6952103868400411,
    "max_dd": -0.03333928683018456,
    "total_return": 0.02475561528324155,
    "win_rate_days": 0.5298245614035088,
    "monthly_win_rate": 0.4666666666666667,
    "n_days": 285,
    "n_months": 15,
    "label": "30d: th=0.58 pos=3 sl=-10% tp=10%",
    "period": "test_2025_2026"
  },
  "30d: th=0.58 pos=3 sl=-10% tp=10% | full_2022_2026": {
    "cagr": 0.017918290145598315,
    "sharpe": 0.55174605422828,
    "max_dd": -0.06656496891489838,
    "total_return": 0.0738496801758719,
    "win_rate_days": 0.4708209693372898,
    "monthly_win_rate": 0.5294117647058824,
    "n_days": 1011,
    "n_months": 51,
    "label": "30d: th=0.58 pos=3 sl=-10% tp=10%",
    "period": "full_2022_2026"
  },
  "30d: th=0.62 pos=5 tp=10% | opt_2022_2024": {
    "cagr": -0.029075659525800712,
    "sharpe": -0.46505311077262323,
    "max_dd": -0.2046315762933558,
    "total_return": -0.08149459745954346,
    "win_rate_days": 0.4297520661157025,
    "monthly_win_rate": 0.6111111111111112,
    "n_days": 726,
    "n_months": 36,
    "label": "30d: th=0.62 pos=5 tp=10%",
    "period": "opt_2022_2024"
  },
  "30d: th=0.62 pos=5 tp=10% | test_2025_2026": {
    "cagr": 0.030223405909045153,
    "sharpe": 1.0970480523919564,
    "max_dd": -0.0258720752537351,
    "total_return": 0.03424829058088297,
    "win_rate_days": 0.45614035087719296,
    "monthly_win_rate": 0.6,
    "n_days": 285,
    "n_months": 15,
    "label": "30d: th=0.62 pos=5 tp=10%",
    "period": "test_2025_2026"
  },
  "30d: th=0.62 pos=5 tp=10% | full_2022_2026": {
    "cagr": -0.012713565189081177,
    "sharpe": -0.21692025121715933,
    "max_dd": -0.2046315762933558,
    "total_return": -0.05003735753322647,
    "win_rate_days": 0.437190900098912,
    "monthly_win_rate": 0.6078431372549019,
    "n_days": 1011,
    "n_months": 51,
    "label": "30d: th=0.62 pos=5 tp=10%",
    "period": "full_2022_2026"
  },
  "30d: th=0.64 pos=3 tp=10% | opt_2022_2024": {
    "cagr": -0.0271820445537041,
    "sharpe": -0.4267279919057659,
    "max_dd": -0.22178485566011094,
    "total_return": -0.07632424193340581,
    "win_rate_days": 0.3953168044077135,
    "monthly_win_rate": 0.5,
    "n_days": 726,
    "n_months": 36,
    "label": "30d: th=0.64 pos=3 tp=10%",
    "period": "opt_2022_2024"
  },
  "30d: th=0.64 pos=3 tp=10% | test_2025_2026": {
    "cagr": 0.02439399743751003,
    "sharpe": 0.8330225293077527,
    "max_dd": -0.02455171851194117,
    "total_return": 0.027632206586807317,
    "win_rate_days": 0.41754385964912283,
    "monthly_win_rate": 0.4666666666666667,
    "n_days": 285,
    "n_months": 15,
    "label": "30d: th=0.64 pos=3 tp=10%",
    "period": "test_2025_2026"
  },
  "30d: th=0.64 pos=3 tp=10% | full_2022_2026": {
    "cagr": -0.012911458632058892,
    "sharpe": -0.21637668675732408,
    "max_dd": -0.22178485566011094,
    "total_return": -0.05080104256728413,
    "win_rate_days": 0.40158259149357073,
    "monthly_win_rate": 0.49019607843137253,
    "n_days": 1011,
    "n_months": 51,
    "label": "30d: th=0.64 pos=3 tp=10%",
    "period": "full_2022_2026"
  },
  "30d: th=0.58 pos=3 no-sltp | opt_2022_2024": {
    "cagr": 0.02323348380927981,
    "sharpe": 0.2559876937180717,
    "max_dd": -0.2975159057212347,
    "total_return": 0.06840708814956065,
    "win_rate_days": 0.5055096418732782,
    "monthly_win_rate": 0.5277777777777778,
    "n_days": 726,
    "n_months": 36,
    "label": "30d: th=0.58 pos=3 no-sltp",
    "period": "opt_2022_2024"
  },
  "30d: th=0.58 pos=3 no-sltp | test_2025_2026": {
    "cagr": -0.041264976370647743,
    "sharpe": -0.42518170278582806,
    "max_dd": -0.12358214437628004,
    "total_return": -0.04654109323891342,
    "win_rate_days": 0.4631578947368421,
    "monthly_win_rate": 0.4,
    "n_days": 285,
    "n_months": 15,
    "label": "30d: th=0.58 pos=3 no-sltp",
    "period": "test_2025_2026"
  },
  "30d: th=0.58 pos=3 no-sltp | full_2022_2026": {
    "cagr": 0.004624399431067516,
    "sharpe": 0.09691233226470965,
    "max_dd": -0.2975159057212347,
    "total_return": 0.018682254242873952,
    "win_rate_days": 0.49357072205736896,
    "monthly_win_rate": 0.49019607843137253,
    "n_days": 1011,
    "n_months": 51,
    "label": "30d: th=0.58 pos=3 no-sltp",
    "period": "full_2022_2026"
  },
  "30d: th=0.64 pos=3 no-sltp | opt_2022_2024": {
    "cagr": -0.006049405290582177,
    "sharpe": -0.014107028884715898,
    "max_dd": -0.27981510198540455,
    "total_return": -0.01732907097108094,
    "win_rate_days": 0.4132231404958678,
    "monthly_win_rate": 0.4444444444444444,
    "n_days": 726,
    "n_months": 36,
    "label": "30d: th=0.64 pos=3 no-sltp",
    "period": "opt_2022_2024"
  },
  "30d: th=0.64 pos=3 no-sltp | test_2025_2026": {
    "cagr": 0.017155279173655114,
    "sharpe": 0.33739910739455864,
    "max_dd": -0.04923281254928029,
    "total_return": 0.019423489698641827,
    "win_rate_days": 0.42105263157894735,
    "monthly_win_rate": 0.4,
    "n_days": 285,
    "n_months": 15,
    "label": "30d: th=0.64 pos=3 no-sltp",
    "period": "test_2025_2026"
  },