{
  "5d: th=0.50 pos=2 tp=5% | opt_2022_2024": {
    "cagr": -0.14290085045403111,
    "sharpe": -0.6402015955075213,
    "max_dd": -0.514056439268245,
    "total_return": -0.358693436313272,
    "win_rate_days": 0.44077134986225897,
    "monthly_win_rate": 0.4444444444444444,
    "n_days": 726,
    "n_months": 36,
    "label": "5d: th=0.50 pos=2 tp=5%",
    "period": "opt_2022_2024"
  },
  "5d: th=0.50 pos=2 tp=5% | test_2025_2026": {
    "cagr": -0.27014762222103883,
    "sharpe": -1.3275441512487904,
    "max_dd": -0.4367342269285365,
    "total_return": -0.2996335584745571,
    "win_rate_days": 0.4070175438596491,
    "monthly_win_rate": 0.4666666666666667,
    "n_days": 285,
    "n_months": 15,
    "label": "5d: th=0.50 pos=2 tp=5%",
    "period": "test_2025_2026"
  },
  "5d: th=0.50 pos=2 tp=5% | full_2022_2026": {
    "cagr": -0.1808647347463146,
    "sharpe": -0.8416499117861231,
    "max_dd": -0.5737173725727883,
    "total_return": -0.5508504040638162,
    "win_rate_days": 0.43125618199802174,
    "monthly_win_rate": 0.45098039215686275,
    "n_days": 1011,
    "n_months": 51,
    "label": "5d: th=0.50 pos=2 tp=5%",
    "period": "full_2022_2026"
  },
  "5d: th=0.58 pos=3 tp=5% | opt_2022_2024": {
    "cagr": -0.021941472919018712,
    "sharpe": -0.08143762520477849,
    "max_dd": -0.3647607321638591,
    "total_return": -0.06191633470277158,
    "win_rate_days": 0.31267217630853994,
    "monthly_win_rate": 0.5277777777777778,
    "n_days": 726,
    "n_months": 36,
    "label": "5d: th=0.58 pos=3 tp=5%",
    "period": "opt_2022_2024"
  },
  "5d: th=0.58 pos=3 tp=5% | test_2025_2026": {
    "cagr": 0.01687247917304635,
    "sharpe": 0.19386641810120972,
    "max_dd": -0.16136684937716828,
    "total_return": 0.019102948986486457,
    "win_rate_days": 0.3543859649122807,
    "monthly_win_rate": 0.6,
    "n_days": 285,
    "n_months": 15,
    "label": "5d: th=0.58 pos=3 tp=5%",
    "period": "test_2025_2026"
  },
  "5d: th=0.58 pos=3 tp=5% | full_2022_2026": {
    "cagr": -0.011152308879384454,
    "sharpe": -0.009397379465611306,
    "max_dd": -0.3647607321638591,
    "total_return": -0.043996170299542614,
    "win_rate_days": 0.32443125618199803,
    "monthly_win_rate": 0.5490196078431373,
    "n_days": 1011,
    "n_months": 51,
    "label": "5d: th=0.58 pos=3 tp=5%",
    "period": "full_2022_2026"
  },
  "5d: th=0.58 pos=3 sl=-10% tp=5% | opt_2022_2024": {
    "cagr": -0.0037136380706106475,
    "sharpe": 0.026095402219985978,
    "max_dd": -0.2634781093266548,
    "total_return": -0.010661488641814931,
    "win_rate_days": 0.30165289256198347,
    "monthly_win_rate": 0.5,
    "n_days": 726,
    "n_months": 36,
    "label": "5d: th=0.58 pos=3 sl=-10% tp=5%",
    "period": "opt_2022_2024"
  },
  "5d: th=0.58 pos=3 sl=-10% tp=5% | test_2025_2026": {
    "cagr": 0.04333249730836819,
    "sharpe": 0.4303733299594776,
    "max_dd": -0.13709271451446753,
    "total_return": 0.04914432503443256,
    "win_rate_days": 0.3543859649122807,
    "monthly_win_rate": 0.6,
    "n_days": 285,
    "n_months": 15,
    "label": "5d: th=0.58 pos=3 sl=-10% tp=5%",
    "period": "test_2025_2026"
  },
  "5d: th=0.58 pos=3 sl=-10% tp=5% | full_2022_2026": {
    "cagr": 0.009329657801940394,
    "sharpe": 0.13826711170888278,
    "max_dd": -0.2634781093266548,
    "total_return": 0.03795888472945297,
    "win_rate_days": 0.3165182987141444,
    "monthly_win_rate": 0.5294117647058824,
    "n_days": 1011,
    "n_months": 51,
    "label": "5d: th=0.58 pos=3 sl=-10% tp=5%",
    "period": "full_2022_2026"
  },
  "5d: th=0.62 pos=5 tp=5% | opt_2022_2024": {
    "cagr": -0.05226188775080498,
    "sharpe": -0.4268385431345797,
    "max_dd": -0.32431372133731506,
    "total_return": -0.14327737960923925,
    "win_rate_days": 0.24380165289256198,
    "monthly_win_rate": 0.5,
    "n_days": 726,
    "n_months": 36,
    "label": "5d: th=0.62 pos=5 tp=5%",
    "period": "opt_2022_2024"
  },
  "5d: th=0.62 pos=5 tp=5% | test_2025_2026": {
    "cagr": 0.05428953234543443,
    "sharpe": 0.6729307472597513,
    "max_dd": -0.05607934146625564,
    "total_return": 0.061613780763818404,
    "win_rate_days": 0.3192982456140351,
    "monthly_win_rate": 0.4,
    "n_days": 285,
    "n_months": 15,
    "label": "5d: th=0.62 pos=5 tp=5%",
    "period": "test_2025_2026"
  },
  "5d: th=0.62 pos=5 tp=5% | full_2022_2026": {
    "cagr": -0.023365067642325266,
    "sharpe": -0.174438313946601,
    "max_dd": -0.32431372133731506,
    "total_return": -0.09049145990107954,
    "win_rate_days": 0.26508407517309596,
    "monthly_win_rate": 0.47058823529411764,
    "n_days": 1011,
    "n_months": 51,
    "label": "5d: th=0.62 pos=5 tp=5%",
    "period": "full_2022_2026"
  },
  "5d: th=0.64 pos=3 tp=5% | opt_2022_2024": {
    "cagr": -0.05808080130014548,
    "sharpe": -0.4467465710740152,
    "max_dd": -0.35333667098200766,
    "total_return": -0.15834412311673507,
    "win_rate_days": 0.22038567493112948,
    "monthly_win_rate": 0.3888888888888889,
    "n_days": 726,
    "n_months": 36,
    "label": "5d: th=0.64 pos=3 tp=5%",
    "period": "opt_2022_2024"
  },
  "5d: th=0.64 pos=3 tp=5% | test_2025_2026": {
    "cagr": 0.08422491524638986,
    "sharpe": 0.949190116540949,
    "max_dd": -0.08526828223701416,
    "total_return": 0.09576733493401757,
    "win_rate_days": 0.26666666666666666,
    "monthly_win_rate": 0.3333333333333333,
    "n_days": 285,
    "n_months": 15,
    "label": "5d: th=0.64 pos=3 tp=5%",
    "period": "test_2025_2026"
  },
  "5d: th=0.64 pos=3 tp=5% | full_2022_2026": {
    "cagr": -0.019970156110477366,
    "sharpe": -0.12623182009890185,
    "max_dd": -0.35333667098200766,
    "total_return": -0.07774098285607023,
    "win_rate_days": 0.2334322453016815,
    "monthly_win_rate": 0.37254901960784315,
    "n_days": 1011,
    "n_months": 51,
    "label": "5d: th=0.64 pos=3 tp=5%",
    "period": "full_2022_2026"
  }
}