{
  "5d: th=0.50 pos=2 tp=5% | opt_2022_2024": {
    "cagr": 0.7108671527775894,
    "sharpe": 4.1711692560934965,
    "max_dd": -0.06852942193294677,
    "total_return": 3.697697211458806,
    "win_rate_days": 0.559228650137741,
    "monthly_win_rate": 0.8611111111111112,
    "n_days": 726,
    "n_months": 36,
    "label": "5d: th=0.50 pos=2 tp=5%",
    "period": "opt_2022_2024"
  },
  "5d: th=0.50 pos=2 tp=5% | test_2025_2026": {
    "cagr": 1.0756801479879767,
    "sharpe": 4.764867178156856,
    "max_dd": -0.04328001286052649,
    "total_return": 1.2839855154701896,
    "win_rate_days": 0.519298245614035,
    "monthly_win_rate": 0.9333333333333333,
    "n_days": 285,
    "n_months": 15,
    "label": "5d: th=0.50 pos=2 tp=5%",
    "period": "test_2025_2026"
  },
  "5d: th=0.50 pos=2 tp=5% | full_2022_2026": {
    "cagr": 0.8066751355181765,
    "sharpe": 4.34483297103716,
    "max_dd": -0.06852942193294677,
    "total_return": 9.729472387036637,
    "win_rate_days": 0.5479723046488625,
    "monthly_win_rate": 0.8823529411764706,
    "n_days": 1011,
    "n_months": 51,
    "label": "5d: th=0.50 pos=2 tp=5%",
    "period": "full_2022_2026"
  },
  "5d: th=0.58 pos=3 tp=5% | opt_2022_2024": {
    "cagr": 0.3002504490616409,
    "sharpe": 2.9097883663831974,
    "max_dd": -0.07031076505976631,
    "total_return": 1.1306219308474161,
    "win_rate_days": 0.3746556473829201,
    "monthly_win_rate": 0.6944444444444444,
    "n_days": 726,
    "n_months": 36,
    "label": "5d: th=0.58 pos=3 tp=5%",
    "period": "opt_2022_2024"
  },
  "5d: th=0.58 pos=3 tp=5% | test_2025_2026": {
    "cagr": 0.4486822725895854,
    "sharpe": 3.8540911915050935,
    "max_dd": -0.02568816795057646,
    "total_return": 0.5207329725649033,
    "win_rate_days": 0.4070175438596491,
    "monthly_win_rate": 0.7333333333333333,
    "n_days": 285,
    "n_months": 15,
    "label": "5d: th=0.58 pos=3 tp=5%",
    "period": "test_2025_2026"
  },
  "5d: th=0.58 pos=3 tp=5% | full_2022_2026": {
    "cagr": 0.3404823054784587,
    "sharpe": 3.186444546760332,
    "max_dd": -0.07031076505976631,
    "total_return": 2.240107022309561,
    "win_rate_days": 0.3837784371909001,
    "monthly_win_rate": 0.7058823529411765,
    "n_days": 1011,
    "n_months": 51,
    "label": "5d: th=0.58 pos=3 tp=5%",
    "period": "full_2022_2026"
  },
  "5d: th=0.58 pos=3 sl=-10% tp=5% | opt_2022_2024": {
    "cagr": 0.12876627547589958,
    "sharpe": 1.5831500124260327,
    "max_dd": -0.06802671472431894,
    "total_return": 0.417586903081981,
    "win_rate_days": 0.34297520661157027,
    "monthly_win_rate": 0.6111111111111112,
    "n_days": 726,
    "n_months": 36,
    "label": "5d: th=0.58 pos=3 sl=-10% tp=5%",
    "period": "opt_2022_2024"
  },
  "5d: th=0.58 pos=3 sl=-10% tp=5% | test_2025_2026": {
    "cagr": 0.270477429970863,
    "sharpe": 2.7603327134711577,
    "max_dd": -0.03514636711041164,
    "total_return": 0.31093655689871835,
    "win_rate_days": 0.38596491228070173,
    "monthly_win_rate": 0.8,
    "n_days": 285,
    "n_months": 15,
    "label": "5d: th=0.58 pos=3 sl=-10% tp=5%",
    "period": "test_2025_2026"
  },
  "5d: th=0.58 pos=3 sl=-10% tp=5% | full_2022_2026": {
    "cagr": 0.16703314135202763,
    "sharpe": 1.9400274088357499,
    "max_dd": -0.06802671472431894,
    "total_return": 0.8583664938310109,
    "win_rate_days": 0.35509396636993074,
    "monthly_win_rate": 0.6666666666666666,
    "n_days": 1011,
    "n_months": 51,
    "label": "5d: th=0.58 pos=3 sl=-10% tp=5%",
    "period": "full_2022_2026"
  },
  "5d: th=0.62 pos=5 tp=5% | opt_2022_2024": {
    "cagr": 0.11568743600993714,
    "sharpe": 1.65171643425912,
    "max_dd": -0.07861592169776953,
    "total_return": 0.3707801308287635,
    "win_rate_days": 0.2713498622589532,
    "monthly_win_rate": 0.5833333333333334,
    "n_days": 726,
    "n_months": 36,
    "label": "5d: th=0.62 pos=5 tp=5%",
    "period": "opt_2022_2024"
  },
  "5d: th=0.62 pos=5 tp=5% | test_2025_2026": {
    "cagr": 0.22499949644271333,
    "sharpe": 2.662893915190056,
    "max_dd": -0.01659369805844946,
    "total_return": 0.25799095191131816,
    "win_rate_days": 0.28771929824561404,
    "monthly_win_rate": 0.7333333333333333,
    "n_days": 285,
    "n_months": 15,
    "label": "5d: th=0.62 pos=5 tp=5%",
    "period": "test_2025_2026"
  },
  "5d: th=0.62 pos=5 tp=5% | full_2022_2026": {
    "cagr": 0.14547542598834573,
    "sharpe": 1.960814235677027,
    "max_dd": -0.07861592169776953,
    "total_return": 0.7244290016423975,
    "win_rate_days": 0.27596439169139464,
    "monthly_win_rate": 0.6274509803921569,
    "n_days": 1011,
    "n_months": 51,
    "label": "5d: th=0.62 pos=5 tp=5%",
    "period": "full_2022_2026"
  },
  "5d: th=0.64 pos=3 tp=5% | opt_2022_2024": {
    "cagr": 0.17709757267876713,
    "sharpe": 2.218369729707275,
    "max_dd": -0.04236476756200235,
    "total_return": 0.5995850524337865,
    "win_rate_days": 0.25068870523415976,
    "monthly_win_rate": 0.5833333333333334,
    "n_days": 726,
    "n_months": 36,
    "label": "5d: th=0.64 pos=3 tp=5%",
    "period": "opt_2022_2024"
  },
  "5d: th=0.64 pos=3 tp=5% | test_2025_2026": {
    "cagr": 0.2125213332534246,
    "sharpe": 2.51417734428763,
    "max_dd": -0.029312093473753003,
    "total_return": 0.2435083705973473,
    "win_rate_days": 0.25263157894736843,
    "monthly_win_rate": 0.6666666666666666,
    "n_days": 285,
    "n_months": 15,
    "label": "5d: th=0.64 pos=3 tp=5%",
    "period": "test_2025_2026"
  },
  "5d: th=0.64 pos=3 tp=5% | full_2022_2026": {
    "cagr": 0.18697742057980804,
    "sharpe": 2.3048492715016797,
    "max_dd": -0.04236476756200235,
    "total_return": 0.989097402183809,
    "win_rate_days": 0.2512363996043521,
    "monthly_win_rate": 0.6078431372549019,
    "n_days": 1011,
    "n_months": 51,
    "label": "5d: th=0.64 pos=3 tp=5%",
    "period": "full_2022_2026"
  }
}