{
  "1d": {
    "validation": {
      "total_return": 485961.5749317859,
      "annual_return": 4.682678615907371,
      "sharpe": 9.31710742136786,
      "max_drawdown": -0.23062447771118674,
      "win_rate": 0.5133149678604224,
      "n_trades": 2178,
      "avg_return_per_trade": 0.018582057999632424,
      "median_return_per_trade": 0.0036230177661186217,
      "trades_per_year": 756.0,
      "n_entry_days": 726,
      "n_trading_days": 726,
      "holding_days": 1,
      "threshold": 0.32,
      "stop_loss": 0.03,
      "take_profit": 0.2,
      "max_positions": 3
    },
    "test": {
      "total_return": 64.41105973858302,
      "annual_return": 3.8232933414361954,
      "sharpe": 7.813920533619213,
      "max_drawdown": -0.13571797940410646,
      "win_rate": 0.4865497076023392,
      "n_trades": 855,
      "avg_return_per_trade": 0.015171798973953158,
      "median_return_per_trade": -0.003,
      "trades_per_year": 756.0,
      "n_entry_days": 285,
      "n_trading_days": 285,
      "holding_days": 1,
      "threshold": 0.32,
      "stop_loss": 0.03,
      "take_profit": 0.2,
      "max_positions": 3
    }
  },
  "5d": {
    "validation": {
      "total_return": 26.753579518073543,
      "annual_return": 1.1951641334035892,
      "sharpe": 4.325376344586965,
      "max_drawdown": -0.17859874750336735,
      "win_rate": 0.4977168949771689,
      "n_trades": 438,
      "avg_return_per_trade": 0.023583636683273693,
      "median_return_per_trade": -0.003,
      "trades_per_year": 152.03305785123968,
      "n_entry_days": 146,
      "n_trading_days": 726,
      "holding_days": 5,
      "threshold": 0.3,
      "stop_loss": 0.03,
      "take_profit": 0.2,
      "max_positions": 3
    },
    "test": {
      "total_return": 1.6142774449550483,
      "annual_return": 0.88968927668497,
      "sharpe": 3.2053021724328903,
      "max_drawdown": -0.12429969863579778,
      "win_rate": 0.4269005847953216,
      "n_trades": 171,
      "avg_return_per_trade": 0.017652565013590676,
      "median_return_per_trade": -0.018480984340044745,
      "trades_per_year": 151.2,
      "n_entry_days": 57,
      "n_trading_days": 285,
      "holding_days": 5,
      "threshold": 0.3,
      "stop_loss": 0.03,
      "take_profit": 0.2,
      "max_positions": 3
    }
  },
  "28d": {
    "validation": {
      "total_return": 2.289874432743729,
      "annual_return": 0.42818994692119977,
      "sharpe": 3.03749413963901,
      "max_drawdown": -0.05380323695605105,
      "win_rate": 0.5833333333333334,
      "n_trades": 48,
      "avg_return_per_trade": 0.0770996779426565,
      "median_return_per_trade": 0.061105864928090114,
      "trades_per_year": 16.66115702479339,
      "n_entry_days": 26,
      "n_trading_days": 726,
      "holding_days": 28,
      "threshold": 0.5,
      "stop_loss": 0.03,
      "take_profit": 0.2,
      "max_positions": 3
    },
    "test": {
      "total_return": -0.00949257253438851,
      "annual_return": -0.005558643482838807,
      "sharpe": -0.0722311216081486,
      "max_drawdown": -0.052731500663256665,
      "win_rate": 0.23076923076923078,
      "n_trades": 13,
      "avg_return_per_trade": -0.0014507448650266119,
      "median_return_per_trade": -0.033,
      "trades_per_year": 11.494736842105263,
      "n_entry_days": 11,
      "n_trading_days": 285,
      "holding_days": 28,
      "threshold": 0.5,
      "stop_loss": 0.03,
      "take_profit": 0.2,
      "max_positions": 3
    }
  }
}