{
  "1d_v2: th=0.5 pos=3 no-sl | validation_2022_2024": {
    "cagr": 0.2799573246752076,
    "sharpe": 1.054893184693667,
    "max_dd": -0.29931296092758053,
    "total_return": 1.0362218908019276,
    "win_rate_days": 0.4972451790633609,
    "monthly_win_rate": 0.6388888888888888,
    "n_days": 726,
    "n_months": 36,
    "avg_capital_utilization": 0.6574839302112029,
    "avg_daily_positions": 3.9449035812672175,
    "days_zero_positions": 36,
    "total_trades": 2953,
    "trades_per_day": 4.067493112947658,
    "label": "1d_v2: th=0.5 pos=3 no-sl",
    "period": "validation_2022_2024",
    "threshold": 0.5,
    "max_pos": 3,
    "stop_loss": 0.0
  },
  "1d_v2: th=0.5 pos=3 no-sl | test_2025_2026": {
    "cagr": 0.9491069268243348,
    "sharpe": 2.8704246037809127,
    "max_dd": -0.13312321394886445,
    "total_return": 1.1271118905610287,
    "win_rate_days": 0.5017543859649123,
    "monthly_win_rate": 0.7333333333333333,
    "n_days": 285,
    "n_months": 15,
    "avg_capital_utilization": 0.5637426900584795,
    "avg_daily_positions": 3.382456140350877,
    "days_zero_positions": 24,
    "total_trades": 2953,
    "trades_per_day": 10.36140350877193,
    "label": "1d_v2: th=0.5 pos=3 no-sl",
    "period": "test_2025_2026",
    "threshold": 0.5,
    "max_pos": 3,
    "stop_loss": 0.0
  },
  "1d_v2: th=0.5 pos=3 no-sl | full_2022_2026": {
    "cagr": 0.4410584378900908,
    "sharpe": 1.5289952853827427,
    "max_dd": -0.29931296092758053,
    "total_return": 3.3312717957454403,
    "win_rate_days": 0.49851632047477745,
    "monthly_win_rate": 0.6666666666666666,
    "n_days": 1011,
    "n_months": 51,
    "avg_capital_utilization": 0.6310583580613254,
    "avg_daily_positions": 3.7863501483679527,
    "days_zero_positions": 60,
    "total_trades": 2953,
    "trades_per_day": 2.9208704253214637,
    "label": "1d_v2: th=0.5 pos=3 no-sl",
    "period": "full_2022_2026",
    "threshold": 0.5,
    "max_pos": 3,
    "stop_loss": 0.0
  },
  "1d_v2: th=0.55 pos=3 no-sl | validation_2022_2024": {
    "cagr": 0.32562679619890056,
    "sharpe": 1.3099778292360336,
    "max_dd": -0.2854370723050681,
    "total_return": 1.2526299900837867,
    "win_rate_days": 0.45179063360881544,
    "monthly_win_rate": 0.6944444444444444,
    "n_days": 726,
    "n_months": 36,
    "avg_capital_utilization": 0.49357208448117534,
    "avg_daily_positions": 2.961432506887052,
    "days_zero_positions": 114,
    "total_trades": 2406,
    "trades_per_day": 3.3140495867768593,
    "label": "1d_v2: th=0.55 pos=3 no-sl",
    "period": "validation_2022_2024",
    "threshold": 0.55,
    "max_pos": 3,
    "stop_loss": 0.0
  },
  "1d_v2: th=0.55 pos=3 no-sl | test_2025_2026": {
    "cagr": 0.8785555037975266,
    "sharpe": 2.8727579792397924,
    "max_dd": -0.12458510875024656,
    "total_return": 1.0402432049460235,
    "win_rate_days": 0.4842105263157895,
    "monthly_win_rate": 0.8,
    "n_days": 285,
    "n_months": 15,
    "avg_capital_utilization": 0.49298245614035086,
    "avg_daily_positions": 2.957894736842105,
    "days_zero_positions": 36,
    "total_trades": 2406,
    "trades_per_day": 8.442105263157895,
    "label": "1d_v2: th=0.55 pos=3 no-sl",
    "period": "test_2025_2026",
    "threshold": 0.55,
    "max_pos": 3,
    "stop_loss": 0.0
  },
  "1d_v2: th=0.55 pos=3 no-sl | full_2022_2026": {
    "cagr": 0.4625192016733608,
    "sharpe": 1.7389728849831798,
    "max_dd": -0.2854370723050681,
    "total_return": 3.5959130305260745,
    "win_rate_days": 0.4609297725024728,
    "monthly_win_rate": 0.7254901960784313,
    "n_days": 1011,
    "n_months": 51,
    "avg_capital_utilization": 0.4934058687767887,
    "avg_daily_positions": 2.960435212660732,
    "days_zero_positions": 150,
    "total_trades": 2406,
    "trades_per_day": 2.379821958456973,
    "label": "1d_v2: th=0.55 pos=3 no-sl",
    "period": "full_2022_2026",
    "threshold": 0.55,
    "max_pos": 3,
    "stop_loss": 0.0
  },
  "1d_v2: th=0.6 pos=3 no-sl | validation_2022_2024": {
    "cagr": 0.2424473237749032,
    "sharpe": 1.154596854983403,
    "max_dd": -0.2850112789999142,
    "total_return": 0.8690046642903901,
    "win_rate_days": 0.33746556473829203,
    "monthly_win_rate": 0.6944444444444444,
    "n_days": 726,
    "n_months": 36,
    "avg_capital_utilization": 0.3248393021120293,
    "avg_daily_positions": 1.9490358126721763,
    "days_zero_positions": 277,
    "total_trades": 1595,
    "trades_per_day": 2.196969696969697,
    "label": "1d_v2: th=0.6 pos=3 no-sl",
    "period": "validation_2022_2024",
    "threshold": 0.6,
    "max_pos": 3,
    "stop_loss": 0.0
  },
  "1d_v2: th=0.6 pos=3 no-sl | test_2025_2026": {
    "cagr": 0.5829931310662568,
    "sharpe": 2.3969932151882394,
    "max_dd": -0.0962843613006001,
    "total_return": 0.6811299461195492,
    "win_rate_days": 0.4070175438596491,
    "monthly_win_rate": 0.7333333333333333,
    "n_days": 285,
    "n_months": 15,
    "avg_capital_utilization": 0.33274853801169585,
    "avg_daily_positions": 1.9964912280701754,
    "days_zero_positions": 84,
    "total_trades": 1595,
    "trades_per_day": 5.5964912280701755,
    "label": "1d_v2: th=0.6 pos=3 no-sl",
    "period": "test_2025_2026",
    "threshold": 0.6,
    "max_pos": 3,
    "stop_loss": 0.0
  },
  "1d_v2: th=0.6 pos=3 no-sl | full_2022_2026": {
    "cagr": 0.3302524455292395,
    "sharpe": 1.496574460011225,
    "max_dd": -0.2850112789999142,
    "total_return": 2.1420397105756996,
    "win_rate_days": 0.3570722057368942,
    "monthly_win_rate": 0.7058823529411765,
    "n_days": 1011,
    "n_months": 51,
    "avg_capital_utilization": 0.3270689086712825,
    "avg_daily_positions": 1.9624134520276955,
    "days_zero_positions": 361,
    "total_trades": 1595,
    "trades_per_day": 1.5776458951533137,
    "label": "1d_v2: th=0.6 pos=3 no-sl",
    "period": "full_2022_2026",
    "threshold": 0.6,
    "max_pos": 3,
    "stop_loss": 0.0
  },
  "1d_v2: th=0.55 pos=5 no-sl | validation_2022_2024": {
    "cagr": 0.2498188530235501,
    "sharpe": 1.219874383152848,
    "max_dd": -0.23731614368194612,
    "total_return": 0.9011299397706969,
    "win_rate_days": 0.46143250688705234,
    "monthly_win_rate": 0.6666666666666666,
    "n_days": 726,
    "n_months": 36,
    "avg_capital_utilization": 0.43746556473829207,
    "avg_daily_positions": 4.37465564738292,
    "days_zero_positions": 98,
    "total_trades": 3435,
    "trades_per_day": 4.731404958677686,
    "label": "1d_v2: th=0.55 pos=5 no-sl",
    "period": "validation_2022_2024",
    "threshold": 0.55,
    "max_pos": 5,
    "stop_loss": 0.0
  },
  "1d_v2: th=0.55 pos=5 no-sl | test_2025_2026": {
    "cagr": 0.5620009403587782,
    "sharpe": 2.541916716213341,
    "max_dd": -0.08466271665803024,
    "total_return": 0.6559389336786747,
    "win_rate_days": 0.5263157894736842,
    "monthly_win_rate": 0.8,
    "n_days": 285,
    "n_months": 15,
    "avg_capital_utilization": 0.42315789473684207,
    "avg_daily_positions": 4.231578947368421,
    "days_zero_positions": 27,
    "total_trades": 3435,
    "trades_per_day": 12.052631578947368,
    "label": "1d_v2: th=0.55 pos=5 no-sl",
    "period": "test_2025_2026",
    "threshold": 0.55,
    "max_pos": 5,
    "stop_loss": 0.0
  },
  "1d_v2: th=0.55 pos=5 no-sl | full_2022_2026": {
    "cagr": 0.3308973238928814,
    "sharpe": 1.5677304536699581,
    "max_dd": -0.23731614368194612,
    "total_return": 2.148155085248494,
    "win_rate_days": 0.4797230464886251,
    "monthly_win_rate": 0.7058823529411765,
    "n_days": 1011,
    "n_months": 51,
    "avg_capital_utilization": 0.4334322453016815,
    "avg_daily_positions": 4.334322453016815,
    "days_zero_positions": 125,
    "total_trades": 3435,
    "trades_per_day": 3.397626112759644,
    "label": "1d_v2: th=0.55 pos=5 no-sl",
    "period": "full_2022_2026",
    "threshold": 0.55,
    "max_pos": 5,
    "stop_loss": 0.0
  },
  "1d_v2: th=0.55 pos=10 no-sl | validation_2022_2024": {
    "cagr": 0.1984505811099686,
    "sharpe": 1.1034058605364874,