{
  "5d: th=0.50 pos=3 tp=5% | opt_2022_2024": {
    "cagr": -0.05120181136292601,
    "sharpe": -0.14203659466241678,
    "max_dd": -0.4173305847764344,
    "total_return": -0.14051373689278124,
    "win_rate_days": 0.4738292011019284,
    "monthly_win_rate": 0.4444444444444444,
    "n_days": 726,
    "n_months": 36,
    "label": "5d: th=0.50 pos=3 tp=5%",
    "period": "opt_2022_2024"
  },
  "5d: th=0.50 pos=3 tp=5% | test_2025_2026": {
    "cagr": 0.16510870793097898,
    "sharpe": 0.8316899479044386,
    "max_dd": -0.20188556308959527,
    "total_return": 0.18865902616024877,
    "win_rate_days": 0.5052631578947369,
    "monthly_win_rate": 0.5333333333333333,
    "n_days": 285,
    "n_months": 15,
    "label": "5d: th=0.50 pos=3 tp=5%",
    "period": "test_2025_2026"
  },
  "5d: th=0.50 pos=3 tp=5% | full_2022_2026": {
    "cagr": 0.005349721136308272,
    "sharpe": 0.13116851648565994,
    "max_dd": -0.4173305847764344,
    "total_return": 0.021636104503139242,
    "win_rate_days": 0.4826904055390702,
    "monthly_win_rate": 0.47058823529411764,
    "n_days": 1011,
    "n_months": 51,
    "label": "5d: th=0.50 pos=3 tp=5%",
    "period": "full_2022_2026"
  },
  "5d: th=0.55 pos=3 tp=5% | opt_2022_2024": {
    "cagr": -0.011175093113682366,
    "sharpe": 0.0353830659637181,
    "max_dd": -0.37082280733761985,
    "total_return": -0.031857656269435486,
    "win_rate_days": 0.4201101928374656,
    "monthly_win_rate": 0.5,
    "n_days": 726,
    "n_months": 36,
    "label": "5d: th=0.55 pos=3 tp=5%",
    "period": "opt_2022_2024"
  },
  "5d: th=0.55 pos=3 tp=5% | test_2025_2026": {
    "cagr": 0.228809238069279,
    "sharpe": 1.1697859539758138,
    "max_dd": -0.1820979735405563,
    "total_return": 0.26241652784563874,
    "win_rate_days": 0.47719298245614034,
    "monthly_win_rate": 0.5333333333333333,
    "n_days": 285,
    "n_months": 15,
    "label": "5d: th=0.55 pos=3 tp=5%",
    "period": "test_2025_2026"
  },
  "5d: th=0.55 pos=3 tp=5% | full_2022_2026": {
    "cagr": 0.0512858681118753,
    "sharpe": 0.3586651242215147,
    "max_dd": -0.37082280733761985,
    "total_return": 0.22219889603267728,
    "win_rate_days": 0.4362017804154303,
    "monthly_win_rate": 0.5098039215686274,
    "n_days": 1011,
    "n_months": 51,
    "label": "5d: th=0.55 pos=3 tp=5%",
    "period": "full_2022_2026"
  },
  "5d: th=0.60 pos=3 tp=5% | opt_2022_2024": {
    "cagr": 0.008637073661825756,
    "sharpe": 0.13473027957107164,
    "max_dd": -0.35043473706108585,
    "total_return": 0.025085634091837727,
    "win_rate_days": 0.33884297520661155,
    "monthly_win_rate": 0.5277777777777778,
    "n_days": 726,
    "n_months": 36,
    "label": "5d: th=0.60 pos=3 tp=5%",
    "period": "opt_2022_2024"
  },
  "5d: th=0.60 pos=3 tp=5% | test_2025_2026": {
    "cagr": 0.18329815688241902,
    "sharpe": 1.1979277936553103,
    "max_dd": -0.16747645210453088,
    "total_return": 0.20966759289209058,
    "win_rate_days": 0.40350877192982454,
    "monthly_win_rate": 0.4666666666666667,
    "n_days": 285,
    "n_months": 15,
    "label": "5d: th=0.60 pos=3 tp=5%",
    "period": "test_2025_2026"
  },
  "5d: th=0.60 pos=3 tp=5% | full_2022_2026": {
    "cagr": 0.05508449532461368,
    "sharpe": 0.4155592074498352,
    "max_dd": -0.35043473706108585,
    "total_return": 0.24001287150013595,
    "win_rate_days": 0.3570722057368942,
    "monthly_win_rate": 0.5098039215686274,
    "n_days": 1011,
    "n_months": 51,
    "label": "5d: th=0.60 pos=3 tp=5%",
    "period": "full_2022_2026"
  },
  "5d: th=0.50 pos=3 sl=-10% tp=5% | opt_2022_2024": {
    "cagr": -0.052112028398571986,
    "sharpe": -0.23037023412786273,
    "max_dd": -0.32768813960793836,
    "total_return": -0.14288704559154075,
    "win_rate_days": 0.4628099173553719,
    "monthly_win_rate": 0.4166666666666667,
    "n_days": 726,
    "n_months": 36,
    "label": "5d: th=0.50 pos=3 sl=-10% tp=5%",
    "period": "opt_2022_2024"
  },
  "5d: th=0.50 pos=3 sl=-10% tp=5% | test_2025_2026": {
    "cagr": 0.09807248811858704,
    "sharpe": 0.5926225353880179,
    "max_dd": -0.18373497741445036,
    "total_return": 0.11160819067637506,
    "win_rate_days": 0.5052631578947369,
    "monthly_win_rate": 0.6666666666666666,
    "n_days": 285,
    "n_months": 15,
    "label": "5d: th=0.50 pos=3 sl=-10% tp=5%",
    "period": "test_2025_2026"
  },
  "5d: th=0.50 pos=3 sl=-10% tp=5% | full_2022_2026": {
    "cagr": -0.011986143339654753,
    "sharpe": 0.018531453959484814,
    "max_dd": -0.32768813960793836,
    "total_return": -0.04722621954473116,
    "win_rate_days": 0.47477744807121663,
    "monthly_win_rate": 0.49019607843137253,
    "n_days": 1011,
    "n_months": 51,
    "label": "5d: th=0.50 pos=3 sl=-10% tp=5%",
    "period": "full_2022_2026"
  },
  "5d: th=0.50 pos=3 no-sltp | opt_2022_2024": {
    "cagr": 0.1604859982844289,
    "sharpe": 0.676452427086497,
    "max_dd": -0.43004145661600385,
    "total_return": 0.5354104351989055,
    "win_rate_days": 0.5027548209366391,
    "monthly_win_rate": 0.4722222222222222,
    "n_days": 726,
    "n_months": 36,
    "label": "5d: th=0.50 pos=3 no-sltp",
    "period": "opt_2022_2024"
  },
  "5d: th=0.50 pos=3 no-sltp | test_2025_2026": {
    "cagr": 0.382041680103538,
    "sharpe": 1.2609791245437056,
    "max_dd": -0.23314408755858806,
    "total_return": 0.44185875495432003,
    "win_rate_days": 0.5263157894736842,
    "monthly_win_rate": 0.6,
    "n_days": 285,
    "n_months": 15,
    "label": "5d: th=0.50 pos=3 no-sltp",
    "period": "test_2025_2026"
  },
  "5d: th=0.50 pos=3 no-sltp | full_2022_2026": {
    "cagr": 0.21907593369088807,
    "sharpe": 0.8468801470692009,
    "max_dd": -0.43004145661600385,
    "total_return": 1.2138449784397656,
    "win_rate_days": 0.5093966369930761,
    "monthly_win_rate": 0.5098039215686274,
    "n_days": 1011,
    "n_months": 51,
    "label": "5d: th=0.50 pos=3 no-sltp",
    "period": "full_2022_2026"
  },
  "5d: th=0.60 pos=3 no-sltp | opt_2022_2024": {
    "cagr": 0.13472810313330696,
    "sharpe": 0.6928257783212549,
    "max_dd": -0.4060090482309246,
    "total_return": 0.4392647645994183,
    "win_rate_days": 0.371900826446281,
    "monthly_win_rate": 0.5833333333333334,
    "n_days": 726,
    "n_months": 36,
    "label": "5d: th=0.60 pos=3 no-sltp",
    "period": "opt_2022_2024"
  },
  "5d: th=0.60 pos=3 no-sltp | test_2025_2026": {
    "cagr": 0.2703765335202939,
    "sharpe": 1.1851699153265798,
    "max_dd": -0.19407629560724274,
    "total_return": 0.310818814556852,
    "win_rate_days": 0.4,
    "monthly_win_rate": 0.6,
    "n_days": 285,
    "n_months": 15,
    "label": "5d: th=0.60 pos=3 no-sltp",
    "period": "test_2025_2026"
  },
  "5d: th=0.60 pos=3 no-sltp | full_2022_2026": {
    "cagr": 0.17142995963442464,
    "sharpe": 0.8347948789854033,
    "max_dd": -0.4060090482309246,
    "total_return": 0.8866153325656572,
    "win_rate_days": 0.3798219584569733,
    "monthly_win_rate": 0.5882352941176471,
    "n_days": 1011,
    "n_months": 51,
    "label": "5d: th=0.60 pos=3 no-sltp",
    "period": "full_2022_2026"
  },
  "28d: th=0.40 pos=3 tp=15% | opt_2022_2024": {
    "cagr": -0.2810382157993757,
    "sharpe": -1.8468092129294524,
    "max_dd": -0.6952498033442865,
    "total_return": -0.6134761898837039,
    "win_rate_days": 0.4669421487603306,
    "monthly_win_rate": 0.3888888888888889,
    "n_days": 726,
    "n_months": 36,
    "label": "28d: th=0.40 pos=3 tp=15%",
    "period": "opt_2022_2024"
  },
  "28d: th=0.40 pos=3 tp=15% | test_2025_2026": {
    "cagr": -0.25642242669435567,
    "sharpe": -1.740103662152333,
    "max_dd": -0.3281269418347282,
    "total_return": -0.2847198826805254,
    "win_rate_days": 0.45964912280701753,
    "monthly_win_rate": 0.26666666666666666,
    "n_days": 285,
    "n_months": 15,
    "label": "28d: th=0.40 pos=3 tp=15%",
    "period": "test_2025_2026"
  },
  "28d: th=0.40 pos=3 tp=15% | full_2022_2026": {
    "cagr": -0.27418271635356684,
    "sharpe": -1.818178263566947,