{
  "best_params": {
    "threshold": 0.5800000000000003,
    "max_positions": 1
  },
  "opt_results": {
    "cagr": 6.157651806651281,
    "sharpe": 2.397890395639808,
    "max_drawdown": -0.4898391733220937,
    "total_return": 17.85263060920663,
    "win_rate": 0.5824468085106383,
    "n_trades": 376,
    "avg_return": 0.010081512326922656,
    "n_days": 376,
    "avg_win": 0.054273099935519514,
    "avg_loss": -0.05156153026086532,
    "pct_big_loss": 0.18085106382978725,
    "pct_big_win": 0.2127659574468085
  },
  "val_results": {
    "cagr": -0.20801729455828988,
    "sharpe": 0.18964571470062763,
    "max_drawdown": -0.296063235661686,
    "total_return": -0.02738190524145301,
    "win_rate": 0.43333333333333335,
    "n_trades": 30,
    "avg_return": 0.0006828243849188047,
    "n_days": 30,
    "avg_win": 0.05375469544068052,
    "avg_loss": -0.039901547598898975,
    "pct_big_loss": 0.3,
    "pct_big_win": 0.13333333333333333
  }
}